player_id,surface,matches,wins,losses,win_rate,surface_elo,surface_elo_rank
100116,Hard,1,0,1,0.0,1490.237104789938,1581
100119,Hard,3,1,2,0.3333,1486.9493054427257,2184
100119,Clay,2,0,2,0.0,1477.3094094519156,2235
100126,Hard,1,0,1,0.0,1490.0519544396977,1600
100144,Hard,2,1,1,0.5,1500.01425892581,1138
100149,Hard,1,0,1,0.0,1488.4945542859562,1765
100179,Hard,2,1,1,0.5,1500.0,1142
100221,Hard,6,1,5,0.1667,1461.941109505725,3061
100221,Clay,5,0,5,0.0,1445.8628888624844,2894
100221,Carpet,2,1,1,0.5,1500.0,465
100221,Grass,2,1,1,0.5,1500.0152168944003,521
100224,Clay,2,0,2,0.0,1476.1779705713377,2334
100240,Hard,9,3,6,0.3333,1465.0923612532265,2983
100240,Clay,6,1,5,0.1667,1451.6790901688346,2846
100240,Carpet,4,3,1,0.75,1523.572377345758,198
100241,Hard,3,0,3,0.0,1463.7092658117626,3033
100241,Carpet,1,0,1,0.0,1488.2100281508676,714
100244,Hard,3,0,3,0.0,1464.8893991461375,2992
100244,Grass,2,0,2,0.0,1475.638238211322,1239
100244,Clay,1,0,1,0.0,1487.282110080593,1866
100252,Grass,9,5,4,0.5556,1512.7364054892814,358
100252,Hard,8,2,6,0.25,1457.9526643584102,3121
100252,Carpet,5,2,3,0.4,1490.0523839034672,617
100252,Clay,1,0,1,0.0,1488.2318432615828,1633
100253,Hard,24,10,14,0.4167,1477.1259478367572,2589
100253,Grass,19,12,7,0.6316,1551.208060667482,179
100253,Carpet,9,2,7,0.2222,1451.7699655963993,1304
100253,Clay,1,0,1,0.0,1487.0999603835016,1879
100255,Carpet,1,0,1,0.0,1487.585699413623,842
100259,Clay,2,0,2,0.0,1475.5913557732954,2375
100272,Carpet,4,2,2,0.5,1499.6281334311313,479
100272,Clay,1,0,1,0.0,1489.5776530516318,1459
100273,Hard,3,1,2,0.3333,1490.5681525017806,1553
100273,Grass,2,1,1,0.5,1499.161136308358,543
100273,Carpet,1,0,1,0.0,1488.7882390412424,673
100276,Hard,16,5,11,0.3125,1450.6897089538984,3242
100276,Carpet,15,4,11,0.2667,1431.0752986610237,1349
100276,Clay,7,3,4,0.4286,1490.7800258516002,1379
100276,Grass,5,2,3,0.4,1490.2448957979718,700
100280,Carpet,21,8,13,0.381,1465.9750576844217,1206
100280,Hard,17,5,12,0.2941,1433.0800170571163,3400
100280,Clay,10,3,7,0.3,1469.3377179342829,2533
100280,Grass,6,3,3,0.5,1502.4350513419386,466
100281,Hard,1,0,1,0.0,1491.977790266102,1470
100282,Clay,120,66,54,0.55,1528.2878527801013,441
100282,Hard,9,1,8,0.1111,1422.4105583795172,3449
100282,Grass,1,0,1,0.0,1488.79522657351,779
100284,Hard,222,161,61,0.7252,1685.3110189778404,69
100284,Carpet,71,43,28,0.6056,1547.885637676416,128
100284,Grass,42,30,12,0.7143,1630.1623575016156,61
100284,Clay,42,25,17,0.5952,1559.9749403910835,265
100286,Hard,11,3,8,0.2727,1453.6060291197437,3203
100286,Clay,11,5,6,0.4545,1495.7880885340956,1179
100286,Grass,1,0,1,0.0,1488.7277054805495,785
100292,Clay,3,1,2,0.3333,1490.6450829787843,1388
100300,Clay,17,6,11,0.3529,1452.9017042377,2824
100300,Hard,6,3,3,0.5,1507.7446268440358,903
100307,Clay,1,0,1,0.0,1486.4270166746724,1932
100315,Hard,22,11,11,0.5,1495.7766566695507,1295
100315,Grass,4,1,3,0.25,1478.8606157938664,1143
100315,Carpet,1,0,1,0.0,1489.5801403877358,633
100321,Grass,44,26,18,0.5909,1556.4794170364992,164
100321,Hard,34,12,22,0.3529,1446.6514367671198,3284
100321,Carpet,12,4,8,0.3333,1459.717711191562,1249
100321,Clay,9,1,8,0.1111,1445.9120397923546,2893
100323,Clay,10,2,8,0.2,1438.4654482525311,2943
100323,Hard,6,2,4,0.3333,1479.3495306849416,2465
100323,Grass,2,0,2,0.0,1476.0142917836072,1223
100326,Hard,22,11,11,0.5,1495.7892565225513,1294
100326,Grass,16,7,9,0.4375,1476.9764406923973,1187
100326,Carpet,7,3,4,0.4286,1485.8687311250278,933
100326,Clay,1,0,1,0.0,1487.5513949680847,1829
100330,Clay,2,0,2,0.0,1476.824755101919,2275
100330,Hard,1,0,1,0.0,1488.414300586377,1778
100332,Clay,25,15,10,0.6,1560.3797685373395,263
100332,Hard,7,2,5,0.2857,1473.322573754374,2793
100332,Carpet,5,2,3,0.4,1490.8200129731576,599
100332,Grass,1,0,1,0.0,1487.186627862611,977
100333,Hard,1,0,1,0.0,1488.0,1868
100337,Grass,17,8,9,0.4706,1494.5167927291054,598
100337,Hard,8,2,6,0.25,1459.0603108695373,3100
100337,Clay,7,3,4,0.4286,1492.900877032154,1268
100337,Carpet,1,0,1,0.0,1492.3545381211554,563
100342,Hard,13,8,5,0.6154,1525.4825793973794,510
100342,Carpet,8,2,6,0.25,1459.8303425463346,1248
100342,Clay,5,0,5,0.0,1446.2825246785183,2889
100342,Grass,3,2,1,0.6667,1511.2544719356924,385
100343,Hard,26,13,13,0.5,1509.5511955690934,866
100343,Grass,16,10,6,0.625,1535.7789597774588,220
100343,Carpet,13,6,7,0.4615,1496.0997596999055,527
100343,Clay,8,3,5,0.375,1486.6617034393241,1919
100356,Clay,61,31,30,0.5082,1541.221729384763,349
100356,Grass,26,16,10,0.6154,1552.135498314213,177
100356,Hard,15,4,11,0.2667,1450.0896733289946,3247
100356,Carpet,9,3,6,0.3333,1475.3112297652451,1116
100360,Hard,23,11,12,0.4783,1481.5592487583954,2381
100360,Grass,11,5,6,0.4545,1490.483218451666,689
100360,Carpet,11,5,6,0.4545,1515.241123432401,241
100360,Clay,9,4,5,0.4444,1496.693743437545,1163
100362,Carpet,24,12,12,0.5,1502.065252440486,422
100362,Hard,22,5,17,0.2273,1405.0841389088685,3491
100362,Grass,7,2,5,0.2857,1476.034738357403,1222
100362,Clay,1,0,1,0.0,1487.5400607343977,1833
100364,Hard,2,0,2,0.0,1477.073509903943,2596
100367,Clay,1,0,1,0.0,1487.8115080945208,1782
100368,Clay,6,1,5,0.1667,1456.3923942062988,2783
100368,Hard,6,6,0,1.0,1565.7132543630742,277
100377,Hard,7,2,5,0.2857,1466.2703250749025,2946
100377,Grass,7,1,6,0.1429,1451.5300942777988,1498
100377,Clay,1,0,1,0.0,1490.4166512012307,1405
100383,Clay,6,1,5,0.1667,1466.6812945279166,2604
100383,Grass,5,1,4,0.2,1464.7085541994866,1393
100383,Carpet,3,2,1,0.6667,1511.0417187865423,334
100383,Hard,3,2,1,0.6667,1510.8833770082144,828
100390,Clay,17,4,13,0.2353,1425.395227011812,3002
100390,Carpet,3,0,3,0.0,1464.451533350149,1219
100390,Grass,1,0,1,0.0,1488.827614673444,774
100393,Clay,9,5,4,0.5556,1514.3662557697114,627
100393,Hard,1,1,0,1.0,1512.0,726
100395,Clay,52,23,29,0.4423,1484.7483114462261,1980
100395,Hard,12,5,7,0.4167,1484.0950137433188,2311
100395,Carpet,3,2,1,0.6667,1513.541684328062,254
100395,Grass,3,1,2,0.3333,1492.2638004164678,643
100398,Hard,10,3,7,0.3,1460.107391891846,3088
100398,Clay,9,1,8,0.1111,1429.7259067323293,2980
100401,Clay,4,3,1,0.75,1520.3824718027386,554
100401,Hard,3,1,2,0.3333,1489.6267761846111,1639
100402,Carpet,16,6,10,0.375,1456.7556027482428,1269
100402,Grass,13,4,9,0.3077,1445.4830676310935,1534
100402,Hard,10,0,10,0.0,1405.8187298269916,3488
100402,Clay,3,0,3,0.0,1466.128695813097,2612
100403,Clay,5,2,3,0.4,1491.3158714825624,1348
100403,Hard,3,2,1,0.6667,1511.2942173982817,812
100411,Clay,34,14,20,0.4118,1468.5309082689619,2555
100411,Hard,19,7,12,0.3684,1473.9291353060362,2778
100411,Carpet,13,5,8,0.3846,1471.545820203625,1157
100411,Grass,2,0,2,0.0,1476.0537108599513,1221
100417,Clay,31,12,19,0.3871,1457.7248463700248,2767
100417,Hard,5,1,4,0.2,1465.5309581207973,2969
100417,Grass,1,0,1,0.0,1488.0315620453734,836
100422,Hard,1,0,1,0.0,1488.0,1863
100426,Hard,3,1,2,0.3333,1488.744770940463,1739
100426,Clay,2,0,2,0.0,1476.675409903648,2290
100426,Carpet,1,0,1,0.0,1487.3172931666013,874
100427,Clay,2,1,1,0.5,1500.0031421396375,1033
100428,Carpet,3,2,1,0.6667,1510.842184783436,337
100428,Clay,1,0,1,0.0,1492.4726128533873,1295
100431,Clay,36,15,21,0.4167,1502.4238141731178,941
100431,Hard,15,4,11,0.2667,1461.4573315509606,3066
100431,Carpet,11,6,5,0.5455,1502.5390729305223,412
100431,Grass,1,0,1,0.0,1488.0,856
100434,Clay,117,68,49,0.5812,1544.6735308345467,328
100434,Hard,66,37,29,0.5606,1564.6415691753211,286
100434,Carpet,49,20,29,0.4082,1438.3700668679837,1342
100434,Grass,11,5,6,0.4545,1495.6114695837823,587
100437,Clay,5,0,5,0.0,1458.9059465006071,2748
100437,Hard,5,0,5,0.0,1443.962839532881,3309
100437,Carpet,2,0,2,0.0,1481.0477670618443,980
100440,Hard,40,13,27,0.325,1425.2128970894519,3437
100440,Grass,39,21,18,0.5385,1520.5070374151749,305
100440,Clay,6,1,5,0.1667,1466.0217481612485,2616
100440,Carpet,5,1,4,0.2,1464.941659060866,1217
100445,Hard,8,1,7,0.125,1451.9615988216947,3230
100445,Carpet,8,2,6,0.25,1465.333764778526,1214
100445,Grass,7,2,5,0.2857,1466.853171826419,1359
100446,Hard,40,16,24,0.4,1469.4684715803703,2874
100446,Carpet,33,16,17,0.4848,1513.5524651311248,253
100446,Grass,26,12,14,0.4615,1489.9012382531262,718
100446,Clay,3,1,2,0.3333,1497.1015792197556,1150
100448,Hard,2,1,1,0.5,1503.3983370387969,995
100449,Clay,20,6,14,0.3,1444.5836495346596,2906
100449,Hard,8,2,6,0.25,1455.8374016750267,3162
100449,Carpet,4,0,4,0.0,1468.4247979066758,1183
100449,Grass,1,0,1,0.0,1488.0,852
100450,Clay,3,0,3,0.0,1464.0661486981396,2674
100450,Hard,2,0,2,0.0,1476.414300586377,2649
100452,Hard,45,17,28,0.3778,1473.6847543645995,2784
100452,Grass,36,20,16,0.5556,1532.6533521831095,232
100452,Carpet,18,8,10,0.4444,1497.6537791029455,509
100452,Clay,7,1,6,0.1429,1454.1701218324797,2808
100454,Hard,2,2,0,1.0,1526.846435404937,498
100460,Clay,40,14,26,0.35,1409.1954455768716,3052
100460,Hard,4,2,2,0.5,1502.0394205750767,1035
100460,Grass,1,0,1,0.0,1488.0,850
100460,Carpet,1,0,1,0.0,1487.2884261358975,877
100470,Clay,1,0,1,0.0,1488.2173190138358,1635
100474,Clay,9,3,6,0.3333,1465.7290206993575,2628
100474,Hard,6,5,1,0.8333,1545.9480317118766,374
100474,Grass,6,3,3,0.5,1499.1124816714023,544
100474,Carpet,1,0,1,0.0,1487.2955018810683,876
100475,Carpet,11,3,8,0.2727,1444.074848486543,1328
100475,Hard,9,3,6,0.3333,1464.2366736301187,3018
100475,Grass,5,1,4,0.2,1465.9982352755906,1373
100475,Clay,4,1,3,0.25,1478.9644159653863,2171
100477,Clay,8,1,7,0.125,1440.1474723793895,2933
100477,Grass,3,1,2,0.3333,1487.2138169454347,974
100477,Hard,3,2,1,0.6667,1514.6057582717397,666
100477,Carpet,2,1,1,0.5,1501.813680753519,425
100485,Hard,11,6,5,0.5455,1515.5644712526223,650
100485,Carpet,10,6,4,0.6,1526.3444516607103,178
100485,Clay,1,0,1,0.0,1489.777768884093,1445
100486,Clay,2,0,2,0.0,1475.1452214185767,2403
100487,Hard,1,0,1,0.0,1488.0,1873
100489,Hard,26,12,14,0.4615,1480.1930337729555,2433
100489,Carpet,10,2,8,0.2,1449.015329938494,1311
100489,Grass,6,2,4,0.3333,1477.2289883453589,1179
100489,Clay,1,0,1,0.0,1494.7448981552343,1208
100490,Clay,38,13,25,0.3421,1426.2827855596743,2997
100490,Hard,18,6,12,0.3333,1463.4956576905424,3038
100490,Carpet,5,0,5,0.0,1450.1733975210605,1308
100490,Grass,2,0,2,0.0,1475.2663017063248,1252
100492,Hard,1,0,1,0.0,1488.0,1869
100496,Hard,1,0,1,0.0,1489.9274651492683,1608
100497,Carpet,1,0,1,0.0,1488.5352705399994,685
100498,Clay,4,2,2,0.5,1499.9573523014014,1043
100502,Hard,22,9,13,0.4091,1467.2792629477299,2923
100502,Carpet,6,3,3,0.5,1504.6233588170164,383
100502,Grass,3,2,1,0.6667,1511.6004507596517,377
100502,Clay,2,0,2,0.0,1476.4138261414932,2315
100503,Clay,2,0,2,0.0,1482.4076522104656,2049
100504,Hard,2,1,1,0.5,1501.9667878096407,1036
100504,Clay,1,0,1,0.0,1487.9223388463909,1763
100515,Hard,20,8,12,0.4,1468.139101651787,2904
100515,Clay,11,5,6,0.4545,1496.8043421790894,1159
100515,Grass,10,4,6,0.4,1480.372280276391,1109
100515,Carpet,9,3,6,0.3333,1475.5845093115017,1111
100517,Hard,14,7,7,0.5,1513.8033862420107,676
100517,Clay,6,2,4,0.3333,1476.3289882900228,2321
100517,Grass,6,3,3,0.5,1499.5318869066555,537
100518,Hard,38,16,22,0.4211,1487.1923974360989,2139
100518,Grass,20,10,10,0.5,1503.032861207701,458
100518,Clay,18,4,14,0.2222,1419.4260009406928,3024
100518,Carpet,11,3,8,0.2727,1458.9865928239994,1254
100519,Hard,8,2,6,0.25,1461.3673786827699,3067
100519,Grass,4,1,3,0.25,1480.4542646266982,1108
100519,Clay,1,0,1,0.0,1488.2063530357818,1637
100520,Carpet,1,0,1,0.0,1488.0,725
100522,Hard,3,2,1,0.6667,1512.8508619141833,698
100522,Carpet,2,1,1,0.5,1499.7490362133308,475
100522,Grass,1,0,1,0.0,1488.026676998328,837
100523,Hard,1,0,1,0.0,1489.4768573483743,1653
100524,Hard,6,0,6,0.0,1438.6327114682247,3356
100524,Carpet,5,2,3,0.4,1491.5420610801305,583
100524,Clay,1,0,1,0.0,1490.715474278689,1383
100526,Clay,2,0,2,0.0,1479.82133490095,2135
100529,Hard,172,98,74,0.5698,1565.410551395032,281
100529,Carpet,104,66,38,0.6346,1586.2846018408402,67
100529,Grass,45,27,18,0.6,1559.28018272121,152
100529,Clay,14,5,9,0.3571,1495.746007160121,1181
100530,Clay,85,44,41,0.5176,1475.492222248033,2381
100530,Grass,17,9,8,0.5294,1514.4257103123084,340
100530,Hard,13,5,8,0.3846,1461.0165395183328,3071
100530,Carpet,6,1,5,0.1667,1458.3875228873912,1258
100532,Hard,124,73,51,0.5887,1564.273139769639,287
100532,Carpet,43,25,18,0.5814,1576.4642432373535,79
100532,Grass,37,22,15,0.5946,1534.2153624995983,224
100532,Clay,18,10,8,0.5556,1535.5658205612656,380
100534,Clay,5,1,4,0.2,1467.136800060151,2595
100534,Carpet,4,0,4,0.0,1454.0931361348657,1293
100534,Grass,4,1,3,0.25,1477.6336160542926,1168
100534,Hard,4,0,4,0.0,1453.6561649780417,3202
100535,Carpet,1,0,1,0.0,1487.2008727011757,887
100535,Grass,1,0,1,0.0,1488.414300586377,805
100536,Clay,144,72,72,0.5,1512.9768993818543,652
100536,Grass,2,0,2,0.0,1476.0,1225
100536,Hard,1,0,1,0.0,1487.4099285036693,2095
100540,Clay,1,0,1,0.0,1486.883474939002,1897
100543,Clay,12,3,9,0.25,1449.000143914697,2864
100543,Hard,4,1,3,0.25,1482.3155034131785,2356
100543,Carpet,2,1,1,0.5,1499.1824456357938,493
100543,Grass,1,0,1,0.0,1488.0,849
100544,Hard,24,9,15,0.375,1471.0892653440812,2834
100544,Clay,14,8,6,0.5714,1519.8866931080672,559
100544,Grass,5,0,5,0.0,1449.5517223789523,1509
100544,Carpet,5,3,2,0.6,1515.820201381753,237
100546,Clay,3,1,2,0.3333,1494.2261696687879,1225
100548,Clay,25,3,22,0.12,1350.8306449417807,3076
100548,Hard,15,6,9,0.4,1485.146161669472,2284
100548,Carpet,3,1,2,0.3333,1487.9360445716918,806
100548,Grass,2,0,2,0.0,1477.7822043391038,1165
100551,Hard,67,24,43,0.3582,1428.2619954460818,3423
100551,Grass,42,24,18,0.5714,1565.8060590286075,142
100551,Carpet,16,6,10,0.375,1464.1429879322432,1223
100551,Clay,9,2,7,0.2222,1458.7886072717615,2752
100553,Hard,65,27,38,0.4154,1480.4626539925932,2421
100553,Grass,33,15,18,0.4545,1468.100283854474,1345
100553,Clay,16,8,8,0.5,1509.130079445871,807
100553,Carpet,13,2,11,0.1538,1416.9329299124022,1362
100555,Clay,41,24,17,0.5854,1548.8813428012,303
100555,Hard,3,1,2,0.3333,1488.7341478697506,1741
100556,Hard,5,1,4,0.2,1470.3476248752931,2854
100556,Grass,1,0,1,0.0,1486.7989970122019,1008
100560,Hard,2,1,1,0.5,1502.9606587479766,1008
100562,Hard,7,2,5,0.2857,1466.6398726496839,2937
100562,Carpet,4,1,3,0.25,1480.7773883612283,984
100562,Grass,2,0,2,0.0,1476.4424211073674,1205
100562,Clay,1,0,1,0.0,1488.1724437349062,1641
100564,Hard,7,3,4,0.4286,1493.4027075516199,1386
100565,Grass,11,4,7,0.3636,1469.1162856674364,1328
100565,Hard,10,3,7,0.3,1469.6965611404476,2867
100565,Carpet,4,1,3,0.25,1475.949526551821,1100
100566,Hard,2,0,2,0.0,1477.2149363507322,2579
100567,Hard,42,17,25,0.4048,1436.4371017939905,3376
100567,Carpet,16,5,11,0.3125,1446.7125236642632,1320
100567,Grass,11,3,8,0.2727,1451.5253606973254,1499
100568,Hard,1,0,1,0.0,1488.0,1858
100569,Hard,2,0,2,0.0,1478.7300657686633,2495
100570,Hard,99,46,53,0.4646,1538.6113662291095,421
100570,Carpet,43,20,23,0.4651,1472.3933403729352,1153
100570,Clay,25,10,15,0.4,1463.523303654723,2684
100570,Grass,21,10,11,0.4762,1491.9178921013163,654
100575,Clay,1,0,1,0.0,1488.0,1669
100578,Hard,2,1,1,0.5,1497.5950700038798,1241
100579,Clay,21,9,12,0.4286,1474.1555143637113,2439
100579,Hard,18,9,9,0.5,1505.2802832841703,947
100579,Carpet,12,4,8,0.3333,1465.536759486864,1210
100579,Grass,8,5,3,0.625,1524.2576695489374,270
100581,Hard,184,142,42,0.7717,1795.9416103056744,18
100581,Carpet,141,107,34,0.7589,1697.1570951694664,18
100581,Clay,40,26,14,0.65,1626.7952298044568,109
100581,Grass,39,29,10,0.7436,1686.5388197826214,31
100585,Hard,1,0,1,0.0,1488.0,1861
100586,Hard,55,33,22,0.6,1583.9101851737084,223
100586,Carpet,34,22,12,0.6471,1583.5847077252592,68
100586,Clay,30,16,14,0.5333,1548.2845117502927,306
100586,Grass,3,1,2,0.3333,1487.5742789521182,938
100587,Hard,31,11,20,0.3548,1460.0205287452247,3090
100587,Clay,10,3,7,0.3,1473.586308011128,2451
100587,Carpet,5,2,3,0.4,1496.148245187173,525
100587,Grass,3,0,3,0.0,1463.6047429892874,1407
100592,Hard,20,9,11,0.45,1508.0920825996538,894
100592,Grass,4,0,4,0.0,1462.8124785595505,1418
100592,Carpet,4,2,2,0.5,1503.336650635496,398
100592,Clay,1,0,1,0.0,1486.484005420181,1929
100595,Clay,17,3,14,0.1765,1406.5234254742331,3056
100595,Hard,8,2,6,0.25,1453.25607183256,3211
100595,Grass,3,1,2,0.3333,1493.7573777858206,612
100595,Carpet,2,1,1,0.5,1503.58207836178,395
100596,Hard,3,0,3,0.0,1465.408575450902,2972
100597,Hard,33,9,24,0.2727,1416.2680729935585,3461
100597,Grass,17,7,10,0.4118,1477.4080504335368,1176
100597,Carpet,9,4,5,0.4444,1487.9928833903723,799
100597,Clay,5,0,5,0.0,1452.0396650374767,2835
100598,Clay,29,9,20,0.3103,1431.6092985706568,2976
100598,Hard,15,5,10,0.3333,1462.0200257845222,3060
100598,Grass,9,4,5,0.4444,1496.7720715912012,571
100598,Carpet,6,1,5,0.1667,1457.063366274179,1266
100599,Clay,2,0,2,0.0,1476.8418548670527,2268
100600,Clay,6,2,4,0.3333,1478.6557016278387,2181
100600,Hard,5,3,2,0.6,1513.211781104608,688
100602,Grass,8,4,4,0.5,1507.2265742961654,412
100602,Hard,3,0,3,0.0,1468.4092741647846,2891
100602,Carpet,2,0,2,0.0,1475.6405560623732,1105
100603,Clay,32,15,17,0.4688,1500.4877199807138,1001
100603,Carpet,8,2,6,0.25,1460.8965684680973,1243
100603,Hard,7,2,5,0.2857,1468.3053266572322,2898
100603,Grass,1,0,1,0.0,1488.563878154021,797
100604,Clay,5,0,5,0.0,1443.2013239611729,2914
100604,Hard,1,0,1,0.0,1488.0,1857
100606,Hard,21,5,16,0.2381,1407.313018948564,3482
100606,Grass,18,6,12,0.3333,1453.0373955449245,1485
100606,Carpet,6,2,4,0.3333,1479.1688571319896,1000
100606,Clay,3,0,3,0.0,1470.5622050044758,2502
100607,Clay,155,80,75,0.5161,1567.773239124502,240
100607,Hard,25,13,12,0.52,1553.09325841042,333
100607,Carpet,10,4,6,0.4,1477.256006823707,1046
100607,Grass,1,0,1,0.0,1492.4364208412296,638
100609,Clay,11,2,9,0.1818,1426.1380757582072,2999
100609,Carpet,7,1,6,0.1429,1443.7464579737434,1329
100609,Hard,2,0,2,0.0,1480.307807264934,2425
100609,Grass,1,0,1,0.0,1488.0,851
100611,Hard,34,11,23,0.3235,1430.035876348987,3415
100611,Clay,31,12,19,0.3871,1460.3685711140688,2733
100611,Carpet,17,8,9,0.4706,1510.4329532419904,344
100611,Grass,6,2,4,0.3333,1491.1444964750197,671
100616,Hard,7,2,5,0.2857,1469.0622694474557,2881
100616,Carpet,3,1,2,0.3333,1490.591590371548,607
100616,Clay,1,0,1,0.0,1488.0,1668
100617,Hard,52,26,26,0.5,1480.213155483756,2430
100617,Grass,23,13,10,0.5652,1529.723551876273,246
100617,Carpet,19,7,12,0.3684,1455.564432861804,1281
100617,Clay,5,1,4,0.2,1469.805966457344,2517
100618,Hard,58,19,39,0.3276,1432.8018194431877,3401
100618,Carpet,36,19,17,0.5278,1542.1226935107895,140
100618,Grass,33,14,19,0.4242,1471.8767571106648,1300
100618,Clay,8,2,6,0.25,1475.4205153257976,2389
100619,Clay,37,14,23,0.3784,1420.208190778602,3020
100619,Grass,2,0,2,0.0,1476.414300586377,1208
100619,Hard,1,0,1,0.0,1487.3582791786214,2104
100620,Clay,16,5,11,0.3125,1464.2258771060963,2668
100623,Grass,6,4,2,0.6667,1521.2935044866022,295
100623,Hard,1,0,1,0.0,1488.0160997990986,1851
100624,Clay,8,3,5,0.375,1485.5753448101975,1960
100624,Hard,5,1,4,0.2,1466.3104513949895,2945
100628,Hard,130,62,68,0.4769,1489.670026281438,1632
100628,Carpet,70,34,36,0.4857,1518.2885799612523,232
100628,Grass,57,33,24,0.5789,1542.1984623868161,196
100628,Clay,47,16,31,0.3404,1449.7652855811634,2859
100630,Clay,5,2,3,0.4,1492.5797149543143,1287
100631,Hard,125,65,60,0.52,1469.4841608536885,2873
100631,Grass,49,27,22,0.551,1519.805242745476,312
100631,Carpet,44,18,26,0.4091,1471.4309287560484,1161
100631,Clay,25,12,13,0.48,1519.912998262131,558
100635,Hard,40,16,24,0.4,1468.2498592581833,2900
100635,Clay,30,15,15,0.5,1504.9957484258268,887
100635,Carpet,20,9,11,0.45,1483.9629030557678,951
100635,Grass,12,9,3,0.75,1570.9067628438163,128
100636,Clay,6,1,5,0.1667,1458.3498035256127,2758
100638,Hard,4,2,2,0.5,1500.4941743144302,1107
100638,Grass,4,2,2,0.5,1501.4185881014032,486
100638,Carpet,2,0,2,0.0,1478.1939140704767,1020
100638,Clay,2,1,1,0.5,1499.6000088421538,1066
100639,Clay,38,15,23,0.3947,1471.2857581319217,2488
100639,Hard,15,6,9,0.4,1474.3754438757235,2765
100639,Carpet,5,2,3,0.4,1489.780306911909,625
100640,Clay,23,9,14,0.3913,1463.4129779529956,2690
100640,Hard,4,1,3,0.25,1476.6248821284023,2636
100640,Grass,2,0,2,0.0,1475.982807436588,1227
100640,Carpet,1,0,1,0.0,1488.0,732
100641,Hard,4,2,2,0.5,1497.7935723638907,1237
100641,Clay,3,1,2,0.3333,1488.0142917836072,1662
100641,Carpet,1,0,1,0.0,1488.4784489894453,692
100644,Hard,504,350,154,0.6944,1909.5884130771396,7
100644,Clay,272,202,70,0.7426,1878.863542585929,7
100644,Grass,83,57,26,0.6867,1712.546711063723,19
100645,Hard,14,4,10,0.2857,1452.1026544015238,3227
100645,Clay,11,4,7,0.3636,1470.8673878051518,2496
100645,Grass,10,3,7,0.3,1450.5276547985695,1503
100645,Carpet,5,2,3,0.4,1490.1374230441986,616
100646,Clay,85,36,49,0.4235,1447.6863252658827,2876
100646,Hard,14,4,10,0.2857,1452.4708066802025,3222
100646,Carpet,7,2,5,0.2857,1468.175214198343,1184
100646,Grass,5,2,3,0.4,1488.0499368401695,834
100647,Hard,1,0,1,0.0,1486.5346383421447,2223
100648,Clay,5,1,4,0.2,1467.5541500358734,2580
100648,Hard,3,2,1,0.6667,1510.0438905535573,851
100649,Hard,1,0,1,0.0,1488.414300586377,1777
100649,Grass,1,0,1,0.0,1487.1597656814592,981
100651,Clay,30,10,20,0.3333,1437.9920850998767,2947
100651,Hard,3,0,3,0.0,1467.0644926391722,2926
100652,Clay,91,36,55,0.3956,1454.1422646173332,2809
100652,Hard,60,29,31,0.4833,1499.9051761480762,1151
100652,Carpet,16,6,10,0.375,1462.4215862224062,1237
100652,Grass,6,0,6,0.0,1441.9561335218054,1549
100653,Clay,222,155,67,0.6982,1678.887096746069,45
100653,Hard,150,95,55,0.6333,1556.1361718044418,315
100653,Carpet,60,30,30,0.5,1555.3345645112795,111
100653,Grass,8,4,4,0.5,1503.8858845081522,441
100656,Hard,318,260,58,0.8176,1734.1901065401498,41
100656,Carpet,164,133,31,0.811,1772.1728203802381,4
100656,Clay,155,128,27,0.8258,1762.9232768303089,19
100656,Grass,69,55,14,0.7971,1731.908973911927,15
100657,Hard,45,19,26,0.4222,1454.8795335386696,3181
100657,Carpet,28,14,14,0.5,1513.853262066522,251
100657,Grass,15,5,10,0.3333,1449.650789582269,1508
100657,Clay,4,1,3,0.25,1483.4178505728332,2022
100660,Hard,38,14,24,0.3684,1429.0873423546248,3418
100660,Carpet,20,9,11,0.45,1496.0316792481935,529
100660,Grass,17,5,12,0.2941,1445.1282203730568,1537
100661,Clay,78,38,40,0.4872,1528.0159051504686,442
100661,Hard,24,9,15,0.375,1462.560189818067,3055
100661,Grass,9,3,6,0.3333,1469.5097996409518,1321
100661,Carpet,6,3,3,0.5,1508.6259819277477,355
100663,Hard,48,22,26,0.4583,1505.5690219342885,937
100663,Clay,11,4,7,0.3636,1478.0405098311955,2204
100663,Grass,9,3,6,0.3333,1478.9265368086503,1141
100663,Carpet,7,2,5,0.2857,1467.6335547024364,1187
100664,Hard,1,0,1,0.0,1487.585699413623,2051
100664,Clay,1,0,1,0.0,1487.2721098117365,1867
100669,Hard,11,3,8,0.2727,1444.9527227465044,3302
100669,Clay,7,2,5,0.2857,1476.2602579608338,2331
100669,Carpet,4,2,2,0.5,1498.924778928365,496
100669,Grass,2,0,2,0.0,1476.7289130411448,1196
100672,Hard,1,0,1,0.0,1487.201328438636,2138
100674,Hard,2,1,1,0.5,1500.0,1144
100674,Grass,1,0,1,0.0,1488.0,847
100676,Hard,128,91,37,0.7109,1718.1140895710344,47
100676,Clay,102,71,31,0.6961,1661.299720042365,64
100676,Carpet,81,48,33,0.5926,1549.686189863371,124
100676,Grass,14,7,7,0.5,1502.900561425862,460
100677,Hard,1,0,1,0.0,1489.178542692319,1687
100680,Hard,2,0,2,0.0,1476.0143094285309,2689
100680,Grass,1,0,1,0.0,1488.0,848
100682,Hard,5,3,2,0.6,1513.1347024732652,691
100682,Clay,1,0,1,0.0,1488.0,1665
100686,Hard,5,1,4,0.2,1468.2050025068038,2902
100689,Hard,151,97,54,0.6424,1619.055073828605,141
100689,Carpet,122,82,40,0.6721,1633.992369901545,36
100689,Grass,58,42,16,0.7241,1661.7166877597485,41
100689,Clay,16,6,10,0.375,1504.196930042268,901
100690,Clay,4,2,2,0.5,1505.5146048577692,875
100691,Hard,7,3,4,0.4286,1488.2262188420414,1819
100691,Clay,5,0,5,0.0,1451.7522246962806,2844
100691,Carpet,3,2,1,0.6667,1511.1858220766962,332
100694,Grass,2,1,1,0.5,1499.585699413623,535
100696,Clay,20,5,15,0.25,1415.2784712869015,3035
100696,Hard,2,1,1,0.5,1498.096651592417,1224
100698,Carpet,2,2,0,1.0,1523.172385326556,202
100698,Hard,2,2,0,1.0,1523.1576000766713,551
100698,Clay,1,1,0,1.0,1512.0,681
100701,Clay,45,15,30,0.3333,1432.2703582112276,2975
100701,Hard,26,6,20,0.2308,1392.9923229784827,3512
100701,Carpet,10,3,7,0.3,1473.3117171524218,1145
100701,Grass,3,1,2,0.3333,1488.0142923584503,839
100703,Hard,4,0,4,0.0,1454.9642184115924,3178
100704,Hard,1,0,1,0.0,1487.2186404220513,2130
100705,Hard,2,0,2,0.0,1478.5012505296313,2509
100711,Clay,92,42,50,0.4565,1473.6280878419723,2449
100711,Hard,9,1,8,0.1111,1437.3825486117933,3366
100711,Carpet,5,2,3,0.4,1488.7319284309863,675
100711,Grass,1,0,1,0.0,1488.1809024448223,825
100713,Hard,127,58,69,0.4567,1532.9045315430078,460
100713,Grass,70,37,33,0.5286,1525.5290884607814,263
100713,Carpet,45,24,21,0.5333,1534.4059622254972,158
100713,Clay,11,1,10,0.0909,1421.1738328516674,3016
100714,Hard,80,33,47,0.4125,1456.5599063410757,3153
100714,Carpet,38,19,19,0.5,1509.3605391882807,353
100714,Grass,28,10,18,0.3571,1441.2910226167876,1554
100714,Clay,17,3,14,0.1765,1420.0778890885495,3021
100715,Hard,14,6,8,0.4286,1484.6973607012335,2295
100715,Clay,7,1,6,0.1429,1441.0850604524835,2924
100716,Clay,4,1,3,0.25,1483.5526022568438,2017
100719,Clay,42,13,29,0.3095,1416.4690935149586,3030
100719,Hard,6,1,5,0.1667,1458.8202922489618,3107
100719,Grass,1,0,1,0.0,1489.866921831003,724
100722,Hard,1,0,1,0.0,1488.0,1855
100725,Clay,3,3,0,1.0,1534.812856809061,385
100727,Clay,53,17,36,0.3208,1401.6871309129804,3059
100727,Hard,6,1,5,0.1667,1454.724182666478,3183
100727,Carpet,2,0,2,0.0,1483.0234018759534,957
100727,Grass,1,0,1,0.0,1488.414300586377,806
100728,Hard,48,14,34,0.2917,1431.2866477038267,3405
100728,Carpet,36,17,19,0.4722,1508.2271442175718,359
100728,Grass,22,7,15,0.3182,1440.9272229462981,1556
100728,Clay,6,1,5,0.1667,1460.7024579032823,2728
100730,Clay,43,22,21,0.5116,1525.567002827318,474
100730,Hard,7,2,5,0.2857,1463.9133761173034,3031
100730,Carpet,4,1,3,0.25,1474.854237429088,1132
100730,Grass,1,0,1,0.0,1488.0,854
100731,Hard,1,0,1,0.0,1487.18863520479,2140
100733,Hard,1,0,1,0.0,1486.9202007062634,2186
100736,Hard,6,2,4,0.3333,1477.02013470011,2599
100736,Clay,3,0,3,0.0,1466.4828153877336,2606
100736,Carpet,1,0,1,0.0,1494.7676034895105,535
100737,Hard,2,1,1,0.5,1501.8076018157037,1045
100738,Hard,2,1,1,0.5,1499.6831503682833,1161
100740,Hard,54,17,37,0.3148,1405.2877572980647,3490
100740,Clay,16,4,12,0.25,1437.7393836083027,2948
100740,Carpet,12,1,11,0.0833,1401.522751271019,1365
100740,Grass,7,1,6,0.1429,1444.0011120861136,1542
100742,Hard,45,19,26,0.4222,1446.2868474043987,3286
100742,Grass,28,16,12,0.5714,1517.5308113584988,330
100742,Clay,10,4,6,0.4,1482.7984263790245,2039
100742,Carpet,10,3,7,0.3,1460.1360418704053,1247
100744,Grass,47,25,22,0.5319,1524.0786891785888,272
100744,Hard,41,7,34,0.1707,1325.078580497089,3523
100744,Clay,6,2,4,0.3333,1474.726825712071,2420
100744,Carpet,4,1,3,0.25,1480.7436225134907,985
100747,Hard,85,39,46,0.4588,1542.2882395630086,401
100747,Grass,38,19,19,0.5,1512.8452265006108,357
100747,Carpet,32,13,19,0.4062,1478.8345564866831,1006
100747,Clay,11,3,8,0.2727,1462.6124223098075,2698
100751,Hard,20,5,15,0.25,1430.2733770290597,3413
100751,Grass,11,4,7,0.3636,1469.2615601686443,1324
100751,Clay,10,4,6,0.4,1492.7912443275297,1275
100751,Carpet,1,0,1,0.0,1488.0,728
100752,Hard,211,121,90,0.5735,1562.960543060032,290
100752,Grass,71,43,28,0.6056,1572.013722477319,125
100752,Carpet,49,21,28,0.4286,1472.4093575275906,1151
100752,Clay,24,6,18,0.25,1447.670859759381,2878
100754,Hard,10,4,6,0.4,1478.7023743137254,2497
100754,Clay,2,0,2,0.0,1476.7776790573466,2285
100757,Carpet,183,125,58,0.6831,1635.5845449164005,35
100757,Hard,155,82,73,0.529,1473.1398865827273,2797
100757,Clay,77,39,38,0.5065,1468.0148211016008,2566
100757,Grass,52,29,23,0.5577,1521.9409284538397,290
100759,Hard,77,34,43,0.4416,1511.7292935689832,778
100759,Grass,51,24,27,0.4706,1492.1166509911452,645
100759,Carpet,14,5,9,0.3571,1477.2130402003475,1048
100759,Clay,5,1,4,0.2,1471.2011239450921,2491
100761,Hard,6,3,3,0.5,1499.254967237879,1185
100761,Grass,2,1,1,0.5,1503.49128978795,447
100761,Carpet,1,0,1,0.0,1488.0,730
100763,Hard,395,278,117,0.7038,1590.578863384445,207
100763,Carpet,147,93,54,0.6327,1610.4303572474712,49
100763,Clay,56,28,28,0.5,1517.8338426005387,578
100763,Grass,46,25,21,0.5435,1549.7184142278875,181
100764,Clay,17,7,10,0.4118,1493.5713888511075,1242
100764,Hard,2,1,1,0.5,1500.0330308125338,1135
100765,Hard,5,2,3,0.4,1489.3029722326417,1668
100765,Clay,3,1,2,0.3333,1488.0298105629956,1659
100765,Grass,2,0,2,0.0,1476.414300586377,1207
100768,Grass,16,9,7,0.5625,1525.809547355236,260
100768,Hard,5,0,5,0.0,1447.0025729757626,3279
100768,Carpet,3,1,2,0.3333,1489.2545641172956,652
100769,Hard,3,1,2,0.3333,1489.6391070881095,1637
100770,Hard,11,3,8,0.2727,1443.9325571344198,3311
100770,Carpet,6,3,3,0.5,1506.802050774483,369
100770,Grass,5,1,4,0.2,1465.9208080515368,1374
100770,Clay,4,0,4,0.0,1459.0337283606189,2745
100771,Hard,3,0,3,0.0,1464.814308212328,2999
100772,Hard,148,69,79,0.4662,1499.4149535937117,1177
100772,Grass,64,38,26,0.5938,1568.5826318052743,133
100772,Carpet,46,19,27,0.413,1441.079437434227,1337
100772,Clay,21,9,12,0.4286,1482.002159427043,2061
100773,Grass,1,0,1,0.0,1491.3722502586616,665
100776,Hard,8,2,6,0.25,1457.5150272488356,3129
100776,Clay,6,2,4,0.3333,1479.5431753503271,2145
100776,Carpet,5,1,4,0.2,1464.122709162729,1225
100776,Grass,1,0,1,0.0,1487.558965038756,945
100779,Hard,4,0,4,0.0,1456.701146793825,3150
100779,Grass,1,0,1,0.0,1487.8698729001803,895
100780,Hard,36,13,23,0.3611,1465.2738923624825,2977
100780,Clay,14,7,7,0.5,1512.0981430085194,676
100780,Grass,13,6,7,0.4615,1489.722388288318,731
100780,Carpet,6,2,4,0.3333,1477.8011617235113,1031
100781,Clay,9,2,7,0.2222,1445.1058540638508,2900
100781,Hard,4,2,2,0.5,1498.0696270071296,1225
100782,Clay,149,73,76,0.4899,1520.3556147970942,555
100782,Hard,38,15,23,0.3947,1447.7798655417278,3273
100782,Carpet,6,2,4,0.3333,1486.1096873869853,930
100782,Grass,2,0,2,0.0,1475.1287555609254,1258
100785,Clay,10,2,8,0.2,1455.1954162855723,2795
100788,Hard,3,2,1,0.6667,1524.805462060609,518
100790,Hard,29,13,16,0.4483,1489.650763712838,1634
100790,Clay,19,8,11,0.4211,1498.7703946349934,1102
100790,Grass,10,3,7,0.3,1463.4903861619619,1408
100790,Carpet,2,0,2,0.0,1490.0317986536202,618
100792,Clay,19,11,8,0.5789,1540.430225849523,352
100792,Carpet,4,1,3,0.25,1478.9775305470826,1005
100793,Hard,15,5,10,0.3333,1454.6841126141485,3185
100793,Carpet,4,2,2,0.5,1499.620996721912,481
100793,Grass,2,0,2,0.0,1475.5196591186095,1247
100793,Clay,2,0,2,0.0,1476.4588399421223,2305
100794,Hard,6,4,2,0.6667,1526.7564776532167,499
100794,Grass,5,3,2,0.6,1513.110753667387,353
100794,Clay,2,0,2,0.0,1478.5342497106924,2185
100795,Clay,19,11,8,0.5789,1531.47793604364,416
100795,Hard,12,10,2,0.8333,1582.3629410023223,226
100796,Clay,16,8,8,0.5,1501.8827005532555,953
100796,Hard,5,2,3,0.4,1488.4650867821958,1769
100796,Carpet,2,0,2,0.0,1476.4396820753896,1076
100797,Hard,56,26,30,0.4643,1500.464015464004,1108
100797,Carpet,23,11,12,0.4783,1500.9316980367644,442
100797,Grass,16,8,8,0.5,1512.8678457537687,356
100798,Hard,2,1,1,0.5,1500.0,1143
100799,Clay,6,1,5,0.1667,1464.6552044528657,2660
100800,Clay,232,121,111,0.5216,1533.8404637666004,393
100800,Hard,78,32,46,0.4103,1410.020250432133,3473
100800,Carpet,11,3,8,0.2727,1448.6269036148583,1313
100800,Grass,2,0,2,0.0,1484.854375488661,1058
100801,Hard,1,0,1,0.0,1488.0,1856
100802,Hard,3,0,3,0.0,1465.88808487493,2959
100802,Carpet,2,0,2,0.0,1477.582602128938,1034
100804,Hard,1,0,1,0.0,1487.351358607133,2106
100807,Clay,8,3,5,0.375,1494.5902971594894,1213
100807,Hard,6,2,4,0.3333,1474.337442837633,2767
100807,Carpet,2,1,1,0.5,1499.729446257215,477
100809,Clay,166,88,78,0.5301,1581.7134759183493,190
100809,Hard,14,3,11,0.2143,1446.0702495672697,3288
100809,Carpet,11,2,9,0.1818,1445.5933954926818,1324
100809,Grass,4,2,2,0.5,1504.9691885326781,428
100810,Hard,85,40,45,0.4706,1496.9245573689657,1268
100810,Grass,23,13,10,0.5652,1558.7206946130382,155
100810,Carpet,15,4,11,0.2667,1449.820840933248,1309
100812,Clay,1,0,1,0.0,1488.1246276634702,1645
100815,Hard,175,91,84,0.52,1499.2078777457739,1188
100815,Carpet,61,32,29,0.5246,1557.951963014165,106
100815,Grass,47,27,20,0.5745,1554.621355266981,172
100815,Clay,12,3,9,0.25,1450.5734462366129,2856
100817,Hard,3,0,3,0.0,1470.853524970979,2837
100819,Hard,4,0,4,0.0,1450.0754623340608,3248
100820,Clay,10,6,4,0.6,1535.6413790083393,379
100820,Carpet,3,1,2,0.3333,1490.7465032260761,602
100821,Clay,4,1,3,0.25,1484.2948843638626,1995
100824,Clay,11,6,5,0.5455,1501.4328727443826,965
100825,Clay,15,6,9,0.4,1498.1831082831818,1122
100825,Hard,3,0,3,0.0,1477.1874466701943,2583
100825,Carpet,2,0,2,0.0,1480.4963037513626,988
100826,Clay,8,1,7,0.125,1450.0738722273204,2857
100826,Hard,3,1,2,0.3333,1495.4106333449217,1304
100829,Clay,125,64,61,0.512,1554.6275557428578,288
100829,Hard,83,44,39,0.5301,1559.5026129167584,300
100829,Carpet,54,19,35,0.3519,1442.3552937602647,1333
100829,Grass,17,9,8,0.5294,1530.0057125826784,242
100830,Hard,33,13,20,0.3939,1438.44937632207,3357
100830,Grass,5,0,5,0.0,1447.9572030819122,1517
100830,Carpet,4,0,4,0.0,1455.2113164627078,1285
100830,Clay,3,0,3,0.0,1468.5199964376384,2556
100831,Hard,8,3,5,0.375,1476.9743050798324,2600
100831,Clay,1,0,1,0.0,1487.6814615554806,1796
100833,Hard,49,19,30,0.3878,1453.7071643961688,3200
100833,Grass,26,11,15,0.4231,1479.0261478762893,1139
100833,Carpet,9,2,7,0.2222,1453.0372130785506,1300
100833,Clay,8,3,5,0.375,1480.4053713551418,2112
100834,Hard,2,1,1,0.5,1505.020201939763,952
100835,Clay,3,0,3,0.0,1467.2225616762212,2591
100835,Hard,3,1,2,0.3333,1491.9202288338627,1473
100835,Carpet,2,0,2,0.0,1474.5696711137552,1133
100836,Hard,81,34,47,0.4198,1463.0117773443312,3048
100836,Grass,20,7,13,0.35,1457.059532226745,1454
100836,Carpet,19,6,13,0.3158,1446.8331401029332,1319
100836,Clay,7,2,5,0.2857,1473.4044553370416,2455
100837,Hard,136,58,78,0.4265,1492.9993130354053,1406
100837,Grass,88,43,45,0.4886,1510.9179007660055,389
100837,Carpet,50,19,31,0.38,1459.4191879457396,1250
100837,Clay,32,8,24,0.25,1406.9958184433674,3054
100838,Grass,1,0,1,0.0,1490.0798796605575,707
100839,Hard,1,0,1,0.0,1488.0,1865
100840,Grass,3,1,2,0.3333,1489.4703005635129,741
100840,Hard,2,0,2,0.0,1476.414300586377,2647
100840,Clay,1,0,1,0.0,1488.0,1672
100841,Hard,10,5,5,0.5,1505.749276916631,935
100841,Clay,5,3,2,0.6,1513.5095917993901,638
100841,Carpet,2,0,2,0.0,1477.433175340211,1038
100841,Grass,2,2,0,1.0,1522.7585602543027,287
100844,Clay,54,22,32,0.4074,1517.7034181113315,583
100844,Hard,26,12,14,0.4615,1509.320231876028,873
100844,Carpet,15,4,11,0.2667,1430.871390914386,1350
100844,Grass,5,1,4,0.2,1469.0140081791558,1330
100848,Clay,54,24,30,0.4444,1457.927267566047,2764
100848,Hard,5,1,4,0.2,1470.6367875611872,2846
100848,Carpet,2,0,2,0.0,1481.5599699896784,973
100850,Hard,2,1,1,0.5,1508.2401419893256,893
100852,Hard,6,2,4,0.3333,1479.3826386533356,2463
100852,Clay,1,0,1,0.0,1491.2002246012469,1354
100853,Hard,13,6,7,0.4615,1494.9263584465689,1319
100853,Clay,2,1,1,0.5,1500.772574127131,990
100854,Grass,1,0,1,0.0,1487.5861930553651,928
100855,Hard,180,98,82,0.5444,1557.011165358257,309
100855,Carpet,65,32,33,0.4923,1492.6161270881216,561
100855,Grass,35,15,20,0.4286,1496.3221850884172,582
100855,Clay,7,0,7,0.0,1436.2887748120056,2952
100857,Clay,126,61,65,0.4841,1516.3870388829014,601
100857,Hard,47,22,25,0.4681,1480.2109945160935,2431
100857,Carpet,39,18,21,0.4615,1512.9080823178504,262
100857,Grass,3,0,3,0.0,1466.8193189596627,1361
100858,Hard,1,0,1,0.0,1487.5457588566812,2079
100860,Hard,1,0,1,0.0,1488.0,1859
100863,Clay,5,1,4,0.2,1464.187313845868,2670
100864,Clay,66,25,41,0.3788,1455.3880450867928,2793
100864,Hard,43,16,27,0.3721,1440.313204081804,3344
100864,Carpet,12,6,6,0.5,1502.1648848667144,419
100864,Grass,7,3,4,0.4286,1494.9147577482213,593
100865,Clay,72,28,44,0.3889,1427.3863947261834,2990
100865,Hard,7,3,4,0.4286,1492.415529977383,1439
100865,Carpet,2,0,2,0.0,1474.901011959297,1131
100865,Grass,1,0,1,0.0,1488.00000001826,843
100866,Hard,38,16,22,0.4211,1492.5240911514372,1434
100866,Carpet,16,8,8,0.5,1496.4877746195218,522
100866,Clay,9,4,5,0.4444,1501.7035712682361,958
100866,Grass,2,0,2,0.0,1475.585699413623,1242
100868,Hard,9,3,6,0.3333,1472.3212956928523,2812
100868,Clay,4,2,2,0.5,1505.6574017265884,872
100868,Carpet,3,1,2,0.3333,1489.287340951703,647
100868,Grass,2,0,2,0.0,1476.3721750640607,1212
100869,Hard,1,0,1,0.0,1487.055285767006,2164
100870,Hard,169,85,84,0.503,1470.3765546261106,2853
100870,Grass,78,49,29,0.6282,1622.2095592021487,74
100870,Carpet,52,24,28,0.4615,1499.76303709827,474
100870,Clay,10,1,9,0.1,1448.7587720430724,2866
100871,Hard,8,2,6,0.25,1463.5051634656338,3037
100871,Grass,7,3,4,0.4286,1494.2844999179802,602
100871,Carpet,2,0,2,0.0,1475.6769368080852,1104
100871,Clay,2,0,2,0.0,1477.169320649085,2249
100872,Clay,1,0,1,0.0,1488.5827779488518,1558
100876,Hard,20,9,11,0.45,1490.3558285004965,1570
100876,Clay,9,8,1,0.8889,1572.9892220758545,221
100876,Carpet,7,1,6,0.1429,1451.0959005768698,1305
100876,Grass,3,1,2,0.3333,1487.9605231410223,888
100877,Hard,7,3,4,0.4286,1489.4298175547717,1657
100877,Clay,2,0,2,0.0,1479.989856111491,2130
100877,Carpet,1,0,1,0.0,1486.3618045733222,923
100877,Grass,1,0,1,0.0,1489.2527708439407,755
100878,Hard,1,0,1,0.0,1489.8900411477339,1614
100880,Hard,5,1,4,0.2,1464.0680991905226,3022
100880,Carpet,2,1,1,0.5,1497.9707780212093,507
100880,Grass,1,0,1,0.0,1488.0,857
100880,Clay,1,0,1,0.0,1486.5254009163186,1925
100882,Hard,2,1,1,0.5,1501.4382425747344,1053
100884,Clay,22,7,15,0.3182,1435.5686442658348,2958
100884,Grass,21,7,14,0.3333,1454.8777035314263,1478
100884,Hard,17,8,9,0.4706,1503.7042445786924,985
100887,Hard,5,1,4,0.2,1472.9625779520227,2803
100887,Clay,2,1,1,0.5,1502.500323203107,940
100887,Carpet,1,0,1,0.0,1487.1907547003173,888
100889,Hard,1,0,1,0.0,1491.5188592314043,1493
100890,Hard,11,6,5,0.5455,1510.4934114607724,839
100890,Clay,5,2,3,0.4,1488.7601701101562,1538
100892,Hard,9,4,5,0.4444,1492.5476988192963,1433
100892,Carpet,3,0,3,0.0,1464.03208404023,1227
100893,Clay,120,80,40,0.6667,1619.022530192129,122
100893,Hard,53,34,19,0.6415,1565.484269136454,280
100893,Carpet,50,34,16,0.68,1611.3696897427656,48
100893,Grass,15,10,5,0.6667,1557.9240111756023,158
100894,Clay,143,70,73,0.4895,1485.8924376471923,1949
100894,Hard,14,5,9,0.3571,1475.1685138663318,2744
100894,Grass,4,0,4,0.0,1456.9313135466102,1456
100894,Carpet,4,0,4,0.0,1456.3735467247989,1276
100896,Hard,25,11,14,0.44,1495.256409412876,1314
100896,Clay,11,4,7,0.3636,1486.133548114614,1940
100896,Carpet,5,3,2,0.6,1507.1285596388589,368
100896,Grass,2,0,2,0.0,1481.1957532500087,1099
100898,Hard,8,3,5,0.375,1479.8759407344808,2441
100899,Clay,20,8,12,0.4,1480.7007325563332,2096
100899,Hard,8,2,6,0.25,1457.0917861853204,3137
100899,Carpet,4,2,2,0.5,1497.517762269234,513
100899,Grass,2,0,2,0.0,1475.83185082125,1232
100900,Clay,36,15,21,0.4167,1485.213819385527,1970
100900,Hard,3,2,1,0.6667,1510.8081637508146,830
100900,Carpet,2,0,2,0.0,1476.4222086472157,1078
100900,Grass,2,0,2,0.0,1474.8829991731002,1264
100901,Hard,113,55,58,0.4867,1464.560472179663,3007
100901,Carpet,88,55,33,0.625,1564.0039788325769,96
100901,Grass,50,31,19,0.62,1570.5031330360305,129
100901,Clay,12,6,6,0.5,1516.3852336629027,602
100903,Grass,3,2,1,0.6667,1514.4194569628405,341
100903,Hard,1,0,1,0.0,1488.9858141324162,1701
100904,Clay,7,2,5,0.2857,1481.8561371866547,2065
100904,Hard,2,0,2,0.0,1484.644771948114,2297
100905,Hard,75,35,40,0.4667,1505.5547942917606,938
100905,Carpet,37,17,20,0.4595,1502.1590254212297,420
100905,Grass,31,15,16,0.4839,1494.2641073924249,603
100905,Clay,17,7,10,0.4118,1485.743259965577,1955
100906,Carpet,1,0,1,0.0,1487.572799820979,853
100906,Grass,1,0,1,0.0,1488.0555701709834,833
100906,Hard,1,0,1,0.0,1486.3143784425624,2238
100907,Clay,8,2,6,0.25,1459.0615690116672,2744
100907,Carpet,1,0,1,0.0,1489.456528127929,642
100908,Hard,20,8,12,0.4,1489.5685173394845,1645
100908,Clay,8,2,6,0.25,1460.7632308295033,2726
100908,Carpet,4,1,3,0.25,1485.7174365573155,935
100908,Grass,2,0,2,0.0,1487.941174420999,890
100909,Grass,1,0,1,0.0,1488.0,859
100910,Clay,12,4,8,0.3333,1471.9593995336088,2477
100910,Hard,4,1,3,0.25,1484.065430624192,2313
100911,Clay,2,2,0,1.0,1523.585699413623,499
100911,Hard,1,0,1,0.0,1488.0,1867
100913,Hard,11,4,7,0.3636,1474.0150668871163,2774
100913,Grass,7,3,4,0.4286,1486.0174788775132,1035
100913,Clay,6,1,5,0.1667,1458.2671310991393,2762
100913,Carpet,2,1,1,0.5,1500.867274996431,443
100914,Hard,1,0,1,0.0,1491.4585301050263,1499
100917,Hard,13,5,8,0.3846,1468.4993319853925,2888
100917,Clay,10,2,8,0.2,1447.7183033255308,2875
100917,Grass,8,2,6,0.25,1457.9169915134569,1447
100917,Carpet,2,1,1,0.5,1499.4193841793165,488
100918,Hard,7,2,5,0.2857,1470.6896505546413,2844
100918,Clay,1,0,1,0.0,1489.4463993285628,1467
100919,Clay,9,7,2,0.7778,1550.2489939137308,300
100919,Hard,3,2,1,0.6667,1512.657884940696,701
100920,Hard,93,49,44,0.5269,1542.4385088318438,398
100920,Grass,27,15,12,0.5556,1528.4567752266141,251
100920,Carpet,22,10,12,0.4545,1513.966243107005,249
100920,Clay,7,2,5,0.2857,1469.668333366206,2524
100921,Clay,7,3,4,0.4286,1500.0939104289798,1023
100922,Clay,85,33,52,0.3882,1426.5205082194032,2994
100922,Hard,7,2,5,0.2857,1472.0554263383276,2817
100922,Carpet,3,1,2,0.3333,1489.3807949116442,644
100923,Hard,241,131,110,0.5436,1559.6455266414598,299
100923,Grass,131,89,42,0.6794,1655.5845793189058,43
100923,Carpet,85,42,43,0.4941,1565.5202442604289,93
100923,Clay,58,20,38,0.3448,1510.1533184604225,785
100924,Hard,34,14,20,0.4118,1501.013902484477,1078
100924,Clay,15,4,11,0.2667,1437.4832640094428,2949
100924,Carpet,14,7,7,0.5,1504.633430192196,381
100924,Grass,5,0,5,0.0,1454.300916465415,1482
100926,Hard,65,26,39,0.4,1456.8834820088746,3144
100926,Grass,26,13,13,0.5,1524.4696769121613,269
100926,Carpet,18,4,14,0.2222,1420.0563381215816,1359
100926,Clay,4,0,4,0.0,1461.888112660768,2711
100928,Hard,52,19,33,0.3654,1469.620185582637,2869
100928,Clay,24,11,13,0.4583,1517.318027897363,588
100928,Grass,13,5,8,0.3846,1489.8191529099674,727
100928,Carpet,3,0,3,0.0,1464.1313567440309,1224
100930,Clay,45,18,27,0.4,1496.2271877783292,1170
100930,Hard,7,2,5,0.2857,1476.413398008864,2653
100930,Carpet,6,2,4,0.3333,1480.3487756403294,989
100930,Grass,1,0,1,0.0,1487.6381164065126,915
100931,Hard,7,2,5,0.2857,1476.0172194075847,2687
100931,Clay,4,1,3,0.25,1484.7363374996178,1982
100932,Hard,2,0,2,0.0,1482.3918127480665,2354
100932,Clay,2,1,1,0.5,1504.109516116434,903
100934,Hard,96,44,52,0.4583,1424.916054334372,3440
100934,Grass,33,17,16,0.5152,1520.6578669526016,303
100934,Carpet,16,4,12,0.25,1430.1250829136773,1352
100934,Clay,3,1,2,0.3333,1488.7445013869537,1541
100935,Hard,40,16,24,0.4,1471.3289807600509,2829
100935,Clay,16,4,12,0.25,1447.7510449141962,2874
100935,Grass,8,2,6,0.25,1456.8051261745975,1457
100935,Carpet,4,1,3,0.25,1476.5491268586402,1074
100936,Clay,199,122,77,0.6131,1516.3299194750678,605
100936,Carpet,102,54,48,0.5294,1623.2120963338425,40
100936,Hard,91,47,44,0.5165,1535.9946667991019,435
100936,Grass,77,54,23,0.7013,1626.9200993128818,66
100938,Clay,5,2,3,0.4,1490.1076671513122,1424
100938,Carpet,2,1,1,0.5,1500.5422105802782,450
100938,Hard,1,0,1,0.0,1490.3423378012506,1573
100939,Hard,81,34,47,0.4198,1462.2090687648172,3059
100939,Grass,23,12,11,0.5217,1510.4356460523377,394
100939,Carpet,18,8,10,0.4444,1497.1065487460016,517
100939,Clay,12,3,9,0.25,1449.4869713831047,2860
100941,Clay,10,2,8,0.2,1444.039897054067,2910
100942,Clay,183,103,80,0.5628,1494.9810611224223,1206
100942,Hard,57,26,31,0.4561,1478.0180117541038,2527
100942,Carpet,26,11,15,0.4231,1470.8050186104774,1165
100943,Clay,20,9,11,0.45,1497.851622615575,1134
100943,Carpet,10,5,5,0.5,1516.9542097190758,236
100943,Hard,7,2,5,0.2857,1473.3565132885578,2790
100944,Hard,122,75,47,0.6148,1684.5441486626669,71
100944,Clay,78,38,40,0.4872,1481.6592927979084,2070
100944,Carpet,40,20,20,0.5,1507.8121826226404,363
100944,Grass,12,8,4,0.6667,1561.427110326552,149
100945,Hard,10,3,7,0.3,1464.9868174021983,2987
100945,Clay,5,1,4,0.2,1464.1865545919406,2671
100946,Hard,108,57,51,0.5278,1517.5513402148504,627
100946,Carpet,58,27,31,0.4655,1505.2057619850036,379
100946,Grass,48,31,17,0.6458,1602.1138435247808,87
100946,Clay,47,24,23,0.5106,1553.7093001544024,290
100947,Hard,20,12,8,0.6,1520.6186432535299,596
100947,Clay,6,2,4,0.3333,1482.2273282074214,2056
100947,Carpet,1,0,1,0.0,1488.1058926876092,716
100949,Hard,12,2,10,0.1667,1434.5048196986797,3389
100949,Carpet,4,1,3,0.25,1474.9747199703813,1129
100949,Grass,1,0,1,0.0,1488.0,858
100950,Clay,82,37,45,0.4512,1449.2014650857514,2863
100950,Hard,50,26,24,0.52,1525.835382010656,507
100950,Carpet,30,11,19,0.3667,1453.7375396693928,1294
100950,Grass,1,0,1,0.0,1487.9780995472859,886
100951,Clay,23,9,14,0.3913,1475.8312996190762,2357
100951,Hard,2,0,2,0.0,1475.9720949460636,2696
100951,Carpet,1,0,1,0.0,1488.0,731
100954,Clay,164,81,83,0.4939,1591.595594331662,167
100954,Hard,157,87,70,0.5541,1553.649442319272,329
100954,Carpet,42,23,19,0.5476,1515.1077807788074,244
100954,Grass,7,1,6,0.1429,1457.1134797824157,1452
100955,Hard,47,31,16,0.6596,1630.4138344718685,123
100955,Carpet,18,9,9,0.5,1499.9728498432407,469
100955,Clay,11,3,8,0.2727,1452.8920597578567,2825
100955,Grass,3,0,3,0.0,1465.3179619254443,1385
100956,Clay,61,28,33,0.459,1498.7571201081591,1103
100956,Carpet,8,3,5,0.375,1481.7398310595281,970
100956,Hard,2,0,2,0.0,1478.952646454001,2481
100956,Grass,1,0,1,0.0,1489.2743170141973,750
100957,Hard,83,44,39,0.5301,1539.6262117172114,414
100957,Carpet,25,10,15,0.4,1455.858059658661,1279
100957,Grass,18,8,10,0.4444,1493.707068219735,615
100957,Clay,7,1,6,0.1429,1458.4981946138967,2754
100959,Hard,1,0,1,0.0,1493.135208145706,1398
100962,Hard,95,32,63,0.3368,1437.1002024423065,3367
100962,Carpet,48,19,29,0.3958,1484.6191195888268,944
100962,Clay,12,2,10,0.1667,1437.0917099481403,2951
100962,Grass,8,1,7,0.125,1438.991462449161,1569
100964,Hard,17,3,14,0.1765,1409.7641148581881,3475
100964,Clay,7,1,6,0.1429,1455.075081720448,2799
100964,Grass,3,1,2,0.3333,1490.2918401135992,697
100965,Clay,5,2,3,0.4,1500.2586400199468,1018
100965,Hard,3,1,2,0.3333,1488.1249032244925,1829
100965,Carpet,1,0,1,0.0,1487.150079293109,896
100966,Grass,16,5,11,0.3125,1451.9717087541444,1494
100966,Hard,1,0,1,0.0,1487.48461309632,2088
100967,Hard,142,75,67,0.5282,1542.8435005458484,395
100967,Carpet,39,20,19,0.5128,1523.0105806241202,209
100967,Grass,35,19,16,0.5429,1557.1526470053252,162
100967,Clay,11,1,10,0.0909,1414.1832352970926,3039
100970,Clay,24,7,17,0.2917,1423.6347360524894,3011
100970,Hard,24,11,13,0.4583,1496.0234664985978,1286
100970,Carpet,4,1,3,0.25,1478.0078881453428,1027
100970,Grass,1,0,1,0.0,1494.0932288890137,606
100972,Hard,156,80,76,0.5128,1556.8589193268308,310
100972,Clay,44,17,27,0.3864,1496.9856140216307,1153
100972,Carpet,24,11,13,0.4583,1524.0072704095035,189
100972,Grass,19,6,13,0.3158,1449.2160764677622,1510
100974,Hard,5,1,4,0.2,1467.3350212972114,2921
100974,Grass,1,0,1,0.0,1486.8967890032936,999
100978,Hard,37,12,25,0.3243,1439.4672474527074,3349
100978,Grass,29,8,21,0.2759,1384.9847827740887,1639
100978,Clay,8,2,6,0.25,1478.5902931130104,2183
100978,Carpet,4,0,4,0.0,1458.7000228220388,1257
100980,Hard,1,0,1,0.0,1487.129315190373,2148
100982,Grass,4,1,3,0.25,1485.647657662095,1047
100982,Hard,4,0,4,0.0,1460.8136719072652,3074
100984,Carpet,8,6,2,0.75,1537.963542251387,151
100984,Hard,3,1,2,0.3333,1488.600199400029,1754
100984,Clay,3,0,3,0.0,1467.8960384172083,2571
100984,Grass,2,1,1,0.5,1500.414300586377,508
100985,Hard,7,2,5,0.2857,1480.571140614016,2418
100985,Grass,2,1,1,0.5,1502.3479395669328,467
100985,Carpet,1,0,1,0.0,1487.8306323032598,815
100986,Clay,12,3,9,0.25,1438.140715569718,2945
100986,Hard,3,1,2,0.3333,1486.428065809244,2229
100986,Grass,1,0,1,0.0,1487.585699413623,931
100988,Grass,1,0,1,0.0,1487.3069957025757,962
100989,Hard,6,2,4,0.3333,1486.86707811649,2192
100989,Clay,1,0,1,0.0,1486.6043945220395,1924
100990,Hard,98,50,48,0.5102,1516.8502493338056,634
100990,Clay,79,35,44,0.443,1497.8890153554735,1132
100990,Carpet,64,36,28,0.5625,1570.6050604604327,89
100990,Grass,16,7,9,0.4375,1493.2123404546498,623
100991,Clay,15,5,10,0.3333,1455.704716065397,2790
100991,Hard,12,6,6,0.5,1505.4703283867952,940
100991,Carpet,7,5,2,0.7143,1531.9877467226975,167
100993,Clay,7,2,5,0.2857,1470.429761543878,2505
100993,Hard,3,1,2,0.3333,1489.2906468215422,1670
100995,Clay,56,24,32,0.4286,1496.0992396521194,1173
100995,Hard,28,11,17,0.3929,1504.929917601358,956
100995,Carpet,27,9,18,0.3333,1438.0195555139408,1343
100995,Grass,9,3,6,0.3333,1479.7191730613754,1122
100997,Hard,75,32,43,0.4267,1469.0834926641637,2879
100997,Clay,22,7,15,0.3182,1455.6757476196851,2791
100997,Carpet,10,4,6,0.4,1486.2779826935005,926
100997,Grass,9,4,5,0.4444,1498.7476053164667,551
100998,Carpet,7,2,5,0.2857,1469.2298034069784,1176
100998,Grass,6,0,6,0.0,1435.8961374772891,1579
100998,Hard,1,0,1,0.0,1488.871014263568,1714
101000,Hard,48,18,30,0.375,1448.9574964744356,3262
101000,Clay,42,14,28,0.3333,1445.683074670537,2896
101000,Grass,10,1,9,0.1,1426.092693790171,1606
101000,Carpet,6,1,5,0.1667,1456.5945312936958,1273
101003,Hard,5,1,4,0.2,1470.411345124403,2852
101003,Grass,2,1,1,0.5,1502.3311376271013,468
101003,Carpet,2,1,1,0.5,1498.9874668781213,495
101004,Hard,102,48,54,0.4706,1540.1340872592136,411
101004,Clay,31,12,19,0.3871,1483.875867730771,2010
101004,Carpet,29,15,14,0.5172,1533.397856842507,160
101004,Grass,18,10,8,0.5556,1527.3838112343258,258
101005,Clay,2,1,1,0.5,1501.369008785346,969
101006,Clay,5,2,3,0.4,1488.0868046848007,1648
101007,Clay,26,7,19,0.2692,1421.1420010198908,3017
101007,Hard,3,0,3,0.0,1465.5801424474753,2967
101007,Carpet,3,2,1,0.6667,1510.2252467593573,348
101008,Hard,2,0,2,0.0,1475.3286322648978,2731
101008,Clay,2,1,1,0.5,1500.075761351423,1025
101008,Carpet,1,0,1,0.0,1489.9352283607166,621
101009,Clay,4,1,3,0.25,1485.6327246396133,1959
101009,Carpet,3,0,3,0.0,1465.98442061953,1205
101009,Hard,3,1,2,0.3333,1489.7979211370775,1623
101012,Clay,34,16,18,0.4706,1532.815929232144,403
101012,Carpet,5,0,5,0.0,1451.0438398931801,1306
101012,Grass,3,1,2,0.3333,1489.2209469731713,759
101012,Hard,3,1,2,0.3333,1495.690463170207,1297
101013,Clay,86,51,35,0.593,1526.045993133771,461
101013,Hard,15,4,11,0.2667,1436.2730551212774,3377
101013,Grass,4,0,4,0.0,1455.33704153295,1476
101013,Carpet,3,0,3,0.0,1465.3927997202616,1213
101014,Hard,48,18,30,0.375,1437.6436104901081,3364
101014,Clay,13,4,9,0.3077,1455.8801769340719,2787
101014,Carpet,3,0,3,0.0,1464.2399411762447,1221
101014,Grass,2,1,1,0.5,1504.0949146220764,436
101016,Clay,87,30,57,0.3448,1473.4401158916512,2454
101016,Hard,17,4,13,0.2353,1457.241866828076,3134
101016,Carpet,8,3,5,0.375,1482.5630870841142,962
101016,Grass,4,1,3,0.25,1487.8255779905585,901
101017,Clay,5,5,0,1.0,1555.3512253994052,284
101017,Carpet,2,2,0,1.0,1523.172385326556,201
101017,Hard,2,0,2,0.0,1479.0978208643992,2477
101017,Grass,1,0,1,0.0,1487.9861842321554,878
101018,Clay,8,2,6,0.25,1464.8209730537037,2655
101019,Grass,4,1,3,0.25,1483.5511816736414,1069
101019,Hard,1,0,1,0.0,1485.3765588358892,2278
101020,Clay,88,34,54,0.3864,1424.196133011154,3007
101020,Hard,17,6,11,0.3529,1453.2686174601831,3210
101020,Grass,4,2,2,0.5,1499.874367313315,528
101021,Hard,3,2,1,0.6667,1518.1399682962121,619
101022,Hard,94,39,55,0.4149,1518.316625761382,618
101022,Carpet,22,5,17,0.2273,1403.1264959872253,1364
101022,Grass,13,4,9,0.3077,1462.6027683050245,1419
101022,Clay,2,0,2,0.0,1477.6077772800315,2220
101024,Clay,3,1,2,0.3333,1491.1819247757628,1356
101024,Hard,2,0,2,0.0,1473.8590435563003,2780
101024,Carpet,2,1,1,0.5,1499.8186279929278,473
101026,Hard,251,126,125,0.502,1476.6820442032679,2633
101026,Carpet,81,40,41,0.4938,1558.198940153856,105
101026,Grass,30,10,20,0.3333,1439.6201355474604,1561
101026,Clay,16,3,13,0.1875,1428.7214170246657,2987
101027,Clay,10,2,8,0.2,1463.2893292048075,2691
101027,Carpet,1,0,1,0.0,1492.956353275049,556
101029,Clay,92,46,46,0.5,1541.7026464698192,345
101029,Hard,24,8,16,0.3333,1453.0510948607405,3214
101029,Carpet,12,4,8,0.3333,1460.534674917692,1245
101029,Grass,8,0,8,0.0,1417.5078973175082,1626
101030,Clay,170,95,75,0.5588,1578.6722261981938,197
101030,Carpet,41,16,25,0.3902,1505.2151901420073,378
101030,Hard,28,13,15,0.4643,1548.6710044114875,352
101030,Grass,6,1,5,0.1667,1465.1468510859804,1388
101031,Clay,59,18,41,0.3051,1414.8874832109411,3038
101031,Hard,2,0,2,0.0,1481.5730443030018,2379
101031,Grass,1,0,1,0.0,1486.8888010353087,1000
101032,Grass,1,0,1,0.0,1487.28483570892,964
101033,Hard,7,1,6,0.1429,1449.7444362430651,3254
101033,Carpet,4,2,2,0.5,1508.391546163752,358
101033,Grass,2,1,1,0.5,1503.2509165311983,452
101033,Clay,1,0,1,0.0,1490.7814173210954,1378
101034,Clay,2,1,1,0.5,1497.9545770582367,1126
101035,Clay,30,13,17,0.4333,1468.3242687765426,2562
101035,Hard,21,10,11,0.4762,1503.655681628903,988
101035,Carpet,7,2,5,0.2857,1473.699541482783,1139
101035,Grass,5,2,3,0.4,1495.1476322178073,592
101036,Clay,117,80,37,0.6838,1638.2030662575492,89
101036,Hard,93,70,23,0.7527,1766.128196578185,27
101036,Carpet,83,53,30,0.6386,1650.9619819484988,28
101036,Grass,32,24,8,0.75,1654.1844549073387,44
101038,Hard,2,0,2,0.0,1476.0142917836072,2690
101040,Clay,13,1,12,0.0769,1402.508034027441,3058
101040,Carpet,7,3,4,0.4286,1500.8277922159214,444
101040,Hard,1,0,1,0.0,1491.8356351989862,1477
101040,Grass,1,0,1,0.0,1487.4784531067194,954
101041,Hard,1,0,1,0.0,1493.493002219715,1379
101043,Clay,1,0,1,0.0,1487.9295545286375,1761
101043,Carpet,1,0,1,0.0,1487.9234167159498,808
101044,Clay,1,0,1,0.0,1492.9041421398183,1267
101045,Clay,1,0,1,0.0,1488.5793237438584,1559
101048,Clay,62,33,29,0.5323,1505.9985354378787,864
101048,Hard,24,9,15,0.375,1458.2784274508842,3117
101048,Carpet,2,0,2,0.0,1476.0803378173187,1094
101048,Grass,1,0,1,0.0,1488.801407890939,777
101050,Hard,68,26,42,0.3824,1422.8152081304338,3446
101050,Grass,13,5,8,0.3846,1479.0624724490947,1138
101050,Carpet,12,5,7,0.4167,1489.798888667908,624
101050,Clay,3,0,3,0.0,1474.3547415707294,2432
101051,Clay,2,1,1,0.5,1499.223642351475,1081
101053,Hard,21,5,16,0.2381,1406.3367928092641,3486
101053,Clay,4,3,1,0.75,1524.0257602202696,489
101053,Grass,3,0,3,0.0,1462.463286665354,1420
101053,Carpet,1,0,1,0.0,1488.0,738
101055,Hard,7,2,5,0.2857,1475.7298675552738,2707
101055,Clay,2,1,1,0.5,1498.462227942136,1112
101055,Grass,2,1,1,0.5,1499.0082221094674,547
101056,Hard,1,0,1,0.0,1488.0,1860
101057,Hard,11,2,9,0.1818,1445.020864343097,3300
101057,Carpet,4,1,3,0.25,1479.1600082973926,1001
101057,Clay,1,0,1,0.0,1486.7408365687502,1913
101057,Grass,1,0,1,0.0,1487.6375260081652,916
101058,Clay,58,24,34,0.4138,1517.5511455223034,586
101058,Hard,2,0,2,0.0,1476.7712215577506,2628
101058,Carpet,1,0,1,0.0,1486.1957962680817,927
101059,Clay,11,3,8,0.2727,1473.0844776021172,2459
101059,Grass,1,0,1,0.0,1487.1595791713717,982
101061,Hard,173,92,81,0.5318,1602.4977488583727,176
101061,Clay,119,61,58,0.5126,1544.926052903658,326
101061,Carpet,17,4,13,0.2353,1429.2007670437956,1354
101061,Grass,2,0,2,0.0,1475.6441198307773,1238
101062,Clay,213,156,57,0.7324,1619.2695902098747,121
101062,Hard,193,132,61,0.6839,1657.6121072596666,89
101062,Carpet,81,46,35,0.5679,1571.8064955921554,88
101062,Grass,37,26,11,0.7027,1631.0719411503862,59
101063,Clay,390,211,179,0.541,1498.0031839318685,1125
101063,Hard,25,11,14,0.44,1499.672837463601,1162
101063,Carpet,10,0,10,0.0,1404.7971421308457,1363
101063,Grass,1,0,1,0.0,1488.4960974345522,799
101064,Hard,20,7,13,0.35,1455.6662654924485,3165
101064,Clay,3,1,2,0.3333,1488.70970798074,1546
101064,Grass,2,0,2,0.0,1477.4304124629912,1175
101064,Carpet,1,0,1,0.0,1491.9874126014079,573
101065,Clay,1,0,1,0.0,1485.1123316024252,1972
101066,Hard,82,34,48,0.4146,1420.733037061471,3453
101066,Grass,24,9,15,0.375,1484.7007006300296,1059
101066,Carpet,24,10,14,0.4167,1484.585800446391,946
101066,Clay,4,1,3,0.25,1477.3535434267226,2231
101067,Hard,16,5,11,0.3125,1460.9797740148392,3072
101067,Clay,6,3,3,0.5,1514.8169225248182,622
101067,Carpet,1,0,1,0.0,1487.2349822250962,882
101068,Hard,5,1,4,0.2,1481.7252662261096,2374
101068,Grass,1,0,1,0.0,1487.221309369805,973
101071,Carpet,44,18,26,0.4091,1491.8848957885393,574
101071,Clay,41,13,28,0.3171,1457.6246402205309,2770
101071,Hard,36,13,23,0.3611,1452.1727698899278,3225
101071,Grass,8,1,7,0.125,1444.3031749146026,1540
101073,Clay,320,215,105,0.6719,1570.5991992374722,228
101073,Hard,92,51,41,0.5543,1592.4093832936396,202
101073,Carpet,29,15,14,0.5172,1531.8748467589464,169
101073,Grass,9,4,5,0.4444,1504.6495669245814,430
101074,Clay,26,7,19,0.2692,1405.6047596357944,3057
101074,Hard,9,2,7,0.2222,1456.0373639520467,3160
101075,Hard,1,0,1,0.0,1492.0922015602816,1457
101076,Clay,10,3,7,0.3,1458.6228096953485,2753
101076,Hard,7,2,5,0.2857,1467.1802325387807,2925
101076,Carpet,2,0,2,0.0,1475.1117808165127,1126
101077,Clay,2,0,2,0.0,1478.9746270655755,2170
101080,Clay,168,91,77,0.5417,1573.2640853766775,220
101080,Hard,30,8,22,0.2667,1422.473928784709,3448
101080,Carpet,7,2,5,0.2857,1469.7507153325428,1171
101080,Grass,1,0,1,0.0,1486.8540627652426,1002
101081,Clay,3,1,2,0.3333,1491.9573757183107,1318
101083,Hard,3,0,3,0.0,1470.7809695954077,2839
101083,Clay,2,0,2,0.0,1476.6587578538922,2292
101083,Grass,1,0,1,0.0,1488.8690037330255,773
101084,Hard,257,145,112,0.5642,1590.9618117652317,205
101084,Carpet,225,138,87,0.6133,1611.7989419833873,47
101084,Clay,179,102,77,0.5698,1627.3415132920024,107
101084,Grass,55,28,27,0.5091,1554.9721778233084,171
101085,Clay,19,4,15,0.2105,1416.145478048104,3032
101085,Hard,1,0,1,0.0,1487.2104960206766,2133
101086,Clay,277,146,131,0.5271,1478.9064248906745,2173
101086,Hard,122,46,76,0.377,1455.7364745878667,3163
101086,Carpet,73,32,41,0.4384,1510.6692372992734,340
101086,Grass,9,3,6,0.3333,1473.7029763646258,1281
101088,Hard,11,0,11,0.0,1393.7912756213364,3510
101088,Grass,5,1,4,0.2,1471.100834749101,1306
101088,Clay,2,0,2,0.0,1480.2131196607818,2121
101088,Carpet,1,0,1,0.0,1488.0,737
101089,Carpet,1,0,1,0.0,1488.0,748
101093,Hard,8,2,6,0.25,1465.0485109430688,2986
101093,Carpet,5,1,4,0.2,1467.099468476488,1192
101093,Grass,3,1,2,0.3333,1488.4717392951334,800
101093,Clay,1,0,1,0.0,1495.0259065382215,1204
101096,Hard,127,53,74,0.4173,1462.943551765931,3049
101096,Grass,42,18,24,0.4286,1503.238011377056,453
101096,Carpet,24,10,14,0.4167,1486.1311558001012,929
101096,Clay,10,4,6,0.4,1499.8567199584893,1047
101097,Hard,45,14,31,0.3111,1433.807687371313,3395
101097,Carpet,20,6,14,0.3,1445.6202814609276,1323
101097,Grass,7,1,6,0.1429,1451.2085811785819,1500
101097,Clay,7,0,7,0.0,1426.7644255044731,2993
101098,Hard,219,135,84,0.6164,1605.5509779566937,169
101098,Clay,152,85,67,0.5592,1630.128500706789,101
101098,Carpet,146,82,64,0.5616,1613.1019344949216,46
101098,Grass,62,37,25,0.5968,1630.0342851355565,62
101101,Clay,14,6,8,0.4286,1468.448026007792,2559
101101,Hard,4,2,2,0.5,1501.7775057316908,1046
101103,Hard,2,1,1,0.5,1500.0451714227372,1131
101103,Clay,2,0,2,0.0,1474.7434767088005,2418
101105,Clay,10,5,5,0.5,1508.8599798885655,809
101105,Hard,4,3,1,0.75,1519.8823737035918,606
101106,Hard,152,80,72,0.5263,1546.0202222934513,373
101106,Carpet,48,20,28,0.4167,1460.637063737456,1244
101106,Grass,34,17,17,0.5,1518.9555718180638,321
101106,Clay,19,1,18,0.0526,1367.2355718106423,3074
101107,Hard,1,0,1,0.0,1489.702748732337,1630
101108,Hard,11,1,10,0.0909,1433.2914904083145,3398
101108,Grass,2,0,2,0.0,1478.9708539138014,1140
101109,Clay,84,36,48,0.4286,1505.7635563724878,871
101109,Hard,48,19,29,0.3958,1449.6907104878615,3255
101109,Carpet,10,2,8,0.2,1453.696596205244,1295
101109,Grass,9,1,8,0.1111,1426.1692658551422,1605
101110,Clay,42,15,27,0.3571,1439.0129498959693,2939
101110,Grass,2,0,2,0.0,1475.5601613974366,1244
101110,Hard,2,0,2,0.0,1477.8129588841075,2547
101111,Clay,1,0,1,0.0,1487.9160931382855,1764
101112,Clay,5,0,5,0.0,1453.6697638956834,2816
101112,Carpet,1,0,1,0.0,1487.6685298367472,828
101113,Clay,61,23,38,0.377,1479.9939190179657,2129
101113,Hard,41,15,26,0.3659,1442.868083727677,3319
101113,Carpet,16,7,9,0.4375,1487.1567446426789,895
101113,Grass,3,1,2,0.3333,1489.8512483361915,725
101114,Hard,4,1,3,0.25,1473.332498596916,2792
101115,Clay,26,7,19,0.2692,1428.8217600082749,2985
101115,Hard,1,0,1,0.0,1488.0,1862
101117,Carpet,79,44,35,0.557,1549.5581758458172,125
101117,Clay,63,24,39,0.381,1547.624285963092,310
101117,Hard,60,27,33,0.45,1501.8441791206963,1043
101117,Grass,51,33,18,0.6471,1593.7918653670206,96
101119,Clay,177,93,84,0.5254,1505.2348614067464,879
101119,Hard,54,17,37,0.3148,1396.8390515047593,3505
101119,Carpet,32,8,24,0.25,1388.4235034913283,1371
101119,Grass,4,1,3,0.25,1475.1723204436537,1257
101120,Clay,295,182,113,0.6169,1624.6435820426716,114
101120,Hard,110,55,55,0.5,1603.2691791753157,172
101120,Carpet,105,47,58,0.4476,1548.276345439242,127
101120,Grass,24,10,14,0.4167,1489.847196202233,726
101121,Clay,12,6,6,0.5,1508.2203998761406,822
101121,Hard,4,2,2,0.5,1497.2117103761973,1254
101122,Clay,4,1,3,0.25,1480.824909081665,2093
101122,Hard,1,0,1,0.0,1496.4661683516274,1274
101123,Hard,92,33,59,0.3587,1443.415663051319,3315
101123,Carpet,42,18,24,0.4286,1493.624451088471,549
101123,Clay,24,7,17,0.2917,1453.1263218605436,2820
101123,Grass,11,4,7,0.3636,1487.4518719443263,955
101124,Clay,173,94,79,0.5434,1557.697323723441,273
101124,Hard,43,21,22,0.4884,1533.3832194580027,453
101124,Carpet,37,16,21,0.4324,1512.6432727952729,265
101124,Grass,4,1,3,0.25,1485.8269575430322,1040
101125,Hard,1,0,1,0.0,1486.1046139408097,2250
101126,Hard,87,36,51,0.4138,1513.4036508590023,686
101126,Carpet,25,11,14,0.44,1476.4318947759834,1077
101126,Grass,17,6,11,0.3529,1458.3977052408613,1443
101126,Clay,5,1,4,0.2,1469.8200065377277,2516
101129,Hard,1,0,1,0.0,1488.377233337595,1799
101131,Clay,102,45,57,0.4412,1452.8009066019977,2827
101131,Hard,75,28,47,0.3733,1436.2341601352102,3378
101131,Carpet,9,3,6,0.3333,1482.99627068876,958
101131,Grass,2,0,2,0.0,1477.3959868181578,1177
101132,Clay,4,1,3,0.25,1488.8707339837893,1511
101133,Hard,84,36,48,0.4286,1459.8479345499256,3092
101133,Clay,37,11,26,0.2973,1453.5798234110118,2817
101133,Carpet,32,13,19,0.4062,1476.0123842303817,1096
101133,Grass,21,7,14,0.3333,1454.639745503401,1480
101134,Clay,2,0,2,0.0,1472.3722010544955,2471
101134,Hard,1,0,1,0.0,1490.9234657871225,1524
101134,Carpet,1,0,1,0.0,1495.2894952010597,533
101138,Hard,103,63,40,0.6117,1619.929847360886,138
101138,Grass,70,53,17,0.7571,1673.2579761478448,37
101138,Carpet,52,30,22,0.5769,1574.8731616878147,83
101138,Clay,26,11,15,0.4231,1510.345470291848,782
101142,Clay,450,290,160,0.6444,1485.7250125942676,1957
101142,Hard,177,104,73,0.5876,1552.22749263717,338
101142,Carpet,59,21,38,0.3559,1440.697639469334,1338
101142,Grass,12,4,8,0.3333,1462.4415950767234,1421
101143,Clay,17,5,12,0.2941,1461.3222205930683,2718
101143,Grass,5,2,3,0.4,1492.7523251992184,633
101143,Carpet,3,0,3,0.0,1473.378337446692,1144
101143,Hard,2,0,2,0.0,1477.2529642594911,2577
101144,Hard,3,0,3,0.0,1463.5879466862311,3035
101144,Grass,3,1,2,0.3333,1489.5081101239502,738
101145,Hard,92,46,46,0.5,1504.1317142784462,979
101145,Grass,21,8,13,0.381,1455.7013492377575,1472
101145,Carpet,21,7,14,0.3333,1441.2969042434509,1335
101145,Clay,10,2,8,0.2,1453.0710725622632,2822
101147,Clay,168,84,84,0.5,1546.3179948474217,321
101147,Hard,40,16,24,0.4,1466.6672737395977,2936
101147,Carpet,23,8,15,0.3478,1439.1706098913692,1341
101147,Grass,3,1,2,0.3333,1487.0819421920548,986
101149,Carpet,20,7,13,0.35,1455.5153434756864,1282
101149,Hard,4,0,4,0.0,1459.2349399207017,3097
101149,Clay,1,0,1,0.0,1490.6318574784273,1389
101150,Hard,255,106,149,0.4157,1531.0445245764338,473
101150,Carpet,71,31,40,0.4366,1507.8711609314287,362
101150,Grass,68,32,36,0.4706,1525.3251072465869,266
101150,Clay,41,6,35,0.1463,1371.648688316207,3072
101154,Hard,121,54,67,0.4463,1457.5975954348376,3126
101154,Grass,44,19,25,0.4318,1489.2924008952418,748
101154,Clay,28,7,21,0.25,1410.5633965920465,3046
101154,Carpet,14,4,10,0.2857,1440.6004471703977,1339
101155,Grass,9,2,7,0.2222,1449.7032061276805,1506
101156,Hard,21,13,8,0.619,1554.8537208208459,322
101156,Clay,13,8,5,0.6154,1523.3536722869992,512
101156,Carpet,4,0,4,0.0,1466.4213761643412,1200
101158,Hard,68,33,35,0.4853,1477.7654565896878,2550
101158,Clay,20,7,13,0.35,1467.500286541204,2581
101158,Grass,18,8,10,0.4444,1496.39400405725,581
101158,Carpet,5,0,5,0.0,1445.3759873183708,1325
101159,Grass,1,0,1,0.0,1488.0472935103599,835
101161,Clay,12,2,10,0.1667,1429.4559915738996,2981
101161,Hard,1,0,1,0.0,1488.0,1875
101163,Carpet,2,0,2,0.0,1476.9388830358873,1054
101163,Clay,2,0,2,0.0,1478.7161064643153,2179
101165,Hard,18,10,8,0.5556,1533.2881489269928,457
101165,Clay,15,6,9,0.4,1470.9321788449229,2494
101165,Carpet,5,0,5,0.0,1455.3624287359844,1284
101166,Clay,8,3,5,0.375,1485.9229750489296,1946
101166,Hard,1,0,1,0.0,1487.0722766627716,2160
101167,Clay,11,4,7,0.3636,1476.6629388747199,2291
101167,Hard,2,2,0,1.0,1524.3710144777424,525
101167,Carpet,1,0,1,0.0,1488.0612390783433,718
101171,Clay,5,3,2,0.6,1510.6303600163224,773
101171,Hard,5,0,5,0.0,1440.3807608148525,3343
101172,Hard,4,1,3,0.25,1475.702841303501,2709
101174,Hard,42,17,25,0.4048,1481.4249283689478,2387
101174,Clay,10,1,9,0.1,1421.443800165593,3014
101174,Carpet,9,3,6,0.3333,1467.0044386644645,1194
101174,Grass,4,0,4,0.0,1456.259695540266,1464
101178,Hard,47,21,26,0.4468,1510.9857348696364,824
101178,Grass,20,12,8,0.6,1561.2814571606225,150
101178,Carpet,8,3,5,0.375,1493.9698521886148,542
101178,Clay,1,0,1,0.0,1487.6824559290299,1795
101179,Hard,144,59,85,0.4097,1487.02297376276,2173
101179,Clay,72,28,44,0.3889,1503.1350328922485,929
101179,Carpet,32,14,18,0.4375,1482.6648330816977,960
101179,Grass,15,6,9,0.4,1496.3983266729276,579
101180,Clay,17,6,11,0.3529,1466.0964635832588,2614
101184,Clay,3,1,2,0.3333,1491.4643521080461,1338
101184,Carpet,1,0,1,0.0,1487.209434468621,885
101185,Hard,334,179,155,0.5359,1527.650850655927,493
101185,Clay,111,43,68,0.3874,1533.550585945508,395
101185,Grass,95,51,44,0.5368,1560.1212622520895,151
101185,Carpet,91,46,45,0.5055,1613.8276015936797,44
101186,Grass,3,0,3,0.0,1464.7956580357481,1391
101186,Clay,2,1,1,0.5,1503.7834087642377,914
101186,Hard,1,0,1,0.0,1489.260313598306,1676
101189,Clay,10,3,7,0.3,1474.4090426796602,2431
101190,Hard,117,65,52,0.5556,1648.9318612409766,98
101190,Clay,59,32,27,0.5424,1606.6982858665872,139
101190,Grass,40,19,21,0.475,1538.1233854588907,212
101190,Carpet,35,17,18,0.4857,1575.0057008544272,82
101191,Hard,312,172,140,0.5513,1574.506574553764,252
101191,Carpet,102,52,50,0.5098,1578.4433259716532,72
101191,Clay,90,46,44,0.5111,1578.025026611147,203
101191,Grass,68,39,29,0.5735,1584.6758290918754,110
101193,Hard,1,0,1,0.0,1487.7171709178735,2019
101195,Hard,327,206,121,0.63,1709.1079555042377,55
101195,Carpet,96,50,46,0.5208,1526.7928935000455,176
101195,Grass,61,35,26,0.5738,1601.221804416735,88
101195,Clay,48,13,35,0.2708,1416.4194179218919,3031
101196,Hard,207,110,97,0.5314,1527.0630364420674,496
101196,Grass,68,41,27,0.6029,1599.9337893895804,91
101196,Carpet,60,29,31,0.4833,1575.9352728916688,81
101196,Clay,36,11,25,0.3056,1456.4198584298658,2782
101198,Hard,1,0,1,0.0,1485.8189436494517,2266
101202,Hard,1,0,1,0.0,1487.7225727229413,2018
101203,Carpet,6,3,3,0.5,1497.0156791207191,518
101203,Hard,2,0,2,0.0,1475.321594375227,2732
101204,Hard,3,2,1,0.6667,1509.9113152306406,855
101205,Hard,124,55,69,0.4435,1488.7246555653653,1744
101205,Carpet,28,13,15,0.4643,1511.2181836543405,330
101205,Grass,19,7,12,0.3684,1478.7598816883494,1145
101205,Clay,3,0,3,0.0,1470.01026458591,2515
101207,Hard,3,0,3,0.0,1477.1503495754757,2587
101210,Clay,2,0,2,0.0,1480.6892124458577,2097
101211,Grass,1,0,1,0.0,1487.7272262020258,909
101214,Hard,111,41,70,0.3694,1500.0035289208797,1139
101214,Clay,70,34,36,0.4857,1525.785274851132,465
101214,Grass,45,24,21,0.5333,1556.0810493394495,165
101214,Carpet,16,5,11,0.3125,1441.2414434900852,1336
101215,Hard,9,3,6,0.3333,1481.0830006831513,2401
101215,Grass,1,0,1,0.0,1493.42416835805,621
101216,Hard,18,6,12,0.3333,1450.0570213452204,3249
101216,Carpet,10,5,5,0.5,1504.503227520044,385
101216,Clay,9,5,4,0.5556,1501.135786969838,972
101216,Grass,4,1,3,0.25,1474.6943141087766,1272
101217,Clay,3,1,2,0.3333,1494.584844749496,1215
101217,Carpet,1,0,1,0.0,1492.0591408567952,572
101217,Grass,1,0,1,0.0,1487.6400516335507,914
101222,Hard,460,367,93,0.7978,1752.9077999684596,32
101222,Carpet,243,173,70,0.7119,1735.7457849651103,10
101222,Clay,185,127,58,0.6865,1762.5972668877348,20
101222,Grass,114,93,21,0.8158,1790.4959657705913,7
101224,Hard,32,8,24,0.25,1399.317433522076,3504
101224,Carpet,10,5,5,0.5,1508.5319475573863,356
101224,Grass,8,1,7,0.125,1437.9217522647778,1575
101224,Clay,2,0,2,0.0,1484.1608977444043,2000
101225,Clay,2,1,1,0.5,1504.809455046513,892
101226,Hard,85,40,45,0.4706,1526.6806086928063,501
101226,Clay,19,6,13,0.3158,1446.535223741171,2885
101226,Carpet,10,3,7,0.3,1469.6834536461363,1173
101226,Grass,6,2,4,0.3333,1477.4574654867233,1173
101227,Hard,2,1,1,0.5,1498.39247229878,1217
101230,Clay,259,166,93,0.6409,1597.1461633552994,157
101230,Hard,227,129,98,0.5683,1542.8901558973714,394
101230,Carpet,94,43,51,0.4574,1501.3061957502687,429
101230,Grass,22,6,16,0.2727,1417.4448033706415,1627
101231,Hard,1,0,1,0.0,1494.4285593933062,1334
101232,Hard,51,26,25,0.5098,1546.2285167996513,371
101232,Clay,34,12,22,0.3529,1483.4864835863282,2019
101232,Carpet,17,6,11,0.3529,1471.0105085668465,1163
101232,Grass,11,4,7,0.3636,1480.053553028114,1113
101233,Hard,113,51,62,0.4513,1532.2222430463137,466
101233,Carpet,54,19,35,0.3519,1458.1282084430234,1260
101233,Clay,49,19,30,0.3878,1453.0553165161825,2823
101233,Grass,35,18,17,0.5143,1535.6382231951172,221
101234,Hard,119,55,64,0.4622,1504.6795179323653,965
101234,Carpet,74,36,38,0.4865,1539.2712921881493,149
101234,Clay,46,18,28,0.3913,1495.4954766729306,1194
101234,Grass,42,19,23,0.4524,1497.1472894403867,565
101235,Hard,215,114,101,0.5302,1582.845049427062,225
101235,Clay,141,65,76,0.461,1530.7665027956502,427
101235,Carpet,117,61,56,0.5214,1572.1141584056793,87
101235,Grass,53,28,25,0.5283,1564.637619178525,144
101236,Clay,13,6,7,0.4615,1494.516603132131,1219
101236,Hard,4,1,3,0.25,1481.4311225068136,2386
101236,Carpet,2,0,2,0.0,1476.827614673444,1061
101237,Hard,60,22,38,0.3667,1423.8410416576442,3442
101237,Carpet,16,6,10,0.375,1482.1414294521844,968
101237,Clay,5,0,5,0.0,1454.384811330204,2803
101237,Grass,3,0,3,0.0,1465.5907592337956,1379
101238,Clay,31,10,21,0.3226,1446.2846223883473,2888
101238,Hard,6,0,6,0.0,1439.8642588625464,3347
101238,Carpet,4,1,3,0.25,1476.0936305589275,1091
101238,Grass,1,0,1,0.0,1486.9693212226782,995
101240,Clay,2,1,1,0.5,1499.6403968626482,1058
101242,Hard,82,27,55,0.3293,1396.412914511016,3506
101242,Carpet,15,4,11,0.2667,1432.4777310817365,1348
101242,Grass,15,7,8,0.4667,1498.5885359681781,553
101242,Clay,8,3,5,0.375,1481.8394613228909,2066
101243,Clay,123,48,75,0.3902,1408.1795767025874,3053
101243,Hard,11,1,10,0.0909,1422.3803302929052,3450
101243,Carpet,3,0,3,0.0,1469.1160354781807,1180
101243,Grass,2,0,2,0.0,1485.4864392027798,1049
101244,Clay,1,0,1,0.0,1496.3082512193591,1168
101247,Grass,8,2,6,0.25,1456.6862928783744,1458
101248,Hard,2,0,2,0.0,1482.992006245454,2336
101249,Carpet,94,49,45,0.5213,1519.861701858831,227
101249,Hard,91,30,61,0.3297,1434.3665895210631,3391
101249,Clay,52,16,36,0.3077,1464.726043893239,2659
101249,Grass,46,23,23,0.5,1499.2001925242355,541
101250,Hard,10,3,7,0.3,1460.1601385893055,3086
101250,Carpet,3,1,2,0.3333,1486.9798356541194,902
101250,Clay,2,0,2,0.0,1485.2804231687983,1968
101251,Hard,23,5,18,0.2174,1401.5571242588335,3500
101251,Clay,18,7,11,0.3889,1507.9976422925624,824
101251,Carpet,17,8,9,0.4706,1511.6122363475195,321
101251,Grass,5,2,3,0.4,1489.715709148754,732
101252,Hard,4,2,2,0.5,1500.3456997729431,1117
101252,Clay,1,0,1,0.0,1492.0702103088247,1312
101254,Clay,2,1,1,0.5,1498.967345245727,1094
101255,Hard,3,2,1,0.6667,1515.125111617105,657
101255,Carpet,1,0,1,0.0,1486.4076843805483,921
101256,Hard,78,27,51,0.3462,1430.708659394709,3408
101256,Grass,38,22,16,0.5789,1554.0059897332458,174
101256,Carpet,16,7,9,0.4375,1495.4838577892137,530
101256,Clay,9,1,8,0.1111,1423.2356061143223,3012
101259,Grass,1,0,1,0.0,1488.957304550504,769
101260,Grass,1,0,1,0.0,1491.488120888521,661
101262,Hard,7,1,6,0.1429,1449.0124679682892,3261
101262,Carpet,5,2,3,0.4,1492.606877814694,562
101262,Clay,2,0,2,0.0,1475.8099530141767,2361
101263,Hard,29,6,23,0.2069,1402.291981988457,3498
101263,Clay,16,4,12,0.25,1439.3771497265868,2936
101263,Carpet,6,1,5,0.1667,1462.9220993250617,1235
101263,Grass,4,1,3,0.25,1483.6841553008644,1066
101264,Clay,26,14,12,0.5385,1554.3486500648223,289
101264,Carpet,20,13,7,0.65,1578.260527734093,73
101264,Hard,7,1,6,0.1429,1457.264688928559,3133
101264,Grass,1,0,1,0.0,1488.0,855
101265,Hard,192,96,96,0.5,1521.9534698715977,577
101265,Carpet,56,23,33,0.4107,1513.9406012922057,250
101265,Clay,34,13,21,0.3824,1480.6047777896013,2101
101265,Grass,20,8,12,0.4,1466.0273225629692,1372
101267,Carpet,2,0,2,0.0,1474.3991457857392,1134
101267,Hard,1,0,1,0.0,1487.010973044077,2176
101268,Hard,2,2,0,1.0,1522.339124965309,570
101268,Grass,1,0,1,0.0,1487.585699413623,932
101270,Carpet,6,4,2,0.6667,1531.9037551282631,168
101270,Clay,5,1,4,0.2,1481.0401715925552,2089
101270,Hard,1,0,1,0.0,1488.0,1881
101274,Clay,57,18,39,0.3158,1449.214546627285,2862
101274,Hard,35,10,25,0.2857,1442.316469811197,3325
101274,Carpet,25,13,12,0.52,1521.795153060071,218
101274,Grass,5,2,3,0.4,1488.73116346407,784
101276,Clay,290,160,130,0.5517,1511.2033966866418,748
101276,Hard,58,24,34,0.4138,1435.9073835290767,3379
101276,Carpet,8,2,6,0.25,1458.7987813151403,1256
101276,Grass,6,0,6,0.0,1441.5253058567835,1552
101278,Hard,9,5,4,0.5556,1527.4372161319186,495
101279,Grass,6,2,4,0.3333,1484.150780347115,1060
101279,Hard,5,1,4,0.2,1470.8194763468246,2838
101279,Carpet,4,2,2,0.5,1502.129694887479,421
101279,Clay,1,0,1,0.0,1498.392750718173,1116
101280,Carpet,6,1,5,0.1667,1463.2224633377236,1232
101280,Hard,1,0,1,0.0,1485.1827663980353,2282
101280,Grass,1,0,1,0.0,1487.7435715331203,908
101281,Hard,10,2,8,0.2,1464.4518770186567,3010
101282,Hard,5,1,4,0.2,1472.9481162715435,2804
101282,Clay,2,1,1,0.5,1501.0525457107385,974
101283,Clay,3,0,3,0.0,1475.4336655343639,2387
101284,Hard,45,18,27,0.4,1493.8676940369764,1362
101284,Clay,20,4,16,0.2,1423.938240838975,3010
101284,Carpet,7,1,6,0.1429,1448.1559907064607,1315
101284,Grass,1,0,1,0.0,1489.8066483196667,729
101285,Clay,144,58,86,0.4028,1487.9041135182772,1767
101285,Hard,64,23,41,0.3594,1473.958867867339,2777
101285,Carpet,35,10,25,0.2857,1427.3570247837904,1356
101285,Grass,22,11,11,0.5,1521.6515792676075,293
101287,Clay,6,4,2,0.6667,1522.9551972698625,520
101287,Hard,2,2,0,1.0,1524.5738768727276,520
101293,Hard,2,1,1,0.5,1501.8485321444,1042
101295,Hard,16,6,10,0.375,1474.718945191339,2760
101295,Carpet,3,0,3,0.0,1472.4525896485068,1150
101295,Clay,2,1,1,0.5,1499.2155070047681,1082
101298,Hard,150,88,62,0.5867,1630.0246116054536,126
101298,Carpet,149,91,58,0.6107,1613.3863666526674,45
101298,Clay,135,67,68,0.4963,1533.3296131715183,397
101298,Grass,24,12,12,0.5,1519.194910275445,316
101299,Hard,1,0,1,0.0,1492.9615422818977,1411
101299,Carpet,1,0,1,0.0,1489.0546636594636,660
101301,Clay,4,2,2,0.5,1509.3247691334618,803
101302,Carpet,1,0,1,0.0,1489.4197757275438,643
101302,Clay,1,0,1,0.0,1487.6046734184629,1810
101308,Hard,20,6,14,0.3,1452.166110692123,3226
101308,Grass,5,1,4,0.2,1468.663487148856,1335
101308,Clay,1,0,1,0.0,1491.7594818148127,1327
101309,Hard,124,82,42,0.6613,1748.8502439850745,34
101309,Clay,79,51,28,0.6456,1666.2147644745178,56
101309,Carpet,18,9,9,0.5,1518.818676643022,231
101309,Grass,2,1,1,0.5,1500.056028544598,519
101310,Clay,1,0,1,0.0,1497.1237896232587,1149
101311,Hard,21,5,16,0.2381,1447.8542782985396,3272
101311,Carpet,5,2,3,0.4,1486.8121661866562,913
101311,Grass,5,2,3,0.4,1493.468398501973,619
101312,Hard,85,33,52,0.3882,1524.0188014803884,529
101312,Carpet,19,9,10,0.4737,1487.0589907246476,899
101312,Grass,12,5,7,0.4167,1478.62783976319,1153
101312,Clay,10,1,9,0.1,1438.684973463736,2940
101314,Hard,3,1,2,0.3333,1489.7801265069866,1625
101314,Carpet,2,1,1,0.5,1500.678010996288,446
101315,Clay,3,1,2,0.3333,1489.677438517722,1454
101316,Clay,1,0,1,0.0,1491.210916856428,1353
101316,Hard,1,0,1,0.0,1486.8225095181997,2199
101317,Hard,3,1,2,0.3333,1498.444800965891,1214
101318,Clay,115,66,49,0.5739,1633.22037963199,96
101318,Hard,114,51,63,0.4474,1579.1852331174953,235
101318,Grass,72,40,32,0.5556,1590.9862045873565,100
101318,Carpet,23,8,15,0.3478,1469.051432676382,1181
101319,Clay,1,0,1,0.0,1486.7877129968217,1908
101320,Clay,328,213,115,0.6494,1655.3863042029168,71
101320,Hard,161,88,73,0.5466,1659.7760397898132,85
101320,Carpet,151,96,55,0.6358,1759.800070815426,6
101320,Grass,36,18,18,0.5,1516.0638872307902,335
101321,Clay,19,3,16,0.1579,1412.71301687505,3043
101321,Hard,1,0,1,0.0,1489.3211052667007,1664
101321,Carpet,1,0,1,0.0,1487.8594389229197,814
101322,Hard,2,0,2,0.0,1478.2200510976338,2520
101322,Clay,2,1,1,0.5,1498.8047381882345,1100
101323,Grass,1,0,1,0.0,1489.8802823175056,722
101324,Clay,70,41,29,0.5857,1581.3668759874652,191
101324,Hard,15,7,8,0.4667,1521.4386816881029,588
101324,Carpet,6,2,4,0.3333,1484.9061846901334,943
101324,Grass,5,2,3,0.4,1490.2198225694508,703
101325,Grass,3,0,3,0.0,1465.6887857385411,1378
101325,Hard,2,0,2,0.0,1478.1957278034024,2522
101327,Clay,11,1,10,0.0909,1436.063830710067,2956
101327,Hard,4,0,4,0.0,1458.9728809156943,3104
101327,Grass,2,0,2,0.0,1475.3673606270982,1250
101327,Carpet,1,0,1,0.0,1488.7274888390266,676
101328,Clay,2,0,2,0.0,1481.3362973308094,2082
101328,Grass,1,0,1,0.0,1487.7046921384328,910
101329,Clay,29,12,17,0.4138,1484.6742361786658,1985
101329,Hard,9,2,7,0.2222,1443.9563389702096,3310
101330,Hard,5,3,2,0.6,1517.7011327396963,625
101331,Grass,1,0,1,0.0,1487.2440235398064,969
101332,Hard,128,63,65,0.4922,1534.6624989196368,445
101332,Clay,40,10,30,0.25,1430.1670475752987,2979
101332,Carpet,23,9,14,0.3913,1499.2358238515264,490
101332,Grass,22,10,12,0.4545,1493.9226904197726,611
101333,Hard,2,0,2,0.0,1480.919756250466,2405
101334,Hard,222,125,97,0.5631,1585.662404497511,218
101334,Carpet,178,103,75,0.5787,1591.7153340538782,64
101334,Clay,93,37,56,0.3978,1526.5698076730719,456
101334,Grass,67,39,28,0.5821,1567.5446750129925,137
101336,Hard,1,0,1,0.0,1489.7045970268591,1629
101336,Clay,1,0,1,0.0,1490.9179676332744,1369
101337,Clay,85,38,47,0.4471,1478.3673293950644,2191
101337,Carpet,12,3,9,0.25,1456.6385705007892,1272
101337,Hard,9,1,8,0.1111,1436.808996208808,3370
101337,Grass,4,0,4,0.0,1455.5164729758774,1474
101338,Clay,5,0,5,0.0,1463.783496098081,2679
101338,Hard,2,0,2,0.0,1475.8663618929538,2703
101338,Carpet,1,0,1,0.0,1488.0,749
101339,Clay,14,5,9,0.3571,1474.64387804822,2424
101339,Hard,7,1,6,0.1429,1474.0028593375282,2775
101339,Carpet,3,1,2,0.3333,1495.4771972032167,531
101339,Grass,2,0,2,0.0,1479.4152366503552,1129
101340,Hard,7,2,5,0.2857,1475.883898038415,2702
101340,Clay,4,0,4,0.0,1451.9858705594766,2837
101340,Grass,2,1,1,0.5,1500.895928167021,496
101340,Carpet,2,0,2,0.0,1476.8446520342748,1056
101341,Hard,5,2,3,0.4,1490.0663604917336,1596
101341,Clay,4,0,4,0.0,1464.5549705178182,2665
101341,Carpet,1,0,1,0.0,1487.5714882604639,854
101342,Grass,2,0,2,0.0,1475.5516205966185,1245
101342,Carpet,1,0,1,0.0,1487.525094147929,864
101344,Clay,84,40,44,0.4762,1503.5350440490563,918
101344,Hard,33,14,19,0.4242,1512.8546324076385,697
101344,Carpet,10,3,7,0.3,1465.4051399497414,1212
101344,Grass,5,0,5,0.0,1457.9202153368751,1446
101348,Hard,16,7,9,0.4375,1529.5058565696022,484
101348,Grass,3,1,2,0.3333,1484.8803574884912,1057
101348,Carpet,3,2,1,0.6667,1515.2962707172164,240
101349,Hard,10,9,1,0.9,1591.076457881452,204
101349,Carpet,6,4,2,0.6667,1526.7869929486767,177
101349,Grass,3,0,3,0.0,1467.198060002014,1356
101349,Clay,2,1,1,0.5,1498.419744386821,1114
101350,Clay,2,0,2,0.0,1482.2642697472584,2053
101352,Clay,6,4,2,0.6667,1525.6711329949658,470
101352,Hard,3,0,3,0.0,1465.8438849145593,2960
101353,Hard,9,2,7,0.2222,1466.8223329924647,2933
101353,Carpet,3,2,1,0.6667,1510.5863777935856,341
101353,Clay,2,0,2,0.0,1481.5976079231316,2071
101353,Grass,1,0,1,0.0,1486.6017209239483,1020
101354,Hard,78,33,45,0.4231,1455.075993740198,3177
101354,Clay,30,12,18,0.4,1489.783165238421,1444
101354,Carpet,23,13,10,0.5652,1523.0966090057152,208
101354,Grass,1,0,1,0.0,1493.7402858327603,614
101355,Grass,1,0,1,0.0,1487.5858361551655,929
101355,Clay,1,0,1,0.0,1494.9896129448464,1205
101356,Hard,5,2,3,0.4,1504.1833668225925,976
101356,Clay,1,0,1,0.0,1488.2108313256774,1636
101358,Hard,152,69,83,0.4539,1501.0328642193213,1076
101358,Carpet,72,35,37,0.4861,1570.5667338798664,90
101358,Clay,66,18,48,0.2727,1435.3465198266067,2960
101358,Grass,19,8,11,0.4211,1482.8616162684873,1078
101360,Hard,5,1,4,0.2,1483.5859029167195,2328
101360,Grass,5,2,3,0.4,1486.4695280336343,1024
101360,Carpet,2,1,1,0.5,1500.9342510629872,441
101362,Hard,64,23,41,0.3594,1440.0883643774268,3346
101362,Grass,25,12,13,0.48,1505.9586748279944,422
101362,Carpet,21,6,15,0.2857,1442.7131260302065,1331
101362,Clay,15,4,11,0.2667,1472.6356348388474,2465
101363,Clay,1,0,1,0.0,1490.9770052807578,1366
101364,Hard,18,6,12,0.3333,1449.8388064682158,3250
101364,Grass,7,1,6,0.1429,1450.2176098596146,1504
101364,Carpet,2,1,1,0.5,1498.2898489881256,506
101365,Hard,43,18,25,0.4186,1489.993132005722,1605
101365,Carpet,14,5,9,0.3571,1458.0604650386942,1261
101365,Clay,13,6,7,0.4615,1484.6126899504413,1986
101365,Grass,6,1,5,0.1667,1457.3464472302078,1451
101366,Hard,5,0,5,0.0,1448.9525291623756,3263
101366,Carpet,3,0,3,0.0,1462.5547061150505,1236
101366,Grass,3,0,3,0.0,1464.0139971535798,1401
101367,Clay,4,2,2,0.5,1510.5449555862497,775
101367,Carpet,1,1,0,1.0,1512.0,279
101368,Clay,115,51,64,0.4435,1539.1565181435217,363
101368,Hard,17,6,11,0.3529,1458.1708232685562,3119
101368,Grass,5,0,5,0.0,1453.7829765313036,1483
101369,Carpet,8,6,2,0.75,1539.4759455143223,148
101369,Hard,7,4,3,0.5714,1509.7388936083576,861
101369,Clay,6,3,3,0.5,1499.006941626961,1093
101369,Grass,2,2,0,1.0,1523.5382480879316,279
101370,Clay,14,7,7,0.5,1514.436891389456,626
101370,Carpet,1,0,1,0.0,1490.3254242141686,613
101371,Hard,5,1,4,0.2,1464.0695537044396,3021
101371,Clay,1,0,1,0.0,1488.0,1685
101372,Hard,4,2,2,0.5,1501.4134138495447,1056
101373,Hard,77,35,42,0.4545,1578.509224438448,237
101373,Clay,44,15,29,0.3409,1444.0512067555594,2909
101373,Grass,25,11,14,0.44,1503.4836324803384,448
101373,Carpet,18,7,11,0.3889,1487.3127736611518,875
101374,Hard,88,36,52,0.4091,1510.4096256939995,843
101374,Clay,72,35,37,0.4861,1551.9308913804546,295
101374,Carpet,27,12,15,0.4444,1485.0628728534145,942
101374,Grass,13,2,11,0.1538,1426.8381413288566,1602
101375,Clay,5,2,3,0.4,1492.2637221823766,1302
101375,Hard,4,0,4,0.0,1458.927249303381,3105
101375,Carpet,1,0,1,0.0,1487.7666219605037,821
101375,Grass,1,0,1,0.0,1495.2619091612628,590
101377,Hard,127,68,59,0.5354,1596.501386444194,191
101377,Clay,101,46,55,0.4554,1579.1924992207491,193
101377,Carpet,71,34,37,0.4789,1521.0310015730836,223
101377,Grass,27,14,13,0.5185,1539.463664323892,205
101378,Clay,72,32,40,0.4444,1510.771566508023,768
101378,Hard,16,7,9,0.4375,1501.1263041498376,1072
101378,Grass,3,1,2,0.3333,1491.4813965275848,662
101380,Hard,10,3,7,0.3,1469.636160573483,2868
101381,Hard,305,196,109,0.6426,1618.8683452304763,143
101381,Clay,173,98,75,0.5665,1574.477534159636,216
101381,Carpet,90,47,43,0.5222,1509.9386947477876,350
101381,Grass,21,12,9,0.5714,1557.6755058115443,159
101382,Clay,398,218,180,0.5477,1574.9229020600153,211
101382,Hard,85,27,58,0.3176,1406.4675377516467,3485
101382,Carpet,15,4,11,0.2667,1445.6213597415303,1322
101382,Grass,3,0,3,0.0,1473.7508601986658,1280
101383,Clay,2,0,2,0.0,1476.5983187022405,2298
101383,Hard,2,1,1,0.5,1509.2498518490872,875
101383,Carpet,2,0,2,0.0,1475.6339831438543,1106
101384,Clay,4,0,4,0.0,1455.3558666659444,2794
101385,Clay,1,0,1,0.0,1486.9254424962382,1895
101386,Hard,1,0,1,0.0,1491.511930820138,1494
101386,Clay,1,1,0,1.0,1511.0705724480274,753
101387,Clay,161,74,87,0.4596,1573.808602743907,218
101387,Hard,19,2,17,0.1053,1382.6676581520203,3518
101387,Grass,5,1,4,0.2,1470.5451466170098,1310
101387,Carpet,3,0,3,0.0,1471.5311597828418,1158
101388,Clay,2,1,1,0.5,1504.1872298336282,902
101389,Hard,5,0,5,0.0,1445.5956310380218,3295
101389,Clay,1,0,1,0.0,1495.8926806390493,1176
101389,Grass,1,0,1,0.0,1490.4341823218706,693
101390,Clay,1,0,1,0.0,1488.8499170035493,1517
101391,Clay,181,86,95,0.4751,1500.0638845071521,1026
101391,Hard,124,65,59,0.5242,1528.0382041265739,491
101391,Carpet,111,59,52,0.5315,1546.2472323215788,131
101391,Grass,9,2,7,0.2222,1462.9648041478522,1414
101392,Hard,8,2,6,0.25,1459.3981711284528,3096
101392,Clay,2,0,2,0.0,1474.2287239075306,2435
101392,Carpet,1,0,1,0.0,1488.3744485953216,705
101393,Clay,26,11,15,0.4231,1523.5923111285101,498
101393,Carpet,13,6,7,0.4615,1497.6065085828511,510
101393,Hard,6,2,4,0.3333,1492.8650071339807,1418
101393,Grass,3,1,2,0.3333,1490.4603023856207,692
101398,Hard,53,19,34,0.3585,1451.9815874458916,3229
101398,Grass,14,5,9,0.3571,1464.8938368687081,1390
101398,Carpet,6,1,5,0.1667,1461.6587185478393,1240
101398,Clay,2,0,2,0.0,1477.34492991686,2232
101400,Grass,2,0,2,0.0,1478.7374060655309,1147
101400,Carpet,2,0,2,0.0,1476.7147352084314,1071
101400,Clay,2,1,1,0.5,1499.9641516694599,1041
101402,Hard,2,1,1,0.5,1501.0021510223687,1079
101402,Grass,1,0,1,0.0,1488.3596840511912,815
101404,Clay,553,424,129,0.7667,1707.463031582164,35
101404,Hard,233,149,84,0.6395,1713.584578846202,50
101404,Carpet,94,42,52,0.4468,1586.5945041200646,66
101404,Grass,18,8,10,0.4444,1504.6116858334758,432
101405,Clay,1,0,1,0.0,1491.987801519078,1316
101405,Carpet,1,0,1,0.0,1490.8281196311314,598
101406,Clay,27,14,13,0.5185,1517.7252698796522,582
101406,Hard,13,7,6,0.5385,1529.5483644919148,482
101406,Carpet,2,1,1,0.5,1508.0952535874367,361
101407,Hard,29,9,20,0.3103,1460.3170100929856,3083
101407,Clay,26,8,18,0.3077,1471.5111329320086,2485
101407,Carpet,10,3,7,0.3,1474.977373106701,1128
101407,Grass,7,4,3,0.5714,1515.104936756171,338
101409,Hard,251,142,109,0.5657,1605.6789492498094,167
101409,Clay,186,101,85,0.543,1574.518568845049,215
101409,Carpet,40,19,21,0.475,1510.50318052087,342
101409,Grass,12,5,7,0.4167,1491.227645061498,669
101412,Hard,194,94,100,0.4845,1518.0885260007333,622
101412,Carpet,50,22,28,0.44,1508.2257856096933,360
101412,Grass,43,24,19,0.5581,1565.679132968755,143
101412,Clay,26,8,18,0.3077,1467.6052742180384,2579
101413,Hard,12,10,2,0.8333,1589.244418346028,212
101413,Clay,5,4,1,0.8,1532.7813584889216,404
101413,Carpet,5,2,3,0.4,1489.3481644153687,646
101413,Grass,3,2,1,0.6667,1518.113994896041,325
101414,Carpet,320,256,64,0.8,1834.399466864169,2
101414,Hard,286,219,67,0.7657,1768.8767846455212,24
101414,Clay,180,120,60,0.6667,1772.0950722015025,17
101414,Grass,132,110,22,0.8333,1801.346858141881,5
101416,Clay,84,27,57,0.3214,1414.8898537166478,3037
101416,Hard,32,13,19,0.4062,1490.8049275849016,1534
101416,Carpet,15,6,9,0.4,1471.5128658681008,1159
101416,Grass,5,1,4,0.2,1469.5795616042508,1319
101417,Clay,17,3,14,0.1765,1428.9831162343355,2983
101417,Hard,7,1,6,0.1429,1447.3941763512778,3277
101418,Carpet,1,0,1,0.0,1486.9836925624334,901
101419,Clay,2,0,2,0.0,1476.3005882525122,2325
101419,Hard,2,0,2,0.0,1477.26373090516,2575
101420,Clay,13,4,9,0.3077,1461.8044957036786,2712
101420,Hard,2,0,2,0.0,1482.5481761478372,2350
101421,Hard,42,20,22,0.4762,1516.7456047928233,636
101421,Clay,34,16,18,0.4706,1546.9226372351818,314
101421,Carpet,22,8,14,0.3636,1458.3689014856134,1259
101421,Grass,12,5,7,0.4167,1502.9200982462032,459
101422,Hard,15,3,12,0.2,1450.2411855720218,3245
101422,Clay,10,5,5,0.5,1496.1505726423413,1171
101422,Grass,7,3,4,0.4286,1496.7189393472347,574
101423,Hard,3,0,3,0.0,1468.3655165243108,2894
101423,Clay,1,0,1,0.0,1492.2509349552606,1303
101424,Hard,1,0,1,0.0,1488.168183014165,1821
101426,Clay,189,146,43,0.7725,1787.0363172952452,14
101426,Hard,13,7,6,0.5385,1530.415512985049,476
101427,Clay,4,1,3,0.25,1480.661891877482,2100
101429,Clay,4,1,3,0.25,1484.3992337503346,1993
101429,Carpet,1,0,1,0.0,1487.1138470257044,898
101430,Clay,34,13,21,0.3824,1466.2376851294416,2609
101430,Hard,10,5,5,0.5,1514.3327020664678,668
101432,Clay,31,16,15,0.5161,1515.6465407411752,611
101432,Carpet,25,12,13,0.48,1515.7835592717126,239
101432,Hard,23,7,16,0.3043,1461.2120035482699,3068
101432,Grass,3,0,3,0.0,1471.020159246908,1308
101433,Grass,1,0,1,0.0,1489.0440616807316,763
101434,Hard,268,169,99,0.6306,1696.3474738447346,61
101434,Carpet,194,124,70,0.6392,1715.255618429859,13
101434,Clay,156,90,66,0.5769,1662.9204757140333,61
101434,Grass,46,30,16,0.6522,1649.8872694621277,49
101435,Hard,2,0,2,0.0,1473.9846943573139,2776
101436,Clay,7,1,6,0.1429,1460.8284679126657,2725
101436,Carpet,3,1,2,0.3333,1490.6935127583672,604
101437,Hard,3,1,2,0.3333,1494.6918596477763,1326
101437,Grass,2,0,2,0.0,1479.4781844860943,1127
101437,Carpet,2,2,0,1.0,1523.172385326556,205
101438,Carpet,1,0,1,0.0,1487.9060296330938,811
101439,Clay,400,215,185,0.5375,1546.4508699204919,318
101439,Hard,198,90,108,0.4545,1539.9224023760266,413
101439,Carpet,52,19,33,0.3654,1454.7524846571662,1291
101439,Grass,11,3,8,0.2727,1468.9506660025086,1332
101440,Clay,92,46,46,0.5,1559.5468030194634,268
101440,Hard,41,18,23,0.439,1490.127289520537,1585
101440,Carpet,17,5,12,0.2941,1440.2187421588078,1340
101440,Grass,6,3,3,0.5,1499.2738598290684,540
101441,Carpet,44,21,23,0.4773,1556.6270404160168,108
101441,Clay,41,13,28,0.3171,1471.058126383832,2493
101441,Hard,36,15,21,0.4167,1508.6478473867996,886
101441,Grass,7,1,6,0.1429,1446.8649955359745,1523
101444,Hard,4,1,3,0.25,1488.8123447709686,1727
101444,Clay,3,2,1,0.6667,1512.3342626522954,673
101444,Carpet,2,0,2,0.0,1476.827614673444,1065
101444,Grass,1,0,1,0.0,1490.4756255083535,691
101445,Clay,6,0,6,0.0,1441.2217989901321,2922
101447,Clay,2,0,2,0.0,1478.2995322531617,2194
101448,Clay,28,15,13,0.5357,1533.9606361070278,392
101448,Grass,2,0,2,0.0,1476.397111988279,1211
101448,Carpet,2,0,2,0.0,1476.827614673444,1064
101448,Hard,2,1,1,0.5,1501.0997806374585,1075
101451,Clay,25,8,17,0.32,1464.8091315108104,2656
101451,Carpet,1,0,1,0.0,1487.1772052893057,891
101452,Hard,5,1,4,0.2,1475.4940925798749,2723
101459,Clay,51,21,30,0.4118,1511.0390824742906,756
101459,Hard,27,7,20,0.2593,1435.6979860683969,3380
101459,Carpet,14,6,8,0.4286,1486.4694627260435,920
101459,Grass,5,1,4,0.2,1477.2112402838334,1181
101460,Clay,67,26,41,0.3881,1507.838190851524,827
101460,Hard,17,2,15,0.1176,1386.8833049387483,3516
101460,Carpet,8,3,5,0.375,1483.467637564093,954
101460,Grass,5,0,5,0.0,1444.0494791440724,1541
101461,Hard,4,1,3,0.25,1489.3038180451715,1667
101461,Clay,1,0,1,0.0,1488.0,1677
101461,Grass,1,0,1,0.0,1490.4778654792142,690
101462,Clay,111,43,68,0.3874,1510.0277576892904,789
101462,Hard,36,15,21,0.4167,1499.9157671103903,1150
101462,Carpet,11,5,6,0.4545,1504.3914942705294,387
101462,Grass,2,1,1,0.5,1499.4613674767315,538
101463,Clay,145,77,68,0.531,1597.3980608045829,156
101463,Hard,117,52,65,0.4444,1557.6658403934168,306
101463,Carpet,18,3,15,0.1667,1417.3622396375924,1361
101463,Grass,17,4,13,0.2353,1426.6940656853837,1604
101468,Clay,41,12,29,0.2927,1441.4207481100113,2919
101468,Hard,11,7,4,0.6364,1544.2085179753897,384
101468,Carpet,4,2,2,0.5,1499.8369034154505,472
101468,Grass,1,0,1,0.0,1486.7977607463745,1009
101469,Hard,21,6,15,0.2857,1462.6143193818987,3053
101469,Carpet,11,5,6,0.4545,1504.1895242397895,390
101469,Grass,6,1,5,0.1667,1456.587734163329,1461
101469,Clay,1,0,1,0.0,1489.1567979208166,1495
101472,Carpet,1,0,1,0.0,1484.5897771078378,945
101473,Clay,18,9,9,0.5,1537.7101340580575,369
101473,Carpet,10,1,9,0.1,1434.660268671047,1345
101473,Hard,2,1,1,0.5,1506.2063648284347,925
101475,Clay,327,196,131,0.5994,1555.5114330120982,282
101475,Hard,97,44,53,0.4536,1496.4350559926854,1275
101475,Carpet,24,5,19,0.2083,1423.2770196877073,1358
101475,Grass,8,3,5,0.375,1480.0229983742774,1116
101476,Clay,4,1,3,0.25,1481.9984739301462,2063
101476,Hard,1,0,1,0.0,1495.3327908608815,1309
101477,Grass,28,9,19,0.3214,1433.5156849183884,1587
101477,Hard,19,7,12,0.3684,1480.01250888401,2437
101477,Carpet,2,0,2,0.0,1477.8326689003552,1030
101479,Carpet,4,2,2,0.5,1502.9874384246968,404
101479,Hard,2,0,2,0.0,1475.73543477248,2706
101479,Clay,1,0,1,0.0,1492.71687207855,1276
101481,Clay,154,71,83,0.461,1440.9845363153822,2925
101481,Carpet,83,44,39,0.5301,1552.1897554131187,116
101481,Hard,57,30,27,0.5263,1604.0401361619886,171
101481,Grass,13,5,8,0.3846,1478.8816750003577,1142
101482,Hard,101,45,56,0.4455,1509.070204038782,880
101482,Carpet,35,13,22,0.3714,1482.5585714995646,963
101482,Clay,18,4,14,0.2222,1458.4627297582326,2756
101482,Grass,16,5,11,0.3125,1459.5248001459804,1439
101483,Hard,2,1,1,0.5,1499.926445015131,1149
101483,Carpet,1,0,1,0.0,1488.0,742
101484,Clay,10,6,4,0.6,1537.9216706808008,367
101484,Hard,2,0,2,0.0,1477.3640326148848,2568
101485,Hard,29,21,8,0.7241,1592.8142542664486,201
101485,Clay,11,1,10,0.0909,1412.7314892473653,3042
101485,Carpet,1,0,1,0.0,1491.5057069869497,584
101486,Clay,1,0,1,0.0,1488.0,1683
101490,Clay,34,13,21,0.3824,1495.5204498553776,1192
101490,Hard,7,1,6,0.1429,1449.7663991563784,3252
101490,Grass,3,0,3,0.0,1468.2218642352768,1341
101490,Carpet,1,0,1,0.0,1486.8344834693905,912
101492,Hard,5,1,4,0.2,1466.328002940963,2944
101492,Grass,5,1,4,0.2,1469.5549760033932,1320
101492,Carpet,3,1,2,0.3333,1491.6582599964065,582
101493,Hard,1,0,1,0.0,1486.45010012563,2228
101495,Clay,33,18,15,0.5455,1558.75489048834,271
101495,Hard,10,3,7,0.3,1468.763599168971,2883
101495,Carpet,3,0,3,0.0,1469.6971388691175,1172
101499,Clay,2,1,1,0.5,1500.574318377307,996
101499,Carpet,2,0,2,0.0,1476.414300586377,1079
101499,Hard,1,0,1,0.0,1492.216911463606,1448
101500,Hard,74,21,53,0.2838,1330.7610982167002,3522
101500,Grass,42,23,19,0.5476,1532.0248231857504,235
101500,Carpet,38,17,21,0.4474,1487.1819590600785,889
101500,Clay,29,10,19,0.3448,1461.7755950883407,2713
101502,Clay,4,0,4,0.0,1467.7117085767543,2574
101502,Hard,1,0,1,0.0,1488.2648659902977,1812
101503,Hard,2,0,2,0.0,1486.4116775608568,2230
101504,Hard,7,2,5,0.2857,1476.6130885040754,2637
101504,Clay,4,1,3,0.25,1488.947462354023,1505
101504,Carpet,2,1,1,0.5,1501.2334180482035,432
101505,Grass,1,0,1,0.0,1485.4965418752458,1048
101506,Hard,9,1,8,0.1111,1429.4955707716151,3416
101506,Carpet,8,6,2,0.75,1542.71532468422,139
101506,Clay,3,0,3,0.0,1469.0591089039342,2538
101506,Grass,1,1,0,1.0,1511.585699413623,378
101507,Clay,274,141,133,0.5146,1565.152507610062,247
101507,Hard,80,31,49,0.3875,1470.6216472798417,2849
101507,Carpet,46,16,30,0.3478,1498.9206176460016,497
101507,Grass,17,6,11,0.3529,1488.8827552782616,772
101508,Clay,1,0,1,0.0,1486.438385949317,1931
101508,Hard,1,0,1,0.0,1492.0398518777647,1466
101509,Carpet,1,0,1,0.0,1488.0,727
101510,Hard,106,51,55,0.4811,1556.0104134933454,316
101510,Carpet,44,18,26,0.4091,1505.3282351940084,376
101510,Grass,38,22,16,0.5789,1568.2324728905228,134
101510,Clay,19,5,14,0.2632,1463.5204945448036,2685
101511,Clay,303,179,124,0.5908,1555.5020039571564,283
101511,Hard,67,23,44,0.3433,1468.4386533521517,2890
101511,Carpet,56,26,30,0.4643,1467.5132112362865,1189
101511,Grass,7,1,6,0.1429,1445.627264079827,1533
101512,Grass,1,0,1,0.0,1487.7595864108744,907
101513,Hard,3,1,2,0.3333,1493.9748771654288,1354
101513,Carpet,1,0,1,0.0,1489.365009882781,645
101514,Hard,1,0,1,0.0,1486.8312514955073,2197
101515,Clay,14,5,9,0.3571,1487.8122874056762,1781
101515,Hard,7,2,5,0.2857,1494.9602978551388,1318
101515,Grass,2,0,2,0.0,1480.1502093371437,1111
101516,Carpet,2,1,1,0.5,1499.585699413623,485
101516,Hard,1,0,1,0.0,1486.8857889599874,2189
101522,Hard,3,1,2,0.3333,1494.8726969722024,1322
101522,Carpet,1,1,0,1.0,1512.0,277
101522,Clay,1,0,1,0.0,1487.6132744793963,1809
101524,Clay,2,1,1,0.5,1513.1145403124337,647
101529,Hard,184,122,62,0.663,1707.0178263911469,57
101529,Clay,157,105,52,0.6688,1806.8356983264462,11
101529,Carpet,145,98,47,0.6759,1727.2149874795114,12
101529,Grass,78,61,17,0.7821,1760.218567902246,11
101531,Clay,8,2,6,0.25,1469.6098199256555,2525
101532,Clay,460,266,194,0.5783,1515.4429823495793,612
101532,Hard,220,105,115,0.4773,1592.9237590770883,200
101532,Carpet,29,9,20,0.3103,1472.3736065989624,1154
101532,Grass,22,11,11,0.5,1519.089892167151,317
101534,Hard,19,8,11,0.4211,1503.1728685258126,1003
101534,Clay,12,3,9,0.25,1471.2824250854424,2489
101536,Hard,3,0,3,0.0,1476.7858389204348,2624
101536,Grass,1,0,1,0.0,1488.0040993505218,840
101536,Clay,1,0,1,0.0,1487.8830767271052,1771
101543,Hard,313,146,167,0.4665,1437.0584455085896,3368
101543,Clay,108,49,59,0.4537,1543.5234729574363,336
101543,Carpet,72,31,41,0.4306,1556.0184203127046,110
101543,Grass,41,14,27,0.3415,1458.6022638185354,1442
101544,Clay,1,0,1,0.0,1492.8507244555165,1272
101545,Clay,7,4,3,0.5714,1511.6200424482038,731
101545,Hard,2,2,0,1.0,1522.3214917585165,572
101545,Carpet,2,2,0,1.0,1522.834846401261,211
101546,Hard,3,2,1,0.6667,1512.5382376564244,703
101546,Clay,1,0,1,0.0,1492.8908827915498,1269
101549,Hard,78,30,48,0.3846,1496.6695733639815,1272
101549,Clay,72,27,45,0.375,1476.2699834391626,2329
101549,Carpet,22,8,14,0.3636,1480.6002653847568,987
101549,Grass,11,2,9,0.1818,1439.3265578572357,1562
101550,Hard,8,1,7,0.125,1438.300034210496,3360
101550,Clay,3,0,3,0.0,1469.038990644812,2539
101552,Clay,20,6,14,0.3,1453.706922697358,2814
101552,Hard,20,10,10,0.5,1519.9815474708205,605
101552,Carpet,7,0,7,0.0,1428.4176083851603,1355
101554,Carpet,2,0,2,0.0,1476.0808657599773,1092
101554,Clay,2,1,1,0.5,1499.5035478135057,1074
101555,Hard,2,0,2,0.0,1477.2866189785693,2573
101556,Hard,3,0,3,0.0,1467.9335450695705,2909
101561,Clay,17,6,11,0.3529,1467.262727152958,2588
101561,Hard,3,1,2,0.3333,1499.1723167582734,1193
101563,Hard,12,5,7,0.4167,1484.5108500910687,2299
101563,Clay,11,7,4,0.6364,1525.2097487402848,480
101563,Carpet,4,0,4,0.0,1452.5634520992019,1301
101565,Hard,3,0,3,0.0,1481.2077488588607,2396
101566,Carpet,1,0,1,0.0,1489.1581120467974,655
101567,Hard,11,4,7,0.3636,1501.1300668339434,1071
101567,Clay,9,1,8,0.1111,1462.097040179774,2705
101567,Carpet,8,1,7,0.125,1448.3184496839906,1314
101567,Grass,6,1,5,0.1667,1466.096963538748,1369
101570,Clay,3,0,3,0.0,1470.3539358662417,2508
101570,Hard,1,0,1,0.0,1486.8977141990238,2188
101573,Hard,3,0,3,0.0,1471.3461298164623,2827
101573,Carpet,2,0,2,0.0,1474.903341840352,1130
101574,Clay,37,14,23,0.3784,1459.6685657672244,2739
101574,Hard,5,2,3,0.4,1487.5431175283052,2081
101575,Hard,1,0,1,0.0,1488.0,1885
101576,Carpet,6,2,4,0.3333,1489.257625119673,651
101576,Hard,5,0,5,0.0,1456.1214721236672,3158
101576,Clay,2,0,2,0.0,1475.0882744884875,2407
101577,Hard,18,11,7,0.6111,1562.7331954728206,291
101577,Carpet,10,0,10,0.0,1398.843382151218,1367
101577,Clay,8,7,1,0.875,1560.9036408974164,261
101577,Grass,4,2,2,0.5,1502.7328985096817,463
101578,Clay,19,7,12,0.3684,1467.4722510219153,2582
101578,Carpet,2,1,1,0.5,1500.4777385035547,451
101578,Hard,1,0,1,0.0,1487.7228294457718,2017
101579,Clay,1,0,1,0.0,1489.60860568692,1458
101580,Hard,10,5,5,0.5,1504.6909316907866,963
101580,Grass,1,0,1,0.0,1487.2418049762662,970
101581,Clay,11,3,8,0.2727,1463.4347924528033,2689
101581,Carpet,1,0,1,0.0,1487.8263142734006,816
101582,Clay,199,103,96,0.5176,1544.0207304994512,332
101582,Hard,38,10,28,0.2632,1420.2411333836258,3455
101582,Carpet,8,2,6,0.25,1461.9983718533745,1239
101582,Grass,2,0,2,0.0,1476.2771316161989,1216
101584,Hard,8,2,6,0.25,1473.2806612646998,2794
101584,Grass,1,0,1,0.0,1488.1703284006321,826
101585,Hard,2,1,1,0.5,1499.8631146136765,1155
101585,Carpet,1,0,1,0.0,1488.0,745
101588,Hard,1,0,1,0.0,1490.5735691202296,1550
101589,Hard,158,85,73,0.538,1617.2343310582933,148
101589,Carpet,122,70,52,0.5738,1598.740932688025,59
101589,Clay,122,58,64,0.4754,1599.857069426021,151
101589,Grass,35,19,16,0.5429,1532.6372753341007,233
101590,Hard,11,2,9,0.1818,1441.8222780210065,3331
101590,Clay,7,5,2,0.7143,1533.5969997919863,394
101590,Grass,4,2,2,0.5,1502.109881642122,470
101590,Carpet,3,1,2,0.3333,1498.787517810285,499
101591,Grass,22,8,14,0.3636,1481.3202430862952,1096
101591,Hard,11,4,7,0.3636,1484.203634888882,2308
101591,Carpet,9,1,8,0.1111,1444.6332919492609,1327
101591,Clay,8,5,3,0.625,1532.2857433555055,410
101593,Hard,36,13,23,0.3611,1477.862201608679,2545
101593,Clay,17,6,11,0.3529,1463.6179478216568,2682
101593,Carpet,7,4,3,0.5714,1509.9436595900636,349
101593,Grass,2,0,2,0.0,1477.520525934976,1171
101594,Hard,37,19,18,0.5135,1543.31386943605,391
101594,Clay,23,9,14,0.3913,1497.6440276873843,1140
101594,Carpet,3,0,3,0.0,1475.0889464232553,1127
101594,Grass,1,0,1,0.0,1487.9816450805788,880
101596,Clay,12,8,4,0.6667,1527.3059395559249,450
101596,Hard,4,2,2,0.5,1500.1546869993642,1124
101597,Hard,11,2,9,0.1818,1456.2175545241312,3156
101597,Grass,7,1,6,0.1429,1455.8490346536191,1470
101597,Carpet,3,1,2,0.3333,1499.6908273776799,478
101597,Clay,3,1,2,0.3333,1496.7780962208374,1161
101598,Clay,3,1,2,0.3333,1489.7285006634327,1450
101598,Hard,3,1,2,0.3333,1503.6264253489803,990
101598,Grass,2,1,1,0.5,1502.5685930529369,464
101599,Clay,1,0,1,0.0,1488.3306577761568,1619
101600,Clay,3,1,2,0.3333,1492.6187721544582,1286
101600,Grass,2,1,1,0.5,1500.6263815242467,503
101600,Carpet,1,0,1,0.0,1492.283309235631,565
101601,Hard,182,91,91,0.5,1567.4946352076227,272
101601,Carpet,67,34,33,0.5075,1574.3504256673841,85
101601,Grass,59,35,24,0.5932,1628.5185402837953,65
101601,Clay,35,15,20,0.4286,1540.2827633605812,353
101602,Carpet,1,0,1,0.0,1487.7934262866584,818
101602,Hard,1,0,1,0.0,1494.1036995112252,1347
101602,Clay,1,0,1,0.0,1495.946081968894,1175
101605,Hard,7,5,2,0.7143,1539.9657282825565,412
101605,Clay,2,1,1,0.5,1497.6584074317964,1139
101605,Carpet,1,0,1,0.0,1488.0,747
101606,Clay,199,117,82,0.5879,1525.5227680304458,475
101606,Hard,63,28,35,0.4444,1531.2131506435849,472
101606,Carpet,11,4,7,0.3636,1483.282740420623,956
101606,Grass,3,1,2,0.3333,1495.5787206385146,588
101608,Clay,4,1,3,0.25,1494.8692606653644,1207
101608,Grass,3,0,3,0.0,1466.4778897394162,1365
101608,Carpet,2,1,1,0.5,1504.4966417449207,386
101609,Hard,226,125,101,0.5531,1546.2044034250277,372
101609,Grass,77,49,28,0.6364,1609.4267197837837,80
101609,Carpet,63,28,35,0.4444,1513.199960408924,257
101609,Clay,57,30,27,0.5263,1578.9456444356117,195
101611,Hard,272,151,121,0.5551,1630.352557616819,124
101611,Clay,220,118,102,0.5364,1663.755382218552,58
101611,Carpet,139,75,64,0.5396,1600.355897581578,57
101611,Grass,77,46,31,0.5974,1618.4585278856375,76
101612,Clay,4,1,3,0.25,1484.591917419341,1987
101612,Hard,3,1,2,0.3333,1498.1654981178856,1223
101612,Carpet,1,0,1,0.0,1486.4826305421566,919
101613,Hard,240,145,95,0.6042,1603.087862765427,173
101613,Carpet,77,40,37,0.5195,1605.8133883373105,53
101613,Clay,76,43,33,0.5658,1588.0353656228913,176
101613,Grass,47,26,21,0.5532,1568.0988209963884,136
101615,Hard,4,1,3,0.25,1480.860674047493,2410
101616,Carpet,1,0,1,0.0,1489.661260455482,631
101617,Hard,1,0,1,0.0,1487.584283591118,2058
101619,Hard,1,0,1,0.0,1486.9838416966072,2181
101620,Clay,2,1,1,0.5,1499.6112463133747,1065
101625,Hard,1,0,1,0.0,1490.4349414458857,1563
101626,Hard,2,1,1,0.5,1500.7637070235105,1094
101626,Clay,1,0,1,0.0,1492.1473710028931,1307
101629,Clay,1,0,1,0.0,1491.9564779175596,1319
101630,Hard,19,13,6,0.6842,1549.632972497218,344
101630,Clay,8,4,4,0.5,1505.1304168874726,881
101630,Carpet,4,3,1,0.75,1522.0149001092316,215
101632,Clay,7,2,5,0.2857,1482.7269753615221,2041
101632,Hard,2,0,2,0.0,1475.3755257294738,2728
101632,Carpet,1,0,1,0.0,1487.1625856671355,894
101636,Hard,13,3,10,0.2308,1471.9912551245834,2819
101636,Clay,10,4,6,0.4,1498.547316788684,1107
101636,Grass,4,0,4,0.0,1455.8580181672369,1469
101637,Hard,3,0,3,0.0,1475.1812564347335,2741
101638,Hard,2,1,1,0.5,1498.4008635977725,1216
101638,Clay,1,0,1,0.0,1488.0,1706
101639,Hard,5,2,3,0.4,1496.5751333047854,1273
101641,Hard,5,0,5,0.0,1449.68817929741,3256
101641,Clay,5,1,4,0.2,1468.1084764881093,2565
101641,Carpet,2,0,2,0.0,1476.2457168445978,1084
101642,Clay,74,38,36,0.5135,1564.0544229433735,252
101642,Hard,21,7,14,0.3333,1446.9686641763565,3281
101642,Carpet,20,3,17,0.15,1398.3086081424894,1368
101642,Grass,2,0,2,0.0,1479.9374009184082,1118
101647,Hard,320,169,151,0.5281,1545.5654574135626,376
101647,Grass,90,55,35,0.6111,1649.0888192460839,50
101647,Carpet,75,38,37,0.5067,1581.851726729384,69
101647,Clay,44,17,27,0.3864,1489.755024058142,1447
101649,Clay,354,234,120,0.661,1611.8992271027907,132
101649,Hard,21,7,14,0.3333,1454.5005643995687,3188
101649,Carpet,3,0,3,0.0,1471.4612775701146,1160
101650,Hard,15,4,11,0.2667,1445.957387297072,3289
101650,Grass,8,2,6,0.25,1461.0708356298753,1434
101651,Carpet,11,9,2,0.8182,1572.309121383761,86
101651,Hard,6,3,3,0.5,1504.2851213261722,974
101651,Clay,6,1,5,0.1667,1466.2016183302105,2610
101651,Grass,2,2,0,1.0,1523.1570616366964,283
101654,Clay,1,0,1,0.0,1488.4076592857155,1594
101654,Grass,1,0,1,0.0,1487.3664556042495,959
101659,Hard,55,22,33,0.4,1536.7495561049484,428
101659,Clay,29,10,19,0.3448,1493.1285827439535,1258
101659,Carpet,17,6,11,0.3529,1487.4169058992372,870
101659,Grass,11,6,5,0.5455,1533.0803954855305,228
101660,Clay,26,11,15,0.4231,1525.780650031744,466
101660,Hard,19,3,16,0.1579,1408.208211176484,3481
101660,Grass,5,1,4,0.2,1470.8672147726486,1309
101660,Carpet,4,2,2,0.5,1503.9050624893994,392
101661,Clay,1,0,1,0.0,1487.5759733041511,1824
101661,Hard,1,0,1,0.0,1487.1243912544355,2149
101662,Hard,17,8,9,0.4706,1488.0352610225564,1846
101662,Clay,2,1,1,0.5,1499.6284990705224,1059
101662,Grass,2,1,1,0.5,1500.7131851232236,501
101662,Carpet,1,0,1,0.0,1487.2356843189411,881
101663,Clay,5,1,4,0.2,1466.1143792147172,2613
101664,Clay,8,3,5,0.375,1476.634518106911,2295
101664,Hard,4,2,2,0.5,1501.375852139486,1062
101664,Carpet,2,0,2,0.0,1478.5686932969595,1013
101668,Hard,6,2,4,0.3333,1488.7828394962044,1730
101668,Carpet,4,1,3,0.25,1479.8543189321358,992
101668,Clay,2,0,2,0.0,1481.107814795614,2087
101668,Grass,2,0,2,0.0,1480.2044687497028,1110
101669,Grass,1,0,1,0.0,1493.5017453426005,618
101670,Clay,3,0,3,0.0,1464.0653142818333,2675
101671,Carpet,2,0,2,0.0,1475.2305901011325,1121
101671,Hard,1,0,1,0.0,1488.0945527587983,1835
101671,Clay,1,0,1,0.0,1484.6991665924506,1984
101672,Clay,6,1,5,0.1667,1483.729314335313,2014
101672,Hard,3,1,2,0.3333,1505.2213717545212,948
101674,Clay,3,0,3,0.0,1468.56131085707,2554
101674,Carpet,2,1,1,0.5,1506.2541651828706,372
101675,Clay,41,14,27,0.3415,1479.9697526305047,2133
101675,Hard,14,2,12,0.1429,1436.557578076123,3373
101675,Grass,1,0,1,0.0,1490.1241010824501,705
101676,Hard,2,0,2,0.0,1476.3600370469053,2658
101677,Clay,2,2,0,1.0,1522.6050794376476,528
101677,Hard,1,0,1,0.0,1489.9592738907656,1607
101680,Grass,10,1,9,0.1,1433.0082286204492,1589
101680,Hard,9,3,6,0.3333,1480.3344062558301,2422
101680,Clay,1,0,1,0.0,1488.0,1687
101681,Grass,45,20,25,0.4444,1479.6729916469133,1124
101681,Hard,25,5,20,0.2,1404.871767269754,3492
101681,Clay,5,2,3,0.4,1498.4721475580145,1111
101681,Carpet,3,1,2,0.3333,1496.9056203388795,519
101682,Hard,14,2,12,0.1429,1420.2025301163699,3456
101682,Grass,7,4,3,0.5714,1513.9831402147363,345
101682,Carpet,6,3,3,0.5,1507.7675955029313,364
101682,Clay,3,0,3,0.0,1467.9384418745105,2569
101685,Clay,34,13,21,0.3824,1500.9692367588339,979
101685,Hard,13,5,8,0.3846,1490.42365485689,1564
101685,Carpet,6,2,4,0.3333,1498.326592148252,505
101685,Grass,4,1,3,0.25,1482.3428392053816,1086
101686,Clay,299,152,147,0.5084,1502.591401828194,939
101686,Hard,9,2,7,0.2222,1457.8907847952798,3123
101686,Carpet,2,0,2,0.0,1473.7050371446421,1138
101687,Hard,13,3,10,0.2308,1467.746687524121,2911
101687,Grass,6,2,4,0.3333,1483.110658624024,1073
101687,Carpet,5,1,4,0.2,1482.783067133208,959
101688,Hard,23,7,16,0.3043,1477.1004236837102,2592
101688,Clay,3,1,2,0.3333,1500.715318561391,993
101688,Grass,1,0,1,0.0,1489.9209114340542,714
101690,Hard,2,0,2,0.0,1476.2585640239838,2662
101691,Clay,2,1,1,0.5,1503.3369537985545,925
101691,Carpet,1,0,1,0.0,1491.2484688431712,591
101694,Clay,1,0,1,0.0,1493.1815698816479,1254
101696,Clay,11,2,9,0.1818,1468.4261342430866,2560
101699,Clay,1,0,1,0.0,1486.662382836096,1918
101701,Hard,18,9,9,0.5,1509.9305631673535,853
101701,Carpet,11,1,10,0.0909,1417.5022129735441,1360
101701,Clay,6,5,1,0.8333,1543.8129497365221,334
101701,Grass,2,1,1,0.5,1500.799161220194,499
101703,Hard,208,96,112,0.4615,1606.319810802792,166
101703,Carpet,96,47,49,0.4896,1549.5322454832026,126
101703,Clay,52,15,37,0.2885,1450.7898071534312,2855
101703,Grass,48,21,27,0.4375,1477.9870862503533,1160
101704,Hard,9,4,5,0.4444,1522.5228140114923,566
101704,Clay,2,0,2,0.0,1480.1801321117696,2125
101704,Grass,1,0,1,0.0,1496.8797032322645,569
101707,Hard,1,0,1,0.0,1488.0,1878
101710,Hard,9,2,7,0.2222,1462.3839752646236,3057
101710,Clay,7,0,7,0.0,1429.1103674820981,2982
101710,Carpet,2,1,1,0.5,1500.4171391526481,453
101711,Hard,147,63,84,0.4286,1512.2779014154837,716
101711,Grass,31,13,18,0.4194,1492.7547926072757,632
101711,Clay,31,10,21,0.3226,1451.3233640510346,2850
101711,Carpet,21,8,13,0.381,1492.9556748279967,557
101715,Clay,11,3,8,0.2727,1483.8837302496593,2009
101716,Clay,2,1,1,0.5,1514.1656568455053,632
101717,Clay,98,32,66,0.3265,1536.4923097297483,374
101717,Hard,80,33,47,0.4125,1488.7502630385468,1737
101717,Carpet,51,24,27,0.4706,1561.4007403084725,102
101717,Grass,26,11,15,0.4231,1474.6966570231511,1271
101719,Clay,71,25,46,0.3521,1470.85419938485,2497
101719,Hard,10,2,8,0.2,1455.723076531155,3164
101719,Carpet,6,1,5,0.1667,1470.792392717667,1166
101719,Grass,1,0,1,0.0,1487.94340023087,889
101720,Clay,3,1,2,0.3333,1486.2827480459378,1937
101721,Clay,13,5,8,0.3846,1511.484333741875,742
101721,Hard,1,0,1,0.0,1488.0791863289467,1836
101722,Hard,7,2,5,0.2857,1483.8676244506498,2320
101722,Clay,5,2,3,0.4,1483.732569488374,2013
101722,Carpet,2,0,2,0.0,1487.3686776092077,872
101723,Hard,206,115,91,0.5583,1661.1268933711312,84
101723,Clay,193,110,83,0.5699,1616.4882717778528,125
101723,Carpet,100,64,36,0.64,1760.0151407726817,5
101723,Grass,43,24,19,0.5581,1556.567753192144,163
101725,Clay,95,47,48,0.4947,1610.9933976141153,134
101725,Hard,28,10,18,0.3571,1455.4186643520413,3169
101725,Carpet,7,2,5,0.2857,1478.4084869532126,1015
101725,Grass,1,0,1,0.0,1490.005158586701,710
101726,Hard,6,2,4,0.3333,1481.6303031896286,2377
101727,Hard,335,174,161,0.5194,1601.1251296038765,180
101727,Clay,102,59,43,0.5784,1698.9884930365213,39
101727,Grass,96,59,37,0.6146,1606.0392639204292,85
101727,Carpet,39,13,26,0.3333,1478.1081166448646,1021
101728,Clay,4,1,3,0.25,1481.7354684108507,2068
101728,Carpet,3,0,3,0.0,1471.7083224399762,1156
101728,Hard,2,0,2,0.0,1474.409206815396,2763
101730,Hard,12,4,8,0.3333,1471.341654336844,2828
101730,Grass,2,0,2,0.0,1473.6577262018457,1282
101730,Clay,2,0,2,0.0,1483.9397141917063,2008
101731,Clay,96,35,61,0.3646,1470.7075563354942,2501
101731,Hard,37,15,22,0.4054,1511.8267662551143,775
101731,Carpet,13,4,9,0.3077,1468.5851084861836,1182
101731,Grass,12,2,10,0.1667,1422.553114760019,1618
101732,Clay,4,1,3,0.25,1488.9170059965666,1508
101733,Hard,255,131,124,0.5137,1590.7230777930586,206
101733,Carpet,145,83,62,0.5724,1649.2579756688488,30
101733,Clay,87,33,54,0.3793,1488.2457941475973,1629
101733,Grass,60,28,32,0.4667,1514.7092834739444,339
101735,Clay,257,130,127,0.5058,1533.4312851129441,396
101735,Hard,216,103,113,0.4769,1569.570893012482,266
101735,Grass,38,17,21,0.4474,1490.1359496231569,704
101735,Carpet,35,8,27,0.2286,1400.19071520874,1366
101736,Hard,758,598,160,0.7889,1877.5035886830692,9
101736,Clay,209,152,57,0.7273,1766.1909396300814,18
101736,Carpet,112,72,40,0.6429,1757.5460632701752,7
101736,Grass,68,50,18,0.7353,1698.4371044778977,26
101740,Clay,1,0,1,0.0,1488.1642863235343,1643
101740,Hard,1,0,1,0.0,1486.2493825524514,2243
101742,Clay,1,0,1,0.0,1487.5798212135035,1823
101742,Hard,1,0,1,0.0,1492.1003615221935,1456
101745,Clay,16,7,9,0.4375,1490.4878434116015,1401
101745,Hard,14,3,11,0.2143,1442.2802316621394,3327
101745,Carpet,4,2,2,0.5,1496.3548289573926,523
101746,Clay,269,134,135,0.4981,1528.5635532278468,440
101746,Hard,123,55,68,0.4472,1537.266904919533,424
101746,Carpet,65,32,33,0.4923,1551.1273611898662,118
101746,Grass,9,3,6,0.3333,1479.3173095486402,1132
101748,Clay,15,8,7,0.5333,1499.2105844488387,1083
101750,Hard,113,46,67,0.4071,1474.8506168525762,2755
101750,Carpet,35,14,21,0.4,1490.7148195385894,603
101750,Clay,27,9,18,0.3333,1461.142924014951,2721
101750,Grass,14,3,11,0.2143,1439.8977362515425,1559
101751,Grass,5,1,4,0.2,1475.6885579885816,1235
101755,Clay,2,0,2,0.0,1477.9326966161047,2212
101755,Carpet,1,1,0,1.0,1511.6132696125758,319
101760,Hard,1,0,1,0.0,1491.3911378208766,1502
101761,Clay,80,38,42,0.475,1484.110334397813,2001
101761,Hard,77,33,44,0.4286,1458.3582746510547,3115
101761,Carpet,10,3,7,0.3,1469.4041339283476,1174
101761,Grass,4,2,2,0.5,1507.061510270017,415
101764,Hard,13,8,5,0.6154,1536.1086981151966,433
101764,Clay,8,1,7,0.125,1434.3013420012248,2966
101764,Grass,2,2,0,1.0,1523.185691787672,281
101764,Carpet,1,0,1,0.0,1487.5030637939042,865
101765,Clay,8,0,8,0.0,1439.7312796260005,2934
101765,Hard,7,1,6,0.1429,1447.2948356607267,3278
101766,Clay,6,2,4,0.3333,1493.24306930495,1252
101767,Clay,117,48,69,0.4103,1537.3780211584528,371
101767,Hard,72,29,43,0.4028,1458.6749132315647,3110
101767,Carpet,20,7,13,0.35,1460.1950121203938,1246
101767,Grass,9,2,7,0.2222,1453.680319153564,1484
101770,Clay,3,2,1,0.6667,1509.2800944167823,805
101771,Hard,2,0,2,0.0,1481.0298766845121,2402
101772,Clay,159,76,83,0.478,1487.5223409334653,1839
101772,Hard,143,70,73,0.4895,1540.5977911579032,408
101772,Carpet,96,47,49,0.4896,1485.078573560745,941
101772,Grass,9,0,9,0.0,1418.3191804365295,1624
101774,Hard,359,232,127,0.6462,1638.6400114373796,113
101774,Clay,116,67,49,0.5776,1626.580220160779,110
101774,Carpet,88,52,36,0.5909,1728.7562725896553,11
101774,Grass,86,61,25,0.7093,1675.4776257514698,36
101775,Clay,38,11,27,0.2895,1432.6989367391318,2972
101775,Carpet,38,14,24,0.3684,1491.225889468223,593
101775,Hard,25,12,13,0.48,1531.4528492749132,470
101775,Grass,9,4,5,0.4444,1497.9044200399173,560
101776,Hard,136,58,78,0.4265,1577.1558268101332,244
101776,Grass,49,28,21,0.5714,1580.2221324071932,115
101776,Clay,25,10,15,0.4,1485.9106094834592,1947
101776,Carpet,11,5,6,0.4545,1491.4581552554434,585
101779,Clay,2,0,2,0.0,1482.9975586011046,2033
101779,Carpet,2,0,2,0.0,1481.2040586276892,978
101780,Clay,22,3,19,0.1364,1411.707822764706,3045
101780,Hard,4,2,2,0.5,1507.3300941180476,912
101781,Clay,5,2,3,0.4,1487.451789019298,1848
101781,Carpet,2,0,2,0.0,1476.1379400474177,1090
101781,Grass,2,0,2,0.0,1478.7083740569612,1150
101783,Grass,45,17,28,0.3778,1466.839384767396,1360
101783,Hard,40,10,30,0.25,1409.6137954345697,3476
101783,Carpet,13,4,9,0.3077,1466.2257494094104,1203
101783,Clay,11,4,7,0.3636,1484.2678506762147,1997
101787,Hard,2,0,2,0.0,1480.9202830256258,2404
101788,Hard,41,16,25,0.3902,1518.720215649951,616
101788,Grass,17,8,9,0.4706,1518.9912271047194,320
101788,Clay,9,1,8,0.1111,1441.188819939005,2923
101788,Carpet,7,3,4,0.4286,1496.2745949552593,524
101789,Hard,79,29,50,0.3671,1484.2348772319306,2307
101789,Grass,10,2,8,0.2,1452.568707639726,1488
101789,Clay,9,3,6,0.3333,1480.990833365176,2090
101789,Carpet,8,2,6,0.25,1464.3381599400402,1220
101790,Hard,3,0,3,0.0,1462.6165619784188,3052
101790,Clay,2,0,2,0.0,1478.14872564346,2199
101790,Carpet,1,0,1,0.0,1488.0,765
101792,Clay,262,147,115,0.5611,1585.848714903641,180
101792,Hard,89,38,51,0.427,1553.044271034735,335
101792,Carpet,24,6,18,0.25,1429.4016708655906,1353
101792,Grass,15,5,10,0.3333,1468.5149287403992,1336
101793,Hard,413,293,120,0.7094,1663.6100969533938,83
101793,Clay,168,115,53,0.6845,1688.7422872370917,41
101793,Carpet,119,72,47,0.605,1688.2459813122118,21
101793,Grass,45,28,17,0.6222,1586.5587976555796,108
101794,Carpet,3,2,1,0.6667,1511.2463078021794,328
101794,Clay,2,0,2,0.0,1477.9755193658275,2208
101797,Hard,98,37,61,0.3776,1501.141463322228,1070
101797,Clay,74,36,38,0.4865,1617.5140212741765,123
101797,Carpet,55,27,28,0.4909,1566.854887559212,92
101797,Grass,47,27,20,0.5745,1567.359729370298,138
101800,Clay,4,1,3,0.25,1480.664359486212,2099
101802,Hard,14,5,9,0.3571,1464.9249527900774,2991
101802,Clay,2,0,2,0.0,1474.419244669573,2430
101802,Grass,1,0,1,0.0,1486.7902655015153,1010
101805,Hard,47,17,30,0.3617,1505.7812259235416,932
101805,Grass,14,6,8,0.4286,1501.6554561994617,482
101805,Carpet,6,3,3,0.5,1506.056771900638,373
101805,Clay,5,1,4,0.2,1485.8174372646774,1953
101806,Clay,170,87,83,0.5118,1569.4666671475004,232
101806,Hard,99,37,62,0.3737,1524.768167279627,519
101806,Carpet,49,19,30,0.3878,1489.6114617991063,632
101806,Grass,37,17,20,0.4595,1471.3456876493742,1304
101809,Hard,112,45,67,0.4018,1467.5963795347545,2913
101809,Clay,58,23,35,0.3966,1468.7852444446416,2545
101809,Grass,29,11,18,0.3793,1495.9038883640264,584
101809,Carpet,15,5,10,0.3333,1469.1394071373063,1178
101810,Grass,2,0,2,0.0,1481.560402715616,1092
101810,Hard,2,1,1,0.5,1499.1856728330201,1190
101811,Hard,2,1,1,0.5,1505.0006831517596,953
101812,Hard,9,3,6,0.3333,1490.7714621470518,1536
101814,Grass,3,1,2,0.3333,1485.759418750484,1041
101814,Clay,1,0,1,0.0,1487.4282687832601,1852
101815,Clay,2,0,2,0.0,1483.8721016118113,2011
101816,Hard,52,19,33,0.3654,1449.2293165594847,3258
101816,Clay,21,9,12,0.4286,1503.018297953981,932
101816,Grass,8,3,5,0.375,1492.9894707718458,628
101816,Carpet,5,1,4,0.2,1481.5462387626326,975
101819,Clay,6,1,5,0.1667,1476.7810573850745,2284
101819,Hard,5,1,4,0.2,1476.9449376788102,2604
101819,Carpet,1,0,1,0.0,1485.8831463059998,932
101820,Hard,298,162,136,0.5436,1574.5340482422207,251
101820,Clay,234,118,116,0.5043,1531.221222004038,419
101820,Carpet,198,126,72,0.6364,1592.1396332489737,62
101820,Grass,59,28,31,0.4746,1499.887249875388,527
101821,Hard,12,3,9,0.25,1457.142541860249,3136
101821,Grass,6,2,4,0.3333,1483.0711916795165,1074
101821,Clay,3,0,3,0.0,1473.8683156676605,2446
101822,Clay,5,2,3,0.4,1506.199968836018,861
101823,Clay,8,3,5,0.375,1486.160750256457,1939
101823,Carpet,2,0,2,0.0,1478.080773639906,1023
101823,Hard,2,0,2,0.0,1477.7171246432179,2553
101823,Grass,1,1,0,1.0,1512.5231680451875,360
101825,Clay,8,1,7,0.125,1432.8693236296997,2970
101825,Hard,2,1,1,0.5,1497.4410795104957,1247
101826,Clay,49,18,31,0.3673,1444.6020835693507,2905
101826,Hard,4,0,4,0.0,1465.6568734097827,2966
101826,Grass,1,0,1,0.0,1488.8850196222966,771
101829,Clay,18,8,10,0.4444,1522.7230628763348,525
101831,Hard,2,1,1,0.5,1499.7888781666015,1158
101831,Clay,2,1,1,0.5,1500.0,1035
101833,Hard,90,41,49,0.4556,1538.671470164251,420
101833,Carpet,23,11,12,0.4783,1527.887531717999,175
101833,Clay,20,8,12,0.4,1503.5637236895743,917
101833,Grass,15,4,11,0.2667,1431.118292157819,1593
101835,Grass,23,12,11,0.5217,1525.5102285967246,264
101835,Carpet,17,7,10,0.4118,1505.1915311222406,380
101835,Hard,12,3,9,0.25,1468.541754588794,2886
101835,Clay,6,1,5,0.1667,1469.675082631118,2522
101836,Carpet,1,0,1,0.0,1488.40228226998,700
101840,Hard,15,6,9,0.4,1475.388090330173,2726
101841,Grass,1,0,1,0.0,1487.2256922603822,972
101841,Hard,1,0,1,0.0,1491.8319301795104,1478
101843,Clay,431,296,135,0.6868,1587.1667435352695,177
101843,Hard,177,98,79,0.5537,1581.721583778914,228
101843,Carpet,101,48,53,0.4752,1544.2825717148253,134
101843,Grass,10,5,5,0.5,1509.1507128945723,400
101844,Hard,6,1,5,0.1667,1465.2793424329634,2976
101847,Hard,2,0,2,0.0,1474.9223505521177,2750
101849,Hard,3,1,2,0.3333,1495.3431932886715,1307
101849,Carpet,2,0,2,0.0,1485.407460580189,939
101849,Clay,1,0,1,0.0,1492.82552447694,1274
101851,Hard,6,3,3,0.5,1506.7990659401125,920
101851,Carpet,2,0,2,0.0,1481.239840299665,977
101851,Grass,1,0,1,0.0,1487.171935480219,980
101855,Clay,8,2,6,0.25,1462.570578271749,2699
101855,Hard,1,0,1,0.0,1488.0,1901
101857,Hard,3,1,2,0.3333,1496.952891141159,1264
101858,Hard,3,1,2,0.3333,1495.4758968329759,1300
101860,Hard,3,0,3,0.0,1470.7405880178287,2842
101860,Grass,2,1,1,0.5,1512.021852438345,363
101861,Clay,15,6,9,0.4,1496.7593857024156,1162
101861,Carpet,8,4,4,0.5,1505.5668938692945,374
101861,Grass,2,1,1,0.5,1499.6628767535185,530
101862,Hard,52,23,29,0.4423,1496.4284627255452,1276
101862,Clay,26,11,15,0.4231,1463.8496620615153,2677
101862,Grass,8,2,6,0.25,1458.3851822786949,1444
101862,Carpet,6,1,5,0.1667,1459.12321918527,1251
101863,Clay,1,0,1,0.0,1493.5266622749411,1244
101864,Grass,11,4,7,0.3636,1481.860913161409,1089
101864,Carpet,11,5,6,0.4545,1502.7092287420892,410
101864,Hard,11,4,7,0.3636,1478.0718643186121,2524
101864,Clay,6,1,5,0.1667,1472.4866314291596,2466
101865,Hard,14,3,11,0.2143,1465.1481875829058,2982
101865,Carpet,9,4,5,0.4444,1493.6039082605864,550
101865,Grass,2,0,2,0.0,1475.3338825404298,1251
101866,Clay,78,32,46,0.4103,1499.377955953216,1076
101866,Hard,46,14,32,0.3043,1458.2695854050269,3118
101866,Carpet,14,6,8,0.4286,1496.7230461908327,521
101866,Grass,10,2,8,0.2,1450.0464984261457,1505
101868,Hard,36,8,28,0.2222,1414.3930821215242,3466
101868,Grass,29,12,17,0.4138,1490.7616814684816,684
101868,Clay,21,6,15,0.2857,1454.3478365947528,2805
101868,Carpet,13,4,9,0.3077,1473.6976983026957,1140
101869,Clay,5,0,5,0.0,1462.6316831305394,2697
101869,Hard,4,1,3,0.25,1486.0887382480578,2253
101869,Carpet,3,1,2,0.3333,1498.3614112021987,504
101871,Hard,6,2,4,0.3333,1490.8520674584904,1529
101871,Grass,2,1,1,0.5,1500.1644466108698,516
101871,Clay,2,0,2,0.0,1484.701900152244,1983
101871,Carpet,1,0,1,0.0,1490.383590213657,610
101874,Clay,1,0,1,0.0,1490.5992987077427,1391
101876,Clay,5,1,4,0.2,1475.8278727509155,2359
101877,Clay,1,0,1,0.0,1490.4427421296061,1403
101881,Clay,4,0,4,0.0,1462.1788650650983,2704
101881,Hard,1,0,1,0.0,1489.8178778411323,1622
101884,Hard,25,19,6,0.76,1618.563240956204,144
101884,Clay,5,1,4,0.2,1467.394107155934,2586
101884,Carpet,4,1,3,0.25,1478.7267001744938,1008
101885,Hard,164,72,92,0.439,1585.9104982502308,217
101885,Grass,69,39,30,0.5652,1545.5752433680761,186
101885,Clay,54,20,34,0.3704,1492.343856197663,1299
101885,Carpet,7,3,4,0.4286,1491.727680329303,578
101886,Hard,2,0,2,0.0,1474.9534443977402,2749
101888,Hard,193,88,105,0.456,1580.0819273378133,233
101888,Carpet,102,48,54,0.4706,1523.0987523208275,207
101888,Clay,68,24,44,0.3529,1475.830775872014,2358
101888,Grass,40,17,23,0.425,1520.0561676474247,311
101889,Hard,281,149,132,0.5302,1546.8551397409221,364
101889,Grass,76,45,31,0.5921,1629.8364365469042,63
101889,Carpet,66,29,37,0.4394,1541.4679408905704,142
101889,Clay,59,22,37,0.3729,1475.422833380804,2388
101890,Hard,186,85,101,0.457,1510.925460768453,826
101890,Grass,43,21,22,0.4884,1501.2865060506065,488
101890,Carpet,39,23,16,0.5897,1600.2669339077818,58
101890,Clay,19,7,12,0.3684,1486.8228301146332,1904
101892,Hard,5,1,4,0.2,1482.4750285379127,2352
101893,Clay,3,0,3,0.0,1469.3183816121937,2534
101893,Hard,1,0,1,0.0,1488.1325801999628,1828
101895,Hard,7,4,3,0.5714,1512.3654234835865,710
101895,Clay,4,3,1,0.75,1521.9409279796798,541
101897,Clay,292,161,131,0.5514,1608.0352445133694,137
101897,Hard,109,38,71,0.3486,1541.1859719999673,405
101897,Carpet,12,3,9,0.25,1456.684408680736,1270
101897,Grass,7,1,6,0.1429,1460.49775088039,1436
101900,Hard,128,54,74,0.4219,1497.4092643048975,1250
101900,Clay,114,53,61,0.4649,1517.148866495632,592
101900,Carpet,67,33,34,0.4925,1522.2670150962263,214
101900,Grass,28,15,13,0.5357,1541.64265935151,197
101901,Hard,134,68,66,0.5075,1597.9272414272045,185
101901,Carpet,20,11,9,0.55,1563.3927348519173,97
101901,Clay,12,1,11,0.0833,1424.1160901868143,3008
101901,Grass,10,3,7,0.3,1474.8313897294354,1267
101902,Hard,22,5,17,0.2273,1435.4190458734563,3383
101902,Clay,19,7,12,0.3684,1493.410679088403,1247
101902,Grass,7,2,5,0.2857,1479.3536142416299,1130
101902,Carpet,5,0,5,0.0,1447.045575793547,1318
101904,Grass,3,1,2,0.3333,1495.7508955530525,586
101906,Hard,15,3,12,0.2,1427.9392670498767,3426
101906,Carpet,11,6,5,0.5455,1513.140489167857,258
101912,Clay,12,3,9,0.25,1451.9528291123222,2838
101912,Hard,4,2,2,0.5,1507.769315152232,902
101912,Carpet,2,1,1,0.5,1497.7021765356064,508
101914,Clay,23,8,15,0.3478,1474.2223925059666,2436
101914,Hard,18,9,9,0.5,1509.779299332194,860
101914,Carpet,3,0,3,0.0,1463.9129169884955,1229
101914,Grass,1,0,1,0.0,1490.9737744062668,675
101917,Hard,125,53,72,0.424,1521.4843524808718,587
101917,Grass,40,20,20,0.5,1532.7079563592831,230
101917,Clay,21,7,14,0.3333,1468.646275150343,2552
101917,Carpet,15,3,12,0.2,1437.318057845985,1344
101920,Hard,85,37,48,0.4353,1542.912322947037,393
101920,Grass,21,10,11,0.4762,1516.5034889716542,334
101920,Clay,19,7,12,0.3684,1475.1468004842955,2402
101920,Carpet,17,7,10,0.4118,1472.65769183087,1149
101924,Hard,115,53,62,0.4609,1517.126533857438,630
101924,Clay,109,44,65,0.4037,1561.4433488996099,258
101924,Carpet,29,7,22,0.2414,1388.4799129022215,1370
101924,Grass,15,5,10,0.3333,1469.0799010874237,1329
101925,Clay,2,0,2,0.0,1475.2017475974624,2399
101926,Clay,6,1,5,0.1667,1464.1190955991526,2672
101926,Hard,5,2,3,0.4,1493.8629696806754,1363
101926,Carpet,5,3,2,0.6,1514.2164402667631,247
101928,Hard,1,0,1,0.0,1488.0405931167436,1844
101929,Carpet,12,5,7,0.4167,1496.1128871361138,526
101929,Hard,7,2,5,0.2857,1478.816948447765,2490
101929,Clay,4,1,3,0.25,1498.1778964417165,1123
101931,Hard,3,1,2,0.3333,1489.046448130764,1697
101932,Hard,80,37,43,0.4625,1621.6112107601778,133
101932,Clay,38,20,18,0.5263,1542.2323220374342,342
101932,Grass,18,7,11,0.3889,1488.9097764718565,770
101932,Carpet,14,6,8,0.4286,1504.621206440453,384
101934,Clay,7,1,6,0.1429,1466.2867463693801,2608
101937,Hard,10,2,8,0.2,1444.0203860038164,3308
101937,Grass,3,1,2,0.3333,1494.5430891129135,597
101937,Carpet,1,0,1,0.0,1493.184392146142,553
101938,Clay,27,11,16,0.4074,1505.7835814646696,870
101938,Carpet,7,3,4,0.4286,1494.5955834381632,537
101938,Hard,3,0,3,0.0,1465.7971306344562,2961
101939,Hard,4,1,3,0.25,1477.4787431499035,2564
101939,Carpet,2,0,2,0.0,1476.4022613466238,1083
101939,Clay,2,0,2,0.0,1476.414300586377,2310
101940,Carpet,4,0,4,0.0,1454.140914705958,1292
101940,Clay,4,2,2,0.5,1500.781256396179,988
101945,Clay,34,7,27,0.2059,1419.8404644779735,3022
101945,Hard,19,5,14,0.2632,1477.2776775089408,2574
101945,Carpet,6,1,5,0.1667,1458.8179810858182,1255
101946,Clay,4,2,2,0.5,1495.716115562044,1183
101946,Carpet,2,0,2,0.0,1476.0804946143764,1093
101947,Clay,28,11,17,0.3929,1511.0517498436645,755
101947,Hard,13,5,8,0.3846,1492.2533321865817,1445
101947,Grass,3,1,2,0.3333,1493.9562695040222,610
101947,Carpet,2,0,2,0.0,1475.904047594034,1102
101948,Hard,534,428,106,0.8015,1901.1778881238804,8
101948,Carpet,196,146,50,0.7449,1874.420175647168,1
101948,Clay,144,90,54,0.625,1662.1752749642942,62
101948,Grass,122,102,20,0.8361,1852.2129862040085,3
101953,Hard,5,0,5,0.0,1453.472908529374,3205
101953,Carpet,1,0,1,0.0,1488.0071387144949,723
101954,Carpet,2,1,1,0.5,1503.0518958882235,401
101955,Hard,73,28,45,0.3836,1476.0285932691534,2684
101955,Clay,30,11,19,0.3667,1475.6087331691022,2374
101955,Grass,25,12,13,0.48,1510.681300533159,390
101955,Carpet,8,2,6,0.25,1473.5919611610643,1142
101956,Hard,70,24,46,0.3429,1402.9081524864416,3495
101956,Clay,27,9,18,0.3333,1462.4930731523025,2702
101956,Grass,17,8,9,0.4706,1500.8639806661665,497
101956,Carpet,9,5,4,0.5556,1517.0973794469123,235
101957,Clay,23,12,11,0.5217,1523.844805028311,494
101957,Hard,3,0,3,0.0,1473.623614458088,2785
101957,Carpet,1,0,1,0.0,1489.4862030107631,641
101958,Hard,2,1,1,0.5,1496.3598469426227,1278
101958,Grass,2,1,1,0.5,1505.731214253302,424
101958,Clay,1,0,1,0.0,1489.9819718041224,1432
101959,Hard,1,0,1,0.0,1497.5611131757366,1243
101961,Clay,13,4,9,0.3077,1464.523284507127,2666
101961,Hard,5,2,3,0.4,1493.934690288617,1360
101962,Clay,264,154,110,0.5833,1663.5449110368934,59
101962,Hard,187,94,93,0.5027,1621.1869342101418,136
101962,Carpet,31,12,19,0.3871,1475.236102453551,1120
101962,Grass,20,10,10,0.5,1517.7392646716498,327
101963,Clay,1,0,1,0.0,1491.5723798540955,1335
101964,Hard,343,200,143,0.5831,1573.3163923209333,257
101964,Carpet,267,192,75,0.7191,1714.1802129809173,14
101964,Clay,228,141,87,0.6184,1525.725495310979,468
101964,Grass,99,71,28,0.7172,1731.9784643096095,14
101965,Hard,469,297,172,0.6333,1600.0269498814755,181
101965,Clay,156,90,66,0.5769,1659.2283521128902,65
101965,Carpet,115,57,58,0.4957,1550.629866572216,119
101965,Grass,103,68,35,0.6602,1629.644994098596,64
101968,Clay,4,1,3,0.25,1490.9112498175396,1371
101969,Clay,43,13,30,0.3023,1434.6494032545606,2965
101969,Hard,19,4,15,0.2105,1440.5576448320505,3341
101969,Grass,6,1,5,0.1667,1465.5212662078645,1381
101969,Carpet,5,1,4,0.2,1470.957139842608,1164
101970,Clay,18,10,8,0.5556,1519.8056915011114,560
101970,Hard,6,3,3,0.5,1505.770967342777,933
101970,Carpet,4,1,3,0.25,1479.8826926991014,991
101971,Hard,40,16,24,0.4,1452.5690670691895,3221
101971,Clay,16,8,8,0.5,1525.5798316513205,473
101971,Grass,5,1,4,0.2,1477.226534235861,1180
101971,Carpet,3,1,2,0.3333,1491.8837249172932,575
101973,Clay,2,1,1,0.5,1496.3282031194976,1167
101973,Hard,2,0,2,0.0,1478.2248159706883,2519
101976,Clay,31,15,16,0.4839,1508.701879552454,815
101976,Hard,9,5,4,0.5556,1516.7620569159049,635
101977,Hard,5,1,4,0.2,1477.7614963371118,2551
101977,Clay,5,0,5,0.0,1460.5544345564633,2730
101979,Clay,25,13,12,0.52,1512.8623121104256,653
101979,Hard,5,2,3,0.4,1492.7901014679628,1421
101980,Hard,2,1,1,0.5,1500.8144476278817,1089
101982,Clay,4,1,3,0.25,1480.592052927558,2103
101983,Hard,2,0,2,0.0,1475.9024854575655,2700
101989,Clay,3,2,1,0.6667,1515.3652062409108,615
101989,Carpet,3,0,3,0.0,1470.5530803220124,1167
101989,Hard,2,0,2,0.0,1476.1194576277833,2673
101990,Hard,285,190,95,0.6667,1713.5703876964449,51
101990,Clay,132,79,53,0.5985,1712.4190607034493,32
101990,Carpet,129,82,47,0.6357,1755.5384659201704,8
101990,Grass,89,63,26,0.7079,1681.659157166122,33
101991,Clay,68,44,24,0.6471,1629.112412049248,103
101991,Hard,47,22,25,0.4681,1571.4658142581961,262
101991,Grass,4,0,4,0.0,1461.3589948031206,1433
101991,Carpet,1,0,1,0.0,1487.9720310576558,802
101992,Clay,1,0,1,0.0,1490.5890042100814,1395
101994,Clay,1,0,1,0.0,1488.9224614931834,1507
101995,Carpet,1,0,1,0.0,1487.273302227633,878
101996,Clay,1,0,1,0.0,1488.2791915764858,1624
101996,Hard,1,0,1,0.0,1488.0,1900
101997,Clay,34,12,22,0.3529,1487.8406675280753,1775
101997,Hard,11,5,6,0.4545,1525.075583980488,514
101997,Carpet,3,1,2,0.3333,1488.2642813224495,712
101997,Grass,3,1,2,0.3333,1492.1673839160464,644
102000,Clay,30,14,16,0.4667,1518.252549557457,573
102000,Hard,22,6,16,0.2727,1444.7774616974505,3304
102000,Carpet,22,11,11,0.5,1523.90982448011,190
102000,Grass,5,2,3,0.4,1493.2112900356208,624
102001,Clay,62,29,33,0.4677,1563.740412322743,253
102001,Hard,13,3,10,0.2308,1442.7424992423332,3321
102001,Carpet,1,0,1,0.0,1487.9198163332,809
102001,Grass,1,0,1,0.0,1486.8203766441916,1005
102002,Clay,16,6,10,0.375,1484.1098665602,2002
102002,Hard,3,1,2,0.3333,1491.1713120525978,1510
102002,Carpet,2,1,1,0.5,1503.8246293067004,393
102005,Hard,1,0,1,0.0,1490.5494904496222,1555
102005,Carpet,1,0,1,0.0,1493.187941734491,552
102006,Clay,6,1,5,0.1667,1472.4034057801546,2468
102006,Hard,4,2,2,0.5,1512.3905088431375,707
102006,Grass,2,1,1,0.5,1508.3911567537807,406
102006,Carpet,1,0,1,0.0,1487.8837624359285,812
102008,Clay,1,0,1,0.0,1488.0,1682
102010,Hard,6,1,5,0.1667,1480.3024638731758,2427
102013,Clay,6,2,4,0.3333,1483.6357292271161,2015
102013,Hard,2,1,1,0.5,1503.6336722351025,989
102015,Clay,1,0,1,0.0,1489.2780554189662,1480
102018,Clay,25,16,9,0.64,1572.0131336337574,226
102018,Hard,14,3,11,0.2143,1439.1595305723888,3353
102018,Grass,2,0,2,0.0,1482.4874369510394,1083
102018,Carpet,1,0,1,0.0,1493.6861178761537,547
102019,Clay,14,5,9,0.3571,1487.6887428237014,1793
102019,Hard,5,1,4,0.2,1491.5568590372754,1491
102019,Carpet,3,0,3,0.0,1465.613979306232,1207
102019,Grass,2,0,2,0.0,1477.587724857845,1170
102021,Hard,582,410,172,0.7045,1546.7623152471635,365
102021,Carpet,175,117,58,0.6686,1699.3357403961418,16
102021,Clay,166,107,59,0.6446,1606.0602216235663,140
102021,Grass,55,30,25,0.5455,1553.1031419615376,176
102023,Hard,12,1,11,0.0833,1414.6355212147055,3464
102023,Carpet,5,0,5,0.0,1456.8453433124291,1268
102023,Clay,2,0,2,0.0,1483.0337118009747,2031
102023,Grass,2,0,2,0.0,1481.8304476236005,1091
102024,Clay,174,89,85,0.5115,1555.322793360078,286
102024,Hard,66,26,40,0.3939,1516.2548400924918,641
102024,Grass,3,0,3,0.0,1465.6976435798877,1377
102024,Carpet,2,0,2,0.0,1484.4733258240226,948
102025,Hard,120,65,55,0.5417,1619.026705599649,142
102025,Clay,66,31,35,0.4697,1584.7098193516422,182
102025,Carpet,29,14,15,0.4828,1521.233289926636,222
102025,Grass,11,3,8,0.2727,1479.108918186436,1136
102026,Clay,4,1,3,0.25,1485.9687171457872,1944
102026,Hard,1,0,1,0.0,1491.595915043623,1488
102026,Carpet,1,0,1,0.0,1490.8533156049975,596
102028,Clay,11,3,8,0.2727,1479.6554424338717,2142
102028,Carpet,1,0,1,0.0,1487.6896610384993,826
102029,Clay,99,50,49,0.5051,1640.9766699555887,86
102029,Hard,68,25,43,0.3676,1488.7114175571664,1745
102029,Carpet,43,19,24,0.4419,1512.2907407170449,272
102029,Grass,12,3,9,0.25,1452.5427195954671,1489
102030,Grass,9,4,5,0.4444,1492.665610983252,635
102030,Hard,1,0,1,0.0,1492.7879247662827,1422
102031,Clay,55,22,33,0.4,1481.7646733435026,2067
102031,Hard,14,2,12,0.1429,1411.1517110643865,3471
102031,Carpet,12,4,8,0.3333,1473.9426671282017,1136
102031,Grass,2,0,2,0.0,1473.6082867935074,1284
102033,Clay,12,3,9,0.25,1448.117206389876,2871
102033,Carpet,2,0,2,0.0,1475.419977588571,1112
102033,Hard,1,0,1,0.0,1488.0,1883
102035,Hard,450,241,209,0.5356,1516.9119841700217,632
102035,Grass,126,82,44,0.6508,1654.0866412075459,45
102035,Carpet,102,57,45,0.5588,1607.4846627476302,51
102035,Clay,100,36,64,0.36,1472.8465013683192,2461
102036,Hard,8,5,3,0.625,1524.5736036671842,521
102036,Clay,1,0,1,0.0,1488.755667755947,1539
102039,Grass,1,0,1,0.0,1487.2345948915417,971
102042,Hard,1,0,1,0.0,1492.5798123091045,1430
102047,Hard,4,1,3,0.25,1480.8301951801527,2412
102047,Carpet,2,0,2,0.0,1476.8863606071814,1055
102050,Clay,12,1,11,0.0833,1432.6686092113741,2973
102050,Hard,2,1,1,0.5,1502.2342182094628,1029
102053,Hard,46,18,28,0.3913,1520.285902323652,599
102053,Grass,16,8,8,0.5,1511.8793202832883,375
102053,Carpet,2,1,1,0.5,1502.9920078723615,403
102053,Clay,1,0,1,0.0,1487.858197062869,1773
102055,Clay,19,6,13,0.3158,1438.3656429485243,2944
102055,Hard,7,3,4,0.4286,1493.811400035104,1369
102055,Carpet,1,0,1,0.0,1488.0,743
102060,Hard,4,1,3,0.25,1485.011410239685,2290
102061,Hard,37,13,24,0.3514,1480.1957365691667,2432
102061,Grass,12,6,6,0.5,1529.8263929782127,245
102061,Carpet,6,2,4,0.3333,1483.5495307827907,953
102062,Clay,2,0,2,0.0,1481.5138154777646,2074
102067,Clay,6,0,6,0.0,1448.6551280647166,2867
102068,Clay,7,4,3,0.5714,1506.8395917165537,843
102068,Grass,6,1,5,0.1667,1456.3732284303437,1462
102068,Hard,4,3,1,0.75,1522.766024307652,560
102069,Carpet,11,3,8,0.2727,1465.30526266733,1215
102069,Clay,11,3,8,0.2727,1451.8425006629745,2843
102069,Hard,2,0,2,0.0,1482.3759981982257,2355
102071,Hard,1,0,1,0.0,1487.1077509527504,2152
102076,Hard,25,10,15,0.4,1492.0014431711493,1468
102076,Clay,6,0,6,0.0,1443.711352767446,2911
102076,Grass,1,0,1,0.0,1487.8664281091199,896
102077,Carpet,9,6,3,0.6667,1535.2573054231254,154
102077,Clay,6,1,5,0.1667,1467.1613469299277,2594
102077,Hard,5,2,3,0.4,1490.7017290280269,1539
102078,Hard,6,3,3,0.5,1505.3129148642918,943
102078,Clay,5,1,4,0.2,1468.922429989009,2542
102080,Clay,1,0,1,0.0,1487.6701580754009,1798
102081,Hard,1,0,1,0.0,1492.5519614721181,1432
102083,Grass,3,0,3,0.0,1463.898782454162,1403
102083,Carpet,1,1,0,1.0,1511.6370337468136,317
102083,Clay,1,0,1,0.0,1496.0352461192026,1174
102085,Clay,21,4,17,0.1905,1437.151019512165,2950
102085,Hard,6,2,4,0.3333,1502.716754320561,1016
102085,Carpet,6,3,3,0.5,1497.4352600653958,514
102085,Grass,2,1,1,0.5,1503.0903729323368,455
102086,Carpet,4,2,2,0.5,1504.3673770160847,388
102086,Clay,1,0,1,0.0,1490.3709299548216,1407
102086,Hard,1,0,1,0.0,1496.135962709694,1282
102087,Hard,62,30,32,0.4839,1534.360059972547,447
102087,Clay,28,14,14,0.5,1546.0959635539955,322
102087,Carpet,18,7,11,0.3889,1477.633866026422,1033
102087,Grass,5,2,3,0.4,1485.3686106026207,1053
102088,Hard,51,24,27,0.4706,1502.6702851539778,1019
102088,Carpet,14,5,9,0.3571,1473.2818831664342,1147
102088,Clay,12,3,9,0.25,1490.889033755662,1372
102088,Grass,11,2,9,0.1818,1434.7724856874029,1582
102090,Hard,5,1,4,0.2,1473.2234826162996,2795
102093,Hard,45,23,22,0.5111,1558.7141800043512,301
102093,Grass,16,11,5,0.6875,1533.5865997544183,227
102093,Clay,7,2,5,0.2857,1484.4229427068528,1992
102097,Hard,19,10,9,0.5263,1508.5109195861776,890
102097,Clay,7,3,4,0.4286,1495.2135333360563,1201
102097,Grass,1,0,1,0.0,1489.789311075484,730
102100,Clay,27,15,12,0.5556,1534.947629945278,384
102100,Carpet,9,4,5,0.4444,1493.704044581847,545
102100,Hard,8,4,4,0.5,1507.3244724666658,913
102103,Hard,17,6,11,0.3529,1500.0803616563314,1128
102103,Clay,3,0,3,0.0,1476.9723799343053,2258
102103,Grass,2,0,2,0.0,1477.2073512738557,1182
102104,Clay,176,92,84,0.5227,1566.6198404316026,243
102104,Hard,78,29,49,0.3718,1508.3420372272974,892
102104,Carpet,10,3,7,0.3,1459.0261362059177,1252
102104,Grass,6,0,6,0.0,1447.39048594798,1519
102106,Hard,182,80,102,0.4396,1556.666606640864,313
102106,Clay,144,53,91,0.3681,1492.5216550779862,1290
102106,Grass,47,20,27,0.4255,1477.0118524634747,1186
102106,Carpet,41,17,24,0.4146,1465.290158983104,1216
102107,Clay,33,20,13,0.6061,1593.5438783152674,164
102107,Hard,10,3,7,0.3,1469.796523393185,2863
102107,Carpet,6,4,2,0.6667,1519.7040856548738,228
102110,Hard,124,54,70,0.4355,1549.1143124771615,349
102110,Grass,43,18,25,0.4186,1479.9322072215339,1119
102110,Carpet,23,11,12,0.4783,1543.8138045755065,137
102110,Clay,15,3,12,0.2,1440.5281546310296,2930
102111,Clay,1,0,1,0.0,1488.822772203,1522
102113,Clay,8,2,6,0.25,1468.683987573547,2551
102113,Hard,4,1,3,0.25,1485.88102442711,2263
102113,Carpet,1,0,1,0.0,1489.721664144546,629
102116,Hard,1,0,1,0.0,1493.0556523657938,1401
102117,Clay,7,3,4,0.4286,1497.920368547441,1128
102118,Clay,27,8,19,0.2963,1468.7261678275931,2548
102118,Hard,20,10,10,0.5,1528.9841027436719,487
102118,Carpet,10,1,9,0.1,1430.6168128588201,1351
102118,Grass,3,1,2,0.3333,1488.2221277566814,820
102119,Clay,11,5,6,0.4545,1487.0125544511602,1887
102119,Hard,9,5,4,0.5556,1511.3289215707916,811
102119,Carpet,3,1,2,0.3333,1488.8482052817471,666
102131,Hard,17,6,11,0.3529,1476.569831063224,2639
102131,Carpet,5,3,2,0.6,1512.4882268139504,266
102131,Clay,4,1,3,0.25,1479.2611922562912,2161
102131,Grass,3,2,1,0.6667,1512.083729517901,362
102132,Clay,6,1,5,0.1667,1459.9957311773555,2736
102132,Hard,5,0,5,0.0,1446.1084695309094,3287
102133,Hard,50,19,31,0.38,1504.4866949257053,971
102133,Grass,38,20,18,0.5263,1531.0580620418723,239
102133,Clay,11,1,10,0.0909,1435.507058920066,2959
102133,Carpet,4,1,3,0.25,1482.2000184246274,966
102135,Clay,92,43,49,0.4674,1560.640076642948,262
102135,Hard,11,0,11,0.0,1405.473405619897,3489
102135,Carpet,5,1,4,0.2,1476.2168010901648,1085
102135,Grass,4,1,3,0.25,1487.6349307703767,917
102138,Clay,2,1,1,0.5,1500.0475529698022,1028
102139,Hard,37,13,24,0.3514,1449.834431462308,3251
102139,Clay,10,2,8,0.2,1447.8017349314644,2873
102139,Carpet,6,2,4,0.3333,1479.6744535746343,997
102139,Grass,3,0,3,0.0,1467.6744642310457,1348
102140,Clay,3,1,2,0.3333,1492.1437140635235,1308
102143,Hard,19,8,11,0.4211,1529.5340190115053,483
102143,Carpet,10,4,6,0.4,1483.6899763924694,952
102143,Clay,7,1,6,0.1429,1459.0104413273814,2746
102143,Grass,3,1,2,0.3333,1491.0539533312617,674
102145,Clay,7,2,5,0.2857,1481.4379937102071,2076
102146,Clay,149,70,79,0.4698,1582.2205845243732,187
102146,Hard,54,15,39,0.2778,1430.882488517984,3406
102146,Grass,14,7,7,0.5,1506.2403435781075,420
102146,Carpet,5,0,5,0.0,1456.6591740030863,1271
102147,Clay,17,7,10,0.4118,1503.8445913804078,913
102147,Hard,6,2,4,0.3333,1489.6402307300737,1636
102147,Carpet,1,0,1,0.0,1487.623922921392,834
102148,Hard,460,246,214,0.5348,1589.704241063399,210
102148,Clay,274,132,142,0.4818,1481.330932584295,2083
102148,Carpet,103,48,55,0.466,1541.5136905466295,141
102148,Grass,77,44,33,0.5714,1624.2707419031883,71
102152,Hard,13,9,4,0.6923,1558.5724752918154,302
102152,Clay,6,2,4,0.3333,1483.4348990530993,2021
102152,Carpet,2,2,0,1.0,1526.0957122834932,179
102153,Clay,33,11,22,0.3333,1486.9975482595196,1890
102153,Hard,6,1,5,0.1667,1472.8475994442856,2807
102153,Grass,2,1,1,0.5,1499.1061746444561,545
102154,Hard,158,74,84,0.4684,1478.236490311244,2518
102154,Clay,60,27,33,0.45,1527.4176692843141,448
102154,Grass,30,13,17,0.4333,1483.7631353531287,1065
102154,Carpet,17,4,13,0.2353,1456.346340231888,1277
102158,Hard,319,212,107,0.6646,1851.6152117217987,12
102158,Grass,99,74,25,0.7475,1791.6387867703922,6
102158,Clay,70,36,34,0.5143,1645.2151372736437,82
102158,Carpet,63,37,26,0.5873,1647.6973155685312,32
102161,Carpet,1,0,1,0.0,1493.7141534842647,544
102161,Clay,1,0,1,0.0,1490.7112898157648,1385
102162,Hard,134,68,66,0.5075,1587.085621139043,214
102162,Clay,41,19,22,0.4634,1510.7733237186567,767
102162,Carpet,21,12,9,0.5714,1562.2987968186699,99
102162,Grass,20,10,10,0.5,1521.2390651385056,298
102165,Clay,4,0,4,0.0,1464.8725461214601,2653
102165,Hard,1,0,1,0.0,1487.5679481935988,2069
102167,Clay,94,42,52,0.4468,1560.245757124564,264
102167,Hard,29,6,23,0.2069,1439.304180141442,3350
102167,Carpet,3,0,3,0.0,1471.862027212698,1155
102167,Grass,3,1,2,0.3333,1489.8164978361065,728
102168,Clay,2,0,2,0.0,1482.6883392020118,2043
102169,Hard,82,37,45,0.4512,1544.5605050019176,382
102169,Grass,16,7,9,0.4375,1496.618604597581,575
102169,Carpet,9,1,8,0.1111,1434.038115674872,1347
102169,Clay,6,1,5,0.1667,1464.6533573367853,2661
102171,Carpet,1,0,1,0.0,1488.0,739
102171,Clay,1,0,1,0.0,1485.6475282644062,1958
102173,Clay,1,0,1,0.0,1487.7210664925442,1792
102178,Hard,1,0,1,0.0,1487.5522995625604,2074
102178,Clay,1,0,1,0.0,1487.9699967674637,1755
102179,Hard,101,41,60,0.4059,1479.7910508518548,2445
102179,Clay,58,20,38,0.3448,1479.6639478003078,2141
102179,Grass,41,19,22,0.4634,1538.4549071322767,209
102179,Carpet,14,6,8,0.4286,1507.3082349616952,366
102180,Clay,7,1,6,0.1429,1453.5642441698255,2818
102184,Hard,157,63,94,0.4013,1487.2039731696664,2136
102184,Carpet,108,56,52,0.5185,1617.2866260906765,41
102184,Clay,63,15,48,0.2381,1396.1827389202333,3063
102184,Grass,62,35,27,0.5645,1567.1890257251325,139
102187,Hard,2,0,2,0.0,1485.4725289170563,2274
102187,Grass,1,0,1,0.0,1489.0049579062006,766
102190,Clay,5,1,4,0.2,1469.4155466437153,2530
102190,Carpet,1,0,1,0.0,1491.3312145791108,588
102192,Clay,48,20,28,0.4167,1508.8546046932684,810
102192,Hard,16,6,10,0.375,1454.5785745776716,3186
102192,Carpet,2,0,2,0.0,1482.1824684805724,967
102192,Grass,1,0,1,0.0,1494.5751940004895,596
102194,Hard,1,0,1,0.0,1487.030037866043,2170
102198,Hard,18,4,14,0.2222,1450.4100413439578,3244
102198,Grass,6,2,4,0.3333,1483.0665778520677,1075
102198,Carpet,4,2,2,0.5,1499.9095034653853,471
102198,Clay,1,0,1,0.0,1493.5425315885752,1243
102201,Hard,121,53,68,0.438,1516.1664082771424,642
102201,Carpet,41,16,25,0.3902,1478.5338656681845,1014
102201,Clay,25,7,18,0.28,1466.8974710997468,2600
102201,Grass,6,0,6,0.0,1439.3154450803518,1563
102202,Hard,322,163,159,0.5062,1586.6318210520053,215
102202,Carpet,114,60,54,0.5263,1588.3880896980863,65
102202,Grass,68,31,37,0.4559,1492.824259193306,630
102202,Clay,55,16,39,0.2909,1385.8782942648477,3067
102203,Hard,1,0,1,0.0,1488.6156102390987,1752
102204,Clay,3,0,3,0.0,1469.497498042183,2528
102204,Hard,2,0,2,0.0,1476.0,2692
102204,Carpet,1,0,1,0.0,1489.6697492573714,630
102205,Hard,152,67,85,0.4408,1543.190253261746,392
102205,Carpet,35,18,17,0.5143,1515.8002811740073,238
102205,Grass,31,12,19,0.3871,1489.3257658451182,745
102205,Clay,20,3,17,0.15,1398.5969995468329,3060
102206,Clay,1,0,1,0.0,1492.5029632050735,1293
102207,Hard,1,0,1,0.0,1487.549382122989,2076
102207,Clay,1,0,1,0.0,1488.3663914953627,1610
102208,Hard,2,0,2,0.0,1479.138673149684,2474
102210,Clay,1,0,1,0.0,1486.8782453834733,1899
102210,Carpet,1,0,1,0.0,1491.456398530059,586
102212,Clay,5,2,3,0.4,1510.397965841474,780
102214,Clay,5,0,5,0.0,1465.7699449200811,2627
102214,Hard,5,1,4,0.2,1469.5004263769515,2871
102214,Carpet,2,0,2,0.0,1475.618991706906,1107
102214,Grass,1,0,1,0.0,1487.4358002999265,956
102215,Hard,6,1,5,0.1667,1482.28184204036,2361
102215,Grass,4,1,3,0.25,1485.6490733509568,1046
102215,Carpet,4,1,3,0.25,1483.4215776946314,955
102215,Clay,1,0,1,0.0,1488.1797136829507,1639
102219,Clay,7,1,6,0.1429,1463.5020889384634,2686
102220,Clay,18,5,13,0.2778,1456.4933575377095,2780
102220,Hard,12,3,9,0.25,1482.6671040643216,2344
102220,Carpet,8,1,7,0.125,1456.9582702737894,1267
102220,Grass,1,0,1,0.0,1487.5544823506668,946
102221,Clay,1,0,1,0.0,1491.990993855103,1315
102223,Clay,239,127,112,0.5314,1578.3926346039068,199
102223,Hard,80,30,50,0.375,1483.1801661694533,2333
102223,Carpet,18,1,17,0.0556,1396.667773308181,1369
102223,Grass,15,5,10,0.3333,1467.252353971812,1355
102224,Clay,1,0,1,0.0,1488.3798694415777,1608
102226,Hard,14,3,11,0.2143,1460.060593325172,3089
102226,Grass,13,7,6,0.5385,1518.402359433303,322
102226,Clay,10,5,5,0.5,1520.424776617305,552
102226,Carpet,1,0,1,0.0,1489.0762252733755,659
102227,Hard,171,68,103,0.3977,1543.332463174698,390
102227,Clay,104,45,59,0.4327,1544.603585010946,329
102227,Grass,58,28,30,0.4828,1478.3081533256488,1155
102227,Carpet,33,16,17,0.4848,1550.1799691140468,123
102231,Clay,114,46,68,0.4035,1481.1090283483966,2086
102231,Hard,54,22,32,0.4074,1479.981045678201,2439
102231,Grass,7,1,6,0.1429,1456.1809468001404,1465
102231,Carpet,3,0,3,0.0,1468.1174108637358,1185
102233,Hard,93,38,55,0.4086,1524.475082158908,523
102233,Grass,70,46,24,0.6571,1656.2875582800214,42
102233,Carpet,21,11,10,0.5238,1523.6209528048996,193
102233,Clay,14,6,8,0.4286,1510.8811675750362,761
102234,Clay,92,39,53,0.4239,1492.35606644801,1298
102234,Hard,30,10,20,0.3333,1492.901962936147,1415
102234,Grass,4,0,4,0.0,1454.4874340730607,1481
102234,Carpet,2,0,2,0.0,1483.977847000392,950
102235,Hard,67,22,45,0.3284,1496.971202068423,1261
102235,Carpet,22,10,12,0.4545,1493.7036706856602,546
102235,Grass,10,4,6,0.4,1487.0760266852737,988
102235,Clay,3,0,3,0.0,1472.8397149242664,2462
102238,Clay,369,239,130,0.6477,1604.7760291409154,143
102238,Hard,82,33,49,0.4024,1470.1765999826812,2856
102238,Carpet,25,7,18,0.28,1475.3776917924527,1114
102238,Grass,2,0,2,0.0,1476.9593705564032,1189
102239,Clay,4,1,3,0.25,1482.0394487120484,2059
102239,Hard,2,0,2,0.0,1482.1693652078156,2366
102243,Clay,25,6,19,0.24,1430.745690141692,2977
102243,Hard,6,2,4,0.3333,1499.972001377473,1146
102243,Grass,1,0,1,0.0,1489.471264121562,739
102243,Carpet,1,0,1,0.0,1496.8005380967259,520
102246,Hard,4,2,2,0.5,1498.4912568827092,1213
102246,Clay,2,0,2,0.0,1480.3434771338038,2115
102247,Clay,299,167,132,0.5585,1574.7718994784227,213
102247,Hard,112,42,70,0.375,1443.447528712519,3314
102247,Carpet,30,10,20,0.3333,1456.470141043902,1274
102247,Grass,10,1,9,0.1,1429.6805503700755,1599
102250,Clay,29,13,16,0.4483,1518.9723702497804,565
102250,Carpet,4,1,3,0.25,1485.1957932541047,940
102250,Hard,3,1,2,0.3333,1487.3953658121552,2098
102251,Clay,11,4,7,0.3636,1496.7934901084425,1160
102252,Clay,7,3,4,0.4286,1506.4307038232228,852
102252,Hard,3,1,2,0.3333,1491.9802874325087,1469
102254,Clay,4,0,4,0.0,1454.6886391580347,2800
102256,Grass,1,0,1,0.0,1488.0,864
102257,Hard,391,231,160,0.5908,1640.3156304327736,109
102257,Carpet,134,91,43,0.6791,1694.3065086184465,19
102257,Grass,122,86,36,0.7049,1688.6562232678996,29
102257,Clay,81,30,51,0.3704,1504.623134945719,896
102259,Hard,155,85,70,0.5484,1650.582933478439,95
102259,Clay,76,34,42,0.4474,1583.8880847449257,184
102259,Grass,32,15,17,0.4688,1488.6029815270251,792
102259,Carpet,26,11,15,0.4231,1512.7875519255908,264
102263,Hard,18,8,10,0.4444,1500.5735933428805,1102
102263,Carpet,11,7,4,0.6364,1518.8820669646414,230
102263,Clay,8,5,3,0.625,1516.6568181950581,599
102263,Grass,3,0,3,0.0,1473.6198606733578,1283
102267,Hard,3,0,3,0.0,1464.6503642161779,3003
102267,Clay,2,0,2,0.0,1477.962027002045,2210
102267,Carpet,1,1,0,1.0,1513.769498248039,252
102269,Hard,44,12,32,0.2727,1436.9408296742374,3369
102269,Grass,9,3,6,0.3333,1465.154203189415,1387
102269,Clay,4,1,3,0.25,1501.868990635141,955
102271,Clay,184,92,92,0.5,1533.0181639585087,401
102271,Hard,170,82,88,0.4824,1612.0275812598438,158
102271,Carpet,58,29,29,0.5,1577.3408454308064,77
102271,Grass,35,18,17,0.5143,1551.5474052625398,178
102272,Clay,1,1,0,1.0,1512.7467305917266,658
102273,Clay,1,0,1,0.0,1490.1272646345953,1422
102276,Hard,1,0,1,0.0,1490.5808714615598,1548
102277,Hard,15,8,7,0.5333,1516.9486711830546,631
102277,Clay,13,6,7,0.4615,1501.2720017272352,970
102277,Carpet,2,1,1,0.5,1498.6005729617934,501
102277,Grass,1,0,1,0.0,1488.414300586377,808
102279,Clay,3,0,3,0.0,1464.766045393965,2657
102279,Hard,2,1,1,0.5,1501.7596388873649,1047
102282,Hard,2,0,2,0.0,1475.6109625033137,2716
102282,Carpet,1,0,1,0.0,1488.5349752983807,686
102283,Clay,2,0,2,0.0,1475.7894346225116,2363
102284,Clay,6,2,4,0.3333,1497.7630869114846,1136
102284,Carpet,1,0,1,0.0,1488.6721926280352,678
102285,Hard,9,2,7,0.2222,1447.4245964982422,3275
102285,Clay,3,0,3,0.0,1473.0940992737096,2458
102286,Hard,118,53,65,0.4492,1594.1486898967119,197
102286,Carpet,25,14,11,0.56,1554.735745867961,113
102286,Clay,23,7,16,0.3043,1459.2922909006315,2742
102286,Grass,19,7,12,0.3684,1480.957006046324,1103
102287,Clay,268,127,141,0.4739,1515.1117497744112,619
102287,Hard,49,11,38,0.2245,1417.7747808729982,3460
102287,Grass,14,3,11,0.2143,1431.0180877895355,1594
102287,Carpet,9,1,8,0.1111,1441.822468147606,1334
102293,Clay,1,0,1,0.0,1487.551264917435,1830
102300,Hard,49,18,31,0.3673,1467.0021447488223,2929
102300,Carpet,15,9,6,0.6,1540.4569175746763,144
102300,Clay,6,2,4,0.3333,1494.4168729521691,1221
102300,Grass,6,2,4,0.3333,1483.947708481212,1064
102301,Hard,5,2,3,0.4,1500.1400897152278,1125
102301,Grass,1,0,1,0.0,1488.0,863
102302,Carpet,5,3,2,0.6,1510.320631949901,347
102302,Hard,1,0,1,0.0,1486.0148368156179,2261
102304,Hard,22,4,18,0.1818,1438.4145320923649,3358
102304,Grass,4,0,4,0.0,1458.3262578378728,1445
102304,Clay,3,0,3,0.0,1471.697350051723,2480
102304,Carpet,1,0,1,0.0,1494.062163339967,540
102306,Clay,28,12,16,0.4286,1525.599514264655,472
102306,Hard,25,6,19,0.24,1456.8624994575318,3145
102306,Grass,14,5,9,0.3571,1473.2894409789487,1288
102306,Carpet,7,2,5,0.2857,1477.5127202339502,1037
102307,Hard,1,0,1,0.0,1488.1680004114885,1822
102310,Hard,2,0,2,0.0,1475.5020823550485,2722
102310,Carpet,1,0,1,0.0,1487.6526085594676,830
102314,Clay,2,1,1,0.5,1501.5249562188858,963
102316,Hard,1,0,1,0.0,1487.2533695459554,2125
102318,Hard,232,115,117,0.4957,1482.9520575118897,2338
102318,Clay,200,109,91,0.545,1623.0070065432644,116
102318,Carpet,67,35,32,0.5224,1577.483829539963,76
102318,Grass,49,22,27,0.449,1482.5201795763428,1082
102320,Hard,15,11,4,0.7333,1562.666341462797,292
102320,Clay,2,0,2,0.0,1475.4530184068453,2385
102323,Hard,1,0,1,0.0,1491.9040019003814,1474
102323,Carpet,1,0,1,0.0,1486.029052359266,931
102327,Clay,4,3,1,0.75,1523.5805471438077,506
102327,Carpet,1,0,1,0.0,1489.5101514545747,639
102331,Hard,8,4,4,0.5,1508.5762471689388,889
102331,Carpet,1,1,0,1.0,1512.0,276
102331,Clay,1,0,1,0.0,1488.0,1700
102332,Carpet,1,0,1,0.0,1486.9250334718824,904
102335,Hard,3,2,1,0.6667,1510.8270670382908,829
102335,Clay,1,0,1,0.0,1488.0,1697
102335,Carpet,1,0,1,0.0,1488.0,764
102336,Hard,7,4,3,0.5714,1521.6286762653829,583
102336,Carpet,1,0,1,0.0,1487.5742681257943,852
102338,Hard,384,260,124,0.6771,1690.2473208162041,65
102338,Clay,244,141,103,0.5779,1656.776849986757,69
102338,Carpet,226,166,60,0.7345,1783.8874294479028,3
102338,Grass,66,46,20,0.697,1648.6331310197097,51
102339,Clay,32,10,22,0.3125,1459.987964554813,2737
102339,Hard,6,0,6,0.0,1460.270717835374,3085
102339,Carpet,1,0,1,0.0,1486.8574936506777,909
102339,Grass,1,0,1,0.0,1489.8910422626632,721
102344,Hard,223,123,100,0.5516,1657.8911486073048,88
102344,Clay,160,76,84,0.475,1529.6744882507253,433
102344,Carpet,93,57,36,0.6129,1656.0896927983538,26
102344,Grass,62,37,25,0.5968,1585.2913708960336,109
102347,Hard,14,6,8,0.4286,1501.3919480326495,1060
102347,Clay,7,4,3,0.5714,1506.4451297126152,851
102347,Grass,2,2,0,1.0,1522.4417923418607,288
102348,Hard,11,3,8,0.2727,1467.585495191458,2914
102348,Carpet,6,2,4,0.3333,1477.3167837787103,1044
102348,Clay,2,1,1,0.5,1502.2534582653293,944
102351,Clay,44,19,25,0.4318,1517.5055267986866,587
102351,Hard,1,0,1,0.0,1493.3378356512765,1391
102351,Grass,1,0,1,0.0,1496.3981443291925,580
102354,Carpet,3,0,3,0.0,1475.182419404475,1124
102354,Clay,2,0,2,0.0,1474.953532145364,2413
102358,Hard,458,293,165,0.6397,1606.8982842974929,165
102358,Carpet,130,77,53,0.5923,1642.6344458727021,33
102358,Clay,121,58,63,0.4793,1559.0620757049228,270
102358,Grass,41,20,21,0.4878,1530.075838187936,241
102359,Grass,10,3,7,0.3,1467.5429078646735,1349
102359,Carpet,6,2,4,0.3333,1487.1708613321061,893
102359,Hard,4,1,3,0.25,1484.272615642872,2305
102362,Clay,27,12,15,0.4444,1471.6581468362854,2482
102362,Hard,3,0,3,0.0,1466.1256255536953,2950
102362,Grass,2,0,2,0.0,1482.4718356093226,1084
102362,Carpet,1,0,1,0.0,1488.0,772
102363,Hard,3,1,2,0.3333,1492.239528184037,1446
102364,Clay,2,0,2,0.0,1476.721376031153,2289
102365,Hard,1,0,1,0.0,1487.7766753752649,2001
102367,Clay,2,1,1,0.5,1512.2262171317266,674
102368,Hard,10,2,8,0.2,1446.6542090855874,3283
102368,Clay,6,2,4,0.3333,1488.2957831276942,1622
102369,Hard,59,21,38,0.3559,1514.8291408408243,664
102369,Clay,58,30,28,0.5172,1608.7276285667072,136
102369,Carpet,20,10,10,0.5,1528.4306197714582,173
102369,Grass,9,1,8,0.1111,1430.0053841875185,1598
102372,Hard,15,9,6,0.6,1546.2307134610487,370
102372,Clay,5,1,4,0.2,1465.8938863822993,2625
102372,Carpet,2,1,1,0.5,1501.5088878972792,426
102373,Hard,1,0,1,0.0,1486.8012295015333,2201
102374,Clay,441,292,149,0.6621,1592.5730025515936,165
102374,Hard,237,133,104,0.5612,1606.8988699647728,164
102374,Carpet,34,10,24,0.2941,1448.6623677281937,1312
102374,Grass,11,4,7,0.3636,1484.0384920723718,1062
102375,Clay,66,25,41,0.3788,1478.0161998586668,2206
102375,Hard,20,5,15,0.25,1442.0712241038693,3328
102375,Carpet,6,1,5,0.1667,1455.499450184532,1283
102375,Grass,4,1,3,0.25,1489.906688231829,717
102376,Clay,1,0,1,0.0,1492.654686000255,1280
102377,Hard,2,0,2,0.0,1479.3401050741174,2466
102378,Clay,17,5,12,0.2941,1488.6492799154248,1553
102381,Clay,37,12,25,0.3243,1453.08051683651,2821
102381,Hard,14,2,12,0.1429,1427.550145976339,3427
102381,Grass,3,1,2,0.3333,1491.98682771871,649
102381,Carpet,2,0,2,0.0,1475.2685768054635,1117
102382,Hard,16,3,13,0.1875,1446.5681867051937,3285
102382,Clay,14,2,12,0.1429,1419.3503718036475,3025
102382,Grass,12,4,8,0.3333,1466.1545773828632,1368
102382,Carpet,1,1,0,1.0,1511.9203897159512,309
102388,Carpet,1,0,1,0.0,1487.673839501966,827
102388,Hard,1,0,1,0.0,1492.6674619464513,1426
102394,Clay,55,26,29,0.4727,1530.0423554069976,431
102394,Hard,40,14,26,0.35,1466.5164802609343,2941
102394,Carpet,27,12,15,0.4444,1525.7698618736695,180
102394,Grass,6,0,6,0.0,1438.6289726815583,1571
102395,Hard,16,7,9,0.4375,1512.904892064356,695
102395,Carpet,9,7,2,0.7778,1552.7437549926606,115
102395,Clay,6,2,4,0.3333,1490.925627520977,1368
102397,Clay,9,3,6,0.3333,1498.3336860180432,1120
102400,Clay,1,0,1,0.0,1489.2055229831938,1490
102401,Hard,136,65,71,0.4779,1608.734444696051,161
102401,Grass,45,22,23,0.4889,1510.9674809108221,388
102401,Clay,41,14,27,0.3415,1462.4413368837263,2703
102401,Carpet,15,7,8,0.4667,1502.651387760366,411
102403,Clay,4,2,2,0.5,1499.200933298349,1084
102403,Carpet,2,1,1,0.5,1499.227110217785,491
102405,Hard,17,3,14,0.1765,1422.5023890624486,3447
102405,Grass,16,6,10,0.375,1456.9737554604903,1455
102405,Clay,4,1,3,0.25,1491.7573741895817,1328
102405,Carpet,1,0,1,0.0,1488.3574676042977,707
102406,Hard,1,0,1,0.0,1487.7418657377837,2013
102410,Hard,11,2,9,0.1818,1458.362931470016,3114
102413,Clay,3,1,2,0.3333,1499.7299222432068,1050
102413,Hard,1,0,1,0.0,1488.6289490537263,1751
102416,Hard,1,0,1,0.0,1487.5756978625932,2065
102417,Hard,1,0,1,0.0,1488.0946413073332,1834
102419,Clay,18,12,6,0.6667,1596.3870022614396,158
102419,Hard,13,6,7,0.4615,1544.7508384512007,379
102419,Grass,4,2,2,0.5,1503.3879930154767,450
102419,Carpet,2,1,1,0.5,1504.625318697002,382
102422,Hard,5,2,3,0.4,1499.5126655511403,1175
102422,Grass,2,0,2,0.0,1476.9527830989425,1190
102425,Hard,1,0,1,0.0,1488.7344504602872,1740
102428,Hard,1,0,1,0.0,1489.22598605384,1682
102430,Hard,1,0,1,0.0,1492.4830055527564,1438
102433,Clay,6,2,4,0.3333,1497.612990099125,1141
102433,Grass,5,2,3,0.4,1497.8324117969737,561
102433,Hard,2,0,2,0.0,1485.046536389755,2287
102433,Carpet,1,1,0,1.0,1513.5130145672297,255
102434,Hard,402,198,204,0.4925,1485.1577928500365,2283
102434,Clay,162,69,93,0.4259,1508.4530460771355,818
102434,Grass,66,27,39,0.4091,1500.9322696205093,494
102434,Carpet,41,18,23,0.439,1505.289713918598,377
102436,Clay,10,6,4,0.6,1524.4401882427762,485
102436,Carpet,3,0,3,0.0,1469.138496152057,1179
102436,Hard,2,0,2,0.0,1475.6764628856843,2710
102437,Clay,150,70,80,0.4667,1509.4938964412297,799
102437,Hard,110,48,62,0.4364,1554.401800862883,327
102437,Carpet,33,13,20,0.3939,1488.5220793686387,687
102437,Grass,19,5,14,0.2632,1433.5296910660845,1586
102443,Grass,16,3,13,0.1875,1425.656928962875,1608
102443,Hard,8,2,6,0.25,1468.0642213198748,2906
102443,Clay,2,0,2,0.0,1474.9365118519518,2414
102444,Hard,7,2,5,0.2857,1469.8126184584219,2862
102444,Clay,5,3,2,0.6,1511.544557169613,740
102444,Carpet,4,1,3,0.25,1477.268784795498,1045
102446,Clay,256,171,85,0.668,1663.047393617568,60
102446,Hard,155,87,68,0.5613,1602.8505918153353,174
102446,Carpet,92,48,44,0.5217,1606.4099669569027,52
102446,Grass,34,16,18,0.4706,1487.2445710527606,968
102448,Hard,17,11,6,0.6471,1530.0838960778276,479
102448,Carpet,2,0,2,0.0,1476.600211322196,1073
102448,Grass,2,1,1,0.5,1505.0787904229423,426
102448,Clay,1,1,0,1.0,1512.0,690
102450,Hard,425,277,148,0.6518,1682.9476067233481,73
102450,Grass,119,85,34,0.7143,1718.4210011574366,18
102450,Clay,119,63,56,0.5294,1651.2893379267875,74
102450,Carpet,112,75,37,0.6696,1698.7731397565237,17
102454,Hard,3,0,3,0.0,1469.8624247431883,2859
102455,Hard,18,7,11,0.3889,1507.3198577297994,914
102455,Grass,9,3,6,0.3333,1476.5165382602172,1202
102455,Clay,7,0,7,0.0,1454.6827335366106,2801
102455,Carpet,7,1,6,0.1429,1466.0866950242894,1204
102456,Clay,358,236,122,0.6592,1650.586736262901,75
102456,Hard,137,68,69,0.4964,1578.090673606578,241
102456,Carpet,23,6,17,0.2609,1434.5024822644566,1346
102456,Grass,15,5,10,0.3333,1447.18310486277,1521
102457,Grass,7,2,5,0.2857,1475.2204813706294,1253
102457,Clay,7,1,6,0.1429,1451.6876909502373,2845
102457,Hard,1,0,1,0.0,1486.3564345889292,2235
102458,Hard,2,0,2,0.0,1477.072827505224,2597
102458,Grass,1,0,1,0.0,1489.4707041080844,740
102462,Hard,8,6,2,0.75,1542.5330327049337,396
102463,Clay,41,19,22,0.4634,1507.094897187005,838
102463,Hard,10,3,7,0.3,1488.7098451885406,1746
102463,Grass,1,0,1,0.0,1487.617487410055,921
102463,Carpet,1,0,1,0.0,1490.895800365738,595
102464,Hard,10,1,9,0.1,1468.318354616694,2897
102464,Clay,4,1,3,0.25,1483.015926950318,2032
102464,Grass,3,1,2,0.3333,1490.2619546765743,699
102465,Clay,21,10,11,0.4762,1540.4969237243727,351
102465,Hard,2,1,1,0.5,1504.9180190713867,957
102465,Grass,2,0,2,0.0,1478.1018326894666,1157
102466,Hard,80,37,43,0.4625,1524.0144019781344,530
102466,Carpet,49,25,24,0.5102,1525.1017819722792,183
102466,Clay,30,10,20,0.3333,1443.575852456636,2912
102466,Grass,13,4,9,0.3077,1463.059139830724,1413
102467,Grass,6,4,2,0.6667,1520.6582545103176,302
102467,Hard,3,0,3,0.0,1464.3937066318178,3013
102469,Clay,15,7,8,0.4667,1499.9723159325958,1039
102469,Hard,6,4,2,0.6667,1530.3012250626662,477
102469,Carpet,2,0,2,0.0,1477.0872450587244,1052
102472,Clay,28,10,18,0.3571,1469.6076103902212,2526
102472,Hard,5,1,4,0.2,1488.922692925785,1706
102472,Grass,1,0,1,0.0,1494.7048209537104,595
102473,Clay,13,4,9,0.3077,1490.3288885912182,1409
102477,Clay,50,14,36,0.28,1432.9363453988105,2969
102477,Hard,31,14,17,0.4516,1556.8402893066618,311
102477,Carpet,4,2,2,0.5,1502.9160679388149,407
102477,Grass,1,0,1,0.0,1487.5647131053386,942
102478,Clay,1,0,1,0.0,1489.9353278952508,1436
102483,Clay,2,1,1,0.5,1507.81821157952,828
102484,Clay,2,1,1,0.5,1503.3968402276528,921
102490,Clay,2,0,2,0.0,1478.6356011486512,2182
102491,Hard,50,22,28,0.44,1522.8110943980328,559
102491,Carpet,19,7,12,0.3684,1488.331788386671,708
102491,Grass,19,10,9,0.5263,1527.7609846689638,256
102491,Clay,8,1,7,0.125,1469.7708679473205,2519
102494,Clay,72,28,44,0.3889,1502.0536662671207,947
102494,Hard,35,11,24,0.3143,1430.7524731007456,3407
102494,Carpet,5,3,2,0.6,1519.7009121318872,229
102494,Grass,4,0,4,0.0,1456.1639515800566,1466
102496,Hard,5,1,4,0.2,1467.8690739985936,2910
102496,Clay,2,0,2,0.0,1476.3329306432897,2320
102497,Hard,12,2,10,0.1667,1451.5602417067512,3235
102501,Carpet,1,0,1,0.0,1487.9420608418852,805
102501,Clay,1,0,1,0.0,1486.9280431570564,1894
102501,Grass,1,0,1,0.0,1488.0,865
102502,Hard,3,0,3,0.0,1468.1808158705337,2903
102506,Clay,8,4,4,0.5,1531.152468038192,421
102511,Hard,2,0,2,0.0,1475.0490595050285,2746
102511,Grass,1,0,1,0.0,1488.0,861
102512,Hard,16,6,10,0.375,1495.4125734812942,1303
102512,Grass,5,1,4,0.2,1467.913332597765,1346
102519,Clay,13,5,8,0.3846,1510.8415263391455,764
102519,Hard,1,0,1,0.0,1487.7622221856022,2004
102520,Clay,3,0,3,0.0,1468.7594711322824,2547
102521,Hard,92,49,43,0.5326,1656.4443406990065,92
102521,Clay,61,23,38,0.377,1535.7465120443687,378
102521,Carpet,34,14,20,0.4118,1502.4119403241805,414
102521,Grass,30,11,19,0.3667,1468.1600709641637,1344
102522,Clay,6,2,4,0.3333,1493.1344607507667,1256
102524,Hard,55,19,36,0.3455,1436.7106409367607,3372
102524,Grass,29,16,13,0.5517,1540.8953169263182,201
102524,Carpet,6,1,5,0.1667,1466.5954278326385,1198
102524,Clay,2,0,2,0.0,1484.2323673190388,1999
102528,Carpet,1,0,1,0.0,1488.6150529635993,681
102528,Clay,1,0,1,0.0,1486.445952220014,1930
102528,Hard,1,1,0,1.0,1508.7949825495132,884
102529,Hard,4,0,4,0.0,1464.1475902699515,3020
102529,Grass,1,0,1,0.0,1487.5702426162388,941
102533,Clay,58,23,35,0.3966,1515.0138892896466,620
102533,Hard,29,10,19,0.3448,1501.1234266274025,1073
102533,Grass,22,12,10,0.5455,1540.684936494303,202
102533,Carpet,8,3,5,0.375,1486.8869817490956,907
102536,Hard,12,1,11,0.0833,1409.8852449953508,3474
102536,Carpet,2,0,2,0.0,1478.0192531227283,1026
102536,Grass,2,2,0,1.0,1524.0754786759646,273
102537,Hard,14,6,8,0.4286,1492.0428475341905,1464
102537,Carpet,2,2,0,1.0,1523.601219948283,194
102537,Clay,2,0,2,0.0,1476.0,2348
102538,Hard,36,13,23,0.3611,1486.2903790191697,2239
102538,Carpet,21,8,13,0.381,1455.9362652144125,1278
102538,Clay,12,3,9,0.25,1447.6742953424641,2877
102538,Grass,6,1,5,0.1667,1459.3794645022729,1440
102539,Clay,225,116,109,0.5156,1524.4223933195858,486
102539,Hard,164,79,85,0.4817,1597.5101974170173,188
102539,Carpet,70,30,40,0.4286,1517.332353981008,234
102539,Grass,19,5,14,0.2632,1431.6382789700133,1591
102540,Clay,1,0,1,0.0,1485.2688152761348,1969
102543,Hard,14,7,7,0.5,1500.5297638176446,1106
102543,Clay,5,2,3,0.4,1490.7539562807067,1381
102543,Carpet,2,1,1,0.5,1499.9857338979762,468
102544,Clay,9,4,5,0.4444,1484.3179649079868,1994
102545,Clay,1,0,1,0.0,1492.089669045302,1310
102548,Clay,162,71,91,0.4383,1452.2775242879331,2834
102548,Hard,33,9,24,0.2727,1434.3778119665706,3390
102548,Grass,5,0,5,0.0,1446.6953125211521,1524
102548,Carpet,3,0,3,0.0,1467.633620355155,1186
102549,Carpet,6,3,3,0.5,1502.2039130906182,417
102549,Clay,4,3,1,0.75,1521.7856967868674,544
102549,Hard,2,1,1,0.5,1499.5993130522415,1168
102552,Hard,3,2,1,0.6667,1511.7823285037948,776
102554,Clay,3,0,3,0.0,1466.7957556165761,2601
102556,Hard,24,15,9,0.625,1565.6060147557039,279
102556,Clay,12,7,5,0.5833,1527.5488966535281,446
102556,Carpet,8,4,4,0.5,1504.0339320851451,391
102557,Hard,1,0,1,0.0,1493.9616591507393,1356
102557,Carpet,1,0,1,0.0,1488.3868730591832,703
102558,Hard,30,12,18,0.4,1503.1123235975654,1006
102558,Clay,3,1,2,0.3333,1491.124858518954,1358
102558,Carpet,1,1,0,1.0,1512.413848949311,268
102562,Hard,272,156,116,0.5735,1706.2860742948271,58
102562,Clay,227,128,99,0.5639,1628.3229867846424,104
102562,Carpet,70,38,32,0.5429,1592.0188314106115,63
102562,Grass,35,17,18,0.4857,1522.9498199922168,285
102563,Hard,361,203,158,0.5623,1639.4404520010085,111
102563,Carpet,112,72,40,0.6429,1675.0834800211244,22
102563,Clay,107,38,69,0.3551,1533.1493674879462,399
102563,Grass,78,48,30,0.6154,1608.679994083032,81
102565,Clay,44,15,29,0.3409,1489.3960359312532,1470
102565,Hard,26,6,20,0.2308,1424.939774996258,3439
102565,Grass,15,4,11,0.2667,1443.5484792448642,1544
102565,Carpet,7,3,4,0.4286,1502.311146538916,416
102567,Hard,91,37,54,0.4066,1476.2704738365542,2660
102567,Carpet,18,6,12,0.3333,1475.1552927631249,1125
102567,Clay,18,4,14,0.2222,1447.9775733958488,2872
102567,Grass,16,3,13,0.1875,1422.7486834468975,1617
102571,Hard,59,24,35,0.4068,1521.6734474476157,580
102571,Grass,15,6,9,0.4,1486.4713708438435,1023
102571,Carpet,11,5,6,0.4545,1500.9942383656694,437
102571,Clay,4,0,4,0.0,1463.2864158795242,2692
102572,Clay,2,0,2,0.0,1484.0242862186021,2005
102572,Grass,1,0,1,0.0,1487.488562810388,953
102574,Clay,12,4,8,0.3333,1482.2431230883285,2055
102574,Grass,3,0,3,0.0,1466.2212771244986,1366
102574,Carpet,3,0,3,0.0,1472.8891223861767,1148
102575,Clay,1,0,1,0.0,1490.233262847601,1416
102577,Grass,1,0,1,0.0,1489.5721381520466,735
102577,Clay,1,0,1,0.0,1487.5506759436585,1831
102578,Hard,1,0,1,0.0,1491.1563432575751,1511
102578,Carpet,1,0,1,0.0,1497.3844930647708,515
102581,Clay,3,0,3,0.0,1480.2037183804646,2122
102581,Carpet,1,1,0,1.0,1512.0,280
102584,Clay,3,1,2,0.3333,1494.352706060324,1222
102585,Clay,13,3,10,0.2308,1458.3373657210905,2759
102585,Hard,2,1,1,0.5,1504.6454073640439,966
102585,Carpet,1,0,1,0.0,1492.2130916907195,568
102588,Carpet,17,7,10,0.4118,1486.1609975864965,928
102588,Hard,16,8,8,0.5,1522.5606992719888,565
102588,Clay,4,1,3,0.25,1489.3272942269964,1478
102595,Clay,7,1,6,0.1429,1444.1872177124496,2908
102595,Hard,7,1,6,0.1429,1445.9095892828163,3291
102595,Carpet,4,3,1,0.75,1524.0741802989296,188
102596,Hard,1,0,1,0.0,1487.0814195607231,2158
102598,Hard,3,2,1,0.6667,1511.6149460349009,786
102598,Clay,1,0,1,0.0,1487.5617871554484,1827
102600,Clay,5,0,5,0.0,1451.9872383505171,2836
102605,Clay,2,0,2,0.0,1476.7916009074406,2280
102607,Clay,50,26,24,0.52,1590.1052597813261,170
102607,Hard,35,15,20,0.4286,1523.4518448816962,543
102607,Grass,3,0,3,0.0,1468.3696250097355,1338
102607,Carpet,2,0,2,0.0,1480.216864025801,990
102610,Clay,412,274,138,0.665,1630.8797363646804,99
102610,Hard,210,104,106,0.4952,1578.06472486612,242
102610,Carpet,31,8,23,0.2581,1442.547880764808,1332
102610,Grass,9,2,7,0.2222,1457.676962646086,1449
102614,Clay,3,1,2,0.3333,1502.9672676754042,933
102615,Clay,44,19,25,0.4318,1513.0150901928225,650
102615,Hard,39,15,24,0.3846,1496.2344955653793,1280
102615,Grass,22,7,15,0.3182,1447.5408362942499,1518
102615,Carpet,11,2,9,0.1818,1453.2209240135676,1299
102617,Clay,10,6,4,0.6,1528.9219229109233,439
102617,Hard,5,1,4,0.2,1467.686774215324,2912
102617,Carpet,3,2,1,0.6667,1513.215678764265,256
102623,Clay,8,2,6,0.25,1469.4216131328658,2529
102623,Carpet,2,0,2,0.0,1480.844132043659,982
102624,Grass,1,0,1,0.0,1492.7044354277468,634
102629,Hard,11,2,9,0.1818,1453.149423166566,3212
102629,Grass,7,2,5,0.2857,1481.0949456879628,1100
102629,Clay,2,0,2,0.0,1479.4190084723164,2152
102629,Carpet,1,0,1,0.0,1491.180873870631,594
102630,Clay,18,6,12,0.3333,1444.9724089428507,2901
102630,Hard,3,1,2,0.3333,1488.9665275572206,1702
102632,Carpet,3,2,1,0.6667,1511.6522394093204,316
102632,Hard,1,1,0,1.0,1511.7070742651767,780
102632,Clay,1,0,1,0.0,1493.938619284372,1233
102642,Hard,119,48,71,0.4034,1547.6779318808628,359
102642,Carpet,27,15,12,0.5556,1550.2510907567262,121
102642,Grass,24,10,14,0.4167,1486.3376277684056,1027
102642,Clay,16,2,14,0.125,1438.5356785760875,2942
102644,Clay,239,129,110,0.5397,1600.165406757102,150
102644,Hard,69,25,44,0.3623,1549.807569770801,343
102644,Grass,7,1,6,0.1429,1448.5724719551984,1513
102644,Carpet,6,1,5,0.1667,1466.9625541105336,1195
102647,Clay,2,1,1,0.5,1497.4823364559836,1143
102647,Hard,1,0,1,0.0,1487.630185572955,2036
102650,Clay,62,22,40,0.3548,1478.999801070821,2168
102650,Hard,5,1,4,0.2,1483.1281469319385,2335
102650,Carpet,1,0,1,0.0,1487.2589043956402,880
102652,Hard,29,8,21,0.2759,1444.2893675712455,3307
102652,Clay,19,4,15,0.2105,1441.2787415465546,2921
102652,Grass,13,5,8,0.3846,1489.2273406102154,758
102652,Carpet,4,0,4,0.0,1462.989973522244,1234
102654,Hard,10,4,6,0.4,1506.5579606834538,922
102654,Clay,2,0,2,0.0,1478.3176380390275,2192
102655,Hard,29,11,18,0.3793,1462.4201759555056,3056
102655,Clay,24,10,14,0.4167,1509.9229740706132,791
102656,Clay,2,2,0,1.0,1522.4103285665115,534
102656,Carpet,1,1,0,1.0,1515.0082421579743,245
102657,Hard,3,1,2,0.3333,1488.253568183243,1814
102664,Clay,1,0,1,0.0,1489.4934731809205,1463
102667,Hard,20,5,15,0.25,1434.1739125770985,3393
102667,Carpet,2,0,2,0.0,1478.6710136431743,1009
102667,Grass,1,1,0,1.0,1517.548621109888,329
102668,Clay,3,0,3,0.0,1465.1424824771896,2648
102668,Carpet,3,1,2,0.3333,1487.5425780345,862
102668,Hard,1,0,1,0.0,1493.1470233512928,1397
102669,Hard,19,7,12,0.3684,1492.8617430914098,1419
102669,Clay,2,0,2,0.0,1478.867162233667,2176
102669,Carpet,1,0,1,0.0,1490.811580613123,601
102675,Hard,1,0,1,0.0,1490.3305323094003,1574
102685,Clay,4,1,3,0.25,1476.3663839746373,2319
102685,Hard,2,1,1,0.5,1500.3808138816319,1114
102685,Grass,2,0,2,0.0,1479.3148838462378,1133
102685,Carpet,2,0,2,0.0,1478.9955780451164,1004
102687,Clay,15,3,12,0.2,1447.3123366837694,2880
102687,Hard,3,1,2,0.3333,1493.8120493229833,1368
102689,Clay,4,2,2,0.5,1508.789659320534,812
102689,Hard,1,0,1,0.0,1493.4939151563278,1378
102693,Clay,1,0,1,0.0,1495.8442055437972,1177
102694,Hard,130,51,79,0.3923,1461.4758853234712,3065
102694,Clay,64,20,44,0.3125,1452.8373223869621,2826
102694,Grass,26,8,18,0.3077,1443.375161525995,1545
102694,Carpet,22,11,11,0.5,1507.2915467662444,367
102696,Clay,9,2,7,0.2222,1453.704683994046,2815
102696,Hard,1,1,0,1.0,1512.0,740
102696,Carpet,1,0,1,0.0,1488.596861471828,682
102701,Hard,264,176,88,0.6667,1761.9820888992729,29
102701,Clay,262,180,82,0.687,1677.2872384157254,48
102701,Carpet,50,31,19,0.62,1593.5876056344782,61
102701,Grass,12,6,6,0.5,1509.1581136797884,399
102702,Clay,1,0,1,0.0,1489.2218641354377,1488
102703,Hard,209,101,108,0.4833,1598.205892256542,184
102703,Clay,62,31,31,0.5,1567.9861587906616,238
102703,Grass,39,19,20,0.4872,1519.4395824709293,314
102703,Carpet,17,11,6,0.6471,1545.100788734041,133
102706,Hard,1,1,0,1.0,1510.689245594263,831
102713,Hard,2,1,1,0.5,1498.4325419650422,1215
102714,Hard,1,0,1,0.0,1488.642157842767,1750
102715,Clay,3,1,2,0.3333,1498.596592471261,1106
102715,Hard,1,0,1,0.0,1491.7547184192028,1485
102716,Carpet,3,2,1,0.6667,1521.955766052691,217
102720,Hard,62,20,42,0.3226,1441.1091095448182,3338
102720,Clay,55,16,39,0.2909,1454.3191491684192,2806
102720,Grass,16,6,10,0.375,1474.8427409206909,1266
102720,Carpet,7,1,6,0.1429,1466.4393577033195,1199
102722,Clay,64,34,30,0.5312,1559.846241436449,267
102722,Hard,26,6,20,0.2308,1423.357879919321,3443
102722,Carpet,9,2,7,0.2222,1455.0173188974127,1290
102722,Grass,2,0,2,0.0,1471.788359609361,1301
102723,Clay,6,2,4,0.3333,1493.0456813096762,1262
102725,Clay,1,1,0,1.0,1512.3888659509844,671
102730,Hard,66,21,45,0.3182,1441.6731228535284,3333
102730,Carpet,19,7,12,0.3684,1477.3882818733366,1042
102730,Clay,16,2,14,0.125,1424.0010960310624,3009
102730,Grass,12,4,8,0.3333,1478.7575311291714,1146
102734,Hard,2,0,2,0.0,1481.4481321398275,2385
102734,Clay,2,1,1,0.5,1501.5576403196721,962
102735,Grass,1,0,1,0.0,1489.3082974361457,746
102735,Hard,1,0,1,0.0,1486.570897869666,2220
102735,Clay,1,0,1,0.0,1494.5808823720533,1216
102737,Hard,9,5,4,0.5556,1511.692844391721,782
102737,Clay,6,6,0,1.0,1563.1108691830486,255
102737,Carpet,6,1,5,0.1667,1457.160399878876,1264
102738,Clay,2,1,1,0.5,1499.5471184809994,1071
102740,Clay,15,12,3,0.8,1576.9666244504322,205
102740,Hard,4,2,2,0.5,1502.5657307686827,1020
102742,Clay,4,2,2,0.5,1501.6103859035054,960
102742,Hard,3,1,2,0.3333,1488.6561593281829,1749
102742,Carpet,2,1,1,0.5,1499.1706382184661,494
102743,Hard,14,3,11,0.2143,1448.1116180255478,3269
102743,Grass,4,1,3,0.25,1476.0704360881539,1220
102751,Hard,1,0,1,0.0,1491.2522650820745,1507
102753,Clay,17,7,10,0.4118,1517.9737498284717,575
102753,Carpet,3,0,3,0.0,1482.1057185873758,969
102753,Hard,2,1,1,0.5,1504.7991793299188,961
102753,Grass,1,0,1,0.0,1493.3314793141476,622
102755,Grass,1,0,1,0.0,1488.5869483525453,793
102756,Clay,8,2,6,0.25,1470.0819936432524,2514
102756,Hard,2,1,1,0.5,1498.5198410228586,1212
102760,Grass,1,0,1,0.0,1487.7720680521513,905
102765,Hard,162,99,63,0.6111,1763.000466871246,28
102765,Clay,53,22,31,0.4151,1564.6263232675087,249
102765,Carpet,52,28,24,0.5385,1607.5395467472808,50
102765,Grass,37,23,14,0.6216,1606.1655867790753,83
102768,Clay,23,9,14,0.3913,1507.664525233046,831
102768,Hard,8,2,6,0.25,1468.4730110031244,2889
102769,Clay,1,0,1,0.0,1487.3846081347374,1855
102770,Hard,78,32,46,0.4103,1490.179455829673,1583
102770,Clay,42,13,29,0.3095,1459.6375791438395,2740
102770,Grass,29,13,16,0.4483,1480.604620648163,1105
102770,Carpet,13,4,9,0.3077,1473.2983389764302,1146
102772,Hard,17,4,13,0.2353,1414.91002143327,3463
102772,Carpet,1,0,1,0.0,1488.0,756
102772,Grass,1,0,1,0.0,1491.3051874926684,667
102776,Hard,105,41,64,0.3905,1473.768849453697,2782
102776,Clay,79,42,37,0.5316,1564.9772916674951,248
102776,Grass,16,5,11,0.3125,1456.0679284647522,1467
102776,Carpet,6,1,5,0.1667,1463.230330072325,1231
102777,Carpet,1,0,1,0.0,1491.2630033249077,590
102777,Clay,1,0,1,0.0,1487.8056549993057,1784
102778,Hard,1,0,1,0.0,1487.8918890330474,1986
102780,Hard,26,4,22,0.1538,1423.125127957962,3445
102780,Clay,11,4,7,0.3636,1494.225581733546,1226
102780,Carpet,5,4,1,0.8,1533.196215329963,161
102780,Grass,3,1,2,0.3333,1489.9728595978306,711
102783,Hard,375,197,178,0.5253,1490.4696109309084,1560
102783,Clay,163,64,99,0.3926,1415.649745296236,3034
102783,Grass,81,45,36,0.5556,1587.747051497601,107
102783,Carpet,49,23,26,0.4694,1532.0174902906565,166
102785,Hard,33,11,22,0.3333,1462.5977710756536,3054
102785,Grass,5,2,3,0.4,1490.3454035834304,696
102787,Hard,1,1,0,1.0,1512.0176975547618,722
102788,Hard,45,12,33,0.2667,1406.752347677848,3483
102788,Grass,29,14,15,0.4828,1527.5618670161523,257
102788,Clay,15,4,11,0.2667,1465.9032340802044,2624
102788,Carpet,1,0,1,0.0,1488.0,763
102789,Hard,1,0,1,0.0,1493.9913996379228,1351
102790,Hard,3,2,1,0.6667,1512.6658063903733,700
102790,Grass,2,0,2,0.0,1477.9863264549679,1161
102790,Carpet,2,0,2,0.0,1478.2923406843133,1018
102791,Hard,6,1,5,0.1667,1476.0118731897833,2691
102795,Hard,11,0,11,0.0,1406.7029757834143,3484
102795,Grass,2,0,2,0.0,1476.3151124209421,1214
102795,Clay,2,0,2,0.0,1488.0595771587014,1652
102796,Hard,199,115,84,0.5779,1626.1982132287549,131
102796,Clay,180,109,71,0.6056,1566.8734067228002,242
102796,Carpet,29,15,14,0.5172,1550.2298428819502,122
102796,Grass,15,7,8,0.4667,1508.612049795484,402
102800,Hard,11,0,11,0.0,1414.5308283006761,3465
102800,Carpet,10,7,3,0.7,1546.3068423483285,130
102800,Clay,9,1,8,0.1111,1440.3151732897204,2932
102800,Grass,8,4,4,0.5,1508.9823987417853,401
102802,Clay,4,0,4,0.0,1453.877109696126,2812
102802,Hard,4,2,2,0.5,1497.3217141974737,1251
102805,Hard,1,0,1,0.0,1488.513337540086,1760
102808,Hard,4,2,2,0.5,1508.9499151898276,882
102808,Clay,1,0,1,0.0,1492.6960154247606,1277
102809,Hard,29,11,18,0.3793,1504.9330991759566,955
102809,Grass,5,0,5,0.0,1456.6487206207858,1459
102809,Clay,2,0,2,0.0,1484.5876344636208,1988
102811,Clay,18,10,8,0.5556,1545.915374567113,323
102811,Hard,9,3,6,0.3333,1489.9194534708606,1609
102811,Grass,6,3,3,0.5,1501.3770060771703,487
102811,Carpet,4,2,2,0.5,1501.4182900528149,427
102812,Hard,16,9,7,0.5625,1504.7511143405789,962
102812,Clay,4,1,3,0.25,1476.0572367860993,2338
102812,Carpet,2,0,2,0.0,1476.6014151773722,1072
102812,Grass,2,0,2,0.0,1481.0135729165622,1102
102814,Carpet,1,0,1,0.0,1487.560771176114,858
102814,Clay,1,0,1,0.0,1488.0,1703
102817,Hard,14,5,9,0.3571,1479.3871565894315,2462
102817,Clay,10,5,5,0.5,1521.89433416333,542
102817,Grass,3,0,3,0.0,1464.385223431776,1397
102817,Carpet,2,1,1,0.5,1511.7631374112866,312
102818,Grass,1,0,1,0.0,1487.0240509992248,991
102818,Clay,1,0,1,0.0,1488.3586679186276,1611
102819,Hard,1,0,1,0.0,1488.3268772868594,1807
102821,Hard,122,46,76,0.377,1481.2074991164588,2397
102821,Clay,23,7,16,0.3043,1446.9654087009376,2883
102821,Grass,17,4,13,0.2353,1419.2491577879402,1623
102821,Carpet,5,2,3,0.4,1493.1254632353061,554
102824,Hard,1,0,1,0.0,1491.800959949686,1481
102826,Hard,9,2,7,0.2222,1453.339966078755,3207
102826,Grass,8,7,1,0.875,1562.4056984095334,147
102826,Clay,4,3,1,0.75,1523.7557775039436,496
102830,Clay,11,7,4,0.6364,1525.1158597252377,482
102830,Hard,4,1,3,0.25,1476.1646926233161,2670
102831,Clay,67,25,42,0.3731,1502.0933548174703,946
102831,Hard,21,3,18,0.1429,1405.822750296136,3487
102831,Carpet,1,0,1,0.0,1490.412604367702,609
102831,Grass,1,0,1,0.0,1488.3014421486087,818
102832,Hard,11,2,9,0.1818,1427.4408216869017,3429
102832,Clay,7,0,7,0.0,1428.8155906413995,2986
102832,Carpet,2,0,2,0.0,1475.2304355266347,1122
102834,Hard,148,62,86,0.4189,1565.304842891886,282
102834,Clay,25,10,15,0.4,1509.6566415340653,795
102834,Grass,22,11,11,0.5,1506.4016346897736,419
102834,Carpet,5,2,3,0.4,1494.0043216164622,541
102835,Grass,8,3,5,0.375,1479.8102879084095,1121
102835,Hard,3,2,1,0.6667,1515.3531105025413,655
102835,Clay,1,0,1,0.0,1495.4711400067608,1195
102836,Hard,7,3,4,0.4286,1499.4215349414294,1176
102836,Grass,5,0,5,0.0,1448.0258454160112,1516
102836,Clay,5,1,4,0.2,1484.9024167703503,1976
102839,Clay,324,182,142,0.5617,1586.33963683359,179
102839,Hard,230,112,118,0.487,1557.1753655084885,308
102839,Carpet,38,18,20,0.4737,1511.0384663284526,335
102839,Grass,30,11,19,0.3667,1467.4733593695303,1353
102842,Hard,2,0,2,0.0,1485.0533480046067,2286
102843,Hard,33,17,16,0.5152,1525.4974076640788,509
102843,Clay,16,6,10,0.375,1461.9657401067843,2708
102843,Carpet,4,0,4,0.0,1453.675065792279,1296
102845,Clay,482,339,143,0.7033,1657.558092930136,67
102845,Hard,356,212,144,0.5955,1619.4960652663945,139
102845,Carpet,34,14,20,0.4118,1525.6331016646777,182
102845,Grass,28,13,15,0.4643,1523.1718082607345,282
102851,Clay,18,6,12,0.3333,1476.9776154588149,2257
102851,Hard,9,3,6,0.3333,1479.5023655849354,2456
102851,Carpet,3,0,3,0.0,1463.832250193286,1230
102854,Hard,287,152,135,0.5296,1622.634193151251,132
102854,Clay,140,65,75,0.4643,1572.7606691935425,223
102854,Grass,77,47,30,0.6104,1679.4353086096157,35
102854,Carpet,59,31,28,0.5254,1578.1612709050203,74
102855,Hard,6,1,5,0.1667,1473.35179084212,2791
102855,Clay,3,1,2,0.3333,1495.691942666895,1185
102855,Grass,1,0,1,0.0,1488.6641663525736,788
102856,Clay,261,183,78,0.7011,1646.0458354036978,81
102856,Hard,236,147,89,0.6229,1634.8948632315428,118
102856,Carpet,44,24,20,0.5455,1581.3498650993631,70
102856,Grass,15,7,8,0.4667,1521.2436260333996,296
102860,Clay,225,135,90,0.6,1613.2474948223544,128
102860,Hard,147,66,81,0.449,1549.397765867007,346
102860,Grass,14,4,10,0.2857,1450.7198283316418,1502
102860,Carpet,13,5,8,0.3846,1476.8248980264482,1066
102862,Hard,5,1,4,0.2,1476.9349171829622,2608
102863,Hard,67,32,35,0.4776,1585.5094681140035,219
102863,Carpet,18,14,4,0.7778,1604.647944286626,54
102863,Grass,6,1,5,0.1667,1465.8496849214807,1376
102863,Clay,5,3,2,0.6,1517.7537521965978,581
102864,Grass,1,0,1,0.0,1489.3056563438035,747
102864,Hard,1,0,1,0.0,1488.0,1909
102865,Hard,1,0,1,0.0,1486.166217307253,2247
102868,Carpet,2,0,2,0.0,1478.7518996583806,1007
102868,Hard,2,1,1,0.5,1498.2364746879466,1221
102869,Clay,237,111,126,0.4684,1527.792686956405,444
102869,Hard,49,10,39,0.2041,1415.0891328755351,3462
102869,Grass,7,1,6,0.1429,1446.5849631227757,1525
102869,Carpet,4,0,4,0.0,1461.0361629385277,1242
102872,Hard,17,6,11,0.3529,1495.3367351960123,1308
102872,Clay,4,0,4,0.0,1460.375075583755,2732
102872,Grass,1,0,1,0.0,1489.9185254128834,715
102873,Hard,1,1,0,1.0,1512.7989472156069,699
102873,Grass,1,0,1,0.0,1492.9858030093776,629
102875,Hard,7,2,5,0.2857,1498.0025751190947,1228
102880,Hard,41,15,26,0.3659,1464.5061012943495,3009
102880,Grass,38,24,14,0.6316,1580.3264249047083,114
102880,Clay,26,5,21,0.1923,1398.4731143855638,3061
102880,Carpet,5,1,4,0.2,1473.8417777226218,1137
102881,Clay,13,5,8,0.3846,1502.7563029890055,937
102881,Hard,4,0,4,0.0,1464.371380912069,3014
102882,Hard,302,181,121,0.5993,1543.5819445573977,387
102882,Clay,93,52,41,0.5591,1653.0846174406308,73
102882,Grass,74,51,23,0.6892,1708.2488395367166,21
102882,Carpet,53,31,22,0.5849,1632.6613708126545,37
102883,Grass,1,0,1,0.0,1487.269266984952,965
102885,Hard,1,0,1,0.0,1487.3029741572257,2114
102886,Clay,19,8,11,0.4211,1525.4784720425503,476
102886,Hard,4,0,4,0.0,1453.292257589414,3209
102886,Grass,2,1,1,0.5,1504.9144323951102,429
102887,Hard,119,51,68,0.4286,1553.0609548824034,334
102887,Clay,83,52,31,0.6265,1647.5899358352774,79
102887,Grass,11,2,9,0.1818,1443.851253778323,1543
102887,Carpet,6,3,3,0.5,1515.1783237816232,242
102889,Carpet,1,0,1,0.0,1487.6277064228598,833
102891,Carpet,1,0,1,0.0,1489.7423886254023,628
102892,Hard,1,0,1,0.0,1490.9285823744274,1523
102897,Hard,7,2,5,0.2857,1494.0296514421782,1350
102902,Grass,3,1,2,0.3333,1487.6156381284911,922
102902,Hard,3,1,2,0.3333,1487.7170281811946,2020
102902,Clay,1,0,1,0.0,1487.0985828839853,1880
102903,Hard,14,6,8,0.4286,1503.7368578137625,984
102903,Grass,3,0,3,0.0,1465.3367423527964,1384
102903,Carpet,3,1,2,0.3333,1488.3288590737304,709
102904,Hard,4,1,3,0.25,1481.7782953998496,2372
102904,Clay,3,2,1,0.6667,1516.0554735027024,608
102904,Carpet,1,0,1,0.0,1489.0839856991413,658
102905,Hard,220,98,122,0.4455,1605.6019520605546,168
102905,Clay,190,95,95,0.5,1500.6594021664273,995
102905,Carpet,32,14,18,0.4375,1533.0458166983117,162
102905,Grass,27,8,19,0.2963,1416.4148708393784,1630
102910,Clay,11,4,7,0.3636,1492.9424916949438,1266
102911,Hard,46,20,26,0.4348,1510.4868966574254,841
102911,Clay,24,9,15,0.375,1491.249333437115,1352
102911,Grass,17,6,11,0.3529,1477.0921935866563,1184
102911,Carpet,8,2,6,0.25,1467.059531524175,1193
102912,Carpet,1,0,1,0.0,1485.7696689368838,934
102918,Hard,6,2,4,0.3333,1477.1817125620353,2584
102918,Carpet,2,0,2,0.0,1476.414300586377,1081
102920,Clay,1,0,1,0.0,1493.363291267552,1248
102921,Hard,10,1,9,0.1,1425.676571640116,3435
102921,Grass,3,1,2,0.3333,1488.3212608772092,816
102921,Clay,2,0,2,0.0,1479.4277929150046,2150
102922,Clay,1,0,1,0.0,1488.0,1693
102925,Hard,184,71,113,0.3859,1454.474660026088,3189
102925,Grass,59,24,35,0.4068,1491.4763478518769,663
102925,Clay,25,8,17,0.32,1462.500621086016,2701
102925,Carpet,11,4,7,0.3636,1485.6020530544497,938
102928,Hard,7,6,1,0.8571,1554.4112994562745,326
102928,Carpet,2,0,2,0.0,1478.3574974831656,1016
102928,Clay,1,1,0,1.0,1512.0,693
102929,Hard,2,0,2,0.0,1488.0329464492295,1848
102934,Clay,28,13,15,0.4643,1549.518619648721,302
102934,Hard,2,0,2,0.0,1489.1619356164178,1690
102934,Grass,2,0,2,0.0,1476.5675932163647,1200
102938,Hard,4,1,3,0.25,1474.3028198696084,2769
102938,Clay,2,0,2,0.0,1476.0283737991588,2342
102939,Clay,3,1,2,0.3333,1492.6471300762896,1281
102939,Hard,3,1,2,0.3333,1505.4456002122574,941
102942,Clay,2,2,0,1.0,1522.3766813574914,535
102942,Carpet,1,0,1,0.0,1487.585699413623,844
102942,Hard,1,0,1,0.0,1487.945886712239,1976
102944,Clay,3,1,2,0.3333,1500.5131582492438,1000
102945,Hard,2,0,2,0.0,1487.0994565783542,2153
102948,Hard,1,0,1,0.0,1487.5780620529881,2062
102950,Clay,241,113,128,0.4689,1451.8666308196373,2840
102950,Hard,103,39,64,0.3786,1495.8473362557427,1290
102950,Grass,17,5,12,0.2941,1463.377451714218,1410
102950,Carpet,11,2,9,0.1818,1452.2907823856933,1302
102956,Hard,16,2,14,0.125,1395.1951578531261,3508
102956,Clay,2,0,2,0.0,1475.08675373814,2408
102957,Hard,31,12,19,0.3871,1472.2417851237067,2814
102957,Clay,8,2,6,0.25,1479.4469766566924,2148
102957,Carpet,4,3,1,0.75,1524.191918178496,187
102959,Clay,20,17,3,0.85,1627.531653505388,106
102959,Hard,10,5,5,0.5,1516.1576725290704,643
102959,Carpet,4,2,2,0.5,1499.7348712341634,476
102959,Grass,1,1,0,1.0,1512.0,368
102961,Clay,3,0,3,0.0,1478.9004111186123,2175
102963,Hard,2,0,2,0.0,1486.9660222604891,2183
102963,Carpet,1,0,1,0.0,1488.4714146391136,693
102965,Grass,25,7,18,0.28,1425.2106217539335,1610
102965,Hard,15,4,11,0.2667,1454.2394027501157,3193
102965,Clay,4,0,4,0.0,1472.1202682749522,2473
102965,Carpet,2,0,2,0.0,1479.484162717882,998
102966,Hard,22,6,16,0.2727,1453.5060488899098,3204
102966,Clay,10,1,9,0.1,1445.2568549292637,2898
102966,Carpet,2,1,1,0.5,1508.4245729786119,357
102966,Grass,2,0,2,0.0,1489.0029066497566,767
102967,Hard,102,43,59,0.4216,1549.395381714919,347
102967,Clay,59,26,33,0.4407,1513.9480650415442,634
102967,Grass,26,11,15,0.4231,1470.3074367012368,1311
102967,Carpet,18,12,6,0.6667,1567.1242225002688,91
102968,Hard,9,5,4,0.5556,1523.1098782566305,553
102968,Grass,3,1,2,0.3333,1487.0746592676214,989
102969,Hard,5,2,3,0.4,1487.7435745897842,2011
102969,Clay,2,2,0,1.0,1523.129605698132,517
102969,Carpet,1,0,1,0.0,1488.0,753
102971,Clay,8,0,8,0.0,1420.4204930735923,3019
102971,Carpet,2,0,2,0.0,1476.414300586377,1080
102978,Hard,1,0,1,0.0,1493.7436296751337,1372
102979,Carpet,2,0,2,0.0,1478.0764678937935,1024
102979,Grass,1,0,1,0.0,1488.456020875138,801
102982,Hard,5,0,5,0.0,1445.8469490469731,3293
102982,Carpet,4,3,1,0.75,1524.6445937602437,184
102983,Clay,2,0,2,0.0,1477.4986490647716,2228
102984,Clay,2,0,2,0.0,1476.3108953426758,2323
102984,Grass,1,0,1,0.0,1489.8980889950367,720
102985,Clay,4,2,2,0.5,1515.373791144189,614
102985,Hard,1,0,1,0.0,1487.5770390456353,2063
102987,Hard,63,26,37,0.4127,1480.6290144587047,2417
102987,Clay,43,12,31,0.2791,1441.617893519655,2918
102987,Grass,27,10,17,0.3704,1475.046428559475,1262
102987,Carpet,11,4,7,0.3636,1492.179050023177,569
102993,Clay,4,2,2,0.5,1503.753751940278,915
102993,Hard,4,2,2,0.5,1499.0083248518795,1198
102996,Grass,2,0,2,0.0,1475.623297300653,1241
102997,Clay,12,4,8,0.3333,1486.0877374923016,1942
102997,Hard,3,1,2,0.3333,1491.81803260627,1479
102997,Carpet,1,0,1,0.0,1488.414300586377,696
102998,Hard,290,162,128,0.5586,1526.5634475749293,502
102998,Clay,47,10,37,0.2128,1384.489952599736,3068
102998,Grass,44,23,21,0.5227,1536.0702892850622,218
102998,Carpet,20,8,12,0.4,1477.3961610062702,1041
102999,Clay,28,9,19,0.3214,1467.4239800433174,2583
102999,Hard,16,4,12,0.25,1464.5240529378148,3008
102999,Grass,7,3,4,0.4286,1487.768326752411,906
102999,Carpet,4,2,2,0.5,1500.9847414851818,438
103003,Carpet,4,2,2,0.5,1503.339064751132,397
103003,Clay,3,1,2,0.3333,1496.9198612644236,1154
103003,Grass,2,0,2,0.0,1483.2148070696521,1072
103003,Hard,2,1,1,0.5,1509.8512757105777,858
103005,Clay,1,0,1,0.0,1487.813544904485,1780
103005,Hard,1,0,1,0.0,1493.1555003634967,1396
103005,Carpet,1,0,1,0.0,1487.7890495359945,819
103007,Clay,21,7,14,0.3333,1476.0004524966603,2346
103007,Carpet,4,0,4,0.0,1461.2206050015332,1241
103007,Hard,4,0,4,0.0,1463.9356305818128,3028
103007,Grass,2,1,1,0.5,1501.6168653621494,483
103009,Clay,47,17,30,0.3617,1445.4574274507256,2897
103009,Hard,20,5,15,0.25,1448.230668765022,3268
103009,Grass,7,3,4,0.4286,1486.1043836004876,1033
103009,Carpet,4,0,4,0.0,1455.5902679786038,1280
103015,Clay,2,0,2,0.0,1484.028668684134,2004
103015,Hard,1,0,1,0.0,1487.2616591767005,2122
103017,Hard,376,227,149,0.6037,1711.2826308133824,54
103017,Clay,126,57,69,0.4524,1606.7183362736869,138
103017,Grass,74,44,30,0.5946,1591.2042686510308,99
103017,Carpet,69,38,31,0.5507,1628.9593252621187,38
103018,Hard,257,131,126,0.5097,1518.9061589651021,613
103018,Clay,101,41,60,0.4059,1498.4405465851714,1113
103018,Carpet,73,43,30,0.589,1574.7533560796958,84
103018,Grass,56,30,26,0.5357,1593.2762509038441,97
103019,Carpet,3,1,2,0.3333,1490.2307239343165,615
103019,Hard,1,0,1,0.0,1489.6083166215487,1641
103020,Carpet,1,1,0,1.0,1512.0,284
103021,Clay,1,0,1,0.0,1492.4360380638382,1296
103026,Clay,2,0,2,0.0,1476.9324017818733,2261
103026,Hard,1,0,1,0.0,1492.8901345292793,1416
103027,Grass,1,0,1,0.0,1491.8320705131766,656
103029,Clay,22,5,17,0.2273,1415.199038793913,3036
103029,Hard,4,2,2,0.5,1508.6415600634148,887
103029,Carpet,2,0,2,0.0,1486.8973339512436,905
103029,Grass,1,0,1,0.0,1496.408867450277,578
103031,Clay,78,40,38,0.5128,1598.999562111944,153
103031,Hard,32,10,22,0.3125,1445.4793872126404,3298
103031,Carpet,4,2,2,0.5,1505.5007481422542,375
103031,Grass,2,0,2,0.0,1475.63286415053,1240
103032,Clay,3,1,2,0.3333,1500.3681177518988,1012
103033,Hard,2,0,2,0.0,1478.5630486017774,2501
103033,Carpet,2,1,1,0.5,1502.465559520095,413
103033,Clay,2,1,1,0.5,1503.3709177010232,923
103035,Clay,46,15,31,0.3261,1460.9977054581516,2723
103035,Hard,4,1,3,0.25,1487.7864066192842,1998
103035,Grass,3,1,2,0.3333,1489.0230034527867,765
103037,Hard,1,0,1,0.0,1487.2995107134645,2115
103039,Hard,1,0,1,0.0,1493.2661570637983,1393
103043,Hard,1,1,0,1.0,1512.0,746
103045,Clay,2,1,1,0.5,1502.8235884884377,936
103046,Clay,1,0,1,0.0,1489.7988795985902,1442
103046,Hard,1,0,1,0.0,1487.6173593358399,2039
103047,Clay,4,1,3,0.25,1490.194526935849,1417
103047,Hard,4,0,4,0.0,1464.181433664872,3019
103047,Carpet,3,2,1,0.6667,1515.1482053728291,243
103050,Clay,6,5,1,0.8333,1542.4349204808252,341
103050,Hard,3,1,2,0.3333,1488.5073607165932,1762
103052,Clay,1,0,1,0.0,1488.4561991058904,1572
103053,Clay,7,3,4,0.4286,1496.5567979237126,1165
103053,Carpet,3,1,2,0.3333,1490.3152543599322,614
103059,Carpet,1,0,1,0.0,1493.4380414219615,551
103060,Clay,40,21,19,0.525,1560.9387242857167,260
103060,Hard,28,13,15,0.4643,1518.8003316375648,615
103060,Carpet,7,3,4,0.4286,1503.4853715730999,396
103060,Grass,2,0,2,0.0,1479.1348568880378,1134
103061,Hard,1,0,1,0.0,1487.1548161412177,2146
103061,Grass,1,0,1,0.0,1487.88502058019,893
103063,Hard,28,10,18,0.3571,1505.3912526773731,942
103063,Clay,4,1,3,0.25,1491.1068877169414,1361
103063,Carpet,1,0,1,0.0,1487.8115855733326,817
103065,Hard,6,4,2,0.6667,1538.8896294536369,419
103065,Clay,6,2,4,0.3333,1488.05558818591,1654
103066,Hard,30,15,15,0.5,1531.419290645978,471
103066,Carpet,8,3,5,0.375,1479.6751327611823,996
103066,Clay,4,4,0,1.0,1543.054203739761,340
103066,Grass,1,0,1,0.0,1492.7776458083656,631
103068,Clay,1,0,1,0.0,1493.4128897917046,1246
103070,Hard,1,0,1,0.0,1495.9266894573573,1288
103076,Hard,1,0,1,0.0,1487.0237065196552,2172
103077,Clay,22,16,6,0.7273,1597.5781001728985,155
103077,Hard,14,4,10,0.2857,1447.9677937946603,3271
103077,Carpet,5,2,3,0.4,1487.9316834752906,807
103077,Grass,3,0,3,0.0,1470.1592367662388,1314
103080,Hard,2,0,2,0.0,1474.1798675054051,2771
103080,Clay,1,0,1,0.0,1495.735107969782,1182
103082,Clay,36,16,20,0.4444,1518.5635579787975,570
103082,Hard,27,9,18,0.3333,1460.8133463687939,3075
103082,Grass,4,1,3,0.25,1475.4223552908404,1248
103084,Clay,210,124,86,0.5905,1648.2513470730785,77
103084,Hard,177,98,79,0.5537,1617.664764720071,147
103084,Grass,44,26,18,0.5909,1584.60381797136,112
103084,Carpet,19,7,12,0.3684,1489.5569791003609,634
103092,Clay,1,0,1,0.0,1492.290152311083,1301
103096,Hard,351,178,173,0.5071,1544.575256527564,381
103096,Clay,120,49,71,0.4083,1518.9865765405843,564
103096,Grass,93,50,43,0.5376,1536.071769478413,217
103096,Carpet,82,41,41,0.5,1525.7187314232444,181
103097,Hard,1,0,1,0.0,1486.26568012793,2242
103101,Carpet,2,0,2,0.0,1479.7198555447599,994
103101,Hard,1,0,1,0.0,1487.3831469524498,2100
103101,Clay,1,0,1,0.0,1488.8542748886323,1516
103102,Hard,11,3,8,0.2727,1463.1568799849256,3045
103102,Grass,1,0,1,0.0,1489.6558093262583,733
103103,Hard,339,184,155,0.5428,1573.6446939292748,255
103103,Clay,248,133,115,0.5363,1539.341309923066,362
103103,Carpet,67,38,29,0.5672,1600.9583544813836,56
103103,Grass,25,6,19,0.24,1430.4155150076956,1596
103104,Hard,8,1,7,0.125,1463.913529758322,3030
103104,Clay,7,3,4,0.4286,1506.5562671791106,848
103105,Clay,155,61,94,0.3935,1419.5254229107725,3023
103105,Hard,36,7,29,0.1944,1421.5263538871081,3451
103105,Grass,8,0,8,0.0,1425.1159816735178,1612
103105,Carpet,2,0,2,0.0,1479.159907553395,1002
103109,Clay,5,0,5,0.0,1448.8081536519055,2865
103110,Hard,34,11,23,0.3235,1473.5912983403557,2786
103110,Clay,26,10,16,0.3846,1522.6858972021146,526
103110,Grass,17,9,8,0.5294,1524.7116945697874,268
103110,Carpet,13,5,8,0.3846,1486.7328125220722,915
103112,Clay,1,0,1,0.0,1492.8846354226873,1270
103114,Grass,38,15,23,0.3947,1479.6560753675178,1125
103114,Hard,16,3,13,0.1875,1449.0940427770038,3260
103114,Clay,10,2,8,0.2,1468.1811464123807,2564
103114,Carpet,3,1,2,0.3333,1489.803273493843,623
103118,Clay,15,4,11,0.2667,1467.197869308394,2593
103118,Carpet,4,0,4,0.0,1469.2047275763434,1177
103125,Carpet,4,1,3,0.25,1476.154951775795,1089
103130,Clay,2,0,2,0.0,1477.1720427459156,2248
103131,Hard,4,0,4,0.0,1454.065185637999,3195
103133,Clay,41,19,22,0.4634,1544.0414281386898,331
103133,Hard,17,3,14,0.1765,1430.6435389731553,3409
103133,Grass,5,2,3,0.4,1492.0998986796287,646
103133,Carpet,2,0,2,0.0,1482.285075752728,965
103142,Clay,1,1,0,1.0,1511.101304813548,752
103145,Hard,9,4,5,0.4444,1504.8165152392153,960
103145,Clay,5,2,3,0.4,1500.995310386663,976
103148,Clay,2,1,1,0.5,1499.5959651230135,1067
103149,Clay,1,0,1,0.0,1489.175672469358,1494
103151,Clay,270,150,120,0.5556,1626.058729412234,111
103151,Hard,134,51,83,0.3806,1503.6818352216683,987
103151,Carpet,8,2,6,0.25,1467.3393369163202,1190
103151,Grass,5,0,5,0.0,1448.08237155841,1515
103153,Grass,20,9,11,0.45,1490.035757340533,709
103153,Hard,12,4,8,0.3333,1474.2753307363562,2770
103153,Carpet,7,4,3,0.5714,1520.2335746791243,225
103153,Clay,3,1,2,0.3333,1497.8524940554996,1133
103154,Hard,9,1,8,0.1111,1448.6284887395568,3264
103155,Clay,2,2,0,1.0,1522.7367746511422,524
103155,Hard,2,0,2,0.0,1478.1993019934887,2521
103157,Grass,29,11,18,0.3793,1469.4989487697892,1322
103157,Hard,12,3,9,0.25,1475.248440139029,2737
103157,Carpet,4,1,3,0.25,1482.6643001130892,961
103158,Hard,2,1,1,0.5,1505.5017263376114,939
103158,Clay,1,0,1,0.0,1491.5390113196343,1337
103162,Grass,4,1,3,0.25,1481.41694471317,1094
103162,Hard,4,1,3,0.25,1481.2945435001504,2394
103163,Hard,543,343,200,0.6317,1637.5753175196585,114
103163,Clay,226,134,92,0.5929,1631.8616797060843,98
103163,Grass,91,57,34,0.6264,1646.098034966183,52
103163,Carpet,59,38,21,0.6441,1660.85476955535,25
103164,Carpet,2,0,2,0.0,1480.8417817943034,983
103165,Clay,8,1,7,0.125,1453.5382030348958,2819
103165,Hard,1,0,1,0.0,1494.2217138414255,1341
103166,Hard,87,40,47,0.4598,1547.9247706824715,357
103166,Carpet,35,20,15,0.5714,1561.6574541833036,100
103166,Grass,22,10,12,0.4545,1501.8437505311194,476
103166,Clay,21,4,17,0.1905,1426.2082303632214,2998
103167,Hard,3,0,3,0.0,1477.3034251650784,2572
103167,Clay,1,1,0,1.0,1512.0,683
103169,Clay,143,59,84,0.4126,1525.8276111379753,464
103169,Hard,37,5,32,0.1351,1369.3910917025419,3519
103169,Grass,10,1,9,0.1,1424.3988093127755,1613
103170,Hard,5,2,3,0.4,1497.8683151498346,1234
103170,Clay,3,2,1,0.6667,1513.3720723011945,640
103171,Hard,86,34,52,0.3953,1519.74852723175,607
103171,Clay,62,24,38,0.3871,1515.2725324492533,617
103171,Grass,49,23,26,0.4694,1532.6658066954396,231
103171,Carpet,24,9,15,0.375,1463.0010715088001,1233
103174,Hard,71,28,43,0.3944,1481.203639052833,2398
103174,Clay,10,4,6,0.4,1496.513193275745,1166
103174,Grass,9,3,6,0.3333,1468.8797658278809,1333
103174,Carpet,4,1,3,0.25,1481.1737149947278,979
103175,Hard,5,3,2,0.6,1523.8150714393637,533
103175,Carpet,1,1,0,1.0,1511.5850512645923,325
103176,Clay,155,78,77,0.5032,1595.3309799674676,161
103176,Hard,44,9,35,0.2045,1409.4452172482102,3477
103176,Grass,4,0,4,0.0,1452.0200891423576,1493
103176,Carpet,3,0,3,0.0,1472.4010973743536,1152
103178,Clay,4,2,2,0.5,1513.102870207214,648
103178,Hard,2,0,2,0.0,1479.4060890617668,2460
103179,Hard,3,1,2,0.3333,1495.950912200711,1287
103179,Clay,1,1,0,1.0,1512.0,684
103181,Clay,114,48,66,0.4211,1518.8169066172375,568
103181,Hard,60,18,42,0.3,1431.899484324754,3403
103181,Grass,8,1,7,0.125,1458.7313073834343,1441
103181,Carpet,8,1,7,0.125,1442.8645216778928,1330
103182,Clay,110,56,54,0.5091,1543.1722749241292,338
103182,Hard,26,8,18,0.3077,1489.9074860774665,1613
103182,Grass,7,1,6,0.1429,1446.1897557288946,1528
103182,Carpet,4,0,4,0.0,1457.2515813623043,1263
103184,Hard,38,10,28,0.2632,1470.5498795743908,2850
103184,Grass,14,8,6,0.5714,1535.9703749937485,219
103184,Clay,8,3,5,0.375,1503.298162692264,927
103184,Carpet,1,0,1,0.0,1492.2524364562387,567
103185,Hard,10,4,6,0.4,1499.1755174436457,1192
103185,Grass,4,1,3,0.25,1486.77177239905,1011
103185,Clay,2,0,2,0.0,1480.0419407632446,2128
103187,Clay,4,3,1,0.75,1523.5206978573228,509
103187,Carpet,1,0,1,0.0,1488.0,757
103188,Hard,147,55,92,0.3741,1548.415475622454,356
103188,Clay,47,12,35,0.2553,1409.4726018152667,3050
103188,Grass,33,10,23,0.303,1437.3800018688178,1576
103193,Hard,59,25,34,0.4237,1503.5507495765828,992
103193,Grass,32,18,14,0.5625,1569.0263275532377,132
103193,Clay,9,2,7,0.2222,1470.4491875734534,2503
103193,Carpet,5,0,5,0.0,1449.6639072374949,1310
103197,Clay,7,3,4,0.4286,1487.008815238328,1888
103197,Carpet,4,3,1,0.75,1521.4133782192703,220
103197,Hard,3,2,1,0.6667,1512.0733388042297,720
103198,Clay,6,1,5,0.1667,1451.4703554611824,2848
103198,Grass,3,1,2,0.3333,1488.6600624636746,789
103198,Hard,2,1,1,0.5,1505.8749627163763,930
103201,Clay,24,9,15,0.375,1476.289934300553,2326
103201,Hard,14,4,10,0.2857,1457.89679660236,3122
103201,Grass,2,0,2,0.0,1478.7181622471353,1148
103201,Carpet,1,0,1,0.0,1494.2358184882123,538
103202,Clay,18,6,12,0.3333,1479.325951737089,2157
103202,Hard,1,0,1,0.0,1489.7204374907503,1627
103204,Clay,38,11,27,0.2895,1453.7397015688032,2813
103204,Hard,5,2,3,0.4,1511.137376775294,821
103205,Clay,7,4,3,0.5714,1511.3473980760143,746
103205,Hard,2,0,2,0.0,1475.1984241689715,2740
103206,Hard,307,173,134,0.5635,1525.0070707978243,515
103206,Clay,151,88,63,0.5828,1654.7675690409114,72
103206,Grass,75,49,26,0.6533,1626.236078413271,67
103206,Carpet,57,32,25,0.5614,1616.686865786532,42
103209,Clay,3,0,3,0.0,1472.380400848142,2470
103215,Hard,1,0,1,0.0,1487.5706759022883,2068
103216,Clay,7,1,6,0.1429,1467.0344261578243,2597
103216,Carpet,2,0,2,0.0,1475.2190775270403,1123
103220,Clay,1,1,0,1.0,1512.0,694
103224,Clay,1,1,0,1.0,1518.85928043146,567
103225,Hard,15,6,9,0.4,1511.9245443554023,773
103225,Clay,11,2,9,0.1818,1447.0131280621868,2882
103225,Carpet,4,3,1,0.75,1523.4205627593333,199
103226,Clay,5,3,2,0.6,1512.9814869929714,651
103226,Hard,2,1,1,0.5,1502.6813138009636,1017
103227,Clay,3,2,1,0.6667,1517.266163283416,590
103227,Hard,2,2,0,1.0,1522.8989588142745,557
103228,Clay,59,22,37,0.3729,1507.5835472828037,832
103228,Hard,24,1,23,0.0417,1357.8517168360715,3520
103228,Grass,7,1,6,0.1429,1455.8141232223381,1471
103229,Clay,16,8,8,0.5,1504.4632830651374,898
103229,Hard,9,4,5,0.4444,1495.3649689837982,1306
103229,Carpet,1,1,0,1.0,1512.0,292
103230,Hard,4,1,3,0.25,1474.9540496787195,2748
103238,Hard,3,1,2,0.3333,1490.7178844728714,1538
103238,Grass,2,0,2,0.0,1474.7915781166728,1268
103238,Carpet,1,0,1,0.0,1489.2848611425977,648
103239,Clay,3,1,2,0.3333,1494.312384336045,1224
103239,Hard,1,0,1,0.0,1491.6125120898676,1487
103240,Hard,104,36,68,0.3462,1457.5548600467346,3128
103240,Grass,18,4,14,0.2222,1421.3629549621278,1621
103240,Clay,15,3,12,0.2,1460.7588579773562,2727
103240,Carpet,4,1,3,0.25,1486.8808923400518,908
103242,Clay,5,2,3,0.4,1504.105057957584,905
103248,Hard,97,37,60,0.3814,1435.466927423703,3382
103248,Clay,41,17,24,0.4146,1500.9843854902613,978
103248,Grass,16,6,10,0.375,1473.5771767422848,1287
103248,Carpet,8,3,5,0.375,1497.1362178967047,516
103250,Hard,4,2,2,0.5,1509.3087888968628,874
103250,Clay,3,1,2,0.3333,1497.383205194944,1145
103250,Grass,1,0,1,0.0,1486.2874442425189,1028
103250,Carpet,1,0,1,0.0,1490.8154991912552,600
103252,Clay,304,157,147,0.5164,1570.4666705953755,229
103252,Hard,153,53,100,0.3464,1419.7119366032823,3457
103252,Grass,25,8,17,0.32,1438.5351695277545,1572
103252,Carpet,6,1,5,0.1667,1466.701843683884,1197
103254,Grass,10,4,6,0.4,1473.8899732946193,1279
103254,Hard,3,0,3,0.0,1471.1229561819944,2832
103254,Clay,1,0,1,0.0,1493.9428631435972,1232
103254,Carpet,1,1,0,1.0,1511.5778016646673,326
103256,Clay,3,0,3,0.0,1474.123061687669,2440
103264,Clay,185,108,77,0.5838,1707.3494342177628,36
103264,Hard,46,16,30,0.3478,1500.9952788959436,1080
103264,Carpet,12,4,8,0.3333,1470.1225099500634,1169
103264,Grass,4,0,4,0.0,1452.2029593462103,1491
103270,Grass,4,2,2,0.5,1498.9018683567383,548
103270,Hard,3,1,2,0.3333,1494.392920156267,1336
103270,Clay,1,0,1,0.0,1489.9522683501505,1434
103273,Carpet,3,0,3,0.0,1464.0871400789404,1226
103273,Hard,2,1,1,0.5,1497.6483892880963,1239
103273,Clay,2,2,0,1.0,1523.172385326556,515
103280,Clay,63,32,31,0.5079,1581.8245048002016,189
103280,Hard,44,17,27,0.3864,1508.6001029922586,888
103280,Carpet,14,8,6,0.5714,1557.0455879649026,107
103280,Grass,9,3,6,0.3333,1474.7675323689625,1269
103281,Hard,3,0,3,0.0,1469.4973322939263,2872
103281,Clay,1,0,1,0.0,1491.7260974821686,1329
103282,Carpet,2,0,2,0.0,1482.343997940237,964
103282,Clay,1,0,1,0.0,1488.5529236563796,1562
103285,Hard,388,215,173,0.5541,1656.7526848203395,91
103285,Clay,183,101,82,0.5519,1612.0669387194837,131
103285,Grass,73,43,30,0.589,1615.2096879886449,77
103285,Carpet,46,27,19,0.587,1616.4440487384215,43
103286,Hard,13,6,7,0.4615,1493.7238576924267,1374
103286,Clay,4,2,2,0.5,1500.0938720130457,1024
103287,Clay,7,4,3,0.5714,1515.3951505377956,613
103290,Hard,1,0,1,0.0,1489.5676420693799,1646
103290,Clay,1,0,1,0.0,1487.3436583441191,1858
103292,Clay,321,212,109,0.6604,1569.0444902976876,234
103292,Hard,114,48,66,0.4211,1554.623393348721,324
103292,Carpet,25,10,15,0.4,1491.7418351772587,577
103292,Grass,8,2,6,0.25,1464.4303291973022,1395
103294,Clay,166,69,97,0.4157,1483.4858626506286,2020
103294,Hard,127,41,86,0.3228,1430.207793257443,3414
103294,Grass,25,3,22,0.12,1352.5726386659085,1644
103294,Carpet,19,5,14,0.2632,1445.1640047348392,1326
103296,Clay,11,5,6,0.4545,1487.817792563371,1778
103296,Carpet,7,4,3,0.5714,1512.025585582919,274
103297,Hard,27,7,20,0.2593,1440.2386325654304,3345
103297,Clay,4,0,4,0.0,1467.4221100837242,2584
103297,Grass,3,1,2,0.3333,1487.602212891462,927
103298,Clay,2,0,2,0.0,1481.5722841730312,2072
103298,Carpet,1,0,1,0.0,1488.4808042701782,691
103305,Clay,27,7,20,0.2593,1464.5858006661604,2664
103305,Hard,7,1,6,0.1429,1460.3055506636456,3084
103305,Grass,1,0,1,0.0,1492.5764503989492,636
103306,Clay,1,0,1,0.0,1490.8228596927086,1376
103316,Hard,1,1,0,1.0,1511.585699413623,794
103317,Hard,1,0,1,0.0,1488.0,1893
103318,Clay,26,7,19,0.2692,1446.5015968046027,2886
103318,Hard,9,2,7,0.2222,1478.9833387169153,2479
103318,Carpet,1,0,1,0.0,1486.9341613966776,903
103318,Grass,1,0,1,0.0,1487.8348001255347,898
103319,Hard,67,25,42,0.3731,1496.1992602822486,1281
103319,Grass,16,6,10,0.375,1477.9271220639903,1163
103319,Clay,7,1,6,0.1429,1464.8648389524265,2654
103323,Clay,1,1,0,1.0,1510.9696198067024,759
103324,Clay,99,47,52,0.4747,1506.4114144663067,854
103324,Hard,55,18,37,0.3273,1492.1581988288524,1452
103324,Carpet,9,3,6,0.3333,1491.364955322237,587
103324,Grass,4,1,3,0.25,1486.8249327365684,1004
103325,Hard,89,41,48,0.4607,1565.1909052960546,283
103325,Grass,23,10,13,0.4348,1503.818978601674,442
103325,Carpet,13,7,6,0.5385,1532.4688578299729,164
103325,Clay,3,0,3,0.0,1470.9165475974764,2495
103328,Hard,1,0,1,0.0,1495.1380414026976,1315
103333,Hard,452,235,217,0.5199,1519.1609457718553,612
103333,Clay,132,56,76,0.4242,1527.6880167386712,445
103333,Grass,118,74,44,0.6271,1600.5197809250308,90
103333,Carpet,17,8,9,0.4706,1502.1933089881913,418
103334,Clay,1,0,1,0.0,1489.4829888046272,1465
103337,Hard,26,15,11,0.5769,1551.3739639020826,341
103337,Grass,4,2,2,0.5,1506.4806995658687,418
103339,Hard,8,3,5,0.375,1493.7741304446356,1371
103339,Grass,3,1,2,0.3333,1494.894649175761,594
103342,Clay,1,0,1,0.0,1488.068020429744,1650
103344,Hard,411,248,163,0.6034,1665.422651177455,81
103344,Clay,188,105,83,0.5585,1707.680546742921,33
103344,Carpet,79,53,26,0.6709,1692.9477623789985,20
103344,Grass,50,24,26,0.48,1537.0677746454037,214
103348,Clay,1,0,1,0.0,1490.0719494861028,1425
103350,Carpet,3,0,3,0.0,1478.5797190868411,1011
103350,Grass,1,0,1,0.0,1485.9783645905106,1037
103350,Hard,1,0,1,0.0,1493.8578951036754,1365
103353,Clay,1,0,1,0.0,1488.539444010517,1565
103356,Hard,89,39,50,0.4382,1559.8971933207924,298
103356,Clay,47,18,29,0.383,1495.7619561144875,1180
103356,Grass,21,11,10,0.5238,1520.2214766534087,308
103356,Carpet,14,5,9,0.3571,1467.5972232216259,1188
103358,Clay,1,0,1,0.0,1492.1272220914684,1309
103363,Hard,1,0,1,0.0,1486.8395493555888,2196
103365,Clay,1,0,1,0.0,1493.2371565466403,1253
103369,Clay,5,2,3,0.4,1505.3587545778796,876
103369,Hard,4,1,3,0.25,1487.0990524589376,2154
103369,Grass,2,1,1,0.5,1502.0436521999352,473
103369,Carpet,2,0,2,0.0,1480.9875090098863,981
103371,Hard,1,0,1,0.0,1490.5399049638527,1558
103373,Clay,62,22,40,0.3548,1475.511238656718,2380
103373,Hard,18,2,16,0.1111,1401.1742163088675,3501
103373,Grass,6,1,5,0.1667,1462.2634879808495,1425
103373,Carpet,1,0,1,0.0,1487.4507335429937,868
103374,Clay,1,0,1,0.0,1487.294170275871,1865
103377,Grass,1,0,1,0.0,1488.3096724543916,817
103377,Carpet,1,0,1,0.0,1488.0,759
103377,Hard,1,0,1,0.0,1488.5327448402622,1757
103381,Clay,1,0,1,0.0,1490.290924738838,1412
103385,Hard,8,1,7,0.125,1466.6154184837383,2938
103385,Grass,2,1,1,0.5,1499.6489889993459,533
103387,Hard,324,196,128,0.6049,1616.88738242011,149
103387,Clay,47,12,35,0.2553,1369.336471651307,3073
103387,Grass,45,25,20,0.5556,1566.5327223430093,141
103387,Carpet,29,18,11,0.6207,1577.8572869364893,75
103393,Clay,26,13,13,0.5,1569.0519657147743,233
103393,Hard,9,1,8,0.1111,1434.0052953204258,3394
103393,Carpet,1,0,1,0.0,1487.9709234198945,803
103395,Clay,10,3,7,0.3,1471.5111888630768,2484
103395,Hard,3,0,3,0.0,1466.7810583441897,2934
103397,Hard,15,5,10,0.3333,1473.0995678178845,2798
103397,Clay,13,4,9,0.3077,1480.4323715133937,2111
103397,Grass,5,1,4,0.2,1468.395256352312,1337
103400,Hard,2,1,1,0.5,1499.563921866182,1171
103401,Hard,102,43,59,0.4216,1556.7938758203966,312
103401,Clay,42,13,29,0.3095,1473.889232185217,2445
103401,Grass,40,19,21,0.475,1528.1860248954615,253
103401,Carpet,13,4,9,0.3077,1457.107014670396,1265
103402,Clay,7,4,3,0.5714,1510.7036028290754,771
103402,Carpet,4,1,3,0.25,1475.3850432535223,1113
103403,Hard,12,4,8,0.3333,1471.2924726184972,2830
103405,Hard,1,0,1,0.0,1491.779024869785,1483
103407,Carpet,1,1,0,1.0,1512.0,287
103408,Hard,48,17,31,0.3542,1451.6672682826547,3234
103408,Grass,10,3,7,0.3,1463.671909878118,1406
103408,Clay,6,1,5,0.1667,1472.832395821134,2463
103413,Hard,12,2,10,0.1667,1413.4114252315455,3468
103413,Clay,6,1,5,0.1667,1458.8140533711373,2751
103419,Hard,4,2,2,0.5,1497.0210420651395,1259
103420,Clay,45,20,25,0.4444,1507.8580725262802,826
103420,Hard,40,18,22,0.45,1548.5533517119127,353
103420,Carpet,8,2,6,0.25,1467.1079074230959,1191
103420,Grass,2,0,2,0.0,1481.2020534194785,1098
103421,Hard,5,2,3,0.4,1485.4850961529498,2273
103421,Carpet,2,2,0,1.0,1522.8181324247557,212
103422,Grass,1,0,1,0.0,1488.737486216537,783
103424,Hard,3,2,1,0.6667,1514.935391056943,661
103424,Carpet,1,0,1,0.0,1488.0,778
103427,Hard,12,5,7,0.4167,1478.7431937649037,2494
103427,Clay,2,0,2,0.0,1478.4039911980008,2189
103428,Clay,332,198,134,0.5964,1644.305279046983,83
103428,Hard,244,122,122,0.5,1519.5256996231196,609
103428,Grass,15,4,11,0.2667,1434.0664853965877,1585
103428,Carpet,14,4,10,0.2857,1458.9956680700523,1253
103429,Clay,62,17,45,0.2742,1406.7580038134174,3055
103429,Hard,59,20,39,0.339,1491.5617603468088,1490
103429,Grass,9,4,5,0.4444,1511.008911682281,387
103435,Hard,2,0,2,0.0,1484.4612684494218,2300
103435,Clay,2,0,2,0.0,1488.7672249891114,1536
103435,Grass,2,1,1,0.5,1500.242762400659,513
103437,Clay,2,0,2,0.0,1478.2910520713483,2195
103439,Hard,3,2,1,0.6667,1516.0036780127148,646
103441,Clay,2,0,2,0.0,1481.1266480148672,2085
103444,Clay,71,29,42,0.4085,1497.5046112473617,1142
103444,Hard,59,21,38,0.3559,1463.0357185799844,3046
103444,Grass,5,1,4,0.2,1470.2658940873753,1312
103444,Carpet,5,2,3,0.4,1490.6762400723733,605
103448,Clay,2,1,1,0.5,1508.8328251013272,811
103451,Hard,140,56,84,0.4,1521.5699616366505,585
103451,Clay,59,22,37,0.3729,1514.4597526442913,625
103451,Grass,14,1,13,0.0714,1399.4225253536708,1636
103451,Carpet,5,1,4,0.2,1469.8768385449982,1170
103454,Clay,281,162,119,0.5765,1523.823814739477,495
103454,Hard,174,79,95,0.454,1532.2325238604192,465
103454,Carpet,24,12,12,0.5,1509.5346554758971,351
103454,Grass,18,6,12,0.3333,1454.692654534049,1479
103455,Clay,12,5,7,0.4167,1505.2508701401252,878
103455,Grass,7,2,5,0.2857,1473.0938911548928,1290
103455,Hard,6,3,3,0.5,1516.707994823082,637
103455,Carpet,1,0,1,0.0,1486.6546954103273,917
103457,Clay,3,0,3,0.0,1480.7159062521498,2094
103457,Hard,3,2,1,0.6667,1512.1111450338528,719
103457,Carpet,1,0,1,0.0,1489.5423081128283,636
103460,Hard,2,1,1,0.5,1505.766073953943,934
103465,Grass,2,0,2,0.0,1479.988006133999,1117
103467,Clay,1,0,1,0.0,1488.044245648187,1657
103468,Hard,10,3,7,0.3,1471.1833749265897,2831
103468,Grass,4,3,1,0.75,1522.2763423880874,289
103468,Clay,2,0,2,0.0,1482.3748644010584,2050
103468,Carpet,1,0,1,0.0,1488.0,771
103470,Hard,83,29,54,0.3494,1495.870390437632,1289
103470,Grass,18,4,14,0.2222,1427.395322389712,1601
103470,Clay,12,2,10,0.1667,1439.0561242114309,2938
103472,Clay,14,7,7,0.5,1498.338377988251,1119
103472,Carpet,7,2,5,0.2857,1466.3113243144946,1201
103472,Hard,5,1,4,0.2,1470.7802530968659,2840
103475,Hard,1,0,1,0.0,1491.5921205482628,1489
103478,Clay,4,2,2,0.5,1506.2076096228207,860
103478,Hard,1,0,1,0.0,1492.492748233381,1436
103483,Hard,3,1,2,0.3333,1489.5952005165075,1642
103483,Grass,1,0,1,0.0,1487.575627100963,936
103484,Hard,448,283,165,0.6317,1628.8177842467971,127
103484,Clay,100,46,54,0.46,1555.0736826150305,287
103484,Grass,62,32,30,0.5161,1517.5972263215633,328
103484,Carpet,16,7,9,0.4375,1502.8805204020327,408
103485,Clay,2,1,1,0.5,1497.9081815559323,1129
103487,Clay,34,13,21,0.3824,1503.031259471658,931
103487,Hard,12,4,8,0.3333,1489.9994699853542,1604
103487,Carpet,3,1,2,0.3333,1492.6458746235273,560
103490,Clay,78,37,41,0.4744,1521.7869384427765,543
103490,Hard,12,1,11,0.0833,1423.13251889282,3444
103490,Grass,7,0,7,0.0,1425.9003926784494,1607
103491,Carpet,1,0,1,0.0,1487.5887323881018,841
103497,Carpet,1,0,1,0.0,1487.4738394564931,866
103497,Grass,1,0,1,0.0,1495.1503070483238,591
103498,Hard,358,216,142,0.6034,1657.4406474556422,90
103498,Clay,203,121,82,0.5961,1633.839544947144,95
103498,Carpet,87,61,26,0.7011,1708.4956766779826,15
103498,Grass,45,26,19,0.5778,1630.86667504032,60
103499,Hard,28,11,17,0.3929,1484.0654830160809,2312
103499,Grass,25,14,11,0.56,1532.7949028151422,229
103499,Clay,21,8,13,0.381,1461.5137709894245,2716
103499,Carpet,1,0,1,0.0,1489.7449060124277,627
103503,Clay,23,9,14,0.3913,1507.435344452951,833
103503,Hard,21,6,15,0.2857,1490.4027589914056,1566
103503,Carpet,9,4,5,0.4444,1501.267391907684,430
103503,Grass,5,1,4,0.2,1473.040266136597,1291
103504,Hard,23,15,8,0.6522,1577.1292236960594,245
103505,Clay,10,4,6,0.4,1500.3804540526412,1011
103505,Hard,6,2,4,0.3333,1493.8031401939968,1370
103505,Carpet,3,2,1,0.6667,1510.464798741707,343
103506,Clay,94,41,53,0.4362,1516.3847132215913,603
103506,Hard,27,4,23,0.1481,1395.113992703209,3509
103506,Grass,7,2,5,0.2857,1471.7210282472802,1302
103507,Clay,349,254,95,0.7278,1725.6174517162624,29
103507,Hard,312,178,134,0.5705,1652.2803893148628,94
103507,Grass,49,30,19,0.6122,1624.3612189232003,70
103507,Carpet,31,17,14,0.5484,1543.868265685373,136
103510,Hard,2,0,2,0.0,1479.1437033818765,2473
103510,Clay,2,1,1,0.5,1500.237155783738,1020
103514,Hard,7,4,3,0.5714,1508.4663331073216,891
103514,Grass,2,2,0,1.0,1525.051856776753,267
103515,Clay,2,2,0,1.0,1522.8103955073764,523
103516,Hard,16,5,11,0.3125,1472.5881356506295,2809
103516,Grass,2,1,1,0.5,1501.8389590763636,477
103516,Clay,1,0,1,0.0,1494.1086789131027,1227
103520,Hard,3,0,3,0.0,1472.991430903919,2802
103520,Grass,1,0,1,0.0,1489.9006018725077,719
103521,Hard,9,3,6,0.3333,1507.7370802120727,904
103521,Clay,2,0,2,0.0,1482.8756999353147,2037
103523,Hard,29,6,23,0.2069,1412.306398617313,3469
103523,Grass,18,8,10,0.4444,1498.8397437391757,550
103523,Clay,1,1,0,1.0,1512.0,703
103525,Clay,33,16,17,0.4848,1513.4160664822525,639
103525,Hard,20,6,14,0.3,1447.6891385237075,3274
103525,Carpet,3,1,2,0.3333,1488.586406376145,684
103525,Grass,3,2,1,0.6667,1510.6072044183893,392
103527,Clay,3,2,1,0.6667,1511.5832909786573,737
103527,Hard,2,1,1,0.5,1508.0790247620344,895
103529,Grass,36,21,15,0.5833,1543.156629156071,193
103529,Hard,26,13,13,0.5,1509.6908963195906,862
103529,Clay,13,7,6,0.5385,1518.7569343411615,569
103530,Hard,21,6,15,0.2857,1465.9657986069274,2957
103530,Grass,3,1,2,0.3333,1490.269079280426,698
103531,Hard,4,2,2,0.5,1501.9019829381928,1037
103531,Clay,2,2,0,1.0,1522.6035976301428,529
103531,Carpet,1,0,1,0.0,1487.5748185938564,851
103534,Clay,44,17,27,0.3864,1492.000213615577,1314
103534,Hard,21,5,16,0.2381,1437.913218664394,3362
103534,Grass,6,2,4,0.3333,1482.699001390002,1081
103535,Clay,53,19,34,0.3585,1469.0670538599998,2537
103535,Hard,19,4,15,0.2105,1427.2908530984673,3431
103535,Grass,6,3,3,0.5,1498.8995133586495,549
103535,Carpet,1,0,1,0.0,1487.0518983070192,900
103538,Hard,3,2,1,0.6667,1520.9683646457752,591
103543,Clay,9,3,6,0.3333,1475.8913331596505,2354
103544,Hard,10,2,8,0.2,1456.7771268385698,3148
103544,Clay,3,1,2,0.3333,1497.6876305120222,1138
103544,Carpet,2,1,1,0.5,1502.7119319967007,409
103544,Grass,2,0,2,0.0,1480.0246425453686,1115
103546,Clay,1,0,1,0.0,1488.2767423488665,1625
103553,Hard,13,4,9,0.3077,1481.4051479649813,2390
103559,Grass,2,1,1,0.5,1500.7071032068902,502
103559,Clay,1,0,1,0.0,1486.108156845921,1941
103559,Hard,1,0,1,0.0,1487.179234145064,2143
103560,Hard,4,1,3,0.25,1480.7717578613026,2414
103563,Clay,1,0,1,0.0,1493.5907483357466,1239
103564,Clay,2,0,2,0.0,1478.0496894190658,2202
103565,Hard,59,21,38,0.3559,1464.592891349365,3005
103565,Clay,42,13,29,0.3095,1488.5404342111767,1564
103565,Grass,12,4,8,0.3333,1471.096438301791,1307
103566,Hard,249,113,136,0.4538,1631.475427777305,122
103566,Grass,74,44,30,0.5946,1597.8123559548687,92
103566,Clay,60,20,40,0.3333,1515.3213016266093,616
103566,Carpet,27,10,17,0.3704,1465.468346634161,1211
103568,Hard,14,5,9,0.3571,1460.1419356826023,3087
103568,Clay,9,3,6,0.3333,1466.543063356213,2605
103568,Carpet,7,1,6,0.1429,1447.619464139113,1316
103573,Hard,68,29,39,0.4265,1493.7054537787924,1375
103573,Grass,11,3,8,0.2727,1463.1476555183078,1412
103573,Clay,9,2,7,0.2222,1455.7646033641015,2788
103577,Hard,1,0,1,0.0,1491.97124260516,1471
103577,Clay,1,0,1,0.0,1492.3247020605158,1300
103580,Clay,24,7,17,0.2917,1456.3409498326002,2784
103580,Hard,23,8,15,0.3478,1496.9743959011682,1260
103580,Grass,19,4,15,0.2105,1418.050772683579,1625
103580,Carpet,7,3,4,0.4286,1497.5220687120857,512
103581,Clay,98,51,47,0.5204,1612.961182475404,129
103581,Hard,42,18,24,0.4286,1526.123158870525,506
103581,Grass,12,6,6,0.5,1503.6146858970676,444
103581,Carpet,5,2,3,0.4,1491.8291054098686,576
103582,Hard,160,66,94,0.4125,1536.2910034900447,432
103582,Clay,47,14,33,0.2979,1440.8239316640365,2929
103582,Grass,24,7,17,0.2917,1440.5671691235489,1557
103582,Carpet,2,1,1,0.5,1499.6229206327994,480
103583,Clay,5,2,3,0.4,1485.4775619046377,1963
103586,Clay,9,3,6,0.3333,1479.0317388509673,2167
103586,Hard,3,1,2,0.3333,1487.9878744569098,1968
103586,Carpet,2,1,1,0.5,1498.423433577646,502
103590,Clay,10,7,3,0.7,1540.2330341505756,354
103590,Hard,2,1,1,0.5,1499.546561651128,1173
103592,Hard,11,6,5,0.5455,1529.4277283901943,485
103592,Clay,10,1,9,0.1,1450.953169317548,2853
103592,Grass,3,0,3,0.0,1468.2324809546665,1340
103592,Carpet,2,1,1,0.5,1503.1144607383485,399
103593,Clay,2,2,0,1.0,1523.585699413623,502
103594,Clay,35,15,20,0.4286,1508.688385270323,816
103594,Hard,14,4,10,0.2857,1474.750008741668,2758
103594,Carpet,3,1,2,0.3333,1486.895513249204,906
103594,Grass,1,0,1,0.0,1487.293764032904,963
103598,Hard,334,165,169,0.494,1536.0057398305423,434
103598,Clay,117,58,59,0.4957,1515.8456056469965,609
103598,Grass,80,50,30,0.625,1665.7704384865895,39
103598,Carpet,37,21,16,0.5676,1565.4862002513437,94
103600,Hard,34,21,13,0.6176,1580.2810214512474,231
103600,Clay,9,7,2,0.7778,1556.0374982047642,277
103602,Hard,272,166,106,0.6103,1690.0527222730714,66
103602,Clay,240,168,72,0.7,1796.7266983954273,13
103602,Grass,37,23,14,0.6216,1606.0969529107238,84
103602,Carpet,28,16,12,0.5714,1563.104840923936,98
103607,Hard,72,32,40,0.4444,1466.1647521846953,2949
103607,Clay,70,44,26,0.6286,1593.7200864019878,163
103607,Grass,17,4,13,0.2353,1431.9968143031244,1590
103609,Hard,1,0,1,0.0,1486.028167719855,2258
103612,Hard,27,18,9,0.6667,1565.741918600744,276
103612,Clay,4,3,1,0.75,1527.3178671953542,449
103612,Carpet,3,1,2,0.3333,1488.7990299293624,670
103621,Hard,1,0,1,0.0,1487.6691709966674,2031
103623,Hard,1,0,1,0.0,1491.5103044838936,1495
103626,Clay,3,1,2,0.3333,1489.7484838591254,1448
103630,Hard,4,3,1,0.75,1524.2820484399706,527
103630,Clay,3,0,3,0.0,1467.7313380299147,2573
103632,Clay,190,104,86,0.5474,1616.7516237132863,124
103632,Hard,87,36,51,0.4138,1492.2100831230591,1450
103632,Grass,6,0,6,0.0,1438.0501412582062,1574
103632,Carpet,5,1,4,0.2,1466.2356435818845,1202
103637,Carpet,2,0,2,0.0,1481.620632846372,971
103637,Clay,1,0,1,0.0,1495.3700109392857,1199
103638,Hard,15,7,8,0.4667,1493.3773768238339,1387
103638,Clay,15,10,5,0.6667,1549.8216036249296,301
103642,Grass,1,0,1,0.0,1488.414300586377,809
103642,Hard,1,0,1,0.0,1492.6558318300754,1427
103643,Clay,1,0,1,0.0,1486.6564852974589,1920
103645,Hard,2,1,1,0.5,1500.8377194679683,1087
103646,Grass,1,0,1,0.0,1488.3672900139518,814
103647,Grass,1,0,1,0.0,1487.559967818767,944
103649,Hard,1,0,1,0.0,1488.4009536929623,1789
103653,Hard,1,0,1,0.0,1487.0199720825415,2175
103656,Clay,399,213,186,0.5338,1608.7569983317112,135
103656,Hard,124,38,86,0.3065,1448.5334423886657,3265
103656,Grass,19,6,13,0.3158,1457.1062999086523,1453
103656,Carpet,2,0,2,0.0,1476.178446468622,1088
103657,Hard,5,1,4,0.2,1483.6007459305322,2326
103657,Clay,4,1,3,0.25,1481.3823079002793,2079
103659,Hard,9,4,5,0.4444,1487.91409847573,1981
103659,Grass,2,0,2,0.0,1476.8302142297662,1192
103659,Clay,1,1,0,1.0,1512.0,687
103659,Carpet,1,1,0,1.0,1512.0,285
103663,Hard,4,1,3,0.25,1492.6894080159248,1424
103663,Clay,1,0,1,0.0,1493.6956574715964,1236
103666,Clay,7,2,5,0.2857,1480.918666135632,2091
103666,Carpet,1,1,0,1.0,1512.0,291
103668,Clay,12,5,7,0.4167,1488.5592209066983,1561
103668,Hard,5,2,3,0.4,1487.0420182859746,2168
103672,Hard,84,33,51,0.3929,1460.752320274403,3076
103672,Clay,57,26,31,0.4561,1522.6600053565687,527
103672,Grass,9,1,8,0.1111,1439.1361846402394,1566
103672,Carpet,4,0,4,0.0,1457.405205524277,1262
103674,Hard,3,0,3,0.0,1464.606857223609,3004
103675,Clay,35,9,26,0.2571,1432.3504480347003,2974
103675,Hard,8,2,6,0.25,1489.7824716845762,1624
103675,Grass,1,0,1,0.0,1491.1069414147764,673
103676,Hard,9,1,8,0.1111,1445.0176051452145,3301
103676,Grass,5,3,2,0.6,1520.925599416632,301
103676,Clay,3,0,3,0.0,1465.962687296699,2620
103677,Clay,1,0,1,0.0,1490.7628073590179,1380
103682,Hard,8,5,3,0.625,1520.112361006957,603
103682,Clay,3,0,3,0.0,1467.9428779532495,2568
103682,Grass,2,0,2,0.0,1477.0517575633016,1185
103684,Hard,2,0,2,0.0,1482.2097962706896,2364
103684,Grass,1,0,1,0.0,1490.0993053519824,706
103690,Clay,6,3,3,0.5,1507.2309860028017,837
103690,Carpet,1,1,0,1.0,1512.0,300
103690,Hard,1,0,1,0.0,1488.414300586377,1783
103693,Hard,34,11,23,0.3235,1441.602284112156,3334
103693,Clay,30,9,21,0.3,1446.0328335744248,2891
103693,Carpet,8,2,6,0.25,1476.2087052460943,1086
103693,Grass,4,0,4,0.0,1461.6205320039874,1429
103694,Hard,252,120,132,0.4762,1578.2753832338653,239
103694,Clay,155,61,94,0.3935,1450.7958780256993,2854
103694,Grass,81,43,38,0.5309,1539.1196611860096,208
103694,Carpet,27,14,13,0.5185,1531.5176209242427,170
103699,Hard,2,1,1,0.5,1507.6304946276769,909
103699,Clay,1,0,1,0.0,1487.6830404712923,1794
103699,Grass,1,0,1,0.0,1491.3446938589059,666
103700,Clay,18,5,13,0.2778,1461.932512104451,2709
103700,Hard,3,1,2,0.3333,1489.2500473878642,1680
103700,Grass,2,0,2,0.0,1475.543235192121,1246
103701,Clay,34,15,19,0.4412,1530.2200667270972,430
103701,Hard,8,1,7,0.125,1461.093691624999,3070
103701,Carpet,3,2,1,0.6667,1512.2922546544496,271
103701,Grass,2,0,2,0.0,1474.3730980775142,1273
103702,Clay,2,1,1,0.5,1503.4379407718898,920
103704,Clay,1,0,1,0.0,1486.7795409137675,1909
103705,Hard,1,0,1,0.0,1487.7775536114887,2000
103708,Clay,3,0,3,0.0,1470.7673693632667,2500
103708,Hard,3,1,2,0.3333,1498.320398046473,1219
103708,Grass,2,0,2,0.0,1480.8271373601558,1104
103709,Hard,84,34,50,0.4048,1459.0281997839936,3101
103709,Clay,26,9,17,0.3462,1459.9444405550412,2738
103709,Grass,16,4,12,0.25,1429.56826458023,1600
103709,Carpet,15,8,7,0.5333,1530.256778740601,172
103711,Clay,1,0,1,0.0,1485.3949228150907,1964
103714,Hard,99,48,51,0.4848,1505.3087282277852,944
103714,Clay,71,31,40,0.4366,1516.182360902022,607
103714,Carpet,13,6,7,0.4615,1511.1262682045167,333
103714,Grass,7,2,5,0.2857,1472.311212360368,1297
103715,Hard,2,0,2,0.0,1478.5423359914305,2502
103715,Grass,2,0,2,0.0,1475.6534960061153,1237
103715,Carpet,1,0,1,0.0,1487.4628629607346,867
103716,Carpet,3,1,2,0.3333,1492.1308912213535,570
103716,Hard,2,1,1,0.5,1504.165747727226,977
103716,Clay,1,0,1,0.0,1494.0284555920257,1230
103716,Grass,1,0,1,0.0,1494.0627605174727,608
103718,Hard,1,0,1,0.0,1493.0459615925179,1402
103719,Clay,1,0,1,0.0,1487.585699413623,1816
103720,Hard,531,373,158,0.7024,1645.0764462039874,100
103720,Grass,171,129,42,0.7544,1703.3357896629393,23
103720,Clay,155,98,57,0.6323,1620.6623673221195,118
103720,Carpet,26,19,7,0.7308,1648.2779229506275,31
103722,Hard,156,65,91,0.4167,1491.4903732491696,1497
103722,Clay,104,48,56,0.4615,1551.4900291815393,297
103722,Grass,26,9,17,0.3462,1438.1878507353767,1573
103722,Carpet,7,1,6,0.1429,1451.016241614925,1307
103726,Hard,6,2,4,0.3333,1492.0538445136738,1462
103726,Clay,2,0,2,0.0,1478.9042967173507,2174
103726,Grass,1,0,1,0.0,1486.7472043268458,1014
103727,Hard,1,1,0,1.0,1511.6087101132212,789
103730,Grass,11,4,7,0.3636,1480.03693968577,1114
103730,Hard,1,0,1,0.0,1490.6879667922626,1541
103735,Clay,11,2,9,0.1818,1455.4786120512958,2792
103735,Hard,6,2,4,0.3333,1495.2621033489197,1313
103735,Carpet,3,3,0,1.0,1537.7241489606258,153
103736,Carpet,1,0,1,0.0,1487.9868087278223,801
103736,Clay,1,0,1,0.0,1486.8535600849457,1901
103737,Clay,18,6,12,0.3333,1492.8276795348872,1273
103737,Hard,5,2,3,0.4,1497.4929967246148,1245
103737,Grass,1,0,1,0.0,1487.5750767484874,937
103739,Hard,25,15,10,0.6,1564.6695579480984,285
103739,Clay,11,4,7,0.3636,1485.107499299289,1973
103746,Clay,16,7,9,0.4375,1513.2836359703422,642
103746,Hard,14,9,5,0.6429,1533.3530137466335,455
103746,Carpet,5,2,3,0.4,1488.834211690274,667
103747,Hard,7,3,4,0.4286,1497.7353735977927,1238
103747,Clay,3,1,2,0.3333,1499.6170531564887,1062
103747,Grass,3,1,2,0.3333,1494.1987923465201,604
103748,Hard,2,0,2,0.0,1487.09693378082,2155
103751,Hard,2,1,1,0.5,1513.1595107063479,689
103752,Hard,53,20,33,0.3774,1510.2068193138662,849
103752,Clay,52,20,32,0.3846,1517.7785157466983,580
103752,Grass,9,3,6,0.3333,1475.5666600272027,1243
103752,Carpet,3,1,2,0.3333,1490.330401835613,612
103753,Clay,1,0,1,0.0,1487.9881239795832,1753
103754,Grass,5,1,4,0.2,1463.416198643445,1409
103758,Hard,214,113,101,0.528,1614.700099333807,153
103758,Grass,52,29,23,0.5577,1543.4691365821136,192
103758,Clay,16,4,12,0.25,1465.124213698727,2649
103758,Carpet,11,6,5,0.5455,1524.3046431685748,186
103760,Hard,2,0,2,0.0,1475.9731015065786,2695
103760,Carpet,1,0,1,0.0,1488.0,790
103761,Hard,7,1,6,0.1429,1458.623458090266,3111
103761,Carpet,3,1,2,0.3333,1496.059292636293,528
103761,Clay,2,1,1,0.5,1500.7568833900882,991
103762,Hard,1,0,1,0.0,1488.3194790794118,1808
103763,Hard,3,1,2,0.3333,1495.3228125097855,1311
103770,Hard,4,2,2,0.5,1506.3342997115853,923
103770,Carpet,2,1,1,0.5,1499.3267580126849,489
103770,Grass,1,0,1,0.0,1488.0,868
103775,Clay,2,0,2,0.0,1489.3591839685985,1474
103781,Hard,357,182,175,0.5098,1617.6765476444045,146
103781,Clay,238,124,114,0.521,1578.1483946859676,202
103781,Grass,74,39,35,0.527,1576.7465638316723,119
103781,Carpet,20,8,12,0.4,1479.28728490682,999
103782,Hard,1,0,1,0.0,1495.7991515796955,1293
103782,Grass,1,0,1,0.0,1487.9153843001986,891
103786,Hard,434,255,179,0.5876,1668.011970718347,80
103786,Clay,305,185,120,0.6066,1578.6850737025084,196
103786,Carpet,52,34,18,0.6538,1674.4881255078258,23
103786,Grass,30,10,20,0.3333,1463.179464261623,1411
103789,Clay,60,27,33,0.45,1558.748744650564,272
103789,Hard,54,17,37,0.3148,1484.1276492590803,2310
103789,Grass,14,5,9,0.3571,1483.3799729989264,1070
103789,Carpet,7,3,4,0.4286,1492.910326648235,558
103792,Hard,2,0,2,0.0,1482.311511175243,2357
103794,Hard,261,106,155,0.4061,1511.8338800154797,774
103794,Grass,66,36,30,0.5455,1550.6909749494432,180
103794,Clay,45,11,34,0.2444,1411.7626854482485,3044
103794,Carpet,3,1,2,0.3333,1494.6393729283218,536
103799,Clay,17,1,16,0.0588,1394.2698313332162,3064
103799,Hard,3,0,3,0.0,1470.7147800871628,2843
103803,Clay,9,5,4,0.5556,1506.3371187778,857
103803,Carpet,2,1,1,0.5,1500.414300586377,456
103803,Hard,2,1,1,0.5,1500.0142917836072,1137
103805,Clay,1,0,1,0.0,1488.7389260335724,1543
103807,Hard,2,0,2,0.0,1476.7173020850205,2631
103807,Carpet,1,0,1,0.0,1487.5644214943602,857
103807,Clay,1,1,0,1.0,1512.0,689
103808,Clay,244,129,115,0.5287,1585.4924336302954,181
103808,Hard,90,28,62,0.3111,1454.4209495674427,3191
103808,Grass,12,1,11,0.0833,1409.9076888979391,1634
103808,Carpet,9,4,5,0.4444,1495.391132641118,532
103812,Clay,240,130,110,0.5417,1642.3974292898909,84
103812,Hard,157,53,104,0.3376,1466.8610871232577,2931
103812,Grass,32,13,19,0.4062,1469.1444464514364,1326
103812,Carpet,16,5,11,0.3125,1451.7881713575161,1303
103813,Hard,465,251,214,0.5398,1578.3369107963683,238
103813,Clay,205,115,90,0.561,1591.7125446578082,166
103813,Grass,57,25,32,0.4386,1490.862649105849,681
103813,Carpet,34,20,14,0.5882,1559.3681322113368,103
103817,Hard,18,7,11,0.3889,1488.2501018874732,1815
103817,Grass,3,0,3,0.0,1465.5347076705755,1380
103817,Carpet,2,0,2,0.0,1477.7901450383238,1032
103817,Clay,1,0,1,0.0,1488.0,1715
103819,Hard,953,794,159,0.8332,2052.5237239701873,2
103819,Clay,300,227,73,0.7567,1904.971821794786,5
103819,Grass,223,194,29,0.87,1936.1147951977443,2
103819,Carpet,69,50,19,0.7246,1750.2446962853564,9
103820,Grass,7,1,6,0.1429,1448.545418956354,1514
103820,Clay,5,0,5,0.0,1468.819427327512,2544
103820,Carpet,2,0,2,0.0,1477.2453735118952,1047
103820,Hard,1,0,1,0.0,1489.2833769661775,1673
103821,Hard,94,44,50,0.4681,1518.0954936670394,621
103821,Grass,19,6,13,0.3158,1445.4577141273248,1535
103821,Clay,11,5,6,0.4545,1514.3171958920964,628
103821,Carpet,7,5,2,0.7143,1540.7524068412774,143
103822,Grass,1,0,1,0.0,1488.6272789108327,791
103823,Hard,50,16,34,0.32,1445.9566154581482,3290
103823,Clay,30,14,16,0.4667,1545.170792424207,325
103823,Grass,10,2,8,0.2,1442.6088160516201,1547
103824,Clay,7,4,3,0.5714,1518.1061384011994,574
103824,Hard,6,4,2,0.6667,1523.4580855486706,542
103824,Carpet,5,4,1,0.8,1532.1605749381263,165
103825,Hard,1,0,1,0.0,1488.0,1892
103826,Hard,2,2,0,1.0,1523.585699413623,536
103826,Clay,1,0,1,0.0,1490.1809509301468,1419
103828,Hard,13,13,0,1.0,1628.0225817652133,128
103828,Clay,1,0,1,0.0,1487.9238159135862,1762
103829,Hard,8,3,5,0.375,1481.7072982065665,2375
103830,Hard,14,5,9,0.3571,1494.0934301624065,1348
103830,Carpet,1,0,1,0.0,1488.6283550316475,680
103834,Clay,1,0,1,0.0,1487.5245236093997,1838
103834,Hard,1,0,1,0.0,1491.0504676933308,1517
103835,Clay,309,165,144,0.534,1433.539181628277,2968
103835,Hard,68,9,59,0.1324,1299.9151482693203,3524
103835,Carpet,13,2,11,0.1538,1423.3438982553664,1357
103835,Grass,13,2,11,0.1538,1426.803920800328,1603
103837,Clay,7,1,6,0.1429,1458.3320826657152,2760
103841,Clay,1,0,1,0.0,1491.386730547138,1344
103843,Hard,103,36,67,0.3495,1479.323909536898,2467
103843,Clay,27,7,20,0.2593,1446.0844494116714,2890
103843,Grass,15,6,9,0.4,1478.638260593809,1152
103843,Carpet,5,3,2,0.6,1514.278684291736,246
103847,Hard,1,0,1,0.0,1493.8582187742043,1364
103849,Clay,8,1,7,0.125,1461.0158754761592,2722
103849,Carpet,1,0,1,0.0,1491.6924613946192,581
103850,Clay,7,4,3,0.5714,1543.1062828780591,339
103850,Grass,1,0,1,0.0,1489.3758493411076,744
103851,Carpet,8,3,5,0.375,1475.9073290887366,1101
103851,Hard,8,4,4,0.5,1520.6542729340497,595
103851,Clay,6,2,4,0.3333,1475.645995435421,2370
103851,Grass,5,1,4,0.2,1467.0919130546758,1357
103852,Hard,564,279,285,0.4947,1511.6117808259849,788
103852,Clay,275,133,142,0.4836,1509.365080130206,801
103852,Grass,142,89,53,0.6268,1602.7312038869245,86
103852,Carpet,23,11,12,0.4783,1509.3404677835906,354
103857,Hard,153,58,95,0.3791,1469.719550716325,2866
103857,Grass,37,12,25,0.3243,1434.97132535261,1581
103857,Clay,30,8,22,0.2667,1444.253791640062,2907
103857,Carpet,21,11,10,0.5238,1556.50775774941,109
103860,Clay,8,2,6,0.25,1457.8329809198394,2765
103860,Hard,3,0,3,0.0,1467.0277090661227,2928
103860,Carpet,1,0,1,0.0,1488.4833447676722,690
103863,Hard,10,3,7,0.3,1482.4834984284857,2351
103863,Carpet,2,0,2,0.0,1474.0562457505814,1135
103864,Clay,7,4,3,0.5714,1509.6227574723232,796
103864,Hard,3,1,2,0.3333,1486.9979539432588,2178
103864,Carpet,2,0,2,0.0,1475.5908169365416,1110
103865,Hard,20,9,11,0.45,1492.167668801893,1451
103868,Clay,58,24,34,0.4138,1499.9378354787375,1044
103868,Hard,25,5,20,0.2,1434.9118618362704,3386
103868,Grass,17,6,11,0.3529,1475.841653759867,1230
103872,Clay,5,1,4,0.2,1467.6530989118532,2577
103872,Hard,4,1,3,0.25,1480.2257183519132,2429
103875,Clay,12,5,7,0.4167,1480.2873360292954,2119
103875,Hard,5,0,5,0.0,1441.3825854143713,3336
103875,Carpet,2,1,1,0.5,1500.414300586377,455
103877,Hard,11,3,8,0.2727,1441.8165506616917,3332
103877,Clay,8,3,5,0.375,1485.3388681292538,1967
103877,Carpet,2,1,1,0.5,1498.7196536644303,500
103878,Hard,1,0,1,0.0,1492.0883459907877,1458
103882,Clay,2,0,2,0.0,1476.3200287278175,2322
103882,Carpet,1,1,0,1.0,1512.0,301
103888,Hard,378,223,155,0.5899,1725.8012759065061,42
103888,Grass,72,46,26,0.6389,1688.7074357988458,28
103888,Clay,65,30,35,0.4615,1590.3216360369797,169
103888,Carpet,11,4,7,0.3636,1481.552814902612,974
103891,Clay,12,5,7,0.4167,1476.9521516385626,2260
103891,Carpet,4,0,4,0.0,1453.6254487680774,1297
103891,Hard,3,0,3,0.0,1467.3925392618212,2918
103893,Clay,143,60,83,0.4196,1463.1893012264218,2693
103893,Hard,126,45,81,0.3571,1516.1014190126286,645
103893,Grass,26,5,21,0.1923,1382.0046812466487,1641
103894,Hard,15,3,12,0.2,1440.6232833012457,3340
103898,Hard,356,176,180,0.4944,1641.5163799813274,107
103898,Clay,112,47,65,0.4196,1505.8331545371968,867
103898,Grass,76,36,40,0.4737,1539.4217056470013,207
103898,Carpet,26,14,12,0.5385,1551.4233272465563,117
103899,Clay,12,4,8,0.3333,1465.667065919263,2631
103899,Hard,12,5,7,0.4167,1477.6064703492582,2558
103899,Carpet,1,0,1,0.0,1489.1923126406923,653
103900,Hard,286,187,99,0.6538,1780.024704463333,22
103900,Clay,209,138,71,0.6603,1747.3395350182507,23
103900,Grass,45,31,14,0.6889,1642.119455924288,53
103900,Carpet,39,27,12,0.6923,1670.1941040838328,24
103902,Clay,2,1,1,0.5,1503.3330903143208,926
103902,Hard,1,1,0,1.0,1513.0064421284176,693
103905,Hard,10,6,4,0.6,1514.2734691025757,669
103905,Clay,4,1,3,0.25,1478.2716745899318,2196
103908,Hard,275,127,148,0.4618,1482.7528436753905,2342
103908,Clay,222,108,114,0.4865,1560.9766591351954,259
103908,Grass,54,22,32,0.4074,1491.2577943889487,668
103908,Carpet,33,19,14,0.5758,1538.166677300022,150
103909,Clay,187,134,53,0.7166,1658.5893609922402,66
103909,Hard,116,68,48,0.5862,1681.4070843257177,74
103909,Grass,18,10,8,0.5556,1548.1875998827213,183
103909,Carpet,14,7,7,0.5,1512.3791816077878,270
103912,Clay,6,2,4,0.3333,1485.546817630834,1962
103913,Grass,3,2,1,0.6667,1523.405353545663,280
103914,Hard,10,0,10,0.0,1435.6821575602482,3381
103917,Hard,229,94,135,0.4105,1584.2894863923682,221
103917,Grass,108,67,41,0.6204,1640.2444745945106,55
103917,Clay,56,17,39,0.3036,1495.4243252175102,1197
103917,Carpet,14,3,11,0.2143,1447.1644322675293,1317
103920,Hard,6,3,3,0.5,1499.2925482762225,1182
103920,Clay,2,0,2,0.0,1485.8730160392854,1950
103920,Carpet,1,0,1,0.0,1488.0,775
103921,Hard,5,1,4,0.2,1464.3519985648538,3015
103921,Clay,1,0,1,0.0,1493.1031222710499,1260
103921,Carpet,1,1,0,1.0,1511.6076203917455,322
103923,Clay,2,1,1,0.5,1501.6170386792896,959
103924,Clay,1,0,1,0.0,1486.718573845198,1915
103925,Clay,2,0,2,0.0,1482.2482714545274,2054
103926,Clay,27,6,21,0.2222,1409.198898257751,3051
103926,Hard,10,3,7,0.3,1496.96319944661,1262
103936,Clay,13,5,8,0.3846,1471.792471457316,2479
103936,Hard,6,2,4,0.3333,1477.306644195125,2571
103936,Carpet,5,4,1,0.8,1532.5820658942157,163
103937,Clay,2,1,1,0.5,1500.0561453316589,1027
103937,Carpet,1,0,1,0.0,1488.3989926005593,701
103937,Hard,1,0,1,0.0,1486.527777205937,2225
103946,Clay,2,2,0,1.0,1523.123807539318,518
103948,Hard,5,1,4,0.2,1485.5468580232402,2271
103948,Clay,3,1,2,0.3333,1495.7008637170743,1184
103948,Grass,1,0,1,0.0,1493.504509305091,617
103949,Clay,1,0,1,0.0,1486.878757561574,1898
103956,Carpet,1,0,1,0.0,1488.0391316313965,719
103958,Hard,1,0,1,0.0,1488.6026558968056,1753
103963,Clay,4,1,3,0.25,1477.2725304832416,2240
103964,Grass,1,0,1,0.0,1488.1989366124626,823
103967,Hard,19,6,13,0.3158,1479.2953790422705,2469
103967,Clay,11,1,10,0.0909,1426.9564276242627,2992
103967,Carpet,1,0,1,0.0,1492.281039164747,566
103969,Hard,2,0,2,0.0,1479.418089809277,2458
103970,Hard,551,350,201,0.6352,1707.6501448752451,56
103970,Clay,478,337,141,0.705,1742.731466563167,24
103970,Grass,70,44,26,0.6286,1595.2527839483841,94
103970,Carpet,20,9,11,0.45,1506.357771491585,371
103971,Hard,111,40,71,0.3604,1467.563664239852,2916
103971,Grass,32,14,18,0.4375,1482.8975837185337,1077
103971,Clay,22,2,20,0.0909,1393.1610352484388,3065
103971,Carpet,16,9,7,0.5625,1535.2510205563829,155
103974,Carpet,2,1,1,0.5,1500.002820535128,463
103974,Hard,2,0,2,0.0,1475.5992964980455,2717
103975,Hard,1,0,1,0.0,1490.356026039039,1569
103976,Clay,21,6,15,0.2857,1467.1151770472468,2596
103976,Hard,2,0,2,0.0,1477.8433973231613,2546
103976,Carpet,1,0,1,0.0,1487.7556016786407,823
103978,Clay,6,3,3,0.5,1503.9305137570436,910
103978,Hard,2,1,1,0.5,1500.232062304379,1121
103978,Carpet,2,1,1,0.5,1500.7674468821156,445
103984,Carpet,1,0,1,0.0,1487.6127071274593,837
103986,Clay,4,2,2,0.5,1505.3449106495236,877
103986,Hard,2,1,1,0.5,1498.894729590301,1201
103986,Carpet,2,1,1,0.5,1500.3505875793965,459
103987,Clay,1,0,1,0.0,1488.0,1709
103988,Clay,1,0,1,0.0,1493.6140064432245,1237
103990,Hard,412,228,184,0.5534,1643.3191806182465,105
103990,Clay,395,261,134,0.6608,1569.8787573620898,231
103990,Grass,56,31,25,0.5536,1546.3977827690562,185
103990,Carpet,33,14,19,0.4242,1503.0611915191012,400
103994,Hard,1,0,1,0.0,1487.585699413623,2056
103995,Clay,1,0,1,0.0,1491.256175550825,1351
103997,Hard,104,38,66,0.3654,1465.5338156783578,2968
103997,Clay,97,46,51,0.4742,1527.211473455248,452
103997,Grass,25,13,12,0.52,1530.7216745118187,240
103997,Carpet,3,2,1,0.6667,1510.3844817444647,345
103998,Hard,2,1,1,0.5,1496.4244174069538,1277
103998,Clay,2,1,1,0.5,1502.334384851339,943
103999,Hard,19,4,15,0.2105,1439.1545606236482,3354
103999,Clay,10,1,9,0.1,1457.5115665492913,2772
103999,Grass,5,2,3,0.4,1490.2436989401199,701
104000,Clay,7,1,6,0.1429,1451.8542959347224,2842
104000,Carpet,3,1,2,0.3333,1487.1375645563546,897
104000,Hard,1,0,1,0.0,1489.3203973900372,1665
104001,Hard,4,1,3,0.25,1480.9976457932921,2403
104001,Grass,1,0,1,0.0,1488.0,867
104003,Clay,36,12,24,0.3333,1446.662738320842,2884
104003,Hard,12,3,9,0.25,1471.9030506409879,2820
104003,Grass,3,1,2,0.3333,1483.2339875307644,1071
104003,Carpet,2,0,2,0.0,1481.5684269455323,972
104004,Clay,7,0,7,0.0,1436.2845173048256,2953
104004,Hard,7,2,5,0.2857,1478.4517598719797,2512
104007,Clay,7,2,5,0.2857,1487.7910430799977,1787
104008,Clay,11,6,5,0.5455,1517.1128099702337,593
104008,Hard,6,3,3,0.5,1499.3344686162832,1179
104010,Clay,7,1,6,0.1429,1456.697669639557,2779
104010,Hard,5,0,5,0.0,1481.689885954975,2376
104011,Hard,3,1,2,0.3333,1487.8836867125583,1987
104011,Clay,1,0,1,0.0,1487.829403387925,1777
104014,Grass,8,1,7,0.125,1441.4323152937031,1553
104014,Hard,2,1,1,0.5,1502.0444665061336,1034
104014,Carpet,1,1,0,1.0,1511.7976798944508,311
104019,Hard,90,38,52,0.4222,1503.3020400102441,1000
104019,Clay,84,36,48,0.4286,1527.8362689676098,443
104019,Grass,27,10,17,0.3704,1456.6000666115688,1460
104019,Carpet,11,5,6,0.4545,1492.7823701988534,559
104021,Clay,1,0,1,0.0,1490.0580558705394,1426
104021,Grass,1,0,1,0.0,1492.0450512108534,647
104022,Hard,493,268,225,0.5436,1546.7068536950433,366
104022,Clay,262,134,128,0.5115,1458.8991300772632,2749
104022,Grass,108,61,47,0.5648,1553.5560536747023,175
104022,Carpet,59,36,23,0.6102,1641.8494021732681,34
104023,Hard,2,1,1,0.5,1506.0271801405318,927
104025,Hard,71,29,42,0.4085,1571.2844030441247,264
104025,Clay,10,2,8,0.2,1462.06684593412,2706
104025,Grass,8,2,6,0.25,1473.5935367292752,1285
104026,Hard,97,59,38,0.6082,1683.1631194590386,72
104026,Clay,17,3,14,0.1765,1435.1624036716953,2962
104026,Grass,12,6,6,0.5,1521.032332314214,299
104026,Carpet,7,4,3,0.5714,1521.5251042311907,219
104027,Clay,16,5,11,0.3125,1462.004452801795,2707
104027,Hard,2,1,1,0.5,1499.6192710322932,1167
104027,Carpet,1,0,1,0.0,1488.9860691353383,664
104028,Hard,1,0,1,0.0,1487.919379067247,1980
104028,Clay,1,0,1,0.0,1488.0,1718
104034,Clay,1,0,1,0.0,1494.3292302337093,1223
104035,Hard,75,20,55,0.2667,1425.9167923882044,3434
104035,Grass,17,5,12,0.2941,1449.668512071536,1507
104035,Clay,9,3,6,0.3333,1492.8589935453429,1271
104036,Carpet,4,2,2,0.5,1499.573059230146,487
104036,Hard,2,0,2,0.0,1479.63393332022,2451
104036,Clay,2,0,2,0.0,1475.52284185937,2378
104037,Clay,1,0,1,0.0,1490.592256178094,1393
104040,Hard,4,2,2,0.5,1502.2858828971962,1028
104040,Carpet,1,1,0,1.0,1512.0,298
104043,Clay,47,20,27,0.4255,1526.1562916275905,459
104043,Hard,4,2,2,0.5,1513.761401158674,677
104043,Grass,3,1,2,0.3333,1496.41788535189,577
104046,Hard,4,2,2,0.5,1507.1506759030647,916
104046,Clay,3,1,2,0.3333,1487.441146839081,1850
104051,Clay,9,6,3,0.6667,1529.559445987771,435
104051,Carpet,3,1,2,0.3333,1489.8229269843353,622
104051,Hard,3,2,1,0.6667,1513.4947008511017,684
104053,Hard,564,424,140,0.7518,1819.659078854259,15
104053,Clay,119,76,43,0.6387,1637.57394115586,90
104053,Grass,109,87,22,0.7982,1787.358017819434,9
104053,Carpet,35,25,10,0.7143,1651.138699996746,27
104056,Hard,31,8,23,0.2581,1431.7714177381094,3404
104056,Clay,12,2,10,0.1667,1452.7310466047545,2829
104056,Grass,12,4,8,0.3333,1475.0995309658342,1261
104056,Carpet,2,0,2,0.0,1487.643020662268,832
104059,Hard,3,1,2,0.3333,1488.04911263716,1842
104059,Clay,1,0,1,0.0,1492.5189886849203,1291
104063,Carpet,5,2,3,0.4,1488.8503571859726,665
104063,Clay,3,0,3,0.0,1464.9405937933245,2651
104063,Hard,3,1,2,0.3333,1492.2132444179208,1449
104067,Clay,4,1,3,0.25,1479.791654407962,2136
104068,Hard,278,143,135,0.5144,1525.2569649717043,511
104068,Grass,50,24,26,0.48,1485.7114673368371,1044
104068,Clay,49,14,35,0.2857,1490.7149613698941,1384
104068,Carpet,16,8,8,0.5,1523.0026616508733,210
104070,Hard,8,2,6,0.25,1487.3253976501014,2111
104070,Clay,2,0,2,0.0,1480.5047018787864,2107
104070,Grass,1,0,1,0.0,1492.43194004426,639
104071,Hard,9,5,4,0.5556,1509.3246980413223,872
104071,Grass,3,2,1,0.6667,1514.106541997171,343
104076,Clay,247,146,101,0.5911,1668.4093312582434,54
104076,Hard,110,42,68,0.3818,1530.4790994941404,475
104076,Carpet,11,5,6,0.4545,1501.1310639988217,435
104076,Grass,8,0,8,0.0,1412.3264295967542,1631
104081,Clay,60,23,37,0.3833,1476.0050385844188,2345
104081,Hard,16,6,10,0.375,1509.4913409648916,867
104081,Grass,3,0,3,0.0,1472.506055370815,1295
104081,Carpet,2,1,1,0.5,1501.3443496942762,428
104082,Hard,4,1,3,0.25,1480.1396185267274,2435
104086,Hard,3,2,1,0.6667,1510.61835377502,836
104086,Carpet,1,1,0,1.0,1513.1307093697023,259
104091,Clay,3,1,2,0.3333,1503.3787634270375,922
104093,Clay,1,0,1,0.0,1488.6173037743115,1555
104095,Hard,14,2,12,0.1429,1439.3016482633034,3351
104095,Clay,3,0,3,0.0,1476.3904070842684,2317
104095,Carpet,1,0,1,0.0,1486.3157631070562,924
104098,Hard,295,155,140,0.5254,1576.213388537887,247
104098,Clay,74,29,45,0.3919,1527.2747232549868,451
104098,Grass,67,37,30,0.5522,1520.5203977886774,304
104098,Carpet,21,13,8,0.619,1559.0887283405812,104
104099,Clay,2,0,2,0.0,1490.3305130815434,1408
104106,Grass,1,0,1,0.0,1486.1098206665645,1032
104112,Clay,41,23,18,0.561,1537.8203772547784,368
104112,Hard,14,5,9,0.3571,1471.6549127778076,2824
104112,Carpet,3,1,2,0.3333,1489.0175588889697,663
104113,Clay,4,3,1,0.75,1523.5693930049679,507
104113,Hard,3,0,3,0.0,1468.662785583372,2884
104113,Carpet,1,0,1,0.0,1488.0,779
104115,Hard,3,0,3,0.0,1479.4173159107845,2459
104117,Clay,25,6,19,0.24,1426.34784044739,2996
104117,Hard,24,11,13,0.4583,1505.0988728236734,950
104117,Grass,6,2,4,0.3333,1486.8573961990635,1001
104117,Carpet,1,0,1,0.0,1494.2247623004293,539
104121,Clay,6,1,5,0.1667,1469.758795713404,2520
104121,Hard,2,0,2,0.0,1490.2874658305477,1579
104121,Grass,1,0,1,0.0,1492.3482210552768,641
104122,Clay,220,102,118,0.4636,1516.7245806889816,598
104122,Hard,86,28,58,0.3256,1523.3355090356506,545
104122,Grass,24,6,18,0.25,1416.9695283507758,1628
104126,Hard,2,0,2,0.0,1484.7295194253438,2293
104126,Grass,1,0,1,0.0,1486.921763433878,998
104136,Clay,15,6,9,0.4,1507.8152542478833,829
104136,Hard,4,3,1,0.75,1525.19173403438,512
104136,Carpet,2,0,2,0.0,1477.1835753528135,1050
104136,Grass,1,0,1,0.0,1486.8038474910954,1006
104138,Hard,5,2,3,0.4,1490.9314313423786,1522
104138,Clay,2,1,1,0.5,1502.8492977069188,934
104140,Hard,4,3,1,0.75,1521.977168895437,575
104140,Clay,2,0,2,0.0,1482.9264338179314,2036
104140,Carpet,1,0,1,0.0,1488.0,787
104140,Grass,1,0,1,0.0,1488.4158219736025,804
104146,Hard,4,3,1,0.75,1521.9095755268693,578
104149,Clay,3,1,2,0.3333,1492.5148563926114,1292
104154,Hard,63,24,39,0.381,1465.5013133980494,2971
104154,Clay,53,21,32,0.3962,1484.8669677563955,1977
104154,Grass,10,3,7,0.3,1451.5863644547705,1497
104154,Carpet,1,0,1,0.0,1489.2838859893582,649
104156,Hard,1,0,1,0.0,1487.3150863529427,2113
104158,Hard,1,0,1,0.0,1494.501661113293,1332
104160,Clay,40,14,26,0.35,1491.4467168459034,1340
104160,Hard,21,4,17,0.1905,1437.969586452313,3361
104160,Carpet,9,3,6,0.3333,1473.482081213786,1143
104160,Grass,7,2,5,0.2857,1469.9574684103213,1317
104161,Clay,1,0,1,0.0,1492.6396350704006,1282
104162,Clay,7,4,3,0.5714,1511.7301307492605,726
104162,Carpet,6,3,3,0.5,1499.9106872489274,470
104162,Hard,1,0,1,0.0,1491.8486530591547,1476
104166,Hard,139,57,82,0.4101,1532.1812041073517,467
104166,Grass,25,11,14,0.44,1478.0006856730436,1159
104166,Clay,14,2,12,0.1429,1425.1957798203882,3003
104167,Hard,10,5,5,0.5,1524.116231562238,528
104171,Grass,14,4,10,0.2857,1461.965040455283,1427
104171,Hard,2,0,2,0.0,1483.4723552359849,2329
104173,Hard,14,5,9,0.3571,1489.655001155786,1633
104173,Grass,1,0,1,0.0,1490.3637786299244,695
104175,Clay,1,1,0,1.0,1512.0,691
104179,Clay,9,3,6,0.3333,1495.5827647451501,1191
104179,Carpet,2,0,2,0.0,1476.4105023193242,1082
104179,Hard,2,1,1,0.5,1504.6391612821292,967
104180,Hard,294,155,139,0.5272,1597.1886656324677,189
104180,Grass,81,45,36,0.5556,1650.4613158845839,47
104180,Clay,61,29,32,0.4754,1552.2236689722047,293
104180,Carpet,9,3,6,0.3333,1464.0223467307078,1228
104181,Clay,4,1,3,0.25,1484.0156591931104,2006
104182,Clay,6,1,5,0.1667,1477.447768673986,2229
104182,Carpet,3,0,3,0.0,1462.2971392800805,1238
104188,Hard,1,0,1,0.0,1487.9073404240576,1983
104188,Clay,1,0,1,0.0,1488.0572085187628,1653
104191,Clay,3,1,2,0.3333,1488.0324027832125,1658
104192,Hard,2,0,2,0.0,1488.2803564457392,1811
104192,Clay,1,0,1,0.0,1495.5080798791494,1193
104195,Clay,11,4,7,0.3636,1500.2673266157421,1017
104196,Clay,8,4,4,0.5,1518.8872090156804,566
104198,Hard,315,133,182,0.4222,1502.9316661856842,1009
104198,Clay,274,136,138,0.4964,1583.5590100967606,185
104198,Grass,60,29,31,0.4833,1488.38802139274,813
104198,Carpet,4,1,3,0.25,1486.6977240734343,916
104200,Clay,1,1,0,1.0,1512.7147990498231,659
104200,Hard,1,1,0,1.0,1512.0,744
104205,Hard,1,0,1,0.0,1489.6834496329454,1631
104208,Clay,1,0,1,0.0,1488.0,1717
104209,Clay,7,3,4,0.4286,1510.84248788988,763
104209,Hard,3,1,2,0.3333,1494.5054478059278,1331
104210,Hard,11,8,3,0.7273,1553.5125149079188,330
104210,Clay,1,0,1,0.0,1488.2598128666934,1628
104211,Hard,1,0,1,0.0,1490.1261043021857,1586
104213,Carpet,1,0,1,0.0,1488.0,761
104213,Clay,1,0,1,0.0,1487.0192295275408,1885
104214,Clay,221,118,103,0.5339,1538.9641654167456,364
104214,Hard,195,93,102,0.4769,1547.6300156412617,360
104214,Grass,33,16,17,0.4848,1502.5377748822905,465
104214,Carpet,20,11,9,0.55,1539.6424121117504,145
104215,Clay,7,2,5,0.2857,1465.3421987941579,2637
104215,Carpet,2,1,1,0.5,1500.5762958693,449
104215,Hard,2,0,2,0.0,1475.1758101649655,2743
104216,Clay,70,27,43,0.3857,1476.1714628646264,2335
104216,Hard,16,3,13,0.1875,1444.9491419348738,3303
104216,Grass,4,0,4,0.0,1462.3388485685912,1423
104217,Grass,8,3,5,0.375,1489.288304797599,749
104217,Hard,8,3,5,0.375,1503.4180704887838,993
104219,Hard,15,4,11,0.2667,1465.9877544160984,2956
104219,Clay,6,1,5,0.1667,1468.6881731103276,2549
104219,Carpet,5,1,4,0.2,1475.949680734284,1099
104219,Grass,1,0,1,0.0,1488.0,870
104224,Grass,2,1,1,0.5,1501.8259856022416,478
104224,Hard,2,1,1,0.5,1503.3411516882973,997
104225,Clay,61,28,33,0.459,1559.9339468740936,266
104225,Hard,47,8,39,0.1702,1356.853145052501,3521
104225,Grass,4,0,4,0.0,1465.89009818154,1375
104225,Carpet,1,0,1,0.0,1491.3162800663913,589
104226,Clay,4,1,3,0.25,1492.1536332940384,1306
104226,Grass,1,0,1,0.0,1486.9787172384683,994
104227,Clay,3,1,2,0.3333,1496.818907759393,1158
104227,Hard,1,0,1,0.0,1495.4779276650852,1299
104228,Clay,2,0,2,0.0,1479.4004540199007,2154
104229,Hard,299,125,174,0.4181,1545.1381284455829,377
104229,Grass,66,28,38,0.4242,1511.2386637059078,386
104229,Clay,27,6,21,0.2222,1440.8540183121145,2927
104229,Carpet,6,3,3,0.5,1497.6057615793518,511
104230,Clay,30,12,18,0.4,1498.867680310874,1097
104230,Hard,21,7,14,0.3333,1479.952502510779,2440
104230,Grass,4,0,4,0.0,1450.8736884606783,1501
104233,Hard,33,15,18,0.4545,1515.6124607726645,649
104233,Clay,11,4,7,0.3636,1483.19415868393,2028
104233,Carpet,10,7,3,0.7,1544.04476612408,135
104233,Grass,3,0,3,0.0,1464.7617096373444,1392
104234,Clay,13,5,8,0.3846,1477.5222355531157,2223
104234,Hard,2,1,1,0.5,1499.9289381325784,1148
104235,Hard,2,2,0,1.0,1521.7177281765962,579
104235,Grass,1,0,1,0.0,1487.3804545941127,957
104235,Clay,1,0,1,0.0,1490.5979661674821,1392
104236,Hard,2,0,2,0.0,1476.5552642213877,2640
104236,Clay,1,1,0,1.0,1512.0,701
104243,Hard,1,1,0,1.0,1511.5422617163229,803
104243,Clay,1,0,1,0.0,1488.414300586377,1588
104247,Clay,10,4,6,0.4,1482.5364313002037,2045
104247,Hard,8,5,3,0.625,1526.1696425263353,505
104249,Clay,1,1,0,1.0,1511.7933737030482,725
104250,Hard,27,5,22,0.1852,1389.4974595443243,3515
104250,Grass,23,15,8,0.6522,1574.8190531825335,122
104250,Clay,2,0,2,0.0,1481.4205476015593,2077
104250,Carpet,1,0,1,0.0,1487.2207397094446,884
104251,Hard,27,9,18,0.3333,1439.5276150345214,3348
104251,Clay,4,4,0,1.0,1548.8049493983603,304
104251,Carpet,3,2,1,0.6667,1511.1872217130528,331
104251,Grass,1,0,1,0.0,1487.6340497758672,918
104252,Hard,236,102,134,0.4322,1520.3342506528343,598
104252,Clay,200,100,100,0.5,1535.5422285289985,381
104252,Grass,65,39,26,0.6,1619.8462429314416,75
104252,Carpet,7,3,4,0.4286,1500.6257042558352,448
104253,Clay,2,0,2,0.0,1476.7513021180787,2288
104256,Hard,2,1,1,0.5,1509.1879430914812,877
104258,Hard,2,0,2,0.0,1477.8752964101586,2542
104258,Clay,1,0,1,0.0,1488.0,1702
104259,Hard,448,237,211,0.529,1614.3549695525228,156
104259,Clay,322,180,142,0.559,1619.8418050168127,119
104259,Grass,101,60,41,0.5941,1584.620143594826,111
104259,Carpet,11,5,6,0.4545,1506.6730096706087,370
104260,Clay,3,2,1,0.6667,1510.457895232537,778
104260,Hard,1,0,1,0.0,1487.585699413623,2055
104261,Hard,17,8,9,0.4706,1499.5545780602208,1172
104261,Carpet,4,0,4,0.0,1455.1792863503333,1288
104261,Grass,2,0,2,0.0,1476.4108962267571,1209
104261,Clay,1,0,1,0.0,1488.0,1714
104262,Hard,55,21,34,0.3818,1486.8700177169283,2191
104262,Clay,39,14,25,0.359,1474.2156137522052,2437
104262,Grass,8,1,7,0.125,1441.8627359421923,1550
104268,Hard,166,65,101,0.3916,1514.2478595660696,671
104268,Clay,70,30,40,0.4286,1500.187462749366,1021
104268,Grass,41,16,25,0.3902,1486.8023012337328,1007
104268,Carpet,6,3,3,0.5,1514.0877165187724,248
104269,Hard,501,263,238,0.525,1542.0639520380307,402
104269,Clay,394,236,158,0.599,1557.258204296214,274
104269,Grass,95,51,44,0.5368,1541.2016165818795,198
104269,Carpet,17,9,8,0.5294,1523.6993584486522,192
104270,Hard,4,0,4,0.0,1455.6537708252013,3167
104270,Clay,2,0,2,0.0,1474.209633750913,2438
104272,Clay,2,0,2,0.0,1480.5844638531155,2105
104273,Hard,120,48,72,0.4,1571.7799322487579,261
104273,Clay,53,20,33,0.3774,1506.2694048681167,858
104273,Grass,35,16,19,0.4571,1503.8884240106665,440
104273,Carpet,1,0,1,0.0,1487.91834626978,810
104275,Clay,1,0,1,0.0,1493.8157689243099,1234
104281,Hard,5,1,4,0.2,1495.6935868183955,1296
104282,Clay,1,0,1,0.0,1484.864583852723,1978
104283,Hard,2,1,1,0.5,1499.593395165151,1169
104283,Carpet,1,0,1,0.0,1487.554664226404,861
104284,Clay,1,0,1,0.0,1485.5617757069033,1961
104286,Carpet,1,0,1,0.0,1486.8472907145585,911
104287,Clay,1,0,1,0.0,1492.5299864541605,1288
104291,Hard,157,66,91,0.4204,1514.9946370992868,659
104291,Clay,57,25,32,0.4386,1537.0259331338164,372
104291,Grass,27,8,19,0.2963,1421.6678890475382,1620
104291,Carpet,2,1,1,0.5,1500.3724359854893,458
104292,Hard,23,13,10,0.5652,1534.8447568646702,444
104292,Grass,4,2,2,0.5,1501.5252703752549,485
104292,Clay,3,1,2,0.3333,1491.6811173303797,1332
104292,Carpet,2,0,2,0.0,1475.3359598662955,1115
104294,Hard,3,1,2,0.3333,1491.4813008473498,1498
104294,Clay,2,2,0,1.0,1523.5206633956006,510
104294,Grass,1,0,1,0.0,1488.414300586377,810
104295,Hard,1,0,1,0.0,1489.5909873963044,1643
104297,Clay,62,22,40,0.3548,1474.8029362624993,2416
104297,Hard,28,8,20,0.2857,1472.3353810288863,2811
104297,Grass,5,0,5,0.0,1444.6873370869973,1538
104299,Hard,23,10,13,0.4348,1471.7552081751871,2823
104299,Clay,5,2,3,0.4,1488.8189012209107,1524
104305,Hard,16,8,8,0.5,1537.1731478242427,426
104305,Carpet,2,1,1,0.5,1500.6298661574147,447
104305,Clay,1,0,1,0.0,1488.021952481114,1660
104305,Grass,1,0,1,0.0,1489.3936732435645,743
104308,Hard,59,16,43,0.2712,1426.1268326805298,3433
104308,Clay,29,6,23,0.2069,1410.3943596992099,3047
104308,Grass,12,4,8,0.3333,1467.2919173441749,1354
104308,Carpet,6,5,1,0.8333,1545.8772083283009,132
104311,Clay,9,4,5,0.4444,1500.5416898030364,999
104311,Hard,5,1,4,0.2,1475.385422297564,2727
104311,Carpet,3,1,2,0.3333,1491.7006182230284,580
104312,Hard,416,189,227,0.4543,1548.5004255484544,354
104312,Clay,268,132,136,0.4925,1491.3268821609606,1347
104312,Grass,112,63,49,0.5625,1577.1151521263798,118
104312,Carpet,14,4,10,0.2857,1453.3029989258819,1298
104314,Clay,20,7,13,0.35,1469.7340888506283,2521
104314,Hard,15,5,10,0.3333,1493.9756269805196,1352
104314,Grass,7,3,4,0.4286,1491.9758004163807,651
104317,Clay,1,0,1,0.0,1487.7574499458312,1789
104323,Clay,7,1,6,0.1429,1452.6877202306825,2830
104323,Hard,4,0,4,0.0,1453.9280139890473,3197
104323,Carpet,2,0,2,0.0,1477.3221019779687,1043
104325,Clay,2,0,2,0.0,1479.459500033949,2147
104327,Hard,141,65,76,0.461,1574.2100302686729,253
104327,Clay,75,35,40,0.4667,1550.2718723558817,299
104327,Grass,35,16,19,0.4571,1517.2220479009025,332
104327,Carpet,5,3,2,0.6,1521.3850926148452,221
104330,Hard,105,34,71,0.3238,1479.576861376879,2454
104330,Grass,35,19,16,0.5429,1534.7441312160731,222
104330,Clay,11,4,7,0.3636,1495.8115907383512,1178
104332,Hard,113,52,61,0.4602,1562.3028670512363,293
104332,Clay,43,16,27,0.3721,1499.7109202950044,1052
104332,Grass,40,21,19,0.525,1572.985937068361,124
104334,Clay,1,0,1,0.0,1488.3339610694197,1617
104336,Hard,1,0,1,0.0,1487.1654975369331,2145
104336,Clay,1,0,1,0.0,1488.6650339056841,1550
104338,Clay,380,236,144,0.6211,1679.7924253002288,44
104338,Hard,207,96,111,0.4638,1631.6593888858474,121
104338,Grass,18,7,11,0.3889,1491.818162667263,657
104338,Carpet,12,4,8,0.3333,1466.7375473566635,1196
104339,Hard,192,111,81,0.5781,1750.783419696742,33
104339,Clay,61,35,26,0.5738,1684.9054064632282,42
104339,Grass,53,39,14,0.7358,1719.2510672674857,17
104339,Carpet,38,23,15,0.6053,1593.8525679961956,60
104342,Clay,7,4,3,0.5714,1513.7680293439955,636
104342,Hard,2,1,1,0.5,1500.414300586377,1111
104348,Hard,5,2,3,0.4,1488.8727353889162,1713
104348,Carpet,1,0,1,0.0,1488.0,767
104349,Clay,56,24,32,0.4286,1474.3047173701361,2433
104349,Hard,23,5,18,0.2174,1443.258774370742,3316
104349,Carpet,2,0,2,0.0,1475.719905446414,1103
104349,Grass,1,0,1,0.0,1487.9712104328323,887
104352,Hard,3,2,1,0.6667,1516.577855862598,638
104352,Grass,2,1,1,0.5,1499.6545819896194,532
104352,Clay,1,1,0,1.0,1510.8123470228047,765
104355,Hard,1,0,1,0.0,1487.87738373325,1989
104360,Clay,4,3,1,0.75,1525.42902414504,478
104361,Grass,1,0,1,0.0,1489.5573831751708,736
104368,Hard,23,12,11,0.5217,1520.573091233381,597
104368,Clay,3,1,2,0.3333,1488.3413863004525,1615
104368,Grass,2,2,0,1.0,1525.7876223643336,261
104368,Carpet,1,1,0,1.0,1512.0,297
104371,Clay,44,14,30,0.3182,1483.6085040933137,2016
104371,Hard,44,18,26,0.4091,1546.3887925868075,368
104371,Grass,13,3,10,0.2308,1445.1925031333465,1536
104371,Carpet,3,0,3,0.0,1465.5375822449346,1209
104372,Grass,35,9,26,0.2571,1384.4587910797395,1640
104372,Hard,8,1,7,0.125,1448.4165683818026,3266
104372,Clay,4,1,3,0.25,1495.6163452004791,1189
104377,Clay,4,1,3,0.25,1480.5909618914056,2104
104378,Clay,4,1,3,0.25,1480.200347159692,2123
104378,Carpet,2,1,1,0.5,1498.809730606536,498
104378,Hard,1,0,1,0.0,1488.0,1905
104379,Hard,26,11,15,0.4231,1523.9456067274239,532
104379,Grass,9,3,6,0.3333,1477.1941113488567,1183
104379,Clay,1,0,1,0.0,1487.67060474267,1797
104383,Clay,3,1,2,0.3333,1501.020156561115,975
104383,Carpet,1,1,0,1.0,1512.0,293
104385,Hard,2,0,2,0.0,1487.0673914558804,2161
104386,Hard,323,173,150,0.5356,1586.2386869500847,216
104386,Clay,142,73,69,0.5141,1578.386956356553,200
104386,Grass,72,38,34,0.5278,1539.4459866188658,206
104386,Carpet,13,5,8,0.3846,1481.255787708301,976
104392,Clay,7,3,4,0.4286,1505.5735329081383,874
104392,Hard,1,0,1,0.0,1492.125005541714,1454
104393,Hard,1,0,1,0.0,1487.044151590326,2166
104395,Clay,27,15,12,0.5556,1548.5082277044976,305
104395,Hard,6,4,2,0.6667,1526.180307486327,504
104395,Carpet,2,2,0,1.0,1524.3999911578462,185
104397,Hard,8,1,7,0.125,1445.3075060461208,3299
104397,Clay,7,2,5,0.2857,1490.9314398014799,1367
104402,Clay,2,1,1,0.5,1498.4941110487523,1110
104412,Carpet,1,0,1,0.0,1488.0,786
104415,Grass,2,0,2,0.0,1478.3364812773223,1154
104415,Hard,1,1,0,1.0,1513.3594249976195,687
104416,Carpet,1,0,1,0.0,1487.6060826080022,839
104417,Hard,273,176,97,0.6447,1939.0965400001146,6
104417,Clay,138,86,52,0.6232,1900.3706325553483,6
104417,Grass,43,26,17,0.6047,1640.40004375628,54
104417,Carpet,28,22,6,0.7857,1649.3154861851385,29
104421,Clay,8,4,4,0.5,1505.1109501798935,882
104421,Hard,2,2,0,1.0,1523.585699413623,535
104424,Hard,106,39,67,0.3679,1491.2419384306986,1508
104424,Grass,17,4,13,0.2353,1441.040454682959,1555
104424,Clay,13,4,9,0.3077,1479.7574563079731,2140
104424,Carpet,12,9,3,0.75,1561.5607670109287,101
104433,Hard,108,41,67,0.3796,1489.5646924719856,1647
104433,Grass,44,21,23,0.4773,1507.3854868688236,411
104433,Clay,19,1,18,0.0526,1373.1119136364862,3071
104433,Carpet,9,6,3,0.6667,1539.6280767011465,146
104437,Grass,1,0,1,0.0,1485.757568489098,1042
104438,Clay,1,0,1,0.0,1485.8534940876293,1951
104439,Hard,1,0,1,0.0,1491.1217622886463,1513
104439,Carpet,1,0,1,0.0,1487.8688477636704,813
104444,Hard,1,0,1,0.0,1486.5510245215773,2222
104445,Clay,3,0,3,0.0,1480.3054081273615,2117
104446,Clay,1,0,1,0.0,1486.7508884662898,1911
104453,Hard,16,5,11,0.3125,1493.4705051800677,1381
104453,Clay,9,3,6,0.3333,1482.6728041288109,2044
104454,Hard,7,1,6,0.1429,1449.7621465236684,3253
104454,Clay,4,2,2,0.5,1497.2091072801725,1147
104454,Grass,1,0,1,0.0,1488.813372137389,776
104456,Hard,1,0,1,0.0,1488.1779126041185,1820
104460,Hard,68,23,45,0.3382,1502.4834938371848,1023
104460,Clay,52,21,31,0.4038,1495.1456827387537,1203
104460,Grass,41,18,23,0.439,1529.3147784656503,247
104463,Hard,8,2,6,0.25,1456.0427421911622,3159
104463,Clay,2,0,2,0.0,1476.7843644624065,2282
104463,Carpet,1,0,1,0.0,1488.0,780
104464,Hard,3,0,3,0.0,1465.2385311862536,2979
104465,Grass,1,0,1,0.0,1490.8937806106385,680
104467,Clay,31,17,14,0.5484,1547.8573864837354,309
104467,Hard,8,3,5,0.375,1482.654414094658,2345
104468,Hard,528,302,226,0.572,1615.8791497281443,151
104468,Clay,269,149,120,0.5539,1531.7470084515046,412
104468,Grass,96,53,43,0.5521,1557.5211696397298,160
104468,Carpet,11,4,7,0.3636,1484.5529087194682,947
104469,Clay,4,0,4,0.0,1459.4955099573929,2741
104469,Hard,3,0,3,0.0,1464.7241092867494,3001
104470,Hard,3,1,2,0.3333,1490.6360535803406,1545
104471,Hard,163,74,89,0.454,1488.9085057895502,1708
104471,Clay,64,27,37,0.4219,1589.7078585434726,173
104471,Grass,31,17,14,0.5484,1557.5057174915407,161
104473,Clay,1,0,1,0.0,1486.486428265892,1928
104474,Clay,1,1,0,1.0,1512.0,697
104476,Hard,7,2,5,0.2857,1483.59779050616,2327
104476,Carpet,2,2,0,1.0,1522.6033551897094,213
104476,Clay,2,1,1,0.5,1502.8387096686813,935
104477,Clay,10,4,6,0.4,1502.0145235680734,949
104477,Hard,1,1,0,1.0,1512.0,749
104478,Hard,3,1,2,0.3333,1486.5581834135703,2221
104479,Hard,6,2,4,0.3333,1477.0761095083758,2595
104479,Clay,2,1,1,0.5,1500.002450334415,1034
104484,Hard,1,0,1,0.0,1488.7850150541065,1729
104485,Clay,1,0,1,0.0,1493.576233735932,1241
104486,Hard,3,0,3,0.0,1478.371860185246,2515
104488,Clay,1,0,1,0.0,1489.3496072744456,1477
104489,Hard,3,1,2,0.3333,1492.3900344526658,1440
104489,Carpet,1,1,0,1.0,1512.0,303
104494,Clay,37,11,26,0.2973,1438.0432656852809,2946
104494,Hard,19,7,12,0.3684,1483.960550493067,2316
104494,Grass,4,0,4,0.0,1457.3599529403878,1450
104495,Clay,3,2,1,0.6667,1514.5463932752466,623
104495,Grass,2,1,1,0.5,1500.5457220734022,505
104495,Hard,2,0,2,0.0,1491.0542955252963,1516
104496,Carpet,2,2,0,1.0,1523.585699413623,195
104496,Hard,2,1,1,0.5,1501.5634394458937,1050
104499,Hard,54,25,29,0.463,1537.8777493667124,423
104499,Grass,23,9,14,0.3913,1487.9802886143143,883
104499,Clay,7,2,5,0.2857,1474.5167396097524,2426
104499,Carpet,5,5,0,1.0,1554.9190501175385,112
104500,Hard,111,54,57,0.4865,1567.7459938849906,271
104500,Clay,21,6,15,0.2857,1463.43486942428,2688
104500,Grass,12,3,9,0.25,1447.3500402696804,1520
104501,Hard,11,4,7,0.3636,1474.046292524943,2773
104501,Carpet,2,1,1,0.5,1501.171369098666,434
104501,Clay,1,1,0,1.0,1511.9713842819233,721
104503,Clay,4,0,4,0.0,1469.2353445412264,2535
104503,Carpet,1,0,1,0.0,1487.5572525158034,860
104503,Hard,1,0,1,0.0,1485.185182726379,2281
104504,Hard,1,0,1,0.0,1489.046386219661,1698
104505,Hard,27,6,21,0.2222,1393.2678706390589,3511
104505,Grass,5,1,4,0.2,1466.6081744536896,1364
104505,Clay,4,2,2,0.5,1514.2926928743054,630
104505,Carpet,2,1,1,0.5,1502.9481248818718,406
104508,Hard,2,0,2,0.0,1489.2839792736054,1672
104512,Grass,2,0,2,0.0,1472.7934152892956,1293
104515,Clay,11,5,6,0.4545,1517.8883465581544,576
104515,Hard,4,0,4,0.0,1475.2145188749014,2739
104516,Hard,3,1,2,0.3333,1504.1624997195042,978
104516,Clay,1,0,1,0.0,1487.4950452002768,1843
104519,Clay,1,0,1,0.0,1488.6571587262517,1552
104523,Clay,84,46,38,0.5476,1600.5979388560306,149
104523,Hard,49,19,30,0.3878,1532.0412619434305,468
104523,Grass,8,1,7,0.125,1445.9325100004626,1529
104523,Carpet,2,1,1,0.5,1499.5958228268937,484
104527,Hard,578,349,229,0.6038,1585.0304799523185,220
104527,Clay,334,204,130,0.6108,1521.6451918767777,545
104527,Grass,71,35,36,0.493,1564.3842778498617,145
104527,Carpet,17,8,9,0.4706,1520.000337087629,226
104531,Clay,1,0,1,0.0,1488.0,1710
104534,Hard,235,106,129,0.4511,1551.5482901457528,339
104534,Grass,54,26,28,0.4815,1554.3811192813132,173
104534,Clay,44,8,36,0.1818,1358.380708130678,3075
104534,Carpet,2,2,0,1.0,1531.0022683313255,171
104535,Clay,18,9,9,0.5,1499.8061536193345,1048
104535,Hard,8,6,2,0.75,1547.2473106379252,363
104535,Carpet,2,1,1,0.5,1500.0143094285309,461
104542,Hard,476,322,154,0.6765,1674.317615783341,78
104542,Clay,149,90,59,0.604,1656.5271515077345,70
104542,Grass,77,52,25,0.6753,1684.7685452908277,32
104542,Carpet,12,9,3,0.75,1576.7156714972175,78
104545,Hard,575,351,224,0.6104,1599.2161287715796,182
104545,Clay,149,82,67,0.5503,1670.6563801762018,50
104545,Grass,85,56,29,0.6588,1667.6000589246676,38
104547,Clay,128,58,70,0.4531,1589.4957400236665,174
104547,Hard,83,31,52,0.3735,1532.6296586902117,463
104547,Grass,13,2,11,0.1538,1416.768494579698,1629
104548,Hard,41,10,31,0.2439,1438.726375676677,3355
104548,Grass,10,5,5,0.5,1515.1946926494068,337
104548,Clay,9,5,4,0.5556,1540.1869307506743,356
104550,Clay,4,0,4,0.0,1461.3073689039231,2719
104550,Hard,1,0,1,0.0,1495.0616152289776,1316
104557,Clay,20,10,10,0.5,1530.7276372271406,428
104557,Carpet,13,8,5,0.6154,1539.495100919638,147
104557,Hard,7,1,6,0.1429,1455.1438467016194,3176
104558,Hard,1,0,1,0.0,1489.9180604958462,1610
104559,Hard,177,65,112,0.3672,1503.312026525326,998
104559,Clay,105,41,64,0.3905,1538.6400485775696,365
104559,Grass,23,6,17,0.2609,1422.1261908993579,1619
104559,Carpet,11,4,7,0.3636,1485.7093861107312,936
104561,Hard,2,2,0,1.0,1523.9625390918964,531
104561,Clay,2,0,2,0.0,1480.6014641827912,2102
104561,Carpet,1,1,0,1.0,1511.626417963618,318
104563,Clay,12,4,8,0.3333,1484.8116540450235,1979
104563,Hard,10,1,9,0.1,1449.197023354413,3259
104563,Grass,1,0,1,0.0,1485.7187515085086,1043
104565,Clay,2,0,2,0.0,1477.1626932305305,2250
104569,Clay,8,2,6,0.25,1460.1241062687022,2735
104569,Carpet,5,3,2,0.6,1513.0940075606459,260
104569,Hard,4,1,3,0.25,1477.4399338586882,2565
104571,Hard,426,244,182,0.5728,1640.6303274809352,108
104571,Grass,95,55,40,0.5789,1566.8854722938975,140
104571,Clay,88,38,50,0.4318,1470.382251149879,2507
104571,Carpet,15,13,2,0.8667,1628.000159720459,39
104579,Hard,4,1,3,0.25,1497.6423836759,1240
104579,Clay,1,0,1,0.0,1494.635406879793,1212
104580,Clay,6,1,5,0.1667,1451.1204389286597,2852
104580,Hard,4,0,4,0.0,1455.3769462902005,3170
104582,Clay,2,1,1,0.5,1499.5617466137676,1070
104582,Hard,1,1,0,1.0,1512.0,742
104583,Clay,1,1,0,1.0,1512.0,702
104583,Hard,1,1,0,1.0,1514.9450802429544,660
104585,Clay,3,2,1,0.6667,1511.4154495998823,744
104585,Carpet,1,1,0,1.0,1511.5489279830801,327
104585,Hard,1,0,1,0.0,1498.5600912748023,1210
104586,Hard,162,63,99,0.3889,1532.671831507606,462
104586,Clay,101,53,48,0.5248,1600.7544277503507,148
104586,Grass,21,8,13,0.381,1472.6598340052235,1294
104589,Hard,76,35,41,0.4605,1572.4308943109088,260
104589,Grass,20,8,12,0.4,1457.8926431381467,1448
104589,Clay,14,2,12,0.1429,1428.824170435793,2984
104591,Clay,11,6,5,0.5455,1506.9653993956524,841
104591,Hard,6,2,4,0.3333,1478.9236876175419,2484
104591,Carpet,1,1,0,1.0,1512.0,299
104592,Hard,11,2,9,0.1818,1446.993876092829,3280
104592,Grass,9,3,6,0.3333,1481.0167976402015,1101
104592,Clay,6,3,3,0.5,1510.6527806302383,772
104592,Carpet,5,3,2,0.6,1510.8009085734984,339
104593,Clay,184,78,106,0.4239,1552.5583661250412,292
104593,Hard,67,17,50,0.2537,1404.8320597263207,3493
104593,Grass,19,2,17,0.1053,1380.8599601190083,1642
104594,Hard,112,48,64,0.4286,1577.1743788457936,243
104594,Clay,27,8,19,0.2963,1474.0740819705784,2442
104594,Grass,20,8,12,0.4,1494.4039011494795,600
104595,Clay,1,0,1,0.0,1494.0588697014132,1229
104597,Clay,428,281,147,0.6565,1700.5821628887868,38
104597,Hard,215,102,113,0.4744,1614.5686939605416,154
104597,Grass,30,14,16,0.4667,1523.8770079243568,275
104597,Carpet,6,3,3,0.5,1504.2666350468521,389
104600,Clay,8,5,3,0.625,1518.346228729853,572
104600,Hard,7,4,3,0.5714,1515.4454692052648,654
104600,Carpet,1,0,1,0.0,1488.0,789
104603,Carpet,1,0,1,0.0,1488.0268593742528,720
104603,Hard,1,0,1,0.0,1487.9446599149217,1977
104604,Clay,11,9,2,0.8182,1574.8615700196842,212
104604,Hard,4,1,3,0.25,1483.1517647125102,2334
104607,Hard,620,402,218,0.6484,1759.9051939510855,30
104607,Clay,248,158,90,0.6371,1776.4353337211794,16
104607,Grass,99,68,31,0.6869,1703.0759160312093,25
104607,Carpet,21,15,6,0.7143,1602.6020968211046,55
104609,Clay,2,2,0,1.0,1523.1501446379718,516
104612,Hard,1,0,1,0.0,1488.1465791500348,1825
104613,Hard,1,0,1,0.0,1488.0,1912
104615,Hard,2,0,2,0.0,1476.1204920683747,2672
104618,Hard,10,5,5,0.5,1510.2351906033534,848
104618,Clay,4,1,3,0.25,1482.8483882200744,2038
104619,Hard,21,4,17,0.1905,1438.3448327353215,3359
104619,Clay,12,3,9,0.25,1462.533412920321,2700
104619,Grass,8,2,6,0.25,1469.7369910205286,1318
104619,Carpet,1,0,1,0.0,1489.5153684306808,637
104620,Hard,138,50,88,0.3623,1509.2468093904633,876
104620,Clay,118,56,62,0.4746,1625.7667997602728,112
104620,Grass,32,16,16,0.5,1542.5601173615248,195
104620,Carpet,3,1,2,0.3333,1493.6828821312736,548
104623,Grass,11,1,10,0.0909,1424.0176291324826,1614
104623,Hard,5,0,5,0.0,1451.5258154484068,3236
104627,Clay,1,0,1,0.0,1487.5405615235013,1832
104628,Hard,17,5,12,0.2941,1468.0339136291389,2907
104628,Grass,2,0,2,0.0,1479.7080881968986,1123
104628,Clay,1,0,1,0.0,1487.8021804891862,1786
104629,Hard,14,4,10,0.2857,1482.305010285193,2358
104629,Clay,6,1,5,0.1667,1465.966395884346,2619
104629,Grass,4,1,3,0.25,1475.783245104006,1233
104631,Clay,11,7,4,0.6364,1531.6247661059442,413
104631,Hard,8,6,2,0.75,1542.3724050229641,400
104633,Hard,2,1,1,0.5,1512.3071332814868,713
104635,Hard,8,1,7,0.125,1465.2494363104452,2978
104635,Clay,1,0,1,0.0,1494.5466630117019,1218
104639,Hard,63,22,41,0.3492,1474.8568208352997,2754
104639,Clay,33,19,14,0.5758,1603.0289446423603,145
104639,Grass,5,0,5,0.0,1445.8468902129077,1531
104640,Clay,1,0,1,0.0,1497.1926460379154,1148
104644,Grass,2,0,2,0.0,1478.2318321948628,1156
104644,Hard,1,0,1,0.0,1489.6189404426123,1640
104646,Hard,1,0,1,0.0,1487.0374941889029,2169
104651,Clay,16,7,9,0.4375,1540.0162466299673,357
104651,Grass,1,0,1,0.0,1493.4562349718167,620
104654,Carpet,1,0,1,0.0,1488.0,791
104654,Hard,1,0,1,0.0,1490.4023723681246,1567
104655,Clay,289,170,119,0.5882,1578.3741502735431,201
104655,Hard,155,63,92,0.4065,1512.8970510786974,696
104655,Grass,18,7,11,0.3889,1474.08378991462,1275
104655,Carpet,2,1,1,0.5,1500.4589040473436,452
104656,Hard,11,3,8,0.2727,1447.414117669871,3276
104656,Clay,3,0,3,0.0,1465.9528720539245,2621
104658,Clay,8,3,5,0.375,1473.5438368559105,2452
104658,Hard,3,1,2,0.3333,1489.6391070881095,1638
104660,Hard,236,110,126,0.4661,1521.1539044578028,589
104660,Clay,88,33,55,0.375,1493.5853560914077,1240
104660,Grass,54,26,28,0.4815,1508.5461849790304,404
104660,Carpet,10,4,6,0.4,1485.6788803813045,937
104661,Hard,3,1,2,0.3333,1494.7830266522255,1325
104661,Grass,1,0,1,0.0,1491.9201163532075,653
104665,Clay,236,117,119,0.4958,1541.5214762678884,347
104665,Hard,151,45,106,0.298,1475.9417545586698,2698
104665,Grass,21,3,18,0.1429,1391.1089179561743,1638
104667,Clay,3,1,2,0.3333,1491.2873755172411,1349
104667,Hard,1,0,1,0.0,1492.0692254867995,1460
104672,Hard,26,8,18,0.3077,1478.7228216303508,2496
104672,Clay,3,0,3,0.0,1469.0254679205414,2540
104672,Grass,1,0,1,0.0,1487.005326585189,993
104673,Clay,17,10,7,0.5882,1539.4175035074225,361
104673,Hard,8,3,5,0.375,1484.03371895947,2315
104676,Clay,55,20,35,0.3636,1465.8912166728653,2626
104676,Hard,38,14,24,0.3684,1473.1705906353154,2796
104676,Grass,14,7,7,0.5,1519.0828320632572,318
104677,Hard,7,4,3,0.5714,1506.8792697589665,919
104677,Clay,2,1,1,0.5,1500.391839248237,1010
104677,Grass,2,1,1,0.5,1501.7899704743681,479
104678,Hard,368,194,174,0.5272,1549.6141774057141,345
104678,Clay,139,70,69,0.5036,1595.8707272180643,160
104678,Grass,64,33,31,0.5156,1536.4332704285875,216
104679,Hard,1,0,1,0.0,1487.4907021729427,2087
104680,Hard,1,0,1,0.0,1488.9598314889904,1704
104681,Clay,2,0,2,0.0,1476.2002167320666,2333
104681,Hard,2,1,1,0.5,1500.0682058645625,1129
104684,Hard,1,0,1,0.0,1488.6653608441377,1748
104689,Hard,1,0,1,0.0,1488.0,1903
104689,Clay,1,0,1,0.0,1487.5733819408792,1825
104692,Grass,2,0,2,0.0,1475.1229512662915,1259
104693,Hard,2,0,2,0.0,1479.2207356174,2470
104695,Hard,6,3,3,0.5,1503.9473206629461,982
104695,Clay,2,1,1,0.5,1500.0142917836072,1031
104698,Hard,2,1,1,0.5,1499.9008001015202,1152
104700,Hard,6,3,3,0.5,1501.3035539332873,1064
104700,Clay,3,0,3,0.0,1468.3556225950922,2561
104702,Hard,21,11,10,0.5238,1492.7649136197886,1423
104702,Carpet,1,0,1,0.0,1487.9995316482411,798
104707,Carpet,2,1,1,0.5,1501.9874878076987,423
104707,Hard,1,0,1,0.0,1494.6179272223906,1327
104707,Clay,1,0,1,0.0,1490.7299416252272,1382
104712,Hard,4,2,2,0.5,1504.9553965793891,954
104714,Clay,32,11,21,0.3438,1470.2953734428563,2509
104714,Grass,9,3,6,0.3333,1478.7898717030964,1144
104714,Hard,6,0,6,0.0,1441.3441899824643,3337
104714,Carpet,1,0,1,0.0,1487.7259995696854,824
104717,Hard,14,2,12,0.1429,1430.5387109737794,3412
104717,Grass,7,4,3,0.5714,1512.930271673143,355
104718,Clay,1,0,1,0.0,1487.8074464837605,1783
104719,Clay,214,103,111,0.4813,1562.308110769511,256
104719,Hard,201,83,118,0.4129,1477.2548374274793,2576
104719,Grass,38,17,21,0.4474,1532.5285442719241,234
104721,Hard,12,3,9,0.25,1482.448914008539,2353
104721,Clay,11,4,7,0.3636,1492.628715629619,1284
104721,Carpet,3,2,1,0.6667,1517.4985347067882,233
104724,Clay,66,31,35,0.4697,1573.4462688203378,219
104724,Hard,31,8,23,0.2581,1461.7996584635932,3063
104724,Grass,8,1,7,0.125,1445.7192510257116,1532
104729,Hard,2,0,2,0.0,1478.8339755018205,2487
104731,Hard,426,253,173,0.5939,1627.7311618271897,129
104731,Clay,112,59,53,0.5268,1665.4110841251604,57
104731,Grass,76,47,29,0.6184,1704.0073196875414,22
104732,Hard,3,0,3,0.0,1478.5327873859028,2505
104735,Hard,98,36,62,0.3673,1510.5119179065848,838
104735,Clay,44,16,28,0.3636,1520.1687703447217,557
104735,Grass,24,11,13,0.4583,1504.631007410302,431
104736,Clay,18,7,11,0.3889,1477.1605907231703,2251
104736,Hard,12,4,8,0.3333,1477.8947908055295,2540
104736,Grass,7,0,7,0.0,1439.1529764059824,1565
104738,Clay,3,1,2,0.3333,1499.515563355408,1072
104738,Hard,1,1,0,1.0,1512.3291462553645,711
104739,Grass,1,0,1,0.0,1490.0388247512174,708
104743,Hard,1,0,1,0.0,1489.554818534188,1648
104745,Hard,680,525,155,0.7721,1877.08503716584,10
104745,Clay,541,488,53,0.902,2025.0356680600244,1
104745,Grass,97,76,21,0.7835,1801.583377393953,4
104745,Carpet,8,2,6,0.25,1464.2349989321892,1222
104752,Hard,2,0,2,0.0,1477.1982299503625,2581
104752,Clay,1,0,1,0.0,1488.4418665465678,1576
104753,Hard,12,6,6,0.5,1514.1188745657803,672
104753,Clay,8,3,5,0.375,1483.1887973045211,2029
104753,Carpet,1,1,0,1.0,1512.0285847440816,273
104753,Grass,1,0,1,0.0,1487.1539004127003,983
104755,Hard,609,361,248,0.5928,1545.129180234841,378
104755,Clay,288,168,120,0.5833,1534.5883089732367,388
104755,Grass,117,75,42,0.641,1597.2566725362815,93
104755,Carpet,17,9,8,0.5294,1543.085974019983,138
104760,Hard,4,1,3,0.25,1493.413210498001,1385
104760,Grass,1,0,1,0.0,1489.9350794327474,712
104763,Hard,14,6,8,0.4286,1493.2453508572944,1395
104763,Clay,13,8,5,0.6154,1532.339087876002,409
104768,Hard,9,0,9,0.0,1420.810933168601,3452
104768,Clay,3,1,2,0.3333,1489.4851614788572,1464
104770,Clay,12,1,11,0.0833,1420.4680289082612,3018
104770,Hard,9,3,6,0.3333,1486.6427798108439,2214
104770,Grass,4,1,3,0.25,1480.4989544261919,1107
104775,Hard,5,3,2,0.6,1511.648592294318,784
104775,Clay,4,1,3,0.25,1476.3019407181396,2324
104775,Carpet,4,2,2,0.5,1501.2272880949283,433
104778,Hard,2,0,2,0.0,1477.8830359873054,2541
104779,Grass,20,5,15,0.25,1434.5395277884325,1583
104779,Hard,4,1,3,0.25,1484.5521006438264,2298
104779,Clay,3,1,2,0.3333,1502.7239964017222,938
104781,Hard,1,0,1,0.0,1487.9506081169134,1975
104783,Hard,8,2,6,0.25,1483.6075732364282,2325
104783,Grass,5,1,4,0.2,1462.4228984959068,1422
104783,Carpet,3,1,2,0.3333,1488.2301304785308,713
104783,Clay,1,0,1,0.0,1487.33429455966,1859
104789,Hard,8,1,7,0.125,1445.520913019253,3297
104789,Clay,8,4,4,0.5,1497.7485661619507,1137
104789,Carpet,1,0,1,0.0,1488.813907815843,668
104792,Hard,627,400,227,0.638,1654.289932704097,93
104792,Clay,248,141,107,0.5685,1539.8878168842211,359
104792,Grass,84,47,37,0.5595,1571.317098922659,126
104792,Carpet,10,6,4,0.6,1537.737358718181,152
104797,Hard,290,131,159,0.4517,1476.05138274275,2682
104797,Clay,131,59,72,0.4504,1535.3024895084252,383
104797,Grass,76,41,35,0.5395,1543.121243597529,194
104797,Carpet,1,0,1,0.0,1488.0,777
104800,Clay,6,0,6,0.0,1434.9704372710435,2963
104800,Hard,1,1,0,1.0,1511.943081765154,772
104802,Hard,1,0,1,0.0,1488.5062026855899,1763
104802,Grass,1,0,1,0.0,1488.2086072104066,822
104803,Hard,2,1,1,0.5,1507.2858901477643,915
104803,Clay,2,1,1,0.5,1500.5631182245477,997
104804,Hard,17,7,10,0.4118,1483.637985242558,2322
104804,Clay,5,3,2,0.6,1516.8935739741028,597
104804,Grass,1,0,1,0.0,1487.6092925715552,925
104807,Clay,8,0,8,0.0,1426.3766183398534,2995
104807,Grass,1,0,1,0.0,1491.7917937640464,658
104810,Hard,20,6,14,0.3,1451.3626034417323,3238
104812,Hard,14,3,11,0.2143,1467.5090403443394,2917
104812,Clay,5,2,3,0.4,1492.6369420768572,1283
104812,Grass,2,1,1,0.5,1501.936241457082,475
104813,Hard,51,22,29,0.4314,1504.3453681485244,973
104813,Clay,28,14,14,0.5,1529.2619666424332,438
104813,Grass,15,8,7,0.5333,1520.2993597592315,307
104813,Carpet,5,4,1,0.8,1535.1746202426345,156
104816,Hard,8,2,6,0.25,1477.9548542005004,2535
104816,Clay,2,0,2,0.0,1477.624945007457,2218
104820,Hard,1,0,1,0.0,1494.036307565768,1349
104820,Clay,1,0,1,0.0,1490.5505318010632,1399
104822,Hard,1,0,1,0.0,1487.0588817573357,2162
104823,Clay,4,3,1,0.75,1522.4703797762288,532
104823,Carpet,2,1,1,0.5,1499.585699413623,486
104826,Clay,9,5,4,0.5556,1507.354045229006,835
104826,Hard,1,0,1,0.0,1488.0,1899
104830,Clay,1,0,1,0.0,1492.5238742055383,1289
104831,Clay,4,0,4,0.0,1461.1457704436232,2720
104831,Hard,2,0,2,0.0,1476.6485454687681,2635
104839,Clay,8,4,4,0.5,1506.5265511705163,849
104839,Hard,3,1,2,0.3333,1497.4097340322523,1249
104842,Hard,5,1,4,0.2,1470.6311945308848,2847
104842,Clay,2,1,1,0.5,1500.414300586377,1005
104847,Grass,2,0,2,0.0,1477.9558359258333,1162
104847,Hard,2,0,2,0.0,1486.0950574794185,2252
104847,Clay,1,0,1,0.0,1485.740621292168,1956
104850,Clay,4,1,3,0.25,1489.362278662357,1473
104850,Hard,2,0,2,0.0,1485.8227009020463,2265
104851,Clay,14,3,11,0.2143,1440.5255263865217,2931
104856,Hard,6,2,4,0.3333,1479.357737912865,2464
104857,Clay,10,4,6,0.4,1509.2826130713731,804
104857,Hard,3,0,3,0.0,1467.341554956698,2920
104858,Hard,1,1,0,1.0,1511.585656059657,797
104863,Hard,7,4,3,0.5714,1511.2192450452148,814
104863,Clay,2,0,2,0.0,1477.0506900455214,2256
104864,Hard,28,6,22,0.2143,1428.0612989877786,3425
104864,Grass,8,2,6,0.25,1455.17754680721,1477
104864,Clay,3,1,2,0.3333,1488.7304947261923,1544
104868,Grass,45,13,32,0.2889,1378.579657605003,1643
104868,Hard,33,11,22,0.3333,1466.1916715828404,2948
104868,Clay,8,1,7,0.125,1459.145963296815,2743
104869,Hard,20,10,10,0.5,1539.5126656786365,415
104869,Clay,4,1,3,0.25,1485.1843910965495,1971
104869,Carpet,3,2,1,0.6667,1513.0938491568484,261
104869,Grass,3,1,2,0.3333,1488.7522536611853,781
104871,Hard,335,164,171,0.4896,1715.5947658700495,49
104871,Clay,209,107,102,0.512,1578.4702958998785,198
104871,Grass,63,29,34,0.4603,1510.6729224474434,391
104873,Hard,17,3,14,0.1765,1453.926433378712,3198
104873,Clay,10,2,8,0.2,1454.2290944959716,2807
104873,Grass,5,1,4,0.2,1479.0898372127851,1137
104875,Clay,4,1,3,0.25,1474.7095618951203,2421
104875,Hard,1,1,0,1.0,1512.0,741
104882,Hard,69,27,42,0.3913,1493.6313080266934,1376
104882,Clay,60,26,34,0.4333,1494.4690664483824,1220
104882,Grass,16,3,13,0.1875,1425.139662107951,1611
104882,Carpet,3,2,1,0.6667,1511.0137883673467,336
104887,Hard,9,5,4,0.5556,1505.1729480616737,949
104887,Clay,3,2,1,0.6667,1511.0569295504524,754
104888,Grass,1,0,1,0.0,1488.0,869
104890,Clay,62,24,38,0.3871,1480.124113920238,2126
104890,Hard,48,17,31,0.3542,1491.6773340281002,1486
104890,Grass,14,4,10,0.2857,1442.2799841607143,1548
104893,Hard,2,0,2,0.0,1475.177523180634,2742
104895,Hard,13,6,7,0.4615,1488.575101404973,1755
104895,Clay,6,5,1,0.8333,1543.659198907988,335
104896,Clay,2,1,1,0.5,1505.026282486493,885
104896,Hard,1,0,1,0.0,1486.5796881088845,2219
104897,Hard,47,18,29,0.383,1544.6395612429926,380
104897,Clay,30,11,19,0.3667,1486.746237121012,1912
104897,Grass,9,2,7,0.2222,1461.73358715768,1428
104898,Hard,272,120,152,0.4412,1593.5752120553884,199
104898,Clay,175,89,86,0.5086,1533.0307563441575,400
104898,Grass,56,22,34,0.3929,1507.753513750744,408
104898,Carpet,2,1,1,0.5,1501.0951544543275,436
104901,Hard,9,6,3,0.6667,1530.0236678813799,480
104901,Clay,3,0,3,0.0,1465.9087168164242,2622
104901,Carpet,1,0,1,0.0,1487.9422062993588,804
104905,Hard,4,0,4,0.0,1450.1680083747885,3246
104905,Clay,2,1,1,0.5,1505.5941729697845,873
104907,Hard,38,17,21,0.4474,1460.4034076531589,3081
104907,Clay,7,4,3,0.5714,1511.3773245116647,745
104907,Carpet,3,2,1,0.6667,1511.7254147733172,314
104907,Grass,2,0,2,0.0,1476.6675727113052,1198
104908,Hard,1,1,0,1.0,1510.6859749663636,834
104908,Clay,1,0,1,0.0,1487.451548848277,1849
104909,Hard,10,3,7,0.3,1466.368748307094,2943
104909,Clay,1,0,1,0.0,1487.2438482391137,1870
104910,Clay,4,3,1,0.75,1521.4237450855228,547
104910,Carpet,1,0,1,0.0,1487.585699413623,847
104910,Hard,1,1,0,1.0,1512.246025360322,717
104914,Clay,6,2,4,0.3333,1501.9523257338392,950
104914,Hard,5,0,5,0.0,1460.451568818989,3080
104917,Clay,1,0,1,0.0,1490.1554847115856,1420
104918,Hard,690,509,181,0.7377,1635.6579344346558,115
104918,Clay,164,110,54,0.6707,1845.068071845769,8
104918,Grass,151,120,31,0.7947,1759.2822061137329,12
104918,Carpet,11,8,3,0.7273,1575.9365273228595,80
104919,Clay,178,93,85,0.5225,1555.7355465648875,280
104919,Hard,165,71,94,0.4303,1552.2476582094619,337
104919,Grass,35,16,19,0.4571,1502.0331701620685,474
104920,Hard,3,2,1,0.6667,1509.0132990522845,881
104920,Clay,1,0,1,0.0,1488.776522344757,1534
104921,Hard,1,0,1,0.0,1495.640403360588,1298
104925,Hard,902,759,143,0.8415,1982.0698093712733,4
104925,Clay,378,302,76,0.7989,1932.370613853474,3
104925,Grass,153,131,22,0.8562,1955.1279745055701,1
104925,Carpet,13,9,4,0.6923,1564.5227704008007,95
104926,Clay,424,241,183,0.5684,1572.900022435567,222
104926,Hard,350,161,189,0.46,1512.062704951767,721
104926,Grass,51,25,26,0.4902,1531.7529151934211,237
104926,Carpet,1,0,1,0.0,1489.4914572377181,640
104928,Hard,3,2,1,0.6667,1511.4935658298457,806
104928,Carpet,1,1,0,1.0,1512.0,294
104932,Hard,41,12,29,0.2927,1476.3364665313386,2659
104932,Clay,26,6,20,0.2308,1428.2948301800322,2988
104932,Grass,21,9,12,0.4286,1497.0132515744108,567
104934,Hard,3,0,3,0.0,1468.6514420550598,2885
104934,Clay,1,1,0,1.0,1512.3697278114082,672
104942,Clay,4,2,2,0.5,1497.9503651793202,1127
104942,Hard,3,1,2,0.3333,1487.0220837490008,2174
104944,Clay,1,0,1,0.0,1489.4954308392043,1462
104944,Hard,1,0,1,0.0,1490.5400484211189,1557
104944,Grass,1,0,1,0.0,1486.6899194538871,1017
104945,Hard,11,4,7,0.3636,1466.079515563025,2952
104945,Carpet,5,3,2,0.6,1511.6560554386224,315
104945,Clay,3,2,1,0.6667,1513.119026079452,646
104947,Hard,54,22,32,0.4074,1539.0687946688276,416
104947,Clay,24,6,18,0.25,1441.3483662149479,2920
104947,Grass,12,4,8,0.3333,1467.8555934071665,1347
104947,Carpet,2,1,1,0.5,1500.4085909644173,457
104948,Hard,2,1,1,0.5,1500.1924331573503,1123
104949,Hard,6,1,5,0.1667,1461.8038633519861,3062
104949,Carpet,3,0,3,0.0,1469.3836776852986,1175
104949,Clay,1,0,1,0.0,1487.585699413623,1818
104951,Clay,1,0,1,0.0,1495.1787179515209,1202
104951,Carpet,1,0,1,0.0,1488.0,776
104952,Hard,12,5,7,0.4167,1482.6253802697265,2346
104952,Clay,10,6,4,0.6,1521.4605631768916,546
104952,Carpet,3,1,2,0.3333,1487.7215101765703,825
104953,Hard,1,0,1,0.0,1486.6987973524697,2212
104958,Hard,18,7,11,0.3889,1498.5337431605003,1211
104958,Clay,6,4,2,0.6667,1531.5935029788566,414
104958,Grass,2,0,2,0.0,1475.6743189951621,1236
104960,Hard,7,4,3,0.5714,1517.988112324704,624
104960,Clay,1,0,1,0.0,1492.087352414818,1311
104963,Hard,3,1,2,0.3333,1489.3474878672096,1662
104965,Clay,11,7,4,0.6364,1541.6302573786338,346
104965,Hard,1,0,1,0.0,1492.952802096885,1413
104967,Clay,3,1,2,0.3333,1490.4332601518975,1404
104970,Hard,12,4,8,0.3333,1494.1589313676093,1343
104970,Clay,3,0,3,0.0,1467.8387266749805,2572
104970,Grass,2,0,2,0.0,1480.5038164224673,1106
104971,Hard,1,0,1,0.0,1488.3834871001961,1797
104975,Carpet,1,0,1,0.0,1492.0684648018323,571
104975,Grass,1,0,1,0.0,1486.8398412664988,1003
104976,Hard,67,24,43,0.3582,1516.9092022697373,633
104976,Clay,15,8,7,0.5333,1544.5281871095478,330
104976,Grass,10,3,7,0.3,1477.66500058801,1167
104978,Hard,81,32,49,0.3951,1555.8612617571237,318
104978,Clay,55,21,34,0.3818,1516.5113320813252,600
104978,Grass,17,7,10,0.4118,1475.7075967075136,1234
104979,Hard,111,44,67,0.3964,1506.0806052581456,926
104979,Clay,61,22,39,0.3607,1503.8614303075046,912
104979,Grass,11,1,10,0.0909,1425.5545531721582,1609
104979,Carpet,1,0,1,0.0,1489.1564624154073,656
104986,Hard,4,1,3,0.25,1488.3347263917576,1806
104986,Grass,1,0,1,0.0,1485.8342044456028,1039
104988,Clay,2,0,2,0.0,1476.814308212328,2277
104992,Hard,3,2,1,0.6667,1509.6786726330017,864
104992,Carpet,2,0,2,0.0,1477.5537778501216,1036
104992,Clay,1,1,0,1.0,1512.7502155911036,657
104993,Clay,1,0,1,0.0,1486.3010207083116,1935
104996,Hard,9,4,5,0.4444,1492.9953723322324,1407
104996,Clay,8,3,5,0.375,1489.776793102088,1446
104997,Hard,84,30,54,0.3571,1469.832043166143,2860
104997,Clay,33,10,23,0.303,1458.3170218066168,2761
104997,Grass,23,10,13,0.4348,1489.5270179863937,737
104999,Hard,194,79,115,0.4072,1496.0434605536582,1284
104999,Clay,79,25,54,0.3165,1469.012810276613,2541
104999,Grass,60,30,30,0.5,1562.1265550793455,148
104999,Carpet,1,0,1,0.0,1488.6526118239815,679
105001,Hard,8,2,6,0.25,1474.7229019361928,2759
105002,Hard,4,1,3,0.25,1478.0607496476323,2525
105002,Clay,2,0,2,0.0,1479.9701273819514,2132
105003,Hard,1,0,1,0.0,1488.0,1915
105004,Hard,7,4,3,0.5714,1516.322360607242,640
105004,Clay,4,3,1,0.75,1519.7589466187967,561
105004,Carpet,2,1,1,0.5,1503.6020129271797,394
105006,Hard,2,0,2,0.0,1476.9390229205162,2607
105009,Hard,12,4,8,0.3333,1455.9179939590072,3161
105011,Hard,121,56,65,0.4628,1534.8671441369506,443
105011,Grass,22,6,16,0.2727,1421.097664618616,1622
105011,Clay,18,3,15,0.1667,1424.500485393284,3005
105012,Hard,2,2,0,1.0,1523.585699413623,537
105012,Clay,1,0,1,0.0,1491.9827582971889,1317
105014,Hard,1,0,1,0.0,1487.2677178891795,2121
105015,Clay,15,4,11,0.2667,1448.6251617161788,2868
105015,Hard,13,4,9,0.3077,1501.4260850592434,1054
105015,Grass,3,0,3,0.0,1462.9102350510902,1416
105016,Carpet,1,0,1,0.0,1487.5295862301396,863
105016,Hard,1,0,1,0.0,1490.9834139609688,1520
105023,Hard,471,257,214,0.5456,1514.8293459323168,663
105023,Grass,125,78,47,0.624,1637.2808202402857,57
105023,Clay,120,52,68,0.4333,1552.0430347830682,294
105023,Carpet,2,0,2,0.0,1484.0426661774177,949
105026,Hard,1,0,1,0.0,1488.8651004567043,1716
105028,Hard,64,20,44,0.3125,1485.7435389331206,2267
105028,Grass,24,10,14,0.4167,1474.3107127569012,1274
105028,Clay,7,1,6,0.1429,1452.739382544203,2828
105029,Hard,5,0,5,0.0,1443.4525628069127,3312
105029,Clay,2,0,2,0.0,1476.6006194536278,2297
105030,Hard,22,6,16,0.2727,1436.763874106417,3371
105030,Clay,4,3,1,0.75,1522.2445520852364,537
105031,Hard,4,1,3,0.25,1485.9400048376522,2262
105031,Grass,1,1,0,1.0,1512.0,370
105032,Hard,67,22,45,0.3284,1456.5117355353411,3154
105032,Grass,28,15,13,0.5357,1538.3505411656704,210
105032,Clay,5,1,4,0.2,1491.6475089986147,1334
105036,Hard,2,2,0,1.0,1522.637784572222,563
105036,Clay,1,0,1,0.0,1488.663107708293,1551
105041,Hard,176,74,102,0.4205,1472.8840569367271,2806
105041,Grass,45,19,26,0.4222,1496.9574173156886,568
105041,Clay,25,5,20,0.2,1424.4193522451178,3006
105047,Grass,2,1,1,0.5,1499.1061533042591,546
105047,Hard,1,0,1,0.0,1489.9872166199507,1606
105048,Hard,1,0,1,0.0,1487.236984070532,2128
105051,Hard,147,58,89,0.3946,1543.9904335278886,385
105051,Grass,46,20,26,0.4348,1498.3969979000894,556
105051,Clay,15,1,14,0.0667,1410.0892379904594,3048
105052,Grass,2,1,1,0.5,1502.8534930549863,462
105052,Hard,2,1,1,0.5,1503.4138362572976,994
105053,Clay,181,92,89,0.5083,1551.6015150621902,296
105053,Hard,158,61,97,0.3861,1457.0098218919106,3140
105053,Grass,31,14,17,0.4516,1495.9828185314148,583
105053,Carpet,2,0,2,0.0,1478.5691827517483,1012
105059,Hard,1,0,1,0.0,1488.495671822587,1764
105060,Clay,10,6,4,0.6,1526.0353776311406,462
105060,Hard,5,2,3,0.4,1486.200550941255,2246
105062,Hard,272,123,149,0.4522,1478.9526294135705,2482
105062,Clay,99,36,63,0.3636,1444.6450796705485,2904
105062,Grass,45,15,30,0.3333,1462.8403912321055,1417
105062,Carpet,3,1,2,0.3333,1489.9392978652497,620
105063,Clay,12,4,8,0.3333,1491.389915553163,1343
105063,Grass,1,0,1,0.0,1492.3465817583715,642
105063,Hard,1,0,1,0.0,1491.3156452494443,1505
105064,Clay,231,128,103,0.5541,1546.897304591778,315
105064,Hard,172,69,103,0.4012,1551.4552867646441,340
105064,Grass,18,6,12,0.3333,1461.5099546611452,1431
105064,Carpet,1,0,1,0.0,1486.7801535685296,914
105065,Hard,98,34,64,0.3469,1476.135530158636,2671
105065,Grass,18,6,12,0.3333,1467.5256304805225,1351
105065,Clay,12,3,9,0.25,1458.8674744759523,2750
105066,Clay,2,0,2,0.0,1476.8753557597092,2265
105066,Hard,2,1,1,0.5,1504.5027487634268,969
105066,Carpet,2,2,0,1.0,1523.585699413623,196
105070,Clay,6,3,3,0.5,1512.4486267251298,666
105070,Hard,1,0,1,0.0,1493.4706099426594,1380
105072,Hard,3,1,2,0.3333,1496.319176517268,1279
105072,Clay,1,0,1,0.0,1488.2443239487473,1630
105074,Hard,59,19,40,0.322,1484.3473340336398,2304
105074,Grass,20,6,14,0.3,1464.2859975651959,1400
105074,Clay,11,4,7,0.3636,1482.994790725579,2034
105074,Carpet,1,1,0,1.0,1511.7569138613476,313
105077,Clay,374,200,174,0.5348,1531.19134696768,420
105077,Hard,216,76,140,0.3519,1441.86323380254,3330
105077,Grass,25,6,19,0.24,1412.1557575679985,1632
105079,Hard,6,5,1,0.8333,1553.210159878227,332
105080,Hard,3,1,2,0.3333,1496.1233133357032,1283
105080,Clay,1,0,1,0.0,1487.58621405129,1813
105081,Clay,2,1,1,0.5,1502.3830697496965,942
105084,Hard,1,0,1,0.0,1487.1310642621233,2147
105085,Hard,5,2,3,0.4,1482.8283851950416,2341
105085,Clay,3,0,3,0.0,1472.829694633089,2464
105085,Grass,2,0,2,0.0,1475.2170711514234,1254
105091,Clay,2,0,2,0.0,1476.782359638848,2283
105094,Clay,5,0,5,0.0,1442.0347621346366,2916
105095,Hard,94,47,47,0.5,1589.4640926308462,211
105095,Clay,62,24,38,0.3871,1478.8444302299974,2177
105095,Grass,12,2,10,0.1667,1431.1245400056225,1592
105095,Carpet,4,1,3,0.25,1473.598667675485,1141
105098,Clay,7,2,5,0.2857,1484.737140503603,1981
105098,Hard,6,2,4,0.3333,1486.2755944077292,2240
105099,Clay,19,5,14,0.2632,1465.1744992999018,2647
105099,Hard,16,6,10,0.375,1486.2023170734587,2245
105100,Grass,1,0,1,0.0,1488.1660462598809,827
105101,Hard,2,0,2,0.0,1482.8506479725054,2340
105103,Hard,1,0,1,0.0,1488.1165670543523,1830
105104,Clay,2,0,2,0.0,1479.936572131307,2134
105111,Clay,11,4,7,0.3636,1483.8576727193515,2012
105111,Hard,4,1,3,0.25,1479.1467178687167,2472
105113,Hard,5,2,3,0.4,1509.6903360487213,863
105116,Hard,1,0,1,0.0,1490.575896797956,1549
105120,Clay,2,0,2,0.0,1486.3780549931382,1933
105122,Carpet,4,2,2,0.5,1499.6148656615462,482
105122,Clay,3,0,3,0.0,1463.6522186992793,2681
105122,Hard,3,1,2,0.3333,1494.149844217348,1344
105128,Clay,5,2,3,0.4,1499.6435613701221,1057
105128,Hard,1,0,1,0.0,1487.2699846429239,2119
105131,Clay,2,0,2,0.0,1474.269841857864,2434
105132,Hard,31,12,19,0.3871,1477.3439408065901,2570
105132,Clay,25,11,14,0.44,1512.5914704390207,663
105132,Carpet,4,1,3,0.25,1479.7026438507714,995
105132,Grass,3,0,3,0.0,1465.5001455864192,1382
105137,Clay,61,21,40,0.3443,1465.1762303676103,2646
105137,Hard,21,3,18,0.1429,1400.363354833531,3502
105137,Grass,5,0,5,0.0,1441.8174166412718,1551
105138,Hard,475,281,194,0.5916,1560.3201962446558,297
105138,Clay,198,107,91,0.5404,1539.9322218250927,358
105138,Grass,92,59,33,0.6413,1611.7058451193511,79
105145,Hard,7,3,4,0.4286,1496.945904259191,1266
105145,Clay,1,0,1,0.0,1490.0357778806003,1429
105145,Carpet,1,0,1,0.0,1489.2609362495132,650
105147,Hard,67,22,45,0.3284,1463.333029836263,3042
105147,Grass,20,8,12,0.4,1482.8614700359685,1079
105147,Clay,13,4,9,0.3077,1479.0498292311765,2166
105147,Carpet,2,2,0,1.0,1523.7541033688574,191
105148,Carpet,2,0,2,0.0,1477.0277749426814,1053
105148,Hard,2,1,1,0.5,1500.5565022278508,1105
105149,Clay,13,7,6,0.5385,1531.020753466827,425
105149,Carpet,3,1,2,0.3333,1489.5424003984974,635
105149,Hard,1,0,1,0.0,1488.7250555566932,1743
105152,Hard,2,1,1,0.5,1502.3334278651807,1026
105154,Clay,68,26,42,0.3824,1442.5042634864662,2915
105154,Hard,8,1,7,0.125,1457.0408362778041,3139
105154,Grass,1,0,1,0.0,1487.5540951089342,947
105155,Clay,35,14,21,0.4,1480.5198891588868,2106
105155,Hard,12,2,10,0.1667,1451.1525172466104,3239
105155,Carpet,1,1,0,1.0,1512.0,295
105155,Grass,1,0,1,0.0,1489.2723004093814,751
105156,Hard,10,3,7,0.3,1456.8120287809463,3147
105156,Clay,8,1,7,0.125,1432.8595443013746,2971
105159,Hard,3,0,3,0.0,1464.0365012911548,3025
105159,Clay,3,0,3,0.0,1464.7458430787094,2658
105161,Clay,7,2,5,0.2857,1480.684607357818,2098
105163,Clay,2,1,1,0.5,1505.9508900055787,866
105163,Hard,2,0,2,0.0,1480.9009296294169,2406
105166,Hard,46,13,33,0.2826,1463.0240315561264,3047
105166,Clay,13,3,10,0.2308,1455.7406221752453,2789
105166,Carpet,3,3,0,1.0,1534.3588875288158,159
105166,Grass,2,0,2,0.0,1476.5032860033284,1204
105169,Hard,2,0,2,0.0,1483.3646678775408,2331
105173,Hard,521,248,273,0.476,1589.9536569013164,209
105173,Grass,142,82,60,0.5775,1590.2251660388927,103
105173,Clay,91,17,74,0.1868,1319.9744082771401,3077
105175,Hard,1,0,1,0.0,1490.388048758433,1568
105177,Hard,8,3,5,0.375,1473.5220174419649,2787
105177,Clay,2,0,2,0.0,1477.8841641333413,2215
105180,Clay,2,0,2,0.0,1478.2052043454173,2197
105181,Clay,3,1,2,0.3333,1499.349962938213,1078
105182,Hard,4,2,2,0.5,1502.3764668620147,1025
105182,Clay,3,2,1,0.6667,1508.7639922802193,813
105182,Carpet,1,0,1,0.0,1488.0,794
105187,Clay,3,0,3,0.0,1465.2667058488273,2640
105188,Hard,1,0,1,0.0,1486.0683235896602,2255
105189,Carpet,1,0,1,0.0,1487.436308671431,869
105194,Hard,8,1,7,0.125,1463.762853861275,3032
105194,Clay,1,0,1,0.0,1491.1130527016971,1360
105201,Hard,5,2,3,0.4,1490.0255784805704,1603
105201,Clay,2,1,1,0.5,1501.5213530412454,964
105207,Hard,1,0,1,0.0,1490.1620035839435,1584
105208,Hard,282,142,140,0.5035,1558.551847046066,303
105208,Clay,146,76,70,0.5205,1575.9062918536697,208
105208,Grass,39,15,24,0.3846,1496.5625619939785,576
105208,Carpet,17,12,5,0.7059,1580.1794865423192,71
105216,Hard,97,37,60,0.3814,1506.9705829528427,917
105216,Grass,31,15,16,0.4839,1523.6378760068017,277
105216,Clay,17,3,14,0.1765,1452.326039840775,2833
105216,Carpet,1,1,0,1.0,1511.612710421282,320
105217,Hard,86,34,52,0.3953,1514.7467969613272,665
105217,Clay,60,29,31,0.4833,1587.033341893175,178
105217,Grass,18,7,11,0.3889,1485.3704169511236,1052
105220,Hard,1,0,1,0.0,1488.8016413603748,1728
105221,Clay,3,1,2,0.3333,1487.8349967673048,1776
105221,Hard,3,1,2,0.3333,1488.0347815210366,1847
105223,Hard,433,313,120,0.7229,1971.5092249356303,5
105223,Clay,122,84,38,0.6885,1812.1306816382871,10
105223,Grass,58,40,18,0.6897,1703.128778767423,24
105223,Carpet,8,6,2,0.75,1550.2687578690911,120
105226,Clay,39,24,15,0.6154,1582.007304996466,188
105226,Hard,12,3,9,0.25,1460.7380550278456,3077
105226,Carpet,4,1,3,0.25,1480.6572087837474,986
105226,Grass,1,0,1,0.0,1493.9735900310557,609
105227,Hard,626,390,236,0.623,1635.0831346242455,117
105227,Clay,247,145,102,0.587,1599.5412580975585,152
105227,Grass,127,87,40,0.685,1729.2411949949371,16
105227,Carpet,9,4,5,0.4444,1507.546876616695,365
105229,Hard,7,1,6,0.1429,1468.2146739986895,2901
105229,Clay,4,1,3,0.25,1485.3490460690066,1966
105231,Clay,3,0,3,0.0,1468.486923159637,2557
105233,Hard,1,0,1,0.0,1486.0869234408403,2254
105238,Hard,254,135,119,0.5315,1688.9837767610938,68
105238,Clay,126,62,64,0.4921,1668.8928954902626,53
105238,Grass,43,23,20,0.5349,1556.001071002774,166
105239,Hard,6,1,5,0.1667,1455.203064943158,3175
105245,Clay,1,0,1,0.0,1488.2019263816485,1638
105250,Hard,1,0,1,0.0,1488.0,1923
105250,Carpet,1,0,1,0.0,1487.5714076300158,856
105252,Hard,1,0,1,0.0,1489.835314937852,1621
105254,Hard,7,1,6,0.1429,1463.4541141423572,3039
105254,Clay,5,2,3,0.4,1500.8644181442496,984
105255,Clay,5,5,0,1.0,1555.7906335124878,279
105259,Hard,5,3,2,0.6,1517.45013580802,628
105259,Clay,1,0,1,0.0,1488.276443745718,1626
105261,Hard,1,0,1,0.0,1488.0,1911
105262,Clay,1,0,1,0.0,1488.6813238338439,1549
105269,Hard,3,1,2,0.3333,1489.916322858074,1611
105270,Clay,4,1,3,0.25,1491.2792445407322,1350
105270,Hard,2,0,2,0.0,1484.249936167368,2306
105271,Clay,7,2,5,0.2857,1475.47035090734,2383
105271,Hard,3,3,0,1.0,1535.6517842457577,436
105273,Clay,27,14,13,0.5185,1517.5757267401766,584
105273,Hard,3,1,2,0.3333,1491.0135661368117,1518
105278,Hard,7,3,4,0.4286,1485.3869551821397,2277
105278,Clay,2,0,2,0.0,1474.5004221199406,2427
105281,Hard,1,0,1,0.0,1489.4174579822477,1658
105283,Clay,4,0,4,0.0,1465.250405595877,2641
105284,Grass,1,0,1,0.0,1485.107674049964,1056
105286,Hard,6,1,5,0.1667,1477.9955509697968,2530
105286,Grass,1,0,1,0.0,1490.7291361434347,687
105288,Clay,1,0,1,0.0,1489.2772270655232,1482
105292,Hard,34,11,23,0.3235,1486.4048073530305,2232
105292,Clay,25,7,18,0.28,1446.3911042863117,2887
105292,Grass,2,0,2,0.0,1475.177293580814,1256
105294,Hard,1,0,1,0.0,1487.968048935846,1972
105299,Hard,14,7,7,0.5,1497.9598402669744,1230
105299,Clay,4,0,4,0.0,1466.702504654255,2603
105300,Clay,4,2,2,0.5,1506.4187175776185,853
105302,Grass,6,2,4,0.3333,1489.9116693083802,716
105302,Hard,6,1,5,0.1667,1475.0734263111942,2745
105302,Clay,2,0,2,0.0,1484.487980839071,1990
105305,Clay,2,0,2,0.0,1475.3440420177424,2395
105311,Hard,251,112,139,0.4462,1534.2394232180416,448
105311,Clay,194,90,104,0.4639,1467.6781436732197,2576
105311,Grass,39,14,25,0.359,1451.9175902230145,1495
105318,Hard,7,2,5,0.2857,1493.9552474565855,1357
105318,Clay,2,1,1,0.5,1509.8636998408033,793
105325,Clay,1,0,1,0.0,1496.5781523387834,1164
105331,Hard,3,0,3,0.0,1469.9228303860123,2858
105331,Clay,1,0,1,0.0,1488.4946773082759,1570
105332,Hard,300,131,169,0.4367,1498.8878019264353,1202
105332,Clay,188,87,101,0.4628,1449.9991277112329,2858
105332,Grass,52,24,28,0.4615,1523.5642282400083,278
105334,Hard,13,7,6,0.5385,1509.4806896707641,868
105334,Clay,4,1,3,0.25,1479.3861247413547,2155
105336,Hard,1,0,1,0.0,1489.4413031884887,1656
105339,Hard,13,5,8,0.3846,1496.7692681235908,1270
105341,Hard,50,13,37,0.26,1423.9626452673203,3441
105341,Clay,26,6,20,0.2308,1425.6001672033144,3000
105341,Grass,14,8,6,0.5714,1545.5650349991045,187
105349,Hard,16,6,10,0.375,1472.911259550474,2805
105349,Clay,5,1,4,0.2,1467.224510879754,2590
105349,Carpet,3,1,2,0.3333,1489.1831588321354,654
105357,Hard,189,89,100,0.4709,1580.7737212058673,229
105357,Clay,49,19,30,0.3878,1509.9109170590598,792
105357,Grass,31,13,18,0.4194,1499.9269795614111,526
105359,Hard,25,7,18,0.28,1458.6850790105257,3109
105359,Grass,9,4,5,0.4444,1499.6051830470842,534
105359,Clay,1,0,1,0.0,1488.4494375190143,1574
105367,Clay,7,1,6,0.1429,1446.010135260823,2892
105367,Hard,4,3,1,0.75,1523.1595544378604,550
105372,Hard,5,1,4,0.2,1468.377572673182,2892
105372,Clay,2,1,1,0.5,1500.2585803968216,1019
105373,Hard,154,70,84,0.4545,1567.202228622562,273
105373,Clay,133,73,60,0.5489,1605.3399490506831,141
105373,Grass,17,4,13,0.2353,1439.915324904557,1558
105376,Hard,125,57,68,0.456,1543.5969914943896,386
105376,Grass,26,12,14,0.4615,1508.1012871582539,407
105376,Clay,24,7,17,0.2917,1468.7814772377053,2546
105379,Hard,135,61,74,0.4519,1568.8779427632737,269
105379,Clay,129,64,65,0.4961,1601.4244076644773,146
105379,Grass,35,13,22,0.3714,1471.9869995724043,1299
105385,Hard,244,104,140,0.4262,1560.558812109132,296
105385,Grass,39,15,24,0.3846,1494.0784169023116,607
105385,Clay,33,7,26,0.2121,1417.9476835731418,3026
105386,Clay,3,3,0,1.0,1532.5912727177767,406
105386,Hard,2,1,1,0.5,1500.9547486696758,1082
105394,Clay,3,1,2,0.3333,1488.2829132449976,1623
105394,Hard,3,0,3,0.0,1466.5231272343601,2940
105401,Clay,1,0,1,0.0,1488.2655893505482,1627
105402,Hard,7,2,5,0.2857,1473.758695703523,2783
105404,Hard,3,1,2,0.3333,1500.9192827470595,1084
105406,Hard,6,3,3,0.5,1512.4201910333284,705
105406,Clay,1,0,1,0.0,1487.3305153429308,1860
105408,Clay,1,1,0,1.0,1512.6524293110997,661
105408,Carpet,1,0,1,0.0,1487.1791472636012,890
105413,Clay,49,23,26,0.4694,1525.1349679438688,481
105413,Hard,15,4,11,0.2667,1465.377234646831,2975
105413,Grass,1,0,1,0.0,1491.1323583784902,672
105419,Clay,1,0,1,0.0,1488.3372234245078,1616
105426,Clay,2,0,2,0.0,1479.4040522683563,2153
105427,Hard,1,0,1,0.0,1487.3199755534608,2112
105428,Hard,2,1,1,0.5,1502.214416256624,1030
105430,Hard,162,69,93,0.4259,1553.3331879609354,331
105430,Clay,67,28,39,0.4179,1504.6883963947657,895
105430,Grass,24,8,16,0.3333,1435.4753952901885,1580
105430,Carpet,3,2,1,0.6667,1512.8075031788237,263
105431,Hard,4,1,3,0.25,1481.1292545186132,2399
105431,Clay,2,0,2,0.0,1475.462595164113,2384
105432,Hard,29,9,20,0.3103,1442.7648566454643,3320
105432,Grass,8,2,6,0.25,1467.528394951023,1350
105432,Clay,2,0,2,0.0,1482.266809948616,2052
105434,Hard,9,3,6,0.3333,1470.6381755301186,2845
105434,Clay,1,0,1,0.0,1489.7029823294079,1453
105436,Hard,8,4,4,0.5,1510.491101348374,840
105436,Clay,5,1,4,0.2,1473.6174798300083,2450
105438,Clay,32,12,20,0.375,1479.5187021299243,2146
105438,Hard,13,4,9,0.3077,1493.7306771068688,1373
105438,Grass,4,1,3,0.25,1485.2797847448699,1054
105440,Clay,1,0,1,0.0,1489.2664320302358,1483
105441,Hard,18,1,17,0.0556,1400.1556250506273,3503
105441,Grass,9,4,5,0.4444,1491.6065819517814,660
105442,Hard,3,1,2,0.3333,1488.7600028774307,1735
105448,Hard,2,0,2,0.0,1478.5168642813544,2506
105449,Hard,268,128,140,0.4776,1534.1180748436834,449
105449,Clay,69,34,35,0.4928,1574.4376376376993,217
105449,Grass,68,38,30,0.5588,1579.108763825709,117
105450,Hard,3,0,3,0.0,1468.367506217495,2893
105453,Hard,472,308,164,0.6525,1644.423368082496,101
105453,Clay,162,109,53,0.6728,1742.0562097928437,25
105453,Grass,71,42,29,0.5915,1635.1930340662432,58
105453,Carpet,1,1,0,1.0,1512.0,302
105454,Hard,8,2,6,0.25,1472.242396446038,2813
105454,Grass,6,1,5,0.1667,1466.2109911292966,1367
105456,Clay,6,5,1,0.8333,1541.4617873966122,348
105463,Clay,3,0,3,0.0,1464.3759951442958,2667
105464,Hard,29,17,12,0.5862,1553.0426021304854,336
105464,Clay,2,2,0,1.0,1523.585699413623,503
105467,Hard,5,1,4,0.2,1470.742872074511,2841
105467,Clay,3,0,3,0.0,1466.9789045941288,2599
105471,Clay,15,7,8,0.4667,1505.1879197306896,880
105471,Hard,3,1,2,0.3333,1487.216886996776,2131
105471,Carpet,1,0,1,0.0,1488.798650692222,671
105472,Clay,2,1,1,0.5,1506.3739495369473,855
105472,Hard,1,0,1,0.0,1490.0559754359233,1599
105477,Clay,59,28,31,0.4746,1532.922737459314,402
105477,Hard,28,11,17,0.3929,1484.4276046377877,2301
105477,Grass,8,2,6,0.25,1464.427551830714,1396
105479,Clay,1,0,1,0.0,1487.9096333551304,1766
105482,Hard,2,0,2,0.0,1476.0155756045742,2688
105487,Clay,98,37,61,0.3776,1504.873088010358,890
105487,Hard,31,8,23,0.2581,1466.261008339003,2947
105487,Grass,5,0,5,0.0,1446.922878915021,1522
105488,Clay,2,1,1,0.5,1499.6149057088264,1063
105488,Hard,1,1,0,1.0,1512.0,747
105490,Hard,8,4,4,0.5,1494.5075464104036,1330
105493,Hard,8,3,5,0.375,1477.0857365165525,2594
105493,Clay,3,0,3,0.0,1464.075668455028,2673
105493,Carpet,1,0,1,0.0,1488.0,795
105497,Clay,14,5,9,0.3571,1461.890431995056,2710
105497,Hard,12,6,6,0.5,1507.6923694813381,906
105499,Hard,17,10,7,0.5882,1535.5067991506062,437
105499,Clay,6,1,5,0.1667,1456.7889257505085,2778
105501,Hard,1,0,1,0.0,1494.2620455459828,1339
105502,Clay,1,0,1,0.0,1488.5114024654183,1568
105502,Hard,1,0,1,0.0,1488.5733605075632,1756
105502,Grass,1,1,0,1.0,1513.1956724737815,352
105512,Hard,6,2,4,0.3333,1484.0411609712073,2314
105515,Clay,2,0,2,0.0,1480.3305635853662,2116
105521,Clay,1,0,1,0.0,1487.6184048284756,1806
105526,Hard,308,137,171,0.4448,1547.7369253197885,358
105526,Clay,177,89,88,0.5028,1619.6645254379096,120
105526,Grass,75,36,39,0.48,1600.66188400956,89
105528,Grass,3,0,3,0.0,1464.377625535488,1398
105528,Clay,1,0,1,0.0,1494.5628937494284,1217
105529,Clay,1,0,1,0.0,1490.8825531645373,1374
105539,Hard,127,45,82,0.3543,1471.8310712949758,2821
105539,Clay,29,6,23,0.2069,1421.2111932779578,3015
105539,Grass,16,4,12,0.25,1438.7353561190528,1570
105541,Hard,11,6,5,0.5455,1509.9473525372855,852
105542,Clay,3,1,2,0.3333,1508.357269094269,820
105547,Hard,2,0,2,0.0,1474.3554331436933,2766
105550,Clay,133,68,65,0.5113,1545.4232675279904,324
105550,Hard,121,50,71,0.4132,1564.2721255766069,288
105550,Grass,27,11,16,0.4074,1509.3033582800297,398
105551,Hard,1,0,1,0.0,1489.5690953108463,1644
105551,Clay,1,0,1,0.0,1486.978434970624,1891
105554,Hard,240,121,119,0.5042,1580.0201596375728,234
105554,Clay,60,20,40,0.3333,1456.9398361414287,2776
105554,Grass,53,22,31,0.4151,1498.51890731658,554
105558,Hard,20,9,11,0.45,1530.7771266796542,474
105558,Clay,18,5,13,0.2778,1482.452308346276,2048
105558,Grass,6,2,4,0.3333,1483.0244396969513,1076
105559,Clay,3,0,3,0.0,1468.6845451260624,2550
105559,Hard,1,0,1,0.0,1490.0743529780655,1594
105561,Clay,28,11,17,0.3929,1489.7862834873163,1443
105561,Hard,8,2,6,0.25,1482.2850899098073,2360
105565,Grass,1,0,1,0.0,1488.6993342604237,786
105566,Hard,7,2,5,0.2857,1463.9136825114113,3029
105566,Clay,3,2,1,0.6667,1514.0036146953664,633
105572,Hard,29,11,18,0.3793,1520.2673707916583,600
105572,Grass,5,1,4,0.2,1470.2349296764303,1313
105572,Clay,2,0,2,0.0,1478.4897931810174,2188
105573,Hard,6,2,4,0.3333,1483.6283752257805,2323
105573,Clay,3,3,0,1.0,1535.7769267356352,377
105573,Carpet,2,1,1,0.5,1503.0502554652626,402
105573,Grass,2,1,1,0.5,1502.0484253676364,472
105575,Hard,217,115,102,0.53,1620.5635418585393,137
105575,Clay,43,12,31,0.2791,1456.0406410813391,2785
105575,Grass,26,7,19,0.2692,1439.1146312161598,1568
105575,Carpet,1,1,0,1.0,1511.9709001084157,308
105577,Hard,245,117,128,0.4776,1608.7089306301802,162
105577,Grass,48,19,29,0.3958,1469.1209466357545,1327
105577,Clay,20,1,19,0.05,1379.5757544233081,3070
105577,Carpet,1,0,1,0.0,1488.0,788
105578,Hard,1,1,0,1.0,1512.0,752
105579,Hard,28,12,16,0.4286,1490.3552286518627,1571
105579,Carpet,2,0,2,0.0,1477.170212058122,1051
105579,Clay,2,1,1,0.5,1499.1751118734871,1088
105579,Grass,2,0,2,0.0,1477.721467563767,1166
105583,Clay,256,121,135,0.4727,1499.2725002543816,1079
105583,Hard,223,89,134,0.3991,1540.1584823380674,410
105583,Grass,29,8,21,0.2759,1439.8463018830037,1560
105585,Hard,47,13,34,0.2766,1437.4633591156935,3365
105585,Clay,8,5,3,0.625,1522.5553381667933,530
105585,Grass,3,1,2,0.3333,1496.7393422237328,572
105585,Carpet,2,0,2,0.0,1477.42934051983,1040
105586,Hard,6,1,5,0.1667,1460.6291413900024,3078
105586,Clay,1,0,1,0.0,1488.5413485917068,1563
105587,Hard,3,0,3,0.0,1466.83674315484,2932
105587,Clay,1,1,0,1.0,1512.405760262851,670
105589,Clay,38,16,22,0.4211,1526.1991738246738,458
105589,Hard,16,2,14,0.125,1418.503879978031,3459
105590,Hard,17,11,6,0.6471,1558.3952848899353,304
105590,Clay,11,3,8,0.2727,1457.8295573103092,2766
105590,Carpet,2,0,2,0.0,1476.193256954069,1087
105591,Grass,1,0,1,0.0,1491.9811007356186,650
105596,Hard,4,1,3,0.25,1493.4159352440558,1384
105596,Clay,1,0,1,0.0,1495.6351057314173,1187
105601,Clay,2,0,2,0.0,1475.5141580763493,2379
105606,Clay,2,0,2,0.0,1478.814778521226,2178
105606,Hard,2,0,2,0.0,1473.866879153108,2779
105609,Hard,1,0,1,0.0,1489.8527224954917,1618
105613,Hard,54,16,38,0.2963,1457.986352936111,3120
105613,Clay,33,13,20,0.3939,1504.0008121123624,908
105613,Grass,5,0,5,0.0,1455.3998019596806,1475
105614,Hard,43,11,32,0.2558,1452.9274649761983,3217
105614,Grass,9,2,7,0.2222,1460.8916785595175,1435
105614,Clay,4,0,4,0.0,1454.3660702440984,2804
105621,Hard,1,0,1,0.0,1488.0,1947
105625,Clay,1,1,0,1.0,1510.4424955812367,779
105626,Hard,11,4,7,0.3636,1464.5829024223797,3006
105630,Hard,3,1,2,0.3333,1490.070000470041,1595
105633,Hard,21,6,15,0.2857,1451.8284674931392,3233
105633,Clay,18,9,9,0.5,1521.144560652335,549
105633,Grass,2,1,1,0.5,1502.27488755208,469
105633,Carpet,1,0,1,0.0,1487.207824013871,886
105634,Clay,7,3,4,0.4286,1498.3455921556563,1117
105634,Grass,2,0,2,0.0,1476.4194478622123,1206
105638,Grass,5,0,5,0.0,1445.9308273715255,1530
105641,Clay,20,10,10,0.5,1517.8574605551944,577
105641,Hard,13,4,9,0.3077,1469.0647048344879,2880
105641,Grass,5,1,4,0.2,1467.5181803257778,1352
105643,Clay,250,137,113,0.548,1583.0345097695163,186
105643,Hard,103,28,75,0.2718,1411.385519200537,3470
105643,Grass,12,0,12,0.0,1392.227871396658,1637
105649,Hard,38,12,26,0.3158,1497.032867463937,1258
105649,Clay,35,18,17,0.5143,1576.5658746502618,206
105649,Grass,9,2,7,0.2222,1463.807928549334,1405
105650,Grass,2,1,1,0.5,1507.7130103233542,409
105651,Grass,1,0,1,0.0,1491.9419742353425,652
105655,Hard,13,3,10,0.2308,1483.6619177740722,2321
105655,Grass,1,0,1,0.0,1493.5071002267719,616
105656,Hard,35,25,10,0.7143,1619.2969382572676,140
105656,Clay,17,6,11,0.3529,1469.4038165112981,2531
105657,Hard,103,49,54,0.4757,1595.3983589685986,193
105657,Clay,40,10,30,0.25,1409.7089446300522,3049
105657,Grass,15,6,9,0.4,1468.2652014821892,1339
105662,Clay,2,0,2,0.0,1475.6345682561064,2371
105662,Hard,1,0,1,0.0,1490.466010143361,1562
105668,Hard,127,67,60,0.5276,1643.1561361482945,106
105668,Clay,39,14,25,0.359,1516.3363477799846,604
105668,Grass,26,16,10,0.6154,1573.7870017495434,123
105668,Carpet,6,5,1,0.8333,1547.3821704480038,129
105671,Clay,53,24,29,0.4528,1568.5538043797721,237
105671,Hard,28,4,24,0.1429,1392.9524637228628,3513
105671,Grass,3,0,3,0.0,1464.3637570216529,1399
105671,Carpet,1,1,0,1.0,1512.0,296
105676,Hard,413,233,180,0.5642,1548.4989563536196,355
105676,Clay,168,98,70,0.5833,1594.7385389811825,162
105676,Grass,58,30,28,0.5172,1558.4820755514997,156
105677,Clay,2,1,1,0.5,1505.0677032608683,883
105678,Clay,2,1,1,0.5,1503.9846485082112,909
105679,Hard,2,0,2,0.0,1475.7437744365293,2705
105679,Clay,1,0,1,0.0,1489.311027091254,1479
105681,Hard,1,1,0,1.0,1512.0,745
105683,Hard,399,269,130,0.6742,1766.3890783878614,26
105683,Clay,104,65,39,0.625,1750.7298141854926,22
105683,Grass,81,54,27,0.6667,1697.924909286242,27
105688,Clay,8,3,5,0.375,1476.9223709785776,2263
105688,Hard,4,3,1,0.75,1524.3539577474032,526
105691,Hard,1,0,1,0.0,1497.2436056940646,1253
105692,Hard,1,0,1,0.0,1492.3784020761177,1442
105703,Hard,3,0,3,0.0,1469.1685993044791,2876
105707,Hard,12,4,8,0.3333,1467.5827277712315,2915
105707,Clay,1,1,0,1.0,1512.7707131053332,656
105711,Hard,2,0,2,0.0,1482.9687659300891,2337
105714,Hard,2,0,2,0.0,1484.911229590596,2292
105714,Clay,1,1,0,1.0,1512.0,716
105717,Hard,1,0,1,0.0,1487.5927164611353,2047
105717,Carpet,1,0,1,0.0,1491.7184946939199,579
105720,Clay,3,0,3,0.0,1471.9642911646492,2476
105720,Hard,1,0,1,0.0,1489.2921446602045,1669
105723,Hard,91,42,49,0.4615,1574.6496445134835,250
105723,Clay,69,30,39,0.4348,1588.8050569933635,175
105723,Grass,20,7,13,0.35,1467.0763450499253,1358
105730,Hard,3,0,3,0.0,1480.645716805157,2416
105731,Clay,10,1,9,0.1,1424.9680762129522,3004
105731,Hard,6,1,5,0.1667,1470.900416601662,2836
105732,Hard,167,73,94,0.4371,1571.4629483257713,263
105732,Clay,55,21,34,0.3818,1489.3558013389338,1475
105732,Grass,39,19,20,0.4872,1513.6453430963409,350
105733,Hard,17,4,13,0.2353,1474.1090990912626,2772
105733,Clay,6,3,3,0.5,1505.0202295530269,886
105733,Grass,2,0,2,0.0,1481.412682726153,1095
105738,Hard,23,5,18,0.2174,1402.313486001113,3497
105747,Clay,10,3,7,0.3,1458.266836646976,2763
105747,Hard,4,2,2,0.5,1502.0482750629594,1033
105751,Clay,1,0,1,0.0,1490.6102584163402,1390
105757,Clay,5,1,4,0.2,1465.9041385968067,2623
105757,Hard,1,0,1,0.0,1487.6370262895057,2035
105759,Clay,2,0,2,0.0,1478.5133147868203,2186
105773,Hard,1,1,0,1.0,1512.385813624273,708
105775,Hard,1,0,1,0.0,1492.0414699351675,1465
105777,Hard,539,329,210,0.6104,1712.0576775862144,52
105777,Clay,190,109,81,0.5737,1629.3891061557363,102
105777,Grass,94,57,37,0.6064,1649.9776943121665,48
105777,Carpet,2,2,0,1.0,1523.1976664356027,200
105781,Hard,5,1,4,0.2,1468.3184919054509,2896
105781,Clay,1,0,1,0.0,1490.193706576331,1418
105782,Clay,1,0,1,0.0,1493.4906564250361,1245
105783,Hard,2,0,2,0.0,1488.4648245870467,1770
105790,Hard,14,10,4,0.7143,1568.9350889084317,268
105790,Clay,3,0,3,0.0,1467.2484188552348,2589
105790,Grass,2,1,1,0.5,1500.827614673444,498
105798,Hard,2,0,2,0.0,1477.946232682641,2536
105806,Hard,49,23,26,0.4694,1512.9781560296842,694
105806,Clay,20,7,13,0.35,1471.1228411522939,2492
105806,Grass,6,2,4,0.3333,1475.3781362915124,1249
105806,Carpet,3,3,0,1.0,1534.4141545371162,157
105807,Hard,319,174,145,0.5455,1596.6988510176775,190
105807,Clay,230,126,104,0.5478,1637.1781676823257,91
105807,Grass,22,7,15,0.3182,1461.4062762258259,1432
105812,Hard,16,4,12,0.25,1427.4037967289162,3430
105812,Clay,2,1,1,0.5,1501.8052409812417,957
105812,Grass,2,0,2,0.0,1478.7160530980725,1149
105815,Hard,77,30,47,0.3896,1487.8021137834114,1995
105815,Clay,30,9,21,0.3,1449.3215258725108,2861
105815,Grass,16,8,8,0.5,1527.2547021776484,259
105819,Clay,22,6,16,0.2727,1455.11778989834,2798
105819,Hard,14,5,9,0.3571,1507.4430597926107,911
105819,Grass,4,1,3,0.25,1479.5606796344496,1126
105820,Clay,3,3,0,1.0,1534.3881450916026,391
105821,Clay,1,0,1,0.0,1485.961059899282,1945
105826,Hard,2,1,1,0.5,1503.8320963546596,983
105827,Hard,25,9,16,0.36,1449.54208823458,3257
105827,Clay,5,3,2,0.6,1510.9071745294084,760
105827,Carpet,1,1,0,1.0,1511.9953248940249,307
105827,Grass,1,0,1,0.0,1488.5704199066095,795
105830,Clay,5,2,3,0.4,1490.5829054195249,1397
105831,Hard,2,0,2,0.0,1483.374782888713,2330
105831,Clay,2,0,2,0.0,1477.156987907246,2253
105841,Clay,11,3,8,0.2727,1463.0739921004977,2694
105841,Hard,3,0,3,0.0,1481.5495419230137,2382
105841,Grass,1,0,1,0.0,1488.2595964156812,819
105842,Hard,43,18,25,0.4186,1496.0370469878171,1285
105842,Clay,8,3,5,0.375,1475.3489417994858,2394
105842,Grass,2,0,2,0.0,1476.5458878856982,1201
105842,Carpet,1,0,1,0.0,1491.2299278589076,592
105852,Hard,3,0,3,0.0,1464.2890028193221,3016
105853,Hard,7,1,6,0.1429,1456.2374629497183,3155
105853,Clay,2,0,2,0.0,1477.2616512210163,2242
105870,Clay,152,84,68,0.5526,1623.356294863061,115
105870,Hard,72,31,41,0.4306,1597.7286994000851,186
105870,Grass,33,14,19,0.4242,1488.6389781010016,790
105871,Hard,1,0,1,0.0,1490.905610387944,1525
105872,Clay,15,5,10,0.3333,1483.372464867262,2023
105872,Hard,3,0,3,0.0,1464.2675354221544,3017
105874,Hard,11,5,6,0.4545,1522.5717307066438,564
105874,Grass,2,0,2,0.0,1475.9442227621737,1229
105874,Clay,1,0,1,0.0,1489.0875454223403,1500
105877,Hard,35,13,22,0.3714,1492.9541687941494,1412
105877,Clay,19,10,9,0.5263,1508.4195833557947,819
105881,Hard,4,2,2,0.5,1526.7360521398225,500
105881,Clay,2,1,1,0.5,1503.7247633330837,916
105881,Grass,2,1,1,0.5,1504.1624153263497,435
105882,Hard,49,17,32,0.3469,1481.3491528050524,2393
105882,Clay,39,16,23,0.4103,1498.1563646250338,1124
105882,Grass,8,2,6,0.25,1468.6732713657307,1334
105888,Hard,1,0,1,0.0,1492.916361090641,1414
105888,Clay,1,0,1,0.0,1491.1395965754896,1357
105894,Clay,9,1,8,0.1111,1451.5917178770264,2847
105894,Hard,2,0,2,0.0,1493.955166811728,1358
105894,Grass,2,1,1,0.5,1497.3474236781774,564
105899,Clay,18,4,14,0.2222,1427.3604636643304,2991
105899,Hard,6,1,5,0.1667,1459.988981091861,3091
105902,Hard,184,73,111,0.3967,1533.2063858786166,458
105902,Grass,43,15,28,0.3488,1465.3989511237226,1383
105902,Clay,20,4,16,0.2,1417.761901286171,3027
105905,Clay,4,2,2,0.5,1509.8178896371292,794
105905,Hard,1,0,1,0.0,1489.0710582760441,1694
105906,Clay,3,0,3,0.0,1470.1025142543622,2513
105906,Grass,2,1,1,0.5,1498.1530547511466,557
105906,Hard,1,0,1,0.0,1489.2508626480592,1679
105909,Hard,7,1,6,0.1429,1444.477504914579,3306
105909,Carpet,1,1,0,1.0,1512.414643889207,267
105909,Clay,1,0,1,0.0,1487.9435964059412,1759
105911,Clay,2,0,2,0.0,1476.5467604992596,2301
105912,Clay,9,6,3,0.6667,1534.7163208339741,387
105912,Hard,4,2,2,0.5,1501.3354120045524,1063
105916,Hard,243,116,127,0.4774,1572.7748747798173,258
105916,Clay,108,54,54,0.5,1579.1158317469472,194
105916,Grass,49,24,25,0.4898,1571.2487888931773,127
105916,Carpet,4,2,2,0.5,1502.9787531827185,405
105917,Clay,5,1,4,0.2,1480.1126852033694,2127
105930,Hard,3,1,2,0.3333,1493.3173796741237,1392
105932,Hard,218,100,118,0.4587,1541.2824761758216,404
105932,Clay,117,53,64,0.453,1514.492753688625,624
105932,Grass,44,20,24,0.4545,1510.1408622521064,396
105932,Carpet,3,2,1,0.6667,1512.3999911578462,269
105933,Hard,12,4,8,0.3333,1476.052890231464,2681
105933,Clay,8,5,3,0.625,1531.8382581667274,411
105933,Grass,1,0,1,0.0,1485.9880920870373,1036
105934,Hard,3,1,2,0.3333,1492.993067020607,1408
105935,Clay,15,7,8,0.4667,1491.124598450498,1359
105935,Hard,2,1,1,0.5,1500.1272357062157,1126
105936,Hard,168,84,84,0.5,1594.4445638625375,195
105936,Clay,78,36,42,0.4615,1547.9556393053988,308
105936,Grass,11,5,6,0.4545,1521.5654222164464,294
105938,Hard,1,0,1,0.0,1487.6977319847574,2024
105941,Clay,1,0,1,0.0,1490.233778299791,1415
105943,Clay,10,3,7,0.3,1479.7821420492044,2137
105943,Hard,8,0,8,0.0,1443.221953524375,3317
105946,Hard,6,5,1,0.8333,1544.3608692925743,383
105946,Clay,1,1,0,1.0,1513.1567495418199,645
105948,Clay,105,50,55,0.4762,1508.740172329443,814
105948,Hard,33,6,27,0.1818,1389.8836917128974,3514
105948,Grass,6,1,5,0.1667,1459.7104573569738,1437
105952,Clay,46,21,25,0.4565,1522.0099547175294,539
105952,Hard,9,2,7,0.2222,1453.2927241481239,3208
105952,Grass,1,0,1,0.0,1488.0578856147913,832
105954,Clay,6,3,3,0.5,1496.8879950950143,1156
105954,Hard,1,0,1,0.0,1497.856779905547,1235
105960,Hard,7,1,6,0.1429,1469.1056541364364,2877
105961,Hard,10,7,3,0.7,1542.4251296928755,399
105961,Clay,6,2,4,0.3333,1483.9468980902957,2007
105963,Clay,7,2,5,0.2857,1486.4984962282083,1927
105963,Hard,3,1,2,0.3333,1498.933466298806,1199
105967,Hard,69,27,42,0.3913,1482.5708927827059,2348
105967,Clay,54,22,32,0.4074,1512.029654070645,679
105967,Grass,2,0,2,0.0,1476.4040569477345,1210
105985,Hard,44,30,14,0.6818,1618.5415730833668,145
105985,Clay,11,6,5,0.5455,1515.1941029983195,618
105987,Hard,2,0,2,0.0,1478.6928732407985,2498
105992,Hard,200,92,108,0.46,1599.067423855444,183
105992,Clay,42,15,27,0.3571,1484.9611901117928,1974
105992,Grass,37,13,24,0.3514,1433.037373661507,1588
105999,Hard,1,0,1,0.0,1488.2857038719635,1809
106000,Hard,214,92,122,0.4299,1456.144964337684,3157
106000,Clay,135,67,68,0.4963,1572.121714656071,225
106000,Grass,28,14,14,0.5,1497.9172646910188,559
106000,Carpet,2,1,1,0.5,1499.2007915207905,492
106005,Hard,48,17,31,0.3542,1462.3726137436963,3058
106005,Clay,7,0,7,0.0,1445.7109859131465,2895
106005,Grass,7,1,6,0.1429,1442.6802367799046,1546
106006,Clay,4,0,4,0.0,1463.0457609271118,2695
106021,Hard,2,2,0,1.0,1523.0323872586052,555
106024,Hard,3,2,1,0.6667,1509.667184114816,865
106024,Clay,3,0,3,0.0,1465.329602621022,2638
106024,Carpet,1,0,1,0.0,1487.557640347467,859
106026,Hard,54,26,28,0.4815,1528.8461431332553,488
106026,Grass,4,1,3,0.25,1486.7278386116186,1016
106026,Clay,3,1,2,0.3333,1488.0966888856435,1647
106031,Hard,1,0,1,0.0,1492.3021467669082,1443
106032,Clay,14,1,13,0.0714,1417.1607279603534,3029
106032,Hard,2,0,2,0.0,1479.6474590540527,2450
106032,Grass,1,0,1,0.0,1492.0301688983193,648
106033,Hard,7,4,3,0.5714,1502.9118541409039,1011
106033,Clay,5,3,2,0.6,1513.8211868307608,635
106034,Hard,36,13,23,0.3611,1499.8402089535075,1156
106034,Grass,3,0,3,0.0,1464.9965652485546,1389
106034,Clay,2,0,2,0.0,1483.2551033320674,2027
106035,Hard,8,1,7,0.125,1452.9742536887425,3216
106035,Clay,1,0,1,0.0,1488.6210958795757,1554
106041,Hard,1,0,1,0.0,1488.0,1957
106043,Hard,234,120,114,0.5128,1565.6929317903487,278
106043,Clay,218,121,97,0.555,1574.7084035097341,214
106043,Grass,26,10,16,0.3846,1483.599868402715,1068
106044,Clay,35,15,20,0.4286,1499.5079368606903,1073
106044,Hard,12,4,8,0.3333,1491.5381941336534,1492
106044,Grass,1,0,1,0.0,1490.784076429124,683
106045,Hard,128,40,88,0.3125,1476.1900855524277,2668
106045,Grass,52,26,26,0.5,1536.936216755595,215
106045,Clay,24,6,18,0.25,1436.0690216848043,2955
106053,Clay,2,1,1,0.5,1506.371940001308,856
106053,Hard,1,0,1,0.0,1490.8287817559462,1532
106057,Hard,1,0,1,0.0,1486.377443632758,2234
106058,Hard,246,132,114,0.5366,1574.8788338343077,249
106058,Clay,59,33,26,0.5593,1603.6209824628497,144
106058,Grass,31,17,14,0.5484,1543.5316114525058,191
106065,Clay,150,72,78,0.48,1575.2129033916644,210
106065,Hard,57,13,44,0.2281,1402.5424134838338,3496
106065,Grass,12,2,10,0.1667,1423.9597504084559,1615
106066,Hard,1,0,1,0.0,1494.1410640246786,1345
106071,Hard,250,135,115,0.54,1594.3086754941005,196
106071,Grass,78,42,36,0.5385,1575.8449764298475,121
106071,Clay,67,22,45,0.3284,1425.437631407175,3001
106072,Clay,6,2,4,0.3333,1484.2523927844131,1998
106072,Hard,3,0,3,0.0,1468.9677560884745,2882
106074,Hard,1,0,1,0.0,1492.9704077970114,1409
106075,Clay,50,19,31,0.38,1527.172098903487,453
106075,Hard,29,9,20,0.3103,1446.7549615721261,3282
106075,Grass,3,0,3,0.0,1470.0105245260188,1316
106077,Hard,4,0,4,0.0,1454.8108813190984,3182
106078,Hard,95,51,44,0.5368,1547.3584269396988,361
106078,Clay,20,9,11,0.45,1510.5269969555272,777
106078,Grass,4,2,2,0.5,1508.6016109983675,403
106085,Hard,1,1,0,1.0,1512.3289209536447,712
106085,Clay,1,0,1,0.0,1488.0,1739
106090,Clay,1,0,1,0.0,1487.8033474527163,1785
106090,Grass,1,0,1,0.0,1487.674152768006,912
106093,Hard,5,0,5,0.0,1457.1640643645712,3135
106099,Hard,32,11,21,0.3438,1488.347958525943,1805
106099,Clay,27,8,19,0.2963,1448.3859949008165,2869
106099,Grass,4,0,4,0.0,1468.1854507673474,1342
106100,Hard,6,2,4,0.3333,1482.3031342585439,2359
106100,Clay,3,0,3,0.0,1468.0108462558253,2567
106105,Clay,12,1,11,0.0833,1435.7837132179325,2957
106105,Hard,3,0,3,0.0,1465.3828525913523,2973
106106,Carpet,3,1,2,0.3333,1488.793626591644,672
106106,Hard,2,0,2,0.0,1474.392361925724,2764
106106,Clay,2,0,2,0.0,1481.7132989434756,2069
106109,Hard,46,19,27,0.413,1521.0536700482141,590
106109,Grass,20,6,14,0.3,1434.4475609356514,1584
106109,Clay,5,2,3,0.4,1492.9566942422864,1265
106110,Clay,7,1,6,0.1429,1460.4736872674623,2731
106110,Hard,3,1,2,0.3333,1503.1376873488773,1005
106110,Grass,1,0,1,0.0,1487.262608952248,966
106120,Hard,3,2,1,0.6667,1519.5977919610502,608
106120,Clay,3,1,2,0.3333,1499.1768759459753,1087
106121,Hard,157,60,97,0.3822,1503.3076548263457,999
106121,Clay,99,44,55,0.4444,1526.5826847765559,455
106121,Grass,10,0,10,0.0,1408.895586611598,1635
106136,Hard,6,2,4,0.3333,1472.5073214130753,2810
106137,Clay,5,2,3,0.4,1499.712062611993,1051
106137,Hard,3,1,2,0.3333,1499.2297033832876,1187
106137,Grass,1,0,1,0.0,1490.9205307853763,679
106138,Hard,6,3,3,0.5,1498.2743614563133,1220
106138,Clay,1,0,1,0.0,1487.4931717899374,1844
106148,Clay,185,91,94,0.4919,1559.2149400890787,269
106148,Hard,99,37,62,0.3737,1515.5050236596646,652
106148,Grass,20,5,15,0.25,1439.1312701493475,1567
106150,Hard,8,2,6,0.25,1450.9241657460316,3241
106150,Clay,8,4,4,0.5,1503.338507742239,924
106158,Hard,9,4,5,0.4444,1492.388728831917,1441
106162,Clay,5,3,2,0.6,1531.461116086984,418
106165,Clay,1,0,1,0.0,1488.8436469716414,1519
106167,Hard,5,1,4,0.2,1476.4764424821635,2642
106167,Clay,1,0,1,0.0,1492.1998896911687,1305
106169,Hard,2,1,1,0.5,1504.4841831133035,972
106169,Clay,1,0,1,0.0,1495.6312177037537,1188
106174,Clay,11,7,4,0.6364,1529.3162771388522,437
106174,Hard,4,1,3,0.25,1476.9589435619596,2602
106175,Hard,25,18,7,0.72,1582.3604244740147,227
106175,Clay,8,4,4,0.5,1506.813754326547,844
106177,Clay,3,1,2,0.3333,1496.3080472901179,1169
106180,Hard,1,0,1,0.0,1488.5325988265179,1758
106184,Hard,1,0,1,0.0,1487.9668321673307,1973
106184,Grass,1,0,1,0.0,1487.5294500299308,949
106186,Hard,36,14,22,0.3889,1510.9095263607928,827
106186,Clay,15,8,7,0.5333,1536.0778508525748,376
106186,Grass,13,7,6,0.5385,1520.1009415076646,310
106187,Hard,3,1,2,0.3333,1495.3325298060568,1310
106187,Clay,2,1,1,0.5,1504.858679151609,891
106194,Hard,1,1,0,1.0,1511.5760729920685,799
106198,Clay,94,39,55,0.4149,1487.137114505,1877
106198,Hard,28,6,22,0.2143,1418.6787624281437,3458
106198,Grass,5,0,5,0.0,1446.5565182946498,1526
106199,Hard,1,0,1,0.0,1487.3551043450807,2105
106201,Hard,8,4,4,0.5,1493.057136967113,1399
106201,Carpet,3,0,3,0.0,1464.7947255344388,1218
106201,Clay,3,2,1,0.6667,1512.100851083507,675
106203,Clay,1,0,1,0.0,1490.8518440154392,1375
106207,Clay,6,1,5,0.1667,1474.7539361676372,2417
106207,Grass,6,2,4,0.3333,1479.4356695411686,1128
106207,Hard,2,0,2,0.0,1479.5889210326525,2453
106210,Hard,151,61,90,0.404,1543.4985860686577,388
106210,Clay,123,58,65,0.4715,1518.5444400007248,571
106210,Grass,41,24,17,0.5854,1569.1216538776519,131
106214,Hard,47,15,32,0.3191,1463.344551167721,3041
106214,Clay,21,9,12,0.4286,1509.0977043655503,808
106214,Grass,18,10,8,0.5556,1529.8748644145955,244
106216,Hard,40,14,26,0.35,1500.3718099698144,1116
106216,Clay,16,5,11,0.3125,1486.8378652765507,1902
106216,Grass,6,3,3,0.5,1504.0926818738699,437
106218,Hard,232,111,121,0.4784,1546.3340229037844,369
106218,Clay,58,20,38,0.3448,1468.451463133041,2558
106218,Grass,56,27,29,0.4821,1544.3081968180436,189
106220,Hard,28,12,16,0.4286,1478.3017607212314,2516
106220,Clay,9,5,4,0.5556,1507.738076219154,830
106220,Carpet,1,1,0,1.0,1512.0,304
106223,Hard,7,1,6,0.1429,1454.1194023583291,3194
106223,Clay,2,1,1,0.5,1504.7738585801835,894
106225,Hard,4,2,2,0.5,1513.1512775467725,690
106225,Grass,1,0,1,0.0,1488.0,871
106227,Hard,7,2,5,0.2857,1467.9605093501198,2908
106227,Grass,1,1,0,1.0,1512.0,373
106228,Clay,62,30,32,0.4839,1524.616454188878,484
106228,Hard,19,4,15,0.2105,1453.0265305044602,3215
106228,Grass,4,1,3,0.25,1477.7949758596903,1164
106232,Hard,12,6,6,0.5,1500.7806755287565,1093
106232,Clay,7,1,6,0.1429,1451.8899384502465,2839
106233,Hard,292,169,123,0.5788,1664.7126047105896,82
106233,Clay,241,165,76,0.6846,1622.8547583480906,117
106233,Grass,33,15,18,0.4545,1513.8823121156336,346
106234,Hard,110,53,57,0.4818,1557.5171065316927,307
106234,Clay,45,22,23,0.4889,1535.3945351256793,382
106234,Grass,12,4,8,0.3333,1475.8352258392138,1231
106237,Hard,3,2,1,0.6667,1510.6866891739407,833
106238,Hard,1,0,1,0.0,1487.8740191432446,1990
106243,Clay,11,3,8,0.2727,1470.1470447383927,2512
106243,Hard,4,0,4,0.0,1482.8734254151427,2339
106244,Grass,3,0,3,0.0,1465.208570439065,1386
106246,Clay,3,0,3,0.0,1475.1343987631458,2404
106247,Hard,3,1,2,0.3333,1492.0462729553149,1463
106247,Grass,1,0,1,0.0,1489.2614922469502,753
106249,Clay,14,6,8,0.4286,1506.098580597022,862
106249,Hard,2,1,1,0.5,1503.350548711942,996
106250,Hard,7,3,4,0.4286,1490.329106399234,1575
106250,Clay,3,0,3,0.0,1471.6347622045505,2483
106252,Hard,3,1,2,0.3333,1486.405287350858,2231
106261,Hard,8,2,6,0.25,1470.62229246579,2848
106261,Grass,8,3,5,0.375,1488.8235565085809,775
106262,Clay,1,1,0,1.0,1512.0,715
106264,Clay,1,0,1,0.0,1489.45374641486,1466
106269,Hard,1,0,1,0.0,1489.7095295279385,1628
106277,Hard,4,0,4,0.0,1452.6384599948135,3220
106281,Grass,30,9,21,0.3,1430.9021225304448,1595
106281,Hard,25,11,14,0.44,1535.2370742589912,440
106281,Clay,6,1,5,0.1667,1469.589900976819,2527
106283,Hard,28,9,19,0.3214,1471.4831464334275,2825
106283,Grass,5,1,4,0.2,1472.4974656337872,1296
106283,Clay,3,1,2,0.3333,1499.6214892714163,1061
106288,Clay,4,1,3,0.25,1492.6192501687908,1285
106288,Hard,2,0,2,0.0,1485.6127545294662,2269
106290,Hard,4,1,3,0.25,1493.975176008844,1353
106290,Clay,4,1,3,0.25,1488.8160880990592,1525
106291,Grass,6,2,4,0.3333,1486.6300995680633,1019
106291,Hard,4,0,4,0.0,1462.6619980906453,3050
106292,Clay,1,0,1,0.0,1486.6095080543284,1923
106293,Clay,12,3,9,0.25,1457.6589489024705,2769
106293,Hard,11,1,10,0.0909,1451.9572170835913,3231
106293,Grass,4,1,3,0.25,1486.7444818686108,1015
106296,Hard,61,22,39,0.3607,1487.7451135771637,2010
106296,Clay,28,10,18,0.3571,1481.4822798319692,2075
106296,Grass,13,6,7,0.4615,1502.8651838929436,461
106298,Hard,164,85,79,0.5183,1605.3892276657527,170
106298,Clay,79,39,40,0.4937,1523.5301185066048,508
106298,Grass,36,20,16,0.5556,1576.1845892271463,120
106299,Hard,4,0,4,0.0,1456.9389960127862,3143
106302,Hard,3,1,2,0.3333,1501.23414887513,1065
106309,Hard,6,1,5,0.1667,1458.8028724935014,3108
106310,Clay,7,2,5,0.2857,1477.0785698449263,2255
106310,Hard,4,2,2,0.5,1515.6469590889394,648
106310,Grass,1,0,1,0.0,1490.4900975622406,688
106311,Hard,1,0,1,0.0,1492.0590055784169,1461
106321,Hard,1,0,1,0.0,1491.2910907478392,1506
106324,Hard,2,0,2,0.0,1487.0555338381469,2163
106324,Clay,1,0,1,0.0,1487.3092755804807,1863
106325,Hard,4,0,4,0.0,1456.5811643707577,3152
106328,Hard,9,4,5,0.4444,1511.3980659543124,809
106328,Grass,5,2,3,0.4,1494.3076056653374,601
106328,Clay,1,0,1,0.0,1490.316979457937,1411
106329,Clay,144,67,77,0.4653,1543.4573753754908,337
106329,Hard,83,26,57,0.3133,1464.8217305772312,2998
106329,Grass,9,2,7,0.2222,1455.5654577012535,1473
106331,Hard,139,62,77,0.446,1602.4893769998644,177
106331,Clay,36,12,24,0.3333,1460.695639936433,2729
106331,Grass,16,6,10,0.375,1491.1878381739607,670
106333,Hard,1,0,1,0.0,1488.0,1928
106335,Hard,1,0,1,0.0,1489.8618708307715,1617
106342,Hard,8,2,6,0.25,1457.2839617158554,3132
106342,Clay,5,2,3,0.4,1491.0366928338906,1363
106348,Hard,1,0,1,0.0,1490.984815552037,1519
106350,Clay,1,1,0,1.0,1512.0,705
106353,Clay,5,3,2,0.6,1512.5847961207144,664
106353,Hard,2,0,2,0.0,1484.1886074980437,2309
106361,Clay,9,5,4,0.5556,1522.494320064214,531
106361,Hard,4,0,4,0.0,1465.9391899449147,2958
106361,Grass,2,1,1,0.5,1509.543265582916,397
106362,Hard,5,0,5,0.0,1450.6571331098123,3243
106362,Clay,2,0,2,0.0,1480.4379285706402,2110
106362,Grass,1,0,1,0.0,1487.6269209641962,920
106368,Hard,46,14,32,0.3043,1396.1954214962939,3507
106368,Grass,16,11,5,0.6875,1569.3336168138271,130
106368,Clay,1,0,1,0.0,1490.7999601234908,1377
106374,Hard,1,0,1,0.0,1488.0402598937903,1845
106378,Hard,160,83,77,0.5188,1630.25210107839,125
106378,Clay,56,26,30,0.4643,1555.8745750066441,278
106378,Grass,31,12,19,0.3871,1490.7881836751565,682
106380,Hard,1,0,1,0.0,1491.237533433623,1509
106381,Clay,2,0,2,0.0,1475.6702074331322,2369
106381,Hard,2,1,1,0.5,1500.661626369204,1101
106381,Grass,1,0,1,0.0,1488.2149070867863,821
106387,Hard,1,1,0,1.0,1511.5828339784402,798
106388,Hard,2,0,2,0.0,1480.82284899464,2413
106390,Clay,2,1,1,0.5,1514.2458564497074,631
106391,Hard,2,0,2,0.0,1480.0524395783052,2436
106392,Hard,8,3,5,0.375,1474.3232026785288,2768
106393,Clay,12,3,9,0.25,1471.892455306596,2478
106393,Hard,8,3,5,0.375,1486.3448267604733,2236
106393,Grass,1,0,1,0.0,1487.585699413623,933
106396,Hard,1,0,1,0.0,1488.0,1932
106397,Hard,12,6,6,0.5,1507.8526949281459,900
106397,Clay,9,5,4,0.5556,1512.62804895563,662
106397,Grass,2,1,1,0.5,1501.703082690867,481
106398,Clay,49,20,29,0.4082,1509.5743251362085,798
106398,Hard,21,5,16,0.2381,1434.8124021766523,3387
106398,Grass,2,0,2,0.0,1487.0197683951249,992
106401,Hard,227,145,82,0.6388,1766.4793840917803,25
106401,Grass,63,39,24,0.619,1653.2805478865398,46
106401,Clay,51,29,22,0.5686,1647.889199777335,78
106408,Hard,5,2,3,0.4,1500.303561715338,1118
106408,Clay,5,2,3,0.4,1507.403461861771,834
106410,Clay,5,3,2,0.6,1509.4739348378348,800
106412,Hard,10,1,9,0.1,1432.792596105986,3402
106412,Clay,6,2,4,0.3333,1478.7135483959185,2180
106415,Hard,250,121,129,0.484,1555.3674961876898,320
106415,Clay,49,19,30,0.3878,1525.6417057942244,471
106415,Grass,17,4,13,0.2353,1436.5250868038377,1577
106420,Hard,3,0,3,0.0,1475.320643601332,2733
106420,Clay,2,1,1,0.5,1506.7587963923163,847
106421,Hard,518,383,135,0.7394,1853.740667892255,11
106421,Clay,100,58,42,0.58,1701.791903278757,37
106421,Grass,91,61,30,0.6703,1687.7822549174134,30
106423,Hard,148,67,81,0.4527,1639.910454428699,110
106423,Clay,27,10,17,0.3704,1513.314360301358,641
106423,Grass,14,5,9,0.3571,1495.5461389630825,589
106425,Hard,2,0,2,0.0,1486.0333210213519,2257
106426,Clay,167,96,71,0.5749,1566.278660995381,244
106426,Hard,98,38,60,0.3878,1540.529431942375,409
106426,Grass,21,10,11,0.4762,1525.6273922885796,262
106430,Clay,1,0,1,0.0,1486.833434230497,1903
106432,Hard,277,144,133,0.5199,1546.5923496498713,367
106432,Clay,125,68,57,0.544,1598.088677934986,154
106432,Grass,26,12,14,0.4615,1518.1483419475937,324
106441,Carpet,2,0,2,0.0,1487.7829804744924,820
106442,Hard,6,1,5,0.1667,1458.3297990152791,3116
106458,Hard,4,1,3,0.25,1474.9195823034343,2751
106493,Clay,1,0,1,0.0,1489.7360319454376,1449
106506,Clay,14,1,13,0.0714,1383.2624743152473,3069
106506,Carpet,4,0,4,0.0,1455.191881991661,1286
106506,Hard,2,0,2,0.0,1477.5655938527793,2561
106509,Clay,2,0,2,0.0,1480.4916643068802,2108
106527,Clay,5,4,1,0.8,1526.2117913311324,457
106527,Carpet,2,0,2,0.0,1476.827614673444,1063
106531,Clay,6,2,4,0.3333,1479.9836154272646,2131
106533,Hard,2,1,1,0.5,1499.9002166327161,1153
106535,Clay,7,2,5,0.2857,1470.2344964524211,2510
106536,Clay,12,6,6,0.5,1490.2371286264165,1414
106536,Carpet,5,3,2,0.6,1511.8447251124364,310
106536,Hard,1,1,0,1.0,1513.80914947099,675
106539,Hard,1,0,1,0.0,1491.8626501661763,1475
106576,Clay,9,4,5,0.4444,1488.1665277819232,1642
106576,Hard,5,3,2,0.6,1513.4900417646784,685
106580,Clay,13,8,5,0.6154,1534.507546524552,390
106580,Hard,10,4,6,0.4,1480.6491990422396,2415
106593,Clay,2,0,2,0.0,1476.9059137697184,2264
106615,Clay,8,2,6,0.25,1457.3453111116264,2775
106615,Hard,2,1,1,0.5,1497.9735231969926,1229
106615,Carpet,2,1,1,0.5,1500.0,466
106620,Clay,8,0,8,0.0,1413.9010112949652,3040
106620,Hard,4,2,2,0.5,1501.5630072670026,1051
106650,Grass,1,0,1,0.0,1488.5475027528107,798
106664,Hard,1,1,0,1.0,1511.5265291146504,805
106670,Grass,1,0,1,0.0,1488.0,860
106689,Hard,1,0,1,0.0,1488.0,1871
106695,Hard,14,5,9,0.3571,1470.2733263903342,2855
106695,Clay,4,2,2,0.5,1504.9751830763919,889
106700,Clay,1,0,1,0.0,1486.819867567406,1905
106718,Carpet,1,0,1,0.0,1488.26686783051,711
106718,Clay,1,0,1,0.0,1488.0,1688
106733,Grass,1,0,1,0.0,1486.2308401077155,1030
106741,Clay,2,2,0,1.0,1523.8858020001264,493
106741,Carpet,1,0,1,0.0,1487.653577903716,829
106749,Carpet,1,0,1,0.0,1487.5767940876176,850
106751,Clay,1,0,1,0.0,1489.1999351290533,1491
106764,Grass,1,0,1,0.0,1487.3670405842347,958
106782,Hard,22,12,10,0.5455,1503.2380396085525,1002
106782,Carpet,6,3,3,0.5,1500.9489957081487,439
106782,Clay,4,2,2,0.5,1501.603014013608,961
106811,Hard,2,0,2,0.0,1476.8370757392763,2611
106811,Grass,2,1,1,0.5,1499.1633347873383,542
106816,Hard,1,0,1,0.0,1490.1215180330764,1587
106816,Clay,1,0,1,0.0,1489.4274039713578,1469
106819,Clay,2,0,2,0.0,1476.813372137389,2278
106829,Clay,1,0,1,0.0,1487.46662716727,1847
106843,Clay,1,1,0,1.0,1510.594677007246,774
106870,Clay,5,2,3,0.4,1486.719439533366,1914
106873,Hard,2,0,2,0.0,1478.5137042206297,2508
106874,Hard,2,0,2,0.0,1476.9586089106074,2603
106882,Clay,2,1,1,0.5,1499.8639865848631,1046
106886,Hard,1,1,0,1.0,1512.0,739
106887,Hard,2,1,1,0.5,1496.9512753589331,1265
106906,Clay,1,0,1,0.0,1492.209431448899,1304
106923,Clay,1,0,1,0.0,1487.4047831576318,1854
106929,Carpet,2,1,1,0.5,1499.9878808598667,467
106929,Hard,1,0,1,0.0,1489.2023986327804,1684
106930,Clay,1,0,1,0.0,1488.0,1664
106936,Hard,6,2,4,0.3333,1481.4940259749512,2384
106936,Carpet,1,1,0,1.0,1512.0,275
106937,Clay,1,0,1,0.0,1491.7208490826815,1330
106941,Clay,16,5,11,0.3125,1440.8246512241808,2928
106941,Hard,6,2,4,0.3333,1480.5250722322194,2420
106941,Carpet,4,2,2,0.5,1498.36981822805,503
106967,Clay,1,0,1,0.0,1493.1595777363962,1255
106978,Clay,3,0,3,0.0,1465.9724634291013,2618
106987,Hard,6,2,4,0.3333,1485.0009405745145,2291
106987,Clay,4,2,2,0.5,1501.1354012403847,973
106991,Clay,3,2,1,0.6667,1510.7866377600694,766
106997,Clay,6,0,6,0.0,1436.2045664947168,2954
107020,Clay,2,2,0,1.0,1523.585699413623,500
107022,Clay,2,0,2,0.0,1483.3355910005323,2025
107028,Carpet,1,0,1,0.0,1486.8495446401648,910
107058,Grass,2,1,1,0.5,1498.416401250025,555
107085,Clay,3,2,1,0.6667,1507.9745176381748,825
107085,Hard,2,0,2,0.0,1477.7200397644299,2552
107093,Hard,3,1,2,0.3333,1486.329544079369,2237
107097,Clay,16,10,6,0.625,1544.8648348796273,327
107097,Hard,2,1,1,0.5,1500.0,1145
107098,Hard,18,7,11,0.3889,1464.7547286778736,3000
107098,Clay,7,1,6,0.1429,1456.8168037182434,2777
107101,Clay,5,1,4,0.2,1477.1352544598299,2254
107101,Hard,1,0,1,0.0,1487.5422375690086,2083
107102,Clay,1,0,1,0.0,1487.6606957413583,1800
107117,Hard,8,1,7,0.125,1434.6493128723075,3388
107117,Clay,4,0,4,0.0,1454.0975806286688,2810
107117,Carpet,2,0,2,0.0,1476.8018919128017,1068
107128,Hard,1,0,1,0.0,1489.133300076529,1692
107147,Clay,1,0,1,0.0,1488.0,1663
107149,Carpet,1,0,1,0.0,1490.655167936207,606
107159,Hard,2,1,1,0.5,1501.8625532144788,1039
107170,Clay,2,0,2,0.0,1479.765763281381,2139
107172,Clay,2,1,1,0.5,1506.2691732657095,859
107172,Carpet,1,0,1,0.0,1488.3022042415544,710
107178,Hard,4,0,4,0.0,1456.939586676681,3142
107181,Clay,4,2,2,0.5,1500.0046570791787,1032
107181,Hard,4,4,0,1.0,1545.714744888343,375
107181,Carpet,2,2,0,1.0,1523.172385326556,204
107182,Clay,5,4,1,0.8,1530.7895535399366,426
107182,Hard,4,0,4,0.0,1457.887565893113,3124
107183,Hard,3,0,3,0.0,1465.0526231104466,2985
107183,Carpet,1,0,1,0.0,1488.0,729
107183,Clay,1,0,1,0.0,1487.0193722799577,1884
107185,Hard,2,0,2,0.0,1477.958896666208,2533
107200,Hard,1,0,1,0.0,1488.1465487062023,1826
107201,Carpet,2,0,2,0.0,1478.5966528208605,1010
107201,Grass,2,0,2,0.0,1475.2083441452653,1255
107201,Hard,2,0,2,0.0,1474.8709952339848,2753
107205,Clay,7,4,3,0.5714,1507.335495277487,836
107205,Hard,2,1,1,0.5,1501.4127698739615,1057
107213,Clay,3,0,3,0.0,1464.9416688861154,2650
107213,Hard,2,1,1,0.5,1500.0018410879657,1140
107221,Hard,2,0,2,0.0,1481.3908497794457,2391
107228,Hard,2,0,2,0.0,1478.6724380619569,2500
107228,Clay,2,1,1,0.5,1499.7040665402037,1053
107232,Hard,2,1,1,0.5,1498.8711438693335,1203
107245,Clay,1,0,1,0.0,1487.580200490542,1822
107262,Carpet,1,0,1,0.0,1487.9999559937085,797
107263,Hard,6,4,2,0.6667,1525.7056949987893,508
107263,Carpet,3,2,1,0.6667,1510.8279945932707,338
107263,Clay,2,1,1,0.5,1501.3995261855941,966
107310,Hard,8,1,7,0.125,1442.662965269615,3322
107310,Clay,7,1,6,0.1429,1443.3310074105175,2913
107310,Carpet,3,2,1,0.6667,1510.373224106362,346
107345,Hard,1,0,1,0.0,1487.334630983614,2109
107366,Clay,2,0,2,0.0,1481.3628007363143,2081
107374,Hard,1,0,1,0.0,1486.8544062819037,2194
107375,Hard,1,0,1,0.0,1486.6248788986056,2216
107382,Hard,11,3,8,0.2727,1451.5204813979292,3237
107382,Clay,4,1,3,0.25,1478.5076500540333,2187
107388,Hard,2,0,2,0.0,1473.0597064692845,2799
107460,Clay,1,0,1,0.0,1487.0292503766589,1882
107468,Clay,8,5,3,0.625,1517.8219824234031,579
107468,Hard,4,0,4,0.0,1457.426020145075,3130
107473,Clay,2,1,1,0.5,1500.0285847440816,1029
107478,Carpet,2,0,2,0.0,1478.3031459782358,1017
107480,Carpet,7,2,5,0.2857,1470.1257913074687,1168
107480,Clay,5,2,3,0.4,1492.4902304185766,1294
107481,Hard,7,1,6,0.1429,1441.5771355653524,3335
107481,Carpet,2,0,2,0.0,1476.0166228958851,1095
107481,Clay,2,0,2,0.0,1478.982007976898,2169
107484,Hard,2,0,2,0.0,1479.1378621621955,2475
107485,Clay,6,3,3,0.5,1500.8668315921032,983
107485,Carpet,4,1,3,0.25,1476.7360881837928,1070
107497,Hard,1,0,1,0.0,1488.2552318539733,1813
107511,Hard,2,1,1,0.5,1501.413906977272,1055
107516,Hard,1,1,0,1.0,1511.5585824612335,801
107524,Carpet,2,0,2,0.0,1476.827614673444,1062
107524,Hard,1,0,1,0.0,1490.7960642751614,1535
107527,Carpet,2,1,1,0.5,1501.8405327159521,424
107534,Clay,5,2,3,0.4,1491.43684525403,1342
107534,Hard,2,0,2,0.0,1477.8625757153065,2544
107537,Clay,2,0,2,0.0,1477.1858905160395,2246
107552,Hard,9,0,9,0.0,1408.6735755375405,3479
107552,Clay,5,2,3,0.4,1501.3705240952381,968
107560,Clay,5,2,3,0.4,1488.5250385554032,1566
107560,Hard,2,1,1,0.5,1500.7175775361968,1098
107582,Clay,1,0,1,0.0,1490.0388244171202,1427
107586,Hard,6,3,3,0.5,1501.8103975763522,1044
107590,Clay,1,0,1,0.0,1488.0,1667
107607,Clay,1,0,1,0.0,1497.3911122389625,1144
107617,Clay,2,1,1,0.5,1504.1087771145449,904
107618,Hard,1,0,1,0.0,1488.0418151725498,1843
107629,Clay,4,3,1,0.75,1522.8168785009116,522
107629,Hard,3,0,3,0.0,1464.8414151828808,2997
107629,Grass,1,1,0,1.0,1512.0,365
107639,Hard,1,0,1,0.0,1488.0,1864
107640,Clay,1,0,1,0.0,1488.8888657433154,1510
107653,Carpet,1,0,1,0.0,1490.4836227437374,608
107662,Clay,2,0,2,0.0,1476.2416935428123,2332
107678,Hard,1,0,1,0.0,1494.1670843490285,1342
107680,Hard,16,10,6,0.625,1537.2373726662815,425
107680,Carpet,6,3,3,0.5,1500.947233578844,440
107680,Clay,2,1,1,0.5,1500.827614673444,985
107680,Grass,2,1,1,0.5,1500.0,523
107688,Carpet,1,0,1,0.0,1488.0,726
107688,Hard,1,0,1,0.0,1486.8552000186216,2193
107689,Hard,4,1,3,0.25,1479.0400182985222,2478
107696,Hard,1,0,1,0.0,1486.4655818760339,2227
107700,Hard,1,0,1,0.0,1488.0,1854
107721,Clay,1,0,1,0.0,1488.2405113197135,1632
107725,Carpet,1,0,1,0.0,1488.50147324497,689
107764,Clay,2,1,1,0.5,1499.1893098140358,1085
107767,Clay,4,1,3,0.25,1475.9664520844888,2352
107778,Hard,3,1,2,0.3333,1489.1279890619876,1693
107798,Clay,4,2,2,0.5,1504.4958864105918,897
107804,Clay,2,1,1,0.5,1499.987103832329,1036
107818,Hard,1,0,1,0.0,1487.1126218035517,2151
107819,Hard,1,0,1,0.0,1488.0,1866
107824,Hard,4,3,1,0.75,1522.7568354971374,562
107824,Clay,1,1,0,1.0,1512.6909229663338,660
107826,Hard,6,3,3,0.5,1505.2950169224248,946
107826,Grass,2,1,1,0.5,1500.0,525
107827,Clay,4,1,3,0.25,1477.1596543573548,2252
107827,Hard,2,2,0,1.0,1522.375916891672,569
107828,Grass,1,0,1,0.0,1487.2011990936194,976
107829,Clay,2,0,2,0.0,1476.0,2347
107833,Clay,6,6,0,1.0,1563.2057028023269,254
107833,Hard,4,1,3,0.25,1477.8989664965602,2539
107833,Carpet,2,2,0,1.0,1523.172385326556,203
107837,Clay,2,1,1,0.5,1500.414300586377,1004
107838,Clay,1,0,1,0.0,1488.0,1675
107845,Clay,7,2,5,0.2857,1478.0547764806047,2201
107845,Hard,2,2,0,1.0,1523.172385326556,549
107861,Clay,2,1,1,0.5,1503.911939474691,911
107870,Clay,1,0,1,0.0,1488.0,1691
107884,Clay,2,0,2,0.0,1484.4860119646492,1991
107894,Clay,2,0,2,0.0,1476.9714376387346,2259
107895,Clay,2,0,2,0.0,1476.269561376855,2330
107897,Hard,7,6,1,0.8571,1553.8460051173363,328
107897,Clay,2,0,2,0.0,1476.6246797958875,2296
107918,Hard,5,1,4,0.2,1464.0389375290817,3024
107928,Hard,2,1,1,0.5,1499.0273859803522,1197
107929,Clay,2,0,2,0.0,1474.9712282976861,2412
107929,Hard,1,0,1,0.0,1488.370581216927,1801
107940,Clay,1,0,1,0.0,1487.780158211018,1788
107960,Clay,4,3,1,0.75,1520.2787530415003,556
107960,Grass,2,0,2,0.0,1476.827614673444,1193
107960,Carpet,2,0,2,0.0,1477.4327069722187,1039
107979,Carpet,1,0,1,0.0,1488.7154821538672,677
107991,Clay,1,0,1,0.0,1488.0,1684
108002,Carpet,1,0,1,0.0,1486.5743892306946,918
108007,Clay,8,4,4,0.5,1508.5547557027571,817
108008,Hard,3,0,3,0.0,1466.7464441223697,2935
108018,Carpet,1,0,1,0.0,1488.0,735
108043,Carpet,3,1,2,0.3333,1493.0993246450366,555
108043,Clay,1,0,1,0.0,1489.8381583285034,1438
108043,Grass,1,0,1,0.0,1490.9227181423157,678
108055,Clay,3,1,2,0.3333,1490.6727749625677,1387
108055,Hard,1,1,0,1.0,1511.585699413623,792
108056,Clay,6,4,2,0.6667,1521.0598332062166,550
108056,Hard,4,3,1,0.75,1523.1555813892535,552
108060,Carpet,1,0,1,0.0,1487.2712836474936,879
108123,Carpet,1,0,1,0.0,1489.103238360387,657
108136,Carpet,1,0,1,0.0,1494.7830220961728,534
108147,Carpet,1,0,1,0.0,1488.0,744
108159,Clay,1,0,1,0.0,1488.414300586377,1585
108161,Hard,6,3,3,0.5,1502.551799439103,1021
108161,Clay,4,1,3,0.25,1478.0284950333162,2205
108161,Carpet,4,2,2,0.5,1500.3179081306776,460
108177,Clay,1,0,1,0.0,1487.585699413623,1815
108179,Carpet,2,0,2,0.0,1477.5707993043914,1035
108182,Clay,11,1,10,0.0909,1415.8403094029732,3033
108182,Hard,2,0,2,0.0,1477.1255984271008,2590
108189,Clay,5,3,2,0.6,1514.9411883304906,621
108195,Hard,1,0,1,0.0,1490.572618450546,1551
108214,Hard,1,0,1,0.0,1492.620473053525,1428
108214,Grass,1,0,1,0.0,1488.0,862
108227,Clay,1,0,1,0.0,1487.539767029679,1834
108227,Carpet,1,0,1,0.0,1488.1843038047894,715
108228,Carpet,1,0,1,0.0,1488.0,736
108229,Hard,1,0,1,0.0,1488.0,1884
108235,Carpet,1,0,1,0.0,1488.0,746
108243,Clay,2,1,1,0.5,1507.0366771074173,840
108247,Hard,1,0,1,0.0,1487.6856820765086,2028
108256,Hard,1,0,1,0.0,1487.742387605671,2012
108257,Hard,2,0,2,0.0,1476.0344439613034,2683
108263,Clay,1,0,1,0.0,1490.988148683512,1365
108265,Hard,1,0,1,0.0,1489.910226548218,1612
108277,Carpet,5,1,4,0.2,1471.0426295566554,1162
108277,Clay,1,0,1,0.0,1493.2845973105975,1250
108293,Clay,1,0,1,0.0,1488.0,1680
108295,Hard,1,0,1,0.0,1487.5425345463948,2082
108297,Hard,1,0,1,0.0,1489.2672223275804,1675
108321,Hard,1,0,1,0.0,1492.9997294666625,1405
108323,Clay,3,1,2,0.3333,1486.673635997043,1917
108323,Hard,2,0,2,0.0,1475.2484527386155,2736
108332,Clay,7,5,2,0.7143,1531.4724908580674,417
108332,Hard,5,1,4,0.2,1469.0847384681842,2878
108332,Carpet,4,0,4,0.0,1456.4411369676275,1275
108344,Hard,3,1,2,0.3333,1487.904109240732,1984
108344,Carpet,1,0,1,0.0,1489.0259985674334,661
108351,Hard,1,0,1,0.0,1487.5484119408327,2078
108352,Hard,1,0,1,0.0,1489.0106417881202,1700
108354,Clay,1,0,1,0.0,1494.6645927143868,1210
108355,Carpet,1,1,0,1.0,1512.0,278
108356,Clay,6,4,2,0.6667,1522.3149931251353,536
108367,Hard,1,0,1,0.0,1487.7257941755995,2016
108368,Hard,1,0,1,0.0,1486.9893306282015,2179
108369,Carpet,1,0,1,0.0,1488.3598915558146,706
108372,Carpet,1,0,1,0.0,1487.6194949038406,835
108373,Hard,8,2,6,0.25,1456.7641325197874,3149
108373,Clay,4,0,4,0.0,1456.4484693503268,2781
108378,Clay,5,1,4,0.2,1463.5236450718853,2683
108381,Carpet,1,0,1,0.0,1489.5142900398178,638
108390,Carpet,3,1,2,0.3333,1487.401813232126,871
108390,Grass,2,1,1,0.5,1498.6233973425426,552
108427,Hard,2,1,1,0.5,1500.7223922384806,1096
108427,Clay,2,1,1,0.5,1499.9634563221452,1042
108427,Carpet,1,0,1,0.0,1487.75600049373,822
108429,Hard,1,0,1,0.0,1492.5790217057565,1431
108431,Clay,4,1,3,0.25,1477.94082256324,2211
108443,Hard,1,0,1,0.0,1489.3661385087455,1660
108443,Carpet,1,0,1,0.0,1488.0,751
108468,Hard,1,0,1,0.0,1488.111040017613,1831
108469,Hard,6,4,2,0.6667,1520.9018592458249,592
108469,Clay,4,1,3,0.25,1475.9985072028978,2350
108469,Carpet,1,0,1,0.0,1490.8491931551625,597
108487,Clay,6,2,4,0.3333,1475.7748769340615,2364
108500,Grass,1,0,1,0.0,1487.7736322331436,904
108500,Carpet,1,0,1,0.0,1492.341964113945,564
108520,Carpet,1,0,1,0.0,1487.5714076300158,855
108528,Clay,1,0,1,0.0,1488.4023484455056,1597
108532,Hard,38,28,10,0.7368,1643.88712883763,103
108532,Clay,7,3,4,0.4286,1492.427606280919,1297
108548,Clay,2,1,1,0.5,1499.3533112438859,1077
108548,Hard,2,0,2,0.0,1476.827614673444,2616
108552,Clay,11,0,11,0.0,1391.1610085041777,3066
108552,Carpet,4,0,4,0.0,1455.191881991661,1287
108565,Hard,3,0,3,0.0,1465.6676147421317,2964
108571,Hard,1,0,1,0.0,1487.0440396352456,2167
108577,Clay,2,1,1,0.5,1499.172385326556,1089
108577,Hard,1,0,1,0.0,1488.81899361666,1722
108582,Hard,10,6,4,0.6,1513.6191892836782,682
108582,Clay,2,0,2,0.0,1482.772497788484,2040
108583,Hard,8,4,4,0.5,1500.8069444164275,1090
108583,Clay,2,0,2,0.0,1475.709411161163,2367
108584,Hard,2,0,2,0.0,1476.9391782002908,2606
108585,Clay,8,2,6,0.25,1469.80057906158,2518
108585,Hard,7,5,2,0.7143,1535.0281696727413,441
108586,Clay,1,0,1,0.0,1488.0,1699
108587,Hard,2,0,2,0.0,1475.563450275005,2719
108588,Hard,9,3,6,0.3333,1463.9867942051765,3026
108588,Clay,4,3,1,0.75,1520.4047698767235,553
108588,Grass,1,0,1,0.0,1488.0,866
108589,Hard,1,0,1,0.0,1487.383716736871,2099
108590,Hard,1,0,1,0.0,1487.6898798230147,2026
108591,Hard,5,0,5,0.0,1444.6550243539625,3305
108591,Clay,1,0,1,0.0,1488.8398946721259,1520
108592,Hard,6,1,5,0.1667,1453.6842067866144,3201
108593,Hard,18,10,8,0.5556,1527.0584175147003,497
108594,Clay,21,10,11,0.4762,1482.5150756713622,2046
108594,Hard,7,3,4,0.4286,1486.5872223257566,2218
108594,Carpet,1,0,1,0.0,1487.9901768861143,800
108595,Clay,10,5,5,0.5,1501.1955087361137,971
108595,Hard,8,5,3,0.625,1523.1069673051888,554
108596,Clay,11,5,6,0.4545,1489.8379930012263,1439
108596,Hard,10,4,6,0.4,1480.873574423763,2409
108597,Clay,6,2,4,0.3333,1478.3054031109,2193
108597,Hard,1,0,1,0.0,1487.2077943848801,2134
108598,Clay,2,0,2,0.0,1475.2294863354452,2398
108598,Hard,1,0,1,0.0,1486.934727153272,2185
108599,Carpet,2,0,2,0.0,1476.8299723423074,1057
108599,Clay,2,0,2,0.0,1475.7127592289976,2365
108599,Hard,1,0,1,0.0,1489.032576830311,1699
108600,Clay,1,0,1,0.0,1488.414300586377,1586
108600,Hard,1,1,0,1.0,1512.0,735
108601,Hard,1,0,1,0.0,1488.0,1888
108601,Clay,1,1,0,1.0,1512.0,688
108602,Carpet,5,2,3,0.4,1489.9407015488214,619
108602,Clay,1,0,1,0.0,1490.3201345656248,1410
108602,Hard,1,0,1,0.0,1490.6162779833508,1546
108604,Clay,4,2,2,0.5,1503.2253400046247,928
108604,Carpet,2,0,2,0.0,1476.4901299487751,1075
108604,Hard,1,0,1,0.0,1488.055797342993,1841
108605,Carpet,4,1,3,0.25,1478.1066691616247,1022
108605,Clay,1,0,1,0.0,1488.0,1701
108606,Carpet,1,1,0,1.0,1512.0,281
108606,Hard,1,0,1,0.0,1487.8775217716357,1988
108607,Carpet,5,3,2,0.6,1511.2316300850566,329
108607,Hard,1,1,0,1.0,1512.0,733
108608,Carpet,1,0,1,0.0,1488.0,758
108609,Hard,1,0,1,0.0,1487.2032628816175,2137
108610,Clay,3,0,3,0.0,1465.4959513869014,2635
108610,Hard,3,0,3,0.0,1465.227672723766,2980
108610,Carpet,1,1,0,1.0,1512.0,282
108611,Carpet,1,0,1,0.0,1488.0,760
108612,Clay,2,0,2,0.0,1476.0402764363737,2340
108612,Carpet,1,1,0,1.0,1512.0,283
108612,Hard,1,0,1,0.0,1488.0,1896
108613,Carpet,1,0,1,0.0,1488.0,762
108614,Clay,4,0,4,0.0,1467.9360651100603,2570
108614,Hard,3,0,3,0.0,1462.6571008312385,3051
108615,Clay,18,7,11,0.3889,1470.1900431536774,2511
108615,Hard,5,2,3,0.4,1487.094900496731,2156
108616,Hard,1,0,1,0.0,1487.5985350804558,2044
108617,Hard,5,2,3,0.4,1488.816456467974,1724
108618,Hard,14,1,13,0.0714,1382.8752137902259,3517
108618,Clay,9,2,7,0.2222,1447.4452047287448,2879
108619,Hard,1,1,0,1.0,1510.2702245469545,847
108620,Hard,6,0,6,0.0,1439.2963772704024,3352
108621,Clay,4,1,3,0.25,1475.855202710638,2356
108621,Hard,3,0,3,0.0,1463.9846869876267,3027
108622,Hard,3,1,2,0.3333,1488.9042969833074,1710
108623,Hard,3,1,2,0.3333,1487.2387384828087,2127
108624,Hard,5,1,4,0.2,1463.2958220830537,3044
108625,Hard,3,0,3,0.0,1464.844250389996,2996
108626,Carpet,1,0,1,0.0,1487.6445508561064,831
108627,Clay,1,0,1,0.0,1488.3322245437068,1618
108627,Carpet,1,0,1,0.0,1487.6171025343078,836
108628,Hard,15,6,9,0.4,1463.631444807012,3034
108628,Clay,4,2,2,0.5,1507.056881672388,839
108629,Hard,2,0,2,0.0,1476.4145218796996,2646
108630,Hard,1,0,1,0.0,1487.5942225455092,2046
108631,Hard,1,1,0,1.0,1511.1729775295335,817
108631,Grass,1,0,1,0.0,1488.0027054629768,842
108632,Clay,2,0,2,0.0,1480.2976648157226,2118
108632,Hard,1,0,1,0.0,1487.5759663690137,2064
108633,Clay,1,0,1,0.0,1487.9537645597966,1758
108634,Hard,2,0,2,0.0,1476.744898795425,2629
108634,Clay,1,0,1,0.0,1491.8147688982042,1326
108635,Clay,1,0,1,0.0,1486.512243801234,1926
108636,Hard,1,0,1,0.0,1487.5946527306733,2045
108637,Hard,5,2,3,0.4,1494.1161429153442,1346
108638,Hard,1,0,1,0.0,1488.0,1889
108639,Hard,1,0,1,0.0,1488.0,1890
108640,Hard,2,1,1,0.5,1500.2076051673841,1122
108640,Clay,1,1,0,1.0,1511.9247024598499,724
108641,Clay,2,0,2,0.0,1476.6393247249207,2294
108641,Hard,1,0,1,0.0,1487.7829272346678,1999
108642,Clay,1,0,1,0.0,1488.3038225157845,1621
108643,Clay,1,0,1,0.0,1488.0,1705
108644,Hard,10,3,7,0.3,1459.795123460553,3093
108644,Clay,6,4,2,0.6667,1523.724426494966,497
108644,Carpet,1,1,0,1.0,1512.0,290
108645,Hard,3,1,2,0.3333,1487.5244565991852,2086
108645,Clay,2,0,2,0.0,1474.7308571995732,2419
108646,Clay,5,1,4,0.2,1465.276096566197,2639
108646,Hard,3,0,3,0.0,1465.6629572739105,2965
108647,Hard,2,2,0,1.0,1523.2719370364796,546
108647,Clay,2,1,1,0.5,1499.9724354018188,1038
108647,Carpet,1,0,1,0.0,1488.0,768
108648,Hard,1,1,0,1.0,1512.0,734
108649,Hard,1,0,1,0.0,1488.3995181721364,1793
108650,Clay,1,0,1,0.0,1488.0,1704
108650,Carpet,1,0,1,0.0,1488.0,766
108651,Hard,10,4,6,0.4,1478.180293684542,2523
108651,Clay,3,0,3,0.0,1465.5316144755357,2634
108652,Hard,3,0,3,0.0,1464.8479514600822,2995
108653,Hard,2,0,2,0.0,1476.578771675491,2638
108654,Hard,1,0,1,0.0,1488.0,1891
108655,Hard,2,0,2,0.0,1478.2610541490424,2517
108656,Grass,1,1,0,1.0,1512.0,367
108657,Carpet,3,1,2,0.3333,1490.3532801478689,611
108657,Clay,2,0,2,0.0,1482.1457646044091,2057
108657,Hard,2,0,2,0.0,1486.1648844343363,2248
108658,Hard,1,1,0,1.0,1511.5915761033407,791
108659,Hard,2,0,2,0.0,1480.3068671162298,2426
108660,Hard,1,0,1,0.0,1489.1764555087311,1688
108660,Carpet,1,0,1,0.0,1487.585699413623,845
108661,Clay,3,0,3,0.0,1465.995727467756,2617
108662,Hard,1,0,1,0.0,1487.2502986957568,2126
108662,Clay,1,0,1,0.0,1487.8874788499163,1770
108663,Clay,4,0,4,0.0,1454.0525280810446,2811
108663,Hard,1,0,1,0.0,1488.0,1887
108664,Clay,1,1,0,1.0,1512.0,692
108665,Clay,1,0,1,0.0,1488.414300586377,1589
108666,Hard,1,0,1,0.0,1488.0,1894
108667,Hard,1,1,0,1.0,1511.585699413623,793
108667,Clay,1,0,1,0.0,1488.414300586377,1590
108669,Clay,1,0,1,0.0,1488.0,1689
108670,Hard,2,0,2,0.0,1476.0559198072126,2680
108670,Carpet,1,0,1,0.0,1488.0,754
108671,Carpet,1,0,1,0.0,1488.0,755
108672,Clay,2,2,0,1.0,1523.185691787672,513
108672,Carpet,1,0,1,0.0,1488.0,769
108673,Carpet,1,0,1,0.0,1488.414300586377,697
108674,Hard,2,1,1,0.5,1501.4080495590076,1058
108674,Clay,2,0,2,0.0,1479.0710103862684,2164
108675,Clay,3,0,3,0.0,1465.5503542500967,2633
108675,Hard,2,1,1,0.5,1500.5727371200878,1103
108676,Clay,1,0,1,0.0,1488.0,1707
108677,Hard,2,0,2,0.0,1477.7974419853776,2548
108678,Hard,3,1,2,0.3333,1487.7976176651352,1996
108679,Clay,2,1,1,0.5,1499.613297862721,1064
108679,Hard,1,1,0,1.0,1512.0,736
108680,Hard,2,1,1,0.5,1501.2008490419153,1066
108680,Clay,1,0,1,0.0,1487.9856843994455,1754
108681,Carpet,1,0,1,0.0,1487.599290930831,840
108682,Hard,1,0,1,0.0,1488.0,1895
108682,Grass,1,1,0,1.0,1512.0,369
108683,Carpet,2,0,2,0.0,1475.6142524335135,1108
108684,Clay,1,0,1,0.0,1485.820604702866,1952
108685,Hard,3,1,2,0.3333,1489.2571153839406,1677
108687,Hard,1,0,1,0.0,1486.8066090755929,2200
108687,Clay,1,0,1,0.0,1488.0,1724
108688,Hard,6,3,3,0.5,1493.3586415626808,1389
108688,Clay,2,2,0,1.0,1524.0149380229307,490
108689,Hard,2,0,2,0.0,1475.9990599641478,2693
108690,Hard,3,0,3,0.0,1466.0419773982549,2954
108691,Hard,6,1,5,0.1667,1452.0860836332618,3228
108692,Hard,8,2,6,0.25,1453.7607427001687,3199
108693,Hard,4,3,1,0.75,1523.392057131915,544
108694,Hard,1,0,1,0.0,1488.0,1913
108695,Hard,2,0,2,0.0,1477.396055760686,2567
108696,Hard,2,0,2,0.0,1475.572651683401,2718
108696,Clay,1,0,1,0.0,1493.1297048483618,1257
108697,Hard,1,0,1,0.0,1488.0,1914
108697,Carpet,1,0,1,0.0,1488.3875704819948,702
108698,Clay,1,0,1,0.0,1487.3570993914811,1857
108699,Clay,4,0,4,0.0,1457.3543644581014,2773
108699,Hard,1,0,1,0.0,1488.1053955003056,1832
108700,Clay,1,0,1,0.0,1488.0,1720
108701,Clay,9,6,3,0.6667,1533.2257227343787,398
108701,Hard,2,1,1,0.5,1499.0994181769104,1195
108702,Clay,1,0,1,0.0,1489.5703521333871,1460
108703,Clay,2,0,2,0.0,1477.419630493704,2230
108704,Clay,2,0,2,0.0,1474.5542290155242,2425
108705,Hard,2,0,2,0.0,1475.619358057452,2715
108705,Clay,1,0,1,0.0,1488.0,1721
108705,Carpet,1,0,1,0.0,1488.3857458784044,704
108706,Hard,2,0,2,0.0,1474.757964448391,2757
108707,Hard,1,0,1,0.0,1487.9700169243433,1971
108708,Clay,1,0,1,0.0,1489.9458492879976,1435
108709,Clay,1,0,1,0.0,1488.4112652739245,1593
108710,Hard,1,0,1,0.0,1487.2046921612455,2135
108711,Hard,2,0,2,0.0,1475.3185569813236,2734
108711,Clay,1,0,1,0.0,1487.6139799952914,1808
108712,Clay,1,0,1,0.0,1487.4131688191924,1853
108713,Hard,3,2,1,0.6667,1510.572584328033,837
108713,Clay,2,0,2,0.0,1477.287773689359,2237
108714,Clay,1,0,1,0.0,1488.399907321528,1603
108715,Clay,2,1,1,0.5,1502.0527151701158,948
108716,Clay,1,0,1,0.0,1488.0,1722
108717,Clay,6,4,2,0.6667,1520.438897688932,551
108717,Hard,3,2,1,0.6667,1511.998452275301,771
108717,Carpet,1,0,1,0.0,1489.7597683093356,626
108718,Clay,2,0,2,0.0,1475.5715705658215,2376
108719,Clay,1,0,1,0.0,1486.2974596388672,1936
108720,Clay,2,1,1,0.5,1499.1428218621938,1090
108721,Hard,3,0,3,0.0,1464.4280993369516,3011
108721,Clay,1,0,1,0.0,1491.7115698612172,1331
108721,Carpet,1,0,1,0.0,1488.0,792
108722,Hard,1,0,1,0.0,1488.0,1917
108723,Clay,1,0,1,0.0,1488.3987374075987,1604
108724,Clay,2,0,2,0.0,1476.9225184689108,2262
108725,Clay,1,0,1,0.0,1488.5138021954529,1567
108726,Hard,1,0,1,0.0,1488.40738156423,1788
108727,Hard,1,0,1,0.0,1487.2888273558299,2118
108728,Hard,2,1,1,0.5,1497.9183968063496,1232
108729,Hard,1,0,1,0.0,1487.2963113078376,2116
108730,Carpet,3,0,3,0.0,1465.5796045010024,1208
108731,Carpet,1,0,1,0.0,1487.2223480556586,883
108732,Hard,2,0,2,0.0,1476.827614673444,2617
108732,Clay,2,0,2,0.0,1476.7716625019584,2286
108733,Clay,6,2,4,0.3333,1477.3292537292768,2233
108733,Hard,2,1,1,0.5,1500.827614673444,1088
108734,Hard,1,0,1,0.0,1488.8988069373397,1711
108734,Clay,1,0,1,0.0,1490.4052662984711,1406
108735,Hard,4,0,4,0.0,1453.456844881216,3206
108735,Clay,1,0,1,0.0,1490.0168293701417,1430
108736,Clay,2,0,2,0.0,1476.8332041935985,2269
108737,Clay,1,0,1,0.0,1488.0,1723
108738,Clay,1,0,1,0.0,1487.6442500608405,1801
108739,Hard,9,5,4,0.5556,1510.1397274551805,850
108739,Clay,1,0,1,0.0,1488.077400772047,1649
108740,Hard,8,0,8,0.0,1408.891710355733,3478
108740,Clay,1,0,1,0.0,1488.7927604640415,1531
108741,Hard,3,1,2,0.3333,1489.356944199816,1661
108742,Hard,1,1,0,1.0,1511.1420986662674,819
108743,Clay,2,0,2,0.0,1476.4172417131374,2308
108744,Clay,1,1,0,1.0,1511.5710127147142,739
108745,Hard,1,0,1,0.0,1488.0,1918
108746,Hard,1,1,0,1.0,1509.1057956980674,879
108747,Clay,9,3,6,0.3333,1466.047849411403,2615
108747,Hard,4,0,4,0.0,1454.4486195466664,3190
108748,Hard,7,3,4,0.4286,1486.9995345564992,2177
108748,Clay,4,1,3,0.25,1476.848281478117,2267
108748,Carpet,1,0,1,0.0,1487.5811912187644,849
108749,Clay,5,1,4,0.2,1471.4193748984962,2486
108749,Hard,4,0,4,0.0,1456.8466941458055,3146
108750,Clay,1,0,1,0.0,1488.3792063094936,1609
108751,Hard,9,3,6,0.3333,1466.033906913089,2955
108751,Clay,2,0,2,0.0,1477.5365428885466,2222
108752,Hard,6,0,6,0.0,1433.2732445909228,3399
108753,Hard,4,2,2,0.5,1498.688905677319,1207
108753,Clay,1,0,1,0.0,1488.3571639490597,1612
108754,Hard,12,7,5,0.5833,1517.6066291053387,626
108754,Clay,2,1,1,0.5,1500.421955320993,1003
108755,Carpet,2,2,0,1.0,1523.1457935030496,206
108755,Clay,2,0,2,0.0,1481.3801934271698,2080
108756,Hard,6,5,1,0.8333,1542.5259861779814,397
108756,Clay,3,0,3,0.0,1468.8389058435885,2543
108757,Clay,2,0,2,0.0,1477.1986619438865,2245
108757,Hard,2,0,2,0.0,1476.3654157129308,2657
108758,Hard,2,1,1,0.5,1500.7870962695818,1092
108758,Clay,1,0,1,0.0,1488.0,1696
108759,Hard,1,0,1,0.0,1487.1822823358427,2142
108760,Hard,2,0,2,0.0,1479.9873287313587,2438
108761,Hard,5,1,4,0.2,1467.0628728427714,2927
108761,Clay,2,0,2,0.0,1479.2896961945714,2158
108762,Clay,2,0,2,0.0,1474.4492577488809,2429
108762,Hard,1,0,1,0.0,1488.0,1922
108763,Hard,9,0,9,0.0,1408.265500277524,3480
108763,Clay,1,0,1,0.0,1489.83120410207,1440
108764,Hard,3,2,1,0.6667,1512.013798162889,725
108765,Hard,2,0,2,0.0,1476.2000550417654,2667
108766,Hard,5,2,3,0.4,1490.8229427549347,1533
108766,Clay,1,0,1,0.0,1489.1999095352578,1492
108767,Hard,2,1,1,0.5,1500.443682477003,1109
108768,Hard,5,1,4,0.2,1464.6885702831667,3002
108769,Hard,1,0,1,0.0,1488.000493620718,1853
108770,Hard,4,2,2,0.5,1499.105231035997,1194
108771,Hard,1,0,1,0.0,1488.0,1919
108772,Clay,3,0,3,0.0,1464.6240291935044,2663
108772,Hard,1,0,1,0.0,1489.7690410028074,1626
108773,Clay,1,0,1,0.0,1488.4009533193791,1598
108774,Clay,1,0,1,0.0,1488.4457667678228,1575
108775,Hard,1,0,1,0.0,1487.9301675917936,1979
108776,Clay,2,1,1,0.5,1500.9042057840456,980
108777,Hard,1,0,1,0.0,1488.0,1920
108778,Hard,4,0,4,0.0,1457.5714754096546,3127
108779,Clay,2,0,2,0.0,1476.530285855525,2303
108779,Carpet,1,0,1,0.0,1488.102652681439,717
108779,Hard,1,0,1,0.0,1494.6044038430305,1328
108780,Carpet,1,0,1,0.0,1488.513261668582,688
108780,Clay,1,0,1,0.0,1487.1781801344289,1874
108780,Hard,1,1,0,1.0,1511.1697907596083,818
108781,Carpet,1,0,1,0.0,1488.414300586377,698
108781,Clay,1,0,1,0.0,1487.6198688711365,1805
108782,Hard,3,0,3,0.0,1464.9840112495976,2988
108782,Clay,2,0,2,0.0,1476.39217203683,2316
108783,Clay,1,1,0,1.0,1512.0,704
108784,Hard,1,1,0,1.0,1511.6136880233219,787
108785,Clay,2,0,2,0.0,1474.6701701376744,2422
108785,Hard,1,0,1,0.0,1488.3990736520714,1794
108786,Hard,6,1,5,0.1667,1458.3994093534377,3112
108786,Clay,4,0,4,0.0,1455.964589890897,2786
108787,Hard,1,0,1,0.0,1488.0,1921
108788,Hard,1,0,1,0.0,1488.4142990354155,1787
108789,Hard,2,0,2,0.0,1475.6448439035235,2714
108790,Hard,3,0,3,0.0,1464.0581752158212,3023
108791,Hard,1,0,1,0.0,1488.0,1886
108791,Clay,1,1,0,1.0,1511.6247992231686,730
108792,Clay,3,0,3,0.0,1464.628779414425,2662
108792,Hard,1,0,1,0.0,1487.268183985351,2120
108793,Clay,2,0,2,0.0,1477.5084835892856,2226
108793,Hard,1,0,1,0.0,1490.2951451238364,1578
108794,Hard,1,1,0,1.0,1512.0,732
108795,Clay,2,0,2,0.0,1476.0601214095798,2337
108795,Hard,1,0,1,0.0,1487.9856905714691,1969
108796,Hard,5,2,3,0.4,1490.0583703824193,1597
108796,Clay,2,0,2,0.0,1482.3318944457146,2051
108797,Hard,2,0,2,0.0,1475.8909731818849,2701
108798,Carpet,1,0,1,0.0,1488.0,752
108799,Hard,1,0,1,0.0,1486.7810405681628,2206
108800,Clay,4,0,4,0.0,1464.1985068805975,2669
108800,Hard,4,1,3,0.25,1478.0170073722647,2528
108801,Hard,3,1,2,0.3333,1488.1620378973062,1823
108802,Hard,1,0,1,0.0,1487.5439131224655,2080
108803,Hard,1,0,1,0.0,1487.58585020355,2049
108803,Clay,1,0,1,0.0,1488.0,1698
108804,Carpet,2,0,2,0.0,1479.7900846442642,993
108805,Clay,1,0,1,0.0,1490.5878325656834,1396
108806,Clay,1,0,1,0.0,1489.3875595865397,1472
108807,Clay,1,0,1,0.0,1488.0,1694
108808,Carpet,2,1,1,0.5,1500.414300586377,454
108808,Clay,2,0,2,0.0,1476.37883095537,2318
108809,Clay,2,0,2,0.0,1482.0614067161187,2058
108810,Clay,9,6,3,0.6667,1536.7244614911324,373
108810,Hard,1,0,1,0.0,1488.0,1882
108811,Clay,10,4,6,0.4,1479.211745576342,2162
108811,Hard,2,1,1,0.5,1500.3807191707222,1115
108811,Grass,2,0,2,0.0,1479.3524552347617,1131
108812,Clay,3,1,2,0.3333,1488.602975649982,1557
108812,Hard,2,0,2,0.0,1473.4637313154776,2788
108813,Clay,1,0,1,0.0,1487.5387313533465,1835
108814,Clay,14,4,10,0.2857,1441.9819836890565,2917
108814,Hard,2,1,1,0.5,1501.0999077420556,1074
108815,Hard,9,5,4,0.5556,1501.1481148183336,1068
108815,Clay,3,0,3,0.0,1465.227672723766,2643
108815,Carpet,2,0,2,0.0,1476.827614673444,1058
108816,Hard,10,5,5,0.5,1498.0577754826054,1226
108816,Clay,1,0,1,0.0,1488.4000076259508,1601
108818,Clay,4,1,3,0.25,1472.3855227489998,2469
108819,Clay,3,0,3,0.0,1463.7030014016782,2680
108820,Clay,6,0,6,0.0,1439.2484225673775,2937
108820,Hard,3,0,3,0.0,1465.379409948873,2974
108821,Clay,4,0,4,0.0,1451.4076833073395,2849
108822,Clay,2,1,1,0.5,1499.4816915043077,1075
108823,Clay,10,6,4,0.6,1522.0095569216926,540
108823,Carpet,6,0,6,0.0,1445.7053055543672,1321
108823,Hard,1,0,1,0.0,1488.0,1870
108824,Hard,7,0,7,0.0,1427.1944893928626,3432
108825,Hard,2,0,2,0.0,1480.8819607558235,2407
108825,Clay,2,0,2,0.0,1477.285681862096,2239
108826,Hard,1,1,0,1.0,1509.8490514212597,859
108827,Hard,5,0,5,0.0,1445.7806440950164,3294
108827,Clay,2,0,2,0.0,1477.8287346107986,2217
108828,Hard,7,4,3,0.5714,1505.9692239533397,928
108828,Carpet,2,0,2,0.0,1478.0070610246066,1028
108829,Clay,1,0,1,0.0,1488.3865965735142,1607
108830,Clay,1,0,1,0.0,1488.7451580429358,1540
108831,Hard,15,8,7,0.5333,1508.8320259127759,883
108831,Clay,2,2,0,1.0,1523.177340396333,514
108831,Grass,1,0,1,0.0,1488.0,853
108832,Hard,4,1,3,0.25,1478.4697546119376,2510
108832,Grass,2,1,1,0.5,1502.0747678471116,471
108833,Clay,2,0,2,0.0,1477.2394102897576,2243
108833,Hard,1,0,1,0.0,1487.260811612452,2124
108834,Hard,2,0,2,0.0,1475.7072097079292,2708
108835,Hard,2,0,2,0.0,1475.950716055516,2697
108836,Clay,15,6,9,0.4,1467.4214474827652,2585
108836,Hard,9,2,7,0.2222,1443.1601376722347,3318
108836,Grass,2,0,2,0.0,1476.0,1226
108837,Hard,1,0,1,0.0,1489.3407908010438,1663
108838,Hard,4,2,2,0.5,1499.0902065593,1196
108838,Clay,1,0,1,0.0,1488.0,1676
108839,Carpet,2,0,2,0.0,1475.6012036293178,1109
108840,Hard,1,0,1,0.0,1487.6386421131247,2034
108841,Clay,2,0,2,0.0,1476.827614673444,2274
108841,Hard,1,0,1,0.0,1486.7532203114044,2210
108842,Clay,3,0,3,0.0,1465.1943417404889,2645
108842,Hard,2,2,0,1.0,1524.3958333049186,524
108843,Hard,2,1,1,0.5,1499.9680523874754,1147
108844,Clay,11,9,2,0.8182,1575.2511010420317,209
108844,Hard,10,4,6,0.4,1480.8769434226613,2408
108844,Grass,2,0,2,0.0,1476.8016029051087,1194
108845,Clay,3,2,1,0.6667,1510.7641265272453,769
108846,Clay,3,2,1,0.6667,1510.3724493277919,781
108846,Hard,1,0,1,0.0,1489.2842236456547,1671
108847,Hard,2,2,0,1.0,1521.649115651827,582
108848,Clay,2,0,2,0.0,1476.827614673444,2273
108849,Clay,10,5,5,0.5,1489.0858843110784,1501
108849,Hard,5,3,2,0.6,1509.3834696001434,870
108849,Grass,2,1,1,0.5,1500.0,524
108850,Clay,1,1,0,1.0,1512.0,685
108851,Clay,1,0,1,0.0,1488.0,1695
108852,Hard,2,1,1,0.5,1499.6415998590492,1165
108852,Clay,1,1,0,1.0,1512.0,686
108853,Carpet,2,0,2,0.0,1478.0208506584493,1025
108854,Carpet,1,1,0,1.0,1511.585699413623,323
108855,Carpet,2,1,1,0.5,1499.6085710360528,483
108856,Carpet,1,0,1,0.0,1488.5922484214968,683
108857,Clay,2,0,2,0.0,1477.502941395214,2227
108857,Carpet,1,0,1,0.0,1488.0,750
108858,Clay,4,0,4,0.0,1457.3533656602458,2774
108859,Clay,2,0,2,0.0,1476.414300586377,2309
108861,Clay,1,0,1,0.0,1486.610749271066,1922
108862,Clay,2,1,1,0.5,1500.3231362353342,1014
108863,Carpet,1,0,1,0.0,1487.3461449734523,873
108864,Clay,2,0,2,0.0,1475.7920126298568,2362
108865,Carpet,2,0,2,0.0,1476.8225157685133,1067
108866,Clay,2,0,2,0.0,1474.978492564377,2411
108867,Clay,6,1,5,0.1667,1457.6673383732036,2768
108867,Hard,6,4,2,0.6667,1518.0540560996112,623
108867,Carpet,5,3,2,0.6,1509.509616981545,352
108868,Clay,1,0,1,0.0,1486.6747417995878,1916
108869,Clay,1,0,1,0.0,1489.7202953537935,1451
108870,Hard,4,1,3,0.25,1478.7461027270901,2493
108871,Hard,3,1,2,0.3333,1488.3996765641507,1792
108872,Hard,6,1,5,0.1667,1459.0626361577579,3099
108872,Clay,2,0,2,0.0,1478.572582354638,2184
108873,Clay,2,0,2,0.0,1477.2891435004062,2236
108874,Clay,1,0,1,0.0,1493.7723330135227,1235
108875,Hard,10,1,9,0.1,1427.4750332935928,3428
108875,Clay,6,0,6,0.0,1435.2008005006146,2961
108875,Carpet,4,0,4,0.0,1455.0970792135843,1289
108876,Hard,2,0,2,0.0,1477.5959185378451,2559
108877,Carpet,1,1,0,1.0,1511.585699413623,324
108878,Hard,2,0,2,0.0,1472.9946447799734,2801
108878,Clay,1,0,1,0.0,1488.4026687086389,1596
108879,Clay,2,0,2,0.0,1476.8050749588224,2279
108879,Hard,2,0,2,0.0,1473.0127633356988,2800
108880,Clay,1,0,1,0.0,1488.0,1692
108881,Hard,2,0,2,0.0,1476.2495180507,2664
108882,Hard,2,0,2,0.0,1476.2486787456999,2665
108883,Hard,6,0,6,0.0,1434.3419581850612,3392
108883,Clay,1,0,1,0.0,1487.8154046782875,1779
108884,Clay,1,0,1,0.0,1488.0,1690
108886,Hard,2,0,2,0.0,1477.1468831042296,2588
108887,Clay,1,0,1,0.0,1488.8091325483551,1526
108888,Hard,1,0,1,0.0,1488.860938952704,1717
108889,Carpet,1,1,0,1.0,1512.0,286
108890,Carpet,1,0,1,0.0,1488.813372137389,669
108890,Hard,1,0,1,0.0,1488.414300586377,1782
108891,Clay,1,0,1,0.0,1486.797583548594,1907
108892,Hard,1,0,1,0.0,1487.5783143058054,2061
108893,Clay,1,0,1,0.0,1487.585699413623,1817
108894,Carpet,1,1,0,1.0,1512.0,288
108895,Carpet,1,0,1,0.0,1488.0,770
108896,Carpet,2,0,2,0.0,1479.1017024577843,1003
108896,Hard,1,0,1,0.0,1488.4207512120277,1776
108896,Clay,1,0,1,0.0,1488.0173123234285,1661
108896,Grass,1,0,1,0.0,1487.2016644760854,975
108897,Carpet,1,0,1,0.0,1489.0239617754798,662
108898,Hard,2,0,2,0.0,1477.7690481620293,2549
108898,Clay,1,0,1,0.0,1489.1250684890824,1497
108899,Hard,1,0,1,0.0,1488.414300586377,1781
108900,Clay,1,0,1,0.0,1488.6048399639221,1556
108901,Hard,1,0,1,0.0,1488.4678082811088,1768
108901,Clay,1,0,1,0.0,1490.0127602152997,1431
108902,Hard,1,0,1,0.0,1488.4399417213394,1772
108903,Clay,1,1,0,1.0,1512.0,695
108904,Hard,1,0,1,0.0,1490.8468774013602,1531
108905,Clay,1,0,1,0.0,1488.055259940982,1655
108906,Clay,1,0,1,0.0,1488.4004953540386,1600
108907,Clay,1,0,1,0.0,1487.2505504021153,1868
108908,Hard,1,0,1,0.0,1488.3559969162136,1803
108909,Hard,5,1,4,0.2,1464.9332711207364,2990
108909,Clay,2,1,1,0.5,1498.8574803346453,1098
108910,Hard,2,0,2,0.0,1476.9399980246592,2605
108911,Hard,1,0,1,0.0,1489.6436601429843,1635
108912,Carpet,1,0,1,0.0,1488.0,773
108912,Clay,1,0,1,0.0,1488.0,1711
108913,Hard,1,0,1,0.0,1487.5305501573846,2085
108914,Clay,2,0,2,0.0,1476.0075691001753,2344
108915,Hard,2,1,1,0.5,1499.296136373855,1181
108916,Hard,4,1,3,0.25,1474.822141090006,2756
108918,Clay,2,0,2,0.0,1479.3825989305258,2156
108918,Hard,1,0,1,0.0,1488.0,1897
108919,Hard,1,1,0,1.0,1512.0,737
108920,Clay,2,0,2,0.0,1478.9560477266532,2172
108920,Hard,1,0,1,0.0,1487.6283739252997,2037
108921,Hard,1,0,1,0.0,1488.0,1898
108921,Clay,1,0,1,0.0,1488.0,1708
108922,Hard,2,0,2,0.0,1477.945285378902,2537
108922,Carpet,1,1,0,1.0,1512.0,289
108923,Carpet,1,0,1,0.0,1487.585699413623,846
108923,Hard,1,0,1,0.0,1488.0643183219318,1837
108924,Clay,1,0,1,0.0,1487.9613716527003,1756
108924,Hard,1,1,0,1.0,1512.0,738
108925,Hard,12,3,9,0.25,1429.4313757067491,3417
108925,Clay,2,1,1,0.5,1501.936530444478,952
108926,Clay,1,0,1,0.0,1488.4177576987502,1582
108926,Carpet,1,0,1,0.0,1488.0126296059384,722
108927,Clay,4,1,3,0.25,1476.5379937561258,2302
108927,Hard,3,0,3,0.0,1465.7466214464944,2962
108928,Clay,1,1,0,1.0,1512.0,696
108929,Hard,2,0,2,0.0,1477.9580227508707,2534
108930,Clay,9,3,6,0.3333,1472.9319352022624,2460
108930,Hard,5,2,3,0.4,1490.0577392066186,1598
108931,Clay,3,0,3,0.0,1468.2535800555193,2563
108932,Clay,2,0,2,0.0,1479.550782838302,2144
108934,Hard,1,0,1,0.0,1488.0,1902
108935,Carpet,1,0,1,0.0,1487.6113799375767,838
108936,Carpet,1,0,1,0.0,1488.0,774
108937,Clay,1,0,1,0.0,1488.400500738105,1599
108938,Clay,1,0,1,0.0,1487.8977342073372,1768
108939,Hard,5,2,3,0.4,1493.0565175969034,1400
108939,Clay,2,0,2,0.0,1476.1392884332188,2336
108940,Clay,3,0,3,0.0,1466.460866302977,2607
108940,Hard,1,0,1,0.0,1488.0,1904
108941,Hard,2,1,1,0.5,1502.8724150763064,1013
108941,Clay,1,0,1,0.0,1486.9650672120742,1892
108942,Clay,5,3,2,0.6,1513.5991602976665,637
108942,Hard,1,0,1,0.0,1488.0,1910
108943,Clay,1,0,1,0.0,1488.0,1712
108944,Hard,2,0,2,0.0,1476.2356989061284,2666
108945,Hard,10,3,7,0.3,1452.2281186836149,3224
108945,Clay,2,0,2,0.0,1475.3858604951188,2391
108945,Carpet,1,0,1,0.0,1488.0,784
108946,Hard,2,0,2,0.0,1475.037911496803,2747
108946,Carpet,1,0,1,0.0,1488.0,785
108947,Hard,6,4,2,0.6667,1521.5987423444496,584
108947,Carpet,1,0,1,0.0,1488.0,783
108948,Hard,1,0,1,0.0,1488.8941716501045,1712
108949,Clay,1,0,1,0.0,1488.4000076259508,1602
108949,Hard,1,0,1,0.0,1488.0,1908
108950,Clay,1,1,0,1.0,1512.0,699
108950,Hard,1,0,1,0.0,1487.5896661608256,2048
108951,Clay,1,0,1,0.0,1488.0,1716
108952,Clay,4,1,3,0.25,1480.3909479815661,2113
108952,Hard,1,0,1,0.0,1486.7829523832227,2205
108953,Clay,1,1,0,1.0,1512.0,698
108954,Clay,1,0,1,0.0,1488.0,1713
108955,Clay,1,0,1,0.0,1488.414300586377,1591
108956,Clay,3,2,1,0.6667,1509.9654355622376,790
108956,Hard,2,0,2,0.0,1475.9868674590073,2694
108957,Clay,1,0,1,0.0,1487.5008747429415,1842
108958,Hard,3,0,3,0.0,1468.1089484839886,2905
108958,Clay,3,0,3,0.0,1465.5551494163083,2632
108959,Hard,2,0,2,0.0,1476.1710150551369,2669
108959,Clay,2,0,2,0.0,1478.3948806055748,2190
108960,Hard,7,4,3,0.5714,1505.7459317963298,936
108960,Clay,1,1,0,1.0,1512.0759946789865,677
108961,Hard,4,1,3,0.25,1477.1983245743384,2580
108962,Hard,4,1,3,0.25,1478.9518932301476,2483
108963,Hard,1,0,1,0.0,1488.0,1906
108964,Hard,1,1,0,1.0,1512.0,743
108965,Hard,1,0,1,0.0,1488.0,1907
108966,Hard,1,0,1,0.0,1488.4763123966795,1766
108967,Hard,1,0,1,0.0,1487.2271199803477,2129
108968,Hard,1,0,1,0.0,1490.3001205352043,1577
108969,Clay,1,0,1,0.0,1488.8548803039694,1515
108970,Clay,1,0,1,0.0,1489.1847501587376,1493
108971,Clay,1,0,1,0.0,1487.640097452239,1803
108972,Hard,4,0,4,0.0,1459.000626344482,3103
108972,Clay,1,0,1,0.0,1489.2368615458406,1485
108973,Hard,1,1,0,1.0,1512.3729530326314,709
108973,Clay,1,1,0,1.0,1512.0,700
108974,Clay,1,0,1,0.0,1487.5345405578673,1836
108974,Hard,1,0,1,0.0,1486.383976346423,2233
108974,Carpet,1,0,1,0.0,1488.0,793
108975,Clay,2,0,2,0.0,1475.292530470435,2397
108976,Carpet,1,0,1,0.0,1488.0,781
108976,Clay,1,0,1,0.0,1493.2469146286955,1251
108977,Clay,2,0,2,0.0,1477.9684253364994,2209
108977,Carpet,1,0,1,0.0,1488.0,782
108977,Hard,1,0,1,0.0,1488.0,1916
108978,Hard,4,1,3,0.25,1475.6604771088064,2711
108978,Clay,2,0,2,0.0,1476.414300586377,2311
108979,Hard,1,0,1,0.0,1487.6017898006635,2043
108979,Clay,1,1,0,1.0,1511.1974501418454,750
108980,Clay,3,1,2,0.3333,1492.0501895381815,1313
108980,Hard,1,0,1,0.0,1489.8711138831009,1616
108981,Clay,1,0,1,0.0,1488.0,1719
108982,Hard,5,0,5,0.0,1442.313494067453,3326
108982,Clay,4,0,4,0.0,1454.5595249927426,2802
108983,Hard,2,0,2,0.0,1476.707213755458,2632
108984,Hard,1,0,1,0.0,1487.6470994177416,2032
108985,Hard,3,0,3,0.0,1465.7015043288297,2963
108985,Clay,1,0,1,0.0,1488.7714672810396,1535
108986,Clay,2,0,2,0.0,1476.0,2349
108987,Carpet,1,0,1,0.0,1488.0009153083563,724
108988,Clay,1,0,1,0.0,1489.4335621241,1468
108991,Carpet,1,0,1,0.0,1493.7651430382182,543
108992,Carpet,1,0,1,0.0,1486.2825445953067,925
108993,Hard,3,0,3,0.0,1469.783938327069,2864
108994,Hard,1,0,1,0.0,1492.6839224508863,1425
108995,Carpet,2,0,2,0.0,1478.2411425281425,1019
108996,Hard,1,0,1,0.0,1487.81497147827,1994
108997,Hard,1,0,1,0.0,1489.8384997950964,1620
108998,Hard,1,0,1,0.0,1488.3804620270544,1798
108999,Hard,1,0,1,0.0,1488.2834186842022,1810
109002,Hard,3,2,1,0.6667,1508.008482194958,897
109054,Clay,4,1,3,0.25,1487.9296548951638,1760
109054,Hard,2,0,2,0.0,1479.3988904263197,2461
109054,Grass,1,0,1,0.0,1487.8495431598628,897
109055,Clay,1,0,1,0.0,1487.9100080560536,1765
109232,Hard,4,2,2,0.5,1497.30330521532,1252
109257,Hard,4,0,4,0.0,1455.660375241987,3166
109303,Clay,9,3,6,0.3333,1484.0660951888703,2003
109303,Hard,2,0,2,0.0,1476.9300812830363,2609
109303,Grass,2,0,2,0.0,1481.852927305125,1090
109309,Clay,2,0,2,0.0,1475.617837613476,2373
109309,Hard,1,0,1,0.0,1488.3863244055874,1795
109336,Clay,1,1,0,1.0,1512.0,706
109440,Clay,3,1,2,0.3333,1489.7126207227263,1452
109456,Hard,15,7,8,0.4667,1501.145340627681,1069
109456,Grass,3,3,0,1.0,1533.966394654853,225
109480,Clay,6,0,6,0.0,1434.0420384639547,2967
109480,Hard,6,3,3,0.5,1494.9742106078118,1317
109520,Hard,3,1,2,0.3333,1494.878136693472,1321
109529,Hard,1,0,1,0.0,1485.0342822671405,2289
109640,Clay,1,0,1,0.0,1496.1192166155815,1172
109686,Clay,3,1,2,0.3333,1492.9633569488067,1264
109698,Hard,2,0,2,0.0,1478.044315583393,2526
109699,Clay,1,0,1,0.0,1495.4144106798112,1198
109699,Hard,1,0,1,0.0,1494.8498558347303,1323
109734,Hard,3,0,3,0.0,1479.1866163391153,2471
109734,Clay,2,1,1,0.5,1500.402012724991,1009
109737,Carpet,1,1,0,1.0,1512.0,305
109737,Clay,1,0,1,0.0,1493.2972290961359,1249
109739,Hard,57,19,38,0.3333,1482.0688904451927,2368
109739,Clay,51,19,32,0.3725,1480.2535172955404,2120
109739,Grass,14,4,10,0.2857,1459.6751760334873,1438
109940,Clay,4,1,3,0.25,1482.716647071094,2042
109940,Hard,2,0,2,0.0,1475.3655875812617,2729
110141,Hard,12,7,5,0.5833,1516.5103365104228,639
110141,Carpet,2,0,2,0.0,1476.827614673444,1060
110141,Clay,2,0,2,0.0,1476.5627755611415,2300
110141,Grass,1,1,0,1.0,1512.0,366
110168,Hard,1,0,1,0.0,1489.2329684241347,1681
110352,Hard,2,2,0,1.0,1521.9755145358902,576
110476,Hard,2,0,2,0.0,1495.8390597976493,1292
110536,Hard,6,1,5,0.1667,1478.9763711231103,2480
110536,Grass,1,0,1,0.0,1491.6965182579067,659
110596,Clay,1,0,1,0.0,1488.0,1729
110602,Hard,49,15,34,0.3061,1455.292375966063,3174
110602,Clay,23,8,15,0.3478,1470.3902526091122,2506
110602,Grass,8,3,5,0.375,1490.2341546544762,702
110636,Grass,1,0,1,0.0,1487.833074298389,900
110685,Hard,10,7,3,0.7,1543.48267655736,389
110686,Hard,5,1,4,0.2,1472.0442075152312,2818
110748,Clay,9,4,5,0.4444,1500.789916449824,987
110748,Hard,5,2,3,0.4,1503.0677756589162,1007
110751,Clay,1,0,1,0.0,1489.529346347706,1461
110754,Clay,1,0,1,0.0,1488.4724758883176,1571
110778,Clay,2,0,2,0.0,1479.271852750793,2159
110778,Hard,1,0,1,0.0,1493.4456225739957,1383
110781,Carpet,1,0,1,0.0,1486.3680186178756,922
110782,Clay,6,4,2,0.6667,1523.0920575014231,519
110782,Hard,4,1,3,0.25,1477.9153486048172,2538
110783,Hard,2,0,2,0.0,1477.153721653367,2586
110784,Clay,1,0,1,0.0,1488.414300586377,1583
110785,Clay,2,0,2,0.0,1476.8552168259444,2266
110786,Carpet,4,3,1,0.75,1522.0149001092316,216
110786,Hard,4,1,3,0.25,1476.7789134128745,2626
110787,Clay,1,0,1,0.0,1488.0,1670
110794,Clay,15,8,7,0.5333,1506.7648551630516,846
110794,Hard,2,0,2,0.0,1474.4693351148999,2762
110795,Clay,2,0,2,0.0,1476.283965239983,2327
110796,Hard,1,0,1,0.0,1487.641827952169,2033
110797,Hard,4,0,4,0.0,1454.522095402008,3187
110797,Carpet,1,0,1,0.0,1488.414300586377,695
110798,Clay,2,0,2,0.0,1476.8286011727541,2270
110798,Hard,2,0,2,0.0,1476.8268700850128,2618
110798,Carpet,1,0,1,0.0,1488.414300586377,694
110807,Clay,2,0,2,0.0,1476.0142917836072,2343
110808,Clay,1,1,0,1.0,1512.0,682
110809,Clay,1,0,1,0.0,1488.0,1686
110810,Clay,4,0,4,0.0,1452.6656431265335,2831
110810,Hard,2,0,2,0.0,1477.173317452001,2585
110811,Hard,2,0,2,0.0,1476.4214670555773,2645
110812,Hard,2,0,2,0.0,1477.688955766268,2555
110812,Clay,2,0,2,0.0,1475.3566671763626,2393
110813,Clay,16,9,7,0.5625,1504.7849203932515,893
110813,Hard,2,0,2,0.0,1477.687902333556,2556
110814,Hard,4,1,3,0.25,1479.7248902780689,2446
110815,Hard,8,4,4,0.5,1502.8379783234313,1015
110816,Hard,2,0,2,0.0,1476.258126485805,2663
110817,Hard,10,1,9,0.1,1420.4476995777013,3454
110818,Hard,12,5,7,0.4167,1482.6919822668137,2343
110818,Clay,2,0,2,0.0,1477.5984164228514,2221
110819,Hard,4,2,2,0.5,1498.6208852075472,1209
110820,Hard,4,1,3,0.25,1477.9893245987146,2532
110821,Hard,4,2,2,0.5,1498.621209282669,1208
110822,Hard,3,1,2,0.3333,1486.8852601783128,2190
110822,Clay,2,0,2,0.0,1476.040940419842,2339
110823,Clay,1,1,0,1.0,1511.5723597116828,738
110824,Hard,2,0,2,0.0,1476.7988322400022,2621
110825,Hard,4,1,3,0.25,1477.8639417645245,2543
110825,Clay,2,1,1,0.5,1499.1787501490521,1086
110826,Hard,1,0,1,0.0,1486.7831506232094,2204
110827,Hard,2,1,1,0.5,1500.2359556127974,1120
110827,Grass,1,0,1,0.0,1488.4000076259508,811
110828,Hard,6,3,3,0.5,1497.8524464080308,1236
110828,Carpet,2,0,2,0.0,1475.2422192917072,1118
110829,Hard,1,0,1,0.0,1487.5793272313585,2059
110830,Hard,1,0,1,0.0,1486.7875885343449,2203
110831,Clay,4,1,3,0.25,1476.0300009309954,2341
110832,Clay,2,0,2,0.0,1475.1788926274628,2401
110833,Hard,5,3,2,0.6,1505.839792213626,931
110833,Carpet,2,0,2,0.0,1476.827614673444,1059
110833,Clay,2,1,1,0.5,1500.5616164669132,998
110834,Clay,4,2,2,0.5,1499.9785498320152,1037
110835,Clay,1,0,1,0.0,1487.9992051814884,1751
110836,Hard,2,0,2,0.0,1476.6485783128624,2634
110837,Clay,2,0,2,0.0,1476.5945441029924,2299
110840,Hard,1,1,0,1.0,1512.0,729
110841,Clay,4,1,3,0.25,1481.999063969419,2062
110841,Hard,1,0,1,0.0,1488.0,1872
110846,Hard,4,1,3,0.25,1478.5378792429356,2504
110847,Clay,4,1,3,0.25,1477.2623395763208,2241
110851,Hard,2,0,2,0.0,1475.9024936457836,2699
110852,Clay,11,7,4,0.6364,1531.0870097327816,423
110852,Hard,4,4,0,1.0,1547.2548310200862,362
110853,Clay,2,0,2,0.0,1477.3243562247503,2234
110854,Clay,1,0,1,0.0,1487.5859729191502,1814
110855,Hard,8,3,5,0.375,1481.5710752305015,2380
110855,Clay,2,0,2,0.0,1476.814308212328,2276
110856,Hard,4,1,3,0.25,1476.7897266350167,2623
110857,Hard,4,0,4,0.0,1454.0230160335489,3196
110857,Clay,2,0,2,0.0,1477.5122502030185,2225
110858,Clay,1,0,1,0.0,1487.172385326556,1875
110859,Clay,1,1,0,1.0,1511.200838779806,749
110866,Clay,4,1,3,0.25,1476.4507894397118,2306
110866,Hard,2,1,1,0.5,1500.717997130295,1097
110866,Carpet,2,0,2,0.0,1476.801768416797,1069
110867,Carpet,9,6,3,0.6667,1528.262420371998,174
110867,Clay,7,3,4,0.4286,1494.6949644067831,1209
110868,Clay,1,0,1,0.0,1488.828074129326,1521
110874,Clay,2,0,2,0.0,1475.0124304011292,2410
110875,Clay,2,0,2,0.0,1474.0982300780656,2441
110876,Clay,5,1,4,0.2,1467.2979772281842,2587
110876,Carpet,1,0,1,0.0,1487.585699413623,843
110878,Hard,7,2,5,0.2857,1459.6361150851205,3095
110880,Clay,7,4,3,0.5714,1510.5361927663446,776
110880,Hard,2,1,1,0.5,1500.0142917836072,1136
110881,Clay,5,3,2,0.6,1509.5843802717986,797
110881,Carpet,4,2,2,0.5,1502.3784201112146,415
110881,Hard,1,1,0,1.0,1512.0,728
110882,Grass,2,2,0,1.0,1524.0,274
110882,Hard,1,0,1,0.0,1487.5714076300158,2066
110883,Hard,2,0,2,0.0,1485.1249009316873,2285
110886,Clay,1,0,1,0.0,1488.0,1678
110887,Clay,2,0,2,0.0,1475.1999858844101,2400
110888,Clay,2,1,1,0.5,1499.228440781815,1080
110888,Hard,2,2,0,1.0,1523.585699413623,534
110889,Hard,2,0,2,0.0,1478.5155815590406,2507
110890,Hard,3,0,3,0.0,1467.3640981173342,2919
110890,Clay,2,1,1,0.5,1500.827614673444,986
110891,Hard,1,0,1,0.0,1488.414300586377,1779
110892,Carpet,1,0,1,0.0,1488.0,740
110893,Carpet,1,0,1,0.0,1488.0,741
110894,Hard,1,0,1,0.0,1487.2892536701734,2117
110895,Clay,2,0,2,0.0,1476.827614673444,2271
110895,Carpet,1,0,1,0.0,1488.0,733
110896,Clay,1,0,1,0.0,1488.0,1671
110896,Carpet,1,0,1,0.0,1488.0,734
110897,Hard,12,5,7,0.4167,1478.8267434043585,2489
110897,Clay,2,2,0,1.0,1523.585699413623,501
110898,Hard,1,1,0,1.0,1511.6542454579828,783
110899,Hard,3,1,2,0.3333,1486.768477781345,2208
110900,Hard,4,3,1,0.75,1522.3388491207709,571
110901,Hard,2,1,1,0.5,1500.7979371008028,1091
110902,Hard,2,0,2,0.0,1476.0791713480262,2676
110903,Hard,4,2,2,0.5,1502.2131072170057,1031
110904,Hard,2,0,2,0.0,1476.0788071328636,2677
110905,Clay,6,3,3,0.5,1496.9059241602063,1155
110905,Hard,2,1,1,0.5,1499.2483434924957,1186
110906,Clay,2,0,2,0.0,1476.827614673444,2272
110907,Hard,2,0,2,0.0,1477.5371884037768,2563
110908,Hard,1,0,1,0.0,1488.4423576596466,1771
110909,Clay,2,0,2,0.0,1475.7114343078927,2366
110909,Hard,1,0,1,0.0,1488.414300586377,1780
110911,Clay,2,1,1,0.5,1500.7778001012034,989
110912,Hard,1,0,1,0.0,1487.5673321054994,2070
110913,Hard,2,0,2,0.0,1477.5723108701998,2560
110914,Carpet,4,3,1,0.75,1520.5742168971485,224
110914,Hard,1,0,1,0.0,1487.558939782417,2073
110915,Clay,1,0,1,0.0,1489.8275367410724,1441
110916,Clay,1,0,1,0.0,1488.5738791324734,1560
110922,Clay,1,0,1,0.0,1488.0,1673
110922,Hard,1,1,0,1.0,1512.0,727
110924,Hard,1,0,1,0.0,1487.585699413623,2053
110925,Hard,4,0,4,0.0,1454.9300188215639,3180
110926,Hard,4,0,4,0.0,1454.93474788756,3179
110929,Clay,2,1,1,0.5,1499.1415192913937,1091
110929,Hard,2,1,1,0.5,1499.8991687431803,1154
110930,Clay,4,1,3,0.25,1476.787003527619,2281
110932,Clay,2,0,2,0.0,1475.62072524812,2372
110940,Hard,3,0,3,0.0,1464.8790718324567,2993
110941,Hard,1,0,1,0.0,1486.026104667881,2259
110942,Clay,2,0,2,0.0,1478.1514086855395,2198
110943,Clay,4,0,4,0.0,1457.5208775259953,2771
110944,Clay,1,1,0,1.0,1511.6477775779447,729
110945,Carpet,2,0,2,0.0,1476.0,1098
110960,Hard,2,1,1,0.5,1500.0996870381705,1127
110961,Carpet,2,0,2,0.0,1477.18585997032,1049
110962,Hard,3,2,1,0.6667,1508.6826693323992,885
110962,Clay,2,0,2,0.0,1479.0583423365658,2165
110963,Clay,3,1,2,0.3333,1486.7791042118095,1910
110966,Clay,2,0,2,0.0,1477.174052506839,2247
110967,Clay,3,3,0,1.0,1532.4258544209627,407
110968,Clay,2,0,2,0.0,1476.6477094914626,2293
110970,Hard,2,0,2,0.0,1477.9915282753486,2531
110971,Hard,2,0,2,0.0,1477.9957020927864,2529
110972,Carpet,2,0,2,0.0,1476.0,1097
110972,Hard,2,0,2,0.0,1476.4275542806756,2644
110972,Grass,1,0,1,0.0,1488.0,846
110973,Hard,2,0,2,0.0,1476.4285923699842,2643
110974,Hard,3,1,2,0.3333,1489.5229838927196,1649
110975,Hard,1,1,0,1.0,1511.6387548819723,785
110978,Grass,2,0,2,0.0,1476.0,1224
110979,Grass,3,1,2,0.3333,1488.0,844
110979,Hard,2,0,2,0.0,1475.6589831037943,2712
110980,Carpet,2,0,2,0.0,1475.242218987502,1119
110982,Hard,2,2,0,1.0,1523.199860396297,548
110982,Clay,1,0,1,0.0,1488.414300586377,1584
110984,Grass,1,0,1,0.0,1488.0,845
110985,Clay,2,0,2,0.0,1475.3135477683063,2396
110988,Clay,1,0,1,0.0,1488.0,1666
110990,Hard,3,1,2,0.3333,1487.9995069669674,1967
110990,Clay,3,2,1,0.6667,1511.9723685401837,720
110990,Grass,1,1,0,1.0,1512.0,364
111001,Hard,10,1,9,0.1,1413.6617211372811,3467
111002,Hard,11,5,6,0.4545,1484.7166371794951,2294
111008,Carpet,4,2,2,0.5,1500.0,464
111008,Clay,2,0,2,0.0,1477.9194137391742,2214
111008,Grass,1,0,1,0.0,1487.5217554477474,950
111020,Hard,2,2,0,1.0,1522.7601887844844,561
111021,Hard,1,0,1,0.0,1488.0,1876
111022,Hard,10,3,7,0.3,1457.798719629663,3125
111023,Hard,9,0,9,0.0,1410.2804132191684,3472
111024,Hard,1,0,1,0.0,1487.585699413623,2052
111025,Hard,2,0,2,0.0,1476.414300586377,2650
111026,Hard,1,1,0,1.0,1512.0,730
111027,Hard,1,0,1,0.0,1488.0,1877
111028,Hard,1,0,1,0.0,1487.4840375549247,2089
111029,Hard,1,0,1,0.0,1488.0,1879
111030,Hard,1,1,0,1.0,1512.0,731
111031,Hard,1,0,1,0.0,1488.0,1880
111032,Clay,1,0,1,0.0,1488.0,1681
111040,Hard,4,2,2,0.5,1500.0452675403587,1130
111045,Hard,1,0,1,0.0,1487.7619405434732,2005
111046,Hard,1,0,1,0.0,1487.585699413623,2054
111047,Hard,1,1,0,1.0,1510.6312655358026,835
111048,Hard,1,0,1,0.0,1486.9145058834142,2187
111049,Hard,1,0,1,0.0,1491.7722717847325,1484
111050,Hard,2,0,2,0.0,1476.827614673444,2613
111051,Hard,2,0,2,0.0,1476.827614673444,2614
111060,Hard,1,0,1,0.0,1487.6145005163978,2040
111061,Clay,1,0,1,0.0,1487.0128531712003,1886
111065,Clay,4,0,4,0.0,1455.1934940774704,2796
111067,Hard,2,1,1,0.5,1500.041983379809,1132
111069,Hard,1,0,1,0.0,1488.0,1874
111070,Hard,1,0,1,0.0,1488.3846825469448,1796
111075,Hard,2,0,2,0.0,1476.0561864382373,2679
111080,Hard,4,0,4,0.0,1454.418473075541,3192
111083,Clay,2,0,2,0.0,1475.4752337662103,2382
111084,Clay,2,0,2,0.0,1476.4275542806756,2307
111085,Clay,1,0,1,0.0,1488.0,1674
111088,Clay,1,0,1,0.0,1487.864793076748,1772
111101,Clay,1,0,1,0.0,1488.0,1679
111101,Hard,1,0,1,0.0,1489.2194351810308,1683
111102,Hard,2,0,2,0.0,1476.414300586377,2648
111108,Clay,2,0,2,0.0,1481.234823045327,2084
111109,Hard,2,0,2,0.0,1476.800139603703,2620
111110,Hard,2,2,0,1.0,1522.400699176103,568
111110,Grass,1,0,1,0.0,1488.414300586377,807
111111,Grass,3,0,3,0.0,1466.033605345147,1371
111112,Hard,2,0,2,0.0,1475.6566616228652,2713
111113,Clay,2,0,2,0.0,1477.5133174874106,2224
111114,Hard,2,0,2,0.0,1476.827614673444,2612
111116,Hard,2,0,2,0.0,1476.827614673444,2615
111153,Hard,74,26,48,0.3514,1505.0875711964682,951
111153,Grass,26,15,11,0.5769,1544.064314894849,190
111153,Clay,12,3,9,0.25,1470.8404208548836,2498
111156,Hard,1,0,1,0.0,1490.568589989194,1552
111167,Hard,9,2,7,0.2222,1448.0799688919901,3270
111167,Clay,3,0,3,0.0,1466.7816801129738,2602
111181,Hard,14,9,5,0.6429,1529.1632482846824,486
111186,Hard,1,0,1,0.0,1488.7683236903065,1732
111187,Hard,6,1,5,0.1667,1480.313551531969,2423
111187,Grass,2,1,1,0.5,1503.40973438013,449
111187,Clay,1,0,1,0.0,1488.0665830885796,1651
111190,Hard,97,37,60,0.3814,1497.1547112685223,1256
111190,Clay,47,23,24,0.4894,1548.2320529957778,307
111190,Grass,21,10,11,0.4762,1503.957443918619,438
111192,Hard,3,1,2,0.3333,1496.705851763011,1271
111192,Clay,1,0,1,0.0,1488.9720583724352,1504
111197,Hard,2,1,1,0.5,1501.8506015969301,1041
111200,Hard,79,30,49,0.3797,1502.38782782263,1024
111200,Clay,52,16,36,0.3077,1422.4125212390652,3013
111200,Grass,11,5,6,0.4545,1490.9497496117874,677
111202,Hard,124,69,55,0.5565,1658.4870674570946,86
111202,Clay,31,17,14,0.5484,1612.7091420805564,130
111202,Grass,3,1,2,0.3333,1486.943155368082,996
111426,Hard,2,1,1,0.5,1500.9777964536108,1081
111436,Hard,2,0,2,0.0,1476.785645791675,2625
111442,Hard,216,104,112,0.4815,1643.8935675913071,102
111442,Grass,67,35,32,0.5224,1590.954679327765,101
111442,Clay,50,16,34,0.32,1445.1634399780073,2899
111444,Hard,2,0,2,0.0,1486.1368633088123,2249
111453,Hard,8,3,5,0.375,1505.9072285128952,929
111453,Carpet,2,1,1,0.5,1501.2603598620447,431
111453,Clay,1,1,0,1.0,1511.2934092339822,747
111453,Grass,1,0,1,0.0,1487.0976715731058,985
111454,Hard,12,1,11,0.0833,1430.545460076117,3411
111454,Grass,4,1,3,0.25,1476.9655046710025,1188
111455,Hard,2,1,1,0.5,1497.456028308541,1246
111456,Hard,205,93,112,0.4537,1541.451254656233,403
111456,Grass,44,22,22,0.5,1528.2914328725396,252
111456,Clay,37,11,26,0.2973,1430.5336091066952,2978
111459,Hard,4,0,4,0.0,1459.019182476636,3102
111460,Hard,135,51,84,0.3778,1561.7970112356768,294
111460,Clay,51,28,23,0.549,1628.137237120614,105
111460,Grass,27,11,16,0.4074,1486.4169478681836,1026
111505,Hard,5,1,4,0.2,1491.4291076195618,1500
111505,Clay,4,1,3,0.25,1483.0346515724277,2030
111505,Grass,2,0,2,0.0,1482.0189809437215,1088
111506,Clay,3,0,3,0.0,1474.4649568321115,2428
111511,Hard,22,7,15,0.3182,1492.0204761804498,1467
111511,Clay,5,1,4,0.2,1481.0855283234152,2088
111511,Grass,2,0,2,0.0,1473.9283678448764,1278
111513,Clay,189,110,79,0.582,1624.9233746465404,113
111513,Hard,121,44,77,0.3636,1515.2122722843087,656
111513,Grass,28,9,19,0.3214,1444.5800158935847,1539
111515,Hard,6,0,6,0.0,1448.298443498392,3267
111515,Grass,1,0,1,0.0,1488.0205171884184,838
111574,Hard,2,0,2,0.0,1486.0507001864455,2256
111574,Grass,2,0,2,0.0,1474.0661865776663,1276
111575,Hard,397,223,174,0.5617,1685.1104982913207,70
111575,Clay,156,90,66,0.5769,1677.8355477782918,47
111575,Grass,55,34,21,0.6182,1613.2438652734702,78
111576,Hard,37,9,28,0.2432,1425.0120009312272,3438
111576,Clay,22,6,16,0.2727,1467.0270687951956,2598
111576,Grass,1,0,1,0.0,1487.8184735443863,902
111577,Hard,84,38,46,0.4524,1578.2236175544324,240
111577,Clay,15,4,11,0.2667,1480.4440713887425,2109
111577,Grass,14,6,8,0.4286,1478.0657180672372,1158
111578,Hard,23,4,19,0.1739,1437.7548292985548,3363
111578,Grass,13,5,8,0.3846,1483.6830011190336,1067
111578,Clay,1,0,1,0.0,1491.4621961877772,1339
111581,Hard,68,31,37,0.4559,1602.5290833646645,175
111581,Clay,10,3,7,0.3,1474.0510032820027,2443
111581,Grass,7,1,6,0.1429,1462.1569622211077,1426
111751,Hard,1,0,1,0.0,1489.1817589588752,1686
111751,Clay,1,0,1,0.0,1488.4212478348995,1581
111761,Hard,12,8,4,0.6667,1541.1531047561662,406
111761,Clay,1,0,1,0.0,1488.0,1734
111781,Hard,5,0,5,0.0,1445.8886444824282,3292
111781,Clay,1,0,1,0.0,1488.0,1728
111790,Hard,20,4,16,0.2,1428.4542221957338,3422
111790,Grass,3,0,3,0.0,1466.7805772399145,1362
111794,Hard,105,49,56,0.4667,1590.1002556210253,208
111794,Clay,32,12,20,0.375,1470.8201398319952,2499
111794,Grass,25,16,9,0.64,1568.1886091998026,135
111795,Clay,3,0,3,0.0,1472.4518255107926,2467
111797,Clay,135,74,61,0.5481,1541.9090219153586,344
111797,Hard,98,39,59,0.398,1536.3597314332399,431
111797,Grass,24,12,12,0.5,1531.838013936858,236
111805,Hard,21,6,15,0.2857,1458.8262714337325,3106
111805,Clay,2,1,1,0.5,1502.128078411614,945
111805,Grass,2,0,2,0.0,1476.7384905770775,1195
111806,Hard,10,5,5,0.5,1493.8285907083982,1366
111806,Clay,2,0,2,0.0,1477.8699684188384,2216
111815,Hard,315,176,139,0.5587,1680.0193890458584,75
111815,Clay,134,80,54,0.597,1667.2019622985392,55
111815,Grass,51,26,25,0.5098,1563.271370549569,146
117348,Hard,1,1,0,1.0,1514.254696479681,670
117349,Hard,1,1,0,1.0,1511.186627862611,815
117352,Hard,1,0,1,0.0,1490.9589521505457,1521
117353,Hard,3,1,2,0.3333,1498.7161146512021,1205
117356,Hard,26,9,17,0.3462,1461.1744948168707,3069
117356,Clay,10,0,10,0.0,1397.5061144426222,3062
117356,Grass,3,0,3,0.0,1464.4887948568348,1394
117357,Hard,8,1,7,0.125,1468.2692111075016,2899
117358,Hard,2,1,1,0.5,1507.671827999814,908
117359,Hard,2,0,2,0.0,1487.6065800338984,2041
117360,Hard,17,3,14,0.1765,1429.0435500131423,3419
117360,Grass,11,5,6,0.4545,1492.3709221320628,640
117360,Clay,5,2,3,0.4,1501.3936877613482,967
117361,Hard,9,3,6,0.3333,1475.3591449233384,2730
117361,Clay,2,0,2,0.0,1475.4059374687558,2390
117361,Grass,2,1,1,0.5,1499.6603015202152,531
117365,Hard,7,1,6,0.1429,1451.8653966838792,3232
117365,Clay,5,2,3,0.4,1488.1756984459248,1640
118053,Hard,4,1,3,0.25,1475.432114070788,2725
118591,Hard,2,0,2,0.0,1476.414300586377,2651
118808,Clay,5,4,1,0.8,1534.5345377407336,389
119506,Hard,1,0,1,0.0,1494.8895760981202,1320
119511,Clay,1,0,1,0.0,1488.8010450332902,1528
120270,Hard,1,0,1,0.0,1487.7557918340133,2008
120401,Hard,5,4,1,0.8,1533.3718324391004,454
120401,Clay,2,1,1,0.5,1500.414300586377,1006
120424,Hard,15,5,10,0.3333,1493.0319113621895,1404
120424,Clay,9,4,5,0.4444,1510.0897075628798,787
120424,Grass,2,0,2,0.0,1486.5243703793944,1021
120792,Hard,2,1,1,0.5,1497.1967021075993,1255
120792,Clay,1,0,1,0.0,1489.6653701253042,1455
120792,Grass,1,1,0,1.0,1512.0,371
120798,Hard,2,1,1,0.5,1500.4028191956224,1112
121331,Hard,2,0,2,0.0,1478.4446180898633,2513
121366,Clay,1,0,1,0.0,1488.7973683139228,1530
121411,Hard,19,7,12,0.3684,1478.8297639180103,2488
121411,Grass,3,2,1,0.6667,1510.574835598858,393
121411,Clay,2,0,2,0.0,1472.2846375501088,2472
121531,Clay,2,1,1,0.5,1511.929027097258,723
121531,Grass,1,0,1,0.0,1491.4125965669446,664
121648,Clay,1,0,1,0.0,1488.0,1725
121896,Hard,3,1,2,0.3333,1499.3142495774214,1180
121896,Clay,2,0,2,0.0,1476.7639986625402,2287
121908,Hard,3,0,3,0.0,1463.303672793402,3043
121908,Clay,1,0,1,0.0,1488.2416912760177,1631
121971,Clay,1,0,1,0.0,1488.4385986492794,1578
122047,Hard,4,1,3,0.25,1481.114713680099,2400
122078,Hard,9,2,7,0.2222,1469.5861134566078,2870
122078,Clay,5,2,3,0.4,1505.9915662026704,865
122082,Hard,1,0,1,0.0,1490.6474251610618,1544
122109,Hard,10,1,9,0.1,1436.4834562119393,3374
122109,Clay,3,1,2,0.3333,1488.107916079549,1646
122109,Grass,2,0,2,0.0,1479.1219380655027,1135
122236,Hard,1,0,1,0.0,1488.0,1929
122260,Hard,1,0,1,0.0,1488.3997152303234,1791
122261,Hard,1,0,1,0.0,1487.6255839257194,2038
122279,Hard,1,0,1,0.0,1489.1667486434335,1689
122298,Hard,201,104,97,0.5174,1679.2040282535822,76
122298,Clay,78,41,37,0.5256,1570.2066984075057,230
122298,Grass,29,13,16,0.4483,1501.2649266737094,491
122321,Hard,1,1,0,1.0,1512.3067459292338,714
122330,Hard,267,138,129,0.5169,1673.2816761759964,79
122330,Clay,105,53,52,0.5048,1635.1237014017536,94
122330,Grass,70,45,25,0.6429,1664.31237843053,40
122471,Hard,1,0,1,0.0,1489.844340996403,1619
122513,Hard,1,0,1,0.0,1487.6051192329012,2042
122533,Hard,7,5,2,0.7143,1536.3655400277423,430
122533,Clay,1,0,1,0.0,1489.2777398596334,1481
122548,Hard,11,3,8,0.2727,1463.361849894594,3040
122548,Clay,3,2,1,0.6667,1512.8223696107284,655
122554,Clay,4,1,3,0.25,1489.6229123340052,1456
122554,Hard,2,1,1,0.5,1500.6832500535822,1099
122567,Hard,1,0,1,0.0,1488.0,1951
122570,Hard,6,0,6,0.0,1455.4227121466108,3168
122635,Clay,1,0,1,0.0,1487.0067843763964,1889
122649,Hard,1,1,0,1.0,1512.0,767
122669,Clay,62,31,31,0.5,1564.3909846525958,250
122669,Hard,23,5,18,0.2174,1428.8345932646935,3421
122669,Grass,1,0,1,0.0,1487.6106332733361,924
122687,Hard,3,1,2,0.3333,1491.3888305250123,1503
123200,Hard,1,0,1,0.0,1487.585699413623,2050
123315,Hard,2,1,1,0.5,1500.0009090042693,1141
123755,Clay,66,27,39,0.4091,1462.659725108507,2696
123755,Hard,57,22,35,0.386,1470.1173139224393,2857
123755,Grass,11,6,5,0.5455,1520.2033966964304,309
123768,Hard,2,0,2,0.0,1481.8778759512184,2370
123773,Carpet,1,0,1,0.0,1488.0,796
123795,Hard,15,10,5,0.6667,1561.2622743216605,295
123795,Clay,3,1,2,0.3333,1487.7443914241735,1790
123795,Grass,3,1,2,0.3333,1496.7961240885188,570
123809,Clay,5,1,4,0.2,1483.3698105912308,2024
123814,Clay,1,0,1,0.0,1488.0,1726
123828,Grass,18,10,8,0.5556,1500.033917270491,520
123828,Hard,11,0,11,0.0,1440.953087168656,3339
123828,Clay,8,2,6,0.25,1485.9006147786204,1948
123896,Hard,2,1,1,0.5,1507.692200175566,907
123915,Hard,2,0,2,0.0,1476.9027598720422,2610
123921,Clay,13,4,9,0.3077,1470.4303600055239,2504
123921,Hard,4,0,4,0.0,1456.9846831623033,3141
123961,Hard,4,1,3,0.25,1479.8238951731591,2444
123961,Clay,4,2,2,0.5,1498.8168988835548,1099
123965,Clay,1,0,1,0.0,1488.7410444213415,1542
123965,Hard,1,1,0,1.0,1510.3986035949715,844
123969,Hard,2,0,2,0.0,1478.7992453328561,2491
123983,Clay,6,2,4,0.3333,1479.6279690561146,2143
123983,Hard,6,3,3,0.5,1500.7348429857655,1095
123997,Hard,4,0,4,0.0,1452.689225573298,3219
124013,Hard,1,0,1,0.0,1487.6756610352138,2030
124013,Clay,1,0,1,0.0,1491.4373811644912,1341
124014,Hard,43,15,28,0.3488,1458.3816434892492,3113
124014,Clay,14,4,10,0.2857,1458.4279899256017,2757
124014,Grass,6,2,4,0.3333,1479.8274269065034,1120
124022,Hard,3,0,3,0.0,1466.4231346597135,2942
124023,Hard,1,0,1,0.0,1487.5657086695264,2071
124063,Hard,4,2,2,0.5,1502.5163895912324,1022
124063,Clay,1,0,1,0.0,1489.127523313726,1496
124079,Clay,134,62,72,0.4627,1550.9228826058202,298
124079,Hard,85,30,55,0.3529,1456.6723279304476,3151
124079,Grass,16,5,11,0.3125,1448.8518886261086,1511
124116,Clay,71,29,42,0.4085,1543.8710105212149,333
124116,Hard,47,16,31,0.3404,1457.0509591722437,3138
124116,Grass,21,10,11,0.4762,1519.0461914649497,319
124126,Hard,1,1,0,1.0,1512.0,754
124154,Hard,4,1,3,0.25,1478.889511750252,2486
124154,Grass,1,0,1,0.0,1487.6474916930388,913
124186,Hard,86,38,48,0.4419,1572.5859077562318,259
124186,Clay,64,27,37,0.4219,1532.7116133674406,405
124186,Grass,8,2,6,0.25,1480.079892998127,1112
124187,Hard,194,104,90,0.5361,1643.733771515837,104
124187,Clay,43,16,27,0.3721,1500.2734804637753,1016
124187,Grass,25,12,13,0.48,1518.2187299341258,323
124487,Clay,3,0,3,0.0,1467.6404326242994,2578
125571,Hard,5,3,2,0.6,1513.0663072915954,692
125572,Clay,2,0,2,0.0,1475.5581238441655,2377
125572,Hard,2,0,2,0.0,1476.0714319424087,2678
125573,Hard,2,0,2,0.0,1476.480494285161,2641
125574,Hard,1,0,1,0.0,1492.9682724012964,1410
125781,Hard,1,1,0,1.0,1512.0,748
125782,Clay,1,0,1,0.0,1491.0954418046047,1362
125783,Hard,1,0,1,0.0,1487.3447379870886,2108
125802,Hard,116,60,56,0.5172,1614.3755127141906,155
125802,Clay,39,16,23,0.4103,1521.3345648546526,548
125802,Grass,23,12,11,0.5217,1523.7251583337618,276
125803,Hard,2,0,2,0.0,1476.9604008316464,2601
125833,Hard,1,1,0,1.0,1512.0,763
125842,Clay,3,1,2,0.3333,1484.2772677279754,1996
125842,Hard,1,0,1,0.0,1487.0478346623502,2165
126094,Hard,464,293,171,0.6315,1693.9051778596145,64
126094,Clay,174,117,57,0.6724,1756.1763863358121,21
126094,Grass,38,23,15,0.6053,1589.7915427167948,105
126102,Hard,1,0,1,0.0,1486.0229392057554,2260
126106,Grass,12,6,6,0.5,1505.2658440573302,425
126106,Hard,1,0,1,0.0,1485.4405893781918,2276
126107,Hard,2,0,2,0.0,1490.1110969046354,1588
126107,Clay,1,1,0,1.0,1512.8307526629173,654
126116,Hard,2,0,2,0.0,1477.5416224532153,2562
126120,Clay,6,1,5,0.1667,1458.955119225864,2747
126120,Hard,4,1,3,0.25,1490.0379093292106,1601
126125,Clay,4,0,4,0.0,1475.4427753234718,2386
126125,Hard,1,0,1,0.0,1489.2022774925076,1685
126125,Grass,1,0,1,0.0,1487.889911522606,892
126127,Hard,121,58,63,0.4793,1616.4410567756747,150
126127,Grass,34,18,16,0.5294,1521.8277235377714,292
126127,Clay,26,9,17,0.3462,1497.897706610019,1131
126128,Hard,105,48,57,0.4571,1609.4123324039374,160
126128,Grass,30,16,14,0.5333,1555.5260495163036,169
126128,Clay,28,12,16,0.4286,1529.406489749952,436
126129,Hard,22,4,18,0.1818,1428.9494496054483,3420
126129,Grass,20,12,8,0.6,1540.212831355227,203
126129,Clay,2,0,2,0.0,1479.2692095268296,2160
126143,Hard,1,0,1,0.0,1488.4233671996417,1775
126149,Clay,31,14,17,0.4516,1529.6726282208265,434
126149,Hard,26,9,17,0.3462,1494.8204419551648,1324
126149,Grass,2,1,1,0.5,1503.53984126915,446
126152,Hard,1,0,1,0.0,1494.3375452583275,1337
126156,Hard,13,3,10,0.2308,1460.3509732408768,3082
126156,Clay,4,2,2,0.5,1513.2550690349622,643
126156,Grass,2,1,1,0.5,1500.917657895665,495
126174,Hard,3,2,1,0.6667,1510.4150577575533,842
126177,Hard,2,0,2,0.0,1481.5081195770301,2383
126185,Hard,2,0,2,0.0,1487.3487084163569,2107
126190,Clay,9,5,4,0.5556,1511.014567610171,758
126190,Hard,3,2,1,0.6667,1514.8456052981512,662
126197,Clay,8,5,3,0.625,1516.966265396495,595
126197,Grass,2,0,2,0.0,1488.0,875
126203,Hard,443,275,168,0.6208,1771.8782201250972,23
126203,Clay,99,55,44,0.5556,1642.0239344003337,85
126203,Grass,94,64,30,0.6809,1742.252441577991,13
126204,Hard,8,3,5,0.375,1483.9458444626116,2317
126204,Clay,5,2,3,0.4,1494.0243990233046,1231
126205,Hard,294,179,115,0.6088,1756.4476694754687,31
126205,Clay,96,58,38,0.6042,1726.2155719582875,28
126205,Grass,52,35,17,0.6731,1638.3248822937853,56
126206,Hard,1,0,1,0.0,1492.4840812906396,1437
126207,Hard,383,213,170,0.5561,1784.7448548395434,19
126207,Clay,109,56,53,0.5138,1626.8224613443508,108
126207,Grass,63,40,23,0.6349,1622.2227489882632,73
126208,Hard,1,0,1,0.0,1492.813456503413,1420
126209,Hard,4,2,2,0.5,1499.8040442335189,1157
126209,Clay,2,1,1,0.5,1500.3197882792888,1015
126214,Hard,114,54,60,0.4737,1607.3666295085188,163
126214,Clay,101,55,46,0.5446,1601.058290490964,147
126214,Grass,19,8,11,0.4211,1500.1538178150033,517
126223,Hard,2,0,2,0.0,1476.7423689004681,2630
126237,Clay,3,1,2,0.3333,1495.4402304849543,1196
126237,Hard,1,0,1,0.0,1487.4099918366742,2094
126239,Hard,164,78,86,0.4756,1626.2875187556647,130
126239,Clay,80,38,42,0.475,1571.3800330416632,227
126239,Grass,36,15,21,0.4167,1520.3327570043273,306
126283,Hard,1,0,1,0.0,1490.6098358287288,1547
126283,Grass,1,0,1,0.0,1490.3681656812835,694
126328,Hard,1,0,1,0.0,1488.0,1937
126340,Hard,31,9,22,0.2903,1440.4331691370398,3342
126340,Clay,3,1,2,0.3333,1491.8477548412084,1325
126409,Hard,26,9,17,0.3462,1469.7505785142182,2865
126409,Clay,9,2,7,0.2222,1465.3886084959886,2636
126409,Grass,3,1,2,0.3333,1488.1347233878896,828
126473,Hard,1,1,0,1.0,1512.0,750
126502,Clay,1,1,0,1.0,1513.0552229582254,649
126504,Clay,33,19,14,0.5758,1572.6588810498697,224
126504,Grass,2,1,1,0.5,1497.7095995591985,563
126504,Hard,1,0,1,0.0,1486.694521635301,2213
126523,Clay,59,28,31,0.4746,1562.2754276720073,257
126523,Hard,32,7,25,0.2188,1402.0538770354185,3499
126523,Grass,6,0,6,0.0,1439.2208686262782,1564
126526,Hard,3,1,2,0.3333,1488.3587867759877,1802
126526,Carpet,2,1,1,0.5,1500.0142917836072,462
126530,Hard,2,1,1,0.5,1499.3416053165815,1178
126533,Clay,1,0,1,0.0,1492.972523669007,1263
126535,Clay,35,14,21,0.4,1517.1496019415304,591
126535,Hard,12,4,8,0.3333,1488.2486572711077,1816
126535,Grass,1,0,1,0.0,1486.513569659274,1022
126555,Hard,19,9,10,0.4737,1520.0169882124947,604
126573,Hard,1,0,1,0.0,1485.2898875780795,2279
126591,Hard,1,0,1,0.0,1495.2638585078419,1312
126609,Hard,2,0,2,0.0,1481.8779301879406,2369
126609,Carpet,1,0,1,0.0,1487.1711754221797,892
126609,Clay,1,1,0,1.0,1512.0349453579145,678
126610,Hard,204,113,91,0.5539,1695.558960553057,62
126610,Clay,121,81,40,0.6694,1726.7159333722777,27
126610,Grass,57,44,13,0.7719,1709.5499823443336,20
126612,Hard,3,0,3,0.0,1469.2029531811122,2875
126613,Hard,1,1,0,1.0,1511.2601065378728,813
126623,Clay,2,1,1,0.5,1504.3278838631538,900
126627,Clay,4,1,3,0.25,1478.1126162601972,2200
126646,Hard,11,3,8,0.2727,1472.1626756718972,2815
126646,Grass,11,8,3,0.7273,1557.9805299562304,157
126652,Grass,14,2,12,0.1429,1410.5955374081582,1633
126652,Clay,2,1,1,0.5,1500.0227867125845,1030
126652,Hard,2,0,2,0.0,1476.0984698979707,2674
126663,Clay,5,1,4,0.2,1478.0491489291082,2203
126663,Grass,5,2,3,0.4,1487.585699413623,930
126663,Hard,5,3,2,0.6,1522.942420569606,556
126681,Clay,1,0,1,0.0,1486.6261758127528,1921
126689,Hard,3,0,3,0.0,1466.5684741327336,2939
126689,Clay,2,0,2,0.0,1474.6586197733218,2423
126762,Hard,7,3,4,0.4286,1489.4425383706555,1655
126772,Clay,1,0,1,0.0,1488.7836523794304,1532
126774,Hard,402,255,147,0.6343,1724.0386257489401,44
126774,Clay,195,143,52,0.7333,1781.7589122965703,15
126774,Grass,46,24,22,0.5217,1544.4186245051833,188
126845,Hard,55,20,35,0.3636,1513.543318992113,683
126845,Grass,19,8,11,0.4211,1500.7442908839168,500
126845,Clay,11,4,7,0.3636,1473.8923852094506,2444
126846,Hard,127,54,73,0.4252,1520.2278774346078,602
126846,Grass,34,17,17,0.5,1503.7929589390967,443
126846,Clay,25,7,18,0.28,1439.454747926092,2935
126939,Hard,10,5,5,0.5,1515.7157549119054,647
126939,Grass,1,1,0,1.0,1512.0,372
126939,Clay,1,0,1,0.0,1488.0,1731
126952,Hard,117,58,59,0.4957,1575.462094798415,248
126952,Clay,21,9,12,0.4286,1516.9318143794596,596
126952,Grass,17,9,8,0.5294,1533.6323751125408,226
126964,Clay,15,5,10,0.3333,1473.3946066135284,2456
126964,Hard,13,5,8,0.3846,1504.680688003186,964
126964,Grass,1,0,1,0.0,1488.6943477154794,787
127108,Clay,6,2,4,0.3333,1491.3379521283575,1346
127123,Clay,1,0,1,0.0,1496.846988605683,1157
127143,Clay,4,1,3,0.25,1477.2877155011438,2238
127143,Hard,3,3,0,1.0,1534.3801065723346,446
127157,Hard,113,36,77,0.3186,1487.9414359744833,1978
127157,Clay,110,47,63,0.4273,1540.9130376510104,350
127157,Grass,33,14,19,0.4242,1476.9362863663157,1191
127195,Hard,1,0,1,0.0,1488.0,1945
127300,Clay,2,1,1,0.5,1499.0169835737006,1092
127300,Hard,1,1,0,1.0,1513.9392935739995,674
127326,Hard,1,0,1,0.0,1488.0,1924
127326,Clay,1,0,1,0.0,1487.5732931053644,1826
127339,Hard,40,20,20,0.5,1593.9101404097667,198
127339,Clay,8,2,6,0.25,1469.6722627871804,2523
127339,Grass,4,1,3,0.25,1474.7214097440924,1270
127570,Hard,2,1,1,0.5,1503.558177876773,991
127570,Clay,1,0,1,0.0,1486.8158749081363,1906
127760,Hard,21,6,15,0.2857,1461.5941803953478,3064
127760,Clay,9,4,5,0.4444,1508.100833942135,823
127760,Grass,3,1,2,0.3333,1485.1325507330578,1055
128034,Hard,304,182,122,0.5987,1739.3736204653965,39
128034,Clay,91,51,40,0.5604,1669.4098059731966,52
128034,Grass,51,31,20,0.6078,1623.5853092401762,72
129814,Clay,2,0,2,0.0,1475.3605489037318,2392
129814,Grass,1,0,1,0.0,1487.607256225218,926
129814,Hard,1,0,1,0.0,1491.4282392779992,1501
131866,Clay,2,0,2,0.0,1487.3035644120785,1864
131905,Hard,8,3,5,0.375,1502.2999882314145,1027
131905,Clay,5,2,3,0.4,1498.2497333559104,1121
131934,Clay,15,7,8,0.4667,1539.8554097274575,360
131934,Hard,12,5,7,0.4167,1519.3284266761789,611
131934,Grass,2,0,2,0.0,1482.0251629089623,1087
131951,Hard,9,3,6,0.3333,1475.5336201637788,2720
131951,Clay,2,1,1,0.5,1498.3450053097367,1118
132028,Hard,1,0,1,0.0,1491.0994474059548,1514
132040,Hard,2,0,2,0.0,1478.7729758677303,2492
132283,Hard,219,100,119,0.4566,1594.8749606480665,194
132283,Clay,128,59,69,0.4609,1511.7068567817364,727
132283,Grass,60,32,28,0.5333,1558.8614399149803,153
132374,Hard,3,0,3,0.0,1463.5235222409278,3036
132482,Hard,4,0,4,0.0,1471.1117371092896,2833
132566,Hard,1,0,1,0.0,1488.0113832623492,1852
132573,Hard,2,0,2,0.0,1487.4122638181893,2093
132573,Grass,2,0,2,0.0,1487.5467449839462,948
132686,Hard,131,63,68,0.4809,1621.4871671246249,135
132686,Clay,78,38,40,0.4872,1583.9109080125538,183
132686,Grass,31,14,17,0.4516,1516.6212563082242,333
132932,Hard,2,0,2,0.0,1477.0686177027308,2598
133018,Hard,12,2,10,0.1667,1442.0004464948024,3329
133018,Clay,1,0,1,0.0,1488.0,1736
133082,Hard,1,0,1,0.0,1487.1718773339585,2144
133197,Clay,2,0,2,0.0,1490.1458769512237,1421
133297,Hard,35,16,19,0.4571,1576.6328523788698,246
133297,Clay,8,3,5,0.375,1489.2354094643747,1486
133297,Grass,5,3,2,0.6,1521.8494149855344,291
133301,Clay,1,0,1,0.0,1488.7012353885636,1548
133430,Hard,363,209,154,0.5758,1711.6164793430926,53
133430,Clay,89,42,47,0.4719,1540.2053238032124,355
133430,Grass,52,23,29,0.4423,1507.6536005346784,410
133835,Hard,10,5,5,0.5,1524.5011546816459,522
133835,Clay,9,5,4,0.5556,1516.325508992391,606
133835,Grass,8,3,5,0.375,1497.7192279931435,562
133933,Hard,5,3,2,0.6,1504.2120465264638,975
133975,Clay,16,10,6,0.625,1541.9846110694948,343
133975,Hard,14,6,8,0.4286,1490.567657593717,1554
133979,Clay,1,0,1,0.0,1488.9163647393184,1509
134087,Hard,2,1,1,0.5,1499.6564129541966,1164
134087,Grass,1,0,1,0.0,1489.6144708952036,734
134114,Clay,1,0,1,0.0,1487.2469284458055,1869
134114,Hard,1,0,1,0.0,1485.4482978969293,2275
134120,Hard,4,2,2,0.5,1500.036098995621,1133
134217,Hard,1,1,0,1.0,1512.0,753
134302,Hard,1,1,0,1.0,1511.6933098259713,781
134457,Clay,13,5,8,0.3846,1490.544392639396,1400
134457,Hard,6,1,5,0.1667,1467.2519846968764,2924
134457,Grass,1,0,1,0.0,1487.181811846316,979
134472,Clay,5,1,4,0.2,1472.1024192731493,2474
134472,Hard,4,1,3,0.25,1493.0438242713476,1403
134472,Grass,4,3,1,0.75,1525.4673435642655,265
134507,Hard,1,0,1,0.0,1488.7634943643902,1733
134518,Hard,1,0,1,0.0,1495.8395136221461,1291
134677,Clay,5,1,4,0.2,1461.6827392493788,2715
134770,Clay,260,192,68,0.7385,1825.4821675180447,9
134770,Hard,254,142,112,0.5591,1675.2441190405705,77
134770,Grass,13,5,8,0.3846,1481.5476114302105,1093
134840,Clay,5,0,5,0.0,1468.6341017299148,2553
134840,Hard,1,0,1,0.0,1488.025888032921,1849
134840,Grass,1,0,1,0.0,1487.584206507034,934
134854,Carpet,1,0,1,0.0,1488.414300586377,699
134868,Hard,194,95,99,0.4897,1649.6742920285578,96
134868,Clay,71,31,40,0.4366,1547.4935810280224,312
134868,Grass,39,22,17,0.5641,1558.8143814976836,154
134886,Clay,6,2,4,0.3333,1479.4238739601076,2151
134886,Hard,3,1,2,0.3333,1488.9335070635498,1705
136440,Hard,80,37,43,0.4625,1592.0428316520881,203
136440,Clay,41,19,22,0.4634,1566.0700155016204,245
136440,Grass,15,5,10,0.3333,1461.6166054836951,1430
136704,Clay,1,0,1,0.0,1489.2295131358112,1487
137018,Clay,4,1,3,0.25,1473.3503011320265,2457
137018,Hard,1,0,1,0.0,1487.676211540282,2029
138431,Hard,1,0,1,0.0,1487.7636721831648,2003
138485,Clay,1,1,0,1.0,1512.0,717
138845,Hard,1,1,0,1.0,1511.1398574364002,820
138846,Hard,8,4,4,0.5,1501.8681024070536,1038
144642,Clay,30,10,20,0.3333,1477.9232605723942,2213
144642,Hard,17,5,12,0.2941,1479.7229605047005,2447
144642,Grass,6,3,3,0.5,1507.1430376445865,413
144645,Clay,6,1,5,0.1667,1484.9096840944298,1975
144645,Grass,2,0,2,0.0,1476.5088176358825,1203
144645,Hard,1,0,1,0.0,1491.3426271096444,1504
144650,Hard,1,1,0,1.0,1509.343291546808,871
144652,Grass,1,0,1,0.0,1489.0233929574724,764
144656,Clay,2,1,1,0.5,1498.4087955845037,1115
144681,Grass,1,1,0,1.0,1511.8934937469849,374
144684,Clay,79,52,27,0.6582,1675.9480873812124,49
144684,Hard,51,24,27,0.4706,1583.2518990558774,224
144684,Grass,15,8,7,0.5333,1503.58900378231,445
144687,Hard,2,0,2,0.0,1477.1240459078595,2591
144707,Hard,108,53,55,0.4907,1601.3035322251808,178
144707,Clay,34,14,20,0.4118,1506.9151310025268,842
144707,Grass,13,6,7,0.4615,1506.4966244659356,417
144719,Clay,167,78,89,0.4671,1527.4380573435444,447
144719,Hard,142,65,77,0.4577,1689.5614694405253,67
144719,Grass,27,8,19,0.2963,1473.1435101617521,1289
144747,Hard,4,0,4,0.0,1455.316557799263,3173
144748,Hard,3,1,2,0.3333,1488.7604261551849,1734
144750,Hard,133,75,58,0.5639,1647.5454400085375,99
144750,Clay,27,7,20,0.2593,1448.2947280763062,2870
144750,Grass,20,9,11,0.45,1501.2754615586757,490
144751,Hard,6,0,6,0.0,1459.6449301905284,3094
144751,Clay,2,2,0,1.0,1522.0972534421687,538
144760,Clay,6,2,4,0.3333,1490.5758613675814,1398
144760,Carpet,1,0,1,0.0,1488.7564060253533,674
144760,Hard,1,0,1,0.0,1491.0883924241298,1515
144771,Clay,1,0,1,0.0,1487.0271277962813,1883
144771,Hard,1,0,1,0.0,1488.0,1926
144772,Clay,1,0,1,0.0,1487.5209190597197,1840
144772,Hard,1,0,1,0.0,1487.1861736317326,2141
144773,Clay,3,0,3,0.0,1467.2071013118336,2592
144773,Hard,2,1,1,0.5,1499.2758732425182,1183
144774,Hard,1,0,1,0.0,1487.585699413623,2057
144775,Hard,3,1,2,0.3333,1486.599404394741,2217
144775,Clay,1,0,1,0.0,1488.0,1732
144776,Hard,3,0,3,0.0,1467.2905748289522,2922
144776,Clay,1,0,1,0.0,1487.5910167836398,1812
144777,Clay,1,0,1,0.0,1488.0,1727
144797,Clay,2,1,1,0.5,1504.4617927066745,899
144799,Clay,1,0,1,0.0,1488.7996925558277,1529
144799,Hard,1,1,0,1.0,1512.0,751
144807,Hard,1,0,1,0.0,1492.1531912942062,1453
144813,Hard,2,0,2,0.0,1479.6189851287074,2452
144813,Carpet,1,1,0,1.0,1512.0,306
144814,Hard,7,1,6,0.1429,1455.3704206838263,3171
144814,Clay,3,1,2,0.3333,1490.882735462515,1373
144814,Carpet,1,0,1,0.0,1487.585699413623,848
144817,Hard,51,22,29,0.4314,1498.329869872974,1218
144817,Clay,32,10,22,0.3125,1444.9130925898255,2902
144817,Grass,16,4,12,0.25,1448.7634393816122,1512
144821,Clay,8,4,4,0.5,1508.343798516294,821
144821,Hard,2,1,1,0.5,1498.7035004586767,1206
144821,Grass,1,0,1,0.0,1488.433464807806,802
144826,Hard,18,5,13,0.2778,1452.4674099061704,3223
144826,Clay,5,2,3,0.4,1489.9020979600539,1437
144826,Grass,4,1,3,0.25,1489.0953092839761,761
144841,Hard,4,1,3,0.25,1481.7376778126638,2373
144841,Carpet,2,2,0,1.0,1523.585699413623,197
144841,Grass,1,0,1,0.0,1489.2484397216904,756
144854,Hard,4,0,4,0.0,1453.0827087943956,3213
144869,Clay,148,84,64,0.5676,1630.189204788732,100
144869,Hard,117,50,67,0.4274,1580.7018202304846,230
144869,Grass,19,4,15,0.2105,1430.0059675264479,1597
144870,Clay,15,8,7,0.5333,1514.303140311912,629
144870,Hard,5,1,4,0.2,1481.3635567364902,2392
144870,Grass,1,0,1,0.0,1487.9810480749627,882
144895,Hard,129,57,72,0.4419,1596.4303666264072,192
144895,Clay,98,39,59,0.398,1529.9845558795084,432
144895,Grass,36,16,20,0.4444,1514.1665070121578,342
144896,Hard,1,0,1,0.0,1487.3748051849702,2102
144909,Clay,1,0,1,0.0,1494.6601263367838,1211
144923,Clay,2,1,1,0.5,1503.046288273785,930
144923,Grass,1,0,1,0.0,1487.0547206489834,990
144927,Hard,1,0,1,0.0,1488.9663624108553,1703
144932,Hard,3,2,1,0.6667,1509.862528235864,857
144932,Clay,2,0,2,0.0,1479.4294927333676,2149
144940,Hard,2,0,2,0.0,1478.5383292034112,2503
144946,Hard,1,0,1,0.0,1490.8986189396974,1527
144949,Hard,2,0,2,0.0,1476.8172177616111,2619
144949,Clay,1,0,1,0.0,1487.2354522817618,1872
144972,Hard,5,0,5,0.0,1452.8573900918475,3218
144972,Clay,1,0,1,0.0,1491.3416939739045,1345
144973,Clay,1,0,1,0.0,1491.8635891416513,1324
144984,Hard,1,0,1,0.0,1489.883523416941,1615
144985,Hard,4,2,2,0.5,1507.861579404733,899
144985,Grass,1,0,1,0.0,1487.7952285008198,903
144997,Grass,1,0,1,0.0,1487.6280561756819,919
145001,Hard,1,0,1,0.0,1493.8180951017114,1367
145003,Hard,1,0,1,0.0,1485.8543229878183,2264
145016,Hard,3,0,3,0.0,1465.524676059034,2970
145022,Hard,1,0,1,0.0,1487.559644843659,2072
145023,Hard,2,0,2,0.0,1475.2271891349387,2738
148679,Hard,2,0,2,0.0,1480.8318918944326,2411
149152,Clay,1,0,1,0.0,1490.9116749481936,1370
149266,Clay,2,1,1,0.5,1500.414300586377,1008
149282,Hard,25,9,16,0.36,1471.0086203373012,2835
149282,Clay,14,6,8,0.4286,1499.6939529509611,1055
149282,Grass,3,2,1,0.6667,1511.4221528638066,383
149283,Clay,1,1,0,1.0,1512.0,714
149283,Hard,1,1,0,1.0,1512.0,760
149284,Clay,1,0,1,0.0,1488.0,1738
149285,Clay,1,1,0,1.0,1512.0,713
149843,Clay,3,1,2,0.3333,1487.2418051546747,1871
198630,Clay,1,0,1,0.0,1488.414300586377,1587
198661,Clay,1,1,0,1.0,1512.414300586377,669
200000,Hard,346,221,125,0.6387,1799.185090769947,17
200000,Clay,119,65,54,0.5462,1669.9277017165143,51
200000,Grass,61,39,22,0.6393,1624.762995043361,69
200005,Hard,263,149,114,0.5665,1701.6757685052967,59
200005,Grass,76,45,31,0.5921,1592.343359229622,98
200005,Clay,69,25,44,0.3623,1471.687916600821,2481
200008,Hard,18,6,12,0.3333,1491.8104873474897,1480
200008,Grass,8,5,3,0.625,1512.5737342190844,359
200008,Clay,4,2,2,0.5,1499.7991673194067,1049
200014,Hard,1,1,0,1.0,1512.0,757
200031,Clay,5,1,4,0.2,1482.5018373391097,2047
200031,Hard,4,1,3,0.25,1478.4648852829775,2511
200045,Hard,4,1,3,0.25,1477.7158710906403,2554
200045,Clay,1,0,1,0.0,1487.585699413623,1819
200059,Hard,68,34,34,0.5,1613.1697648266818,157
200059,Clay,13,4,9,0.3077,1490.453156248277,1402
200059,Grass,10,1,9,0.1,1452.2325252269657,1490
200075,Hard,9,3,6,0.3333,1472.0757226028072,2816
200075,Clay,3,1,2,0.3333,1492.6700738095574,1279
200080,Hard,2,0,2,0.0,1477.091598845897,2593
200095,Hard,6,2,4,0.3333,1501.3780706200564,1061
200095,Clay,4,1,3,0.25,1491.1983260701793,1355
200095,Grass,2,0,2,0.0,1482.7158784185954,1080
200096,Hard,4,0,4,0.0,1460.612832315129,3079
200096,Clay,1,0,1,0.0,1488.4223144080347,1580
200116,Clay,80,41,39,0.5125,1581.0165976791388,192
200116,Hard,40,9,31,0.225,1442.4770751239275,3324
200116,Grass,4,0,4,0.0,1456.059512415078,1468
200125,Clay,1,0,1,0.0,1493.063540562592,1261
200153,Hard,1,0,1,0.0,1488.414300586377,1785
200175,Hard,273,132,141,0.4835,1549.3192537444197,348
200175,Clay,102,46,56,0.451,1522.4357072846624,533
200175,Grass,46,21,25,0.4565,1506.5611913519779,416
200181,Hard,1,0,1,0.0,1489.51044855642,1651
200184,Clay,2,0,2,0.0,1488.3912259086212,1606
200188,Hard,1,0,1,0.0,1494.2457076101603,1340
200188,Grass,1,0,1,0.0,1489.2544250375147,754
200214,Hard,4,1,3,0.25,1490.2403033986532,1580
200214,Clay,1,0,1,0.0,1488.7074933425645,1547
200218,Clay,5,1,4,0.2,1473.4976642482077,2453
200218,Hard,4,1,3,0.25,1479.3011794231059,2468
200221,Hard,224,121,103,0.5402,1718.5063623148121,46
200221,Clay,113,60,53,0.531,1636.7043321909723,93
200221,Grass,43,26,17,0.6047,1587.9483360563038,106
200240,Clay,70,36,34,0.5143,1555.5134289168022,281
200240,Hard,32,11,21,0.3438,1490.0983136378459,1592
200240,Grass,11,4,7,0.3636,1485.6823839248063,1045
200247,Hard,11,3,8,0.2727,1466.085080730074,2951
200247,Clay,1,1,0,1.0,1512.0,712
200250,Hard,3,0,3,0.0,1465.227672723766,2981
200250,Clay,1,0,1,0.0,1488.7138801600152,1545
200259,Hard,13,4,9,0.3077,1479.1163803159368,2476
200259,Clay,5,2,3,0.4,1494.0991189638714,1228
200265,Hard,1,0,1,0.0,1488.915817992149,1707
200266,Clay,1,0,1,0.0,1489.350722321556,1476
200267,Hard,121,56,65,0.4628,1614.902831890549,152
200267,Clay,37,14,23,0.3784,1484.5255892499601,1989
200267,Grass,29,17,12,0.5862,1540.9702817051955,199
200270,Hard,6,4,2,0.6667,1522.2268610539686,573
200270,Clay,6,2,4,0.3333,1476.2742127625168,2328
200271,Hard,1,0,1,0.0,1488.425277238072,1774
200272,Clay,1,1,0,1.0,1512.0,707
200272,Hard,1,1,0,1.0,1511.5717665283287,800
200273,Hard,14,7,7,0.5,1515.5598890914348,651
200273,Clay,11,4,7,0.3636,1480.3690862342685,2114
200274,Hard,4,2,2,0.5,1497.4313494841922,1248
200277,Grass,4,0,4,0.0,1469.45846939513,1323
200277,Clay,1,0,1,0.0,1487.7381545553208,1791
200278,Hard,4,1,3,0.25,1479.4848256267626,2457
200279,Hard,4,2,2,0.5,1504.8867243704344,959
200279,Clay,2,1,1,0.5,1498.8918055288184,1095
200282,Hard,409,271,138,0.6626,1830.64304067854,14
200282,Clay,101,53,48,0.5248,1681.1361837531347,43
200282,Grass,74,49,25,0.6622,1679.829723073005,34
200297,Hard,4,0,4,0.0,1451.145407426153,3240
200297,Clay,1,1,0,1.0,1512.0,710
200303,Hard,49,19,30,0.3878,1481.408301729242,2389
200303,Clay,33,17,16,0.5152,1556.2601411669664,275
200303,Grass,4,2,2,0.5,1501.7683603518205,480
200307,Hard,1,0,1,0.0,1490.5467589346133,1556
200310,Clay,1,0,1,0.0,1495.2915835435972,1200
200318,Hard,7,3,4,0.4286,1519.5104570459887,610
200318,Grass,3,0,3,0.0,1475.976491766935,1228
200318,Clay,1,0,1,0.0,1489.1236136071475,1498
200321,Hard,1,0,1,0.0,1488.0,1949
200325,Hard,152,85,67,0.5592,1657.912386760826,87
200325,Clay,42,16,26,0.381,1479.1334399992531,2163
200325,Grass,23,11,12,0.4783,1513.8150245276604,347
200325,Carpet,1,0,1,0.0,1488.0143094285309,721
200329,Hard,7,3,4,0.4286,1501.5995646298245,1049
200329,Grass,3,2,1,0.6667,1511.5770880769003,380
200329,Clay,2,1,1,0.5,1500.987030694985,977
200335,Hard,9,3,6,0.3333,1482.2577657285171,2363
200335,Clay,9,2,7,0.2222,1469.3574035664158,2532
200335,Grass,2,0,2,0.0,1477.5884235015315,1169
200336,Hard,1,0,1,0.0,1490.4142364967506,1565
200343,Hard,1,0,1,0.0,1494.3951568310156,1335
200368,Hard,1,0,1,0.0,1487.8503263249463,1991
200374,Hard,2,1,1,0.5,1506.5588272425452,921
200374,Clay,1,0,1,0.0,1487.8922136951967,1769
200384,Hard,80,29,51,0.3625,1510.3713188852307,845
200384,Clay,69,30,39,0.4348,1519.4945444480732,563
200384,Grass,11,6,5,0.5455,1517.5128741428796,331
200385,Hard,2,0,2,0.0,1477.1875114304419,2582
200385,Grass,1,0,1,0.0,1487.573071342465,939
200390,Hard,7,3,4,0.4286,1511.392725798739,810
200390,Clay,1,0,1,0.0,1487.4335119865855,1851
200401,Hard,1,0,1,0.0,1488.0,1931
200416,Hard,10,4,6,0.4,1483.8846710278776,2318
200416,Clay,5,3,2,0.6,1511.6904635535664,728
200416,Grass,5,3,2,0.6,1514.001539427113,344
200418,Hard,2,0,2,0.0,1480.1505487784991,2434
200436,Hard,16,10,6,0.625,1564.0761052332555,289
200436,Clay,9,4,5,0.4444,1501.873350695111,954
200436,Grass,2,1,1,0.5,1501.0175841126631,493
200443,Hard,74,26,48,0.3514,1482.1429648298972,2367
200443,Grass,17,8,9,0.4706,1493.181615745958,626
200443,Clay,13,5,8,0.3846,1499.621833563654,1060
200452,Clay,3,0,3,0.0,1475.7002326098316,2368
200460,Hard,2,2,0,1.0,1523.585699413623,538
200460,Clay,2,0,2,0.0,1476.480036505698,2304
200462,Clay,4,2,2,0.5,1497.8201392037915,1135
200462,Hard,4,3,1,0.75,1529.6111270779734,481
200462,Grass,2,1,1,0.5,1503.0678895142592,456
200473,Hard,62,39,23,0.629,1694.456285585587,63
200473,Clay,32,16,16,0.5,1556.0766298405933,276
200483,Hard,1,0,1,0.0,1488.0,1930
200484,Clay,12,4,8,0.3333,1482.0289955732344,2060
200484,Grass,5,1,4,0.2,1472.2002645598436,1298
200484,Hard,1,0,1,0.0,1493.620849894456,1377
200514,Clay,33,16,17,0.4848,1522.9399400844086,521
200514,Hard,29,16,13,0.5517,1601.2459077401716,179
200514,Grass,14,6,8,0.4286,1487.8760900016127,894
200516,Hard,17,5,12,0.2941,1479.8679090279043,2442
200516,Clay,8,0,8,0.0,1451.8554511029342,2841
200516,Grass,2,1,1,0.5,1507.136478046712,414
200525,Clay,1,0,1,0.0,1488.397668973692,1605
200526,Hard,1,0,1,0.0,1487.9133813486146,1982
200537,Hard,1,1,0,1.0,1511.585699413623,795
200538,Clay,1,0,1,0.0,1487.8548699470837,1774
200550,Hard,5,1,4,0.2,1474.702162237745,2761
200550,Clay,1,1,0,1.0,1510.7133276973043,770
200553,Hard,2,1,1,0.5,1500.2659578177477,1119
200562,Clay,2,0,2,0.0,1489.0745665734853,1502
200572,Hard,6,3,3,0.5,1502.9237274417858,1010
200572,Clay,3,1,2,0.3333,1495.6454879643363,1186
200574,Hard,2,1,1,0.5,1503.2520676134463,1001
200583,Hard,1,0,1,0.0,1487.5516446363404,2075
200587,Hard,14,2,12,0.1429,1428.2320020898846,3424
200587,Grass,3,1,2,0.3333,1489.925108449576,713
200587,Clay,1,0,1,0.0,1487.5140584908604,1841
200589,Hard,1,0,1,0.0,1495.444451446495,1302
200610,Grass,2,0,2,0.0,1474.8588022789108,1265
200610,Clay,1,0,1,0.0,1493.5964425909212,1238
200611,Clay,9,1,8,0.1111,1444.7357933808837,2903
200611,Hard,4,2,2,0.5,1504.493112553066,970
200615,Hard,195,86,109,0.441,1588.7922130754953,213
200615,Clay,81,41,40,0.5062,1616.0124918119175,126
200615,Grass,29,7,22,0.2414,1423.9282737688166,1616
200618,Clay,2,0,2,0.0,1477.2061397571103,2244
200618,Hard,1,0,1,0.0,1489.1494858058193,1691
200619,Hard,3,1,2,0.3333,1488.8369487231648,1719
200620,Hard,5,1,4,0.2,1465.0896077538737,2984
200621,Clay,2,1,1,0.5,1498.5181281633065,1108
200621,Hard,1,0,1,0.0,1490.3277360937807,1576
200622,Hard,1,0,1,0.0,1488.0,1925
200622,Clay,1,1,0,1.0,1512.0,709
200624,Hard,206,129,77,0.6262,1746.9052845149222,35
200624,Clay,52,28,24,0.5385,1589.9263585516321,171
200624,Grass,25,16,9,0.64,1590.4584128359672,102
200630,Clay,6,1,5,0.1667,1475.8264292214888,2360
200630,Grass,3,0,3,0.0,1471.5944213639468,1303
200630,Carpet,2,0,2,0.0,1477.8748122539857,1029
200630,Hard,2,0,2,0.0,1476.372501498273,2656
200647,Hard,42,11,31,0.2619,1435.0834148199706,3385
200647,Grass,16,10,6,0.625,1522.8275152004167,286
200647,Clay,1,0,1,0.0,1488.8218911984316,1523
200666,Hard,8,3,5,0.375,1493.9715060718972,1355
200670,Hard,83,39,44,0.4699,1524.8185322887703,517
200670,Clay,16,7,9,0.4375,1501.8440914109428,956
200670,Grass,6,3,3,0.5,1506.2371665996995,421
200672,Hard,9,2,7,0.2222,1457.284010216099,3131
200677,Hard,7,3,4,0.4286,1495.371317250113,1305
200677,Clay,1,0,1,0.0,1487.323762050867,1861
200677,Grass,1,0,1,0.0,1486.7680024992264,1012
200702,Clay,2,1,1,0.5,1499.704051863611,1054
200711,Hard,28,8,20,0.2857,1425.4264641343484,3436
200711,Clay,11,6,5,0.5455,1519.568113959818,562
200711,Grass,5,4,1,0.8,1534.4346657426565,223
200748,Clay,5,3,2,0.6,1510.0722588848637,788
200748,Hard,5,3,2,0.6,1512.1676639091743,718
200748,Grass,1,0,1,0.0,1488.003158449734,841
201987,Hard,2,0,2,0.0,1487.759000444624,2007
201995,Hard,2,1,1,0.5,1501.0183365472608,1077
202058,Clay,58,36,22,0.6207,1639.3718974945969,87
202058,Hard,35,20,15,0.5714,1583.9370636900042,222
202058,Grass,5,2,3,0.4,1487.3076341818612,961
202065,Clay,5,3,2,0.6,1512.0178557179775,680
202065,Hard,2,0,2,0.0,1482.1885085064328,2365
202075,Clay,5,2,3,0.4,1488.9398497176678,1506
202075,Hard,2,1,1,0.5,1503.6877861853916,986
202090,Hard,10,3,7,0.3,1484.3499630156216,2303
202103,Clay,175,108,67,0.6171,1707.5697017237833,34
202103,Hard,141,72,69,0.5106,1696.5014281786498,60
202103,Grass,28,17,11,0.6071,1529.9212305315068,243
202104,Clay,175,104,71,0.5943,1595.9230279678425,159
202104,Hard,119,45,74,0.3782,1539.0127633500144,417
202104,Grass,12,3,9,0.25,1446.4027897066799,1527
202120,Hard,6,1,5,0.1667,1459.1490526556481,3098
202120,Clay,3,1,2,0.3333,1489.102011753865,1499
202122,Grass,1,1,0,1.0,1511.585699413623,379
202122,Hard,1,0,1,0.0,1486.988713038666,2180
202127,Clay,16,8,8,0.5,1505.0401899360118,884
202127,Hard,4,2,2,0.5,1496.9255827202503,1267
202127,Grass,3,2,1,0.6667,1511.4702370378118,382
202130,Hard,1,0,1,0.0,1490.475507101314,1559
202146,Hard,6,1,5,0.1667,1480.5331960167407,2419
202146,Clay,4,3,1,0.75,1525.4127928126745,479
202146,Grass,2,1,1,0.5,1500.4874897038562,507
202147,Clay,1,0,1,0.0,1488.501165114752,1569
202147,Grass,1,0,1,0.0,1487.1248037340192,984
202165,Hard,5,2,3,0.4,1488.7269937093354,1742
202165,Clay,3,1,2,0.3333,1495.6080328878322,1190
202168,Hard,1,0,1,0.0,1494.4645557797523,1333
202195,Hard,66,29,37,0.4394,1530.2395674649606,478
202195,Grass,24,13,11,0.5417,1520.9795902742108,300
202195,Clay,11,1,10,0.0909,1434.7127224460633,2964
202197,Clay,1,0,1,0.0,1491.8941958407413,1322
202199,Clay,4,2,2,0.5,1501.9404103569314,951
202210,Hard,1,1,0,1.0,1512.0,755
202219,Hard,2,0,2,0.0,1476.0243373168962,2685
202235,Hard,2,1,1,0.5,1507.7110520493382,905
202246,Hard,1,0,1,0.0,1488.0,1938
202260,Grass,4,0,4,0.0,1456.303521942787,1463
202260,Hard,2,0,2,0.0,1481.4185296404378,2388
202260,Clay,2,1,1,0.5,1504.9833187221734,888
202261,Hard,36,16,20,0.4444,1535.3809891012697,439
202261,Clay,17,3,14,0.1765,1440.8966873428674,2926
202261,Grass,11,6,5,0.5455,1528.1183216592733,254
202262,Clay,4,1,3,0.25,1492.6807504092815,1278
202262,Hard,4,1,3,0.25,1475.8295883219698,2704
202262,Grass,3,0,3,0.0,1477.3279588908229,1178
202269,Hard,3,2,1,0.6667,1513.7367218188674,678
202290,Hard,12,7,5,0.5833,1524.9032051082481,516
202297,Hard,1,0,1,0.0,1488.8290149151142,1721
202300,Clay,1,0,1,0.0,1487.4895386142778,1845
202316,Hard,1,0,1,0.0,1487.3311158681204,2110
202320,Hard,12,5,7,0.4167,1514.414641798914,667
202320,Grass,1,0,1,0.0,1488.0691349375415,830
202333,Grass,2,1,1,0.5,1500.414300586377,509
202333,Hard,1,0,1,0.0,1487.4673334220604,2090
202335,Hard,1,0,1,0.0,1487.5415808578814,2084
202342,Hard,2,0,2,0.0,1486.797314874457,2202
202354,Hard,2,0,2,0.0,1487.113149392249,2150
202356,Hard,2,0,2,0.0,1480.3133023232645,2424
202358,Hard,37,9,28,0.2432,1403.6520392178331,3494
202358,Clay,16,4,12,0.25,1451.321482124116,2851
202358,Grass,4,0,4,0.0,1452.8220953574155,1486
202359,Clay,1,0,1,0.0,1488.8497719886734,1518
202374,Hard,2,1,1,0.5,1500.901467416033,1086
202378,Clay,4,0,4,0.0,1455.1385492761679,2797
202382,Hard,3,1,2,0.3333,1485.5646682700487,2270
202385,Hard,125,67,58,0.536,1621.5112963778702,134
202385,Grass,33,18,15,0.5455,1555.5728928596866,168
202385,Clay,23,8,15,0.3478,1504.039757714029,907
202398,Hard,1,0,1,0.0,1493.354264383902,1390
202400,Grass,6,1,5,0.1667,1466.6780082319535,1363
202462,Clay,3,0,3,0.0,1464.0577470554608,2676
202475,Hard,8,7,1,0.875,1568.0759062332277,270
202475,Clay,3,0,3,0.0,1465.7125100421888,2629
205695,Hard,1,0,1,0.0,1488.2401938642804,1817
205734,Clay,63,28,35,0.4444,1531.1473586115171,422
205734,Hard,34,11,23,0.3235,1501.7538734613013,1048
205734,Grass,4,2,2,0.5,1503.921342057259,439
206000,Hard,1,0,1,0.0,1488.0,1933
206173,Hard,323,265,58,0.8204,2158.56422473748,1
206173,Clay,127,100,27,0.7874,1923.663184808661,4
206173,Grass,46,36,10,0.7826,1783.220900022512,10
206199,Hard,1,0,1,0.0,1488.0,1939
206307,Clay,4,1,3,0.25,1491.9468070030598,1320
206307,Hard,1,0,1,0.0,1487.6899367115484,2025
206307,Grass,1,0,1,0.0,1487.979327898324,884
206470,Hard,3,3,0,1.0,1534.9583050555134,442
206499,Hard,118,50,68,0.4237,1531.4762619308058,469
206499,Clay,28,9,19,0.3214,1452.349582644714,2832
206499,Grass,18,4,14,0.2222,1436.435303176015,1578
206589,Clay,3,0,3,0.0,1480.7076325149333,2095
206589,Hard,2,1,1,0.5,1499.6981081751908,1160
206600,Hard,6,0,6,0.0,1436.4525836692071,3375
206642,Hard,1,0,1,0.0,1488.0,1936
206646,Clay,1,0,1,0.0,1488.0,1743
206681,Hard,123,61,62,0.4959,1597.5916938577807,187
206681,Clay,54,26,28,0.4815,1546.451935476569,317
206681,Grass,27,12,15,0.4444,1493.1994623522924,625
206703,Grass,11,4,7,0.3636,1476.1505707040296,1217
206716,Hard,2,1,1,0.5,1498.0233256730746,1227
206748,Clay,17,5,12,0.2941,1460.1381722114197,2734
206748,Hard,9,2,7,0.2222,1468.352716144367,2895
206748,Grass,1,0,1,0.0,1486.7591940171992,1013
206750,Hard,5,2,3,0.4,1488.8590414780642,1718
206750,Grass,3,0,3,0.0,1476.1442137410802,1219
206750,Clay,2,1,1,0.5,1500.3297970033257,1013
206768,Hard,1,0,1,0.0,1487.698065071707,2023
206782,Hard,1,1,0,1.0,1514.027073952403,673
206889,Hard,4,1,3,0.25,1479.700044843389,2448
206889,Clay,1,0,1,0.0,1487.3616851175157,1856
206889,Grass,1,0,1,0.0,1487.1819153028432,978
206904,Grass,10,7,3,0.7,1519.2576624502979,315
206904,Hard,3,0,3,0.0,1473.4303160934967,2789
206909,Hard,235,138,97,0.5872,1741.7379988796488,38
206909,Clay,53,25,28,0.4717,1546.7540919946225,316
206909,Grass,45,27,18,0.6,1590.0773706033867,104
207129,Clay,3,1,2,0.3333,1489.20664775372,1489
207129,Hard,3,2,1,0.6667,1513.6628186291832,680
207130,Clay,3,1,2,0.3333,1500.476306360889,1002
207130,Hard,1,0,1,0.0,1487.7356907438718,2014
207132,Hard,3,1,2,0.3333,1488.817440478278,1723
207134,Hard,5,3,2,0.6,1513.6481797361992,681
207134,Clay,1,0,1,0.0,1488.0,1742
207139,Hard,3,1,2,0.3333,1490.2321000030086,1582
207139,Clay,1,1,0,1.0,1511.5880481885001,733
207171,Grass,6,2,4,0.3333,1487.3156776615353,960
207176,Hard,1,0,1,0.0,1487.211948121545,2132
207181,Hard,2,1,1,0.5,1507.9050855612543,898
207182,Hard,34,9,25,0.2647,1486.2194505770187,2244
207182,Clay,28,13,15,0.4643,1546.4096284325733,319
207182,Grass,4,0,4,0.0,1466.0805810444474,1370
207186,Hard,2,0,2,0.0,1488.0,1966
207213,Clay,13,4,9,0.3077,1490.0377844033285,1428
207213,Hard,6,3,3,0.5,1504.0105180072374,981
207220,Clay,6,2,4,0.3333,1481.561083227496,2073
207220,Hard,3,3,0,1.0,1533.6858155848156,452
207249,Hard,2,1,1,0.5,1500.5575019541445,1104
207277,Clay,1,0,1,0.0,1487.669926548341,1799
207277,Hard,1,0,1,0.0,1491.941239652139,1472
207352,Hard,69,34,35,0.4928,1573.5335210494948,256
207352,Clay,9,0,9,0.0,1428.1897676416424,2989
207352,Grass,4,1,3,0.25,1476.5769220574953,1199
207368,Grass,4,2,2,0.5,1500.6189804422213,504
207368,Clay,1,1,0,1.0,1511.186627862611,751
207386,Grass,1,0,1,0.0,1487.8335952829411,899
207395,Clay,1,0,1,0.0,1488.763227319511,1537
207400,Hard,1,0,1,0.0,1488.0,1934
207401,Hard,1,0,1,0.0,1489.4607334920033,1654
207411,Clay,39,18,21,0.4615,1568.6429118706383,236
207411,Hard,31,9,22,0.2903,1494.5296711318063,1329
207411,Grass,7,2,5,0.2857,1472.9538544365296,1292
207415,Clay,4,0,4,0.0,1475.870450136705,2355
207415,Hard,4,1,3,0.25,1481.2807179382546,2395
207421,Clay,1,0,1,0.0,1487.6413392614197,1802
207457,Hard,1,0,1,0.0,1491.791860736806,1482
207479,Hard,1,0,1,0.0,1488.0,1935
207484,Hard,2,0,2,0.0,1486.6318519309846,2215
207491,Clay,4,2,2,0.5,1500.1158025247005,1022
207494,Hard,44,23,21,0.5227,1564.8751674053617,284
207494,Clay,8,2,6,0.25,1483.325576264952,2026
207494,Grass,1,0,1,0.0,1488.1310322927038,829
207502,Clay,1,0,1,0.0,1488.8049054183564,1527
207518,Hard,200,106,94,0.53,1716.6116115221043,48
207518,Clay,139,90,49,0.6475,1803.686555818609,12
207518,Grass,29,18,11,0.6207,1607.2063268306622,82
207531,Hard,1,0,1,0.0,1492.2879366879004,1444
207541,Grass,2,0,2,0.0,1488.0,874
207546,Clay,2,0,2,0.0,1485.9799272626135,1943
207546,Grass,2,1,1,0.5,1500.0015194023417,522
207546,Hard,1,0,1,0.0,1488.0,1963
207587,Hard,2,0,2,0.0,1482.5656888896501,2349
207608,Clay,26,14,12,0.5385,1546.9618422798287,313
207608,Hard,12,3,9,0.25,1474.9036898954614,2752
207608,Grass,3,2,1,0.6667,1511.816121825502,376
207660,Clay,2,1,1,0.5,1506.0710954651918,863
207660,Hard,1,0,1,0.0,1487.845100796803,1992
207663,Clay,5,2,3,0.4,1494.5892378690119,1214
207663,Hard,1,0,1,0.0,1488.0,1964
207663,Grass,1,0,1,0.0,1488.7727755647363,780
207669,Hard,9,6,3,0.6667,1528.345533919969,489
207678,Clay,77,35,42,0.4545,1564.1316231565263,251
207678,Hard,46,21,25,0.4565,1538.4636865754517,422
207678,Grass,8,4,4,0.5,1494.1350183236545,605
207680,Clay,45,22,23,0.4889,1553.431143894656,291
207680,Hard,17,5,12,0.2941,1480.2899667708837,2428
207680,Grass,2,0,2,0.0,1478.6548950474444,1151
207681,Clay,47,18,29,0.383,1531.0664606007279,424
207681,Hard,41,14,27,0.3415,1493.3598620308126,1388
207681,Grass,6,2,4,0.3333,1483.9977146550145,1063
207686,Hard,103,45,58,0.4369,1549.0156574341818,351
207686,Clay,65,28,37,0.4308,1531.5786622970506,415
207686,Grass,8,1,7,0.125,1452.6980421510389,1487
207729,Hard,18,9,9,0.5,1527.6216959831756,494
207729,Grass,4,3,1,0.75,1524.122089547004,271
207729,Clay,3,0,3,0.0,1467.708112053378,2575
207732,Clay,6,4,2,0.6667,1513.2319738740784,644
207733,Hard,125,78,47,0.624,1784.3778287167415,21
207733,Clay,38,21,17,0.5526,1633.0341847777995,97
207733,Grass,36,25,11,0.6944,1626.208607876623,68
207738,Hard,2,0,2,0.0,1481.575783943528,2378
207738,Clay,1,0,1,0.0,1488.0,1730
207759,Hard,2,0,2,0.0,1478.672720001863,2499
207760,Grass,1,0,1,0.0,1487.9783377262174,885
207772,Hard,1,1,0,1.0,1512.0,756
207784,Grass,9,4,5,0.4444,1486.0321734389593,1034
207784,Hard,5,4,1,0.8,1532.9393129180103,459
207784,Clay,1,0,1,0.0,1488.0,1749
207785,Grass,4,0,4,0.0,1452.0667113185525,1492
207788,Clay,2,0,2,0.0,1476.414300586377,2314
207793,Grass,2,0,2,0.0,1490.9682721780887,676
207794,Clay,3,0,3,0.0,1471.9833743803895,2475
207797,Hard,4,3,1,0.75,1536.4989564789312,429
207799,Clay,3,2,1,0.6667,1511.9686148909423,722
207799,Hard,2,0,2,0.0,1481.8006695890754,2371
207815,Hard,1,0,1,0.0,1486.5040375972376,2226
207826,Hard,1,0,1,0.0,1488.0,1940
207830,Hard,130,70,60,0.5385,1632.214708153717,120
207830,Clay,52,27,25,0.5192,1611.4617732447216,133
207830,Grass,9,4,5,0.4444,1501.2351589402956,492
207834,Hard,12,6,6,0.5,1503.1478322292855,1004
207836,Grass,4,2,2,0.5,1501.5996165480842,484
207836,Clay,3,0,3,0.0,1466.1985607065167,2611
207836,Hard,1,0,1,0.0,1490.34265939441,1572
207839,Hard,1,0,1,0.0,1491.1434862419783,1512
207841,Grass,4,2,2,0.5,1497.0974900218398,566
207841,Clay,1,0,1,0.0,1487.0676084908087,1881
207841,Hard,1,0,1,0.0,1490.847071692194,1530
207852,Hard,2,0,2,0.0,1476.2638820933296,2661
207881,Hard,1,0,1,0.0,1486.7592595222447,2209
207907,Hard,1,1,0,1.0,1511.5513533558874,802
207925,Hard,124,65,59,0.5242,1633.0783060022993,119
207925,Clay,83,51,32,0.6145,1698.053382644208,40
207925,Grass,23,13,10,0.5652,1580.1621423943957,116
207934,Hard,1,0,1,0.0,1487.8271992997913,1993
207969,Hard,3,1,2,0.3333,1492.8795028785005,1417
207971,Hard,1,0,1,0.0,1488.0,1927
207971,Clay,1,0,1,0.0,1488.3051966557757,1620
207972,Grass,1,0,1,0.0,1488.0,872
207973,Hard,2,1,1,0.5,1500.0344053379447,1134
207976,Hard,1,0,1,0.0,1486.8302725187336,2198
207985,Hard,43,17,26,0.3953,1517.2971381265684,629
207985,Clay,15,7,8,0.4667,1530.2860121959563,429
207985,Grass,12,5,7,0.4167,1493.755268226806,613
207989,Hard,227,180,47,0.793,2037.421329136459,3
207989,Clay,136,113,23,0.8309,1958.1448806722083,2
207989,Grass,39,35,4,0.8974,1788.4992830608685,8
207993,Hard,2,0,2,0.0,1487.4077236140035,2096
208004,Hard,15,5,10,0.3333,1488.759809607648,1736
208004,Clay,8,2,6,0.25,1473.8276283113448,2447
208004,Grass,5,2,3,0.4,1489.0924033789927,762
208010,Clay,19,11,8,0.5789,1546.33790251673,320
208010,Hard,10,3,7,0.3,1502.1786688577226,1032
208010,Grass,4,2,2,0.5,1500.0608587664763,518
208013,Hard,19,5,14,0.2632,1479.517384566888,2455
208013,Grass,4,3,1,0.75,1527.9542409304909,255
208013,Clay,1,0,1,0.0,1488.0,1748
208014,Hard,109,50,59,0.4587,1580.1993888996055,232
208014,Grass,33,18,15,0.5455,1513.7959492680095,348
208014,Clay,18,3,15,0.1667,1413.7625115542373,3041
208021,Hard,31,19,12,0.6129,1566.4192971097432,275
208021,Clay,15,7,8,0.4667,1510.8761939149829,762
208021,Grass,5,4,1,0.8,1539.9378401884858,204
208024,Hard,1,0,1,0.0,1489.5152584277537,1650
208028,Clay,2,1,1,0.5,1499.656589315666,1056
208028,Hard,2,0,2,0.0,1476.413231404581,2654
208029,Hard,176,110,66,0.625,1744.8667777083408,37
208029,Clay,91,57,34,0.6264,1721.4547992958019,31
208029,Grass,21,12,9,0.5714,1555.9470339619381,167
208043,Hard,1,0,1,0.0,1485.0382923813513,2288
208046,Clay,2,1,1,0.5,1500.8701761203004,982
208046,Grass,1,0,1,0.0,1488.9970723797965,768
208055,Hard,8,1,7,0.125,1435.257603092677,3384
208057,Clay,1,1,0,1.0,1511.585699413623,734
208069,Grass,3,0,3,0.0,1474.0358501176725,1277
208069,Clay,1,0,1,0.0,1490.12133843882,1423
208071,Hard,7,2,5,0.2857,1476.7788202690485,2627
208071,Clay,2,1,1,0.5,1500.872066653842,981
208103,Hard,202,123,79,0.6089,1784.5055754062234,20
208103,Clay,60,33,27,0.55,1638.2609899016438,88
208103,Grass,34,21,13,0.6176,1595.1643558792891,95
208108,Hard,1,0,1,0.0,1490.1079927605776,1590
208117,Hard,1,0,1,0.0,1491.4978551377876,1496
208118,Hard,23,13,10,0.5652,1570.796627976735,265
208118,Grass,3,1,2,0.3333,1489.1426275888111,760
208118,Clay,1,0,1,0.0,1491.569005615726,1336
208119,Hard,13,6,7,0.4615,1518.1209580959985,620
208119,Clay,4,1,3,0.25,1489.3888508802795,1471
208119,Grass,1,0,1,0.0,1487.9848705965883,879
208122,Clay,1,0,1,0.0,1488.0,1735
208134,Hard,44,16,28,0.3636,1509.8933011348754,856
208134,Clay,19,3,16,0.1579,1438.6309736108283,2941
208134,Grass,7,2,5,0.2857,1477.4358925001898,1174
208143,Hard,2,0,2,0.0,1487.4487273013767,2091
208144,Grass,10,7,3,0.7,1521.2415795774027,297
208169,Hard,26,17,9,0.6538,1554.8724172541845,321
208169,Clay,23,12,11,0.5217,1526.079647345171,460
208169,Grass,1,0,1,0.0,1490.7471258301969,685
208182,Hard,7,3,4,0.4286,1492.1149331042807,1455
208197,Hard,2,2,0,1.0,1523.585699413623,539
208206,Hard,1,0,1,0.0,1488.0,1941
208210,Hard,5,3,2,0.6,1508.0740230337483,896
208210,Clay,5,2,3,0.4,1487.3208229993727,1862
208210,Grass,3,1,2,0.3333,1487.490596178519,952
208223,Clay,6,4,2,0.6667,1526.6567317520694,454
208223,Hard,2,0,2,0.0,1477.3536223822532,2569
208230,Hard,11,4,7,0.3636,1485.5066478652814,2272
208233,Hard,59,22,37,0.3729,1509.387898617897,869
208233,Grass,23,13,10,0.5652,1528.8650163190234,250
208233,Clay,20,8,12,0.4,1487.6318794597096,1804
208253,Grass,4,2,2,0.5,1499.8364048543806,529
208260,Hard,55,17,38,0.3091,1471.7868323443722,2822
208260,Grass,14,6,8,0.4286,1501.276759695818,489
208260,Clay,10,5,5,0.5,1538.4773496662021,366
208269,Grass,5,0,5,0.0,1462.9514503055207,1415
208269,Clay,3,2,1,0.6667,1516.9830763490477,594
208269,Hard,1,0,1,0.0,1486.7207804179868,2211
208278,Hard,51,14,37,0.2745,1430.6017594751797,3410
208278,Grass,14,7,7,0.5,1531.431558622664,238
208278,Clay,2,0,2,0.0,1481.9557408378141,2064
208279,Clay,4,2,2,0.5,1510.0903843113065,786
208279,Grass,4,2,2,0.5,1500.3055632896203,512
208279,Hard,2,0,2,0.0,1477.6107824004775,2557
208286,Hard,102,46,56,0.451,1550.5616727656054,342
208286,Clay,65,36,29,0.5538,1661.4759428740588,63
208286,Grass,13,5,8,0.3846,1462.3207875653045,1424
208293,Clay,16,10,6,0.625,1536.1123019907532,375
208293,Hard,4,0,4,0.0,1454.704020141966,3184
208293,Grass,1,0,1,0.0,1488.061792891063,831
208300,Hard,5,2,3,0.4,1504.089021640495,980
208302,Clay,2,0,2,0.0,1488.0,1750
208316,Hard,50,15,35,0.3,1490.9054065112518,1526
208316,Clay,11,1,10,0.0909,1463.4639689367323,2687
208316,Grass,6,2,4,0.3333,1500.5089629585289,506
208317,Clay,1,0,1,0.0,1488.0,1733
208353,Hard,8,1,7,0.125,1470.4290290699457,2851
208353,Clay,6,1,5,0.1667,1483.4973193239184,2018
208353,Grass,1,0,1,0.0,1488.3954112841939,812
208361,Clay,14,3,11,0.2143,1447.0174470412426,2881
208361,Hard,6,1,5,0.1667,1468.5172028936177,2887
208361,Grass,2,1,1,0.5,1499.559692388248,536
208363,Clay,101,60,41,0.5941,1657.5182188137178,68
208363,Hard,57,18,39,0.3158,1500.9361949117865,1083
208363,Grass,8,1,7,0.125,1451.806847694369,1496
208364,Hard,8,3,5,0.375,1487.761603902728,2006
208364,Clay,5,3,2,0.6,1511.4472965657415,743
208364,Grass,1,0,1,0.0,1488.570307726049,796
208367,Hard,1,0,1,0.0,1486.5280230561054,2224
208389,Hard,2,0,2,0.0,1485.678156756535,2268
208411,Clay,1,1,0,1.0,1512.0,718
208414,Hard,2,2,0,1.0,1521.6559218048628,581
208426,Clay,6,4,2,0.6667,1515.6735206744618,610
208476,Hard,1,0,1,0.0,1488.1017972350555,1833
208485,Hard,8,1,7,0.125,1443.4503529169856,3313
208502,Hard,35,16,19,0.4571,1532.7919709555208,461
208502,Clay,17,7,10,0.4118,1504.0985511002937,906
208502,Grass,8,4,4,0.5,1505.0720382724674,427
208518,Hard,3,2,1,0.6667,1512.4779167597544,704
208597,Hard,1,0,1,0.0,1490.1000096534638,1591
208603,Hard,1,1,0,1.0,1511.1761777530367,816
208653,Hard,2,0,2,0.0,1483.6136216503817,2324
208659,Hard,86,36,50,0.4186,1515.4854710869856,653
208659,Grass,25,13,12,0.52,1510.1829349631744,395
208659,Clay,22,9,13,0.4091,1505.7863699546722,869
208819,Clay,4,0,4,0.0,1458.4740100589693,2755
208843,Hard,11,6,5,0.5455,1528.2194552254193,490
208843,Clay,8,4,4,0.5,1506.5013908862286,850
208843,Grass,3,2,1,0.6667,1513.7273103632074,349
208852,Hard,12,3,9,0.25,1455.3469421562063,3172
208852,Clay,8,5,3,0.625,1524.2826240905765,487
208852,Grass,5,2,3,0.4,1499.3428743024006,539
208854,Hard,6,4,2,0.6667,1511.4656811123352,808
208859,Clay,31,12,19,0.3871,1486.3219841752837,1934
208859,Hard,16,6,10,0.375,1487.0263321254702,2171
208882,Clay,51,27,24,0.5294,1576.3959622896075,207
208882,Hard,5,0,5,0.0,1472.6973183181158,2808
208882,Grass,3,0,3,0.0,1481.307128750569,1097
208902,Grass,4,0,4,0.0,1469.246752703898,1325
208908,Hard,1,0,1,0.0,1488.0,1953
208937,Hard,7,4,3,0.5714,1522.8810558881034,558
208937,Clay,1,0,1,0.0,1487.585699413623,1820
209038,Hard,2,0,2,0.0,1485.215052658485,2280
209067,Hard,2,0,2,0.0,1487.2612941120908,2123
209070,Hard,43,19,24,0.4419,1555.8599300777557,319
209070,Clay,17,8,9,0.4706,1534.7554199672957,386
209070,Grass,5,2,3,0.4,1496.7269911492826,573
209076,Hard,1,0,1,0.0,1487.7314921864295,2015
209080,Hard,8,5,3,0.625,1520.893196112994,593
209080,Clay,3,1,2,0.3333,1487.16459644378,1876
209088,Hard,6,4,2,0.6667,1512.0146064145845,723
209095,Clay,2,0,2,0.0,1488.8610671917727,1513
209098,Hard,58,30,28,0.5172,1573.953090479288,254
209098,Clay,45,23,22,0.5111,1568.9283466360025,235
209098,Grass,12,5,7,0.4167,1486.9232457023413,997
209113,Hard,84,37,47,0.4405,1557.8463507942197,305
209113,Grass,26,14,12,0.5385,1548.3092785895776,182
209113,Clay,21,8,13,0.381,1525.6717158971285,469
209118,Clay,2,0,2,0.0,1491.8891119327932,1323
209119,Clay,1,1,0,1.0,1512.0,708
209120,Hard,4,3,1,0.75,1520.7575398203792,594
209120,Clay,1,0,1,0.0,1488.0,1741
209147,Clay,27,12,15,0.4444,1525.7680520203319,467
209147,Hard,13,6,7,0.4615,1496.9557328830663,1263
209147,Grass,4,3,1,0.75,1519.6332140874529,313
209167,Hard,4,2,2,0.5,1501.561108885596,1052
209188,Hard,1,1,0,1.0,1512.414300586377,706
209191,Hard,4,2,2,0.5,1499.1793633890477,1191
209209,Clay,26,16,10,0.6154,1589.9091630604603,172
209209,Hard,12,2,10,0.1667,1460.889041514883,3073
209209,Grass,1,0,1,0.0,1489.4076520632073,742
209225,Clay,4,1,3,0.25,1473.672364255809,2448
209226,Clay,30,17,13,0.5667,1547.5015903113422,311
209226,Hard,27,16,11,0.5926,1569.4291083195164,267
209226,Grass,3,0,3,0.0,1474.9814239676946,1263
209238,Hard,1,0,1,0.0,1487.6991457480033,2022
209246,Hard,6,2,4,0.3333,1484.3847699989185,2302
209259,Hard,24,13,11,0.5417,1541.0926116870419,407
209259,Grass,20,12,8,0.6,1555.4232918146565,170
209259,Clay,2,1,1,0.5,1498.5175224694963,1109
209260,Clay,129,88,41,0.6822,1722.8640091696823,30
209260,Hard,72,26,46,0.3611,1533.845914692572,450
209260,Grass,16,6,10,0.375,1468.9965701327073,1331
209262,Hard,30,11,19,0.3667,1511.0469753959323,823
209262,Grass,4,2,2,0.5,1503.1730887163412,454
209262,Clay,3,1,2,0.3333,1491.6668695613441,1333
209263,Clay,8,4,4,0.5,1524.8229297602204,483
209263,Hard,5,2,3,0.4,1509.1619672167446,878
209278,Hard,3,1,2,0.3333,1487.9845541621314,1970
209278,Clay,1,0,1,0.0,1489.2532789209633,1484
209279,Hard,67,30,37,0.4478,1579.1290267857346,236
209279,Clay,27,11,16,0.4074,1498.6810933588101,1104
209279,Grass,9,2,7,0.2222,1476.6718426176492,1197
209284,Clay,23,10,13,0.4348,1506.768418577063,845
209284,Hard,11,5,6,0.4545,1509.9184115385785,854
209284,Grass,1,0,1,0.0,1489.8790913648431,723
209294,Hard,3,3,0,1.0,1533.8273600306322,451
209294,Clay,1,0,1,0.0,1487.5313095537958,1837
209318,Hard,2,1,1,0.5,1500.3918821795812,1113
209318,Clay,1,0,1,0.0,1486.8860884482065,1896
209322,Clay,6,4,2,0.6667,1509.332568848242,802
209326,Grass,6,2,4,0.3333,1489.2721092286793,752
209326,Hard,1,0,1,0.0,1493.4605610674023,1382
209354,Hard,2,1,1,0.5,1511.1258977727082,822
209362,Hard,3,1,2,0.3333,1497.9037265899065,1233
209362,Clay,2,2,0,1.0,1524.0041156913876,491
209394,Hard,2,1,1,0.5,1500.9176830764786,1085
209403,Clay,2,0,2,0.0,1475.0904285037202,2406
209403,Hard,1,1,0,1.0,1512.0,765
209405,Hard,3,2,1,0.6667,1512.2861731612636,715
209405,Clay,3,0,3,0.0,1471.416682957546,2487
209406,Hard,19,8,11,0.4211,1482.2614612149946,2362
209406,Grass,10,4,6,0.4,1484.1182672367402,1061
209406,Clay,4,1,3,0.25,1479.771614993613,2138
209407,Grass,4,3,1,0.75,1523.0570640673807,284
209409,Hard,68,42,26,0.6176,1639.0630918326979,112
209409,Clay,7,2,5,0.2857,1481.3964471724557,2078
209409,Grass,4,0,4,0.0,1463.9906233555823,1402
209414,Hard,53,19,34,0.3585,1510.9620952263447,825
209414,Clay,43,25,18,0.5814,1591.2476546626626,168
209414,Grass,5,1,4,0.2,1468.18109451631,1343
209850,Clay,1,0,1,0.0,1488.0,1747
209857,Hard,13,6,7,0.4615,1549.0173392582178,350
209857,Clay,6,2,4,0.3333,1489.6206106482953,1457
209857,Grass,1,0,1,0.0,1488.0,873
209860,Clay,57,35,22,0.614,1614.1900268144143,127
209860,Hard,24,12,12,0.5,1525.1231081223425,513
209860,Grass,10,5,5,0.5,1505.8480939198892,423
209863,Hard,14,4,10,0.2857,1469.8140572421112,2861
209863,Clay,3,1,2,0.3333,1500.7239028028084,992
209866,Hard,4,1,3,0.25,1473.8561890764418,2781
209867,Clay,2,1,1,0.5,1510.1830580969201,784
209867,Hard,1,0,1,0.0,1488.3533963538146,1804
209868,Hard,8,1,7,0.125,1433.6826683136885,3396
209868,Clay,2,0,2,0.0,1474.9182829972415,2415
209869,Hard,2,0,2,0.0,1475.2689106965886,2735
209870,Hard,2,1,1,0.5,1501.8591143125564,1040
209871,Clay,5,2,3,0.4,1488.1642359925781,1644
209871,Hard,2,0,2,0.0,1479.839656814087,2443
209872,Clay,1,0,1,0.0,1487.9911438130825,1752
209873,Clay,1,0,1,0.0,1488.4392109171558,1577
209874,Hard,6,3,3,0.5,1494.2790998296653,1338
209874,Clay,3,1,2,0.3333,1498.6665763485428,1105
209875,Clay,5,0,5,0.0,1465.6836048224445,2630
209875,Grass,1,0,1,0.0,1487.9934218730502,877
209890,Clay,5,0,5,0.0,1461.7726751249245,2714
209899,Clay,1,0,1,0.0,1487.555440529261,1828
209903,Clay,17,7,10,0.4118,1497.078380453541,1151
209903,Hard,6,3,3,0.5,1506.9466382740613,918
209903,Grass,1,0,1,0.0,1485.4591678995534,1050
209907,Hard,2,0,2,0.0,1479.653175684919,2449
209907,Clay,1,1,0,1.0,1512.4405276427647,667
209911,Hard,7,3,4,0.4286,1497.5197554519416,1244
209911,Clay,1,0,1,0.0,1487.195017755382,1873
209911,Grass,1,0,1,0.0,1487.9815265894272,881
209914,Hard,1,0,1,0.0,1493.2615707452119,1394
209916,Clay,13,4,9,0.3077,1461.4756900321497,2717
209916,Hard,1,0,1,0.0,1488.4298531548045,1773
209917,Grass,2,0,2,0.0,1492.511603714304,637
209920,Hard,39,16,23,0.4103,1538.944503698914,418
209920,Clay,26,15,11,0.5769,1555.3245521309907,285
209920,Grass,14,8,6,0.5714,1513.4907583110796,351
209925,Grass,2,0,2,0.0,1488.0,876
209931,Clay,1,1,0,1.0,1517.566822001016,585
209936,Hard,2,0,2,0.0,1489.2550181704437,1678
209943,Clay,2,0,2,0.0,1475.9549248739077,2353
209943,Hard,2,2,0,1.0,1527.7423757684792,492
209950,Hard,153,102,51,0.6667,1809.3126923915215,16
209950,Clay,70,47,23,0.6714,1737.9443597709915,26
209950,Grass,13,7,6,0.5385,1537.3258026059393,213
209951,Hard,4,2,2,0.5,1501.4008943783865,1059
209951,Grass,4,0,4,0.0,1476.3243331132783,1213
209952,Clay,1,0,1,0.0,1486.93282406587,1893
209957,Grass,10,3,7,0.3,1471.2218334054924,1305
209957,Hard,8,5,3,0.625,1521.5525448835715,586
209957,Clay,3,0,3,0.0,1478.0008760915532,2207
209964,Hard,2,1,1,0.5,1497.5714731261169,1242
209971,Clay,2,0,2,0.0,1476.414300586377,2312
209971,Hard,2,1,1,0.5,1499.5869044598287,1170
209976,Clay,39,21,18,0.5385,1567.42403755087,241
209976,Hard,26,10,16,0.3846,1518.8059349104965,614
209976,Grass,4,1,3,0.25,1491.9092305809072,655
209983,Hard,1,1,0,1.0,1510.6870161276129,832
209992,Hard,83,38,45,0.4578,1566.632032712338,274
209992,Clay,6,1,5,0.1667,1463.806300977842,2678
209992,Grass,5,3,2,0.6,1518.0504331936925,326
210000,Hard,1,1,0,1.0,1512.0,761
210005,Clay,10,6,4,0.6,1517.2810225807543,589
210005,Hard,1,0,1,0.0,1487.5492597772904,2077
210012,Clay,16,5,11,0.3125,1485.368403637245,1965
210012,Hard,11,6,5,0.5455,1535.4708310696506,438
210012,Grass,1,0,1,0.0,1488.8013491332356,778
210013,Hard,184,76,108,0.413,1507.59196190902,910
210013,Carpet,103,53,50,0.5146,1553.7613069044291,114
210013,Grass,49,23,26,0.4694,1513.1052104503283,354
210013,Clay,34,6,28,0.1765,1417.1734372838212,3028
210017,Clay,31,22,9,0.7097,1577.1997701358453,204
210017,Hard,22,15,7,0.6818,1609.7346909222215,159
210017,Grass,4,1,3,0.25,1494.441649689274,599
210025,Hard,2,0,2,0.0,1475.4529384425473,2724
210025,Clay,1,0,1,0.0,1488.0,1744
210039,Hard,3,0,3,0.0,1464.9341466043998,2989
210053,Clay,2,0,2,0.0,1475.0820102549176,2409
210053,Hard,2,1,1,0.5,1501.1659782051088,1067
210053,Grass,1,0,1,0.0,1486.4588769765905,1025
210084,Hard,4,2,2,0.5,1511.7134794277606,779
210091,Clay,1,1,0,1.0,1512.0,719
210093,Grass,4,2,2,0.5,1498.1351940726638,558
210097,Hard,185,121,64,0.6541,1836.220562111972,13
210097,Clay,58,33,25,0.569,1605.2596499253166,142
210097,Grass,38,24,14,0.6316,1583.5907145021974,113
210105,Hard,2,2,0,1.0,1522.4925277350417,567
210107,Clay,8,4,4,0.5,1499.9642883619701,1040
210107,Hard,1,1,0,1.0,1512.0,764
210116,Hard,29,15,14,0.5172,1554.6010354931602,325
210116,Grass,6,5,1,0.8333,1547.4644344690053,184
210116,Clay,4,3,1,0.75,1525.4627100483285,477
210119,Hard,3,1,2,0.3333,1488.5083425761013,1761
210119,Clay,3,0,3,0.0,1464.915400094606,2652
210128,Hard,1,0,1,0.0,1487.366373921793,2103
210136,Hard,16,9,7,0.5625,1516.1374478760754,644
210136,Grass,5,2,3,0.4,1495.8621087351382,585
210136,Clay,3,0,3,0.0,1465.2329601385088,2642
210142,Hard,4,2,2,0.5,1502.907174853764,1012
210150,Hard,132,85,47,0.6439,1736.1561507781696,40
210150,Clay,38,23,15,0.6053,1649.0074928111103,76
210150,Grass,17,7,10,0.4118,1504.2745156460553,434
210157,Clay,6,4,2,0.6667,1511.031862822648,757
210167,Grass,8,3,5,0.375,1489.2439725722065,757
210167,Clay,3,2,1,0.6667,1512.5416347419414,665
210167,Hard,2,1,1,0.5,1498.7644779628229,1204
210178,Clay,15,10,5,0.6667,1537.4281700041104,370
210178,Hard,3,1,2,0.3333,1488.062829941508,1838
210178,Grass,1,0,1,0.0,1487.5179910333843,951
210188,Hard,4,1,3,0.25,1478.3926180691158,2514
210200,Clay,4,2,2,0.5,1497.3827565527397,1146
210200,Hard,1,0,1,0.0,1487.7036728616251,2021
210202,Hard,22,8,14,0.3636,1493.917825922831,1361
210202,Clay,2,2,0,1.0,1523.585699413623,504
210220,Clay,9,2,7,0.2222,1471.239869578695,2490
210220,Hard,7,3,4,0.4286,1500.676379010458,1100
210220,Grass,2,0,2,0.0,1477.4993664404305,1172
210227,Hard,2,1,1,0.5,1499.27018806034,1184
210234,Hard,11,4,7,0.3636,1489.48222648463,1652
210249,Hard,1,0,1,0.0,1488.0,1942
210250,Clay,1,0,1,0.0,1490.7099772436,1386
210252,Grass,1,0,1,0.0,1488.7429392827498,782
210262,Hard,37,19,18,0.5135,1554.6588974373888,323
210262,Clay,37,19,18,0.5135,1567.9553383149578,239
210262,Grass,6,4,2,0.6667,1529.1361190502885,248
210274,Clay,3,0,3,0.0,1465.227672723766,2644
210274,Hard,2,1,1,0.5,1502.8693442634346,1014
210284,Hard,1,1,0,1.0,1511.5408390599855,804
210308,Clay,2,1,1,0.5,1500.414300586377,1007
210308,Hard,2,1,1,0.5,1499.7034990035165,1159
210312,Clay,2,2,0,1.0,1523.989412641844,492
210312,Hard,1,1,0,1.0,1512.0,759
210317,Grass,11,6,5,0.5455,1490.7358176649475,686
210317,Hard,9,1,8,0.1111,1442.560108638408,3323
210318,Hard,8,3,5,0.375,1490.6749043700063,1542
210319,Hard,41,14,27,0.3415,1513.6875563493954,679
210319,Grass,24,15,9,0.625,1540.9094902566296,200
210319,Clay,22,7,15,0.3182,1488.4499417460331,1573
210338,Hard,34,26,8,0.7647,1635.2957354933965,116
210338,Clay,3,0,3,0.0,1480.195059167822,2124
210338,Grass,2,1,1,0.5,1500.372517650061,511
210340,Hard,5,1,4,0.2,1486.2711598368485,2241
210382,Clay,2,0,2,0.0,1476.414300586377,2313
210382,Hard,1,1,0,1.0,1512.0,770
210389,Grass,13,6,7,0.4615,1486.2394842823896,1029
210389,Hard,6,5,1,0.8333,1555.8685480224533,317
210389,Clay,4,3,1,0.75,1532.355945733646,408
210399,Hard,8,4,4,0.5,1506.2483711741888,924
210456,Clay,1,0,1,0.0,1488.0,1745
210460,Hard,30,14,16,0.4667,1556.2862963363268,314
210460,Clay,9,3,6,0.3333,1482.9281693310322,2035
210460,Grass,3,0,3,0.0,1463.8400448406633,1404
210464,Hard,15,3,12,0.2,1466.0485215314934,2953
210464,Clay,4,2,2,0.5,1512.4261580411724,668
210464,Grass,2,1,1,0.5,1500.2035693042942,514
210472,Grass,6,4,2,0.6667,1528.969359363628,249
210476,Hard,1,0,1,0.0,1488.0,1956
210476,Clay,1,0,1,0.0,1487.6020562807273,1811
210478,Hard,8,3,5,0.375,1498.1727369542857,1222
210494,Hard,1,0,1,0.0,1487.6882246100624,2027
210498,Hard,1,0,1,0.0,1495.4484325569947,1301
210506,Hard,150,85,65,0.5667,1723.6795079115554,45
210506,Clay,37,15,22,0.4054,1498.7892136710377,1101
210506,Grass,26,14,12,0.5385,1538.1520897741868,211
210510,Clay,11,6,5,0.5455,1510.2079404489511,783
210510,Hard,1,0,1,0.0,1488.4721660095158,1767
210510,Grass,1,0,1,0.0,1488.1972012628394,824
210523,Hard,2,0,2,0.0,1488.0,1962
210530,Hard,111,68,43,0.6126,1745.7221193420537,36
210530,Clay,30,17,13,0.5667,1565.4868305113218,246
210530,Grass,13,7,6,0.5385,1515.6628919431137,336
210535,Hard,1,0,1,0.0,1490.109365878408,1589
210536,Hard,17,6,11,0.3529,1507.7995809871898,901
210536,Grass,3,2,1,0.6667,1511.3944745278893,384
210536,Clay,1,0,1,0.0,1488.780623264088,1533
210538,Clay,2,0,2,0.0,1488.2231318506044,1634
210545,Hard,4,1,3,0.25,1489.0647249302249,1695
210563,Hard,1,0,1,0.0,1488.0,1954
210640,Clay,2,1,1,0.5,1499.9167316594046,1045
210640,Hard,1,0,1,0.0,1488.8341754912358,1720
210645,Hard,2,1,1,0.5,1497.9446981173373,1231
210648,Hard,3,0,3,0.0,1467.0019907134954,2930
210682,Grass,2,0,2,0.0,1486.6844717819338,1018
210683,Hard,2,1,1,0.5,1502.6802823336175,1018
210686,Hard,7,2,5,0.2857,1471.3631637860108,2826
210686,Clay,2,2,0,1.0,1524.0704798250297,488
210687,Hard,1,1,0,1.0,1511.5991236934874,790
210696,Clay,40,28,12,0.7,1636.812455361207,92
210696,Hard,29,12,17,0.4138,1537.0460628885862,427
210696,Grass,2,0,2,0.0,1482.45015651608,1085
210721,Clay,2,1,1,0.5,1499.585699413623,1068
210721,Hard,1,1,0,1.0,1512.0144327269138,724
210727,Hard,2,1,1,0.5,1499.5127347758837,1174
210730,Clay,4,1,3,0.25,1487.4711483446129,1846
210731,Clay,2,2,0,1.0,1523.585699413623,505
210731,Hard,1,1,0,1.0,1511.4859024035939,807
210740,Hard,1,0,1,0.0,1490.0359109963756,1602
210748,Clay,26,13,13,0.5,1526.0328789548241,463
210748,Hard,15,8,7,0.5333,1520.2444072695648,601
210748,Grass,2,1,1,0.5,1500.1970712194309,515
210753,Hard,2,0,2,0.0,1478.918951344974,2485
210753,Clay,1,1,0,1.0,1511.5885054892995,732
211325,Hard,2,0,2,0.0,1490.661002365375,1543
211326,Grass,2,0,2,0.0,1476.3005873940085,1215
211326,Clay,1,0,1,0.0,1487.617106162374,1807
211346,Hard,10,5,5,0.5,1510.3701954174935,846
211415,Hard,1,0,1,0.0,1487.8935927034631,1985
211451,Hard,5,1,4,0.2,1476.0201189509587,2686
211451,Clay,1,0,1,0.0,1488.3513095205328,1614
211451,Grass,1,0,1,0.0,1487.570951310334,940
211458,Hard,1,0,1,0.0,1488.6727989480262,1747
211468,Clay,1,1,0,1.0,1512.0,711
211468,Hard,1,0,1,0.0,1488.5291369740385,1759
211500,Clay,2,0,2,0.0,1488.866677523523,1512
211500,Grass,2,0,2,0.0,1487.5636269929007,943
211501,Hard,4,0,4,0.0,1483.2997458493164,2332
211503,Clay,2,0,2,0.0,1486.2624407209782,1938
211514,Clay,8,1,7,0.125,1469.1883861182648,2536
211514,Hard,7,3,4,0.4286,1490.7527544090185,1537
211514,Grass,4,2,2,0.5,1503.3333781065824,451
211530,Hard,1,0,1,0.0,1492.6095920181685,1429
211533,Clay,3,1,2,0.3333,1503.4476416123998,919
211533,Grass,1,0,1,0.0,1487.577937942757,935
211542,Grass,2,0,2,0.0,1487.6135928505873,923
211558,Clay,4,2,2,0.5,1505.7930004824048,868
211558,Hard,2,2,0,1.0,1523.585699413623,540
211570,Hard,6,1,5,0.1667,1445.5406740373908,3296
211570,Clay,2,0,2,0.0,1475.9694069568388,2351
211571,Hard,6,0,6,0.0,1433.5925166158568,3397
211572,Hard,1,0,1,0.0,1489.0619476116483,1696
211573,Hard,1,0,1,0.0,1488.4000076259508,1790
211573,Clay,1,0,1,0.0,1488.0446659354927,1656
211577,Grass,6,2,4,0.3333,1485.8363510565816,1038
211577,Clay,1,0,1,0.0,1488.0,1746
211609,Clay,2,0,2,0.0,1490.5895378608925,1394
211610,Clay,1,1,0,1.0,1511.585699413623,736
211617,Hard,2,1,1,0.5,1499.1985004049363,1189
211627,Hard,4,2,2,0.5,1499.6201541708579,1166
211638,Hard,4,3,1,0.75,1522.1640576908783,574
211651,Clay,3,2,1,0.6667,1509.1998928803705,806
211663,Hard,56,37,19,0.6607,1725.2024983977055,43
211663,Clay,54,31,23,0.5741,1646.186654533089,80
211663,Grass,12,5,7,0.4167,1503.0438933887615,457
211669,Hard,1,1,0,1.0,1512.0,762
211670,Hard,2,0,2,0.0,1476.789997976148,2622
211673,Hard,4,2,2,0.5,1500.436392649882,1110
211675,Hard,2,0,2,0.0,1493.943117014906,1359
211707,Hard,2,0,2,0.0,1475.5165846664704,2721
211711,Hard,2,1,1,0.5,1497.0770704284812,1257
211767,Hard,6,3,3,0.5,1515.0431088200005,658
211768,Clay,2,0,2,0.0,1486.8637540060993,1900
211768,Hard,1,0,1,0.0,1486.9737920460282,2182
211776,Hard,3,0,3,0.0,1482.5917154043393,2347
211902,Grass,5,1,4,0.2,1470.1075456136055,1315
211902,Hard,1,0,1,0.0,1488.0,1965
212020,Clay,2,0,2,0.0,1487.1122288097263,1878
212021,Hard,33,15,18,0.4545,1504.6105346288311,968
212021,Clay,21,8,13,0.381,1493.106892206525,1259
212021,Grass,13,6,7,0.4615,1492.994641566726,627
212037,Hard,1,0,1,0.0,1487.375559874453,2101
212040,Clay,1,0,1,0.0,1488.0,1737
212044,Hard,18,6,12,0.3333,1486.0979191316162,2251
212044,Grass,3,2,1,0.6667,1511.4836129697992,381
212044,Clay,2,0,2,0.0,1475.1324417906403,2405
212051,Clay,4,2,2,0.5,1497.9016029623738,1130
212051,Hard,2,0,2,0.0,1477.2324167020058,2578
212063,Clay,7,2,5,0.2857,1485.7454549397346,1954
212063,Hard,4,1,3,0.25,1483.877823638236,2319
212063,Grass,2,1,1,0.5,1500.414300586377,510
212082,Clay,8,1,7,0.125,1460.944350292074,2724
212082,Hard,3,1,2,0.3333,1496.801053743321,1269
212082,Grass,1,0,1,0.0,1487.256445739839,967
212171,Grass,2,0,2,0.0,1475.1118912531606,1260
212190,Clay,1,1,0,1.0,1511.5384041098703,741
212200,Hard,1,0,1,0.0,1488.0222024589311,1850
212203,Hard,1,0,1,0.0,1488.0,1944
212207,Clay,1,0,1,0.0,1490.2441224028614,1413
212216,Hard,14,6,8,0.4286,1489.2794767068244,1674
212219,Hard,13,8,5,0.6154,1518.4125712796138,617
212219,Grass,2,0,2,0.0,1488.5835803415,794
212225,Clay,8,5,3,0.625,1523.4595614948107,511
212244,Hard,2,2,0,1.0,1533.320956934182,456
212244,Clay,1,0,1,0.0,1488.4055015684175,1595
212249,Hard,1,0,1,0.0,1487.7455664789723,2009
212251,Hard,1,0,1,0.0,1484.6613972270468,2296
212256,Hard,11,3,8,0.2727,1477.4381255571343,2566
212256,Clay,6,2,4,0.3333,1491.0136273192707,1364
212256,Grass,3,2,1,0.6667,1512.0882880384363,361
212268,Grass,2,0,2,0.0,1488.4175734893315,803
212268,Clay,2,0,2,0.0,1491.9169731242384,1321
212269,Clay,2,0,2,0.0,1489.0222610491535,1503
212275,Grass,4,2,2,0.5,1504.3225829755168,433
212275,Hard,2,0,2,0.0,1490.6922860967659,1540
212306,Hard,2,0,2,0.0,1476.414300586377,2652
212309,Clay,7,1,6,0.1429,1480.8795239050698,2092
212309,Grass,4,0,4,0.0,1476.1499407868132,1218
212309,Hard,1,0,1,0.0,1487.4401254355157,2092
212478,Clay,3,0,3,0.0,1477.6204333784408,2219
212531,Hard,2,1,1,0.5,1505.3075028978342,945
212533,Hard,2,2,0,1.0,1523.2004815095584,547
212588,Hard,54,33,21,0.6111,1649.257228224499,97
212588,Clay,41,34,7,0.8293,1678.7193009840687,46
212588,Grass,3,2,1,0.6667,1508.4690759545433,405
212711,Clay,2,1,1,0.5,1498.8775160699254,1096
212717,Hard,2,0,2,0.0,1476.3730420584868,2655
212718,Hard,1,0,1,0.0,1492.5076782902966,1435
212719,Hard,1,0,1,0.0,1488.0,1943
212720,Hard,3,1,2,0.3333,1487.7667275851434,2002
212720,Clay,1,0,1,0.0,1488.0,1740
212721,Hard,1,1,0,1.0,1512.0,758
212722,Hard,1,0,1,0.0,1488.0,1946
212725,Hard,1,0,1,0.0,1489.3187335538644,1666
212733,Hard,1,0,1,0.0,1490.8762355788688,1528
212788,Hard,1,0,1,0.0,1490.4678157396818,1561
212837,Hard,6,2,4,0.3333,1487.5787997598434,2060
212839,Grass,1,0,1,0.0,1486.144904013586,1031
212866,Hard,1,0,1,0.0,1487.9667909614423,1974
212886,Clay,3,1,2,0.3333,1500.7133069811632,994
212886,Hard,2,2,0,1.0,1526.3783075411188,503
212949,Grass,2,0,2,0.0,1487.6934906098472,911
212949,Clay,2,0,2,0.0,1489.9794688949244,1433
212949,Hard,1,1,0,1.0,1511.5856612115333,796
212958,Hard,1,0,1,0.0,1489.4131558079946,1659
212970,Hard,1,0,1,0.0,1488.0,1948
212971,Hard,2,0,2,0.0,1476.0936685454424,2675
213009,Hard,1,0,1,0.0,1488.414300586377,1784
213010,Hard,1,0,1,0.0,1488.374092115414,1800
213036,Clay,2,0,2,0.0,1488.4323100055792,1579
213130,Grass,1,0,1,0.0,1485.4347854047116,1051
213149,Hard,6,4,2,0.6667,1511.7339059973574,777
213165,Hard,2,0,2,0.0,1487.7868879986122,1997
213177,Hard,1,0,1,0.0,1488.2272931763362,1818
213178,Hard,12,8,4,0.6667,1532.4370062530147,464
213195,Hard,3,1,2,0.3333,1488.813344437075,1726
213358,Hard,3,1,2,0.3333,1488.8138831301387,1725
213360,Clay,2,0,2,0.0,1488.3560387678974,1613
213547,Clay,2,1,1,0.5,1499.585699413623,1069
213605,Hard,1,0,1,0.0,1492.0833707907034,1459
213608,Hard,11,2,9,0.1818,1464.8584319201666,2994
213608,Clay,7,2,5,0.2857,1496.9908802614302,1152
213691,Hard,1,0,1,0.0,1488.7746791334068,1731
213713,Hard,3,2,1,0.6667,1512.620625301156,702
213713,Clay,1,1,0,1.0,1511.585699413623,735
213723,Clay,1,0,1,0.0,1487.585699413623,1821
213724,Hard,1,0,1,0.0,1487.4042393308998,2097
213725,Hard,5,1,4,0.2,1464.4263056481727,3012
213728,Hard,1,0,1,0.0,1492.2309991388786,1447
213729,Hard,1,0,1,0.0,1488.0,1950
213730,Hard,1,0,1,0.0,1488.9063292808983,1709
213731,Hard,1,0,1,0.0,1488.132923195684,1827
213733,Hard,1,0,1,0.0,1488.0,1952
213761,Hard,1,0,1,0.0,1486.841411835658,2195
213829,Grass,2,0,2,0.0,1487.0776189427716,987
213869,Hard,1,0,1,0.0,1488.0,1960
213933,Clay,1,0,1,0.0,1488.414300586377,1592
213957,Hard,2,1,1,0.5,1498.9126526190018,1200
213959,Hard,1,0,1,0.0,1488.414300586377,1786
213965,Hard,2,1,1,0.5,1499.666143117164,1163
213984,Clay,2,0,2,0.0,1487.9597966902109,1757
213987,Hard,2,0,2,0.0,1488.8688950245194,1715
214004,Hard,2,1,1,0.5,1504.8943003988115,958
214011,Hard,2,0,2,0.0,1487.078601073545,2159
214018,Grass,4,0,4,0.0,1473.5828150412178,1286
214051,Hard,1,1,0,1.0,1512.0,769
214164,Hard,1,0,1,0.0,1488.0,1955
214265,Hard,4,1,3,0.25,1490.0882408087082,1593
214285,Hard,2,2,0,1.0,1523.585699413623,541
214304,Clay,1,0,1,0.0,1488.8598412859449,1514
214416,Hard,1,0,1,0.0,1487.5709295026354,2067
214417,Hard,1,1,0,1.0,1512.0,768
214418,Hard,1,0,1,0.0,1488.0,1958
214419,Hard,1,1,0,1.0,1512.0,766
214420,Hard,1,0,1,0.0,1488.0589621162087,1840
214421,Hard,1,0,1,0.0,1488.0621295707535,1839
214422,Hard,1,0,1,0.0,1486.777910127071,2207
214423,Hard,1,0,1,0.0,1488.1545594904978,1824
214424,Hard,1,0,1,0.0,1488.0,1959
214425,Hard,1,0,1,0.0,1488.0,1961
214523,Hard,1,0,1,0.0,1488.7480848144387,1738
214588,Hard,2,0,2,0.0,1487.0898901017054,2157
