player_id,player_name,elo,elo_rank,elo_change_10,elo_rank_change_10,atp_rank,atp_points,hard_elo,hard_elo_rank,hard_elo_change_10,hard_elo_rank_change_10,clay_elo,clay_elo_rank,clay_elo_change_10,clay_elo_rank_change_10,grass_elo,grass_elo_rank,grass_elo_change_10,grass_elo_rank_change_10,carpet_elo,carpet_elo_rank,carpet_elo_change_10,carpet_elo_rank_change_10,matches_played,is_active
206173,Jannik Sinner,2207.3370102715407,1.0,-9.137934096792378,0.0,1.0,14750.0,2150.5627322035916,1.0,16.16292621964749,0.0,1924.0856407734861,3.0,8.102583904986886,2.0,1782.428053248471,6.0,95.3765448951035,18.0,,,,,450.0,True
207989,Carlos Alcaraz,2110.6695414373426,2.0,-4.408121854625733,0.0,2.0,11960.0,2013.7538721707829,2.0,-17.609696288482837,0.0,1972.2051204008326,2.0,3.2398995251771794,0.0,1783.437102403994,5.0,39.82220642427433,4.0,,,,,372.0,True
103819,Roger Federer,2006.3663626986747,3.0,-18.051106489715266,0.0,,,2009.046717846883,3.0,-33.43884651781218,0.0,1919.666261129755,5.0,6.447242111592232,0.0,1929.4248479065354,2.0,-31.540204991007613,-1.0,1704.4819406474512,7.0,55.49433485622512,11.0,1453.0,False
104417,Robin Soderling,1983.5933761455856,4.0,11.01058751227356,1.0,,,1913.7181103635212,6.0,8.67234227364338,-1.0,1865.9704398054316,7.0,48.543702619929945,-1.0,1638.8813247223134,44.0,47.672522481637316,5.0,1635.7717395709008,24.0,40.64109684002756,10.0,457.0,False
100644,Alexander Zverev,1966.0314395166922,5.0,19.353539826972337,1.0,3.0,5705.0,1902.443660919667,7.0,24.506640437460874,0.0,1873.2038339313376,6.0,20.47862685529526,1.0,1710.4574238327382,17.0,42.33943848349986,14.0,,,,,794.0,True
104925,Novak Djokovic,1954.8353115349364,6.0,-48.16897592853343,-2.0,4.0,4460.0,1958.5531964412205,4.0,-48.065892465197976,-1.0,1922.4295056861586,4.0,-38.75952492695433,-2.0,1953.2793903635788,1.0,-22.32479070447721,0.0,1527.0535551423272,102.0,,,1366.0,True
105223,Juan Martin del Potro,1928.2269553297153,7.0,-47.580290378967675,-2.0,,,1946.167632629761,5.0,-53.6177451525034,0.0,1790.4348499405216,11.0,-34.732368258299175,-1.0,1703.3233917609934,21.0,10.312237117145287,-2.0,1512.2593074986946,131.0,,,594.0,False
104745,Rafael Nadal,1888.1731601215565,8.0,-43.87889124222875,-1.0,,,1868.6373251547789,8.0,-118.55782830923704,-5.0,2008.362187435006,1.0,-66.933537539388,0.0,1814.1299898995642,4.0,46.3708572408209,3.0,1459.2916544995767,566.0,,,1279.0,False
209950,Arthur Fils,1861.9863927697395,9.0,31.606547050300378,4.0,20.0,2040.0,1781.6276435533437,21.0,39.108309365930154,5.0,1729.2875545331847,20.0,41.227748519224406,17.0,1536.4377101768712,172.0,67.63480774420009,650.0,,,,,181.0,True
210097,Ben Shelton,1844.8252623894493,10.0,26.352267255264223,6.0,5.0,4070.0,1838.894881335743,11.0,17.738828518455875,1.0,1592.8410608443596,114.0,-4.186750362996008,-6.0,1583.4340978551425,87.0,56.499984196218065,101.0,,,,,241.0,True
102158,Patrick Rafter,1840.8580998673776,11.0,-26.853514562731334,-6.0,,,1804.9580791785756,12.0,-25.363108691364687,-7.0,1624.7553766555654,77.0,-40.92308135363123,-56.0,1753.640960152979,8.0,16.540290618835797,-6.0,1605.2795216605568,32.0,6.964921526556964,-6.0,495.0,False
101736,Andre Agassi,1839.255067199967,12.0,-46.44724343496068,-7.0,,,1865.1602514637354,9.0,-63.27025271541993,-7.0,1730.4449664539743,19.0,-12.374034213718687,-6.0,1685.834983477231,27.0,-52.371645958889985,-22.0,1699.019834066912,8.0,-3.7274362052025936,2.0,840.0,False
126203,Taylor Fritz,1838.2707278572134,13.0,15.29626608560443,0.0,9.0,3720.0,1783.6913838371304,18.0,22.903771968794217,4.0,1631.8882029102133,65.0,-84.06595887548428,-42.0,1739.9095427409202,10.0,24.04474529773165,3.0,,,,,585.0,True
101948,Pete Sampras,1835.1522149045995,14.0,-1.950657642302076,-10.0,,,1861.516994900616,10.0,59.95082146393224,-5.0,1635.046459679927,64.0,-2.617911837848169,-30.0,1841.8909159958516,3.0,-66.99526539344902,-2.0,1897.7144780999483,1.0,18.199365480072174,0.0,779.0,False
126207,Frances Tiafoe,1825.8985701966053,15.0,52.42135841893446,12.0,22.0,1905.0,1781.8866388161102,19.0,59.97535731560197,17.0,1621.1634065272326,84.0,29.760191290946068,27.0,1620.9332569230958,58.0,60.30078286282014,64.0,,,,,499.0,True
126205,Tommy Paul,1818.1842013232015,16.0,24.259646697552853,6.0,21.0,1945.0,1759.7359976794028,25.0,26.900783645106458,6.0,1711.3100839498968,25.0,9.790190041727783,5.0,1637.7050433765041,46.0,13.129357333292546,9.0,,,,,391.0,True
200000,Felix Auger Aliassime,1814.5050774115577,17.0,5.841748512447339,3.0,6.0,4050.0,1797.995240548785,16.0,-15.749517194952432,-2.0,1659.321286745668,48.0,-3.780204388080392,-1.0,1614.444163016746,60.0,40.481684723792114,37.0,,,,,475.0,True
104053,Andy Roddick,1808.9887019136945,18.0,-11.09362195527342,2.0,,,1800.9388881663767,13.0,-3.628374631956376,3.0,1612.1212132786027,97.0,-110.3567657236647,-81.0,1777.0605357163315,7.0,6.192342423020591,-3.0,1623.1537608787758,29.0,19.407069804165076,-2.0,770.0,False
207733,Jack Draper,1801.2190160863868,19.0,-71.99640979275205,-8.0,75.0,760.0,1781.0303375837423,22.0,-53.94063251194757,-10.0,1627.5598539270538,71.0,36.19313679982611,36.0,1625.4232173811445,54.0,26.799838087703392,18.0,,,,,183.0,True
101414,Boris Becker,1800.8127801386095,20.0,-3.65953524663405,-8.0,,,1740.1484382437507,31.0,-10.461918037185114,-18.0,1707.0732907671895,28.0,74.8822380528527,7.0,1724.445471855142,12.0,-22.456536289809947,-10.0,1793.5008249285038,2.0,-81.74834660386546,-1.0,408.0,False
106401,Nick Kyrgios,1799.4881216760296,21.0,-106.3630078716601,-11.0,,,1799.204703778025,15.0,-37.27865696150661,-4.0,1622.5247095095299,82.0,-24.20652107203091,-29.0,1643.6849201799932,42.0,-10.348984223200432,-5.0,,,,,315.0,False
104339,Mario Ancic,1788.4884906024788,22.0,-28.78550912762148,-7.0,,,1739.8091954443573,32.0,8.444353523618474,-6.0,1651.1301277583295,53.0,-19.726318172149377,-18.0,1713.5113015484615,16.0,12.797095513957174,-5.0,1588.1081020864804,39.0,72.36279597276416,74.0,315.0,False
200282,Alex De Minaur,1787.0218850591666,23.0,-24.183196863827106,-6.0,7.0,3855.0,1791.0661187521405,17.0,-37.117840385478075,-5.0,1680.1986194120468,37.0,7.381348972083515,4.0,1674.6337966856877,31.0,4.933536987305843,-2.0,,,,,523.0,True
207518,Lorenzo Musetti,1780.3510157910007,24.0,-35.66592571619162,-8.0,11.0,3115.0,1702.9573021078015,43.0,-28.965012747296214,-10.0,1792.7547461155602,10.0,-30.377836262596475,0.0,1605.9667106082063,66.0,68.90148078013135,90.0,,,,,335.0,True
206909,Brandon Nakashima,1777.436720181715,25.0,35.832646004000935,15.0,35.0,1295.0,1743.2116443177504,30.0,38.827462247013045,11.0,1541.9677103878728,225.0,9.602282005214647,21.0,1583.009710856667,88.0,37.794317543810166,56.0,,,,,288.0,True
106421,Daniil Medvedev,1775.909317855107,26.0,-50.64141928147001,-12.0,8.0,3760.0,1799.6932352249055,14.0,-66.20157292878753,-5.0,1693.6485558144807,33.0,-5.817940229867645,-3.0,1687.4648702461586,26.0,-17.68841086659927,-8.0,,,,,643.0,True
211663,Joao Fonseca,1775.6822316360822,27.0,-0.3309630805579218,-2.0,30.0,1435.0,1722.7706289831306,37.0,63.998492205545745,28.0,1649.6838219401607,54.0,56.5386101510137,57.0,1502.5177424784474,353.0,14.788557511918498,209.0,,,,,92.0,True
134770,Casper Ruud,1775.4081341513065,28.0,-38.97374600608259,-11.0,16.0,2275.0,1680.532732773405,57.0,-19.021593718723125,-14.0,1809.3973015433983,9.0,-23.46476006291482,-1.0,1483.232822920818,774.0,-14.553136804914857,-436.0,,,,,479.0,True
101222,Stefan Edberg,1774.7931828330593,29.0,3.1432355960553195,-16.0,,,1704.7270643940087,41.0,-19.310222924922073,-31.0,1710.4408764447764,26.0,4.393710066631684,-14.0,1661.0199515068966,35.0,16.66550503591452,-29.0,1684.5561434229046,11.0,-1.9534491104634526,-3.0,423.0,False
105683,Milos Raonic,1773.1408904616687,30.0,-3.585880139568644,-4.0,,,1773.8871627940275,23.0,-1.765969732816302,-6.0,1736.9867865544807,17.0,-38.44863062603122,-3.0,1724.1938180640454,13.0,-31.642678459397985,-5.0,,,,,542.0,False
208103,Jiri Lehecka,1769.4144194749913,31.0,-11.339457958723187,-4.0,12.0,2665.0,1722.3786439967764,38.0,-9.603487851173668,-5.0,1624.0480368781455,79.0,33.86366208282334,35.0,1594.918713561855,75.0,6.370115457792053,4.0,,,,,241.0,True
210530,Learner Tien,1765.6341446146187,32.0,-2.879257985874574,-2.0,18.0,2180.0,1743.3802408572367,29.0,-8.352264066634007,-4.0,1567.3583239395557,159.0,100.05594681278535,970.0,1504.4890599331843,324.0,,,,,,,114.0,True
208029,Holger Rune,1761.926049199623,33.0,4.06763634866229,1.0,44.0,1060.0,1752.4308686660918,27.0,3.011052576522843,-1.0,1716.673690859094,23.0,16.448893684378163,7.0,1554.9066968561983,135.0,9.637703309891549,2.0,,,,,271.0,True
200624,Sebastian Korda,1760.25466940182,34.0,54.933405450802184,17.0,47.0,1000.0,1734.1757779939626,33.0,49.97753767466179,19.0,1585.6687435214242,123.0,9.042119822755467,5.0,1590.0946419507018,80.0,40.80910332412736,49.0,,,,,264.0,True
103888,Mardy Fish,1759.4606792170398,35.0,-54.70658997280384,-18.0,,,1726.2735296212809,36.0,-52.409065568802134,-16.0,1543.8366748239039,217.0,12.01393276337626,-58.0,1685.4026577953123,28.0,41.548343529050726,-2.0,1484.1305983216655,413.0,,,492.0,False
210150,Jakub Mensik,1754.4649154330853,36.0,-22.926047222754278,-9.0,27.0,1550.0,1728.4652848741218,35.0,-25.71484867149138,-12.0,1644.1828064718043,58.0,61.45413830985444,66.0,1504.0543141086907,332.0,19.666764304327444,324.0,,,,,149.0,True
102765,Nicolas Escude,1753.3321077339174,37.0,27.374217407675815,-8.0,,,1763.053796148507,24.0,-6.292572899463266,-15.0,1529.7264642652071,274.0,17.05481020838647,-121.0,1582.7014197077854,90.0,-13.097093321982811,-63.0,1556.3326187474167,66.0,9.318091646447556,-8.0,279.0,False
103900,David Nalbandian,1746.995562311681,38.0,-19.623125213772482,-8.0,,,1752.6170712915748,26.0,-88.82467404713452,-13.0,1731.1486963943507,18.0,-15.810425516956002,-3.0,1626.9291589563588,52.0,5.508787473817392,-13.0,1650.7664473747923,18.0,-1.610096295329413,-2.0,544.0,False
101529,Michael Stich,1746.6237635095456,39.0,54.692400528002736,-4.0,,,1645.8851038467926,78.0,-115.90075405522157,-71.0,1740.181616946164,16.0,-36.17975779370704,-12.0,1715.041356023487,14.0,-0.4297352844885154,-11.0,1715.3213925672321,5.0,-51.14902345862515,-1.0,400.0,False
207925,Flavio Cobolli,1746.4649197320493,40.0,-7.15193226319775,-4.0,14.0,2340.0,1630.3228460988278,95.0,13.423688995666907,13.0,1692.0349257633013,34.0,-8.378906241290451,-4.0,1580.0474276349262,93.0,66.15667837741557,146.0,,,,,188.0,True
200221,Alejandro Davidovich Fokina,1742.550447249629,41.0,34.64682962191978,8.0,23.0,1860.0,1693.216199567865,45.0,-13.552082174463976,-5.0,1622.8046621463952,80.0,-1.0324955816529382,-6.0,1587.0316623479373,83.0,68.16476914641157,146.0,,,,,338.0,True
104607,Tomas Berdych,1737.8336221273348,42.0,-68.41191392214228,-17.0,,,1747.894749026191,28.0,-55.576131596186315,-11.0,1752.6940248307362,14.0,-68.54310312752773,-4.0,1697.792204083947,24.0,-5.517393399230059,-8.0,1573.83751322817,47.0,74.5961904771982,139.0,927.0,False
122330,Alexander Bublik,1736.5727218381396,43.0,-33.897389957841824,-12.0,10.0,3320.0,1692.2459089954273,46.0,-35.09996019978621,-12.0,1626.9909279662422,74.0,11.326195443948109,15.0,1663.6745686427978,33.0,-6.467221883020557,-3.0,,,,,396.0,True
104026,Joachim Johansson,1730.890598996719,44.0,-25.037111581117642,-21.0,,,1731.6665980112825,34.0,-45.97239248714072,-20.0,1436.455335007019,1447.0,-38.81719423396589,-933.0,1518.0244388079864,249.0,16.943040696449543,-77.0,1530.2943444807072,94.0,,,117.0,False
102701,Marcelo Rios,1727.4668536081322,45.0,-38.5358612447219,-25.0,,,1781.8568544321834,20.0,0.5888445062491883,-13.0,1644.6205144267674,57.0,-3.9694254521848507,-22.0,1483.8000953545618,769.0,,,1591.012165987598,37.0,-46.92972869973664,-17.0,537.0,False
202103,Francisco Cerundolo,1726.0420944344844,46.0,-53.360264699513664,-19.0,26.0,1570.0,1673.6725910567616,59.0,-34.02971415234788,-19.0,1699.351157050783,30.0,-12.191939286742354,-3.0,1529.2453517970957,194.0,3.881539735124761,-10.0,,,,,291.0,True
126774,Stefanos Tsitsipas,1723.746600877506,47.0,16.35770122794156,5.0,79.0,740.0,1703.466936922788,42.0,19.58609545160425,15.0,1771.3562511483408,12.0,-17.70926094683864,0.0,1543.9292795331048,152.0,-35.37719976667677,-70.0,,,,,581.0,True
101990,Richard Krajicek,1722.6985010744268,48.0,-52.23309054148717,-30.0,,,1692.1250816956438,47.0,-35.09848482143275,-26.0,1680.5789696672384,36.0,-1.6890909131300305,-20.0,1702.9648361612137,22.0,-20.248444713995923,-19.0,1718.562731970801,4.0,8.807196860034082,3.0,593.0,False
126094,Andrey Rublev,1721.6003628294754,49.0,-18.790203653509252,-6.0,13.0,2460.0,1666.016174381051,64.0,-36.363781710456806,-22.0,1741.2651008462242,15.0,28.13313538850457,10.0,1589.714584688223,81.0,-47.707701541750566,-39.0,,,,,615.0,True
128034,Hubert Hurkacz,1718.6843092399336,50.0,27.50308696496836,6.0,99.0,600.0,1682.1270726914422,56.0,-3.5181701354256347,-2.0,1662.549761717308,47.0,-31.420186203020876,-15.0,1622.5310564825525,56.0,-21.54104934719544,-16.0,,,,,408.0,True
210506,Alex Michelsen,1716.801573178406,51.0,50.521757524470104,26.0,42.0,1115.0,1712.639225492488,39.0,31.811356921286006,20.0,1490.5065263518575,673.0,28.78582236640659,525.0,1547.6523174964004,145.0,22.81367983312566,46.0,,,,,173.0,True
103602,Fernando Gonzalez,1707.8429731697456,52.0,-81.70684002497956,-29.0,,,1705.19657156169,40.0,-86.88855387729791,-24.0,1770.246101497019,13.0,-62.23273828013998,-6.0,1603.7570590788089,69.0,7.516560817556865,-25.0,1554.2321167423017,68.0,16.127594215332465,8.0,532.0,False
105238,Alexandr Dolgopolov,1700.8407786439047,53.0,-10.82571621330726,-3.0,,,1663.6666426528757,65.0,-15.724452619251224,-16.0,1648.7626748977902,56.0,-31.242515986298258,-20.0,1560.0201410038992,122.0,-6.712377329643459,-33.0,,,,,412.0,False
111202,Hyeon Chung,1695.8093865209064,54.0,18.30535065005529,7.0,519.0,81.0,1656.0281760032176,69.0,16.939550976239616,4.0,1599.5064284976181,106.0,9.107696600778354,-1.0,1486.8759587131785,722.0,,,,,,,146.0,True
212588,Rafael Jodar,1689.1896670863437,55.0,28.00842909007133,22.0,29.0,1461.0,1636.8919028071593,89.0,34.100170599221656,38.0,1544.1809155636556,216.0,,,1508.492825613887,301.0,,,,,,,24.0,True
126610,Matteo Berrettini,1688.703404803301,56.0,-20.558056390098272,-9.0,105.0,585.0,1668.2516691862827,63.0,-23.3413607594357,-19.0,1719.5548811014723,21.0,-22.45926410323682,-6.0,1707.8012445130264,18.0,-32.38343174995748,-9.0,,,,,347.0,True
202058,Thiago Agustin Tirante,1688.3944961766908,57.0,51.59674669757146,48.0,60.0,887.0,1589.2749434692714,146.0,76.45891265173714,225.0,1626.9923035558675,73.0,50.59523772000034,66.0,1487.3044586657409,702.0,,,,,,,61.0,True
132686,Nuno Borges,1685.6838426975662,58.0,22.480597091524714,16.0,51.0,970.0,1628.8284420552318,97.0,28.831711482488117,38.0,1604.5892048046753,103.0,26.844124615604414,32.0,1507.3070129925104,307.0,34.433484821056254,522.0,,,,,188.0,True
103285,Radek Stepanek,1684.827005750011,59.0,9.04123465318662,7.0,,,1638.6711520812587,86.0,16.226629957568548,-8.0,1591.604706315493,116.0,10.768557385586746,-11.0,1616.829019964254,59.0,-34.136827147283384,-25.0,1600.0197491973456,35.0,1.3046849449767706,-5.0,654.0,False
111815,Cameron Norrie,1684.1868179190785,60.0,10.800869920926516,9.0,24.0,1785.0,1676.1228335014594,58.0,-0.9454252323751007,2.0,1674.194444145976,40.0,-31.475498370742343,-12.0,1562.5237388035869,119.0,-26.77040292402353,-39.0,,,,,452.0,True
111575,Karen Khachanov,1682.2495308980742,61.0,6.973909239718978,3.0,15.0,2320.0,1660.306680444753,66.0,20.12069762119404,19.0,1668.7196706338095,43.0,6.523545596889107,5.0,1609.5049926750985,64.0,18.731045925115268,10.0,,,,,562.0,True
103264,Mariano Puerta,1679.3214402337328,62.0,39.473240298219935,6.0,,,1473.2840071029577,1218.0,34.34482971317129,-505.0,1707.112556422951,27.0,-1.9870876505947308,-9.0,1452.1575596190712,1103.0,,,1477.269673536418,466.0,-32.057679893318436,-370.0,235.0,False
103507,Juan Carlos Ferrero,1678.4333907074897,63.0,-6.858201307032687,-11.0,,,1630.3881432817352,94.0,-29.892252711611036,-43.0,1696.8729561177363,32.0,-48.04977251207583,-17.0,1624.7687484959304,55.0,-11.644450993465853,-25.0,1542.2585007947202,79.0,-12.19126873572327,-21.0,700.0,False
103344,Ivan Ljubicic,1676.2763431962726,64.0,-93.79288940903007,-33.0,,,1640.1865504078903,82.0,-62.784555512181214,-47.0,1699.0532695775053,31.0,-34.35832788306084,-15.0,1535.8965524405432,173.0,7.229020897221744,-60.0,1641.025154122084,23.0,12.624948972434368,1.0,673.0,False
101793,Jim Courier,1675.9041716263343,65.0,-53.23577964600008,-42.0,,,1631.359119373044,93.0,-43.915787907662434,-69.0,1644.0855616823928,59.0,-21.279659919839787,-34.0,1569.0926745010431,109.0,-6.516960688227755,-90.0,1647.25369641022,20.0,15.084811703315609,-1.0,521.0,False
103498,Marat Safin,1675.5307129581913,66.0,73.61701229277332,34.0,,,1650.2652317693205,72.0,62.18937819492339,21.0,1616.7604341652818,90.0,-48.15855991636772,-54.0,1633.5802941224065,49.0,17.81663586224886,-21.0,1670.419335418636,13.0,-20.906992072249068,-3.0,627.0,False
103970,David Ferrer,1674.4723002155154,67.0,60.807827341019674,54.0,,,1687.452993340935,52.0,-24.912082053307813,-17.0,1715.899567613155,24.0,-25.02630015611726,-6.0,1593.3181032651803,76.0,-41.16537241394144,-35.0,1497.0520586150021,221.0,-10.464111710683028,-94.0,1073.0,False
122298,Botic Van De Zandschulp,1674.2405964432774,68.0,22.435318149802015,17.0,55.0,935.0,1669.8174136935556,61.0,7.858292019580858,6.0,1565.0699670009383,165.0,-5.908167426519412,-21.0,1500.3123619413873,394.0,-21.738519435475382,-191.0,,,,,263.0,True
210017,Daniel Merida Aguilar,1671.7550211072291,69.0,64.26437003278988,66.0,86.0,696.0,1605.4801630846252,130.0,82.7162047004249,190.0,1575.3127639381767,140.0,45.1787739731235,121.0,1494.4172295933704,452.0,,,,,,,32.0,True
200005,Ugo Humbert,1670.8930211456986,70.0,-21.325569155442054,-16.0,32.0,1370.0,1686.3149038606848,53.0,-58.392810897230675,-25.0,1443.0980168757985,1410.0,13.664117235150343,-19.0,1586.773548349364,84.0,42.32246571950964,63.0,,,,,348.0,True
210696,Alexander Blockx,1670.3808212555243,71.0,25.55011608394443,16.0,37.0,1238.0,1536.0469568935137,279.0,51.762968814882925,686.0,1627.05696535803,72.0,35.894066843725795,41.0,1481.969560593599,789.0,,,,,,,44.0,True
100581,John McEnroe,1670.3023515693853,72.0,9.741953536728033,-54.0,,,1647.8559836472248,75.0,26.394261474732502,-61.0,1470.7209593281286,1161.0,,,1577.0787305719102,98.0,73.24455985062946,-54.0,1559.3551172825223,62.0,-1.5409280170290458,-48.0,89.0,False
105777,Grigor Dimitrov,1667.0654539231145,73.0,-6.866616761599289,-5.0,168.0,355.0,1700.6538080622556,44.0,-95.26044342327873,-26.0,1626.1745780107574,76.0,-95.54727171995978,-53.0,1646.881721304602,41.0,19.57448828706538,10.0,,,,,791.0,True
102882,Mark Philippoussis,1666.9723723417972,74.0,-48.6059949239434,-32.0,,,1553.1599230629731,222.0,-27.90565819870403,-142.0,1624.5230760306806,78.0,-8.179520348943015,-37.0,1713.9996428763304,15.0,23.299109099880297,-1.0,1612.1088875485643,30.0,-14.300246104813823,-7.0,475.0,False
209260,Luciano Darderi,1666.5055067997066,75.0,-35.63570099143885,-21.0,17.0,2260.0,1518.6370235821873,355.0,34.87752852649396,641.0,1702.6164914600638,29.0,2.7272185584772615,1.0,1468.3216539099635,976.0,-32.59788392717064,-642.0,,,,,164.0,True
144684,Alex Molcan,1665.5572394584171,76.0,8.311583727646848,4.0,110.0,571.0,1518.6059842554457,357.0,47.35993546754935,712.0,1666.915758342045,44.0,13.583119071857027,9.0,1503.311648488995,345.0,28.31479639342524,379.0,,,,,111.0,True
101965,Wayne Ferreira,1661.7613752641535,77.0,6.84688293594445,-19.0,,,1612.319489183729,116.0,-57.89492811701734,-78.0,1626.860216415159,75.0,11.122722564527521,-24.0,1637.7407355179218,45.0,-35.77708461686734,-34.0,1529.7077486916096,95.0,-53.553210491088294,-65.0,746.0,False
102338,Yevgeny Kafelnikov,1661.654020622036,78.0,-15.133209613206873,-28.0,,,1669.2888303657094,62.0,-31.139933808044134,-33.0,1639.915395181165,60.0,35.05234022821105,-5.0,1652.8315110807541,39.0,5.609897341677652,-25.0,1760.8598908391184,3.0,-54.04759547112985,-1.0,812.0,False
207830,Tomas Machac,1661.1513373377556,79.0,-35.122828960425295,-24.0,43.0,1080.0,1636.1831057575757,91.0,-63.02074353480725,-47.0,1597.3261768692462,111.0,50.5186310024676,94.0,1500.856402063596,377.0,,,,,,,154.0,True
104338,Juan Monaco,1660.593989775323,80.0,-61.464200766914246,-34.0,,,1614.3978280221154,113.0,-28.211073452904884,-51.0,1672.3890301714323,41.0,-17.345816828273428,-9.0,1490.3476021732495,526.0,5.627265889906312,-62.0,1480.1671115414053,440.0,,,590.0,False
126127,Benjamin Bonzi,1657.497524688599,81.0,22.458534499392727,27.0,95.0,629.0,1609.3501728964936,122.0,15.649146731235305,20.0,1492.4222944031662,627.0,1.8949966856657738,-38.0,1525.522860269425,208.0,15.493298183752358,49.0,,,,,159.0,True
200473,Valentin Vacherot,1655.7787700917777,82.0,-46.80276168483556,-28.0,19.0,2103.0,1622.4508460836046,105.0,-16.186373211592127,-15.0,1530.202247733452,270.0,58.03653557130542,789.0,,,,,,,,,51.0,True
208363,Mariano Navone,1652.3456079985574,83.0,12.85736638707067,14.0,38.0,1215.0,1487.5100020541026,905.0,73.26981421425467,692.0,1653.5826483361225,51.0,27.442901529440633,23.0,1451.6114683451585,1108.0,,,,,,,125.0,True
105870,Yannick Hanfmann,1651.180758098565,84.0,16.548751301656694,22.0,53.0,936.0,1588.1554942659118,147.0,29.55601082248404,57.0,1607.0054317732565,101.0,-5.414510765411478,-9.0,1487.7646949564707,660.0,-2.0340257526172536,-184.0,,,,,210.0,True
100656,Ivan Lendl,1650.4659458470123,85.0,-26.44531367774107,-62.0,,,1646.000096830733,77.0,-37.97732590557075,-66.0,1586.3241794395485,121.0,-75.59112042118159,-113.0,1509.3532069707212,292.0,8.538898758393316,-243.0,1656.6636934657665,16.0,-11.799933377879597,-12.0,237.0,False
104076,Jose Acasuso,1647.5672293977336,86.0,-5.750045791767434,-19.0,,,1527.4364647120944,314.0,-43.85610539173604,-206.0,1690.2053633027253,35.0,11.385913766338717,-6.0,1411.3232868793318,1216.0,,,1492.2741834721035,246.0,,,359.0,False
133430,Denis Shapovalov,1645.8164653234435,87.0,49.26890397332977,69.0,39.0,1170.0,1692.0008777075277,48.0,26.3154478367544,17.0,1532.8722514287988,257.0,-50.40891756085762,-137.0,1503.3916258351023,344.0,-49.28068021987792,-213.0,,,,,456.0,True
104597,Nicolas Almagro,1645.4385762445263,88.0,4.737906492693355,-3.0,,,1594.5129103713773,143.0,-32.10414918667584,-68.0,1678.5745137094525,39.0,-0.1547874291404696,0.0,1523.471118067138,220.0,7.501230355043617,-66.0,1502.273236037286,175.0,,,659.0,False
144719,Jaume Munar,1645.3425478658714,89.0,-29.99036954771941,-22.0,41.0,1145.0,1624.8206691640048,102.0,47.84183959267307,65.0,1543.2427908376799,218.0,-13.42917594152027,-39.0,1472.3294583203287,936.0,35.825479377328065,103.0,,,,,303.0,True
104871,Jeremy Chardy,1644.4796766771958,90.0,-30.15808077356337,-22.0,,,1683.3732442649487,55.0,24.492281326673265,9.0,1564.9511125015183,166.0,-57.88391536796007,-97.0,1509.2945050111741,293.0,-57.66522591683565,-203.0,,,,,594.0,False
103017,Nicolas Kiefer,1644.0491697129553,91.0,-33.74836998811793,-39.0,,,1683.3916639922204,54.0,-52.330602666217374,-28.0,1582.0381577539154,132.0,-31.518489910856715,-66.0,1592.577074494295,77.0,-35.07123345324226,-49.0,1630.6805185640906,26.0,46.34462659409792,8.0,585.0,False
102148,Fabrice Santoro,1643.9779845097878,92.0,31.62168180025469,0.0,,,1600.603112485246,135.0,9.44614864958021,-43.0,1462.0400289904514,1258.0,-61.98840430656355,-1106.0,1611.4749667302174,62.0,5.2871908281661035,-21.0,1528.9930258372406,97.0,9.053784136751574,11.0,823.0,False
106423,Thanasi Kokkinakis,1643.869897776099,93.0,-30.41142022957888,-20.0,855.0,29.0,1629.5732855311608,96.0,1.0626407500576533,-3.0,1521.4898463778113,306.0,-5.277489169893215,-54.0,1504.1880433127574,328.0,11.62870954665982,-25.0,,,,,174.0,True
103898,Julien Benneteau,1643.7563877457258,94.0,-20.37668786387735,-24.0,,,1621.7387840484942,107.0,-37.69281973170246,-49.0,1489.4710907508472,709.0,-61.204274901661165,-572.0,1537.8700958616444,167.0,6.747780289988896,-29.0,1534.9034211558906,85.0,33.34189964406892,89.0,561.0,False
209860,Ignacio Buse,1643.5794935478266,95.0,22.01295496012699,27.0,31.0,1412.0,1540.1495236502396,269.0,41.10275646515265,244.0,1583.19685930095,129.0,58.007927099108656,149.0,1505.4849691222332,318.0,,,,,,,48.0,True
105668,Jerzy Janowicz,1643.2462365125107,96.0,19.889949598279827,7.0,,,1609.7060290520353,120.0,-32.84995782459282,-54.0,1501.982089419836,492.0,-28.358178445810154,-317.0,1572.9202121406008,103.0,8.18426271225394,-15.0,,,,,164.0,False
111460,Quentin Halys,1643.1945670525954,97.0,-0.3108297749479334,-6.0,90.0,678.0,1541.8504020119153,261.0,19.202991202464318,55.0,1630.5268789848321,67.0,79.03135740935704,129.0,1486.0379894757912,750.0,-40.175951044900785,-560.0,,,,,175.0,True
102854,Sjeng Schalken,1643.0134394963154,98.0,-25.196064793707365,-46.0,,,1617.119292858995,110.0,-29.989118977406406,-64.0,1553.3327040153165,190.0,-36.62825878118656,-124.0,1657.9090446259715,37.0,-37.050473994778486,-27.0,1546.6000333503746,74.0,9.921002901214706,-9.0,520.0,False
126128,Roman Safiullin,1642.2703903055412,99.0,55.750235331677914,77.0,141.0,430.0,1586.946839343015,149.0,13.736626178008237,17.0,1530.314610307606,268.0,27.531915928830585,161.0,1555.1398326645156,132.0,58.1893071656084,248.0,,,,,147.0,True
111442,Jordan Thompson,1640.9009158705485,100.0,-53.26678023341219,-41.0,149.0,408.0,1639.870248011364,83.0,-44.33366739651456,-28.0,1439.7181654943538,1431.0,-11.873154662732986,-208.0,1580.7663721514616,92.0,5.493596276871585,-1.0,,,,,328.0,True
105526,Jan Lennard Struff,1640.7950629523543,101.0,2.761767840663879,-2.0,80.0,739.0,1524.332340086538,328.0,-31.548088890338022,-121.0,1615.7293793462477,93.0,-21.3454992345371,-29.0,1604.273536465364,68.0,33.04039473718535,38.0,,,,,519.0,True
105453,Kei Nishikori,1640.1710334243735,102.0,-41.113207909760376,-40.0,703.0,45.0,1644.0508197820207,79.0,-55.033143311301274,-33.0,1717.7090582545734,22.0,-82.02066669293549,-10.0,1643.4043185975459,43.0,-16.766301749296645,-11.0,,,,,663.0,True
200325,Emil Ruusuvuori,1640.021683989677,103.0,-13.833502938402262,-27.0,783.0,37.0,1639.4591656501323,84.0,-58.86376727803804,-42.0,1482.2149290668472,970.0,-15.777155041291053,-483.0,1513.5405972313267,266.0,11.035692650088322,20.0,1488.414300586377,311.0,,,209.0,True
210262,Jaime Faria,1638.8717484952492,104.0,59.142093895101425,88.0,115.0,548.0,1561.0511433774936,200.0,78.51474229238352,816.0,1575.6447007873292,138.0,63.461384366255515,215.0,1528.856161232214,197.0,,,,,,,49.0,True
104731,Kevin Anderson,1638.83561711984,105.0,-101.72086393156542,-69.0,,,1608.4148831806185,125.0,-104.81005669320234,-86.0,1649.2288302707009,55.0,-47.67401766406624,-22.0,1707.1287462926023,19.0,32.08377393469141,9.0,,,,,597.0,False
101774,Todd Martin,1637.4511742553864,106.0,4.508998630190035,-36.0,,,1624.3399050099622,103.0,-85.25191515582151,-80.0,1599.4220483423887,107.0,-26.003423362202284,-63.0,1661.4490996713062,34.0,-22.620244151060206,-24.0,1663.9125515940711,14.0,21.957110060423474,4.0,592.0,False
101962,Younes El Aynaoui,1636.5963601042595,107.0,42.48712798282304,-2.0,,,1605.9397269267542,129.0,-32.972428869164105,-81.0,1657.167100378257,49.0,-11.333669946540567,-15.0,1514.5613897462795,260.0,8.63993562796577,-139.0,1458.8767158145947,568.0,-39.960014555771295,-411.0,417.0,False
126239,Arthur Rinderknech,1636.0734956470365,108.0,-11.87019307038031,-26.0,25.0,1736.0,1615.4806999300372,112.0,-15.708589473871143,-18.0,1555.242806821922,186.0,15.1164980109088,40.0,1519.1397973054313,245.0,22.356818038680785,134.0,,,,,247.0,True
102450,Tim Henman,1633.8929624283498,109.0,-27.930175967564765,-49.0,,,1638.7395357583694,85.0,-85.2985678587263,-63.0,1630.5159366196592,68.0,-68.52896422258459,-49.0,1696.7782603216274,25.0,-42.8717547223705,-19.0,1660.1945996096263,15.0,-56.390706981860376,-8.0,708.0,False
102344,Karol Kucera,1633.3910613761063,110.0,-35.805809053824305,-61.0,,,1648.1950157385509,74.0,-64.43357939456132,-51.0,1516.8136843607188,335.0,-88.95716395164573,-285.0,1578.8548206044704,94.0,-42.696557685517064,-69.0,1625.7670478116568,28.0,-47.287503611357124,-14.0,471.0,False
101434,Petr Korda,1632.9321531826943,111.0,-75.29858725503118,-78.0,,,1657.68804594719,68.0,-89.31281105984635,-55.0,1598.5987635283218,109.0,-41.15224781240181,-77.0,1625.537937912665,53.0,7.860868083039804,-39.0,1673.7574081316857,12.0,-51.02998412626107,-7.0,502.0,False
206681,Fabian Marozsan,1632.1571307643565,112.0,5.857012100460452,2.0,54.0,935.0,1608.050722138856,126.0,-20.91812563897156,-30.0,1544.4007353192167,213.0,10.688250046975327,33.0,1493.4214888588956,465.0,22.011328101007393,370.0,,,,,158.0,True
103781,Jurgen Melzer,1631.8146672178416,113.0,21.86435114810024,-1.0,,,1602.466766758502,132.0,21.76456178118997,-19.0,1581.4702324868078,134.0,-9.721604625034843,-36.0,1573.2042464588612,102.0,-15.871542460220553,-41.0,1491.6674943679025,252.0,,,633.0,False
105227,Marin Cilic,1631.5411685223758,114.0,-23.06357158060223,-34.0,46.0,1010.0,1626.9872954657615,98.0,-8.129326990532263,-5.0,1612.2069079567127,96.0,-86.10383451444045,-63.0,1731.1940878823377,11.0,-42.40304260902917,-4.0,1510.3179758006916,144.0,,,940.0,True
101723,Magnus Larsson,1631.2953865673926,115.0,-5.074232528628727,-51.0,,,1640.7915092000417,81.0,-43.851542919405574,-53.0,1573.9803486161475,141.0,-27.11836649566112,-97.0,1553.256788904398,139.0,-9.951387035579728,-103.0,1651.7913431426407,17.0,-24.066965064791475,-5.0,445.0,False
200267,Zizou Bergs,1631.1435529709618,116.0,-32.875824230522085,-44.0,40.0,1150.0,1591.443160857003,144.0,-23.888795118388543,-35.0,1481.1059330715236,993.0,-22.56247113326708,-561.0,1532.6237832825127,183.0,58.15325814975199,628.0,,,,,146.0,True
202385,Jenson Brooksby,1629.9590061027554,117.0,-8.454800288429396,-15.0,63.0,865.0,1624.1794082612118,104.0,-17.10320012902207,-20.0,1501.4427210058197,500.0,-18.00008048527775,-208.0,1554.1680861842697,137.0,2.6411445178055146,0.0,,,,,148.0,True
144750,Lloyd Harris,1629.3474620582547,118.0,63.767350817209035,101.0,143.0,423.0,1638.0475224063994,87.0,64.72291565394266,79.0,1440.577072246194,1427.0,-30.142723203115565,-457.0,1499.311801896718,414.0,3.2868261048199656,-63.0,,,,,166.0,True
103566,Michael Llodra,1629.1159992991732,119.0,-42.68449886509006,-58.0,,,1612.0066189845138,118.0,-41.467849923693166,-58.0,1498.57732917781,545.0,-3.829832406470132,-276.0,1605.0873263005608,67.0,-33.51583762715768,-38.0,1468.9629147582789,527.0,-5.156260332677448,-85.0,398.0,False
102025,Mikael Tillstrom,1626.5480715765052,120.0,46.191061048137726,-30.0,,,1609.000418699805,123.0,-21.68876425300823,-79.0,1541.335594941221,228.0,44.82567274014036,-26.0,1474.4813234424566,916.0,,,1497.4399034407525,218.0,12.70709998381244,63.0,205.0,False
101320,Magnus Gustafsson,1625.7155955571873,121.0,-41.877033614639686,-71.0,,,1614.0519411247442,114.0,-25.846668507911545,-72.0,1618.3131909960368,88.0,-31.68661594474156,-57.0,1495.0977509540903,448.0,-16.808643209266847,-366.0,1712.5430768722053,6.0,-28.760758226732605,0.0,489.0,False
101084,Jakob Hlasek,1625.5298864702522,122.0,-18.270378787686695,-78.0,,,1555.1413151623376,216.0,-15.053764211146927,-163.0,1561.1112743393983,174.0,15.94393154249451,-119.0,1524.678267808361,214.0,4.961120066710009,-169.0,1550.6247635943173,71.0,-17.168618233479492,-45.0,291.0,False
101727,Jason Stoltenberg,1623.1965001683743,123.0,-36.90281713412082,-73.0,,,1567.8749405017466,186.0,-17.516145319315456,-125.0,1671.9112703902906,42.0,11.160560163775926,-19.0,1578.3485445301008,96.0,-52.310107035087185,-82.0,1462.3163882079016,557.0,-13.018906712106855,-258.0,433.0,False
126214,Alejandro Tabilo,1622.6690009403328,124.0,16.107629481074355,11.0,36.0,1278.0,1581.3895367445546,156.0,13.766195063135683,32.0,1590.505386589177,117.0,-2.8970211606269913,-6.0,1499.8061705210778,409.0,24.8895964827625,365.0,,,,,186.0,True
101611,Cedric Pioline,1622.5265800744114,125.0,-0.4430986330894484,-52.0,,,1606.25081522569,128.0,-18.71972097251546,-76.0,1638.9738178263638,61.0,-15.87552772666345,-35.0,1602.5584386790129,71.0,-55.32950947915515,-59.0,1585.0546918299515,42.0,-82.77573983033062,-28.0,618.0,False
103917,Nicolas Mahut,1622.182129221535,126.0,13.287123245380826,0.0,,,1564.0568922441043,196.0,-32.80221429009157,-78.0,1469.9087339845137,1176.0,13.097392037586133,-257.0,1637.314624633896,47.0,-66.7377770752737,-32.0,1443.1441074665802,622.0,-65.21691626448637,-509.0,402.0,False
102562,Jiri Novak,1621.4578526579533,127.0,-4.524336011121704,-49.0,,,1691.4300015409474,49.0,26.84795967751893,-14.0,1595.8248130019153,113.0,-51.76240373295332,-71.0,1522.261214100963,227.0,-22.408740798024155,-162.0,1534.4083927913082,86.0,-7.423854192116096,-17.0,556.0,False
111794,Kamil Majchrzak,1618.0383641520384,128.0,-25.967947335140252,-40.0,78.0,747.0,1566.3698927351456,191.0,-15.253398757680316,-36.0,1467.8862678283679,1196.0,-32.13849155311823,-713.0,1560.0742494420763,121.0,57.44905577646523,192.0,,,,,121.0,True
102563,Thomas Johansson,1614.9082756269142,129.0,-2.8087815212322766,-40.0,,,1608.6487153028115,124.0,-45.26257327696021,-77.0,1515.1009461182703,345.0,11.173915547201432,-116.0,1583.6135229095553,86.0,-94.17514578390364,-71.0,1642.5216092340108,21.0,-18.70868303029033,-5.0,596.0,False
101404,Thomas Muster,1614.7501316060366,130.0,-114.68616939026742,-104.0,,,1690.1752689497239,50.0,-64.62988495818058,-38.0,1678.956499343482,38.0,-135.31955153460603,-32.0,1490.8207174866118,509.0,14.50520594100567,-249.0,1566.4116235647116,54.0,16.768471935841717,-8.0,578.0,False
104545,John Isner,1614.4757430448515,131.0,-11.160355368505407,-16.0,,,1596.7281813273023,138.0,-61.125473325544135,-71.0,1655.9720360280212,50.0,-37.00334212003122,-21.0,1667.1617086554334,32.0,-19.81507604241301,-10.0,,,,,781.0,False
102271,Hicham Arazi,1613.807520762145,132.0,13.342039262050776,-41.0,,,1601.3025787508861,134.0,-0.11434685683821044,-71.0,1503.3542285066274,470.0,-59.89531693799245,-390.0,1533.329527714068,179.0,42.34846083194316,28.0,1561.3503850498987,58.0,-23.391619997335965,-22.0,402.0,False
209259,Arthur Fery,1611.065209116606,133.0,52.2143171008579,107.0,154.0,404.0,1530.6368969867844,298.0,25.184043855782193,148.0,1497.1459737696757,568.0,,,1555.095338844934,133.0,63.833842048891256,322.0,,,,,29.0,True
102845,Carlos Moya,1610.792253155685,134.0,-78.88834548438467,-87.0,,,1636.6258318088471,90.0,-34.94426240327812,-47.0,1635.8622162753716,63.0,-96.99677506829107,-51.0,1504.1533513666222,330.0,7.24321107898254,-181.0,1509.0024947384218,151.0,55.12739427271549,281.0,844.0,False
103758,Taylor Dent,1608.147777372492,135.0,29.352202317290676,-10.0,,,1604.4362429540863,131.0,21.761201312061758,-35.0,1452.1893820458195,1351.0,-8.650171027436272,-757.0,1563.0031642347924,118.0,-45.642693933547434,-91.0,1522.9449604994777,111.0,,,279.0,False
136440,Dominik Koepfer,1607.5735027773765,136.0,-6.027501386482072,-8.0,,,1580.4425229364504,158.0,14.820078742475516,24.0,1553.735791510396,188.0,56.58154174606739,315.0,1460.6655220810624,1059.0,-28.963406173424573,-624.0,,,,,132.0,False
144869,Tomas Martin Etcheverry,1606.840537827595,137.0,-19.389621148042124,-20.0,28.0,1510.0,1560.7068383413316,203.0,-19.051727915185666,-46.0,1621.1376227867188,85.0,-27.45067780760064,-29.0,1430.3481778680532,1184.0,-40.92551230648405,-363.0,,,,,236.0,True
105723,Andrey Kuznetsov,1606.4326948679343,138.0,-79.85156633119027,-83.0,,,1559.969081449425,206.0,-68.12620721884718,-130.0,1573.6547344187893,142.0,-8.650054900208033,-34.0,1467.1391716958613,995.0,7.491003234012624,-299.0,,,,,170.0,False
210338,Arthur Gea,1606.1649391598548,139.0,72.9576437918638,204.0,135.0,460.0,1609.920925860923,119.0,66.13266052928952,133.0,1479.8511067010616,1012.0,,,1499.940140704818,404.0,,,,,,,22.0,True
210116,Michael Zheng,1605.7707483127333,140.0,18.863157484723843,41.0,146.0,414.0,1550.993758044321,229.0,39.29032761859048,157.0,1525.2526009759856,287.0,,,1547.0623169090404,146.0,,,,,,,27.0,True
104571,Marcos Baghdatis,1605.4971166395705,141.0,-20.652833224987717,-35.0,,,1625.9923894285398,101.0,-47.59215538745275,-50.0,1441.1639157522045,1425.0,-61.87643171275431,-1128.0,1564.701257885551,115.0,-40.33470787644046,-57.0,1588.0518147760156,40.0,76.05181477601559,75.0,596.0,False
103720,Lleyton Hewitt,1605.0475375032215,142.0,-52.77705236178099,-69.0,,,1620.4948114919382,109.0,-41.46712653163763,-61.0,1620.595565151804,86.0,-134.14333145708542,-72.0,1699.883275245258,23.0,-36.824916319562135,-15.0,1625.7973024306364,27.0,20.198431857334526,-2.0,813.0,False
207678,Juan Manuel Cerundolo,1603.3450685515484,143.0,7.5965634697254245,11.0,56.0,935.0,1540.2443781876598,268.0,18.252671558079555,57.0,1558.114478995285,180.0,42.35779873551746,143.0,1494.0884835539555,458.0,,,,,,,97.0,True
102257,Greg Rusedski,1603.1934153646232,144.0,-58.09400686206891,-86.0,,,1617.032462247803,111.0,-70.50180219534423,-79.0,1454.0725786472194,1333.0,0.43995393298177987,-664.0,1677.7792505664895,30.0,-35.32812057504111,-21.0,1693.23970457058,9.0,-34.26795362171629,-5.0,661.0,False
200615,Alexei Popyrin,1603.1664286819457,145.0,-15.513987178673915,-24.0,61.0,870.0,1568.5842589321765,184.0,10.544837417322242,18.0,1611.5161386616303,99.0,11.097995378019277,1.0,1422.8517907191294,1202.0,-17.988447322973343,-204.0,,,,,273.0,True
101897,Fernando Meligeni,1602.3861135066466,146.0,-19.923121885263754,-72.0,,,1507.4115820870084,446.0,-7.120683906542126,-295.0,1603.1762708598737,105.0,-31.932190359798142,-71.0,1468.347505681832,975.0,,,1446.460994719979,610.0,,,370.0,False
104918,Andy Murray,1602.2895647665325,147.0,-16.166170314671263,-25.0,,,1626.5662201599966,100.0,5.817165621459708,-4.0,1832.3446042424566,8.0,-112.95869996476745,-5.0,1748.4935133519152,9.0,-96.18720839810999,-6.0,1569.2582226627305,50.0,51.3264275274023,53.0,969.0,False
102644,Franco Squillari,1602.2210764598885,148.0,20.3034292354007,-38.0,,,1522.381853642918,333.0,9.5730737021795,-180.0,1573.2713119977984,144.0,25.272142307775084,-38.0,1448.6355306271387,1118.0,,,1463.233867615104,553.0,,,303.0,False
103786,Nikolay Davydenko,1601.2407257927973,149.0,-62.35905298656667,-82.0,,,1657.9313601527974,67.0,-20.614669887869468,-21.0,1559.7379255889307,175.0,-56.121561651038064,-101.0,1465.2552842229509,1019.0,2.6773037616442252,-414.0,1647.7449968336543,19.0,32.5298719343657,11.0,781.0,False
208286,Matteo Arnaldi,1601.217546506149,150.0,-68.91398938266639,-80.0,104.0,586.0,1531.4177004999947,294.0,-56.646779441104854,-148.0,1663.0876140187595,46.0,64.45819808998431,58.0,1462.4728850605077,1046.0,,,,,,,159.0,True
124187,Reilly Opelka,1600.8750085392167,151.0,-18.37896849490562,-26.0,76.0,758.0,1634.7317642150983,92.0,35.10849163567764,41.0,1491.5917971609401,640.0,-63.67089775237696,-475.0,1517.3321126059645,251.0,24.60194399937177,160.0,,,,,250.0,True
104792,Gael Monfils,1600.605206632668,152.0,-16.658838290828953,-25.0,218.0,260.0,1649.0830075155175,73.0,-42.55663509557212,-26.0,1530.43949406134,266.0,-17.365861854807918,-67.0,1570.8400202531482,107.0,16.329295567776853,21.0,1532.1324912511393,91.0,,,931.0,True
104620,Simone Bolelli,1600.5329786929651,153.0,-12.959244669001919,-35.0,,,1489.6917870534246,757.0,-71.82899231173178,-616.0,1619.4900405697315,87.0,1.1436867563652413,-9.0,1545.6453828783237,149.0,7.186126492387984,-33.0,1492.0228715355845,249.0,,,269.0,False
209070,Arthur Cazaux,1599.3578220393974,154.0,5.34799042319878,0.0,77.0,757.0,1548.7164066237335,233.0,7.591236910719772,17.0,1530.982172963494,264.0,76.22909918679602,975.0,1496.001926361107,443.0,,,,,,,63.0,True
105916,Marton Fucsovics,1598.929202582146,155.0,-35.325723298350795,-52.0,65.0,859.0,1574.960207189096,169.0,-12.808691973576742,-24.0,1570.830994453003,150.0,-50.3232249528603,-77.0,1569.7300378236541,108.0,12.922703460919365,16.0,,,,,356.0,True
209098,Hamad Medjedovic,1598.2087171788173,156.0,-27.281849474661158,-41.0,58.0,894.0,1555.6141378036698,215.0,-45.45046632859339,-80.0,1564.789581595345,167.0,75.4813935497491,522.0,1486.1928706981453,746.0,,,,,,,93.0,True
103163,Tommy Haas,1597.9955779103832,157.0,-51.4647609410149,-79.0,,,1637.703105414253,88.0,-76.12028065567938,-57.0,1622.7462856254454,81.0,-80.9097943747579,-53.0,1654.0416004262972,38.0,-80.00890002674464,-29.0,1604.798350559058,33.0,3.554484201547666,-4.0,844.0,False
134868,Tallon Griekspoor,1596.6213664713684,158.0,-41.75639390129368,-58.0,33.0,1340.0,1647.0649535580503,76.0,25.903991587264954,28.0,1539.7726049622806,231.0,-50.537679736586824,-116.0,1557.5441037570968,125.0,-22.18925386511569,-38.0,,,,,267.0,True
102029,Filip Dewulf,1596.572654685355,159.0,-67.4021370624198,-113.0,,,1461.2046759642876,1378.0,-8.405327217353488,-981.0,1630.874761756389,66.0,1.303651154376439,-31.0,1463.6325059695519,1034.0,,,1502.1717278083954,176.0,-43.63747208319319,-133.0,182.0,False
103909,Guillermo Coria,1596.5568080314583,160.0,-106.77067349118715,-118.0,,,1689.4250566686594,51.0,-9.707738029239408,-24.0,1653.0227425721887,52.0,-131.2110521033935,-45.0,1539.1543796437213,163.0,31.710744735554954,-21.0,1504.8582002673022,162.0,5.528166672356747,-1.0,318.0,False
209113,Gabriel Diallo,1594.3139631306356,161.0,-10.5787875738597,-23.0,49.0,975.0,1542.9387067753441,256.0,-2.210070553195237,-18.0,1523.200779305903,300.0,-10.938492687207145,-58.0,1550.166810337054,142.0,-0.42265883796221715,-5.0,,,,,100.0,True
104542,Jo-Wilfried Tsonga,1593.874251086743,162.0,-59.774002611958394,-78.0,,,1654.4735388588756,70.0,-75.73298433061086,-37.0,1636.188459321491,62.0,-75.59796601445055,-39.0,1685.1806456929426,29.0,-53.423585240745524,-20.0,1550.770126695833,70.0,,,680.0,False
102446,Andrei Medvedev,1593.5848900255992,163.0,-21.551825648876274,-91.0,,,1576.9806240267449,165.0,-16.33008938274179,-109.0,1615.9535086794747,91.0,-101.68111231320518,-80.0,1471.1097333609875,949.0,-38.58138853967034,-866.0,1565.5533491297579,55.0,-9.796509126009596,-22.0,489.0,False
208014,Rinky Hijikata,1593.2064439559579,164.0,20.04531533943282,41.0,98.0,612.0,1566.8587879055806,188.0,15.284791948825386,30.0,1419.5967290949036,1511.0,-60.82759342129225,-615.0,1513.0917128617134,269.0,36.179998805260766,482.0,,,,,124.0,True
209409,Coleman Wong,1592.936174116741,165.0,44.79182688379933,114.0,109.0,574.0,1609.6228947224618,121.0,32.204384060099756,43.0,1480.9317968293826,998.0,,,1463.9938782523705,1032.0,,,,,,,43.0,True
102419,Christophe Van Garsse,1592.7324278379492,166.0,31.207768971549058,-74.0,,,1519.7418476117948,346.0,,,1558.1793633492912,178.0,18.903058667061487,-127.0,1491.5044778796682,497.0,,,1484.9783297187994,409.0,,,25.0,False
102610,Albert Costa,1592.4943645899846,167.0,20.901799455578157,-43.0,,,1560.5047052495454,204.0,-13.5216252743503,-116.0,1612.603383552229,95.0,20.340693572924692,-28.0,1454.5937473695315,1091.0,,,1432.914408913308,632.0,-20.588709363806856,-191.0,626.0,False
104180,Gilles Muller,1591.163321319768,168.0,-56.95426882047309,-88.0,,,1570.7076286637134,178.0,-96.79839152068507,-122.0,1504.2574476743268,457.0,-9.16412974408422,-208.0,1649.6182160059304,40.0,-50.34510596792052,-22.0,1462.7618465700093,555.0,,,403.0,False
103401,Jan Hernych,1590.836883990426,169.0,-16.808650115019873,-61.0,,,1544.6744366368284,249.0,-14.245211310706736,-125.0,1452.1977689803855,1350.0,1.1254722423027488,-568.0,1520.9110196490526,234.0,3.2547158704626327,-81.0,1473.6970875259483,500.0,-14.731047993111588,-230.0,191.0,False
101613,Malivai Washington,1590.6690232830028,170.0,-37.479255930991485,-112.0,,,1568.8017233409557,182.0,-26.734718321438777,-134.0,1546.6749649337753,209.0,-50.061156818946074,-178.0,1557.2506790369837,127.0,-2.803150360205791,-103.0,1589.74742237548,38.0,-5.589061901757532,-18.0,371.0,False
101195,Amos Mansdorf,1590.0328684518036,171.0,-2.087738580144105,-119.0,,,1652.674392793884,71.0,-22.427067945274985,-56.0,1421.7623327384997,1503.0,-38.43890352959329,-1265.0,1507.9951785761816,303.0,-12.530351830597056,-278.0,1475.3461540165617,488.0,-43.260458091099736,-443.0,200.0,False
102856,Gustavo Kuerten,1589.8165435847718,172.0,-88.51762491219893,-121.0,,,1642.1508099878376,80.0,-60.418466905444575,-58.0,1666.2347601489084,45.0,-102.83160054246446,-37.0,1522.3574475930802,225.0,64.18211080589526,138.0,1562.4142603800183,57.0,35.926231718103054,18.0,506.0,False
102093,Martin Damm,1589.6603672185945,173.0,5.798092270905727,9.0,116.0,547.0,1559.742563159539,207.0,10.471268030004694,19.0,1484.052004407217,936.0,,,1533.3204497559905,180.0,,,,,,,38.0,True
102521,Hendrik Dreekmann,1589.4374896364711,174.0,-45.60072278568305,-117.0,,,1621.2917672266758,108.0,2.4380328589898,-65.0,1511.4084281377231,384.0,12.630773216646503,-213.0,1458.6753351032255,1066.0,-36.389650920904614,-933.0,1487.1468835849516,384.0,-9.716093596200608,-257.0,199.0,False
102162,Chris Woodruff,1589.3375803379572,175.0,-15.954357881762462,-98.0,,,1597.6523293006267,137.0,6.192493198036118,-73.0,1485.6905805377846,908.0,-64.65583192317331,-834.0,1526.4339035063433,206.0,25.75448677349982,-84.0,1556.590870686195,65.0,-1.9755292465613365,-22.0,204.0,False
209992,Juncheng Shang,1589.2608469875947,176.0,30.541301655912093,56.0,263.0,205.0,1560.9668024391249,202.0,25.959397413442275,62.0,1461.9647477123622,1260.0,,,1517.8031696208911,250.0,,,,,,,82.0,True
202104,Sebastian Baez,1588.6223668558082,177.0,-12.47112058336711,-30.0,64.0,860.0,1542.238237010388,259.0,-16.521116436834518,-57.0,1588.2436159856518,120.0,-6.539974637674277,-9.0,1446.0732704096347,1131.0,-54.74604167012535,-827.0,,,,,261.0,True
104259,Philipp Kohlschreiber,1588.5093571480645,178.0,-9.932563291892848,-40.0,,,1612.8898322723555,115.0,-63.949231405413684,-62.0,1606.5275806088819,102.0,-56.67153303015766,-56.0,1591.575691327724,78.0,-39.00800922975418,-31.0,1505.4278045460153,160.0,17.969992456531827,176.0,837.0,False
104547,Horacio Zeballos,1587.9873379271316,179.0,-8.926784760265491,-40.0,,,1510.4560292514307,417.0,-26.29347944694723,-208.0,1571.8163771992804,148.0,-2.252958716765761,-28.0,1416.2710833595072,1211.0,-71.40647785304873,-823.0,,,,,222.0,False
105577,Vasek Pospisil,1587.9624817634024,180.0,-13.15213449297039,-38.0,,,1583.627206536609,154.0,-22.266042711139107,-35.0,1377.7246577811125,1552.0,-60.16070553493705,-603.0,1469.1175539136323,967.0,-12.364327638855457,-395.0,,,,,295.0,False
125802,Ilya Ivashka,1587.8100729330986,181.0,-51.75868436475571,-81.0,518.0,81.0,1596.0828027121124,139.0,-7.120067490455995,-8.0,1515.0086158760953,346.0,-36.145677534275364,-171.0,1524.1904127989121,217.0,-6.789556127342166,-55.0,,,,,169.0,True
132283,Lorenzo Sonego,1587.739095488894,182.0,-18.901145339172444,-45.0,70.0,815.0,1594.8036287901882,142.0,-19.332433974389232,-30.0,1502.6730825098948,478.0,-36.95781440600172,-251.0,1558.5050007322266,124.0,-6.621739860200023,-9.0,,,,,378.0,True
104468,Gilles Simon,1587.188759864934,183.0,77.23282931256381,239.0,,,1599.2912798560392,136.0,0.4689436948290222,-5.0,1523.6586348809046,297.0,-21.784865495530994,-113.0,1552.4069040921174,140.0,-55.24833153607369,-83.0,1498.6735487800138,213.0,,,874.0,False
101318,Javier Frana,1586.9765436005687,184.0,-7.813790243603762,-114.0,,,1521.5178249013643,338.0,14.121054407064776,-224.0,1599.3996159287915,108.0,-59.794212949854,-89.0,1574.1879236588666,100.0,-43.62708346581303,-90.0,1488.6760029041845,307.0,-35.32214427307167,-280.0,207.0,False
209279,Terence Atmane,1584.7391918430867,185.0,37.077054543153054,90.0,52.0,938.0,1561.6737586734782,199.0,31.424886053370983,89.0,1496.1182776306468,581.0,7.847225505811593,152.0,1476.3153107233743,876.0,,,,,,,68.0,True
124186,Alexandre Muller,1584.6176655777608,186.0,5.104520712949352,1.0,127.0,494.0,1579.8300050487212,160.0,30.27189737912704,63.0,1537.2066684327149,236.0,-52.307985647341866,-126.0,1479.9134650652923,811.0,,,,,,,138.0,True
101647,Byron Black,1584.0304201723857,187.0,-21.79194103621353,-113.0,,,1526.408852474649,318.0,-36.90857003983274,-233.0,1472.5995157440764,1138.0,-25.163212243604903,-968.0,1631.310131586624,51.0,2.912812382550783,-34.0,1581.4041097325362,44.0,54.25625214917932,21.0,423.0,False
101191,Richey Reneberg,1583.8074080587173,188.0,-1.4487160601320284,-104.0,,,1546.7522291310781,240.0,-37.141706977244894,-181.0,1552.6313605505024,195.0,-22.185754910785136,-147.0,1564.9190390114734,114.0,-22.68057170418615,-98.0,1542.6467905805719,77.0,-19.50165268180035,-42.0,376.0,False
101062,Mats Wilander,1583.508241128354,189.0,-3.1904200760766344,-119.0,,,1569.444348586637,181.0,-51.60574507628712,-151.0,1512.967354037032,362.0,17.490895406969912,-201.0,1505.5426563983776,317.0,,,1473.6649211050967,501.0,,,116.0,False
101601,Brett Steven,1583.4591697587446,190.0,-34.48779231813205,-125.0,,,1544.391322736843,250.0,-31.80681566218118,-188.0,1502.6129880509743,481.0,-6.105575370546603,-371.0,1603.2872446073725,70.0,3.5192879494591125,-50.0,1543.7152598667524,76.0,24.55561412031807,-9.0,276.0,False
105575,Ricardas Berankis,1583.4214130552364,191.0,17.391375985609557,9.0,964.0,20.0,1595.0304635409707,141.0,17.995818011774873,13.0,1437.9973467394702,1435.0,4.412939269766184,-224.0,1410.420207707084,1217.0,2.355485719788703,-315.0,,,,,257.0,True
105807,Pablo Carreno Busta,1583.3541025180637,192.0,-27.774612033661242,-63.0,89.0,685.0,1575.6103814140133,167.0,-47.39901251623746,-68.0,1627.8706929315545,69.0,0.20263251555502393,4.0,1462.1426922065862,1051.0,-7.502826255895343,-294.0,,,,,533.0,True
210389,Toby Samuel,1583.1444223080023,193.0,47.66666067563688,143.0,159.0,378.0,1543.4624934517547,255.0,,,1531.5097976206116,261.0,,,1485.9263645239892,753.0,,,,,,,16.0,True
103084,Guillermo Canas,1582.6689846480429,194.0,-6.9369970244481465,-75.0,,,1622.0402587715305,106.0,-81.53276784952891,-77.0,1627.8258420099755,70.0,-56.54439498847796,-43.0,1582.0732201279743,91.0,10.10207980647806,-36.0,1469.3576388244626,524.0,27.82438609538235,-53.0,431.0,False
106331,Christopher Oconnell,1581.6576471076817,195.0,59.031887667463025,219.0,155.0,403.0,1578.5411539648596,163.0,46.67546722062821,118.0,1455.398746854133,1322.0,-11.405449801725581,-241.0,1490.813304650366,510.0,-2.096154870368764,-126.0,,,,,173.0,True
106378,Kyle Edmund,1580.590792990421,196.0,-88.0840150276099,-120.0,,,1612.0306627549594,117.0,-76.87943721544252,-68.0,1546.7754794387752,208.0,-94.09486739814088,-150.0,1482.154756726577,783.0,16.61906330566535,-30.0,,,,,242.0,False
210319,Ethan Quinn,1579.647111845155,197.0,39.28554245873079,102.0,50.0,974.0,1518.1757223942363,360.0,52.98264018481086,882.0,1483.8113362612123,941.0,-27.910832005256452,-594.0,1540.0810894330043,159.0,22.118292367672666,67.0,,,,,63.0,True
103484,James Blake,1579.0121877326656,198.0,-24.631885694470157,-90.0,,,1602.3692130453458,133.0,-44.037146224836306,-69.0,1550.5859867550728,199.0,-94.76696721550024,-161.0,1524.9067442675776,212.0,-111.20757400591492,-183.0,1484.0795616012751,416.0,-15.997885353081301,-270.0,588.0,False
106058,Jack Sock,1578.8379545877024,199.0,-34.74273065931152,-72.0,,,1567.5033787384452,187.0,-34.961684563473455,-64.0,1582.4903066412587,131.0,-73.55334737492399,-80.0,1541.7362376824572,157.0,-4.025475422313548,-40.0,,,,,326.0,False
105173,Adrian Mannarino,1576.7669052733297,200.0,22.135598730992342,55.0,45.0,1037.0,1585.3109024449027,152.0,9.960562433036102,12.0,1308.2024236039817,1562.0,-41.22735548239257,-144.0,1588.0947685902488,82.0,-15.442337131956037,-14.0,,,,,711.0,True
208021,Kyrian Jacquet,1576.5390787047406,201.0,39.36156422290469,130.0,147.0,411.0,1536.4668690808917,277.0,21.958991004569043,87.0,1510.415782541425,393.0,,,1539.923576142604,160.0,,,,,,,29.0,True
208118,Eliot Spizzirri,1576.3935506173102,202.0,54.583322286352086,192.0,91.0,660.0,1566.7750207882855,190.0,48.69817268983047,156.0,1491.3554654733614,646.0,,,1500.6046841511202,383.0,,,,,,,21.0,True
209414,Luca Van Assche,1575.9731193887021,203.0,23.044114825351244,65.0,100.0,599.0,1510.358301098991,418.0,-3.200244741399956,-64.0,1586.2488113624195,122.0,80.54555559190567,292.0,1468.0704680709557,979.0,,,,,,,84.0,True
209920,Raphael Collignon,1575.0492851785384,204.0,-28.649975871484457,-66.0,62.0,866.0,1507.7277085618898,442.0,-19.470823666575143,-140.0,1533.65838961045,255.0,59.74205892646614,802.0,1513.4319418772575,267.0,,,,,,,49.0,True
103813,Jarkko Nieminen,1574.6535758726227,205.0,-12.115407642128275,-63.0,,,1552.082389012954,224.0,-24.120839058658476,-102.0,1541.8460608625987,226.0,-34.236878280213205,-118.0,1491.0725070008284,502.0,-0.2849327849960446,-186.0,1526.2214911145331,104.0,27.59183242376639,84.0,688.0,False
104813,Grega Zemlja,1574.5210851366128,206.0,-63.72753971258044,-127.0,,,1529.409052860583,305.0,-40.875135631521516,-188.0,1509.4746985473287,404.0,-1.7073903936031911,-180.0,1503.883740301597,335.0,14.345330291730306,4.0,,,,,66.0,False
200514,Jurij Rodionov,1574.3855899226874,207.0,74.51474711849164,437.0,158.0,379.0,1562.0622021656936,198.0,38.277876276472625,95.0,1488.0620320712978,783.0,24.520891944237746,324.0,1491.073887522905,501.0,15.7783716380859,190.0,,,,,57.0,True
144707,Mikael Ymer,1574.3806018765624,208.0,-15.836199267042957,-45.0,900.0,25.0,1564.2953526549989,195.0,-82.2162975626236,-117.0,1496.692068581023,576.0,-29.24439935951841,-338.0,1505.4532328062248,319.0,7.011646879694581,16.0,,,,,146.0,True
208169,Titouan Droguet,1573.564657400216,209.0,27.698497096267147,77.0,107.0,578.0,1551.5224647589544,226.0,48.6446805026178,237.0,1524.5882841991818,292.0,13.962760865090104,68.0,1490.6749341910281,516.0,,,,,,,30.0,True
126952,Soon Woo Kwon,1572.7609084933545,210.0,28.505752102367524,81.0,188.0,317.0,1529.3576305581964,307.0,-21.609780646855597,-96.0,1511.2369690979206,387.0,-14.374305468851617,-141.0,1521.9558220813017,228.0,17.110622551199867,23.0,,,,,133.0,True
105936,Filip Krajinovic,1572.493658566556,211.0,-82.25151028241089,-127.0,,,1580.3474632037758,159.0,-46.351254940363106,-66.0,1533.3364965138849,256.0,-73.3916143379372,-167.0,1521.2799927715116,232.0,27.88202299526074,66.0,,,,,248.0,False
200059,Yibing Wu,1572.4132430746085,212.0,-33.36309887605353,-73.0,92.0,655.0,1595.080176094181,140.0,-6.798454907316682,-8.0,1489.0735154738652,726.0,3.0975129388004916,65.0,1452.08956656196,1104.0,,,,,,,78.0,True
111577,Jared Donaldson,1572.3556086944395,213.0,-8.877798735861234,-48.0,,,1557.6133941550095,211.0,-12.116711175210867,-64.0,1471.7147549853642,1148.0,-26.22766721750054,-765.0,1477.1332128593667,858.0,-0.4900629462208599,-287.0,,,,,112.0,False
106234,Aslan Karatsev,1571.5839440664447,214.0,-43.0636216754699,-86.0,1277.0,7.0,1551.2990811335073,228.0,-26.292498158140006,-71.0,1530.6571237767575,265.0,-3.7014177370776906,-43.0,1475.4162743803959,899.0,-24.060870697889868,-597.0,,,,,164.0,True
101885,Wayne Arthurs,1571.0022171480625,215.0,16.498878549480423,-75.0,,,1548.176280195316,236.0,17.57997052537098,-74.0,1472.8293095141137,1135.0,-14.953494561099888,-750.0,1533.2163274813936,181.0,4.189692896153019,-90.0,1491.4005665152104,258.0,,,268.0,False
104898,Robin Haase,1570.9418663472004,216.0,-21.778373495992582,-68.0,,,1568.4166602497623,185.0,-13.12842590717014,-52.0,1516.1762376191452,340.0,-19.8986839765455,-146.0,1506.8777528966089,311.0,-8.411640165096287,-124.0,,,,,475.0,False
101932,Jared Palmer,1570.9361856690934,217.0,-31.528877049289576,-160.0,,,1577.6836862274483,164.0,23.745929893881566,-102.0,1527.1394076490362,283.0,-56.960326694111245,-247.0,1484.333881633033,767.0,-5.733044427552841,-644.0,1492.5860361114096,243.0,-9.432229386708741,-170.0,132.0,False
103387,Paradorn Srichaphan,1570.7309344614025,218.0,-60.831899584909706,-139.0,,,1587.7062665120736,148.0,-79.86039700018955,-108.0,1374.593477128808,1554.0,-51.25680852915525,-804.0,1565.6949478680647,112.0,-15.657735648138214,-75.0,1559.462593691084,61.0,19.622242431673385,9.0,393.0,False
106233,Dominic Thiem,1570.6817817844544,219.0,-85.90433657282551,-138.0,,,1672.2612621106016,60.0,-61.70245771332361,-28.0,1612.1142808369761,98.0,-38.46266604612924,-48.0,1503.2480489966745,346.0,-54.60851172993216,-244.0,,,,,550.0,False
106415,Yoshihito Nishioka,1570.647019392914,220.0,-25.135854050218086,-66.0,174.0,341.0,1560.9897942626617,201.0,-46.733501160364995,-79.0,1526.2462176631461,284.0,-32.30296130478541,-123.0,1436.262602004639,1164.0,-29.987978776339787,-371.0,,,,,303.0,True
103598,Xavier Malisse,1570.6005505637809,221.0,-14.56026964088187,-91.0,,,1517.628677135407,363.0,-46.96408225873279,-237.0,1492.7084777278833,623.0,-101.01199297622998,-537.0,1660.4282832705578,36.0,4.952703871194217,-8.0,1558.2574922146243,63.0,-14.451028242589928,-22.0,545.0,False
209976,Dino Prizmic,1570.2783030140597,222.0,9.387558077298536,9.0,72.0,785.0,1472.0140179622463,1237.0,-5.474671747650518,-168.0,1570.3905192227498,154.0,74.9114915592836,404.0,1491.5139617333382,495.0,,,,,,,46.0,True
104523,Frederico Gil,1569.8824245816304,223.0,0.9392539751970617,-75.0,,,1520.2992754596487,344.0,10.154633684725013,-108.0,1561.3291670178503,172.0,-30.050086218529486,-89.0,1446.1896897715706,1129.0,,,,,,,113.0,False
102456,Felix Mantilla,1569.2328128283445,224.0,-36.33780277916685,-132.0,,,1540.7323663218554,266.0,-61.420414824652426,-202.0,1617.3340322686222,89.0,-55.11924641131304,-60.0,1446.872524652412,1126.0,-45.41651856497106,-973.0,1424.5996038806325,636.0,-58.54982921144233,-357.0,513.0,False
106210,Jiri Vesely,1568.7869534364122,225.0,-7.475160775225959,-44.0,2134.0,1.0,1538.7014689258747,272.0,62.01998538663884,696.0,1508.5772632167943,409.0,-98.18215835129627,-314.0,1578.4202783627984,95.0,1.725561204030555,-13.0,,,,,301.0,True
101792,Slava Dosedel,1568.4188708347103,226.0,7.453885387316859,-121.0,,,1539.1336117771766,270.0,-41.76546653365767,-206.0,1572.416322073581,147.0,-38.171259922518175,-100.0,1472.2762751413863,938.0,-25.63517379614609,-832.0,1435.837952566506,628.0,-33.83321540997508,-356.0,361.0,False
103812,Victor Hanescu,1566.805073443925,227.0,-30.799613579939205,-111.0,,,1474.7771784251672,1201.0,1.0536757709701305,-449.0,1613.9381561167952,94.0,4.937066868049669,-16.0,1468.5905381639216,972.0,-47.466784086705275,-826.0,1447.7800085655927,607.0,,,407.0,False
101964,Goran Ivanisevic,1566.6961121746033,228.0,-14.633225713360616,-118.0,,,1530.494214125303,300.0,-57.531994494993796,-239.0,1488.8032752058411,742.0,-111.64332283547537,-697.0,1706.6553520836017,20.0,17.655620882952235,-11.0,1634.0925606843082,25.0,-101.94415716511776,-19.0,706.0,False
104976,Ryan Sweeting,1566.073761526704,229.0,6.990986336705191,-65.0,,,1498.052176344392,562.0,-0.8197000299567208,-244.0,1543.0910426305006,220.0,53.87015019913997,186.0,1477.4157385352637,851.0,,,,,,,90.0,False
103656,Albert Montanes,1563.748914275953,230.0,-18.577470766246506,-83.0,,,1419.6291721483408,1661.0,-59.48594675156437,-1004.0,1590.443553885579,118.0,-23.623404872262427,-37.0,1455.7572564939112,1086.0,0.85506690411421,-454.0,1476.1758845676081,477.0,,,534.0,False
102035,Jonas Bjorkman,1563.3560407274592,231.0,-74.61426340828984,-161.0,,,1500.276209382114,528.0,-45.242043500570844,-385.0,1446.3618833877856,1390.0,23.791522278878574,-573.0,1636.6881220384826,48.0,-37.05670763946455,-32.0,1565.480038144403,56.0,-15.326711266845223,-18.0,720.0,False
105357,John Millman,1563.3543177207694,232.0,-3.612292068125953,-31.0,,,1554.6498501668111,220.0,-26.37446195361713,-76.0,1501.1132598200509,504.0,-27.63088788837922,-269.0,1498.6202100169917,426.0,-15.241828562506953,-218.0,,,,,268.0,False
105554,Daniel Evans,1563.0840191494758,233.0,6.412463310525482,4.0,205.0,273.0,1571.6738023545954,177.0,-13.380900808924935,-30.0,1455.8019264216496,1318.0,-66.52374016228123,-1058.0,1497.2601657957791,435.0,22.863929087979386,367.0,,,,,331.0,True
207494,Dalibor Svrcina,1562.9392435798654,234.0,19.654485268402595,65.0,108.0,577.0,1554.7385337098237,219.0,17.73280199941837,53.0,1482.7407462234842,960.0,,,1487.73134728169,663.0,,,,,,,38.0,True
111581,Michael Mmoh,1562.7955912574544,235.0,-27.467573420167128,-70.0,216.0,265.0,1585.2761314599877,153.0,4.652174462976745,-10.0,1477.8378848835737,1048.0,,,1462.0956375243481,1053.0,,,,,,,78.0,True
105992,Ryan Harrison,1562.1957645969244,236.0,-33.343009543937114,-97.0,,,1573.1647952508188,171.0,-61.25522761764205,-93.0,1461.8112244592962,1262.0,4.8797681795736025,-287.0,1431.2473764920449,1180.0,-39.03792683205734,-531.0,,,,,272.0,False
101776,Sandon Stolle,1562.1062465450282,237.0,8.848932746026776,-133.0,,,1542.8657060596413,257.0,13.751289031560873,-156.0,1471.572729723722,1150.0,-4.5234949814691845,-804.0,1563.4526894325181,117.0,-14.93037860880122,-99.0,1483.5103270706456,419.0,,,199.0,False
105373,Martin Klizan,1562.0295960798903,238.0,-70.9579172363126,-138.0,1164.0,10.0,1542.2121029633229,260.0,-44.58839659833643,-132.0,1603.934523972546,104.0,-85.3720841601853,-70.0,1439.6991120640878,1149.0,-41.58435530480483,-657.0,,,,,276.0,True
102259,Jerome Golmard,1561.9728712119704,239.0,-28.56769717350494,-145.0,,,1606.4354708588833,127.0,-46.622429940214715,-86.0,1558.1667427615573,179.0,-38.58336361385636,-118.0,1490.8844691294762,506.0,-52.52836808835468,-452.0,1487.5055858154492,372.0,9.627736563269082,-50.0,272.0,False
126504,Andrea Pellegrino,1561.8637714421623,240.0,-11.284850089008842,-42.0,124.0,507.0,1487.585699413623,893.0,,,1570.5706686826024,152.0,48.285198444223624,136.0,1497.686908702271,434.0,,,,,,,24.0,True
133297,Yosuke Watanuki,1561.0518721738367,241.0,15.936268573603684,29.0,271.0,198.0,1553.0791344236668,223.0,56.93896909346222,296.0,1486.9345952644346,875.0,,,1509.9260841664495,289.0,,,,,,,45.0,True
103581,Flavio Saretta,1560.9140461920404,242.0,12.997454096578167,-93.0,,,1511.7054880237497,395.0,-59.953545460748956,-308.0,1584.8390270363652,127.0,36.22027110337558,-14.0,1504.4955217154386,323.0,-3.985677180021412,-202.0,1490.1820685669873,273.0,,,141.0,False
103990,Tommy Robredo,1560.7377640083328,243.0,-71.73242347776818,-148.0,,,1626.7583501669958,99.0,-81.35706360827908,-64.0,1553.260603813121,191.0,-95.21041044974277,-138.0,1532.07785547634,186.0,45.394121073667975,248.0,1504.9734909195486,161.0,6.495641244835497,31.0,866.0,False
127157,Daniel Altmaier,1560.56518496017,244.0,-13.607153306737473,-40.0,57.0,930.0,1486.9838241041884,940.0,-33.17979961324704,-611.0,1531.5893405762506,260.0,30.620161308829438,217.0,1476.4647826627634,868.0,29.020239599475417,132.0,,,,,215.0,True
133835,Gijs Brouwer,1560.180468445703,245.0,-5.002164675402128,-33.0,1111.0,12.0,1519.0216046975645,351.0,,,1514.7946293029595,350.0,,,1501.7623686599045,365.0,,,,,,,26.0,True
104332,Philipp Petzschner,1560.1314449347672,246.0,-44.218063968391334,-139.0,,,1531.9224190574894,291.0,-12.627753296776746,-132.0,1477.7968970973013,1049.0,-64.70302357073024,-903.0,1566.9804697164902,111.0,-7.437319378044776,-39.0,,,,,190.0,False
200384,Hugo Gaston,1560.1050736886061,247.0,57.02063878212675,354.0,118.0,533.0,1509.168728954014,425.0,32.34143702123583,663.0,1518.6112038959834,321.0,-2.014233075811717,-28.0,1517.0551930284275,252.0,27.927810758382748,206.0,,,,,145.0,True
106426,Cristian Garin,1559.8930998348767,248.0,-5.388617752210166,-34.0,114.0,552.0,1532.0660754053583,290.0,5.984203609792985,6.0,1553.5138235824986,189.0,-41.75598685314594,-81.0,1525.3449123953412,209.0,6.736415796834535,-8.0,,,,,259.0,True
104273,Edouard Roger-Vasselin,1558.8977384858506,249.0,19.18283312909398,-40.0,,,1550.3439556924593,231.0,13.290875983576598,-48.0,1488.8044912963114,741.0,-63.427117095422545,-606.0,1502.564104758048,352.0,-2.1516565433187225,-151.0,1487.2383680997398,381.0,,,207.0,False
104534,Dudi Sela,1558.8023916521317,250.0,0.25049165824907504,-55.0,,,1538.9239892387002,271.0,-2.128655863157519,-70.0,1360.6553276057807,1559.0,-56.601617078126765,-496.0,1551.6997858140107,141.0,44.160702077828546,62.0,,,,,292.0,False
106078,Egor Gerasimov,1558.6520413214075,251.0,-18.809362353237702,-75.0,985.0,19.0,1537.5998756289619,276.0,-36.50057004881273,-123.0,1498.0304862424882,553.0,-5.3180963653221625,-185.0,1509.0655548936377,295.0,,,,,,,103.0,True
102905,Stefan Koubek,1558.0204772597426,252.0,-12.451233090197093,-119.0,,,1570.3769330095802,180.0,10.522557059249039,-57.0,1486.9871389370062,873.0,-30.722075295002014,-711.0,1414.1797437606863,1214.0,-45.49450476950119,-708.0,1545.5193342888217,75.0,60.24749600248401,265.0,424.0,False
208502,Dominic Stricker,1557.6952571688662,253.0,-11.577703870547793,-43.0,331.0,154.0,1530.4763908286718,301.0,-0.9374448878468229,-28.0,1503.8644026568468,460.0,-1.5406755210995016,-97.0,1504.4452627676062,325.0,,,,,,,56.0,True
200240,Vit Kopriva,1557.596119379007,254.0,-44.372922423609225,-110.0,66.0,856.0,1497.7630396622706,567.0,10.256678957848408,288.0,1549.342169254102,203.0,-6.176999544145929,-24.0,1485.0239646689995,763.0,,,,,,,76.0,True
126646,Tim Van Rijthoven,1557.3876828933628,255.0,-58.574493244857194,-131.0,,,1464.702446191808,1328.0,,,,,,,1572.3887281431705,104.0,,,,,,,19.0,False
105023,Sam Querrey,1557.2607710276814,256.0,-4.928609761645248,-52.0,,,1515.1844333902766,377.0,-64.54952369835883,-235.0,1543.1997146394494,219.0,-26.783871258644012,-88.0,1632.569321230744,50.0,-34.829947124044565,-22.0,1482.5548174146272,425.0,,,694.0,False
208233,Mattia Bellucci,1556.703889629564,257.0,-24.142903374511206,-67.0,73.0,777.0,1501.421826005533,506.0,-23.5082612931742,-195.0,1474.3984447069186,1115.0,-18.121842108090732,-524.0,1528.618927618216,199.0,37.195555663463665,243.0,,,,,74.0,True
144895,Corentin Moutet,1556.613483629266,258.0,-67.63059959231259,-140.0,34.0,1323.0,1590.4007675115647,145.0,-49.876799140062985,-60.0,1509.0344379723272,406.0,-29.363500025198164,-177.0,1506.9509264446508,310.0,-2.340296900847761,-50.0,,,,,235.0,True
102834,Paul Goldstein,1556.213372948205,259.0,-38.5151816604257,-156.0,,,1547.9012744591325,237.0,-43.91826284209583,-155.0,1490.383151221144,679.0,17.378597005845222,-132.0,1503.120560376123,349.0,-22.063710604097423,-274.0,1494.2925916907666,237.0,,,194.0,False
103193,Peter Wessels,1556.2061029530444,260.0,23.56186915597118,-90.0,,,1484.9054281835618,1018.0,1.5802059903801364,-549.0,1466.550461337528,1213.0,,,1555.2781743862142,131.0,5.586107899484205,-83.0,1445.988651967681,613.0,,,99.0,False
102369,Julien Boutter,1556.0202498180772,261.0,-82.08203402886943,-197.0,,,1489.1890285016973,780.0,-32.49908118786652,-641.0,1598.1097039227636,110.0,-8.256709528272268,-59.0,1428.704759059369,1190.0,,,1512.6924785881774,128.0,-22.65206032806509,-63.0,144.0,False
101991,Mauricio Hadad,1555.724396410002,262.0,-8.869511578585616,-182.0,,,1513.2825823344851,384.0,-23.924816034411606,-309.0,1557.106168171292,183.0,14.888717981365744,-116.0,1460.2261175151536,1063.0,,,,,,,88.0,False
102358,Thomas Enqvist,1554.898014943903,263.0,-50.34656711575326,-174.0,,,1586.7893671419577,150.0,-9.444781773074965,-77.0,1556.3719435111807,185.0,-80.81581734012116,-146.0,1509.1212969826147,294.0,-14.949112794171015,-208.0,1611.4736524865832,31.0,-66.32266570178308,-20.0,686.0,False
102286,Wayne Black,1554.589122722737,264.0,-30.577647495161045,-176.0,,,1510.5347106330996,416.0,-46.230743202735084,-328.0,1450.1648858872497,1364.0,-41.93635415400399,-1171.0,1473.1300562807367,930.0,-31.573188955294654,-831.0,1526.2452726140784,103.0,12.718780440785395,-26.0,124.0,False
104327,Steve Darcis,1554.4459463316102,265.0,-36.909578184894144,-115.0,,,1554.8076042280304,218.0,-48.442215646414525,-102.0,1485.8096908952164,906.0,-17.970382833959547,-613.0,1518.6892428159733,247.0,-30.12084384612581,-150.0,1517.3700145288165,120.0,,,222.0,False
103325,Wesley Moodie,1554.0186660264712,266.0,-47.240043334592656,-160.0,,,1534.5862817203092,281.0,-44.10981681360022,-189.0,1470.6516865882695,1163.0,,,1498.9033850983237,425.0,-1.9761712772176452,-250.0,1506.19055065285,156.0,,,110.0,False
209147,Vilius Gaubas,1553.9944870745999,267.0,-4.594577212238164,-30.0,133.0,464.0,1508.0632927379372,435.0,,,1519.34202749077,316.0,11.629436414446673,71.0,1519.5900277720234,241.0,,,,,,,24.0,True
101649,Guillermo Perez Roldan,1553.9102126106934,268.0,-17.707055151517807,-213.0,,,1477.0160732376964,1158.0,,,1559.6726489362327,176.0,-23.00303550208764,-153.0,,,,,,,,,106.0,False
207411,Jesper De Jong,1553.6023788563907,269.0,-32.615110183596016,-89.0,106.0,580.0,1490.2616381991218,730.0,-41.686761004451,-456.0,1567.0415302382082,161.0,24.68054751692921,58.0,1472.9123289663344,931.0,,,,,,,60.0,True
209226,Adolfo Daniel Vallejo,1553.2532124124018,270.0,18.246519253506676,68.0,71.0,786.0,1522.9412438492739,332.0,,,1546.5796950959611,210.0,40.4796085126377,198.0,1474.955583146119,910.0,,,,,,,24.0,True
101190,Darren Cahill,1553.2474086434624,271.0,36.87313857504205,-180.0,,,1546.912895994171,238.0,-7.7876754899564276,-229.0,1490.3054783489197,683.0,,,1507.182154626061,308.0,,,1491.4022952580274,257.0,,,29.0,False
102863,Takao Suzuki,1553.041130651677,272.0,48.80549565684987,-3.0,,,1548.6529419772385,235.0,40.84517384697756,-28.0,,,,,1470.5400061700882,951.0,,,1487.6607636010228,362.0,,,57.0,False
106071,Bernard Tomic,1552.6231223161767,273.0,-1.7139525971458625,-16.0,194.0,304.0,1575.5619801130435,168.0,-6.87613331362445,-33.0,1396.870303301248,1541.0,-36.35190809237338,-437.0,1568.2399504142602,110.0,-13.410867469226787,-35.0,,,,,365.0,True
106218,Marcos Giron,1551.49904024959,274.0,-23.37097567908677,-79.0,84.0,705.0,1544.3578991889913,251.0,-45.503627032020404,-106.0,1461.596958795673,1266.0,-16.52419508138655,-303.0,1543.104636121171,155.0,-30.568365864802445,-58.0,,,,,308.0,True
127339,Borna Gojo,1551.239983950487,275.0,-38.46347865852704,-108.0,184.0,323.0,1574.5223270279503,170.0,9.958057505098623,10.0,1467.0359383694488,1210.0,,,1474.9508217170626,911.0,,,,,,,47.0,True
104897,Matthias Bachinger,1550.7619850649317,276.0,8.67140212901677,-44.0,,,1528.94621078445,308.0,51.543628540752934,539.0,1474.0868781287677,1121.0,-36.62558979622531,-895.0,1462.1588267187844,1050.0,,,,,,,86.0,False
101901,Chuck Adams,1550.6118735779582,277.0,-35.85839200942519,-218.0,,,1546.7793472850694,239.0,-39.2050994081751,-203.0,1419.6150319702062,1510.0,-68.38496802979375,-1448.0,1478.841896002836,826.0,,,1535.5835576785648,84.0,20.28429528009292,-35.0,153.0,False
207352,Bu Yunchaokete,1550.3417024078683,278.0,68.954223109552,927.0,166.0,358.0,1564.5737537174648,192.0,33.31581690155849,88.0,1438.1394819018897,1434.0,,,1476.229264264245,879.0,,,,,,,68.0,True
105138,Roberto Bautista Agut,1550.0440142651019,279.0,-64.5845461286317,-148.0,117.0,542.0,1551.4296080118222,227.0,-33.83439516374892,-79.0,1535.6525960168062,244.0,-51.91286523393683,-134.0,1612.8119353497516,61.0,-45.8149586660752,-25.0,,,,,727.0,True
131934,Andrea Vavassori,1549.830131626336,280.0,4.042095830056724,-15.0,556.0,71.0,1517.9957439843504,361.0,,,1537.1625067816367,237.0,34.86324183243278,187.0,1482.0292064233738,786.0,,,,,,,26.0,True
106298,Lucas Pouille,1549.162819778807,281.0,-0.7769200412283226,-45.0,,,1586.2320434992885,151.0,-42.89353020673366,-57.0,1506.8346849292686,425.0,-57.19134271385997,-275.0,1585.5159141504794,85.0,29.073422004602662,18.0,,,,,276.0,False
210748,Federico Cina,1548.2185276493262,282.0,14.196460504696233,63.0,238.0,242.0,1517.4892720802022,366.0,21.116144776129886,183.0,1524.4404435910717,294.0,45.323306013429146,675.0,1500.1807038035608,397.0,,,,,,,30.0,True
105449,Steve Johnson,1547.7014818752784,283.0,-40.81339382219676,-122.0,,,1518.8537799242376,354.0,-68.43400190349894,-219.0,1562.282627740144,171.0,-7.060770649553433,-35.0,1563.7857302488046,116.0,-11.609878267063323,-35.0,,,,,398.0,False
103151,Mariano Zabaleta,1547.6552430427007,284.0,-6.4425432713624105,-133.0,,,1487.6583948561915,886.0,-51.149891830257275,-750.0,1596.0149236113323,112.0,-5.7984165741859215,-39.0,1449.139925060467,1115.0,,,1461.458595261712,561.0,,,396.0,False
123795,Altug Celikbilek,1547.2634927440536,285.0,58.995140433338065,513.0,,,1544.8256841382024,247.0,56.825684138202405,383.0,1500.3820859664288,515.0,,,1495.8842322351725,444.0,,,,,,,16.0,False
202261,Otto Virtanen,1547.1934569894306,286.0,53.98796512957756,497.0,134.0,462.0,1510.7975164368877,411.0,3.382260538573746,-9.0,1458.334929856854,1298.0,-40.98104259483466,-881.0,1539.1867791072755,162.0,,,,,,,49.0,True
102401,Scott Draper,1546.9181220412656,287.0,-25.13732525201499,-179.0,,,1572.780945084256,173.0,-18.387385588693178,-102.0,1452.8775511399588,1343.0,-66.81358197985946,-1231.0,1502.3264470382853,358.0,-52.168156420584864,-314.0,1488.7853626190943,304.0,1.6723223615992993,-80.0,223.0,False
209263,Matteo Gigante,1546.763941916826,288.0,50.695533622845005,364.0,254.0,216.0,1507.8342560955923,441.0,,,1523.0407443708575,301.0,,,,,,,,,,,13.0,True
104655,Pablo Cuevas,1546.492344965699,289.0,-40.58068591693245,-122.0,,,1496.6709987804504,587.0,-4.4294484678903245,-198.0,1567.3259588582334,160.0,-36.77404194639985,-71.0,1473.2408349392513,929.0,-12.530885282519193,-427.0,,,,,433.0,False
104386,Janko Tipsarevic,1546.3935170862608,290.0,-28.12607602162734,-106.0,,,1571.6993452917714,176.0,-30.232323746459542,-72.0,1558.8904930290764,177.0,-27.309905156075956,-71.0,1537.7033532250864,169.0,-48.20766790306993,-99.0,1466.321850081543,536.0,,,495.0,False
208843,Jerome Kym,1545.8968329893764,291.0,15.705204511419197,53.0,192.0,307.0,1528.7115231156022,309.0,,,1506.104472394614,434.0,,,1513.707160355254,265.0,,,,,,,16.0,True
104098,Dmitry Tursunov,1545.7316631158687,292.0,-71.27814032156175,-184.0,,,1562.923736060969,197.0,-78.8875728523044,-133.0,1506.1153755768773,433.0,8.99804351879584,-104.0,1537.3127476655538,170.0,-80.53034883142232,-127.0,1509.9593705285215,147.0,-42.157821596251324,-86.0,430.0,False
104460,Dustin Brown,1544.9626783678405,293.0,-46.757240091813856,-150.0,,,1490.7453254857107,712.0,-68.06617369151445,-561.0,1481.9492675814133,976.0,-63.74042431901353,-813.0,1520.4363930249708,237.0,-11.072910376776008,-98.0,,,,,159.0,False
105379,Aljaz Bedene,1544.6214045746192,294.0,-49.784333935612494,-145.0,,,1544.9838343221122,246.0,-41.46970365142215,-114.0,1581.847017050136,133.0,-27.844368948369947,-44.0,1471.2490116847816,948.0,-34.85697844975948,-720.0,,,,,289.0,False
102202,Kenneth Carlsen,1544.6159675897889,295.0,-15.687198128139016,-161.0,,,1545.808423759241,244.0,-27.907810308706303,-154.0,1352.8664139021641,1561.0,-63.216877199888586,-852.0,1490.8849519890985,505.0,-23.18333340131926,-388.0,1519.6714203690872,117.0,-0.6941552854407291,-28.0,483.0,False
104586,Lukas Rosol,1544.2936637066143,296.0,-71.59048416565747,-180.0,,,1508.5036556908778,434.0,-47.43028278850329,-279.0,1584.972608560652,126.0,-6.44075310945459,-23.0,1471.664567475491,945.0,-53.59202524566058,-801.0,,,,,266.0,False
103171,Raemon Sluiter,1544.2588542205933,297.0,18.460756938134864,-96.0,,,1490.2591855291053,731.0,-20.65881590810727,-535.0,1499.3344637429582,534.0,38.20480013688643,126.0,1528.3596624363486,201.0,7.533901446553273,-95.0,1473.7207898432002,499.0,-16.261372859013818,-312.0,204.0,False
200175,Miomir Kecmanovic,1543.5473168425492,298.0,-40.120260358032965,-115.0,48.0,980.0,1544.25971815875,252.0,-31.896173495851826,-87.0,1513.270966640922,356.0,-24.929078505357893,-128.0,1508.8626678070927,297.0,-7.984160419538966,-67.0,,,,,374.0,True
126845,Max Purcell,1543.5307406668237,299.0,29.34784050897406,118.0,,,1500.3385179000995,524.0,18.12954425654584,414.0,1472.763686916634,1136.0,-17.27750722152018,-560.0,1500.2368688121896,395.0,-10.099596268234109,-146.0,,,,,81.0,False
103018,Max Mirnyi,1542.9885650954777,300.0,-61.46637574920055,-208.0,,,1515.8314148242694,374.0,-30.6322655905617,-242.0,1487.5669418394723,842.0,-46.008177581491736,-710.0,1582.872806658373,89.0,-17.171868524985484,-54.0,1527.3566614454598,101.0,-25.63675206133439,-42.0,430.0,False
101889,Todd Woodbridge,1542.9227001718334,301.0,-17.717560042934338,-197.0,,,1533.4939893888663,284.0,-48.1092196650543,-223.0,1467.3692446885213,1202.0,-31.555320711308696,-1038.0,1606.0492126142967,65.0,-11.453646354635566,-48.0,1523.9151466388612,108.0,16.097744756391876,-25.0,395.0,False
105385,Donald Young,1542.8728275299554,302.0,-43.06453144730904,-147.0,,,1538.0347252201861,274.0,-42.91356046363671,-143.0,1412.3288099130361,1528.0,-26.09601271105771,-539.0,1492.4207184363363,477.0,38.28234978361252,295.0,,,,,310.0,False
208882,Roman Andres Burruchaga,1542.2655609355745,303.0,21.03262918048995,110.0,68.0,833.0,1471.2305233632992,1244.0,,,1572.7777397496175,146.0,49.47578812609481,141.0,1481.1622556644477,797.0,,,,,,,37.0,True
104678,Viktor Troicki,1542.0895827877723,304.0,-47.46567334046745,-150.0,,,1546.0122125819423,242.0,-43.14804495703697,-120.0,1579.7412882665549,136.0,-50.71136475375761,-71.0,1535.1799496424483,174.0,-24.60586252653934,-74.0,,,,,538.0,False
210460,Nishesh Basavareddy,1542.0657187183688,305.0,28.97815971196019,145.0,148.0,409.0,1544.2573762663972,253.0,36.753687139251724,168.0,1483.0189066024727,953.0,,,1462.907341560813,1042.0,,,,,,,38.0,True
105657,Marius Copil,1542.0058009094346,306.0,19.901776857734603,15.0,,,1572.4693240674508,174.0,3.2847254228638576,-19.0,1401.834456377634,1535.0,-47.36692135035332,-480.0,1467.81054225142,984.0,-44.12753582802088,-805.0,,,,,140.0,False
103096,Arnaud Clement,1541.6905408743792,307.0,-0.4549883651068285,-122.0,,,1519.734162389776,347.0,-6.0640445353826635,-151.0,1489.8813809669746,699.0,-14.735538357846053,-462.0,1533.749310669889,177.0,-21.928276171697235,-94.0,1524.7908793380527,106.0,-12.046980920562191,-28.0,611.0,False
105902,James Duckworth,1541.383139429489,308.0,44.89859009548536,414.0,82.0,722.0,1520.9389003030406,342.0,36.66243191842068,647.0,1427.7204884315695,1489.0,-49.07475441426209,-685.0,1472.4197947439236,934.0,-32.00879042053475,-651.0,,,,,219.0,True
103714,Andreas Vinciguerra,1541.2998823706719,309.0,-37.996865606734445,-184.0,,,1550.4685388477437,230.0,-12.207080318741419,-135.0,1515.781452870332,342.0,2.9871705409314018,-149.0,1471.6634618131002,946.0,,,1528.1551719735155,99.0,,,170.0,False
208010,Pablo Llamas Ruiz,1541.2649875840748,310.0,-28.667019558280344,-99.0,122.0,515.0,1499.9707973802772,531.0,,,1541.9811959711467,224.0,34.50184508266716,143.0,1500.0263963798504,400.0,,,,,,,28.0,True
111153,Christopher Eubanks,1540.8582368694238,311.0,2.7292681061160238,-14.0,639.0,55.0,1498.2808205527601,558.0,23.94866451547864,518.0,1468.44524213841,1188.0,-38.98567696382884,-829.0,1543.429527136729,153.0,-40.3271684856154,-77.0,,,,,111.0,True
102934,Nicolas Coutelot,1540.8068892877275,312.0,3.0617528261429925,-174.0,,,1490.150626845959,736.0,,,1542.7133856228045,222.0,2.25507092738394,-115.0,1476.0116999190584,883.0,,,,,,,32.0,False
105881,Matthew Barton,1540.5225070072195,313.0,,,,,1524.4211856268055,327.0,,,1502.8946329159044,475.0,,,1504.1790891375706,329.0,,,,,,,8.0,False
101820,Marc Rosset,1540.3826675993485,314.0,-19.778128187206903,-191.0,,,1564.48448960063,193.0,-22.98248974474791,-125.0,1494.2736916241226,607.0,-25.792289982930242,-475.0,1492.3495249453977,480.0,-14.923719881641318,-365.0,1574.8918225882842,46.0,-58.408722335871516,-23.0,627.0,False
104471,Ivan Dodig,1539.9571727251578,315.0,-40.57286966458378,-161.0,,,1471.6273250984914,1241.0,-87.87114996247215,-1101.0,1575.431734626684,139.0,39.14799709306794,41.0,1555.9349833138804,130.0,9.578207487094687,-34.0,,,,,249.0,False
102106,Davide Sanguinetti,1539.8192879266942,316.0,19.212131707018898,-94.0,,,1545.8795553983043,243.0,4.849620101957271,-101.0,1467.1071389798435,1208.0,10.574709844215704,-525.0,1467.7409548893932,986.0,-25.38538936249347,-760.0,1451.3385809042213,599.0,-37.092305459320414,-358.0,386.0,False
105550,Guido Pella,1539.7540718422765,317.0,-11.022752151990971,-73.0,,,1557.3765255746277,213.0,-34.31685186843697,-82.0,1524.4066991087811,295.0,-22.02013209620145,-105.0,1508.5370766322362,300.0,-36.19851496506067,-177.0,,,,,275.0,False
101185,Mark Woodforde,1539.0920325906698,318.0,-19.66532925005299,-211.0,,,1506.4021591001522,458.0,-39.88557426126977,-364.0,1510.0020728848453,397.0,-58.995275536027975,-346.0,1541.8763686820912,156.0,-39.340345858531464,-132.0,1577.1144900854251,45.0,38.4809689545873,3.0,408.0,False
104379,Todd Reid,1539.0687596424882,319.0,-54.50193832680884,-224.0,,,1519.2718098256942,349.0,-34.220974967233815,-239.0,1488.9886336364596,732.0,,,1493.9138715565,460.0,,,,,,,33.0,False
103428,Juan Ignacio Chela,1538.931348043596,320.0,-88.73132839808318,-236.0,,,1506.7934257356346,454.0,-64.31937116092263,-339.0,1608.596293469644,100.0,-76.83397341763339,-71.0,1434.1344708626089,1176.0,-33.53973946699284,-709.0,1448.2971837614637,606.0,,,571.0,False
101659,Jan Apell,1538.633058982738,321.0,-48.72110296578944,-254.0,,,1526.5850716782859,317.0,-0.16004703894714112,-242.0,1489.15279789542,723.0,-37.020989463309206,-650.0,1523.362732681986,221.0,11.831348745532296,-160.0,1479.4819989197188,445.0,-0.20810221619467484,-231.0,96.0,False
111797,Nicolas Jarry,1538.6203653116868,322.0,-8.966741277533856,-60.0,180.0,326.0,1525.2975579552121,323.0,-8.560877265752197,-55.0,1531.9787644778814,259.0,-65.21632443033445,-155.0,1530.4288735609755,190.0,29.121205509625725,117.0,,,,,246.0,True
208260,Zachary Svajda,1538.3555916282046,323.0,-5.8698113156719955,-32.0,85.0,696.0,1484.0383833455228,1034.0,8.717348796866418,83.0,1537.712825173037,235.0,,,1500.550290156732,385.0,,,,,,,56.0,True
208144,Giles Hussey,1538.2773336105604,324.0,,,352.0,145.0,,,,,,,,,1521.4940194821668,231.0,,,,,,,6.0,True
210536,Rei Sakamoto,1538.2748481159197,325.0,64.39797036537198,1009.0,153.0,405.0,1534.390400915039,282.0,,,1487.458405139646,848.0,,,1511.384547943227,284.0,,,,,,,14.0,True
101298,Jonas Svensson,1538.2223646508735,326.0,-35.50952804158851,-272.0,,,1576.5018503298309,166.0,-12.858208352088468,-137.0,1434.2919515419621,1465.0,-80.33976419657961,-1400.0,1499.990341699589,403.0,,,1539.5019932552873,80.0,-2.9735639760683625,-46.0,162.0,False
106186,Jason Kubler,1538.2185972217844,327.0,-55.70348555316582,-175.0,440.0,105.0,1503.0208321534135,486.0,-19.67351916985922,-200.0,1521.0273546225446,308.0,17.33327188957992,79.0,1519.7682970187577,240.0,6.818636435056533,-6.0,,,,,60.0,True
101235,Paul Haarhuis,1538.0799391275032,328.0,-8.79573113731476,-214.0,,,1544.7696502554486,248.0,-5.865451565839749,-168.0,1464.296377171952,1240.0,-72.35327530540553,-1161.0,1545.9038707597117,147.0,-27.10922353283877,-122.0,1525.5245701091117,105.0,-13.488403560118286,-53.0,400.0,False
101888,Daniel Vacek,1537.95172145001,329.0,-21.333721778822564,-223.0,,,1548.7834750616332,232.0,-50.6168415013326,-179.0,1430.1770676398312,1481.0,-70.4972611331641,-1312.0,1502.4452343794835,354.0,27.902750703672382,-26.0,1506.1408825591643,157.0,-58.81570326303313,-117.0,364.0,False
105477,Marco Trungelliti,1537.5285913644325,330.0,31.44927242121753,222.0,81.0,731.0,1489.63239290706,759.0,4.25860196421695,44.0,1532.6481145997031,258.0,-37.58100090001608,-110.0,1464.4050002284528,1027.0,,,,,,,67.0,True
106000,Damir Dzumhur,1537.4222008380698,331.0,16.379391228552095,83.0,87.0,694.0,1439.760518946928,1564.0,-1.3139365521449236,-93.0,1567.5538055830598,158.0,15.464320254925042,37.0,1491.513579695279,496.0,-30.317273708688617,-320.0,,,,,325.0,True
103166,Vladimir Voltchkov,1537.1026377903859,332.0,-0.5276514451941239,-181.0,,,1534.9448213340143,280.0,-55.0796926428327,-208.0,1436.4342436221666,1448.0,-51.51075044556433,-1150.0,1502.1127393783759,361.0,-66.94792646691258,-326.0,1511.576024430384,137.0,,,112.0,False
207729,Tristan Boyer,1537.085534968277,333.0,47.34005138719522,556.0,199.0,287.0,1524.0142901317313,329.0,22.604422782409756,144.0,1467.1689577838754,1205.0,,,1523.8214130836536,218.0,,,,,,,22.0,True
103752,Simon Greul,1536.5850275773612,334.0,-10.189721767328138,-163.0,,,1480.0147128065419,1096.0,13.382693056537164,-380.0,1498.462162770678,546.0,0.12380297524464368,-253.0,1474.5215825715131,915.0,,,1490.2384769262044,270.0,,,114.0,False
106162,Franco Agamenone,1536.4862780798137,335.0,,,258.0,211.0,,,,,1530.4197744494184,267.0,,,,,,,,,,,5.0,True
102703,Hyung Taik Lee,1536.4689017860205,336.0,-77.39162468522113,-241.0,,,1541.5264998703985,262.0,-82.15337209646418,-195.0,1505.816289261789,438.0,-31.60562102536346,-311.0,1528.6227837799568,198.0,-27.605912389161404,-131.0,1468.4082638005111,530.0,,,267.0,False
104068,Robby Ginepri,1536.236286120363,337.0,8.466218680289558,-95.0,,,1511.3689069184134,400.0,-9.988841693746963,-192.0,1472.065542390524,1145.0,65.23919495703763,-219.0,1482.0881338851395,784.0,-31.08591246037031,-642.0,1515.782054673505,123.0,13.745436227280152,37.0,380.0,False
101358,Olivier Delaitre,1536.213154794319,338.0,-5.98769561778704,-229.0,,,1470.5179490263142,1251.0,-38.962696180351486,-1127.0,1409.0423570164896,1529.0,-4.462497300082987,-1115.0,1494.439785116769,451.0,5.292611457211933,-335.0,1552.6625587557633,69.0,19.654034804457297,-13.0,224.0,False
102179,Antony Dupuis,1536.052950300158,339.0,46.54431531723367,87.0,,,1437.3093970816415,1579.0,-13.89132713520462,-905.0,1462.1483315990492,1257.0,-12.590761458686075,-731.0,1532.4856831069383,184.0,11.902174742465377,-75.0,1506.1401520516586,158.0,46.866358956280465,276.0,209.0,False
102860,Agustin Calleri,1535.8531871580062,340.0,-54.78279580763842,-229.0,,,1527.683898886022,311.0,-38.402358986732,-194.0,1585.3977346935153,125.0,-32.68520838349855,-62.0,1447.3863993319562,1123.0,-30.664508516097612,-736.0,1491.5341870818468,254.0,-20.465812918153233,-161.0,379.0,False
213178,Cruz Hewitt,1535.6942735667042,341.0,,,615.0,59.0,1531.2283060377183,295.0,,,,,,,,,,,,,,,6.0,True
209209,Filip Misolic,1535.3946869424178,342.0,-29.204568277233875,-129.0,129.0,489.0,1465.9853480899624,1307.0,-23.764624423570012,-665.0,1573.5829174956841,143.0,53.263499907651294,142.0,1489.643578642577,550.0,,,,,,,36.0,True
103292,Gaston Gaudio,1535.0353408352078,343.0,-63.960478457928275,-244.0,,,1534.0528394174635,283.0,-6.191462426331327,-138.0,1563.5180046607024,169.0,-80.28227904392725,-126.0,1462.2281082933316,1049.0,,,1485.9081733887333,404.0,16.28749719589564,40.0,443.0,False
104719,Marcel Granollers,1534.8810121309546,344.0,15.217895839929497,-17.0,,,1456.7362377530148,1427.0,-36.90024380425075,-947.0,1529.1443559230927,278.0,-28.206781024992097,-136.0,1532.0588386952404,187.0,62.18879215357492,497.0,,,,,449.0,False
102110,Daniel Nestor,1534.3871709872085,345.0,13.135970258940915,-178.0,,,1508.7516726229592,431.0,-28.03184112727422,-323.0,1445.1728908877406,1399.0,,,1481.1029869986305,799.0,-21.480504582578305,-689.0,1482.9414390101638,423.0,-4.958287234984482,-247.0,165.0,False
205734,Thiago Seyboth Wild,1534.2321936280723,346.0,-26.30470127993658,-118.0,297.0,179.0,1501.4635164810204,505.0,4.6338962597285445,18.0,1515.3802878901306,344.0,-26.609931858992468,-129.0,1503.7916248844788,339.0,,,,,,,96.0,True
105649,Cedrik Marcel Stebe,1533.981935692958,347.0,4.672825511705923,-58.0,336.0,152.0,1487.5208849320993,904.0,17.90275668971435,70.0,1570.4357299966346,153.0,19.897237348049885,5.0,1463.1476877870523,1037.0,,,,,,,76.0,True
101833,Michael Tebbutt,1533.7712813004134,348.0,18.07825016847687,-196.0,,,1518.2903995852193,358.0,-5.141671842335654,-246.0,1494.6153242390315,601.0,-8.184967197260903,-474.0,1427.1389329385552,1191.0,-80.45068443482182,-1119.0,1517.8705752693402,119.0,38.07156777863884,137.0,145.0,False
111513,Laslo Djere,1533.6505212429795,349.0,-27.930129759590727,-125.0,213.0,266.0,1502.7028061935955,490.0,-42.01111944079912,-253.0,1615.8189794660784,92.0,-35.33578325990129,-41.0,1443.0898958713094,1142.0,-43.60303664121784,-536.0,,,,,327.0,True
105676,David Goffin,1533.0040009166958,350.0,-39.34368299859398,-151.0,248.0,225.0,1538.122560474163,273.0,-46.78838399523306,-128.0,1583.3368639393009,128.0,-9.45256256539028,-18.0,1557.3334337690221,126.0,-78.57800912394032,-81.0,,,,,612.0,True
104965,Pavol Cervenak,1532.9786623431517,351.0,,,,,1493.5571502937075,640.0,,,1530.158906506292,271.0,,,,,,,,,,,9.0,False
200670,J J Wolf,1532.9609416100882,352.0,-11.608688792098746,-81.0,921.0,23.0,1515.9331435753697,373.0,-56.02549993685375,-209.0,1499.805072904131,527.0,3.2797205124386437,-23.0,1506.1815020974466,313.0,,,,,,,102.0,True
101348,Dave Randall,1532.9097277072103,353.0,47.87921285822563,-120.0,,,1518.6077902782317,356.0,48.463134628473426,-90.0,,,,,1486.2465655543715,742.0,,,1512.246870345316,132.0,,,21.0,False
207985,Jacob Fearnley,1532.709133713301,354.0,41.910164428858934,512.0,125.0,505.0,1491.0004384996187,709.0,20.32494744102246,466.0,1527.8980888984593,280.0,10.024013395254315,24.0,1493.413374719438,466.0,-7.717092033152994,-137.0,,,,,57.0,True
103632,Luis Horna,1532.4875834308846,355.0,8.878445391427476,-130.0,,,1469.0213960845501,1263.0,-57.98837202575805,-1101.0,1581.1997749895647,135.0,10.310816699484121,-39.0,1438.343301893685,1156.0,,,1466.4110688967785,535.0,,,240.0,False
105558,Guillaume Rufin,1532.4035821890532,356.0,-2.225222685138533,-141.0,,,1524.9573160438522,326.0,8.401063095216614,-105.0,1482.8026462821622,958.0,-1.9592044858491136,-418.0,1481.9677801124335,790.0,,,,,,,43.0,False
106296,Gregoire Barrere,1531.920380587018,357.0,-32.044732056162275,-145.0,1280.0,7.0,1478.985992070556,1113.0,-29.463511993134944,-733.0,1477.627784486647,1056.0,-14.914029942745174,-508.0,1502.3518960165084,357.0,11.388562267765565,23.0,,,,,102.0,True
103789,Irakli Labadze,1531.7675591447153,358.0,47.810349191929845,199.0,,,1461.1112455520758,1380.0,2.955760171703105,-757.0,1474.2990034715397,1116.0,1.4760280720497576,-574.0,1500.3916095023183,390.0,-4.397052098035374,-265.0,1478.5120950440298,451.0,,,113.0,False
200462,Andrea Guerrieri,1531.5036844642348,359.0,,,231.0,251.0,1530.6165998556287,299.0,,,1497.6753221001516,559.0,,,1503.0287021130218,350.0,,,,,,,8.0,True
102104,Christian Ruud,1531.4926799227642,360.0,20.41392994774219,-168.0,,,1473.8669641219847,1214.0,-8.285415125543068,-876.0,1542.7583455479255,221.0,-23.109482614609533,-148.0,1446.3787848441289,1128.0,,,1469.89003085151,522.0,,,213.0,False
209857,Leandro Riedi,1531.47661922096,361.0,60.83016039182439,966.0,120.0,525.0,1532.3129462836102,288.0,20.62097033067562,47.0,1486.7435241586834,881.0,,,,,,,,,,,18.0,True
101334,Alexander Volkov,1531.3415325746714,362.0,-42.68090765743955,-279.0,,,1540.745584199325,265.0,-23.046241019039826,-205.0,1482.7922571181225,959.0,4.503834457555968,-658.0,1538.4134223506355,165.0,-38.07835717450462,-148.0,1547.0705411298861,73.0,-17.55073665109694,-44.0,349.0,False
101532,Francisco Clavet,1531.297746766733,363.0,7.636062364284726,-195.0,,,1581.0584170506925,157.0,-0.6970004203674307,-90.0,1489.2960483098032,718.0,-59.61014998501014,-624.0,1515.698009074709,255.0,6.3537017439468855,-167.0,1459.3004098394238,565.0,-22.981653452008686,-304.0,668.0,False
102716,Maxime Huard,1531.000585573217,364.0,,,,,,,,,,,,,,,,,1520.754093416733,115.0,,,3.0,False
111456,Mackenzie Mcdonald,1530.94960974781,365.0,23.026627814497942,159.0,126.0,501.0,1522.3048521731266,335.0,-6.702096429561834,-40.0,1426.9417699782605,1493.0,-33.71040572957759,-367.0,1527.580113955969,204.0,0.44458650654746634,-20.0,,,,,270.0,True
106121,Taro Daniel,1530.8413397990919,366.0,58.26635841409097,987.0,328.0,157.0,1506.4658620457994,456.0,20.353479224678267,444.0,1517.908642334054,328.0,5.069900585639743,-9.0,1408.4953935931294,1221.0,,,,,,,249.0,True
126846,Aleksandar Vukic,1530.6646580978772,367.0,-6.0633227853684275,-36.0,96.0,626.0,1525.3454228861287,322.0,-13.720659717416538,-62.0,1435.0135809689498,1455.0,-37.010506769809126,-431.0,1504.1279967330927,331.0,-23.148640330018907,-146.0,,,,,161.0,True
100955,Yahiya Doumbia,1530.6424720978912,368.0,,,,,1559.576046471569,208.0,,,1488.0,798.0,,,,,,,1475.3484428962172,487.0,,,10.0,False
207680,Facundo Diaz Acosta,1530.626370831911,369.0,12.626724056263129,42.0,151.0,407.0,1475.9156095736557,1181.0,15.443229074704732,62.0,1548.1003766448314,207.0,-4.438570036498049,-21.0,1478.6297369811707,829.0,,,,,,,60.0,True
102227,Sargis Sargsian,1530.5051277623345,370.0,-59.043092117032074,-270.0,,,1540.7458541402857,264.0,-40.56428755660386,-190.0,1531.1579078635261,262.0,-24.363228510507952,-174.0,1469.4943425177614,959.0,-73.59125879444605,-893.0,1524.0595957257015,107.0,-15.113792547632784,-35.0,349.0,False
207686,Alexander Shevchenko,1530.3777100676411,371.0,-36.01074176796328,-148.0,88.0,689.0,1536.0679942633585,278.0,-18.63595090699664,-68.0,1516.6900692159209,336.0,5.90325352924674,25.0,1451.9720203088782,1106.0,,,,,,,144.0,True
102506,Quino Munoz,1530.233312619892,372.0,,,,,,,,,1524.9517691855456,289.0,,,,,,,,,,,8.0,False
200416,August Holmgren,1529.8849601233305,373.0,15.321089992359475,41.0,156.0,396.0,1498.2923310640424,557.0,,,1511.5119424551035,382.0,,,1513.762290079919,264.0,,,,,,,15.0,True
210472,Oliver Tarvet,1529.5563715689832,374.0,,,340.0,150.0,,,,,,,,,1522.336500866436,226.0,,,,,,,4.0,True
104214,Igor Andreev,1529.4986219569428,375.0,-62.050446731235525,-250.0,,,1526.7454260649513,315.0,-44.225916236360035,-200.0,1529.3564076918867,275.0,-62.662284322856294,-191.0,1496.6195914725313,438.0,-51.01303495673915,-348.0,1522.6601154006987,112.0,26.57544764173622,84.0,436.0,False
102024,Hernan Gumy,1528.9032253412336,376.0,-15.609899520604358,-258.0,,,1500.496673047783,517.0,-23.20780553757777,-406.0,1535.371869350954,245.0,-24.373985365154113,-167.0,1464.831429961095,1022.0,,,1483.6161106304774,417.0,,,223.0,False
101409,Jaime Yzaga,1528.6408436188653,377.0,-22.988033253719095,-291.0,,,1568.5886350533044,183.0,-15.460341812371553,-144.0,1510.4175272721936,392.0,-67.44419157273137,-354.0,1488.4423550889542,595.0,,,1482.209166306597,426.0,-17.37487134675507,-335.0,224.0,False
101589,Arnaud Boetsch,1528.381410762544,378.0,-54.75705523589113,-300.0,,,1579.2167894431166,162.0,-22.343699616950516,-118.0,1534.5914225253955,251.0,-14.965527163576553,-186.0,1503.7265102305964,340.0,-82.42382550319985,-326.0,1568.6240833562263,51.0,-111.53118865666193,-42.0,370.0,False
103527,Julien Jeanpierre,1528.3297237448999,379.0,,,,,1506.4458616007237,457.0,,,1511.521128850595,381.0,,,,,,,,,,,5.0,False
200008,Alexis Galarneau,1528.104283771343,380.0,2.9265869751939135,3.0,193.0,306.0,1500.6394933453985,514.0,15.58411385613499,362.0,1501.9383573830787,493.0,,,1512.5075001405446,271.0,,,,,,,21.0,True
104229,Yen Hsun Lu,1528.0683355759634,381.0,-47.5505785751493,-214.0,,,1532.5730845081985,287.0,-1.7374786261225381,-76.0,1434.6493715679499,1461.0,-26.17888075228757,-648.0,1510.7281457474166,288.0,-11.220939848760281,-132.0,1512.6482982508635,129.0,,,358.0,False
101843,Sergi Bruguera,1527.6881116801032,382.0,4.722672360200704,-214.0,,,1542.2936079506303,258.0,-44.31038487172259,-205.0,1571.5463576220634,149.0,-10.465526153001747,-80.0,1499.249196181749,416.0,,,1512.0374128978428,135.0,-54.854585086811085,-103.0,548.0,False
105095,Evgeny Korolev,1527.4270419893048,383.0,-66.99064983944936,-280.0,,,1570.5487603304084,179.0,-38.31603894526688,-102.0,1502.0051988070409,491.0,-35.996063180777355,-348.0,1431.2317236276374,1181.0,-70.16587519439236,-992.0,1473.800838454085,498.0,,,165.0,False
212225,Thomas Faurel,1527.327777442552,384.0,,,378.0,131.0,,,,,1522.2456869451264,303.0,,,,,,,,,,,6.0,True
200116,Camilo Ugo Carabelli,1527.0616487086372,385.0,-65.74456961948658,-223.0,59.0,890.0,1445.1171011789684,1522.0,-31.05397924947374,-415.0,1589.4915482086876,119.0,-18.26691366291402,-22.0,1455.9966174530234,1082.0,,,,,,,90.0,True
101098,Guy Forget,1526.9045575686894,386.0,-93.0233252623018,-334.0,,,1551.6044345132077,225.0,-88.48342962050106,-203.0,1517.8130513630963,329.0,-23.316389578711323,-278.0,1534.6071889400105,175.0,-11.123935055458332,-148.0,1559.6300926874426,60.0,-55.75376032586519,-43.0,268.0,False
103225,Simon Larose,1526.8528033761893,387.0,31.244734962990833,-109.0,,,1507.2098877790545,450.0,14.448900607144196,-213.0,,,,,,,,,,,,,13.0,False
103356,Michel Kratochvil,1526.417812007935,388.0,-38.260097755151264,-272.0,,,1525.096883420759,324.0,-12.97060822771914,-199.0,1506.6826900899623,427.0,-17.149448967677472,-296.0,1511.1825151505423,285.0,-21.513339802089376,-212.0,1446.7331870680625,609.0,-41.64527362546505,-388.0,155.0,False
101703,Guillaume Raoux,1526.3812543341044,389.0,-71.22761688489436,-310.0,,,1572.981394662732,172.0,-32.22789704797469,-125.0,1425.7735377148808,1496.0,0.31757451298722117,-971.0,1474.4530697949115,917.0,-41.87782031326856,-855.0,1523.3494647078987,110.0,-20.89201484642922,-60.0,352.0,False
206470,Cezar Cretu,1526.363802991464,390.0,,,370.0,136.0,1525.8271807281014,320.0,,,,,,,,,,,,,,,2.0,True
101609,David Wheaton,1526.3346387962229,391.0,-43.8446311129826,-300.0,,,1506.1411998298088,461.0,-53.222266108042504,-390.0,1537.9040640782346,234.0,-20.97073678604511,-190.0,1599.2904971847586,73.0,-57.07362731489525,-65.0,1463.8765302792563,550.0,-37.951397649480214,-462.0,310.0,False
104639,Wayne Odesnik,1526.15469547653,392.0,-39.09448103484783,-242.0,,,1461.7207384364356,1372.0,-32.9616716142109,-1030.0,1592.7750803021843,115.0,9.278142993313622,-32.0,1446.0977774452883,1130.0,,,,,,,99.0,False
106148,Roberto Carballes Baena,1526.027667863351,393.0,-27.5687694380199,-142.0,203.0,282.0,1497.0251118526169,580.0,-30.943475402327522,-290.0,1553.0226191477493,194.0,-24.05118070473827,-60.0,1437.9709991554535,1157.0,9.433876002416582,-156.0,,,,,298.0,True
207182,Emilio Nava,1525.9283884011982,394.0,28.659954223779778,289.0,94.0,631.0,1483.876597957994,1037.0,15.572459503102891,154.0,1534.798566672677,247.0,49.057419238678676,599.0,1465.689675503341,1014.0,,,,,,,50.0,True
105583,Dusan Lajovic,1525.791822522505,395.0,7.582182125980125,32.0,137.0,446.0,1532.609894725305,286.0,3.085744491590958,-3.0,1508.7879548976189,408.0,-42.699657673149204,-215.0,1438.7155683351423,1154.0,-16.989376403474353,-277.0,,,,,484.0,True
209262,Tristan Schoolkate,1525.6774728944374,396.0,57.71085542444871,1036.0,123.0,512.0,1505.165074368024,471.0,-10.312472738695078,-111.0,1490.9677857683916,660.0,,,1503.1246961913598,348.0,,,,,,,34.0,True
104594,Marinko Matosevic,1525.607025296486,397.0,-114.25870226618804,-314.0,,,1554.9495616132415,217.0,-41.41861062322687,-110.0,1470.924586294958,1158.0,-37.932022953124715,-921.0,1482.0498193714848,785.0,-4.046621431733229,-319.0,,,,,154.0,False
208659,Giovanni Mpetshi Perricard,1525.6030432713112,398.0,-44.34529866043454,-187.0,83.0,710.0,1496.6687863428936,588.0,-84.67731596965268,-431.0,1493.8795483268152,613.0,-8.89504483963401,-169.0,1508.6365859237233,299.0,9.271650173151784,56.0,,,,,105.0,True
126106,Ryan Peniston,1525.3292681679902,399.0,-4.788629325648117,-92.0,365.0,137.0,1485.1210937703559,1015.0,,,,,,,1505.1332781224387,320.0,5.5836256680429415,-3.0,,,,,13.0,True
106065,Marco Cecchinato,1525.29801359974,400.0,-4.2970575965468925,-76.0,178.0,329.0,1379.3166520961615,1731.0,4.858318882397953,-294.0,1567.896437810302,157.0,-15.92547450160464,-41.0,1424.1904892939035,1197.0,-83.11799351966465,-974.0,,,,,213.0,True
200303,Pavel Kotov,1525.1747416431301,401.0,-70.6678060743634,-246.0,255.0,215.0,1472.9864499051505,1222.0,-61.890428066797085,-960.0,1553.2080571751123,192.0,19.479618141989476,41.0,1501.243184705997,369.0,,,,,,,84.0,True
103176,David Sanchez,1525.1450382059913,402.0,-28.163024050551485,-258.0,,,1401.6600320197138,1701.0,-22.773760926842897,-971.0,1565.9439435045201,164.0,-36.78848452389093,-107.0,1451.1178624794713,1111.0,,,1467.996886010892,532.0,,,202.0,False
104735,Tobias Kamke,1525.0917039992696,403.0,15.04769746384136,-51.0,,,1485.1312648812507,1014.0,5.4813720230743,-297.0,1507.0280630476789,421.0,7.92844516142668,-111.0,1503.8137394268863,338.0,-2.463128733998701,-152.0,,,,,161.0,False
105226,Attila Balazs,1525.0199948583568,404.0,-53.418115874262185,-235.0,,,1453.3456043536262,1464.0,,,1557.202400954097,182.0,-4.741250787765466,-31.0,1493.5589493668685,464.0,,,,,,,38.0,False
104724,Eduardo Schwank,1524.929021626463,405.0,42.33715881044736,289.0,,,1455.580901338312,1439.0,-36.920043729494864,-1058.0,1548.9587671411016,204.0,15.031549803894677,-46.0,1445.8692599493122,1132.0,,,,,,,99.0,False
103420,Michal Tabara,1524.9202769085698,406.0,-19.159712043633817,-255.0,,,1543.9229200806599,254.0,16.427801043555064,-107.0,1487.3890542820418,851.0,-64.44449601619272,-759.0,1480.6946653669709,804.0,,,1480.5234796181228,436.0,,,91.0,False
208278,Shintaro Mochizuki,1524.6584287785806,407.0,12.127055434750446,66.0,130.0,480.0,1464.0656011161375,1339.0,28.992564851300585,178.0,1481.7621978274806,979.0,,,1531.2771455093132,188.0,67.3643883651348,721.0,,,,,51.0,True
102796,Magnus Norman,1524.618381482026,408.0,-23.18048000167164,-277.0,,,1582.9638034760842,155.0,-38.5267855988136,-101.0,1550.5446065210663,200.0,-68.18101611193151,-151.0,1511.6139858125578,279.0,-19.30764149764491,-229.0,1534.2668123140254,87.0,-25.088700142387324,-48.0,392.0,False
103808,Potito Starace,1524.2946632162648,409.0,-4.893426940823247,-183.0,,,1405.8827498473909,1692.0,-18.73092106264221,-710.0,1557.8911084712347,181.0,-30.934094968488807,-92.0,1408.919679178854,1220.0,-69.3443871416996,-795.0,1492.5078811821643,244.0,,,338.0,False
104651,Martin Alund,1524.1980503228053,410.0,4.624010340024597,-147.0,,,,,,,1523.8684231371165,296.0,-8.58591251975372,-126.0,1493.3927147707138,467.0,,,,,,,16.0,False
105932,Nikoloz Basilashvili,1523.9233042023743,411.0,18.387047416482346,148.0,111.0,569.0,1511.3736526962043,399.0,13.652847497793573,136.0,1501.741216551358,499.0,-8.107465389267418,-127.0,1508.7106401644623,298.0,-1.7234026413768788,-65.0,1523.585699413623,109.0,,,350.0,True
101196,Derrick Rostagno,1523.872993368223,412.0,-39.998894935709586,-330.0,,,1463.3140424412038,1351.0,3.788513878851745,-995.0,1460.275554208692,1282.0,-16.524503831725724,-1067.0,1556.413166747076,129.0,15.167355774954785,-98.0,1531.97247239332,92.0,11.404687572768808,-59.0,163.0,False
207608,Timofey Skatov,1523.6910555094705,413.0,37.49685033052583,692.0,189.0,314.0,1470.9410543385925,1248.0,-31.658929843947135,-853.0,1529.8141627229386,273.0,-15.897817388739213,-73.0,1511.8067976954833,276.0,,,,,,,31.0,True
105051,Matthew Ebden,1523.6290113231312,414.0,20.751077102659337,71.0,,,1505.460436932798,467.0,26.1133836336503,376.0,1404.79137109044,1533.0,-65.3814121558562,-789.0,1494.1382088038124,456.0,-65.54121579176149,-357.0,,,,,201.0,False
101725,Gabriel Markus,1523.1819107901508,415.0,5.109482257611489,-308.0,,,1435.0331754616877,1592.0,-65.01701106950554,-1504.0,1541.7677886514107,227.0,4.334034013168548,-170.0,1489.5623322761217,554.0,,,1484.227425007588,411.0,,,105.0,False
101510,Henrik Holm,1523.057195312736,416.0,-68.16708835735017,-351.0,,,1516.2181319697584,371.0,-14.10945095630018,-298.0,1454.914512970856,1327.0,-8.914646434003998,-1063.0,1543.3839939174964,154.0,-15.949371441949097,-137.0,1474.6605882996698,493.0,32.82598059825682,-175.0,179.0,False
103694,Olivier Rochus,1523.0286000935484,417.0,-2.8965550817683834,-178.0,,,1546.0759942370237,241.0,-33.143970003203094,-132.0,1426.004798419405,1495.0,-58.80224034953039,-961.0,1538.0028191700887,166.0,-70.37626091447419,-120.0,1510.7862835839007,141.0,3.091633133244841,-23.0,478.0,False
104721,Josselin Ouanna,1522.8615389013028,418.0,-6.269006265779808,-205.0,,,1478.2813291316634,1127.0,-6.268884080353928,-592.0,1489.9912843211976,695.0,1.3447407388077863,-295.0,,,,,1516.032797549229,121.0,,,26.0,False
103206,Sebastien Grosjean,1522.7537467737004,419.0,-51.54153969554204,-288.0,,,1504.6039556656578,473.0,-25.298032658408147,-293.0,1622.3995090114247,83.0,-59.38956138948879,-53.0,1621.604652880149,57.0,-71.60275083196598,-44.0,1586.4541931954852,41.0,37.35996546536035,26.0,548.0,False
103850,Sebastian Decoud,1522.7486016860764,420.0,,,,,,,,,1533.9371804048876,252.0,,,1489.2267575873234,567.0,,,,,,,8.0,False
101377,Christian Bergstrom,1522.4921002046783,421.0,-31.777311160773024,-349.0,,,1545.2090990360346,245.0,-11.050009697872838,-198.0,1520.7255959884633,310.0,-22.858191990140085,-269.0,1498.244433375125,429.0,-14.183666038224374,-393.0,1468.7740170367274,528.0,-24.552223654703766,-419.0,160.0,False
209407,Max Basing,1522.0684132191884,422.0,,,322.0,162.0,,,,,,,,,1523.0508952682032,222.0,,,,,,,4.0,True
102642,Cyril Saulnier,1522.0347859990657,423.0,-57.56052981047719,-309.0,,,1508.9034760563386,428.0,-67.71161652165097,-340.0,1424.0909515123913,1497.0,-45.96998151154958,-939.0,1482.86527368558,777.0,-20.384945512906143,-624.0,1542.4754570366454,78.0,-0.4875353544503014,-9.0,184.0,False
209080,Blaise Bicknell,1521.2939362744346,424.0,,,316.0,167.0,1510.12510117665,420.0,,,1512.0,372.0,,,,,,,,,,,2.0,True
106249,Joao Domingues,1521.1543642113506,425.0,-3.2372576166540057,-137.0,680.0,49.0,,,,,1503.4810729082365,466.0,-16.410070981963372,-240.0,,,,,,,,,13.0,True
101735,Richard Fromberg,1521.0462922859626,426.0,-65.17165993137587,-339.0,,,1540.4004926103876,267.0,-34.41883948934219,-198.0,1506.7662260816096,426.0,-79.62084552923989,-366.0,1477.2084850933788,856.0,6.079684562138027,-533.0,1398.8417262551945,641.0,-73.70174964502507,-373.0,415.0,False
101120,Karel Novacek,1520.7482862986813,427.0,-49.57680881799138,-355.0,,,1579.7327863513087,161.0,-46.74555789026863,-134.0,1561.294223283699,173.0,-58.66846598323218,-149.0,1499.8177859840905,407.0,-24.167904587378644,-392.0,1512.742905289255,127.0,-76.44882759025381,-113.0,290.0,False
212021,Martin Landaluce,1520.6039660390827,428.0,-55.644837725781144,-234.0,69.0,827.0,1503.1860812267719,484.0,11.150125463485892,162.0,1491.279254565616,651.0,39.63411933466705,618.0,1492.596220163414,474.0,,,,,,,41.0,True
101030,Goran Prpic,1520.407251722817,429.0,-8.020592620337993,-348.0,,,1512.0996913963513,387.0,-21.01937068899042,-372.0,1504.7020248591891,449.0,21.54617907283955,-245.0,1478.0129993558871,835.0,,,1491.2512050666073,260.0,18.42021997676966,-65.0,119.0,False
101495,Miguel Tobon,1520.3548693877642,430.0,-5.377993048846747,-321.0,480.0,95.0,1490.7682383313004,711.0,,,1536.7872869814437,238.0,26.019368170543657,-151.0,,,,,,,,,14.0,True
101717,Diego Nargiso,1519.3977440495203,431.0,86.19678201168813,249.0,,,1450.1648466805002,1486.0,3.206635920185363,-1125.0,1472.4047138510796,1141.0,109.75351427702071,-545.0,1462.1214064979065,1052.0,-33.454316412626895,-970.0,1508.4680168438178,152.0,22.911068981295784,58.0,170.0,False
104755,Richard Gasquet,1519.1133058447924,432.0,41.124871186477094,750.0,673.0,50.0,1529.3599937335218,306.0,-34.74116758936998,-124.0,1533.8941601630318,253.0,0.3696734144232323,-21.0,1595.4838861580029,74.0,-69.35775642939029,-45.0,1557.303632048027,64.0,70.89063849906552,296.0,994.0,True
101788,Doug Flach,1518.9814171605497,433.0,21.230954980510887,-216.0,,,1484.2515947219754,1029.0,-13.801740764587976,-865.0,1437.9850946066397,1437.0,,,1528.6075034765831,200.0,30.43465190904817,-83.0,1492.3520387880237,245.0,,,66.0,False
200270,Alex Knaff,1518.8589354621388,434.0,,,804.0,35.0,1520.7271442525823,343.0,,,1498.6737148908398,544.0,,,,,,,,,,,4.0,True
102146,Jordi Burillo,1518.5589927626406,435.0,6.924854026268349,-267.0,,,1405.9281617591091,1690.0,7.8260376047715,-1189.0,1551.5955007745779,197.0,-4.710687864316924,-134.0,1496.1750001757764,442.0,-27.354102563363995,-395.0,1452.4648732011487,596.0,,,206.0,False
102374,Alex Corretja,1518.5187711268284,436.0,-53.67437332840177,-318.0,,,1566.8050777904334,189.0,-67.62635714853491,-141.0,1566.4058650379231,163.0,-80.2678463353759,-124.0,1458.4057004061858,1069.0,,,1443.2890380701974,621.0,-47.64778262765367,-439.0,685.0,False
200436,Zsombor Piros,1518.4791888656966,437.0,7.862008555506236,-1.0,173.0,342.0,1525.5289838941503,321.0,13.528983894150315,-31.0,1481.0604594426873,995.0,,,1500.996476671344,374.0,,,,,,,19.0,True
104198,Guillermo Garcia Lopez,1517.9394396833302,438.0,-6.339940063081485,-133.0,,,1474.8442218947168,1200.0,10.146786299064843,-179.0,1566.595124032096,162.0,-47.7044405723218,-76.0,1486.693514176187,727.0,-4.770584401288261,-398.0,1485.4338576050968,407.0,,,647.0,False
212219,Mees Rottgering,1517.233065876369,439.0,,,454.0,101.0,1517.0777632238298,368.0,,,,,,,1488.7434879692807,583.0,,,,,,,8.0,True
101822,Luis Lobo,1517.16149646958,440.0,,,,,,,,,1514.6668315461204,352.0,,,,,,,,,,,4.0,False
101900,Nicklas Kulti,1516.6657369864981,441.0,-102.10667376903393,-378.0,,,1450.3944502203008,1481.0,-52.53295872343347,-1343.0,1471.5221659915526,1151.0,-31.07585010847788,-1022.0,1533.5453402877806,178.0,18.046959596123088,-115.0,1484.166549931295,412.0,-7.39730979342562,-270.0,250.0,False
200443,Adam Walton,1516.4108096163818,442.0,-15.25264542239779,-89.0,97.0,614.0,1477.1840617211217,1152.0,-15.500872454664204,-519.0,1497.7873982302594,556.0,,,1492.8320293900113,470.0,-6.571049525138733,-125.0,,,,,78.0,True
104196,Carlos Cuadrado,1516.3827670123574,443.0,,,,,,,,,1513.238118867727,357.0,,,,,,,,,,,8.0,False
207834,Juan Alejandro Hernandez Serrano,1516.366372861703,444.0,,,448.0,103.0,1513.5009241549283,382.0,,,,,,,,,,,,,,,8.0,True
101058,Francisco Yunis,1516.3440760593228,445.0,,,,,,,,,1521.1093700951849,307.0,,,,,,,,,,,5.0,False
210178,Juan Carlos Prado Angelo,1516.317973699968,446.0,-8.968112065423156,-66.0,176.0,338.0,1486.3040884536701,971.0,,,1536.0772958423818,243.0,,,1487.4730428196324,693.0,,,,,,,12.0,True
102238,Alberto Berasategui,1516.28963084881,447.0,-85.36194789207661,-375.0,,,1431.4343777862778,1609.0,-92.19757020145289,-1502.0,1582.5549329989888,130.0,-75.76129405534653,-102.0,1476.8190607285119,863.0,,,1465.0324882694097,546.0,8.249255358041864,-201.0,452.0,False
106408,Mario Vilella Martinez,1516.2109431846839,448.0,,,,,1502.0555561132799,500.0,,,1507.3791281642477,420.0,,,,,,,,,,,10.0,False
104978,Daniel Brands,1515.770732940074,449.0,-45.18935051550011,-273.0,,,1523.1903772682429,330.0,-4.074943692621673,-115.0,1495.2225721849718,590.0,-19.03729750659636,-378.0,1466.8439011418384,997.0,-58.91082821034229,-872.0,,,,,149.0,False
105656,Marcelo Arevalo,1515.7238631195319,450.0,,,,,1519.4843941990996,348.0,,,1493.5496460959864,617.0,,,,,,,,,,,7.0,False
106120,Ricardo Ojeda Lara,1515.516163960526,451.0,,,,,1517.6080904268767,364.0,,,1496.8913233311664,571.0,,,,,,,,,,,6.0,False
209931,Lukas Pokorny,1515.4283916262575,452.0,,,605.0,61.0,,,,,1515.7179987665545,343.0,,,,,,,,,,,1.0,True
127760,Lukas Klein,1515.328156509001,453.0,0.7557125534005991,-42.0,167.0,358.0,1488.707634123561,803.0,-7.884259551510695,-289.0,1509.0614230936987,405.0,,,1486.4826432287377,736.0,,,,,,,29.0,True
208426,Tiago Torres,1515.1375211407626,454.0,,,508.0,84.0,,,,,1514.8828114696,348.0,,,,,,,,,,,3.0,True
104292,Izak Van Der Merwe,1515.0660528985966,455.0,11.36875811055279,-133.0,,,1492.5767738111526,666.0,,,,,,,1501.7696509896098,364.0,,,,,,,14.0,False
104268,Alejandro Falla,1515.0425591448168,456.0,-19.52792669573887,-233.0,,,1497.1380205944997,575.0,-0.5411508729184789,-222.0,1473.6151950544613,1127.0,-12.271607758573282,-580.0,1484.8252873050528,764.0,-1.9308091762097774,-307.0,1521.92372587356,114.0,,,255.0,False
103997,Lukasz Kubot,1514.7235738159297,457.0,27.278904515135764,206.0,,,1442.1508905091453,1540.0,-28.66624493827885,-777.0,1514.7271843622552,351.0,-32.164613831401084,-209.0,1519.7692208245653,239.0,-2.1392231609272585,-95.0,1486.9927505760659,388.0,,,198.0,False
210157,Dylan Dietrich,1514.654482100576,458.0,,,1000.0,18.0,,,,,1511.3572139948976,385.0,,,,,,,,,,,3.0,True
102302,Marcelo Saliola,1514.614417637904,459.0,,,,,,,,,,,,,,,,,1511.2100226510584,139.0,,,3.0,False
104025,Amer Delic,1514.5936712977075,460.0,-3.3647165397278513,-222.0,,,1509.665417470955,422.0,12.72597624955938,-112.0,1468.77023692531,1184.0,,,1471.754373909084,944.0,,,,,,,78.0,False
105643,Federico Delbonis,1514.542816631652,461.0,-40.08136917452862,-238.0,,,1398.3045279449418,1707.0,-26.775224388795323,-354.0,1563.4759674567601,170.0,-28.786165472204857,-64.0,1391.6321632592114,1224.0,-84.60963117431356,-652.0,,,,,360.0,False
207681,Francisco Comesana,1514.5119999692874,462.0,4.871289483110559,37.0,102.0,598.0,1493.740531037191,636.0,-16.088126608527773,-235.0,1525.542507561976,286.0,-2.856225742354127,-16.0,1483.619091078919,773.0,,,,,,,76.0,True
101344,Bruno Oresar,1514.4690241765093,463.0,,,,,,,,,1513.4627852967762,355.0,,,,,,,,,,,5.0,False
102184,David Prinosil,1514.4511991627053,464.0,-42.88155428444634,-352.0,,,1461.295797343113,1377.0,3.7806946090584006,-843.0,1361.4683138895234,1557.0,-64.4434773830576,-995.0,1572.1454802031528,105.0,-51.75436019998938,-86.0,1602.8728604772903,34.0,24.921765484200023,-2.0,356.0,False
207784,Harry Wendelken,1514.3447831911917,465.0,,,227.0,253.0,1521.2103511933553,340.0,,,1488.0,814.0,,,1486.0235735524948,751.0,,,,,,,10.0,True
106043,Diego Schwartzman,1514.3432355456107,466.0,-87.13520867847842,-318.0,,,1560.161882679664,205.0,-7.327851183017856,-27.0,1573.2528550068816,145.0,-58.16591940619128,-78.0,1482.6139517624924,778.0,-9.189638249441714,-391.0,,,,,467.0,False
100284,Jimmy Connors,1514.29471115603,467.0,-92.2360282069933,-431.0,,,1557.4392831198718,212.0,-56.373182009908305,-193.0,1474.243099785253,1118.0,-13.342599628369953,-1055.0,1499.911825497872,405.0,,,1457.9013112242526,573.0,,,74.0,False
106214,Oscar Otte,1514.2160271197376,468.0,-38.728799128706896,-232.0,1051.0,15.0,1477.1362930689697,1155.0,-16.996992759734212,-630.0,1505.6406260691417,440.0,9.316488457294554,40.0,1521.2702851227662,233.0,-14.717431546338503,-87.0,,,,,80.0,True
106390,Matteo Donati,1514.1093719367807,469.0,,,,,,,,,1512.8187975524966,365.0,,,,,,,,,,,2.0,False
126149,Gianluca Mager,1513.879081347735,470.0,-21.842151848853746,-187.0,,,1491.8287606582196,685.0,-12.978366845130267,-302.0,1516.4638097634595,337.0,-11.404609115379571,-102.0,1503.4026241134466,343.0,,,,,,,59.0,False
103701,Diego Hartfield,1513.8412721601953,471.0,-15.26447788858377,-268.0,,,1457.942638967271,1412.0,,,1542.5097762564985,223.0,-15.473173731410725,-116.0,1474.4119005493064,918.0,,,1512.1867453607044,134.0,,,43.0,False
106328,Christian Harrison,1513.6947840356547,472.0,32.71643408692307,447.0,,,1511.1868239471592,405.0,,,1489.8497402513515,703.0,,,1494.0537678956184,459.0,,,,,,,15.0,False
106075,Jozef Kovalik,1513.6111328737827,473.0,53.69812981695463,970.0,801.0,35.0,1458.103577751749,1410.0,-39.42848281674901,-987.0,1520.8869842267284,309.0,36.82363786062433,479.0,1469.4104042893748,961.0,,,,,,,80.0,True
103451,Bjorn Phau,1513.608473668186,474.0,55.18267847328366,527.0,,,1478.5303038286659,1123.0,56.049133722393435,-106.0,1491.6263451516143,637.0,4.438574580627574,-149.0,1399.3109094552735,1222.0,-60.8361718098397,-655.0,1458.5039125511678,571.0,,,211.0,False
102607,Juan Balcells,1513.5239771761926,475.0,-84.5241587776477,-392.0,,,1497.4528243646319,571.0,-29.743214953058896,-439.0,1568.6755859592133,156.0,-3.416277781521103,-82.0,1470.3285995330837,953.0,,,1488.2835474238523,316.0,,,87.0,False
126535,Carlos Taberner,1513.5173499806165,476.0,37.917323870052996,747.0,145.0,420.0,1481.8377479145863,1067.0,-22.333075831113547,-722.0,1510.2556197851907,395.0,32.866683927861004,504.0,1486.5091008272977,735.0,,,,,,,48.0,True
104763,Rafael Arevalo,1513.3428013446814,477.0,,,,,1513.3224585866446,383.0,,,,,,,,,,,,,,,2.0,False
106432,Borna Coric,1513.30251745893,478.0,-52.64860404178057,-265.0,850.0,30.0,1527.799210305223,310.0,-70.80599871145296,-177.0,1585.548547409771,124.0,-67.40166490955471,-73.0,1517.0057131302515,253.0,-8.11092937131798,-89.0,,,,,412.0,True
101805,David Nainkin,1513.222275153247,479.0,26.6025539840316,-124.0,,,1491.38949401625,701.0,45.252799188987865,-223.0,1485.4712420519243,910.0,,,1496.9066773451189,437.0,15.174215110598652,-212.0,1504.5782348300631,164.0,,,66.0,False
202127,Clement Tabur,1513.1339624877423,480.0,21.462186446073474,349.0,171.0,348.0,1496.8492367418949,584.0,,,1503.2522787320297,471.0,,,1511.4525735302173,283.0,,,,,,,16.0,True
105430,Radu Albot,1513.030463565726,481.0,4.719809786659425,-25.0,479.0,95.0,1540.9363048936452,263.0,-28.94742844487655,-98.0,1478.3489432666543,1038.0,3.7383167298667104,-134.0,1434.377118174348,1172.0,-69.53994087025603,-927.0,,,,,231.0,True
207732,Miguel Damas,1512.9049719795837,482.0,,,267.0,203.0,,,,,1513.162708307125,358.0,,,,,,,,,,,3.0,True
101507,Tomas Carbonell,1512.7120168167837,483.0,-6.4564294250180865,-342.0,,,1448.3032647901089,1501.0,-38.30856933905443,-1241.0,1504.7960347096662,448.0,-28.478838773641428,-372.0,1465.4694728885477,1017.0,-22.53052711145233,-938.0,1490.4232042498268,266.0,27.494141747685717,67.0,283.0,False
101806,Marc Kevin Goellner,1512.691424839576,484.0,-31.87815497807219,-366.0,,,1489.1943101091779,779.0,4.953181095323316,-470.0,1531.1529889189612,263.0,-53.47325241049839,-202.0,1455.8897961498826,1084.0,-67.4070808242243,-1031.0,1472.2148816818624,510.0,-8.834007015362431,-222.0,322.0,False
105650,Marcus Willis,1512.5422793367418,485.0,,,,,,,,,,,,,1507.5806050696233,305.0,,,,,,,2.0,False
105079,Ivan Sergeyev,1512.5154803855944,486.0,,,,,1509.927346554075,421.0,,,,,,,,,,,,,,,2.0,False
106361,Adam Pavlasek,1512.3933198350803,487.0,-4.218804281453004,-182.0,,,1464.1182118123934,1336.0,,,1518.313629421529,323.0,,,1509.5830382367435,291.0,,,,,,,15.0,False
106026,Yuki Bhambri,1512.384764904424,488.0,-55.12400542004798,-306.0,,,1514.86453477807,379.0,-0.8973837477656161,-103.0,1487.1359649698297,867.0,,,1486.64210029796,731.0,,,,,,,42.0,False
207797,Jonas Forejtek,1512.3638328923914,489.0,,,310.0,173.0,1511.2337706950918,402.0,,,,,,,,,,,,,,,2.0,True
105064,Thomaz Bellucci,1512.3079854083878,490.0,-80.34475703597832,-355.0,,,1529.5128307449922,304.0,-47.21749028705199,-178.0,1530.2917932542703,269.0,-32.3858290365074,-132.0,1460.6050687316097,1060.0,-62.07065024084818,-928.0,,,,,386.0,False
105032,Sam Groth,1512.1383314737345,491.0,-35.935543074572934,-291.0,,,1439.6054881801451,1566.0,-33.179096444785955,-740.0,1488.0752160408395,782.0,,,1525.098735766941,211.0,-13.055794173154254,-92.0,,,,,96.0,False
126762,Aleksandre Bakshi,1512.1346747352306,492.0,,,652.0,53.0,1510.8682766109246,409.0,,,,,,,,,,,,,,,3.0,True
105074,Ruben Bemelmans,1512.0246933819917,493.0,-5.467747979369506,-160.0,,,1480.8103250323738,1086.0,-61.57996836696702,-888.0,1484.5531410862252,928.0,,,1463.0959329728826,1038.0,-12.261469592651565,-478.0,,,,,80.0,False
105464,Christopher Rungkat,1512.0,494.0,,,,,1512.0,389.0,,,,,,,,,,,,,,,1.0,False
208057,Diego Fernandez Flores,1512.0,495.0,,,1044.0,16.0,,,,,1512.0,371.0,,,,,,,,,,,1.0,True
207129,Yanki Erel,1512.0,496.0,,,346.0,147.0,1512.0,390.0,,,,,,,,,,,,,,,1.0,True
210312,Oliver Ojakaar,1512.0,497.0,,,1574.0,3.0,,,,,1512.0,374.0,,,,,,,,,,,1.0,True
207134,Fitriadi M Rifqi,1512.0,498.0,,,701.0,46.0,1512.0,391.0,,,,,,,,,,,,,,,1.0,True
208854,Aidan Mayo,1511.9500817344808,499.0,,,581.0,65.0,1511.2981404122306,401.0,,,,,,,,,,,,,,,3.0,True
104633,Mathieu Rodrigues,1511.8020125967198,500.0,,,,,1510.6352271129604,413.0,,,,,,,,,,,,,,,2.0,False
212275,Thijs Boogaard,1511.7473504666157,501.0,,,785.0,37.0,,,,,,,,,1504.2986467265334,327.0,,,,,,,2.0,True
106329,Thiago Monteiro,1511.7295183627214,502.0,-45.38984788324865,-260.0,273.0,197.0,1459.8071392277914,1399.0,-10.942220761779936,-287.0,1536.3709066419829,240.0,-62.11533445272403,-131.0,1455.4615881998886,1087.0,,,,,,,227.0,True
211346,Andres Martin,1511.6936380784268,503.0,,,284.0,188.0,1507.6169650961863,443.0,,,,,,,,,,,,,,,7.0,True
104166,Alex Bogomolov Jr,1511.6310153829104,504.0,-42.20633639712196,-332.0,,,1511.9167273124863,392.0,-59.138389130074756,-272.0,1412.690705301602,1527.0,-90.885019272117,-1320.0,1478.0083876048816,836.0,-46.57350468200639,-705.0,,,,,171.0,False
105217,Thiemo De Bakker,1511.620574381809,505.0,-30.790198788341968,-292.0,,,1482.4452980650274,1060.0,-26.921556888958094,-780.0,1544.223201397752,215.0,-38.2313024464479,-113.0,1471.0388061026865,950.0,-5.791894062781694,-445.0,,,,,139.0,False
202235,Jacopo Berrettini,1511.0601289942451,506.0,,,344.0,148.0,1507.856036629883,440.0,,,,,,,,,,,,,,,2.0,True
103031,Julian Alonso,1511.042865234991,507.0,-16.744648568535467,-352.0,,,1415.282934941001,1671.0,-58.02906028018151,-1291.0,1570.613599461286,151.0,-11.80038281441125,-90.0,1475.041205573946,906.0,,,1487.9630132359578,351.0,,,113.0,False
104958,Carsten Ball,1511.0225968883542,508.0,-41.12072588091087,-347.0,,,1516.790306884195,370.0,-28.806292402589406,-223.0,1497.7453283338127,557.0,,,1475.675312178056,894.0,,,,,,,21.0,False
202146,Luka Pavlovic,1510.914640218609,509.0,,,241.0,237.0,1479.8943015529635,1098.0,,,1524.6915238429926,290.0,,,1500.4574802329328,387.0,,,,,,,10.0,True
209120,Yassine Dlimi,1510.827653829972,510.0,,,644.0,54.0,1510.8046727027486,410.0,,,,,,,,,,,,,,,1.0,True
102053,Brian Macphie,1510.7486969806919,511.0,-35.03891718539148,-402.0,,,1492.659107776697,664.0,-2.0562003391016788,-477.0,1487.807002352187,827.0,,,1505.5820951584617,316.0,-19.374235200447856,-279.0,1500.5705926630442,187.0,,,62.0,False
100954,Luiz Mattar,1510.740800225086,512.0,-66.18782088373678,-452.0,,,1487.8549220421035,872.0,-80.55008571672352,-829.0,1533.75832585623,254.0,34.513706528419334,-144.0,1468.1982305613374,978.0,,,1468.2283131259028,531.0,-43.357386287720146,-510.0,151.0,False
213149,Felix Balshaw,1510.7392742810753,513.0,,,483.0,93.0,1511.0977574521316,407.0,,,,,,,,,,,,,,,3.0,True
101324,Ulf Stenlund,1510.681545725141,514.0,,,,,,,,,1509.880606123467,400.0,,,,,,,1488.386371834632,315.0,,,4.0,False
209871,Amr Elsayed Abdou Ahmed Mohamed,1510.491317375333,515.0,,,540.0,76.0,,,,,1511.354646845555,386.0,,,,,,,,,,,1.0,True
102783,Rainer Schuettler,1510.4378094792544,516.0,-7.954908813783732,-259.0,,,1482.7865978195878,1052.0,-42.273306312085424,-857.0,1388.1803106723855,1548.0,-75.15250855592353,-829.0,1571.5425232595342,106.0,-19.37591287251621,-55.0,1519.2359929413662,118.0,-32.18629770261714,-60.0,626.0,False
102437,Adrian Voinea,1510.3226947144542,517.0,-8.64505008077117,-326.0,,,1531.070959762618,296.0,-8.593685467850719,-177.0,1499.9524026058539,525.0,-37.05401636679085,-413.0,1420.0631503107345,1208.0,-17.07844844038368,-791.0,1456.39369811112,582.0,-53.403811974610335,-501.0,281.0,False
105113,Patrik Rosenholm,1510.237080796601,518.0,,,,,1507.5959230402132,444.0,,,,,,,,,,,,,,,5.0,False
131905,Manuel Guinard,1510.0512098546158,519.0,20.167234776984742,254.0,1557.0,3.0,1499.36471552567,540.0,,,1497.5405399440372,562.0,,,,,,,,,,,13.0,True
209088,Quinn Vandecasteele,1510.0341842606222,520.0,,,462.0,100.0,1511.527713142026,397.0,,,,,,,,,,,,,,,3.0,True
126939,Khumoun Sultanov,1509.994113392519,521.0,,,813.0,34.0,1507.274781068044,448.0,,,,,,,,,,,,,,,4.0,True
103103,Dominik Hrbaty,1509.902700722783,522.0,-5.236233390709231,-277.0,,,1533.105511865236,285.0,-24.64453439573481,-162.0,1527.6473115670462,282.0,-60.52052851836834,-202.0,1431.3575290019407,1179.0,-12.559944542176481,-608.0,1572.7265634382738,49.0,18.37078319569764,10.0,613.0,False
102212,Corrado Borroni,1509.8549051579432,523.0,,,,,,,,,1504.857149100494,446.0,,,,,,,,,,,5.0,False
104499,Jimmy Wang,1509.3737650741275,524.0,6.126621503734896,-162.0,,,1476.7118600300244,1163.0,-14.82954951793704,-748.0,1473.7917071295262,1125.0,,,1492.2579626276336,482.0,-1.7421307080558108,-238.0,,,,,62.0,False
212256,Colton Smith,1509.2539685879642,525.0,,,185.0,322.0,1500.4728536502491,519.0,,,1488.4206244484249,765.0,,,1512.0840522841934,272.0,,,,,,,8.0,True
104252,Florian Mayer,1509.1237288770667,526.0,-40.85775996564462,-310.0,,,1489.9809815505441,745.0,-74.14841445185493,-601.0,1512.135965439857,369.0,-28.575027232313687,-189.0,1611.182348511838,63.0,-34.77974026277957,-25.0,1497.9494944368257,216.0,,,483.0,False
103424,Tobias Clemens,1508.817719121074,527.0,,,,,1514.2614012521183,380.0,,,,,,,,,,,1488.0,345.0,,,4.0,False
206499,Aleksandar Kovacevic,1508.746807945312,528.0,19.883609970892167,413.0,67.0,837.0,1511.9115166124084,393.0,7.111746382503043,60.0,1445.1949436399323,1398.0,-12.374389797644199,-181.0,1435.6016439077805,1169.0,-36.952845070032254,-361.0,,,,,122.0,True
105487,Facundo Bagnis,1508.4231816614843,529.0,60.495204118702304,1063.0,420.0,112.0,1469.9298670355836,1256.0,22.248886107011685,7.0,1499.337002003647,533.0,32.40965619112717,539.0,1447.113308260594,1124.0,,,,,,,131.0,True
105934,Chuhan Wang,1508.4171868319443,530.0,,,,,1505.5330039078303,466.0,,,,,,,,,,,,,,,2.0,False
101524,Stephan Rhode,1508.4142448422108,531.0,,,,,,,,,1508.362098993643,412.0,,,,,,,,,,,2.0,False
209322,Martin Krumich,1508.3243531043468,532.0,,,296.0,180.0,,,,,1508.0755426897338,415.0,,,,,,,,,,,3.0,True
105041,Lukas Lacko,1508.285889201799,533.0,-12.3774314721677,-210.0,,,1442.6215852667779,1537.0,-14.900812573683424,-444.0,1431.971302102371,1473.0,-44.960733469314846,-858.0,1494.893471337606,449.0,46.052874534467946,373.0,,,,,215.0,False
123896,Matija Pecotic,1508.2852013874876,534.0,,,1882.0,1.0,1506.8991933196091,452.0,,,,,,,,,,,,,,,2.0,True
106109,Alex Bolt,1508.234160718498,535.0,-22.246323077094075,-189.0,152.0,406.0,1513.250969056086,385.0,14.885115566646846,61.0,1491.6031791786788,638.0,,,1434.0742278752182,1177.0,-22.26947232310613,-310.0,,,,,62.0,True
104926,Fabio Fognini,1508.1773935585413,536.0,-101.22229618216079,-400.0,,,1502.6045179480554,491.0,-46.21293707403902,-280.0,1564.1038673949722,168.0,-31.446446956697628,-63.0,1530.2548248307776,191.0,-54.491280472587505,-120.0,1489.0360900623834,298.0,,,795.0,False
103145,Amir Hadad,1508.0885916077086,537.0,,,,,1502.875499658373,489.0,,,1501.8278531360982,497.0,,,,,,,,,,,6.0,False
104224,Travis Rettenmaier,1508.0160019448542,538.0,,,,,1502.1252804957226,498.0,,,,,,,1503.2227681240586,347.0,,,,,,,4.0,False
102318,Andrei Pavel,1508.0012990149905,539.0,-86.00249006346735,-437.0,,,1498.5696727812356,553.0,-20.926900014317653,-375.0,1578.4339634363416,137.0,10.395378061892416,-41.0,1479.378134530826,819.0,-45.41524297963474,-716.0,1499.4474607034233,208.0,1.5016839242603055,-20.0,490.0,False
101917,Grant Stafford,1507.9742783869667,540.0,-37.49357327498592,-431.0,,,1507.272435445963,449.0,-29.729399006777157,-354.0,1449.4576977696436,1373.0,-45.94028519916128,-1203.0,1520.5706998104831,236.0,-18.622409464320526,-194.0,1454.8431132183407,590.0,,,175.0,False
104330,Rajeev Ram,1507.852700977813,541.0,0.4980723830615261,-180.0,,,1463.8001141549526,1342.0,13.006544822547085,-345.0,1490.9323137945041,663.0,-1.2211928218318917,-315.0,1524.3064027033104,215.0,-5.616874726925516,-82.0,,,,,148.0,False
104660,Sergiy Stakhovsky,1507.8222043340766,542.0,-31.332703940792953,-298.0,,,1508.866119888459,429.0,-15.473941316348146,-181.0,1442.2137283288814,1416.0,-6.991967589744036,-427.0,1503.8280004513779,337.0,-11.803453674022194,-162.0,1503.927670445972,166.0,,,346.0,False
103188,Michael Russell,1507.3627123130161,543.0,-52.21753424827011,-384.0,,,1527.4781472217978,313.0,-7.612957007866726,-132.0,1400.4455229327396,1539.0,24.781042848928564,-574.0,1435.6191260759347,1167.0,6.978326828117815,-399.0,,,,,227.0,False
105677,Nikola Cacic,1507.305953103288,544.0,,,,,,,,,1503.9171254401795,459.0,,,,,,,,,,,2.0,False
104091,Miguel Angel Lopez Jaen,1507.2891997551774,545.0,,,,,,,,,1504.1188276038747,458.0,,,,,,,,,,,3.0,False
101463,Bernd Karbacher,1507.2443290669237,546.0,-53.61222403596821,-445.0,,,1531.7252796588452,293.0,-52.12304829516688,-234.0,1550.4214970392322,201.0,-13.67595675966345,-144.0,1425.489406739185,1193.0,-79.26326303456858,-1128.0,1410.1295223825405,639.0,-16.61130961028516,-316.0,278.0,False
103559,David Sherwood,1507.1866145112754,547.0,,,,,,,,,,,,,1501.037572451361,373.0,,,,,,,2.0,False
106353,Pedja Krstin,1507.1639242484898,548.0,,,,,1483.1422937596935,1049.0,,,1513.0668611360804,360.0,,,,,,,,,,,7.0,False
117358,Harry Bourchier,1507.0977602402206,549.0,,,,,1505.8860562423956,464.0,,,,,,,,,,,,,,,2.0,False
102205,Sebastien Lareau,1507.088276168048,550.0,-5.9638103056595355,-363.0,,,1507.9215689107618,436.0,-6.125915627218546,-302.0,1427.0644364519976,1492.0,,,1480.557627015217,806.0,-6.623096271396662,-547.0,1495.3999313879656,230.0,-14.474765673410957,-156.0,191.0,False
102887,Ramon Delgado,1507.0109736173831,551.0,-33.02501196057392,-386.0,,,1503.705223263654,478.0,-25.24225848725814,-312.0,1491.2763021168373,652.0,-56.230163033925464,-565.0,1441.6174819311595,1146.0,-49.96529458558189,-988.0,1510.0563679950387,145.0,,,165.0,False
126107,Michael Geerts,1507.009077243425,552.0,,,324.0,159.0,1496.6369740861624,589.0,,,1512.4022518902343,368.0,,,,,,,,,,,2.0,True
101696,Federico Mordegan,1507.0022223429596,553.0,,,,,,,,,1509.9360709444006,398.0,,,,,,,,,,,4.0,False
104392,Franco Ferreiro,1506.9854015487629,554.0,,,,,,,,,1504.3676406839304,453.0,,,,,,,,,,,5.0,False
102372,Sule Ladipo,1506.876485001147,555.0,,,,,1503.7499539107548,476.0,,,,,,,,,,,,,,,4.0,False
210005,Kilian Feldbausch,1506.792873997337,556.0,,,366.0,137.0,1488.0030870517796,843.0,,,1515.8472547770618,341.0,,,,,,,,,,,6.0,True
105052,Chris Eaton,1506.736186872435,557.0,,,,,,,,,,,,,1502.8980106126558,351.0,,,,,,,2.0,False
105208,Ernests Gulbis,1506.5585248555037,558.0,-24.617498552387133,-276.0,,,1525.0490753765728,325.0,-42.498228560279586,-168.0,1553.0997431180504,193.0,-76.98750253265484,-131.0,1493.729894404796,463.0,23.50123085322889,189.0,1536.6109872338138,83.0,,,455.0,False
102436,Borut Urh,1506.5051791861679,559.0,,,,,,,,,1503.0531096362567,472.0,,,,,,,,,,,4.0,False
105678,Axel Michon,1506.4411031598008,560.0,,,,,,,,,1503.4433392896049,467.0,,,,,,,,,,,2.0,False
103045,Reginald Willems,1506.2633087934105,561.0,,,,,,,,,1502.4179168550925,486.0,,,,,,,,,,,2.0,False
110748,Nikola Milojevic,1506.2044921117222,562.0,4.747605284035217,-87.0,,,1489.8643267993302,748.0,,,1501.4414955957152,501.0,,,,,,,,,,,13.0,False
210399,Edward Winter,1506.1371069387064,563.0,,,466.0,99.0,1504.2445499832556,475.0,,,,,,,,,,,,,,,4.0,True
102483,David Caballero,1506.127826695341,564.0,,,,,,,,,1506.9980967762704,422.0,,,,,,,,,,,2.0,False
124116,Sebastian Ofner,1506.1259236004173,565.0,-35.30344026359194,-274.0,112.0,558.0,1465.39613505784,1317.0,-94.70837652325895,-1122.0,1536.7405644801977,239.0,-47.709077332330025,-116.0,1518.7075352724025,246.0,36.75982354547841,419.0,,,,,127.0,True
101580,Roger Rasheed,1505.9812134643284,566.0,,,,,1505.287181821045,470.0,,,,,,,,,,,,,,,2.0,False
103110,Daniele Bracciali,1505.971157544637,567.0,-32.54607161267177,-398.0,,,1446.1074589853156,1518.0,-8.366538143834987,-806.0,1500.9040933984015,507.0,-24.05512898551683,-360.0,1521.7246004792541,229.0,11.816779964909529,-92.0,1481.2120130720082,435.0,-11.323612551680526,-213.0,82.0,False
100529,Kevin Curren,1505.8789229246806,568.0,21.744853551974074,-327.0,,,1498.7172892814635,550.0,11.966219653279268,-367.0,1491.6823866347734,636.0,,,1479.5527049946124,815.0,,,1506.2541176915265,155.0,-5.745882308473483,-150.0,58.0,False
104453,Michael Ryderstedt,1505.8176964306192,569.0,2.9889743502162673,-265.0,,,1518.2374147995176,359.0,6.237414799517637,-177.0,1487.12701797261,868.0,,,,,,,,,,,17.0,False
101251,Eric Winogradsky,1505.8135241077603,570.0,,,,,,,,,1502.3898149121028,487.0,,,,,,,1500.8362749984428,185.0,,,4.0,False
103902,Jan Mertl,1505.8123910023899,571.0,,,,,,,,,1502.4339955476669,484.0,,,,,,,,,,,2.0,False
211673,Duncan Chan,1505.7635548979604,572.0,,,667.0,51.0,1499.7952046686448,533.0,,,,,,,,,,,,,,,2.0,True
121531,Mats Moraing,1505.654776253541,573.0,,,,,,,,,1511.0552093782608,388.0,,,1490.7948094421558,513.0,,,,,,,3.0,False
208013,Dane Sweeny,1505.4817245376003,574.0,22.274282534705435,579.0,131.0,468.0,1477.505188136157,1142.0,-14.635071196605168,-554.0,1488.0,813.0,,,1527.8849363508907,203.0,,,,,,,20.0,True
101349,Adam Malik,1505.4804204717218,575.0,,,,,,,,,,,,,,,,,1501.7530668958282,179.0,,,4.0,False
105542,Bastian Trinker,1505.1588506723833,576.0,,,,,,,,,1506.223454470161,430.0,,,,,,,,,,,3.0,False
101797,Jacco Eltingh,1505.1518988632802,577.0,-61.080765994372314,-497.0,,,1466.3134942435654,1302.0,-10.695170242080394,-982.0,1549.4035078399124,202.0,-33.51324292143158,-165.0,1544.3701147611253,150.0,-28.92659599751255,-132.0,1532.9982419582986,90.0,-21.040881117399977,-58.0,239.0,False
103003,Jean Francois Bachelot,1505.1087475335598,578.0,-4.041326207678139,-418.0,,,1506.78668918538,455.0,,,1496.460307899797,577.0,,,1482.5031371726138,780.0,,,1502.8228383245864,170.0,,,11.0,False
208293,Gonzalo Bueno,1505.0059335483015,579.0,,,183.0,325.0,1485.6515605660493,1001.0,,,1525.5924046309792,285.0,,,1488.0610720565958,617.0,,,,,,,10.0,True
104311,Leonardo Tavares,1504.9914865138517,580.0,,,,,,,,,1503.8108706550343,461.0,,,,,,,,,,,2.0,False
105406,Roberto Marcora,1504.9491655059408,581.0,,,,,1508.9538651760793,427.0,,,1486.6163608239126,886.0,,,,,,,,,,,7.0,False
101234,Patrik Kuhnen,1504.932642104913,582.0,28.411995214736635,-209.0,,,1441.6291724137554,1546.0,-77.48833119086589,-1485.0,1427.1725616132164,1491.0,-18.732824701271966,-1228.0,1468.2357196788623,977.0,-64.73382506300322,-959.0,1515.6389349357319,124.0,5.620715198125026,-61.0,126.0,False
102167,Juan Albert Viloca Puig,1504.9190150156285,583.0,10.105702714262861,-309.0,,,1420.7191299801616,1655.0,3.9301976332210415,-1125.0,1524.6563632531022,291.0,-0.8123279808196457,-191.0,1487.319694241007,699.0,,,1469.0805761314973,525.0,,,127.0,False
206904,Gauthier Onclin,1504.8475308467637,584.0,,,182.0,325.0,1482.160290458957,1063.0,,,,,,,1519.1987450684699,243.0,,,,,,,8.0,True
144797,Carl Soderlund,1504.7756822714155,585.0,,,,,,,,,1503.640851619118,464.0,,,,,,,,,,,2.0,False
103393,Yuri Schukin,1504.7349200296467,586.0,5.715992627034211,-237.0,,,1431.0951671117032,1612.0,,,1548.6178330435462,205.0,24.146833795810153,-51.0,,,,,,,,,32.0,False
210136,Mark Lajal,1504.6489841950317,587.0,0.7609520535324918,-47.0,157.0,386.0,1493.032737721776,654.0,,,1487.94787199589,818.0,,,1495.3102285104696,447.0,,,,,,,15.0,True
105826,Alejandro Gomez Gb42,1504.629863615939,588.0,,,,,1502.213197475007,496.0,,,,,,,,,,,,,,,2.0,False
106175,Ricardo Rodriguez,1504.586535901407,589.0,,,1261.0,8.0,1489.120555652124,787.0,,,1517.9232672159949,327.0,,,,,,,,,,,8.0,True
101890,Jonathan Stark,1504.3452367715222,590.0,-25.68365202011819,-454.0,,,1468.6452138379864,1272.0,-15.8053406925344,-965.0,1461.2277271905534,1270.0,-8.258184876671294,-1016.0,1498.978091106144,423.0,-53.2596837436306,-390.0,1592.4525460847428,36.0,22.574160179518685,-9.0,259.0,False
101733,Jan Siemerink,1504.2917281842365,591.0,-47.08776027310296,-472.0,,,1554.523862992015,221.0,7.46161480494834,-122.0,1443.2104624309302,1409.0,-49.94141682132886,-1185.0,1515.2813693731239,258.0,-44.38323467807413,-223.0,1567.8384709563993,53.0,-91.69475893730032,-39.0,485.0,False
212711,Daniel Jade,1504.2645701350862,592.0,,,1442.0,5.0,,,,,1498.839832556523,543.0,,,,,,,,,,,2.0,True
126197,Orlando Luz,1504.217322379409,593.0,,,1050.0,15.0,,,,,1516.3362915899058,338.0,,,1488.0,639.0,,,,,,,6.0,True
104043,Marc Lopez,1504.2035253512668,594.0,-46.735858791713554,-448.0,,,1501.1383849807912,509.0,,,1502.756283848204,477.0,-48.970036439409114,-378.0,1496.2369051572505,440.0,,,,,,,51.0,False
100790,Bruce Derlin,1504.0983392278772,595.0,,,,,1502.0371406477684,501.0,,,,,,,,,,,,,,,2.0,False
106302,Andrew Harris,1504.0670391487474,596.0,,,,,1499.5202058245272,539.0,,,,,,,,,,,,,,,3.0,False
104593,Daniel Gimeno Traver,1504.0373570867189,597.0,-11.23100690227443,-288.0,,,1385.998110642793,1724.0,-25.89122204755745,-611.0,1534.6596876483165,250.0,-31.45422111810535,-126.0,1388.4282921835409,1225.0,-74.79610965903316,-591.0,,,,,269.0,False
102201,Lionel Roux,1504.0149335845265,598.0,7.2027975417584,-329.0,,,1492.2935996037604,670.0,0.9022095366508438,-416.0,1450.7926330766836,1360.0,-4.296430043036253,-951.0,1448.1522362067765,1120.0,,,1454.4754139957715,593.0,-29.301012551642998,-328.0,183.0,False
101027,Jaroslav Bulant,1503.8820569695888,599.0,,,,,,,,,1509.9219151445227,399.0,,,,,,,1491.5927597508894,253.0,,,3.0,False
210167,Tom Gentzsch,1503.7533166292792,600.0,,,228.0,253.0,1498.6677059166022,551.0,,,1513.1009508140016,359.0,,,1489.2335423807597,565.0,,,,,,,10.0,True
214004,Michael Antonius,1503.7522646328175,601.0,,,784.0,37.0,1504.6368659705413,472.0,,,,,,,,,,,,,,,2.0,True
101061,Jimmy Arias,1503.5214579718124,602.0,-5.872648495379508,-505.0,,,1519.8261857564557,345.0,24.333889114039494,-241.0,1475.8247256468965,1091.0,-50.1858272057093,-1063.0,,,,,,,,,61.0,False
108748,Lukas Mugevicius,1503.514970823587,603.0,,,,,1489.6270892169046,761.0,,,1512.0,370.0,,,,,,,,,,,4.0,False
104495,Florin Mergea,1503.3218249914971,604.0,,,,,,,,,1499.4922554415637,530.0,,,1500.8223946046776,379.0,,,,,,,4.0,False
103369,Melle Van Gemerden,1503.2437178503249,605.0,,,,,1497.0406392528344,579.0,,,1502.651657046801,480.0,,,1502.4105253450982,355.0,,,,,,,10.0,False
105882,Stefano Travaglia,1503.2292250173398,606.0,-9.14492502792973,-211.0,138.0,443.0,1486.3998301895456,968.0,-25.80245251765723,-655.0,1488.4630830773235,760.0,-32.509891040639786,-507.0,1469.1856935960093,966.0,,,,,,,92.0,True
104071,Raven Klaasen,1503.2159441033014,607.0,,,,,1487.7390613756008,880.0,,,,,,,1513.824182590365,263.0,,,,,,,8.0,False
101059,Richard Vogel,1503.1767387006896,608.0,,,,,,,,,1514.9924956683922,347.0,,,1487.585699413623,679.0,,,,,,,4.0,False
105732,Pierre Hugues Herbert,1503.1568563302483,609.0,-54.41412273233277,-365.0,220.0,259.0,1555.7882718770445,214.0,-39.391008004421565,-78.0,1480.4017748822978,1005.0,-22.264348939996808,-565.0,1512.777760358277,270.0,-31.026239324439757,-146.0,,,,,251.0,True
102021,Michael Chang,1503.0032212259691,610.0,-55.317420305078485,-492.0,,,1507.8930861764882,438.0,-38.34483559809814,-325.0,1569.6485916825034,155.0,-62.59268384439588,-115.0,1529.191948852815,195.0,-38.26075044887352,-164.0,1692.901359567844,10.0,-18.359547538040715,-1.0,755.0,False
106044,Nicolas Kicker,1502.91419050209,611.0,-47.76880599570336,-398.0,358.0,142.0,1486.083718969343,984.0,6.955529257583294,-185.0,1501.895331336982,495.0,-48.13713365570129,-334.0,1490.4609095771207,522.0,,,,,,,47.0,True
103478,Diego Veronelli,1502.854679256856,612.0,,,,,1493.4119595957338,643.0,,,1504.274959615166,455.0,,,,,,,,,,,5.0,False
105004,Dimitar Kutrovsky,1502.8178051003433,613.0,,,,,1502.3327508477876,495.0,,,,,,,,,,,,,,,2.0,False
104360,Adam Chadaj,1502.7714764927964,614.0,,,,,,,,,1502.5713231225234,483.0,,,,,,,,,,,2.0,False
106225,Andrew Whittington,1502.5533258751345,615.0,,,,,1512.044730695299,388.0,,,,,,,1488.0,637.0,,,,,,,5.0,False
105493,Tomislav Brkic,1502.365340345896,616.0,,,,,1511.5165555753342,398.0,,,,,,,,,,,1488.0,347.0,,,4.0,False
104312,Andreas Seppi,1502.3093306074884,617.0,-51.71605801229157,-387.0,,,1522.2335559748617,336.0,-77.4209695457605,-209.0,1472.226819239751,1142.0,-64.16994690695287,-947.0,1578.2099225154464,97.0,-1.4020296920434703,-22.0,1453.114765350843,595.0,-31.819279501063875,-234.0,775.0,False
126623,Alexander Erler,1502.1615168547514,618.0,,,,,,,,,1500.5873839421772,511.0,,,,,,,,,,,2.0,False
210686,Michael Agwi,1502.1467454966978,619.0,,,699.0,46.0,1480.9676907272717,1081.0,,,1523.641430282528,298.0,,,,,,,,,,,4.0,True
105933,Roberto Quiroz,1502.1252233450955,620.0,0.261417272894505,-174.0,,,1496.0839846904873,593.0,,,1518.658106646253,320.0,,,1485.9043659866315,755.0,,,,,,,16.0,False
208300,Omni Kumar,1502.022974254922,621.0,,,,,1502.4612448225935,492.0,,,,,,,,,,,,,,,5.0,False
102835,Luke Milligan,1502.0035900315752,622.0,,,,,1487.1435216979553,929.0,,,1494.6483617964855,599.0,,,1487.6422299450644,671.0,,,,,,,9.0,False
103296,Ivaylo Traykov,1501.9208590150363,623.0,,,,,,,,,1499.5616246345671,529.0,,,,,,,,,,,2.0,False
104209,Rainer Eitzinger,1501.8743227990326,624.0,,,,,1494.3707404260986,615.0,,,1497.1019501659166,569.0,,,,,,,,,,,9.0,False
104515,Mathieu Montcourt,1501.760662117092,625.0,-2.1619875237877295,-327.0,,,1470.5133187982312,1252.0,,,1510.572037195191,391.0,-0.7516873152130756,-208.0,,,,,,,,,15.0,False
102689,Martin Spottl,1501.5968498118457,626.0,,,,,1493.2162576566911,647.0,,,1508.0465574986645,416.0,,,,,,,,,,,5.0,False
208230,Alibek Kachmazov,1501.5584024617349,627.0,,,764.0,38.0,1492.0596539220085,678.0,,,,,,,,,,,,,,,10.0,True
104235,Matwe Middelkoop,1501.5340590959397,628.0,,,,,1511.0050742249105,408.0,,,,,,,1487.806788068794,659.0,,,,,,,2.0,False
207368,Mert Alkaya,1501.5283659169315,629.0,,,321.0,163.0,,,,,,,,,1500.585649154682,384.0,,,,,,,2.0,True
207799,Matheus Pucinelli De Almeida,1501.516752868414,630.0,,,414.0,116.0,,,,,1500.3654102726405,516.0,,,,,,,,,,,2.0,True
103333,Ivo Karlovic,1501.4897335979272,631.0,-42.433361881532846,-390.0,,,1493.1187190076264,651.0,-26.521575186830205,-377.0,1513.5035021472054,354.0,-43.082652387448434,-205.0,1599.5270610933399,72.0,-66.3167305140853,-44.0,1495.551853425903,228.0,-10.881380305561152,-96.0,692.0,False
111197,Jonathan Mridha,1501.4712130112941,632.0,,,1318.0,7.0,1500.3797580806618,522.0,,,,,,,,,,,,,,,2.0,True
103032,Francisco Fogues,1501.3866241729754,633.0,,,,,,,,,1503.7423092081365,463.0,,,,,,,,,,,3.0,False
102484,Massimo Calvelli,1501.334486973926,634.0,,,,,,,,,1500.9089015257064,506.0,,,,,,,,,,,2.0,False
102968,Jonathan Erlich,1501.094376175771,635.0,-10.913326574226858,-516.0,,,1505.9182041432923,463.0,,,,,,,1486.3285096878797,739.0,,,,,,,11.0,False
102985,Gustavo Marcaccio,1501.089922562345,636.0,,,,,1487.9488409609066,867.0,,,1512.688673719252,367.0,,,,,,,,,,,5.0,False
103280,Martin Verkerk,1501.054088307896,637.0,-119.65625671014504,-544.0,,,1476.7333071070602,1161.0,-53.199753394321306,-1024.0,1544.350253674697,214.0,-109.88715905625395,-177.0,1474.5617826565692,914.0,,,1573.230408591805,48.0,88.16072554103471,275.0,121.0,False
211711,Braden Shick,1501.0469976847978,638.0,,,343.0,149.0,1498.110677718027,561.0,,,,,,,,,,,,,,,2.0,True
117353,Duck Hee Lee,1501.040883883475,639.0,,,882.0,27.0,1496.6728562677667,586.0,,,,,,,,,,,,,,,3.0,True
207491,Sandro Kopp,1501.0254388895996,640.0,,,332.0,154.0,,,,,1499.7846934095246,528.0,,,,,,,,,,,2.0,True
100923,Wally Masur,1500.9974382449993,641.0,-69.77650750218527,-576.0,,,1499.2658015216539,543.0,-13.280963406689125,-458.0,1504.551837291196,450.0,-22.64850909932011,-402.0,1574.6949856317935,99.0,-59.967706126075655,-94.0,1514.782194605552,125.0,-40.53595240378013,-100.0,196.0,False
126190,Nicolas Alvarez,1500.9685345102143,642.0,,,,,1511.1832460736932,406.0,,,1490.2250960239608,686.0,,,,,,,,,,,4.0,False
103250,Rodolphe Cadart,1500.9269388812145,643.0,,,,,1515.7316445994395,376.0,,,1496.374144102267,579.0,,,1486.259193424925,741.0,,,,,,,8.0,False
202199,Carlos Sanchez Jover,1500.8006884986742,644.0,,,396.0,124.0,,,,,1501.4010174916111,502.0,,,,,,,,,,,2.0,True
103252,Alberto Martin,1500.7831506033585,645.0,26.903467975993863,138.0,,,1408.3801851126668,1685.0,-66.47219950992371,-1095.0,1551.3105070475,198.0,0.009945647814220138,-75.0,1436.3524079571255,1163.0,-38.472826751876255,-732.0,1465.127661119218,544.0,,,479.0,False
105181,Miljan Zekic,1500.7788695115314,646.0,,,,,,,,,1497.1904652153296,567.0,,,,,,,,,,,3.0,False
105404,Michael Mcclune,1500.7706186572177,647.0,,,,,1497.9171558396047,564.0,,,,,,,,,,,,,,,3.0,False
202075,Adria Soriano Barrera,1500.7634978200504,648.0,,,403.0,121.0,,,,,1500.8097228542429,508.0,,,,,,,,,,,2.0,True
101279,Philippe Pech,1500.6480447255415,649.0,,,,,,,,,,,,,1490.2404944786022,527.0,,,,,,,5.0,False
105790,Yong Kyu Lim,1500.5801678695839,650.0,,,,,,,,,,,,,1500.827614673444,378.0,,,,,,,2.0,False
104281,Ryler Deheart,1500.194388389592,651.0,,,,,1498.8508996289572,548.0,,,,,,,,,,,,,,,4.0,False
104857,Robert Farah,1500.1790041742884,652.0,,,,,1465.802343223184,1310.0,,,1527.8242022169834,281.0,,,,,,,,,,,9.0,False
211627,Hayato Matsuoka,1500.1581544623848,653.0,,,356.0,143.0,1499.2914247045915,542.0,,,,,,,,,,,,,,,2.0,True
105047,Tim Puetz,1500.156340226406,654.0,,,,,1489.130887572241,785.0,,,,,,,1498.980471663176,422.0,,,,,,,3.0,False
101711,Alex Obrien,1500.065289510467,655.0,-39.24828969898681,-523.0,,,1483.7077184702123,1041.0,-39.06321145168499,-928.0,1408.8610746907066,1530.0,-57.485814070813376,-1140.0,1486.2311946463155,744.0,6.270363803903592,-490.0,1473.9551128832984,496.0,14.966383261095189,-167.0,214.0,False
105269,Marcelo Demoliner,1499.9989815532879,656.0,,,,,1500.058225337042,530.0,,,,,,,,,,,,,,,2.0,False
102117,Eduardo Nicolas,1499.8253872073446,657.0,,,,,,,,,1492.498901073624,625.0,,,,,,,,,,,7.0,False
208253,Niels Visker,1499.8227800100328,658.0,,,469.0,98.0,,,,,,,,,1499.8093984226814,408.0,,,,,,,2.0,True
120424,Yannick Maden,1499.772328935525,659.0,-13.906370918142557,-306.0,,,1486.734578101518,950.0,1.7472919264305347,-197.0,1505.9624725253557,436.0,,,1486.2456999073502,743.0,,,,,,,26.0,False
209246,Alan Magadan,1499.7269605437139,660.0,,,678.0,50.0,1499.624529063118,536.0,,,,,,,,,,,,,,,2.0,True
100676,Yannick Noah,1499.725550083894,661.0,-27.204507445441322,-604.0,,,1489.502213220332,766.0,,,1529.2980897790364,277.0,,,,,,,1477.8188554514816,462.0,,,18.0,False
120401,Tucker Vorster,1499.717307680462,662.0,,,,,,,,,1500.414300586377,514.0,,,,,,,,,,,2.0,False
104433,Frank Dancevic,1499.5915463020606,663.0,52.38855578215066,568.0,,,1453.0665605078407,1466.0,-18.293546189682957,-687.0,1449.9603534818887,1366.0,,,1502.3794976062932,356.0,6.933575501865107,-94.0,1494.5562140281138,235.0,,,146.0,False
101720,Agustin Garizzio,1499.5261201644093,664.0,,,,,,,,,1497.334075087421,564.0,,,,,,,,,,,2.0,False
102519,Marcio Carlsson,1499.3861972201532,665.0,-7.850135651653545,-496.0,,,1487.6293704637367,889.0,,,1501.8704708729565,496.0,3.952672054760342,-371.0,,,,,,,,,13.0,False
200374,Nicolas Alvarez Varona,1499.2812850764885,666.0,,,475.0,96.0,1505.7394074196586,465.0,,,1487.8738255490969,823.0,,,,,,,,,,,3.0,True
127108,Igor Ribeiro Marcondes,1499.270270901534,667.0,,,320.0,164.0,,,,,1500.017762655571,522.0,,,,,,,,,,,2.0,True
102738,Stefano Tarallo,1499.2690344901519,668.0,,,,,,,,,1500.280589748632,518.0,,,,,,,,,,,2.0,False
101278,Scott Melville,1499.2373305541014,669.0,,,,,1499.5465579612119,537.0,,,,,,,,,,,,,,,2.0,False
210478,Sebastian Gorzny,1499.234576332017,670.0,,,1971.0,1.0,1496.6897386315022,585.0,,,,,,,,,,,,,,,5.0,True
134472,Antoine Bellier,1499.1811510652576,671.0,20.43126563700889,234.0,,,1491.8216059444032,686.0,,,1457.4942344845592,1309.0,,,1525.3164394951784,210.0,,,,,,,12.0,False
144656,Corentin Denolly,1499.0668283228717,672.0,,,461.0,100.0,,,,,1498.3589084825637,549.0,,,,,,,,,,,2.0,True
102252,Ignacio Truyol,1499.0420493190702,673.0,,,,,1489.8270515055026,749.0,,,1496.721103637616,574.0,,,,,,,,,,,10.0,False
103063,Sebastien De Chaunac,1499.0058989465222,674.0,40.80416615375111,205.0,,,1490.4687709329335,719.0,35.63315540567987,30.0,1489.7096450642719,706.0,,,,,,,1487.7414959522257,355.0,,,32.0,False
123961,Murkel Alejandro Dellien Velasco,1498.884243320716,675.0,,,305.0,177.0,,,,,1498.8898074058318,542.0,,,,,,,,,,,4.0,True
101516,Joao Zwetsch,1498.8361430959396,676.0,,,,,,,,,,,,,,,,,1499.585699413623,205.0,,,2.0,False
207220,Taha Baadi,1498.8156123837016,677.0,,,505.0,85.0,,,,,1491.0264420626436,658.0,,,,,,,,,,,3.0,True
213965,Andrew Johnson,1498.780731315134,678.0,,,867.0,28.0,1498.221678780204,559.0,,,,,,,,,,,,,,,2.0,True
100949,Mauro Menezes,1498.7264475660227,679.0,,,,,,,,,,,,,,,,,1499.585699413623,200.0,,,2.0,False
105905,Danilo Petrovic,1498.697509053753,680.0,,,,,1488.3706978333873,824.0,,,1508.4110233510087,411.0,,,,,,,,,,,5.0,False
101630,Clement Ngoran,1498.6631173496633,681.0,,,,,1498.9872056081115,546.0,,,,,,,,,,,,,,,2.0,False
101270,Thomas Gollwitzer,1498.647599609672,682.0,-9.843399728178383,-597.0,,,1488.0,850.0,,,1472.0847179642672,1144.0,,,,,,,1527.4504797241946,100.0,,,12.0,False
206703,Paul Jubb,1498.6365352508608,683.0,4.387151211905348,-96.0,313.0,169.0,,,,,,,,,1476.2555221533257,878.0,-11.715614350044007,-398.0,,,,,11.0,True
123983,Nerman Fatic,1498.627967829169,684.0,,,276.0,194.0,1510.6417118408763,412.0,,,1487.3375672683019,855.0,,,,,,,,,,,4.0,True
102624,Andrew Painter,1498.6094555773518,685.0,,,,,,,,,,,,,1492.2020472541624,485.0,,,,,,,1.0,False
101370,Paolo Pambianco,1498.5776928099826,686.0,,,,,,,,,1499.976825859133,523.0,,,,,,,,,,,4.0,False
108739,Wilfredo Gonzalez,1498.5667528907682,687.0,,,,,1498.3576040887651,556.0,,,,,,,,,,,,,,,4.0,False
102939,Jean Baptiste Perlant,1498.5597858809283,688.0,,,,,1502.171514794668,497.0,,,1490.6958338876912,667.0,,,,,,,,,,,6.0,False
103242,Juan Giner,1498.51397549337,689.0,,,,,,,,,1500.5621514730585,512.0,,,,,,,,,,,5.0,False
105472,Nils Langer,1498.5134923907146,690.0,,,,,1489.195090916313,778.0,,,1505.7035322542126,439.0,,,,,,,,,,,3.0,False
106252,Joao Pedro Sorgi,1498.4949729349444,691.0,,,,,1499.0573665274374,544.0,,,,,,,,,,,,,,,2.0,False
106177,Oriol Roca Batalla,1498.392383218672,692.0,,,377.0,133.0,,,,,1495.0475903932731,593.0,,,,,,,,,,,3.0,True
127123,Mateus Alves,1498.2292299328124,693.0,,,497.0,87.0,,,,,1496.7020192951943,575.0,,,,,,,,,,,1.0,True
202090,Adrian Andreev,1498.159851129301,694.0,,,1120.0,12.0,1495.9112707248642,594.0,,,,,,,,,,,,,,,6.0,True
104173,Sam Warburg,1498.0302818680252,695.0,-6.99492790672889,-409.0,,,1486.697497440771,955.0,-26.603400180139033,-755.0,,,,,1490.353667318419,525.0,,,,,,,15.0,False
209957,Jack Pinnington Jones,1498.0189001703086,696.0,2.2780629028536623,15.0,132.0,468.0,1518.9197203337465,353.0,,,1477.562417636698,1058.0,,,1470.4625507024887,952.0,,,,,,,14.0,True
208937,Kasidit Samrej,1497.9255086013138,697.0,,,380.0,130.0,1497.9331420052715,563.0,,,,,,,,,,,,,,,3.0,True
134120,Kuan Yi Lee,1497.8823820840628,698.0,,,600.0,62.0,1497.7279394755053,568.0,,,,,,,,,,,,,,,4.0,True
105273,Mauricio Echazu,1497.8520957665235,699.0,,,1882.0,1.0,,,,,1498.4003834519158,548.0,,,,,,,,,,,4.0,True
200550,Vladyslav Orlov,1497.8192927017938,700.0,,,507.0,84.0,1497.274489931537,574.0,,,,,,,,,,,,,,,1.0,True
104217,Simon Stadler,1497.806660202319,701.0,11.433176355176329,-143.0,,,1485.3274691136903,1010.0,,,,,,,1489.5842218590662,551.0,,,,,,,15.0,False
100607,Eduardo Bengoechea,1497.5784469449327,702.0,,,,,,,,,1499.3216325117576,535.0,,,,,,,,,,,6.0,False
105376,Peter Gojowczyk,1497.4886107600005,703.0,-42.75828178643883,-445.0,,,1501.5030084500358,503.0,-56.848070753569345,-320.0,1461.3441804052034,1269.0,-73.77654847303643,-1078.0,1505.7495925323237,315.0,13.117002681097802,26.0,,,,,172.0,False
104589,Chris Guccione,1497.4450340270223,704.0,-44.0926184841353,-528.0,,,1529.5176196164377,303.0,-38.237025513046774,-185.0,1447.905119850794,1383.0,,,1436.8468806211604,1161.0,-68.63072561180161,-997.0,,,,,95.0,False
104661,Pierre Ludovic Duclos,1497.4136400523776,705.0,,,,,1492.8303556293731,658.0,,,,,,,1491.8843206433125,491.0,,,,,,,4.0,False
102169,Michael Joyce,1497.3827576435617,706.0,20.128859523402298,-286.0,,,1519.2565541945182,350.0,5.120484980129731,-226.0,1449.4931661503228,1372.0,,,1491.591877374452,494.0,-17.141545277892646,-422.0,1438.8579744216577,626.0,,,107.0,False
100917,Nelson Aerts,1497.3585922421494,707.0,,,,,,,,,,,,,,,,,1499.585699413623,202.0,,,2.0,False
104579,Romain Jouan,1497.3541934466416,708.0,,,,,1493.9290135493884,630.0,,,1494.3710336627034,605.0,,,,,,,,,,,5.0,False
103646,Lars Uebel,1497.337864722183,709.0,,,,,,,,,,,,,1488.292353137637,602.0,,,,,,,1.0,False
210510,Lautaro Midon,1497.3257330366048,710.0,,,212.0,268.0,1488.4131304706716,818.0,,,1518.2749889317836,324.0,,,1488.1808322151037,610.0,,,,,,,7.0,True
101864,Fernon Wibier,1497.0360214869822,711.0,11.390655585388231,-378.0,,,1478.477883052264,1125.0,,,1473.8361597771288,1123.0,,,1476.7011014356158,865.0,-34.471283890940185,-821.0,1496.2231728101963,224.0,-14.033110544213514,-171.0,37.0,False
101968,Ola Kristiansson,1496.9940063359613,712.0,,,,,,,,,1496.8393541650792,572.0,,,,,,,,,,,3.0,False
104919,Leonardo Mayer,1496.9939174820317,713.0,-121.48104601275622,-597.0,,,1532.2837124529296,289.0,-13.205754864600294,-90.0,1536.2082930026907,242.0,-86.08101393614788,-168.0,1500.7394817214304,382.0,-24.253856593803903,-233.0,,,,,365.0,False
208859,Francesco Passaro,1496.9805375525991,714.0,12.637750356540437,408.0,161.0,372.0,1485.3505161036937,1009.0,-3.5261705992502357,-324.0,1482.958419755184,954.0,-15.258833854958766,-441.0,,,,,,,,,41.0,True
103521,Andrea Stoppini,1496.9796458134997,715.0,7.5358742320427154,-323.0,,,1507.8918558370244,439.0,,,1482.2624809197898,969.0,,,,,,,,,,,11.0,False
208316,Valentin Royer,1496.8806595733615,716.0,4.228470707859287,82.0,74.0,773.0,1498.5888696742693,552.0,-7.7583100576162,-115.0,1461.691006127155,1264.0,,,1500.3451405821122,393.0,,,,,,,44.0,True
106216,Bjorn Fratangelo,1496.874711031364,717.0,2.329102317154593,-137.0,,,1482.714939081799,1055.0,17.339744619647945,-38.0,1478.5775701223038,1033.0,-48.65062138672101,-823.0,1503.9204002396496,334.0,,,,,,,61.0,False
101003,Ricardo Acioly,1496.8739449247284,718.0,,,,,,,,,,,,,,,,,1499.585699413623,204.0,,,2.0,False
210093,Sander Jong,1496.7164449140644,719.0,,,869.0,28.0,,,,,,,,,1498.1304796002196,433.0,,,,,,,2.0,True
101958,Pierre Bouteyre,1496.6500014652202,720.0,,,,,1497.5991105185294,570.0,,,1486.4915281043498,893.0,,,1504.5392458400158,322.0,,,,,,,5.0,False
144841,Christian Sigsgaard,1496.606834921363,721.0,,,924.0,23.0,1511.7823829535494,394.0,,,,,,,1489.155651272357,571.0,,,,,,,2.0,True
105651,Daniel Smethurst,1496.5069102517189,722.0,,,,,,,,,,,,,1492.0823159473346,487.0,,,,,,,1.0,False
149282,Nicolai Budkov Kjaer,1496.4955697609862,723.0,-16.633483850305993,-270.0,121.0,520.0,1459.0721353226759,1402.0,-24.22388750916548,-418.0,1514.2738373152292,353.0,,,1511.8317532430517,275.0,,,,,,,23.0,True
202290,Dhakshineswar Suresh,1496.4828758798612,724.0,,,482.0,94.0,1490.41052990718,723.0,,,,,,,,,,,,,,,5.0,True
101367,Igor Saric,1496.4655359842006,725.0,,,,,,,,,1496.8011756356489,573.0,,,,,,,,,,,1.0,False
101594,Carsten Arriens,1496.407196709172,726.0,-35.930302265799355,-622.0,,,1523.1030005773266,331.0,-22.3794200322925,-270.0,1480.6789102188263,1000.0,-13.890740669176694,-884.0,1487.244484614908,704.0,,,1472.4209136684276,509.0,,,60.0,False
144821,Genaro Alberto Olivieri,1496.4024330318548,727.0,,,226.0,253.0,1498.7228737857372,549.0,,,1507.4023501456102,418.0,,,1488.4227224731442,596.0,,,,,,,9.0,True
104559,Teymuraz Gabashvili,1496.3425891492386,728.0,-67.66531242780275,-557.0,,,1480.6714881474477,1088.0,-53.51657534911806,-895.0,1518.7298000078629,319.0,-34.72807451892368,-170.0,1421.4221546403132,1206.0,-49.170418680300145,-613.0,1465.0817137052084,545.0,,,303.0,False
122548,Edan Leshem,1496.320472556254,729.0,,,,,1487.762690419213,878.0,,,1512.694726897077,366.0,,,,,,,,,,,9.0,False
104738,Caio Zampieri,1496.3162869658586,730.0,,,,,,,,,1497.6181452799922,561.0,,,,,,,,,,,3.0,False
144973,Santiago Fa Rodriguez Taverna,1496.3022291386058,731.0,,,391.0,125.0,,,,,1491.314723146353,647.0,,,,,,,,,,,1.0,True
101143,Branislav Stankovic,1496.2125441965602,732.0,,,,,,,,,1509.7542916207592,402.0,,,1489.873384832641,539.0,,,1489.1124593849895,296.0,,,6.0,False
104548,Brian Baker,1496.2123784295154,733.0,-36.410292617432106,-490.0,,,1429.5656164548518,1621.0,-4.601628020967155,-652.0,1535.019707365622,246.0,,,1515.6562511607924,256.0,,,,,,,59.0,False
101436,George Cosac,1496.1912428164592,734.0,,,,,,,,,1497.268876590634,566.0,,,,,,,,,,,1.0,False
106137,Tristan Lamasine,1496.1833785372135,735.0,,,686.0,48.0,1495.6776519642128,598.0,,,1497.6226105285102,560.0,,,1490.8837714782517,507.0,,,,,,,9.0,True
212268,Max Schoenhaus,1496.1110369606058,736.0,,,385.0,126.0,,,,,,,,,1487.9912367311474,644.0,,,,,,,1.0,True
104869,Sergei Bubka,1496.0951147074727,737.0,-45.13699732174132,-548.0,,,1497.0232116389516,581.0,-30.291143093354776,-387.0,1492.1629105394566,631.0,,,1488.6845088302903,586.0,,,,,,,17.0,False
134518,Patrick Kaukovalta,1496.0734780778414,738.0,,,,,1495.7663715588872,597.0,,,,,,,,,,,,,,,1.0,False
106053,Philip Davydenko,1496.0688338811,739.0,,,,,1490.12468728019,737.0,,,1504.8225757772507,447.0,,,,,,,,,,,3.0,False
102875,Luke Smith,1496.0458838284683,740.0,,,,,1491.4838849053315,699.0,,,,,,,,,,,,,,,7.0,False
104999,Mischa Zverev,1495.9829749885764,741.0,-14.000875242625398,-353.0,,,1477.6937749905962,1138.0,-32.097107759782375,-821.0,1452.9413110624007,1342.0,-33.011968098438956,-685.0,1560.8126611130729,120.0,-21.017833400061818,-46.0,1489.2496417863815,294.0,,,328.0,False
126591,Jan Zielinski,1495.9370981328595,742.0,,,,,1494.1873559644932,619.0,,,,,,,,,,,,,,,1.0,False
200310,Alexander Zgirovsky,1495.8435090170265,743.0,,,1428.0,5.0,,,,,1495.6291773375995,587.0,,,,,,,,,,,1.0,True
104693,Dominic Inglot,1495.7904967707298,744.0,,,,,1487.8006703851008,876.0,,,,,,,,,,,,,,,1.0,False
105413,Andrej Martin,1495.7505945091884,745.0,24.46688031777603,440.0,444.0,103.0,1442.0390394668743,1541.0,,,1511.0110616046484,389.0,36.568534598236056,515.0,1491.0009392462678,504.0,,,,,,,58.0,True
101150,Gianluca Pozzi,1495.747345260373,746.0,-58.046238321542205,-630.0,,,1505.3275671787,469.0,-22.03231361158737,-351.0,1377.5587614597791,1553.0,-15.329249420746919,-970.0,1529.1630200416275,196.0,-38.78133599522175,-163.0,1484.261022524761,410.0,4.766044074127649,-102.0,362.0,False
101812,Raviv Weidenfeld,1495.710111457353,747.0,,,,,1493.9796061815666,628.0,,,,,,,,,,,,,,,5.0,False
126129,Billy Harris,1495.5634904871308,748.0,7.151407309925844,194.0,150.0,408.0,1435.7136639883784,1587.0,-41.676944533265896,-537.0,1478.858215009925,1026.0,,,1539.618343573866,161.0,22.967784741742207,67.0,,,,,40.0,True
207587,Martins Rocens,1495.2926486720428,749.0,,,1728.0,2.0,1493.6114661406332,638.0,,,,,,,,,,,,,,,1.0,True
101766,Bill Behrens,1495.2169849704144,750.0,,,,,,,,,1489.2528224902114,720.0,,,,,,,,,,,6.0,False
104122,Carlos Berlocq,1495.1530749145568,751.0,-71.39948976858523,-571.0,,,1500.0708061375376,529.0,12.751268324484727,52.0,1502.2798034150999,488.0,-86.44904588853956,-384.0,1416.0322436227434,1212.0,-11.44621948546046,-442.0,,,,,309.0,False
104527,Stan Wawrinka,1495.1383303200414,752.0,-47.48456136632012,-469.0,113.0,553.0,1564.2957286955238,194.0,33.31820693747545,90.0,1511.8431347776675,375.0,-74.79354544105763,-261.0,1559.3119379554587,123.0,-26.780565322832672,-52.0,1507.1063252084682,153.0,42.8257295345104,328.0,940.0,True
104739,Guillermo Alcaide,1495.1190975745533,753.0,,,,,,,,,,,,,1489.7860451340396,544.0,,,,,,,1.0,False
105579,Kittipong Wachiramanowong,1495.045292249037,754.0,,,,,1493.1561503264688,650.0,,,,,,,,,,,,,,,5.0,False
105216,Yuichi Sugita,1495.0212546654936,755.0,-16.62582767329195,-376.0,,,1483.5898800921211,1042.0,-27.117594285083214,-726.0,1463.273431502296,1250.0,-83.85431710747503,-1085.0,1519.8018423874335,238.0,-24.726372905727885,-120.0,,,,,134.0,False
100689,Tim Mayotte,1494.9861610538703,756.0,-43.71779030505786,-719.0,,,1499.7342580951479,534.0,-14.401408624454916,-504.0,,,,,1524.718250695439,213.0,,,1464.3915753026256,547.0,,,24.0,False
102911,Andrei Stoliarov,1494.955237670742,757.0,-33.09279034234123,-599.0,,,1500.6759731869377,513.0,-17.031045641719857,-367.0,1455.950395551123,1313.0,-46.345609182478256,-1127.0,1474.8549539642452,913.0,-25.584776132511024,-765.0,1465.3492495818641,543.0,,,90.0,False
101382,Marcelo Filippini,1494.8493077708738,758.0,-71.33428974586582,-660.0,,,1389.2501532822346,1721.0,-14.390357623110503,-1188.0,1530.0308197981803,272.0,-75.12253395221751,-227.0,1472.6918161317724,933.0,,,1485.957620524627,403.0,,,291.0,False
207171,Hamish Stewart,1494.8062499261598,759.0,,,308.0,175.0,,,,,,,,,1487.318468325563,700.0,,,,,,,3.0,True
102533,Jens Knippschild,1494.7830201660606,760.0,-9.02644892796684,-527.0,,,1485.5757056392831,1002.0,-56.91356728309938,-900.0,1498.3216755159103,551.0,17.148337716287642,-165.0,1526.7760674907272,205.0,8.98459028484649,-131.0,1472.6865056623233,506.0,,,113.0,False
202197,Carlos Gimeno Valero,1494.776235673616,761.0,,,,,,,,,1491.1879526304688,654.0,,,,,,,,,,,1.0,False
102030,Andrew Foster,1494.769857949084,762.0,,,,,1490.0507122996644,740.0,,,,,,,1490.1858455319941,530.0,,,,,,,10.0,False
101904,Chris Haggard,1494.7486721146802,763.0,,,,,,,,,,,,,1492.9388630433343,469.0,,,,,,,3.0,False
126152,Ryan Shane,1494.5684458550684,764.0,,,,,1493.7661962137595,634.0,,,,,,,,,,,,,,,1.0,False
103460,Konstantin Don Gruber,1494.5381779977456,765.0,,,,,1494.640688140011,610.0,,,,,,,,,,,,,,,1.0,False
200589,Sam Riffice,1494.5066334005003,766.0,,,,,1495.0071329883913,605.0,,,,,,,,,,,,,,,1.0,False
102864,Frank Moser,1494.5026487262396,767.0,,,,,,,,,,,,,1489.1681533122191,570.0,,,,,,,1.0,False
211675,Keegan Rice,1494.4181934495039,768.0,,,1033.0,16.0,1493.8177056748466,632.0,,,,,,,,,,,,,,,1.0,True
104467,Lamine Ouahab,1494.4027139334246,769.0,19.307264901159897,1.0,,,1465.6624138372601,1314.0,,,1518.7831025914386,317.0,26.733099421925544,16.0,,,,,,,,,16.0,False
101721,Markus Zillner,1494.3831300354063,770.0,,,,,,,,,1484.337657216493,931.0,,,,,,,,,,,10.0,False
109686,Riccardo Bonadio,1494.3582410270465,771.0,,,,,,,,,1492.3472534873695,629.0,,,,,,,,,,,3.0,False
211767,James Watt,1494.3525347653897,772.0,,,717.0,43.0,1492.777832434378,661.0,,,,,,,,,,,,,,,1.0,True
102789,Jay Gooding,1494.3405122092702,773.0,,,,,1493.892691673227,631.0,,,,,,,,,,,,,,,1.0,False
105072,Sanam Singh,1494.3124045915674,774.0,,,,,1494.683486817453,608.0,,,,,,,,,,,,,,,1.0,False
105591,Matt Reid,1494.3029148361948,775.0,,,,,,,,,,,,,1492.0611477934085,488.0,,,,,,,1.0,False
104158,Andrew Anderson,1494.3019262584112,776.0,,,,,1493.0527838632277,653.0,,,,,,,,,,,,,,,1.0,False
102235,Tommy Ho,1494.241025530255,777.0,1.9896550796445354,-558.0,,,1495.8019979009784,596.0,12.362618686554015,-336.0,1466.2219610334246,1214.0,,,1474.155693195678,921.0,,,1503.05761928502,169.0,-25.292263093104793,-126.0,82.0,False
101412,Shuzo Matsuoka,1494.1067636566356,778.0,-38.463418889611376,-667.0,,,1482.9337389358052,1050.0,-47.11723360983933,-968.0,1485.279735056281,916.0,-16.377301881876747,-843.0,1555.0677376184515,134.0,1.790874118951706,-105.0,1475.4646639033904,485.0,-33.68038765857227,-419.0,185.0,False
102751,Todd Perry,1494.1027640283758,779.0,,,,,1493.770153083646,633.0,,,,,,,,,,,,,,,1.0,False
145001,Evan Furness,1494.0598234498264,780.0,,,,,1493.4136083967257,642.0,,,,,,,,,,,,,,,1.0,False
102978,Zbynek Mlynarik,1494.0351044903643,781.0,,,,,1492.1311577736756,675.0,,,,,,,,,,,,,,,1.0,False
207181,Govind Nanda,1494.0145520471538,782.0,,,753.0,39.0,1495.2794801210296,602.0,,,,,,,,,,,,,,,1.0,True
103068,Chemseddine Belal,1494.0100854120687,783.0,,,,,,,,,1494.1034391055318,611.0,,,,,,,,,,,1.0,False
208364,Franco Roncadelli,1494.0079829971069,784.0,,,225.0,254.0,1486.9765717843836,941.0,,,1519.4084467706705,315.0,,,1488.5678341724818,588.0,,,,,,,6.0,True
202168,Ye Cong Mo,1493.9403326619815,785.0,,,713.0,44.0,1494.0774454646876,622.0,,,,,,,,,,,,,,,1.0,True
106764,Christopher Koderisch,1493.8456431530885,786.0,,,,,,,,,,,,,1487.3637813068847,698.0,,,,,,,1.0,False
103718,David Martin,1493.8163492430456,787.0,,,,,1490.428260356407,720.0,,,,,,,,,,,,,,,1.0,False
102466,Jan Kroslak,1493.815547188028,788.0,-16.49868510662941,-590.0,,,1526.6691585992712,316.0,-20.23113888764533,-224.0,1422.2755525606674,1502.0,-38.02874990358646,-1023.0,1467.8228967805458,983.0,-11.627000283900088,-764.0,1511.5009125715717,138.0,-78.86268027036203,-110.0,151.0,False
102491,Alex Radulescu,1493.763570602232,789.0,-119.74468409936321,-731.0,,,1500.4710194005736,520.0,-42.14041863009447,-439.0,1465.1776969690884,1228.0,,,1513.2276762058111,268.0,11.08281694094012,-174.0,1472.7130395966735,505.0,-6.934169285434109,-238.0,91.0,False
102571,Gregory Carraz,1493.720467719235,790.0,-40.37109629821089,-622.0,,,1494.0453604072086,624.0,-18.053439385390675,-433.0,1460.394117063696,1279.0,,,1486.196013755838,745.0,-9.10707808861821,-562.0,1496.7658497924886,223.0,7.5983855414581285,7.0,87.0,False
104967,Alexander Sadecky,1493.71741430016,791.0,,,,,,,,,1489.3619954126973,715.0,,,,,,,,,,,3.0,False
103747,Dominik Meffert,1493.686103095998,792.0,-15.414053006410768,-539.0,,,1494.4916837379337,612.0,,,1494.0085743833222,612.0,,,1494.3542323268643,453.0,,,,,,,13.0,False
100763,Brad Gilbert,1493.5515227625483,793.0,-93.56544744460143,-740.0,,,1531.7346730401255,292.0,-86.37742393783356,-264.0,1481.4890787427069,983.0,-5.844069833522553,-863.0,1529.810387796805,192.0,-7.661166419781466,-177.0,1502.1689354524847,177.0,-50.93108986757511,-158.0,202.0,False
103353,Ingo Neumuller,1493.475059879173,794.0,,,,,,,,,1489.6497092306304,707.0,,,,,,,,,,,1.0,False
200265,Ulises Blanch,1493.4736864254487,795.0,,,,,1488.9772401881671,792.0,,,,,,,,,,,,,,,1.0,False
211533,Gianluca Cadenasso,1493.4676265499243,796.0,,,196.0,296.0,,,,,1502.9653664689802,474.0,,,1487.5773531598663,684.0,,,,,,,3.0,True
106187,Denis Yevseyev,1493.4367459104442,797.0,,,431.0,109.0,1482.774779845251,1053.0,,,1504.4787349741605,452.0,,,,,,,,,,,4.0,True
207738,Brandon Perez,1493.3990665578062,798.0,,,1552.0,4.0,1493.3679192124082,644.0,,,,,,,,,,,,,,,1.0,True
202398,Michael Vrbensky,1493.3491333341,799.0,,,610.0,60.0,1492.6178188486065,665.0,,,,,,,,,,,,,,,1.0,True
103626,Tomas Tenconi,1493.347920254158,800.0,,,,,,,,,1488.6933618814926,746.0,,,,,,,,,,,3.0,False
126663,Juan Pablo Ficovich,1493.3359651368282,801.0,-4.359691376361297,-220.0,200.0,284.0,1521.419575761048,339.0,,,1476.9075521451907,1064.0,,,1487.585699413623,678.0,,,,,,,13.0,True
106031,Raymond Sarmiento,1493.31842699179,802.0,,,,,1491.6514266853849,692.0,,,,,,,,,,,,,,,1.0,False
200329,Remy Bertola,1493.2612103511954,803.0,,,208.0,273.0,1480.8728774814479,1084.0,,,1500.761685783452,509.0,,,1511.69128768975,277.0,,,,,,,9.0,True
104227,Augustin Gensse,1493.2161994782164,804.0,,,,,1494.8245521470405,607.0,,,1495.9224781011535,585.0,,,,,,,,,,,4.0,False
144946,Rayane Roumane,1493.1911925580307,805.0,,,,,1490.0073113494923,743.0,,,,,,,,,,,,,,,1.0,False
102839,Nicolas Lapentti,1493.1802721088536,806.0,-57.75658476631975,-645.0,,,1513.7376690308104,381.0,-6.883642146657394,-186.0,1510.3338596093877,394.0,-107.52951936693557,-332.0,1460.6761981796042,1058.0,-30.482049641571848,-857.0,1509.080355068036,150.0,-53.17457664956214,-105.0,548.0,False
102588,Lars Rehmann,1493.144517061776,807.0,-49.1671532113437,-716.0,,,1506.9019315738428,451.0,-0.012842585544149188,-350.0,1485.325237057639,913.0,,,,,,,1471.4413289414833,511.0,-61.42000394561046,-471.0,33.0,False
105930,Daniel Kosakowski,1493.1395345954124,808.0,,,,,1492.2582733492907,672.0,,,,,,,,,,,,,,,3.0,False
101244,Johan Donar,1493.1200400979333,809.0,,,,,,,,,1494.424989786801,604.0,,,,,,,,,,,1.0,False
105028,Jesse Levine,1493.10510812017,810.0,-18.64790547237203,-511.0,,,1466.6506004216508,1296.0,6.582861890452932,-461.0,1454.4245375963678,1330.0,,,1467.1510792928918,994.0,-32.47051376907007,-768.0,,,,,94.0,False
200125,Mykyta Mashtakov,1493.0901846830006,811.0,,,846.0,31.0,,,,,1492.3756843625142,628.0,,,,,,,,,,,1.0,True
200273,Hady Habib,1493.084113544805,812.0,-41.715082423110516,-551.0,560.0,70.0,1509.3664192792633,424.0,,,1475.2544444316482,1106.0,,,,,,,,,,,13.0,True
104465,Martin Emmrich,1493.0565738961122,813.0,,,,,,,,,,,,,1490.582136712304,521.0,,,,,,,1.0,False
102187,John Laffnie De Jager,1493.0352590598316,814.0,,,,,,,,,,,,,1488.8791310127501,577.0,,,,,,,1.0,False
105336,Nicolas Meister,1493.0147178210023,815.0,,,,,1489.0386027442576,790.0,,,,,,,,,,,,,,,1.0,False
104665,Pablo Andujar,1492.9914547540554,816.0,-47.33401191510393,-554.0,,,1461.8463652124503,1370.0,20.718800898418294,-98.0,1523.3935250856164,299.0,-82.1108301193915,-210.0,1398.753039233236,1223.0,-4.46940288809742,-415.0,,,,,399.0,False
104021,Marco Mirnegg,1492.9903618897647,817.0,,,,,,,,,1490.3270376648532,681.0,,,,,,,,,,,1.0,False
102395,Ville Liukko,1492.985467208382,818.0,,,,,1503.6118424502672,479.0,,,1481.5114540525078,982.0,,,,,,,,,,,10.0,False
101639,Lan Bale,1492.9799487156893,819.0,,,,,1490.4176560119663,721.0,,,,,,,,,,,,,,,5.0,False
100773,Brian Joelson,1492.9437913284053,820.0,,,,,,,,,,,,,1488.379634333047,600.0,,,,,,,1.0,False
102998,Jan Michael Gambill,1492.9413759981603,821.0,-66.41565610840871,-688.0,,,1497.4334997945136,573.0,-79.74685550708227,-490.0,1371.2819737896032,1555.0,-59.556941794565546,-906.0,1531.1127321691379,189.0,-32.86827525075432,-146.0,1456.7947179540952,578.0,-12.140608859150007,-196.0,375.0,False
144923,Louis Wessels,1492.864219248257,822.0,,,655.0,53.0,,,,,,,,,1487.0460733158861,718.0,,,,,,,1.0,True
207969,Stefan Dostanic,1492.7909963695774,823.0,,,261.0,206.0,1491.8675630012297,683.0,,,,,,,,,,,,,,,3.0,True
102556,Claude Ngoran,1492.7554196714177,824.0,,,,,1492.734362908701,662.0,,,,,,,,,,,,,,,1.0,False
208279,Alejandro Moro Canas,1492.668768442711,825.0,,,242.0,234.0,1477.166871216804,1153.0,,,1508.440511496631,410.0,,,1499.8805091265567,406.0,,,,,,,10.0,True
111190,Zhizhen Zhang,1492.5370664031047,826.0,-31.22851417521406,-446.0,224.0,254.0,1468.785731864985,1269.0,-26.063772578200087,-690.0,1536.2717603912274,241.0,-44.551594946356545,-112.0,1503.9432833263625,333.0,40.08100523562007,560.0,,,,,143.0,True
105573,Henri Kontinen,1492.478973436959,827.0,,,,,1487.2872560392823,919.0,,,,,,,1501.9306317492221,362.0,,,,,,,3.0,False
126206,Alex Rybakov,1492.439237602103,828.0,,,357.0,142.0,1491.882004947358,682.0,,,,,,,,,,,,,,,1.0,True
103198,Justin Bower,1492.433564425412,829.0,,,,,1492.4322450293228,668.0,,,,,,,1488.847142344494,579.0,,,,,,,4.0,False
106264,Karue Sell,1492.43218468634,830.0,,,748.0,40.0,,,,,1488.998640794076,731.0,,,,,,,,,,,1.0,True
105116,Dusan Lojda,1492.393755208215,831.0,,,,,1490.2726919441861,729.0,,,,,,,,,,,,,,,1.0,False
102081,Brett Hansen Dent,1492.3382869747554,832.0,,,,,1490.7891028521824,710.0,,,,,,,,,,,,,,,1.0,False
100768,Nick Brown,1492.3196158946614,833.0,,,,,1477.0875926470783,1157.0,,,,,,,1514.2407757808219,261.0,,,,,,,5.0,False
105999,Bowen Ouyang,1492.260268136661,834.0,,,,,1487.5766952167082,897.0,,,,,,,,,,,,,,,1.0,False
208028,Francisco Llanes,1492.222579156184,835.0,,,,,,,,,1488.0147877788106,786.0,,,,,,,,,,,1.0,False
210202,Rodrigo Pacheco Mendez,1492.2152977735625,836.0,31.757050617626646,628.0,257.0,212.0,1468.4603030691173,1279.0,9.110096498773828,-28.0,1512.0,373.0,,,,,,,,,,,15.0,True
101893,Patrick Mohr,1492.1716546174873,837.0,,,,,,,,,1491.5407105427728,641.0,,,,,,,,,,,1.0,False
202400,Alastair Gray,1492.170434826704,838.0,,,272.0,198.0,,,,,,,,,1477.6321463605263,843.0,,,,,,,4.0,True
103133,Olivier Mutis,1492.1133429330607,839.0,-26.39712252555023,-631.0,,,1428.3357735178101,1629.0,-53.89312197310687,-1184.0,1529.3430763281979,276.0,-20.139228110479962,-178.0,1491.4708154987482,498.0,,,1480.5072144786539,437.0,,,64.0,False
102152,Pablo Campana,1492.0912004027657,840.0,,,,,1511.2241119524472,404.0,,,1479.8115265523868,1013.0,,,,,,,,,,,6.0,False
210274,Sebastian Dominko,1492.0897685125667,841.0,,,1090.0,13.0,1500.7658631143076,511.0,,,1488.0,805.0,,,,,,,,,,,3.0,True
103157,Arvind Parmar,1492.0587448791903,842.0,-9.760730010848647,-576.0,,,1479.966161232371,1097.0,-9.128800502769082,-826.0,,,,,1467.8478715064614,981.0,-22.16030836362347,-769.0,1488.7571709489841,306.0,,,39.0,False
202320,Beibit Zhukayev,1492.0075728891152,843.0,-2.061434365215746,-179.0,302.0,177.0,1489.7982038766186,750.0,,,,,,,1488.0676396398655,616.0,,,,,,,11.0,True
102226,David Witt,1491.9261562793567,844.0,-0.9793004050268337,-657.0,,,1442.2046941983278,1539.0,-73.27624584125033,-1510.0,1503.4131102780486,468.0,,,1516.3918900267283,254.0,2.3856680364096974,-208.0,1488.5280765221848,309.0,,,37.0,False
126208,Yusuke Takahashi,1491.9186906659086,845.0,,,670.0,51.0,1492.2070037115768,674.0,,,,,,,,,,,,,,,1.0,True
208117,Adam Neff,1491.8176204800204,846.0,,,,,1490.645135328254,717.0,,,,,,,,,,,,,,,1.0,False
104516,Arnau Brugues Davi,1491.7992298636382,847.0,,,,,1501.7422921279565,502.0,,,1487.7660882195626,829.0,,,,,,,,,,,4.0,False
101356,Buff Farrow,1491.7894649516472,848.0,,,,,1495.060650735746,604.0,,,,,,,,,,,,,,,5.0,False
104618,Devin Mullings,1491.7844096497895,849.0,,,,,1489.9942575481668,744.0,,,,,,,,,,,,,,,1.0,False
103699,Fred Hemmes,1491.7742323475925,850.0,,,,,1506.3999977765745,459.0,,,1488.0,800.0,,,1489.9921077033177,536.0,,,,,,,4.0,False
105339,Yan Bai,1491.7452603397824,851.0,,,1110.0,12.0,1485.1464607738067,1013.0,,,,,,,,,,,,,,,8.0,True
208653,Isaac Becroft,1491.7440134375174,852.0,,,918.0,24.0,1490.6673700337226,716.0,,,,,,,,,,,,,,,1.0,True
106348,Evgeny Karlovskiy,1491.7374649390988,853.0,,,1087.0,13.0,1490.366495290703,725.0,,,,,,,,,,,,,,,1.0,True
106380,Gonzalo Villanueva,1491.711992653343,854.0,,,369.0,137.0,1490.675266168482,715.0,,,,,,,,,,,,,,,1.0,True
102614,Victor Sendin,1491.579253809921,855.0,,,,,,,,,1497.5142004429167,563.0,,,,,,,,,,,3.0,False
103175,Toshihide Matsui,1491.5010199658097,856.0,,,,,1488.6484007889346,807.0,,,,,,,,,,,,,,,2.0,False
123809,Ivan Gakhov,1491.4976051315668,857.0,,,349.0,147.0,,,,,1482.6495206731208,962.0,,,,,,,,,,,5.0,True
102251,Mariano Hood,1491.440228456976,858.0,-22.66944407125129,-699.0,,,,,,,1488.8741730133083,738.0,-23.44480517062061,-618.0,,,,,,,,,11.0,False
126533,Alvaro Lopez San Martin,1491.42994220464,859.0,,,,,,,,,1492.4984828531185,626.0,,,,,,,,,,,1.0,False
105128,Guillermo Olaso,1491.4287970471125,860.0,,,,,1486.7320036992423,951.0,,,1497.7399544710956,558.0,,,,,,,,,,,6.0,False
102233,Leander Paes,1491.4281525969716,861.0,-41.94117938759882,-719.0,,,1421.9961876488524,1651.0,-34.839179417221885,-1176.0,1481.8772550606989,977.0,,,1556.4173696966272,128.0,49.69695104096968,-33.0,1495.279807451796,231.0,4.8090636842161985,-93.0,115.0,False
105609,Ilya Belyaev,1491.4048189389046,862.0,,,,,1489.7090877660507,755.0,,,,,,,,,,,,,,,1.0,False
200266,Javier Barranco Cosano,1491.397738612656,863.0,,,407.0,120.0,,,,,1488.9019662150495,736.0,,,,,,,,,,,1.0,True
105751,Roberto Ortega Olmedo,1491.3860699541558,864.0,,,,,,,,,1490.0778164634116,689.0,,,,,,,,,,,1.0,False
144984,Artem Dubrivnyy,1491.3258167796607,865.0,,,,,1489.5807641331965,763.0,,,,,,,,,,,,,,,1.0,False
102558,Eric Taino,1491.3227241980421,866.0,4.670992908972039,-397.0,,,1491.619548231543,694.0,-0.07816988190324992,-413.0,1477.7771848680356,1052.0,,,,,,,,,,,27.0,False
144652,William Blumberg,1491.2973851717582,867.0,,,,,,,,,,,,,1489.2768745780356,562.0,,,,,,,1.0,False
105586,Alexandar Lazov,1491.2767405949949,868.0,,,,,1489.180092078966,781.0,,,,,,,,,,,,,,,1.0,False
105031,Saketh Myneni,1491.224232756085,869.0,,,,,1476.7142381015137,1162.0,,,,,,,1512.0,273.0,,,,,,,4.0,False
210318,Andre Ilagan,1491.2162908818866,870.0,,,335.0,153.0,1489.2150970441667,777.0,,,,,,,,,,,,,,,5.0,True
106290,Filip Peliwo,1491.1180620411637,871.0,,,488.0,91.0,1490.2978623123743,727.0,,,1505.4003924138078,441.0,,,,,,,,,,,6.0,True
104211,Roman Valent,1491.117464228097,872.0,,,,,1487.8936014484623,871.0,,,,,,,,,,,,,,,1.0,False
117352,Oliver Anderson,1491.091008672829,873.0,,,1099.0,13.0,1490.3401215821004,726.0,,,,,,,,,,,,,,,1.0,True
212216,Trevor Svajda,1491.0905728195155,874.0,,,392.0,124.0,1485.971086852619,990.0,,,,,,,,,,,,,,,8.0,True
110685,G D Jones,1491.0432374078482,875.0,,,,,1487.443339683596,909.0,,,,,,,,,,,,,,,1.0,False
200574,Alexander Donski,1491.0106433227727,876.0,,,687.0,48.0,1489.9230326205604,747.0,,,,,,,,,,,,,,,1.0,True
105572,Austin Krajicek,1490.9912476543375,877.0,-47.81814385044595,-659.0,,,1505.9927642183864,462.0,-26.436098165829435,-265.0,1477.7249538312985,1054.0,,,1469.8704817884675,956.0,,,,,,,36.0,False
103969,Roman Borvanov,1490.9776305214796,878.0,,,,,1489.242553465608,774.0,,,,,,,,,,,,,,,1.0,False
202195,Maxime Cressy,1490.9744799007976,879.0,-55.855855241878544,-628.0,1472.0,4.0,1518.980216886699,352.0,-78.08215232842826,-214.0,1431.6143431283492,1476.0,-61.64365144740441,-958.0,1519.4469392966405,242.0,-44.12721653750691,-136.0,,,,,101.0,True
101860,Mark Draper,1490.9636462971234,880.0,,,,,1468.5971710742588,1273.0,,,,,,,1509.8469209271152,290.0,,,,,,,5.0,False
102886,Frantisek Cermak,1490.9554751944097,881.0,-11.993144624904971,-620.0,,,1476.1537841295437,1177.0,,,1505.3743884677688,443.0,-3.9855353713678596,-271.0,1503.8316373189293,336.0,,,,,,,23.0,False
213605,Jack Kennedy,1490.9421730639322,882.0,,,426.0,110.0,1491.3816638920478,702.0,,,,,,,,,,,,,,,1.0,True
208210,Chris Rodesch,1490.9406787846342,883.0,,,165.0,359.0,1511.2271883445962,403.0,,,1486.236323135576,899.0,,,1487.441495999027,695.0,,,,,,,7.0,True
101929,Joost Winnink,1490.9334813938956,884.0,-24.76255271702803,-762.0,,,1483.4837135078435,1044.0,,,1489.3691134580313,714.0,,,,,,,1490.115969981933,275.0,-12.734948055546965,-188.0,22.0,False
104226,Bastian Knittel,1490.9066872237668,885.0,,,,,,,,,1490.1577647338609,688.0,,,1486.9747831790582,720.0,,,,,,,5.0,False
102910,Salvador Navarro,1490.8877314867723,886.0,-18.5344617861374,-728.0,,,,,,,1486.5078222945394,891.0,-24.0856918808322,-778.0,,,,,,,,,11.0,False
105692,Alessandro Bega,1490.770906752876,887.0,,,,,1491.8519518692424,684.0,,,,,,,,,,,,,,,1.0,False
101691,Florian Krumrey,1490.752988678186,888.0,,,,,,,,,1500.9535953062486,505.0,,,,,,,1488.9938163939946,300.0,,,3.0,False
101462,Francisco Roig,1490.741475206121,889.0,43.7119326480954,-329.0,,,1484.6904656758556,1020.0,-39.143101764400626,-967.0,1478.538191590885,1034.0,10.187371786488711,-650.0,1500.3760170115227,391.0,,,1486.3832652811739,395.0,,,115.0,False
105163,Gleb Sakharov,1490.7377406772819,890.0,,,,,1480.4699584647035,1091.0,,,1505.0158215141332,445.0,,,,,,,,,,,4.0,False
211609,Max Dahlin,1490.7298432536231,891.0,,,1330.0,6.0,,,,,1490.3525496763907,680.0,,,,,,,,,,,1.0,True
208046,Pedro Boscardin Dias,1490.71287883111,892.0,,,233.0,249.0,,,,,1500.4856301573764,513.0,,,1488.996565738624,576.0,,,,,,,3.0,True
103039,Tripp Phillips,1490.6860490174936,893.0,,,,,1490.413816606113,722.0,,,,,,,,,,,,,,,1.0,False
201995,Cayetano March,1490.6589153853402,894.0,,,,,1488.823268403442,797.0,,,,,,,,,,,,,,,1.0,False
105906,Kevin Krawietz,1490.6246065936095,895.0,,,,,,,,,1482.8084810949567,957.0,,,1498.1410193792656,432.0,,,,,,,4.0,False
101924,Stefano Pescosolido,1490.6079394805681,896.0,-15.141131436826981,-707.0,,,1491.741706899896,689.0,-40.561155078547245,-607.0,1511.6051970355397,379.0,-58.790224177320624,-333.0,1474.8836016107582,912.0,17.091878140322706,-657.0,1381.5685179175691,642.0,-38.840508060474804,-386.0,222.0,False
122078,Dmitry Popko,1490.5660929862472,897.0,-21.22541014596868,-548.0,661.0,52.0,1487.3942815679652,915.0,,,1506.1383106971023,432.0,,,,,,,,,,,11.0,True
102301,Sebastien Leblanc,1490.563636451579,898.0,,,,,1495.8625568104756,595.0,,,,,,,1488.0,631.0,,,,,,,4.0,False
101857,Jason Cask,1490.5615271673646,899.0,,,,,1490.0203414569246,742.0,,,,,,,,,,,,,,,3.0,False
104195,Simone Vagnozzi,1490.4902448015152,900.0,,,,,,,,,1485.7419088451197,907.0,,,,,,,,,,,10.0,False
105053,Santiago Giraldo,1490.4657038422176,901.0,-26.029371125451462,-587.0,,,1437.6833894977613,1575.0,-73.40680751840114,-1300.0,1528.135825470047,279.0,-17.86323364678833,-112.0,1480.3824719219979,807.0,-1.0968751404450359,-314.0,1490.09533683386,277.0,,,337.0,False
102623,Thomas Larsen,1490.4633072108113,902.0,,,,,,,,,1502.6533640779162,479.0,,,,,,,1477.9197262832063,460.0,,,4.0,False
105011,Illya Marchenko,1490.4631081205796,903.0,9.715005506393709,105.0,1728.0,2.0,1507.9153857472645,437.0,-1.4441258384340472,-107.0,1452.0559201842948,1354.0,-19.076352069858558,-677.0,1425.2846476657205,1194.0,-34.57007220654782,-495.0,,,,,139.0,True
202378,Ignacio Carou,1490.4213679458392,904.0,,,,,,,,,1488.250360902086,774.0,,,,,,,,,,,1.0,False
106203,Pedro Sakamoto,1490.41484495836,905.0,,,503.0,86.0,,,,,1490.5362591082064,671.0,,,,,,,,,,,1.0,True
101080,Lawson Duncan,1490.4037061855215,906.0,,,,,,,,,1488.0,790.0,,,,,,,,,,,1.0,False
104113,Carlos Salamanca,1490.37165827384,907.0,,,,,1489.6935232753674,756.0,,,,,,,,,,,,,,,1.0,False
211325,Aryan Shah,1490.3595108352922,908.0,,,525.0,79.0,1490.2923762680362,728.0,,,,,,,,,,,,,,,1.0,True
210494,Theo Papamalamis,1490.3330531425845,909.0,,,771.0,38.0,1486.9163540187337,944.0,,,,,,,,,,,,,,,1.0,True
104034,Dmitry Vlasov,1490.3102916527532,910.0,,,,,,,,,1490.8771305975206,665.0,,,,,,,,,,,1.0,False
103358,Nicolas Todero,1490.2988285129545,911.0,,,,,,,,,1491.5247532011035,643.0,,,,,,,,,,,1.0,False
133197,Joao Silva,1490.2860554519934,912.0,,,1490.0,4.0,,,,,1490.0735617274693,690.0,,,,,,,,,,,1.0,True
105281,Eric Quigley,1490.2420369503209,913.0,,,,,1488.840507449875,796.0,,,,,,,,,,,,,,,1.0,False
101600,Daniel Courcol,1490.2055334782256,914.0,,,,,,,,,1490.8601324447175,666.0,,,1500.3541247162418,392.0,,,1491.2593477061446,259.0,,,6.0,False
104149,Adrian Cruciat,1490.1930731142777,915.0,,,,,,,,,1491.283204532706,650.0,,,,,,,,,,,3.0,False
200279,Osgar Ohoisin,1490.1871855408808,916.0,,,,,1490.055472261875,739.0,,,,,,,,,,,,,,,1.0,False
103339,Wesley Whitehouse,1490.141782480218,917.0,1.3700996507143373,-625.0,,,1488.7597564270582,800.0,,,,,,,1494.596359396269,450.0,,,,,,,11.0,False
212958,Spencer Johnson,1490.135533981206,918.0,,,967.0,20.0,1489.1738730026148,782.0,,,,,,,,,,,,,,,1.0,True
200214,Alan Fernando Rubio Fierros,1490.0725497565472,919.0,,,586.0,64.0,1488.4605831621743,813.0,,,,,,,,,,,,,,,3.0,True
144807,Kenneth Raisma,1490.030709035465,920.0,,,,,1491.0267892636766,708.0,,,,,,,,,,,,,,,1.0,False
144870,Federico Agustin Gomez,1489.9665650533336,921.0,-5.331675019206614,-221.0,179.0,328.0,1481.6628000491626,1071.0,,,1513.0469392520085,361.0,,,1487.9804161756228,650.0,,,,,,,16.0,True
213165,Jia Hu,1489.9581136270644,922.0,,,,,1487.7139151431106,882.0,,,,,,,,,,,,,,,1.0,False
209917,Benito Sanchez Martinez,1489.9551612503299,923.0,,,1109.0,12.0,,,,,,,,,1492.5479389717868,476.0,,,,,,,1.0,True
105529,Carlos Gomez Herrera,1489.9290488213244,924.0,,,,,,,,,1490.0552508783,691.0,,,,,,,,,,,1.0,False
101250,Jose Daher,1489.9114451703015,925.0,,,,,1500.4754561980355,518.0,,,,,,,,,,,1487.668278238591,361.0,,,3.0,False
210107,Bor Artnak,1489.879638958571,926.0,,,445.0,103.0,,,,,1490.1666382422495,687.0,,,,,,,,,,,1.0,True
102042,Brandon Coupe,1489.8442114940779,927.0,,,,,1490.241956451294,732.0,,,,,,,,,,,,,,,1.0,False
109699,Julian Lenz,1489.7823332379778,928.0,,,,,1494.3132873577297,616.0,,,1494.9253571359227,596.0,,,,,,,,,,,2.0,False
210535,Maxim Shin,1489.7418293594785,929.0,,,974.0,20.0,1489.2825133587737,773.0,,,,,,,,,,,,,,,1.0,True
110778,Joao Menezes,1489.7114220737083,930.0,,,,,,,,,1488.6421579591247,748.0,,,,,,,,,,,1.0,False
104476,Louk Sorensen,1489.6922726032533,931.0,,,,,1481.12715451388,1077.0,,,1502.0972745184956,490.0,,,,,,,,,,,6.0,False
200307,Tao Mu,1489.5929524067685,932.0,,,,,1490.3841235803122,724.0,,,,,,,,,,,,,,,1.0,False
209936,Lorenzo Claverie,1489.5910126819567,933.0,,,,,1489.147134411802,784.0,,,,,,,,,,,,,,,1.0,False
122471,Danylo Kalenichenko,1489.5833678243805,934.0,,,,,1489.4522884181577,769.0,,,,,,,,,,,,,,,1.0,False
105100,Edward Corrie,1489.5576643231554,935.0,,,,,,,,,,,,,1487.6432552777853,670.0,,,,,,,1.0,False
103841,Julio Peralta,1489.508044529745,936.0,,,,,,,,,1490.5647609224397,670.0,,,,,,,,,,,1.0,False
207793,Alec Deckers,1489.5063097053817,937.0,,,558.0,71.0,,,,,,,,,1490.6968376273653,514.0,,,,,,,1.0,True
105596,Jan Satral,1489.4665170972612,938.0,,,,,1492.7258837763022,663.0,,,1495.1286836306463,592.0,,,,,,,,,,,5.0,False
213130,Mark Ceban,1489.4437372313932,939.0,,,,,,,,,,,,,1485.3952691844452,759.0,,,,,,,1.0,False
101536,Murphy Jensen,1489.3980176267771,940.0,,,,,,,,,1487.7002780395724,832.0,,,,,,,,,,,1.0,False
103690,Marcin Matkowski,1489.3313574918407,941.0,,,,,,,,,1490.3932601828596,678.0,,,,,,,,,,,1.0,False
104355,Lester Cook,1489.3149223950034,942.0,,,,,1488.1285729332963,835.0,,,,,,,,,,,,,,,1.0,False
209907,Viacheslav Bielinskyi,1489.3116663580715,943.0,,,418.0,113.0,1488.1140079374566,836.0,,,,,,,,,,,,,,,1.0,True
102664,Petr Pala,1489.298234204775,944.0,,,,,,,,,1489.0408528840778,728.0,,,,,,,,,,,1.0,False
213984,Goncalo Da Rosa Castro,1489.2791872765745,945.0,,,,,,,,,1487.9433260395695,819.0,,,,,,,,,,,1.0,False
105080,Miloslav Mecir Jr,1489.262537690096,946.0,,,,,1494.0327321385928,625.0,,,1487.185234616277,862.0,,,,,,,,,,,4.0,False
102945,Luke Bourgeois,1489.253688524883,947.0,,,,,1486.1977676533736,977.0,,,,,,,,,,,,,,,2.0,False
200336,Trent Bryde,1489.2408692569463,948.0,,,,,1489.1211932293115,786.0,,,,,,,,,,,,,,,1.0,False
104470,Komlavi Loglo,1489.2391969558425,949.0,,,,,1489.4583569552083,767.0,,,,,,,,,,,,,,,1.0,False
105954,Peter Nagy,1489.2288781891814,950.0,,,,,,,,,1485.2438825740435,917.0,,,,,,,,,,,3.0,False
100936,Henri Leconte,1489.2280963900498,951.0,-88.00165901818855,-883.0,,,1431.460104300844,1607.0,-69.43610149812389,-1522.0,1430.3262489444032,1480.0,-44.80196330414287,-1173.0,1545.8451120463324,148.0,-67.02327323119198,-140.0,1555.7942771315156,67.0,12.45654202136734,-34.0,120.0,False
102397,Jose Imaz Ruiz,1489.212945224771,952.0,,,,,,,,,1490.4120361469252,677.0,,,,,,,,,,,9.0,False
106425,Blake Mott,1489.2092609755798,953.0,,,1557.0,3.0,1484.1217778964335,1031.0,,,,,,,,,,,,,,,2.0,True
209326,Murphy Cassone,1489.2090910727056,954.0,,,264.0,204.0,1493.1981079887792,648.0,,,,,,,1489.2322659237045,566.0,,,,,,,4.0,True
209118,Niklas Waldner,1489.2013896837884,955.0,,,1237.0,9.0,,,,,1491.596133281725,639.0,,,,,,,,,,,1.0,True
101309,Jay Berger,1489.1990684843597,956.0,,,,,1500.8276161591054,510.0,,,,,,,,,,,1488.414300586377,310.0,,,5.0,False
103560,Kj Hippensteel,1489.182491221469,957.0,,,,,1479.658738487108,1101.0,,,,,,,,,,,,,,,4.0,False
103958,Philip Gubenco,1489.181976450436,958.0,,,,,1488.6542404838965,806.0,,,,,,,,,,,,,,,1.0,False
213987,Vignesh Gogineni,1489.1329892540577,959.0,,,1029.0,16.0,1487.6583718774243,887.0,,,,,,,,,,,,,,,1.0,True
101035,Menno Oosting,1489.0649830579302,960.0,,,,,1488.3179261187386,827.0,,,1500.6614919087303,510.0,,,,,,,,,,,3.0,False
105590,Uladzimir Ignatik,1489.0480193955564,961.0,,,1408.0,5.0,1489.6306618498897,760.0,,,,,,,,,,,,,,,1.0,True
103381,Andy Fahlke,1489.0404631587737,962.0,,,,,,,,,1489.0642980161178,727.0,,,,,,,,,,,1.0,False
210340,Philip Sekulic,1489.034514600568,963.0,,,314.0,168.0,1483.945986572123,1036.0,,,,,,,,,,,,,,,4.0,True
111156,Nathan Pasha,1488.9993860644659,964.0,,,,,1488.6358098978526,808.0,,,,,,,,,,,,,,,1.0,False
209405,Daniel Rincon,1488.9963919989464,965.0,,,274.0,196.0,1512.1199856129385,386.0,,,1470.7983046385384,1159.0,,,,,,,,,,,6.0,True
103762,John Paul Fruttero,1488.9380897977135,966.0,,,,,1487.7101017969308,884.0,,,,,,,,,,,,,,,1.0,False
212269,Marc Majdandzic,1488.8793067032402,967.0,,,827.0,33.0,,,,,1489.0164780803484,729.0,,,,,,,,,,,1.0,True
102929,Ryan Wolters,1488.876438857858,968.0,,,,,1487.6556232356484,888.0,,,,,,,,,,,,,,,1.0,False
207130,Matias Soto,1488.847453439114,969.0,,,300.0,179.0,,,,,1488.6712838079432,747.0,,,,,,,,,,,1.0,True
101512,Trevor Kronemann,1488.822041091044,970.0,,,,,,,,,,,,,1487.724026499424,664.0,,,,,,,1.0,False
101629,Matt Lucena,1488.7872709817548,971.0,,,,,,,,,1489.8694885036614,700.0,,,,,,,,,,,1.0,False
209284,Elmer Moller,1488.7772125324896,972.0,16.064722052947218,375.0,142.0,426.0,1485.9741846168238,989.0,,,1499.1248564961188,537.0,4.657805756361768,31.0,1489.8392669649481,541.0,,,,,,,16.0,True
104822,N Vijay Sundar Prashanth,1488.7747459911973,973.0,,,,,1486.917887645959,943.0,,,,,,,,,,,,,,,1.0,False
103623,Jacob Adaktusson,1488.7512839615642,974.0,,,,,1489.0358510961582,791.0,,,,,,,,,,,,,,,1.0,False
103711,Jaroslav Levinsky,1488.747299076995,975.0,,,,,,,,,1485.3325534344722,912.0,,,,,,,,,,,1.0,False
209943,Ilya Snitari,1488.7410959215224,976.0,,,966.0,20.0,,,,,1488.765390574373,744.0,,,,,,,,,,,1.0,True
101317,John Sullivan,1488.738459697028,977.0,,,,,1489.7887293148888,751.0,,,,,,,,,,,,,,,3.0,False
101565,Marius Barnard,1488.719147064146,978.0,,,,,1486.0202396911445,987.0,,,,,,,,,,,,,,,2.0,False
105871,Sekou Bangoura,1488.7036678345564,979.0,,,2069.0,1.0,1489.3719653876385,770.0,,,,,,,,,,,,,,,1.0,True
202333,Keegan Smith,1488.692924226275,980.0,,,244.0,231.0,1487.9122709620706,869.0,,,,,,,1500.414300586377,388.0,,,,,,,3.0,True
102869,Galo Blanco,1488.6919719832647,981.0,-47.31173717674665,-815.0,,,1396.780099185779,1711.0,-38.143994438487425,-1082.0,1522.3467589866302,302.0,-23.760919583072564,-196.0,1445.3331744345799,1134.0,,,1457.5415501456225,575.0,,,292.0,False
122533,Nam Hoang Ly,1488.6731472609883,982.0,,,,,1488.6109492651667,810.0,,,,,,,,,,,,,,,3.0,False
102578,Fredrik Bergh,1488.652089580934,983.0,,,,,1489.9515917385306,746.0,,,,,,,,,,,1496.78059776264,222.0,,,2.0,False
103525,Ivan Miranda,1488.6440148658528,984.0,-12.22243112230808,-720.0,,,1457.8946106752126,1414.0,,,1508.8332710482796,407.0,,,1511.6434490266604,278.0,,,,,,,20.0,False
102959,Marko Tkalec,1488.6380041696311,985.0,,,,,,,,,1489.3790571955014,713.0,,,,,,,,,,,1.0,False
103052,Mariano Delfino,1488.6298899450917,986.0,,,,,,,,,1488.607876290721,751.0,,,,,,,,,,,1.0,False
104797,Denis Istomin,1488.5978106633386,987.0,-18.294224322785794,-575.0,,,1484.585211746765,1021.0,-36.908766192035046,-763.0,1507.5851422718715,417.0,52.354220795132505,604.0,1529.5630240895343,193.0,-48.52088190970494,-112.0,1488.0,346.0,,,450.0,False
101369,Bent Ove Pedersen,1488.5946967263321,988.0,,,,,1487.9958383780015,866.0,,,,,,,,,,,,,,,1.0,False
101366,David Macpherson,1488.5669593951143,989.0,,,,,1488.5505242580548,812.0,,,,,,,,,,,,,,,1.0,False
104486,Horia Tecau,1488.4979573616133,990.0,,,,,1488.3107113186682,828.0,,,,,,,,,,,,,,,1.0,False
200711,Nicolas Mejia,1488.496970055955,991.0,38.23408098605091,713.0,169.0,354.0,1458.4792524549648,1406.0,-3.986590196427869,-236.0,1476.299375095473,1079.0,,,1534.433765919902,176.0,,,,,,,25.0,True
200184,Andrey Chepelev,1488.444934017807,992.0,,,419.0,113.0,,,,,1487.1451364855677,866.0,,,,,,,,,,,1.0,True
210545,Luis Carlos Alvarez,1488.4316407083168,993.0,,,612.0,59.0,1488.414300586377,817.0,,,,,,,,,,,,,,,1.0,True
125842,Adam Moundir,1488.4308789516274,994.0,,,,,,,,,1486.3866314887066,897.0,,,,,,,,,,,1.0,False
207993,Justin Boulais,1488.3935554254854,995.0,,,423.0,111.0,1487.1390451150637,930.0,,,,,,,,,,,,,,,1.0,True
209038,Linang Xiao,1488.368896061611,996.0,,,817.0,34.0,1486.164545063906,978.0,,,,,,,,,,,,,,,1.0,True
126185,Evgenii Tiurnev,1488.3620350187678,997.0,,,830.0,32.0,1485.7885346684513,996.0,,,,,,,,,,,,,,,2.0,True
104646,Purav Raja,1488.3541335910584,998.0,,,,,1487.8302352379608,875.0,,,,,,,,,,,,,,,1.0,False
105783,Chase Buchanan,1488.3496504324387,999.0,,,,,1487.9040740947228,870.0,,,,,,,,,,,,,,,2.0,False
102143,Nicolas Thomann,1488.3419585623526,1000.0,-51.02816065359616,-856.0,,,1508.8656528092274,430.0,-1.440341523033112,-262.0,1454.399326054021,1331.0,,,1491.6285154181899,493.0,,,1481.793189940936,429.0,,,39.0,False
102967,Marc Gicquel,1488.336989995306,1001.0,-37.48278082759066,-766.0,,,1529.7326788755613,302.0,-49.21568806502273,-205.0,1501.9013734785622,494.0,-57.46856939608642,-385.0,1467.6183118671013,988.0,-74.07415813431135,-895.0,1567.9938332834288,52.0,15.60001183240206,14.0,204.0,False
127143,Jirat Navasirisomboon,1488.3358328328009,1002.0,,,1517.0,4.0,,,,,1488.0,803.0,,,,,,,,,,,1.0,True
126204,Gerardo Lopez Villasenor,1488.311778826424,1003.0,,,,,1468.5341620120655,1277.0,,,1516.9176019137026,333.0,,,,,,,,,,,8.0,False
105938,Antoine Escoffier,1488.2723084559495,1004.0,,,543.0,75.0,1487.5464664845013,901.0,,,,,,,,,,,,,,,1.0,True
101588,Jason Netter,1488.2363357874806,1005.0,,,,,1489.0835877660834,789.0,,,,,,,,,,,,,,,1.0,False
108701,Juan Sebastian Cabal,1488.23048813307,1006.0,,,,,,,,,1487.0100144973917,872.0,,,,,,,,,,,1.0,False
209095,Francisco Rocha,1488.209518051268,1007.0,,,853.0,30.0,,,,,1488.4859843731726,759.0,,,,,,,,,,,1.0,True
212251,Daniel Milavsky,1488.1870324764325,1008.0,,,348.0,147.0,1485.7290215279604,998.0,,,,,,,,,,,,,,,1.0,True
126573,Thomas Fancutt,1488.1789830479372,1009.0,,,877.0,27.0,1485.891895638034,991.0,,,,,,,,,,,,,,,1.0,True
101802,Ramayah Ramachandran,1488.175187385883,1010.0,,,,,1487.845604134603,873.0,,,,,,,,,,,,,,,1.0,False
209925,Thijmen Loof,1488.1722821983067,1011.0,,,1472.0,4.0,,,,,,,,,1488.0,640.0,,,,,,,1.0,True
210234,Juncheng Shang,1488.165124624115,1012.0,,,,,1479.4980270958763,1104.0,,,,,,,,,,,,,,,7.0,False
117359,Jake Delaney,1488.1638112854034,1013.0,,,459.0,101.0,1487.2661706968918,921.0,,,,,,,,,,,,,,,1.0,True
214265,Jordan Lee,1488.157477171807,1014.0,,,1757.0,2.0,1488.7484105476444,802.0,,,,,,,,,,,,,,,3.0,True
122554,David Jorda Sanchis,1488.1370547900826,1015.0,,,256.0,213.0,1500.3957536237078,521.0,,,1488.5074909558582,757.0,,,,,,,,,,,5.0,True
104488,Armin Sandbichler,1488.1357986621142,1016.0,,,,,,,,,1487.8402210430377,825.0,,,,,,,,,,,1.0,False
103363,Diego Ayala,1488.1206794405587,1017.0,,,,,1487.4079302067473,913.0,,,,,,,,,,,,,,,1.0,False
131866,Hendrik Jebens,1488.1200865784244,1018.0,,,,,,,,,1487.3000255391007,857.0,,,,,,,,,,,1.0,False
104760,Scott Oudsema,1488.118102885312,1019.0,,,,,1494.1868348167611,620.0,,,,,,,1490.5978113544586,519.0,,,,,,,5.0,False
207815,Guido Ivan Justo,1488.1117127688117,1020.0,,,253.0,217.0,1486.1530927161932,980.0,,,,,,,,,,,,,,,1.0,True
210200,Yanaki Milev,1488.1085902058503,1021.0,,,762.0,39.0,1486.880324852781,945.0,,,,,,,,,,,,,,,1.0,True
105026,Takuto Niki,1488.069373902096,1022.0,,,,,1488.0132121596178,842.0,,,,,,,,,,,,,,,1.0,False
105613,Norbert Gombos,1488.0673636867728,1023.0,-35.35098822914006,-690.0,371.0,135.0,1441.041798644336,1551.0,-15.1117746450293,-387.0,1518.1334419381394,325.0,-13.352293113020096,-101.0,1454.8557303639093,1090.0,,,,,,,76.0,True
105781,Andrei Vasilevski,1488.0540701299687,1024.0,,,,,1488.2730214817934,832.0,,,,,,,,,,,,,,,1.0,False
103921,Sonchat Ratiwatana,1488.0406485349467,1025.0,,,,,1488.2615618377924,833.0,,,,,,,,,,,,,,,1.0,False
105502,N Sriram Balaji,1488.0267149664692,1026.0,,,,,,,,,1488.5063165443391,758.0,,,,,,,,,,,1.0,False
104295,Raphael Durek,1488.0226796020129,1027.0,,,,,1485.800306333525,994.0,,,,,,,,,,,,,,,1.0,False
106292,Hernan Casanova,1488.0206976576756,1028.0,,,408.0,119.0,,,,,1486.6810376601454,883.0,,,,,,,,,,,1.0,True
213360,Niels Mcdonald,1488.016357356456,1029.0,,,1014.0,17.0,,,,,1488.3078734515464,770.0,,,,,,,,,,,1.0,True
103964,Tobias Klein,1488.013724261821,1030.0,,,,,,,,,,,,,1488.1926335881908,607.0,,,,,,,1.0,False
106321,Xin Gao,1488.0104922027238,1031.0,,,,,1489.559432432112,764.0,,,,,,,,,,,,,,,1.0,False
101632,Per Henricsson,1488.001753557789,1032.0,,,,,,,,,,,,,,,,,1487.186627862611,382.0,,,1.0,False
101874,Ciprian Petre Porumb,1488.000578327288,1033.0,,,,,,,,,1487.9402584885768,820.0,,,,,,,,,,,1.0,False
100587,Steve Guy,1488.0,1034.0,,,,,1488.0,845.0,,,,,,,,,,,,,,,1.0,False
100286,Harold Solomon,1488.0,1035.0,,,,,1488.0,847.0,,,,,,,,,,,,,,,1.0,False
100920,Robert Seguso,1488.0,1036.0,,,,,1488.0,848.0,,,,,,,,,,,,,,,1.0,False
101076,Cesar Kist,1488.0,1037.0,,,,,,,,,,,,,,,,,1488.0,333.0,,,1.0,False
100892,Alexandre Hocevar,1488.0,1038.0,,,,,,,,,,,,,,,,,1488.0,339.0,,,1.0,False
104971,Blake Strode,1488.0,1039.0,,,,,1488.0,852.0,,,,,,,,,,,,,,,1.0,False
111167,Ugo Nastasi,1488.0,1040.0,,,,,1488.0,853.0,,,,,,,,,,,,,,,1.0,False
110596,Fred Simonsson,1488.0,1041.0,,,,,,,,,1488.0,802.0,,,,,,,,,,,1.0,False
106333,Julien Cagnina,1488.0,1042.0,,,,,1488.0,855.0,,,,,,,,,,,,,,,1.0,False
123768,Collin Altamirano,1488.0,1043.0,,,,,1488.0,856.0,,,,,,,,,,,,,,,1.0,False
207826,Siim Troost,1488.0,1044.0,,,,,1488.0,857.0,,,,,,,,,,,,,,,1.0,False
210382,Maximus Jones,1488.0,1045.0,,,411.0,117.0,,,,,1488.0,808.0,,,,,,,,,,,1.0,True
106085,Hamid Reza Nadaf,1488.0,1046.0,,,,,,,,,1488.0,809.0,,,,,,,,,,,1.0,False
133933,Thomas Yaka Kofi Setodji,1488.0,1047.0,,,,,1488.0,858.0,,,,,,,,,,,,,,,1.0,False
207541,Michalis Sakellaridis,1488.0,1048.0,,,1615.0,3.0,,,,,,,,,1488.0,638.0,,,,,,,1.0,True
208302,Nikola Slavic,1488.0,1049.0,,,818.0,34.0,,,,,1488.0,815.0,,,,,,,,,,,1.0,True
208143,Garrett Johns,1488.0,1050.0,,,375.0,134.0,1488.0,860.0,,,,,,,,,,,,,,,1.0,True
210523,Luca Pow,1488.0,1051.0,,,879.0,27.0,1488.0,861.0,,,,,,,,,,,,,,,1.0,True
207186,Arthur Weber,1488.0,1052.0,,,404.0,121.0,1488.0,865.0,,,,,,,,,,,,,,,1.0,True
101418,Herve Grenier,1487.996088349184,1053.0,,,,,,,,,,,,,,,,,1486.7308705864136,390.0,,,1.0,False
105434,Ruan Roelofse,1487.9934790519833,1054.0,,,,,1487.5415578379498,903.0,,,,,,,,,,,,,,,1.0,False
210682,Federico Bondioli,1487.9909125618549,1055.0,,,327.0,158.0,,,,,,,,,1486.6813491666733,728.0,,,,,,,1.0,True
200250,Mehluli Don Ayanda Sibanda,1487.9713445032871,1056.0,,,,,,,,,1488.034447500055,785.0,,,,,,,,,,,1.0,False
101110,David De Miguel,1487.9511317968543,1057.0,,,,,,,,,1489.2920601914466,719.0,,,,,,,,,,,1.0,False
101829,Federico Sanchez,1487.9423972954064,1058.0,-39.27193095896473,-974.0,,,,,,,1489.8296029657654,704.0,-33.06182619912852,-645.0,,,,,,,,,17.0,False
104059,Rasmus Norby,1487.9380488279758,1059.0,,,,,1486.6094920414662,961.0,,,,,,,,,,,,,,,1.0,False
210538,Noa Vukadin,1487.926066046523,1060.0,,,1284.0,7.0,,,,,1488.1978001850828,776.0,,,,,,,,,,,1.0,True
200562,Anirudh Chandrasekar,1487.9146706990937,1061.0,,,,,,,,,1488.4401000303471,763.0,,,,,,,,,,,1.0,False
105874,Albano Olivetti,1487.912228748036,1062.0,-28.274083007511308,-795.0,,,1517.514564379395,365.0,7.10168932373017,-128.0,1488.913628661892,734.0,,,1475.9438829940846,886.0,,,,,,,14.0,False
209278,Alec Beckley,1487.887420964754,1063.0,,,599.0,62.0,,,,,1488.2474950496746,775.0,,,,,,,,,,,1.0,True
105070,Hans Podlipnik Castillo,1487.8431700020801,1064.0,,,,,,,,,1488.581329043431,754.0,,,,,,,,,,,2.0,False
102422,Michael Hill,1487.8380980878007,1065.0,,,,,1498.1267155542255,560.0,,,,,,,1476.9526486835312,860.0,,,,,,,7.0,False
144985,Ergi Kirkin,1487.8081959712683,1066.0,,,582.0,65.0,1495.1242477086037,603.0,,,,,,,1487.7455768014868,661.0,,,,,,,2.0,True
102351,Oscar Martinez,1487.7943490809596,1067.0,-20.751152797140094,-933.0,,,1491.6465650705666,693.0,,,1487.9498252867006,817.0,-27.401794662848715,-733.0,1492.7174448406054,472.0,,,,,,,41.0,False
103682,Kyu Tae Im,1487.7809191143872,1068.0,,,,,1487.4368045944898,910.0,,,,,,,,,,,,,,,1.0,False
102963,Robert Lindstedt,1487.7497806739862,1069.0,,,,,1489.108227978142,788.0,,,,,,,,,,,,,,,1.0,False
101617,Dennis Schmid,1487.7437123423988,1070.0,,,,,1487.467902063765,908.0,,,,,,,,,,,,,,,1.0,False
101331,Alex Nizet,1487.7321215419183,1071.0,,,,,,,,,,,,,1488.0,628.0,,,,,,,1.0,False
208024,Max Alcala Gurri,1487.6960765684587,1072.0,,,277.0,193.0,1488.0340940398441,840.0,,,,,,,,,,,,,,,1.0,True
101499,Eduardo Furusho,1487.6932273066614,1073.0,,,,,1487.6172631004447,890.0,,,,,,,,,,,,,,,1.0,False
100935,Michael Robertson,1487.6886353074046,1074.0,,,,,,,,,,,,,,,,,1487.9856905714691,349.0,,,1.0,False
101973,Viktor Nagy,1487.674685632888,1075.0,,,,,,,,,1486.6368790915412,885.0,,,,,,,,,,,1.0,False
101014,John Ross,1487.6534181184804,1076.0,,,,,1488.4393646999981,815.0,,,,,,,,,,,,,,,1.0,False
209850,Robin Bertrand,1487.6386091397185,1077.0,,,286.0,188.0,,,,,1488.0,811.0,,,,,,,,,,,1.0,True
132374,Jesse Flores,1487.6058785813923,1078.0,,,844.0,31.0,1488.0,859.0,,,,,,,,,,,,,,,1.0,True
101522,Chi Wan Kim,1487.5941640232024,1079.0,,,,,1488.6076911320963,811.0,,,,,,,,,,,,,,,3.0,False
100744,Peter Doohan,1487.585699413623,1080.0,,,,,1487.585699413623,892.0,,,,,,,,,,,,,,,1.0,False
101216,Olli Rahnasto,1487.5766581988,1081.0,,,,,,,,,1488.0,792.0,,,,,,,,,,,1.0,False
120798,Hans Hach Verdugo,1487.575662816548,1082.0,,,,,1487.5710426232808,899.0,,,,,,,,,,,,,,,1.0,False
110754,David Vega Hernandez,1487.5703395680175,1083.0,,,,,,,,,1487.6191698049124,838.0,,,,,,,,,,,1.0,False
103239,Marcus Sarstrand,1487.5678672286026,1084.0,,,,,1489.297606665817,772.0,,,1491.0130544110252,659.0,,,,,,,,,,,4.0,False
101570,Vicente Solves,1487.5601725721087,1085.0,,,,,,,,,1488.0,788.0,,,,,,,,,,,1.0,False
105245,Fabiano De Paula,1487.5494152008043,1086.0,,,,,,,,,1487.585699413623,840.0,,,,,,,,,,,1.0,False
105450,Mike Urbanija,1487.5479822726609,1087.0,,,,,1488.414300586377,816.0,,,,,,,,,,,,,,,1.0,False
101264,Michael Tauson,1487.5462296664907,1088.0,,,,,,,,,,,,,,,,,1487.5714076300158,369.0,,,1.0,False
106342,Martins Podzus,1487.5002555655822,1089.0,,,,,1487.012006989215,938.0,,,,,,,,,,,,,,,3.0,False
122669,Juan Pablo Varillas,1487.4888514595245,1090.0,-52.49961190965928,-809.0,306.0,176.0,1444.8743051115569,1524.0,-18.623034789385656,-348.0,1539.3798574866366,233.0,-45.08332774624205,-116.0,1487.599550387513,677.0,,,,,,,73.0,True
104963,Yannick Mertens,1487.4848839088236,1091.0,,,,,1487.7114594798952,883.0,,,,,,,,,,,,,,,3.0,False
208389,James Trotter,1487.477138667714,1092.0,,,354.0,143.0,1485.087408283358,1016.0,,,,,,,,,,,,,,,2.0,True
144932,Kristjan Tamm,1487.4755698939018,1093.0,,,1070.0,14.0,1487.3814890594833,916.0,,,,,,,,,,,,,,,1.0,True
103047,Julien Varlet,1487.4620774181158,1094.0,-4.0307789498660895,-754.0,,,1460.772261520508,1387.0,,,1485.4288976381424,911.0,,,,,,,1515.794927220745,122.0,,,11.0,False
103465,Paul Logtens,1487.4612846291695,1095.0,,,,,,,,,,,,,1479.229029529245,823.0,,,,,,,2.0,False
105440,Arsenije Zlatanovic,1487.4371649933887,1096.0,,,,,,,,,1487.8117319566975,826.0,,,,,,,,,,,1.0,False
211542,Filippo Romano,1487.420629271974,1097.0,,,368.0,137.0,,,,,,,,,1487.6125060607005,673.0,,,,,,,1.0,True
213761,Jack Secord,1487.4206190578686,1098.0,,,1882.0,1.0,1486.6986403096719,954.0,,,,,,,,,,,,,,,1.0,True
202130,Emil Reinberg,1487.412914388321,1099.0,,,,,1489.7405113187021,753.0,,,,,,,,,,,,,,,1.0,False
212837,Roger Pascual Ferra,1487.4077523559263,1100.0,,,800.0,35.0,1487.098499022321,933.0,,,,,,,,,,,,,,,3.0,True
105318,Thomas Schoorel,1487.4032561859813,1101.0,,,,,1472.625964828324,1229.0,,,1508.1709649375462,414.0,,,,,,,,,,,6.0,False
127326,Ben Patael,1487.374712614845,1102.0,,,,,,,,,1487.584548382322,841.0,,,,,,,,,,,1.0,False
108761,Mikelis Libietis,1487.3137596566605,1103.0,,,,,1487.1621806993367,928.0,,,,,,,,,,,,,,,3.0,False
211768,Manas Dhamne,1487.3083416220074,1104.0,,,394.0,124.0,,,,,1486.8180512272227,877.0,,,,,,,,,,,1.0,True
101073,Martin Jaite,1487.2843801988674,1105.0,-43.366230615054064,-1035.0,,,1510.5420765329302,415.0,21.1488528239463,-277.0,1473.9040484158047,1122.0,-27.95189439433284,-1051.0,,,,,1488.7688364935989,305.0,,,81.0,False
129814,Ivan Ivanov,1487.256830389367,1106.0,,,669.0,51.0,,,,,,,,,1487.6065019589537,674.0,,,,,,,1.0,True
212478,William Rejchtman Vinciguerra,1487.2226077916173,1107.0,,,943.0,22.0,,,,,1487.6415448928508,836.0,,,,,,,,,,,1.0,True
102293,Xavier Avila,1487.2040930408655,1108.0,,,,,,,,,1487.1573582733445,865.0,,,,,,,,,,,1.0,False
101483,Ricardo Camargo,1487.1977761403923,1109.0,,,,,,,,,,,,,,,,,1488.0,331.0,,,1.0,False
207760,Anton Matusevich,1487.169772385298,1110.0,,,382.0,129.0,,,,,,,,,1487.9779826100269,651.0,,,,,,,1.0,True
144748,Kris Van Wyk,1487.166886752289,1111.0,,,845.0,31.0,1487.1646727937898,927.0,,,,,,,,,,,,,,,1.0,True
102522,Fabio Maggi,1487.1554435485234,1112.0,,,,,,,,,1483.8582951341384,940.0,,,,,,,,,,,4.0,False
122635,Alexander Merino,1487.1450622578698,1113.0,,,,,,,,,1487.1596946676045,864.0,,,,,,,,,,,1.0,False
105427,Milos Sekulic,1487.1345739883009,1114.0,,,,,1487.2298247095605,924.0,,,,,,,,,,,,,,,1.0,False
133975,Benjamin Hassan,1487.1262720895265,1115.0,-24.31794921658752,-683.0,341.0,149.0,1472.03704138854,1236.0,,,1506.637442356777,429.0,,,,,,,,,,,17.0,True
103184,Bob Bryan,1487.1228444043709,1116.0,8.096444134323974,-584.0,,,1462.500537869839,1364.0,17.46735081212637,-786.0,1462.2365305910569,1256.0,,,1532.87387131587,182.0,-8.105030620497928,-125.0,1490.1059047692288,276.0,,,53.0,False
200278,Simon Carr,1487.0524437187182,1117.0,,,,,1486.2958925936805,973.0,,,,,,,,,,,,,,,1.0,False
209067,Hunter Heck,1487.050655897727,1118.0,,,767.0,38.0,1487.2419328545816,922.0,,,,,,,,,,,,,,,1.0,True
102944,Stefano Cobolli,1487.0181120506486,1119.0,,,,,,,,,1486.5332987031284,890.0,,,,,,,,,,,2.0,False
103270,Kristian Capalik,1487.0170134976943,1120.0,,,,,1491.36015425752,703.0,,,1489.0066936590476,730.0,,,1497.1761896968771,436.0,,,,,,,8.0,False
103794,Benjamin Becker,1486.9899029657058,1121.0,-71.05109478306144,-941.0,,,1485.2191880758896,1011.0,-51.01474432066334,-819.0,1400.4827005064515,1538.0,-5.8483200979235335,-487.0,1548.6261324609718,144.0,-38.14653670542998,-82.0,1494.099270882074,239.0,,,367.0,False
104192,Marco Crugnola,1486.9734361435771,1122.0,,,,,1488.8994403472784,795.0,,,1494.4768080766298,602.0,,,,,,,,,,,3.0,False
100759,Danie Visser,1486.9565313082862,1123.0,,,,,1502.0877996903853,499.0,,,,,,,,,,,1488.387732143233,314.0,,,3.0,False
105917,Gianni Mina,1486.9325456862196,1124.0,,,,,,,,,1476.1790061532697,1081.0,,,,,,,,,,,5.0,False
201987,Masamichi Imamura,1486.907088227444,1125.0,,,442.0,105.0,1487.723688465068,881.0,,,,,,,,,,,,,,,1.0,True
102247,Andrea Gaudenzi,1486.903303510805,1126.0,-3.9334361119447294,-775.0,,,1413.2232471489278,1675.0,-25.5894952060753,-1053.0,1545.2668553745777,211.0,-29.047238864749488,-136.0,1428.8668505434853,1188.0,,,1435.728745458678,629.0,-38.969532107180385,-328.0,414.0,False
104250,Prakash Amritraj,1486.8850210335033,1127.0,-31.22462407335297,-897.0,,,1428.759204936824,1625.0,-44.53119936893427,-1086.0,,,,,1539.0589475647496,164.0,25.29691059451966,-31.0,1486.843017165034,389.0,,,34.0,False
202122,Yuta Shimizu,1486.8843562695297,1128.0,,,363.0,138.0,1486.792867126856,947.0,,,,,,,,,,,,,,,1.0,True
105014,Antal Van Der Duim,1486.8570930128842,1129.0,,,,,1487.4128910344523,912.0,,,,,,,,,,,,,,,1.0,False
210025,Branko Djuric,1486.8522882493103,1130.0,,,736.0,41.0,1486.7735637069977,948.0,,,,,,,,,,,,,,,1.0,True
202354,Matthew Dellavedova,1486.8405648606026,1131.0,,,435.0,108.0,1487.127138451703,932.0,,,,,,,,,,,,,,,1.0,True
103716,Uros Vico,1486.8268985809868,1132.0,,,,,1500.588920358001,515.0,,,1492.901763399875,621.0,,,1494.1406510924164,455.0,,,1491.0898039083424,261.0,,,7.0,False
202342,Ryan Seggerman,1486.8007902172058,1133.0,,,747.0,40.0,1486.6808226316439,956.0,,,,,,,,,,,,,,,1.0,True
102111,Diego Del Rio,1486.799252857183,1134.0,,,,,,,,,1486.844308288909,876.0,,,,,,,,,,,1.0,False
101105,Jose Antonio Fernandez,1486.7936751743282,1135.0,,,,,,,,,1487.2107553159944,861.0,,,,,,,,,,,1.0,False
212839,Oliver Bonding,1486.778992622313,1136.0,,,1032.0,16.0,,,,,,,,,1486.1436830228436,748.0,,,,,,,1.0,True
214588,Hanlei Lu,1486.7483511493583,1137.0,,,,,1486.3024087944048,972.0,,,,,,,,,,,,,,,1.0,False
102373,Toshiaki Sakai,1486.7435372929783,1138.0,,,,,1487.1317381447063,931.0,,,,,,,,,,,,,,,1.0,False
101328,Mihnea Ion Nastase,1486.7308969789854,1139.0,,,,,,,,,1486.8016776018667,878.0,,,,,,,,,,,1.0,False
210039,Orel Kimhi,1486.7035424191376,1140.0,,,1215.0,9.0,1487.2834581704055,920.0,,,,,,,,,,,,,,,1.0,True
101847,Bret Richardson,1486.6945001865674,1141.0,,,,,1487.547957629946,900.0,,,,,,,,,,,,,,,1.0,False
111806,Fajing Sun,1486.6687292641445,1142.0,,,265.0,203.0,1493.1754618339658,649.0,,,1489.4558894095435,710.0,,,,,,,,,,,6.0,True
209899,Ilia Simakin,1486.6330754153184,1143.0,,,268.0,202.0,,,,,1487.5553542651248,843.0,,,,,,,,,,,1.0,True
103097,Trevor Spracklin,1486.628016843495,1144.0,,,,,1486.7079684158196,953.0,,,,,,,,,,,,,,,1.0,False
104802,Fabrice Martin,1486.6164645821539,1145.0,,,,,1486.0873313640072,983.0,,,,,,,,,,,,,,,1.0,False
100904,George Bezecny,1486.5965903645636,1146.0,,,,,,,,,1487.6764044704871,833.0,,,,,,,,,,,1.0,False
101413,Felix Barrientos,1486.5960573433565,1147.0,,,,,1511.6503926294415,396.0,,,,,,,1488.0,625.0,,,1488.0,343.0,,,5.0,False
213829,Mac Visser,1486.5743733787804,1148.0,,,1354.0,6.0,,,,,,,,,1487.0768659655487,717.0,,,,,,,1.0,True
126156,Antoine Hoang,1486.5637195279546,1149.0,-45.49496141009831,-876.0,,,1454.441363368109,1452.0,-41.777549602493764,-1016.0,1511.5061771483395,383.0,,,1500.9167512837996,376.0,,,,,,,19.0,False
105066,Grzegorz Panfil,1486.5568801719633,1150.0,,,,,,,,,1486.6630395810134,884.0,,,,,,,,,,,1.0,False
200318,Yu Hsiou Hsu,1486.5267562685026,1151.0,,,207.0,273.0,1517.9254628922542,362.0,,,1488.5570529304473,756.0,,,1475.9677923132442,885.0,,,,,,,10.0,True
101149,Morten Christensen,1486.497560083467,1152.0,,,,,,,,,,,,,,,,,1487.7187224949969,356.0,,,1.0,False
103822,Scott Lipsky,1486.4785299513774,1153.0,,,,,,,,,,,,,1488.5133259143536,590.0,,,,,,,1.0,False
102365,Donny Susetyo,1486.4587760201189,1154.0,,,,,1486.0985569270379,982.0,,,,,,,,,,,,,,,1.0,False
105233,Jeevan Nedunchezhiyan,1486.4295796665906,1155.0,,,,,1486.745767291913,949.0,,,,,,,,,,,,,,,1.0,False
101022,Kelly Jones,1486.4275298163393,1156.0,5.30761760346445,-904.0,,,1493.9802345901037,627.0,-0.9853546510614706,-499.0,,,,,,,,,1467.7691163240593,533.0,,,23.0,False
214011,Kaigaoge Kang,1486.3912803072876,1157.0,,,1971.0,1.0,1487.023048947154,937.0,,,,,,,,,,,,,,,1.0,True
200297,Aziz Ouakaa,1486.3872498247683,1158.0,,,572.0,68.0,1486.2801438039212,975.0,,,,,,,,,,,,,,,1.0,True
105120,Andres Molteni,1486.3805264407042,1159.0,,,,,,,,,1485.8763456540364,904.0,,,,,,,,,,,2.0,False
207484,Neil Oberleitner,1486.3770125189305,1160.0,,,569.0,68.0,1486.6540176373803,958.0,,,,,,,,,,,,,,,1.0,True
103435,Massimo Dellacqua,1486.3324062323356,1161.0,,,,,1484.552098218146,1023.0,,,1490.2381842627076,685.0,,,1500.1410565987012,399.0,,,,,,,6.0,False
103178,Johan Settergren,1486.157372052155,1162.0,,,,,1476.0403079902192,1179.0,,,1507.3827396226122,419.0,,,,,,,,,,,6.0,False
105029,Sergey Betov,1486.154064913234,1163.0,,,1821.0,2.0,1485.5407711806524,1004.0,,,,,,,,,,,,,,,1.0,True
104707,Denis Matsukevitch,1486.1521774764612,1164.0,,,,,1494.2397404955989,618.0,,,1487.6717325055558,834.0,,,,,,,1501.6443374373564,180.0,,,4.0,False
104112,Benjamin Balleret,1486.1470743311115,1165.0,-20.585872786051596,-914.0,,,1484.468351538955,1024.0,,,1487.0955502893369,869.0,,,,,,,,,,,12.0,False
102715,Ignacio Hirigoyen,1486.0516796488703,1166.0,,,,,1490.0672791617992,738.0,,,1494.1544243439644,610.0,,,,,,,,,,,4.0,False
104677,Artem Sitak,1485.9551383631513,1167.0,,,,,1485.5214323474108,1005.0,,,,,,,,,,,,,,,1.0,False
105815,Tennys Sandgren,1485.953393552904,1168.0,-56.52833212399446,-914.0,,,1459.660117905616,1400.0,-82.25829753304924,-1178.0,1441.493475418896,1421.0,-24.305555045421897,-473.0,1525.7285880402296,207.0,3.6110850443571962,-27.0,,,,,121.0,False
102723,Eduardo Medica,1485.9459567102917,1169.0,,,,,,,,,1488.5934945492068,753.0,,,,,,,,,,,6.0,False
208852,Stefanos Sakellaridis,1485.9084119620475,1170.0,10.57351624089847,132.0,197.0,294.0,1471.029774729468,1247.0,,,1503.3698711105633,469.0,,,1499.0996974053808,419.0,,,,,,,16.0,True
105048,Alex Clayton,1485.9077509564859,1171.0,,,,,1486.2769434879642,976.0,,,,,,,,,,,,,,,1.0,False
105730,Devin Britton,1485.8463608253228,1172.0,,,,,1480.4373390268067,1092.0,,,,,,,,,,,,,,,3.0,False
102178,Scott Gessner,1485.7754104902976,1173.0,,,,,,,,,1484.988741692562,925.0,,,,,,,,,,,1.0,False
105262,Fernando Romboli,1485.752659394764,1174.0,,,,,,,,,1488.186316340831,778.0,,,,,,,,,,,1.0,False
102477,Gaston Etlis,1485.7455935868402,1175.0,10.217559743795164,-601.0,,,1531.0049465079364,297.0,50.90097338105511,85.0,1392.7436438975758,1543.0,-4.307798768829571,-918.0,1487.5837072643692,683.0,,,1500.501276804642,188.0,,,80.0,False
212044,Yi Zhou,1485.7084416662976,1176.0,-6.328176061799695,-411.0,217.0,263.0,1474.0556409161222,1211.0,-0.06687818071804941,-130.0,1487.7744006465132,828.0,,,1511.4807295089888,282.0,,,,,,,17.0,True
211503,Nico Hipfl,1485.6382992322901,1177.0,,,1093.0,13.0,,,,,1486.1525633810138,902.0,,,,,,,,,,,1.0,True
208134,Luca Nardi,1485.6257674285641,1178.0,-29.56733196551113,-754.0,163.0,366.0,1503.6052484103232,480.0,-26.61269843969717,-195.0,1435.8123113268002,1449.0,-35.0666767976295,-410.0,1477.773498734069,842.0,,,,,,,64.0,True
105952,Renzo Olivo,1485.5558137065118,1179.0,-11.607046785478133,-674.0,899.0,25.0,1450.3056354704017,1484.0,,,1506.987957065505,423.0,7.41449985433951,-58.0,1488.0583387721733,618.0,,,,,,,56.0,True
102734,Lior Mor,1485.485240896303,1180.0,,,,,1479.4588031378537,1105.0,,,,,,,,,,,,,,,2.0,False
102512,Joseph Sirianni,1485.4660211977362,1181.0,9.695811167527836,-479.0,,,1489.3209387693917,771.0,-2.157105300097328,-400.0,,,,,1466.2626032550036,1004.0,,,,,,,19.0,False
111192,Lucas Miedler,1485.4280142360915,1182.0,,,,,1495.4130099311453,601.0,,,1488.849098002515,739.0,,,,,,,,,,,4.0,False
200188,Matteo Martineau,1485.4201048338143,1183.0,,,326.0,158.0,1494.471495679687,613.0,,,,,,,1489.0560881753277,574.0,,,,,,,2.0,True
209952,Sean Cuenin,1485.4140801332342,1184.0,,,381.0,129.0,,,,,1486.3137405157981,898.0,,,,,,,,,,,1.0,True
103775,Felipe Parada,1485.4041981035941,1185.0,,,,,,,,,1487.5290979764368,844.0,,,,,,,,,,,2.0,False
105711,Dino Marcan,1485.3953516647055,1186.0,,,,,1481.6843772747243,1070.0,,,,,,,,,,,,,,,2.0,False
212020,Michele Ribecai,1485.3724663333476,1187.0,,,285.0,188.0,,,,,1486.5582404210786,888.0,,,,,,,,,,,1.0,True
105512,Alexander Sarkissian,1485.3496758904223,1188.0,,,,,1481.1329830329687,1076.0,,,,,,,,,,,,,,,6.0,False
121896,Gabor Borsos,1485.3088505963751,1189.0,,,,,1496.8669620793812,583.0,,,1488.0,801.0,,,,,,,,,,,2.0,False
111761,Benjamin Lock,1485.291459660534,1190.0,,,,,1499.6835853958646,535.0,,,1488.0,804.0,,,,,,,,,,,5.0,False
200572,Nick Hardt,1485.1867697689222,1191.0,,,398.0,123.0,1488.0387209189746,839.0,,,1495.1886393267007,591.0,,,,,,,,,,,6.0,True
102284,Filippo Messori,1485.1861176579187,1192.0,,,,,,,,,1491.221652346661,653.0,,,,,,,1487.0802804897298,386.0,,,7.0,False
103754,Mark Hilton,1485.174217137162,1193.0,,,,,,,,,,,,,1462.9792264376404,1039.0,,,,,,,5.0,False
105149,Reda El Amrani,1485.0964951327492,1194.0,,,,,1488.6782318596756,804.0,,,1505.375249898011,442.0,,,,,,,1488.788499428435,303.0,,,9.0,False
102168,Hector Moretti,1485.057852100516,1195.0,,,,,,,,,1479.3856657504582,1019.0,,,,,,,,,,,2.0,False
102306,Michael Kohlmann,1484.9074079700642,1196.0,10.608826459299962,-566.0,,,1428.4253987693444,1628.0,-13.936071445088146,-1015.0,1517.967980753273,326.0,25.42403655816497,-77.0,1456.3146609591854,1077.0,-55.46342965021881,-996.0,1492.8453621642773,242.0,,,66.0,False
101472,Tino Anda,1484.9010666639826,1197.0,,,,,,,,,,,,,,,,,1485.5557531991208,406.0,,,1.0,False
101668,Peter Nyborg,1484.849307796693,1198.0,,,,,1499.5202992272075,538.0,,,,,,,1489.238965135463,564.0,,,1491.7754350581731,251.0,,,4.0,False
111453,Mikael Torpegaard,1484.8333150491894,1199.0,,,,,1492.913341629082,656.0,,,,,,,1487.0946223582373,716.0,,,1500.0794689701088,193.0,,,7.0,False
101179,Jean Philippe Fleurian,1484.8102518374083,1200.0,-3.4214311721864306,-920.0,,,1444.2439897012337,1527.0,-50.684434249805236,-1367.0,1470.004812097438,1174.0,-11.80395655482016,-953.0,1508.9195220182964,296.0,-14.6942559589138,-283.0,1473.602107964453,502.0,-31.13240604521411,-433.0,142.0,False
126237,Gian Marco Moroni,1484.743216122548,1201.0,,,,,1487.0364925599235,936.0,,,1494.9800401447708,594.0,,,,,,,,,,,4.0,False
102060,Ignacio Martinez,1484.7102351173871,1202.0,,,,,1478.7453227178562,1115.0,,,,,,,,,,,,,,,4.0,False
206589,Gabi Adrian Boitan,1484.703014139983,1203.0,,,351.0,145.0,1501.4960764033542,504.0,,,1480.2826851973261,1009.0,,,,,,,,,,,4.0,True
104444,Ryan Henry,1484.6581821088478,1204.0,,,,,1486.5354261749303,964.0,,,,,,,,,,,,,,,1.0,False
126964,Vitaliy Sachko,1484.592870239439,1205.0,-14.068792131876307,-557.0,210.0,269.0,1510.622183803211,414.0,,,1470.0454454538128,1172.0,,,1488.6888426847584,585.0,,,,,,,21.0,True
106057,Facundo Mena,1484.5706329162563,1206.0,,,303.0,177.0,1486.3283754230024,970.0,,,,,,,,,,,,,,,1.0,True
102862,Allen Belobrajdic,1484.472266140206,1207.0,,,,,1484.9333184258892,1017.0,,,,,,,,,,,,,,,4.0,False
126609,Patrik Niklas Salminen,1484.4689742408268,1208.0,,,1557.0,3.0,1485.442966041176,1007.0,,,1511.5362955038415,380.0,,,,,,,1487.585699413623,368.0,,,3.0,True
101732,Pietro Pennisi,1484.456828146371,1209.0,,,,,,,,,1484.0525729875994,935.0,,,,,,,,,,,4.0,False
102413,Andy Zingman,1484.3054489831125,1210.0,,,,,1487.2140467488284,925.0,,,1496.1013466462762,582.0,,,,,,,,,,,4.0,False
100836,Glenn Michibata,1484.1687749961052,1211.0,-26.706510472567288,-1165.0,,,1497.8438530743902,565.0,,,,,,,1489.2134092984395,568.0,,,1499.5999923740492,196.0,,,11.0,False
106310,Alexander Ritschard,1484.0494896694718,1212.0,-14.186056998083359,-635.0,574.0,67.0,1503.521816879204,482.0,,,1476.1356753795094,1083.0,,,1490.454808894224,523.0,,,,,,,11.0,True
104291,Malek Jaziri,1484.0323800394895,1213.0,-13.957224589031739,-657.0,,,1488.377452815473,822.0,-44.86510129103385,-590.0,1518.7441462953495,318.0,21.277755303774256,95.0,1420.7007308547054,1207.0,-50.71059679818063,-556.0,1499.585699413623,206.0,,,227.0,False
102005,Johan De Beer,1483.8320356467425,1214.0,,,,,1488.3029449299572,829.0,,,,,,,,,,,1490.1983804814267,272.0,,,2.0,False
105888,Toni Androic,1483.8228157376739,1215.0,,,,,1492.0992835393467,677.0,,,1489.5729834103963,708.0,,,,,,,,,,,2.0,False
102434,Vincent Spadea,1483.6412245473423,1216.0,-52.71378169345121,-1033.0,,,1491.5544550236048,698.0,-84.14797548185902,-596.0,1504.3637930340585,454.0,-17.47404893122234,-304.0,1487.708798424272,665.0,10.379024181561817,-200.0,1500.846626332001,184.0,-46.00405804280422,-121.0,646.0,False
101381,Aaron Krickstein,1483.6291808254875,1217.0,-117.02028509640036,-1161.0,,,1548.6559356056616,234.0,-96.19198210518789,-211.0,1497.9922541686,554.0,-21.599799621250668,-489.0,1540.170530216117,158.0,26.936076074612856,-108.0,1457.9743558361665,572.0,-60.855635141891526,-520.0,219.0,False
102061,Kevin Ullyett,1483.6159898192052,1218.0,-24.198375240789574,-1031.0,,,1438.2951933806758,1574.0,-18.90808771365232,-1101.0,,,,,1515.644616004717,257.0,24.04934348745769,-140.0,1502.2867946616432,174.0,,,37.0,False
100770,Peter Moraing,1483.6026468389687,1219.0,,,,,1487.4069954485194,914.0,,,,,,,1477.3343603871965,853.0,,,1504.2796345267723,165.0,,,7.0,False
103254,Yves Allegro,1483.5992619608226,1220.0,,,,,1474.712442839323,1202.0,,,,,,,1484.6729501444945,765.0,,,,,,,9.0,False
104692,Alexander Slabinsky,1483.5671348632216,1221.0,,,,,,,,,,,,,1475.775604334193,891.0,,,,,,,2.0,False
102473,Thomas Schiessling,1483.5336677473242,1222.0,-3.7667111553373616,-877.0,,,,,,,1485.1903843183118,920.0,-4.071072014741276,-673.0,,,,,,,,,13.0,False
102800,Nenad Zimonjic,1483.524192643135,1223.0,4.0894096079241535,-698.0,,,1454.8173576070926,1447.0,,,1494.158199478989,609.0,,,1506.4676103749862,312.0,,,1483.5862594408422,418.0,,,21.0,False
212949,Ziga Sesko,1483.509177805482,1224.0,,,1007.0,18.0,,,,,1489.9184048234217,698.0,,,1487.6826409301093,667.0,,,,,,,2.0,True
104820,Erik Chvojka,1483.4896778157179,1225.0,,,,,1493.707940544015,637.0,,,1490.0053966869025,694.0,,,,,,,,,,,2.0,False
100866,Shahar Perkiss,1483.3737945334633,1226.0,,,,,1477.397946229944,1147.0,,,,,,,,,,,,,,,2.0,False
105331,Petru Alexandru Luncanu,1483.35275890976,1227.0,,,,,1491.6164792299592,696.0,,,1488.6185058725673,750.0,,,,,,,,,,,2.0,False
100653,Andres Gomez,1483.2896641215746,1228.0,-70.3664720567765,-1177.0,,,1466.5611704114938,1297.0,-11.358275569919897,-1093.0,1477.8408913304204,1047.0,-34.70640821107736,-993.0,,,,,1560.0027786268497,59.0,,,65.0,False
102433,Mose Navarra,1483.2851453368266,1229.0,-27.089170005799815,-1090.0,,,1483.8669881069573,1038.0,,,1482.181808261427,973.0,,,1504.9745617606384,321.0,,,,,,,11.0,False
103730,Jonathan Marray,1483.1474040620378,1230.0,-16.805514664265502,-950.0,,,1488.938385181834,794.0,,,,,,,1480.0066352693896,809.0,-7.951783282767337,-513.0,,,,,12.0,False
105063,Andrea Arnaboldi,1483.1437378742492,1231.0,-11.621883455328998,-752.0,,,1492.8023095664914,659.0,,,1485.1883897466087,921.0,4.614183503615095,-271.0,1492.3271392594786,481.0,,,,,,,14.0,False
200259,Ugo Blanchet,1483.0924327262135,1232.0,-9.389850336082418,-445.0,160.0,376.0,1475.51735612923,1187.0,-12.227980640254373,-406.0,1493.6202984976374,614.0,,,,,,,,,,,16.0,True
109734,Skander Mansouri,1483.0589856418474,1233.0,,,1248.0,8.0,1495.6612630411344,599.0,,,1488.0,807.0,,,,,,,,,,,2.0,True
102277,Bing Chao Lin,1482.8906647673543,1234.0,,,,,1477.2197518156515,1150.0,,,,,,,,,,,1500.2184265062285,192.0,,,6.0,False
101835,Arne Thoms,1482.796813159635,1235.0,-8.291477332350496,-1027.0,,,1466.526859523772,1299.0,,,1467.165710104516,1206.0,,,1501.1413886686296,370.0,-21.043902061172957,-336.0,1494.6303835156668,234.0,11.15851314575957,-45.0,51.0,False
104960,Miguel Angel Reyes Varela,1482.7824361207743,1236.0,,,,,1491.7835255091543,687.0,,,1491.5315978889867,642.0,,,,,,,,,,,2.0,False
104667,Philipp Oswald,1482.721266729839,1237.0,,,,,1491.1922767127865,706.0,,,1489.4061699167348,711.0,,,,,,,,,,,4.0,False
102791,Bobby Kokavec,1482.5894591491096,1238.0,,,,,1481.3903094902057,1075.0,,,,,,,,,,,,,,,5.0,False
101332,Gilad Bloom,1482.5611949156223,1239.0,3.449686061264856,-948.0,,,1469.0060895911158,1264.0,0.07355580546072815,-1025.0,1468.6279380260355,1185.0,,,1477.827072884678,840.0,,,1506.0896022375568,159.0,,,71.0,False
207794,Younes Lalami Laaroussi,1482.4854930376919,1240.0,,,838.0,32.0,,,,,1481.7195027842145,980.0,,,,,,,,,,,2.0,True
106420,Gianluigi Quinzi,1482.3904975853652,1241.0,,,,,1473.7369971468013,1215.0,,,1505.854053901215,437.0,,,,,,,,,,,5.0,False
103722,Florent Serra,1482.3651775841608,1242.0,-51.490641860598544,-1029.0,,,1464.257352191138,1331.0,-58.21783779195721,-1131.0,1534.762598977717,248.0,-34.801462907833184,-148.0,1436.0541539348928,1166.0,-47.572443244261194,-740.0,1448.6761298492977,605.0,,,291.0,False
103912,Mario Radic,1482.3547053895861,1243.0,,,,,,,,,1481.3028869595248,988.0,,,,,,,,,,,6.0,False
104115,Marc Kimmich,1482.3069089928574,1244.0,,,,,1477.9473274704435,1134.0,,,,,,,,,,,,,,,3.0,False
101226,Johan Carlsson,1482.2960625519231,1245.0,-21.950253166686934,-1148.0,,,1493.1109603669938,652.0,-14.588461897529442,-591.0,1488.7518938957858,745.0,,,,,,,1489.3993086073897,287.0,,,22.0,False
106281,Liam Broady,1482.2800125336853,1246.0,-54.90921018512927,-960.0,219.0,260.0,1516.9690253038273,369.0,20.292063526927222,104.0,1467.3769266614152,1201.0,,,1430.0159574343952,1185.0,-10.472051993733885,-213.0,,,,,56.0,True
103281,Ladislav Svarc,1482.27080930227,1247.0,,,,,1491.7295605957627,690.0,,,1490.5158730942662,672.0,,,,,,,,,,,2.0,False
104415,Colin Fleming,1482.270750873314,1248.0,,,,,,,,,,,,,1478.44560321063,830.0,,,,,,,2.0,False
101321,Juan Carlos Baguena,1482.1984240143258,1249.0,,,,,,,,,1488.0,793.0,,,,,,,1488.0157231882881,325.0,,,2.0,False
101674,Rudiger Haas,1482.1367686227854,1250.0,,,,,,,,,1488.352657060746,767.0,,,,,,,1489.4840687422432,284.0,,,2.0,False
209406,Abedallah Shelbayh,1482.115010761274,1251.0,31.776460408917274,328.0,311.0,172.0,1477.8106232758225,1136.0,-3.641889570852072,-185.0,1479.2719790898202,1023.0,,,1483.7461657056097,770.0,,,,,,,24.0,True
101444,Bonit Wiryawan,1482.064714435966,1252.0,,,,,1484.076029451999,1032.0,,,,,,,,,,,,,,,2.0,False
101851,Alexis Hombrecher,1482.0204487517258,1253.0,,,,,1488.027648492547,841.0,,,,,,,,,,,1490.4102029324433,267.0,,,2.0,False
102465,Gabriel Silberstein,1482.0033952823487,1254.0,-6.320784309138844,-1013.0,,,,,,,1478.711239426569,1029.0,-10.498208686253747,-844.0,,,,,,,,,11.0,False
209951,Petr Bar Biryukov,1481.9301852790275,1255.0,,,269.0,201.0,1501.3266536316532,508.0,,,,,,,1476.3126115061104,877.0,,,,,,,4.0,True
101841,Aleksandar Kitinov,1481.795291119236,1256.0,,,,,1490.7144550251394,713.0,,,,,,,1487.1854081734364,711.0,,,,,,,2.0,False
101704,Ellis Ferreira,1481.763695605598,1257.0,-13.218729518748205,-1117.0,,,1497.0738306861592,578.0,,,1476.8145277881536,1068.0,,,1493.1018520178573,468.0,,,,,,,11.0,False
105960,Evan King,1481.717269290271,1258.0,,,,,1475.9127063421356,1182.0,,,,,,,,,,,,,,,5.0,False
212063,Matej Dodig,1481.703209206283,1259.0,,,201.0,283.0,1497.7992315681013,566.0,,,1485.1121309548757,923.0,,,1500.414300586377,389.0,,,,,,,9.0,True
200418,Karl Friberg,1481.6378206673592,1260.0,,,997.0,19.0,1478.6568911590575,1120.0,,,,,,,,,,,,,,,2.0,True
103830,Shao Xuan Zeng,1481.6161586833655,1261.0,,,,,1472.370963018312,1231.0,,,,,,,,,,,,,,,7.0,False
100782,Pablo Arraya,1481.564230824709,1262.0,-7.456061335241657,-1100.0,,,1458.2148454444148,1409.0,,,1516.9485160723973,332.0,-49.3154778798762,-323.0,1488.0281251577626,620.0,,,1501.214143929783,183.0,,,27.0,False
106261,Dennis Novikov,1481.553150242789,1263.0,16.399436255825094,-188.0,,,1466.2430661072058,1303.0,,,,,,,1488.455866475832,594.0,,,,,,,16.0,False
101393,Jens Woehrmann,1481.441652770113,1264.0,,,,,,,,,1490.9427768749238,661.0,,,,,,,1488.0,330.0,,,6.0,False
105963,Arthur De Greef,1481.3324472956274,1265.0,,,,,1497.7076455622027,569.0,,,1482.269419469902,968.0,,,,,,,,,,,10.0,False
123828,Jan Choinski,1481.3257867528798,1266.0,34.02834179266233,457.0,101.0,599.0,1439.3507159152134,1567.0,,,1483.144760918974,951.0,,,1499.32835597104,413.0,36.59690971424129,464.0,,,,,26.0,True
103908,Paul Henri Mathieu,1481.1764410900487,1267.0,-92.30743099354845,-1107.0,,,1464.238118057628,1333.0,-88.71731277097615,-1176.0,1541.122011051264,229.0,-19.585422836940552,-97.0,1501.3535949405534,368.0,-12.809298835716845,-205.0,1529.0377620435102,96.0,-37.006502116375714,-49.0,559.0,False
213608,Moise Kouame,1481.1633138006016,1268.0,,,318.0,165.0,1467.9849113497653,1284.0,,,1510.0868045844506,396.0,,,,,,,,,,,7.0,True
102811,Dusan Vemic,1481.103007879275,1269.0,-49.988089015702826,-1091.0,,,1465.680482338501,1313.0,,,1506.1007432370068,435.0,-7.804550185300059,-323.0,1500.1547863021303,398.0,,,,,,,24.0,False
101602,Jack Waite,1481.0692971707883,1270.0,,,,,1491.74447758367,688.0,,,1494.7838641625026,597.0,,,,,,,1487.2616682111016,378.0,,,3.0,False
100870,Christo Van Rensburg,1480.9830189527145,1271.0,-26.175662501673514,-1149.0,,,1403.1122678325055,1698.0,-74.68193026417634,-1463.0,1482.661386424799,961.0,,,1565.2224231151808,113.0,39.07172180741918,-80.0,1470.639281970521,516.0,-16.544177504432582,-335.0,101.0,False
101138,Pat Cash,1480.9415014970969,1272.0,-27.260428825595227,-1126.0,,,1485.8672826736445,992.0,-23.79165850812433,-895.0,1453.6884382231162,1336.0,,,1501.7466777681134,366.0,-21.4809098948906,-358.0,1494.126140401786,238.0,-17.87385959821404,-237.0,52.0,False
103457,Petr Kralert,1480.850716433729,1273.0,,,,,1500.2979199801734,526.0,,,1474.1478349545057,1119.0,,,,,,,,,,,5.0,False
102669,Noam Behr,1480.8124511375765,1274.0,-10.629327055717567,-1046.0,,,1479.0320739144317,1110.0,-18.365673560353116,-963.0,,,,,,,,,1489.9223055692887,279.0,,,14.0,False
105720,Stanislav Vovk,1480.7394784837263,1275.0,,,,,1488.356959526273,826.0,,,1489.202133136604,721.0,,,,,,,,,,,2.0,False
105655,Hiroki Moriya,1480.7208987983365,1276.0,-19.73287015278015,-898.0,417.0,114.0,1478.138446166514,1129.0,-21.80733816026168,-821.0,,,,,1493.8714093997532,462.0,,,,,,,14.0,True
105806,Mirza Basic,1480.6447109786345,1277.0,-37.45587021938991,-945.0,539.0,76.0,1502.9255916823013,488.0,-79.5704734479084,-356.0,1464.6779356004997,1233.0,-23.57909608283103,-666.0,1475.1953769569604,903.0,,,1512.414300586377,130.0,,,61.0,True
106391,Adrian Bodmer,1480.629395972238,1278.0,,,,,1479.5385053827006,1103.0,,,,,,,,,,,,,,,2.0,False
103319,Jeff Morrison,1480.622212591147,1279.0,22.37580240057946,-481.0,,,1471.9524790269288,1238.0,-28.87668500294467,-999.0,1472.9943439754006,1132.0,,,1475.7387059503753,893.0,-28.90821305043005,-768.0,,,,,87.0,False
101502,Torben Theine,1480.5565154970736,1280.0,,,,,,,,,1480.330540783978,1007.0,,,,,,,,,,,2.0,False
208119,Liam Draxl,1480.543315036466,1281.0,0.26167026194093523,-85.0,164.0,364.0,1488.3744421645313,823.0,,,1489.392900969268,712.0,,,1487.988956011826,645.0,,,,,,,12.0,True
101248,Pat Crow,1480.5430853598818,1282.0,,,,,1478.5675826441504,1122.0,,,,,,,,,,,,,,,2.0,False
206307,Joao Lucas Reis Da Silva,1480.3977294419208,1283.0,,,198.0,291.0,,,,,1491.3084354606694,648.0,,,1487.993981077157,641.0,,,,,,,4.0,True
103582,Michael Berrer,1480.3785376167025,1284.0,-52.56822852852906,-1047.0,,,1515.7846817641903,375.0,-28.323782067425554,-201.0,1428.9892258527175,1485.0,-46.64397810403193,-824.0,1439.0205069132987,1151.0,-19.012522918596915,-503.0,1499.1193728170401,210.0,,,229.0,False
126283,Yunseong Chung,1480.3419610788853,1285.0,,,915.0,24.0,1489.6430054624725,758.0,,,,,,,1489.837513967223,542.0,,,,,,,2.0,True
200647,Sho Shimabukuro,1480.2015061293798,1286.0,-57.29372123451594,-963.0,103.0,596.0,1432.794652508226,1602.0,-47.27563698114432,-573.0,1488.058286175004,784.0,,,1522.4321665688788,224.0,,,,,,,33.0,True
126177,Strong Kirchheimer,1480.1842763988577,1287.0,,,649.0,54.0,1480.425778734617,1093.0,,,,,,,,,,,,,,,2.0,True
124013,Eduardo Nava,1480.1278834977577,1288.0,,,,,1485.5456481719418,1003.0,,,1491.1010755718726,657.0,,,,,,,,,,,2.0,False
103737,Edgardo Massa,1480.0034867865897,1289.0,-8.10211432755159,-817.0,,,1495.6257378543698,600.0,,,1480.66731987778,1001.0,-3.5862345960713355,-550.0,1487.5634109678808,689.0,,,,,,,24.0,False
103851,Conor Niland,1479.8982726634586,1290.0,,,,,1499.3213633130097,541.0,,,1487.8698055941938,824.0,,,1488.1965074636355,606.0,,,,,,,3.0,False
105634,Viktor Galovic,1479.8761660334,1291.0,,,,,,,,,1494.630518676912,600.0,,,1476.3446263152236,875.0,,,,,,,9.0,False
104007,Andre Ghem,1479.8751149539669,1292.0,,,,,,,,,1481.4757154301274,984.0,,,,,,,,,,,7.0,False
211501,Kenta Miyoshi,1479.8124112791854,1293.0,,,630.0,56.0,1482.103202104759,1064.0,,,,,,,,,,,,,,,2.0,True
100282,Guillermo Vilas,1479.7713700399008,1294.0,,,,,,,,,1477.5416075526216,1059.0,,,,,,,,,,,2.0,False
104729,Ivan Nedelko,1479.7506084177926,1295.0,,,904.0,25.0,1475.450361521511,1190.0,,,,,,,,,,,,,,,2.0,True
102809,Axel Pretzsch,1479.6897574126167,1296.0,-33.64455047883598,-1104.0,,,1485.3615936113977,1008.0,-25.221264233999136,-862.0,1484.1966461798977,933.0,,,1454.0566319182212,1096.0,,,,,,,36.0,False
101612,Roland Burtscher,1479.6426906030679,1297.0,,,,,1494.1414566795543,621.0,,,1489.332037016709,716.0,,,,,,,1486.377848736457,396.0,,,7.0,False
200666,Jie Cui,1479.6271085418105,1298.0,,,389.0,125.0,1475.6079558589472,1185.0,,,,,,,,,,,,,,,2.0,True
144760,Amine Ahouda,1479.618419407432,1299.0,,,,,1489.5377516160388,765.0,,,1499.1644198961362,536.0,,,,,,,1488.3884527768678,313.0,,,7.0,False
126627,Johan Nikles,1479.6158733936993,1300.0,,,437.0,107.0,,,,,1477.366743948717,1061.0,,,,,,,,,,,4.0,True
103529,Aisam Ul Haq Qureshi,1479.5450316865163,1301.0,-38.76979265238606,-1082.0,,,1465.2387873219732,1322.0,,,,,,,1498.1453215412434,431.0,,,,,,,14.0,False
101265,Patrick McEnroe,1479.5295235247024,1302.0,-98.50796709140513,-1225.0,,,1484.003663063914,1035.0,-132.3838833362688,-1001.0,1466.086377134606,1218.0,-44.80271971627667,-1140.0,1459.0881653684862,1065.0,-30.22602356480138,-966.0,1479.3210291103883,446.0,-40.23117888057254,-398.0,233.0,False
101955,Luis Herrera,1479.4589947307875,1303.0,19.704889700313515,-858.0,,,1438.733772671089,1572.0,28.45974425756299,-1192.0,1479.3000473356503,1021.0,-9.182410030614847,-890.0,1504.3687068341835,326.0,-1.9989433413602455,-263.0,1477.9909226925301,459.0,,,99.0,False
102010,Clinton Marsh,1479.3930652684382,1304.0,,,,,1479.4340383513065,1106.0,,,,,,,,,,,,,,,3.0,False
106035,Isak Arvidsson,1479.3317139011963,1305.0,,,,,1482.7387349599712,1054.0,,,1488.1521218441746,780.0,,,,,,,,,,,5.0,False
101230,Andrei Chesnokov,1479.2996318602936,1306.0,11.465558262043714,-851.0,,,1486.0575007443238,986.0,-7.699991273757405,-818.0,1534.699402614839,249.0,10.794400180268667,-167.0,1428.7233223513545,1189.0,,,1478.5705880510952,450.0,-63.35512377485725,-410.0,300.0,False
103553,Alun Jones,1479.254345985789,1307.0,-8.047399639640616,-895.0,,,1466.0641280304917,1305.0,-15.823395885269747,-908.0,,,,,,,,,,,,,12.0,False
102145,Francisco Cabello,1479.2033675518117,1308.0,,,,,,,,,1477.765266725295,1053.0,,,,,,,,,,,7.0,False
103925,Gabriel Moraru,1479.1840179279736,1309.0,,,,,,,,,1479.7108457742668,1014.0,,,,,,,,,,,2.0,False
100747,Glenn Layendecker,1479.122301981452,1310.0,-25.320623946637625,-1229.0,,,1494.6407768038869,609.0,-16.944922609736068,-570.0,1493.557466471643,616.0,,,1492.4186406203028,478.0,,,1489.6109560609875,283.0,,,20.0,False
101406,Wojtek Kowalski,1479.0780537893725,1311.0,16.7855463152614,-860.0,,,1500.2914945614436,527.0,,,1465.273586397449,1226.0,,,,,,,1495.0773988172068,233.0,,,14.0,False
104500,Somdev Devvarman,1478.874368888369,1312.0,-49.82349328084183,-1074.0,,,1516.1262618388428,372.0,-52.95760197404093,-250.0,1467.1695766899834,1204.0,-42.54973808341106,-980.0,1454.3594254027144,1094.0,-36.21913686622861,-802.0,,,,,118.0,False
105001,Mao Xin Gong,1478.7468445646236,1313.0,,,,,1475.4179140508459,1191.0,,,,,,,,,,,,,,,4.0,False
103967,Michael Lammer,1478.7112726745258,1314.0,35.15963890710191,-317.0,,,1503.5833634406056,481.0,6.74743845226817,-191.0,1447.962610615584,1382.0,,,,,,,1490.3696802646027,268.0,,,22.0,False
125803,Daniel Windahl,1478.6618932990316,1315.0,,,,,1476.5006549726818,1173.0,,,,,,,,,,,,,,,2.0,False
105671,Gastao Elias,1478.5551108534585,1316.0,-75.70111804631233,-1111.0,662.0,52.0,1419.2120333319529,1664.0,-64.30251325569111,-949.0,1552.3597161081966,196.0,-6.434765918374751,-57.0,1464.2844702021157,1028.0,,,,,,,74.0,True
101574,Alejandro Aramburu,1478.537562950105,1317.0,,,,,,,,,1474.5419747629257,1113.0,,,,,,,,,,,2.0,False
211577,Antoine Ghibaudo,1478.5367185655919,1318.0,,,291.0,183.0,,,,,1488.0,810.0,,,1485.9211259737408,754.0,,,,,,,4.0,True
104816,Karan Rastogi,1478.4934795180354,1319.0,,,,,1476.6960661870155,1164.0,,,,,,,,,,,,,,,5.0,False
210012,Henrique Rocha,1478.476209113449,1320.0,-34.32130478824183,-866.0,119.0,528.0,1507.3538643917348,447.0,,,1471.8147790032765,1146.0,-10.395357098690738,-286.0,1488.8013170912927,581.0,,,,,,,19.0,True
106033,Romain Arneodo,1478.3008900407235,1321.0,,,,,1476.6591122597795,1167.0,,,,,,,,,,,,,,,2.0,False
101093,Steve Devries,1478.228586660291,1322.0,,,,,1489.7834398974726,752.0,,,,,,,,,,,1488.0,341.0,,,4.0,False
102904,Leos Friedl,1478.2283369433699,1323.0,,,,,1479.8273233299694,1099.0,,,,,,,,,,,1488.0,344.0,,,5.0,False
101779,Pavel Vizner,1478.1550681565786,1324.0,,,,,,,,,1489.1694200203192,722.0,,,,,,,1489.3276648865833,291.0,,,2.0,False
104477,Jorge Aguilar,1478.1447249781631,1325.0,,,,,,,,,1476.118680994032,1084.0,,,,,,,,,,,4.0,False
101672,Michael Geserer,1478.1359609336423,1326.0,,,,,1498.5320566406192,554.0,,,1478.9646012964047,1025.0,,,,,,,,,,,8.0,False
103082,Markus Hantschk,1478.103871824051,1327.0,-37.532380681054974,-1140.0,,,1462.3988703049067,1365.0,-23.118720639631874,-1003.0,1498.410207242915,547.0,-36.7554543173128,-444.0,1474.9888147446186,907.0,,,,,,,65.0,False
206600,Zura Tkemaladze,1478.1006549531876,1328.0,,,1040.0,16.0,1478.4984644958565,1124.0,,,,,,,,,,,,,,,2.0,True
101947,Vincenzo Santopadre,1478.0924699162647,1329.0,-35.484162980401834,-1158.0,,,1484.0516080002174,1033.0,-5.8864702177043,-805.0,1491.7017297993336,635.0,-47.85766839025791,-547.0,1493.9030237659038,461.0,,,1488.2334675858485,317.0,,,43.0,False
104850,Jonathan Dasnieres De Veigy,1478.0234891666387,1330.0,,,,,1485.4708945055945,1006.0,,,1486.7675166130084,879.0,,,,,,,,,,,6.0,False
207139,Palaphoom Kovapitukted,1477.993609432557,1331.0,,,,,1477.9933327766826,1133.0,,,,,,,,,,,,,,,2.0,False
144747,Courtney John Lock,1477.961565224277,1332.0,,,1557.0,3.0,1477.7919666318023,1137.0,,,,,,,,,,,,,,,2.0,True
105471,Cesar Ramirez,1477.9339697907237,1333.0,,,,,,,,,1480.5534642161338,1003.0,,,,,,,,,,,3.0,False
105438,Inigo Cervantes Huegun,1477.900873557594,1334.0,-11.022683101536586,-684.0,,,1488.1094182231539,837.0,18.143325516593222,-9.0,1467.9489847232096,1195.0,-17.478358410292003,-587.0,1485.332199925998,761.0,,,,,,,49.0,False
104230,Daniel Koellerer,1477.8827136893763,1335.0,-23.62221152001075,-993.0,,,1496.4881285790773,590.0,-16.146830492649542,-372.0,1487.874448351628,822.0,-8.049620603919038,-509.0,1450.8457459537765,1113.0,,,,,,,53.0,False
103726,Jean Christophe Faurel,1477.8813406116446,1336.0,,,,,1492.31203869166,669.0,,,1478.3868048689678,1037.0,,,1486.6428978290094,730.0,,,,,,,9.0,False
105738,Tsung Hua Yang,1477.847108389474,1337.0,,,,,1471.8881807409468,1239.0,,,,,,,,,,,,,,,6.0,False
132573,Luca Castelnuovo,1477.8470097107286,1338.0,,,342.0,149.0,1487.0671295177965,934.0,,,,,,,1487.6739347411183,668.0,,,,,,,2.0,True
102394,Johan Van Herck,1477.8310610655783,1339.0,-10.930791042889041,-1027.0,,,1437.617877027355,1576.0,-57.14870866818046,-1389.0,1492.3140361066771,630.0,-31.186644511611803,-532.0,1436.7244726200443,1162.0,,,1509.4703524528625,149.0,-6.040367212899582,-85.0,115.0,False
104424,Go Soeda,1477.8291043396619,1340.0,20.40096849825659,-117.0,,,1456.7286079843996,1428.0,14.338128293135014,-308.0,1458.0464484411957,1301.0,-33.669751718074394,-935.0,1447.8942449622507,1122.0,-36.729121163212085,-658.0,1486.0625780122166,401.0,,,114.0,False
105161,Yann Marti,1477.7551955953468,1341.0,,,,,,,,,1477.5929973252169,1057.0,,,,,,,,,,,7.0,False
200484,Rudolf Molleker,1477.737245351577,1342.0,-14.580314048838545,-709.0,409.0,119.0,1493.2652201169826,645.0,,,1478.6365595308512,1031.0,-32.283960437732276,-754.0,1471.7900836299495,942.0,,,,,,,18.0,True
144642,Tomas Barrios Vera,1477.6607936427324,1343.0,49.34367595229264,464.0,136.0,450.0,1479.0350612937118,1109.0,2.9703418695312394,-133.0,1451.9633385095553,1356.0,-31.085336996412707,-481.0,1507.7934385252515,304.0,,,,,,,42.0,True
106034,Yasutaka Uchiyama,1477.640020157025,1344.0,23.307532361449603,47.0,312.0,169.0,1493.5705311662905,639.0,9.493806879679823,183.0,1481.6617161414763,981.0,,,1464.9567156543033,1021.0,,,,,,,39.0,True
102881,David Skoch,1477.535464865941,1345.0,-40.71900077078749,-1234.0,,,1460.026292528104,1396.0,,,1509.8223783963185,401.0,,,,,,,,,,,13.0,False
103324,Arnaud Di Pasquale,1477.5164292461066,1346.0,-40.25271087753208,-1147.0,,,1426.8855782400403,1633.0,-1.031104219227018,-993.0,1482.2056003216971,972.0,-30.21534354264918,-808.0,1485.3945609214095,760.0,,,1483.177890417985,422.0,,,158.0,False
101504,Laurent Prades,1477.5002237138308,1347.0,,,,,1480.905195533507,1082.0,,,1490.0229880098616,693.0,,,,,,,,,,,9.0,False
111506,Maxime Hamou,1477.4807917435617,1348.0,,,,,,,,,1472.9175965038805,1134.0,,,,,,,,,,,3.0,False
103684,Benedikt Dorsch,1477.4787138966678,1349.0,,,,,1482.0566363897628,1065.0,,,,,,,1490.214135442338,529.0,,,,,,,3.0,False
100942,Thierry Tulasne,1477.408605116355,1350.0,,,,,,,,,1477.6609560410552,1055.0,,,,,,,,,,,2.0,False
104070,Jesse Witten,1477.4028366040895,1351.0,-14.129078895524799,-946.0,,,1482.5084833396543,1059.0,,,1477.9942591197228,1046.0,,,1492.1817031984572,486.0,,,,,,,11.0,False
100857,Sergio Casal,1477.3914339667772,1352.0,,,,,1485.7999038474948,995.0,,,1488.0,794.0,,,,,,,,,,,2.0,False
103487,Federico Luzzi,1477.3455041576356,1353.0,-28.186510116070167,-1093.0,,,1472.5674643023244,1230.0,-19.9412146896193,-978.0,1490.2882892354883,684.0,-32.56565927452698,-552.0,,,,,1476.791805465301,471.0,,,44.0,False
109739,Maximilian Marterer,1477.3176779290739,1354.0,18.14791997452653,124.0,746.0,40.0,1460.8501428689003,1386.0,-13.236958809972066,-308.0,1463.606819192641,1244.0,-14.783002124344875,-327.0,1466.1083471482175,1007.0,-3.1830645658199046,-335.0,,,,,118.0,True
105091,Peter Torebko,1477.193372699094,1355.0,,,,,,,,,1475.6056789227694,1095.0,,,,,,,,,,,2.0,False
105271,Gonzalo Escobar,1477.1902677619064,1356.0,,,,,,,,,1479.4110880762948,1018.0,,,,,,,,,,,4.0,False
103963,Filip Urban,1477.1886008770525,1357.0,,,,,,,,,1475.9978011616533,1089.0,,,,,,,,,,,2.0,False
100865,Marcelo Ingaramo,1477.148887970463,1358.0,,,,,,,,,1478.4421546718738,1035.0,,,,,,,,,,,4.0,False
208182,Saba Purtseladze,1477.0956035962622,1359.0,,,665.0,52.0,1476.6529415604696,1168.0,,,,,,,,,,,,,,,4.0,True
106324,Vaclav Safranek,1477.021190599427,1360.0,,,,,1485.9749940041065,988.0,,,1487.2535848917435,858.0,,,,,,,,,,,3.0,False
104325,Johannes Ager,1476.9924746039962,1361.0,,,,,,,,,1479.5405355378018,1015.0,,,,,,,,,,,2.0,False
101124,Paolo Cane,1476.9849143239662,1362.0,-19.815850599169153,-1198.0,,,1468.781836992774,1271.0,,,1476.1480920483602,1082.0,-18.436854899111268,-964.0,,,,,1499.631711748805,195.0,,,56.0,False
103586,Mariusz Fyrstenberg,1476.9368613729873,1363.0,,,,,,,,,1477.1300630262583,1063.0,,,,,,,,,,,3.0,False
100431,Mansour Bahrami,1476.8532141228352,1364.0,,,,,1491.6189223912545,695.0,,,1487.6579802269225,835.0,,,,,,,,,,,2.0,False
102002,Davide Scala,1476.8431802309494,1365.0,-56.93995194636068,-1244.0,,,1488.9651050196485,793.0,,,1470.2259805566175,1170.0,-32.9783649028509,-1029.0,,,,,1501.6413147340345,181.0,,,21.0,False
105633,Mohamed Safwat,1476.8348874634764,1366.0,33.02725429905695,22.0,1882.0,1.0,1429.8050759218847,1620.0,,,1521.7471179184213,304.0,,,1502.2018957366838,359.0,,,,,,,20.0,True
124022,Chun Hun Wong,1476.8260796439358,1367.0,,,,,1476.8258957932467,1160.0,,,,,,,,,,,,,,,2.0,False
209874,Maks Kasnikowski,1476.7901270777447,1368.0,,,315.0,167.0,1486.5873237309202,963.0,,,1487.3705516278521,853.0,,,,,,,,,,,4.0,True
211500,Tiago Pereira,1476.6956796396348,1369.0,,,270.0,199.0,,,,,1488.453799339654,762.0,,,1487.5629616408744,690.0,,,,,,,2.0,True
101740,Sascha Nensel,1476.6479946365196,1370.0,,,,,1486.155093371929,979.0,,,1488.0,795.0,,,,,,,,,,,2.0,False
209911,Guy Den Ouden,1476.6421762659627,1371.0,,,211.0,268.0,1498.4583858538292,555.0,,,1487.178827883788,863.0,,,1487.98142343566,649.0,,,,,,,5.0,True
103516,Nathan Healey,1476.6419526011937,1372.0,5.849048170920241,-642.0,,,1465.173114306712,1323.0,-21.905552022213442,-901.0,1492.9752371054703,620.0,,,1499.1587596498605,418.0,,,,,,,19.0,False
102880,Alexander Popp,1476.6419474305433,1373.0,-40.225148492781045,-1155.0,,,1446.55928989152,1514.0,-48.372898733912734,-1245.0,1386.4530113598987,1549.0,-31.366005844501842,-855.0,1573.6084249754242,101.0,-18.88401372711428,-69.0,1472.8096011846262,503.0,,,108.0,False
102103,Michael Sell,1476.5400605426403,1374.0,8.781722246505069,-896.0,,,1483.3323400598676,1046.0,-4.016723170138448,-769.0,1485.8261348463227,905.0,,,1477.4207330988334,850.0,,,,,,,19.0,False
100728,Todd Nelson,1476.5217669619808,1375.0,-34.63734423937444,-1314.0,,,1481.9551188892224,1066.0,,,,,,,1499.2137381685322,417.0,,,,,,,11.0,False
101262,Rikard Bergh,1476.2930688160977,1376.0,,,,,1487.5774674931267,896.0,,,,,,,,,,,1487.2421621131102,380.0,,,2.0,False
101608,Tom Kempers,1476.279614056489,1377.0,,,,,,,,,1485.0030712587923,924.0,,,1476.3464331860534,874.0,,,1502.6336940115616,171.0,,,8.0,False
101591,Danny Sapsford,1476.106632321797,1378.0,7.166494093274196,-924.0,,,1484.3609488611003,1026.0,,,1518.3262684011195,322.0,,,1467.2709544433083,993.0,9.373193185724404,-702.0,1438.4068413988502,627.0,,,42.0,False
200452,Patrick Zahraj,1475.9348438064337,1379.0,,,395.0,124.0,,,,,1475.5698616278555,1098.0,,,,,,,,,,,2.0,True
103104,Bjorn Rehnquist,1475.901901548416,1380.0,1.8814548788191132,-794.0,,,1461.1217820237111,1379.0,,,1502.7925516198454,476.0,,,,,,,,,,,13.0,False
207546,Pol Martin Tiffon,1475.894196558656,1381.0,,,222.0,257.0,1488.0,862.0,,,1486.0028393859366,903.0,,,1500.0006548188096,401.0,,,,,,,4.0,True
105911,Andrea Collarini,1475.836036104008,1382.0,,,278.0,193.0,,,,,1476.4792915239784,1072.0,,,,,,,,,,,2.0,True
101641,Jose Luis Noriega,1475.8134650044667,1383.0,,,,,1488.2841004783845,831.0,,,1489.330011196226,717.0,,,,,,,,,,,2.0,False
101585,Fabio Silberberg,1475.6842158913803,1384.0,,,,,1486.2925182739712,974.0,,,,,,,,,,,1488.0,338.0,,,2.0,False
202147,Florent Bax,1475.6759899948913,1385.0,,,250.0,221.0,,,,,1488.0,812.0,,,1487.1230569006598,715.0,,,,,,,2.0,True
207213,Duje Ajdukovic,1475.6477744969197,1386.0,7.55688926622679,-34.0,289.0,185.0,1483.7146960528828,1040.0,,,1487.0362925548613,870.0,-15.759125545802817,-487.0,,,,,,,,,16.0,True
106045,Denis Kudla,1475.6183072045728,1387.0,-24.67637018567393,-837.0,,,1448.44632886845,1500.0,8.501091517645818,-171.0,1427.687945752988,1490.0,-14.019939199469263,-372.0,1537.2200356650728,171.0,18.029380418084656,17.0,,,,,202.0,False
101145,Jonathan Canter,1475.5808620870341,1388.0,,,,,1480.6241130447372,1089.0,,,,,,,1488.1628526666864,612.0,,,,,,,8.0,False
101311,Kent Kinnear,1475.5119078249995,1389.0,-51.7820985160638,-1292.0,,,1467.8279090497726,1285.0,-23.434585588309574,-1170.0,,,,,1489.5779149921414,552.0,,,1497.6597579032718,217.0,,,20.0,False
102961,Nicklas Timfjord,1475.487023635289,1390.0,,,,,,,,,1475.5551930100257,1099.0,,,,,,,,,,,3.0,False
106228,Juan Ignacio Londero,1475.4306837168526,1391.0,10.601461511071648,-111.0,,,1444.5910502303923,1526.0,-52.89437968832476,-1101.0,1519.8702739093974,312.0,-4.731802557779702,-69.0,1477.6006867029182,844.0,,,,,,,85.0,False
101468,Gerard Solves,1475.396774474408,1392.0,7.116173483924513,-935.0,,,1537.703889292582,275.0,27.669249926694647,-180.0,1407.9702229455997,1531.0,-22.16635128123562,-1098.0,1486.6430535658076,729.0,,,1498.6135847769874,214.0,,,53.0,False
208223,Alvaro Guillen Meza,1475.3605573985963,1393.0,,,262.0,206.0,,,,,1478.772104455262,1027.0,,,,,,,,,,,2.0,True
106138,Yaraslav Shyla,1475.3378244824576,1394.0,,,1728.0,2.0,1484.7957537870857,1019.0,,,1487.441630694442,849.0,,,,,,,,,,,6.0,True
210464,Darwin Blanch,1475.3196210156618,1395.0,-7.528332495327504,-249.0,229.0,252.0,1462.8100297493293,1358.0,,,1511.690349846184,376.0,,,1500.2004754573352,396.0,,,,,,,16.0,True
101912,Felipe Rivera,1475.3144077962559,1396.0,-25.441428482086394,-1301.0,,,1494.6393390122869,611.0,,,1479.499583556284,1017.0,,,,,,,1499.585699413623,201.0,,,12.0,False
103015,Daniel Melo,1475.313405323783,1397.0,,,,,1486.4810300366642,966.0,,,1483.748154754309,943.0,,,,,,,,,,,3.0,False
111436,Nick Chappell,1475.2472330191065,1398.0,,,1492.0,4.0,1475.4708158626556,1189.0,,,,,,,,,,,,,,,2.0,True
111181,Pruchya Isarow,1475.208685188683,1399.0,,,,,1474.9967483988216,1196.0,,,,,,,,,,,,,,,2.0,False
102957,Vadim Kutsenko,1475.192305256684,1400.0,-10.776895017529569,-1014.0,,,1460.3177354287425,1392.0,,,1505.1231412327008,444.0,,,,,,,,,,,12.0,False
104179,Bruno Echagaray,1475.187372334789,1401.0,,,,,1492.0192373420334,679.0,,,1481.9647584129164,975.0,,,,,,,,,,,4.0,False
103230,Tasuku Iwami,1475.181824615133,1402.0,,,,,1474.2418182031192,1207.0,,,,,,,,,,,,,,,4.0,False
100939,Joey Rive,1475.1378176281892,1403.0,,,,,,,,,,,,,1476.414300586377,869.0,,,,,,,2.0,False
105270,Maxime Teixeira,1474.9834519106669,1404.0,,,,,1481.788602668888,1068.0,,,1488.2677063398537,773.0,,,,,,,,,,,6.0,False
208902,Johannus Monday,1474.978465163218,1405.0,,,290.0,184.0,,,,,,,,,1469.2007697119798,965.0,,,,,,,3.0,True
100619,George Kalovelonis,1474.9487514804207,1406.0,,,,,,,,,1475.3931047782596,1102.0,,,,,,,,,,,2.0,False
214018,Jamie Mackenzie,1474.9442133268788,1407.0,,,914.0,24.0,,,,,,,,,1473.5828195357055,927.0,,,,,,,2.0,True
109054,Daniel Masur,1474.912690604289,1408.0,,,367.0,137.0,1490.2342208168707,734.0,,,1486.6852891116152,882.0,,,1488.1673364154428,611.0,,,,,,,6.0,True
105180,Daniel Dutra Da Silva,1474.8900681986727,1409.0,,,416.0,115.0,,,,,1476.1865455819895,1080.0,,,,,,,,,,,2.0,True
101751,Ross Matheson,1474.8504465453343,1410.0,,,,,,,,,,,,,1472.3262989960178,937.0,,,,,,,5.0,False
102654,Steven Downs,1474.7814038604956,1411.0,,,,,1466.8003176486404,1292.0,,,,,,,,,,,,,,,6.0,False
101983,Andrew Kratzmann,1474.6964649276597,1412.0,,,,,1475.4788512389143,1188.0,,,,,,,,,,,,,,,2.0,False
207669,Robert Strombachs,1474.6962730445525,1413.0,,,476.0,96.0,1474.4268378458814,1204.0,,,,,,,,,,,,,,,2.0,True
101108,Richard Schmidt,1474.5895918841247,1414.0,,,,,1483.787635892836,1039.0,,,,,,,1489.1857659643438,569.0,,,,,,,5.0,False
101214,Bryan Shelton,1474.5799479782806,1415.0,-4.724474225970198,-1033.0,,,1455.4628704793133,1441.0,4.2860728736559395,-1061.0,1495.8237041530854,586.0,-5.1069759803565375,-465.0,1549.8286116716579,143.0,-28.611450288271044,-128.0,1470.0125515894363,521.0,-54.401748996940796,-504.0,195.0,False
102855,Jack Brasington,1474.5321728407143,1416.0,,,,,1474.1397976159692,1210.0,,,1492.5276975786119,624.0,,,1487.8390025238862,657.0,,,,,,,10.0,False
103066,Mark Nielsen,1474.4906097467247,1417.0,,,,,1460.2909320858419,1393.0,,,,,,,,,,,,,,,10.0,False
100894,Francesco Cancellotti,1474.477249622098,1418.0,,,,,,,,,1476.665464435743,1069.0,,,,,,,,,,,4.0,False
104181,Victor Ionita,1474.4232014356307,1419.0,,,,,,,,,1473.219520084158,1129.0,,,,,,,,,,,3.0,False
105156,Federico Zeballos,1474.3701695564735,1420.0,,,1330.0,6.0,,,,,1475.6431307165958,1093.0,,,,,,,,,,,2.0,True
102047,Pier Gauthier,1474.2259218320248,1421.0,,,,,1479.0315512015147,1111.0,,,,,,,,,,,1488.0817901970045,322.0,,,5.0,False
103735,Lovro Zovko,1474.209604122715,1422.0,,,,,1492.9938874460556,655.0,,,1468.124696718803,1194.0,,,,,,,,,,,10.0,False
134087,Johannes Ingildsen,1474.0724283450568,1423.0,,,898.0,25.0,1487.5802650215871,895.0,,,,,,,1489.5254962209535,556.0,,,,,,,2.0,True
110536,Kevin King,1473.983814760063,1424.0,,,,,1475.0802332243175,1193.0,,,,,,,1491.2977370185852,499.0,,,,,,,7.0,False
106227,Ji Sung Nam,1473.9626011682267,1425.0,,,768.0,38.0,1472.2080117002622,1234.0,,,,,,,,,,,,,,,3.0,True
104233,Frederik Nielsen,1473.9578768205724,1426.0,42.719489850079526,-93.0,,,1453.6750444323943,1461.0,-0.07364571947209697,-663.0,1492.722928843208,622.0,,,1464.5993934561873,1024.0,,,1534.0738385731054,88.0,,,23.0,False
105853,Tigre Hank,1473.8946308800964,1427.0,,,,,1473.060874817757,1220.0,,,,,,,,,,,,,,,3.0,False
101997,Marzio Martelli,1473.6864929821597,1428.0,-21.158641501830516,-1179.0,,,1517.1839933140523,367.0,5.183993314052259,-249.0,1463.5774933289056,1246.0,-50.78691779301107,-1127.0,1490.7979506841189,512.0,,,1498.866512553097,212.0,,,50.0,False
102026,Jan Kodes Jr,1473.65069665548,1429.0,,,,,,,,,1472.7020374925883,1137.0,,,,,,,,,,,2.0,False
102223,Karim Alami,1473.6141694935664,1430.0,-59.65536590583815,-1285.0,,,1430.3576146737985,1616.0,-60.28160313502349,-1355.0,1548.2894094003896,206.0,-13.118266655073285,-132.0,1463.3593727610212,1036.0,-31.885313997414414,-908.0,1410.6039245941006,637.0,-46.17582756294905,-288.0,297.0,False
106243,Mate Delic,1473.582411571524,1431.0,,,,,1487.3549425590288,917.0,,,1478.651497816136,1030.0,,,,,,,,,,,9.0,False
100946,Slobodan Zivojinovic,1473.553999507443,1432.0,,,,,1497.0984636932503,577.0,,,,,,,1488.827614673444,580.0,,,1478.389345796425,454.0,,,7.0,False
106207,Mate Pavic,1473.5315716717537,1433.0,-14.961038659448377,-870.0,,,1488.7723838849697,799.0,,,1483.5933311374533,946.0,,,1487.9931235609552,642.0,,,,,,,11.0,False
101688,Geoff Grant,1473.4643271289187,1434.0,-28.64169142803985,-1233.0,,,1454.133241859608,1454.0,-10.681564808071244,-1034.0,1497.9605684461378,555.0,,,1489.7355440554268,546.0,,,,,,,26.0,False
102572,Igor Gaudi,1473.443874406418,1435.0,,,,,,,,,1481.0742633026182,994.0,,,1487.3948459607943,697.0,,,,,,,3.0,False
103182,Markus Hipfl,1473.3935183679584,1436.0,-30.08931251534659,-1193.0,,,1447.753776065135,1506.0,-3.4894171615467258,-955.0,1516.899779468084,334.0,-40.72014342661487,-244.0,1445.250043257623,1135.0,,,1478.2492915589905,456.0,,,129.0,False
105098,Alexandre Sidorenko,1473.3509913836845,1437.0,5.320201454498829,-662.0,,,1482.6734313901088,1057.0,,,1479.9826445307947,1010.0,,,,,,,,,,,13.0,False
103454,Nicolas Massu,1473.297985012747,1438.0,-69.41827914223654,-1264.0,,,1510.2562857989606,419.0,8.258780848376546,-144.0,1496.3742965971826,578.0,-53.095728240369226,-455.0,1448.824547012511,1116.0,-35.14755683410135,-794.0,1478.45184748575,452.0,-37.62844437831541,-356.0,427.0,False
102090,Ofer Sela,1473.2133945320404,1439.0,,,,,1466.5534375752993,1298.0,,,,,,,,,,,,,,,5.0,False
207663,Nikolas Sanchez Izquierdo,1473.1855631670776,1440.0,,,235.0,247.0,1488.0,863.0,,,1494.9734455815671,595.0,,,1488.3560550757795,601.0,,,,,,,5.0,True
104672,Vincent Millot,1473.130383821562,1441.0,-4.096478907976234,-490.0,,,1468.8721344363419,1267.0,-14.690150117020949,-559.0,1468.129787643015,1193.0,,,1486.9633979253383,721.0,,,,,,,30.0,False
101823,Gerald Mandl,1473.1154622448985,1442.0,,,,,,,,,1492.0188282159165,633.0,,,,,,,1475.2297885107369,490.0,,,9.0,False
103565,Stephane Robert,1473.1126898839634,1443.0,-24.890690605694545,-956.0,,,1448.7533677536057,1497.0,-58.41105188057304,-1183.0,1476.4088570930155,1076.0,21.902438336245268,-146.0,1469.911296762292,955.0,-32.554463270471615,-758.0,,,,,113.0,False
104081,Boris Pashanski,1473.0471868634413,1444.0,-69.31662913141031,-1272.0,,,1503.7457796979977,477.0,36.20690924299811,139.0,1470.4340410211043,1166.0,-60.25485707353346,-1023.0,1472.1781624018067,940.0,,,1499.8274302537518,194.0,,,69.0,False
200390,Kacper Zuk,1472.9618860030114,1445.0,,,,,1482.5349266327269,1058.0,,,1488.1631308262615,779.0,,,,,,,,,,,6.0,False
105747,Karim Mohamed Maamoun,1472.9407693392793,1446.0,,,,,1522.3319465199238,334.0,,,1453.9777031211336,1334.0,,,,,,,,,,,6.0,False
101584,Keith Evans,1472.9292201837886,1447.0,,,,,1479.029309538821,1112.0,,,,,,,1488.5041036445498,591.0,,,,,,,8.0,False
208485,Kiranpal Pannu,1472.7814125846799,1448.0,,,1469.0,4.0,1471.0926752692124,1246.0,,,,,,,,,,,,,,,5.0,True
101849,Nicola Bruno,1472.7511371293076,1449.0,,,,,1487.3268941298752,918.0,,,,,,,,,,,1483.3667869468577,421.0,,,3.0,False
101387,Claudio Pistolesi,1472.7180712975107,1450.0,42.59991778564813,-1062.0,,,1440.7755415071172,1555.0,,,1506.9074358906166,424.0,33.696889904509135,-202.0,1476.0428463247217,882.0,,,1490.267684530868,269.0,,,52.0,False
104022,Mikhail Youzhny,1472.696640548629,1451.0,-29.663032143158944,-990.0,,,1526.00524506145,319.0,-5.163330600366862,-95.0,1441.4296232720926,1422.0,-63.37032660477075,-1120.0,1553.2611443194555,138.0,-74.89340980633824,-92.0,1641.3409782757183,22.0,15.305093861468777,2.0,874.0,False
100990,Milan Srejber,1472.573763391355,1452.0,,,,,1486.457959810772,967.0,,,1488.0,789.0,,,,,,,1499.585699413623,199.0,,,4.0,False
106288,Mathias Bourgue,1472.378764900695,1453.0,,,,,1484.5599707218532,1022.0,,,1480.594914571398,1002.0,,,,,,,,,,,5.0,False
111795,Filippo Baldi,1472.2374744014728,1454.0,,,,,,,,,1471.50997628336,1152.0,,,,,,,,,,,3.0,False
200677,Rio Noguchi,1472.2040744520677,1455.0,,,202.0,283.0,1494.0695876751445,623.0,,,1487.311816339394,856.0,,,1486.7799496185455,724.0,,,,,,,7.0,True
104804,Amir Weintraub,1472.150866920239,1456.0,,,,,1478.4125384171264,1126.0,,,1499.9648138984653,524.0,,,1487.5665650467993,688.0,,,,,,,7.0,False
200095,Nicola Kuhn,1472.0988477280825,1457.0,-33.075786545075744,-1044.0,,,1493.2325251348145,646.0,,,1489.8694272309542,701.0,,,1481.737688745613,793.0,,,,,,,12.0,False
104644,Riccardo Ghedin,1472.0399428544417,1458.0,,,,,1487.5432611350573,902.0,,,,,,,1478.098684363413,834.0,,,,,,,3.0,False
106246,Robin Kern,1471.9813477725434,1459.0,,,,,,,,,1472.411704399705,1140.0,,,,,,,,,,,3.0,False
126523,Bernabe Zapata Miralles,1471.90706841368,1460.0,-43.877905341658106,-1069.0,901.0,25.0,1399.0817942984138,1706.0,-44.57332476297029,-361.0,1556.9414237560827,184.0,-42.729514425937396,-86.0,1438.8612776825578,1152.0,,,,,,,97.0,True
132482,Liam Caruana,1471.8903405158705,1461.0,,,,,1468.8207884917508,1268.0,,,,,,,,,,,,,,,4.0,False
103503,Robin Vik,1471.686348755679,1462.0,-52.96956996084532,-1259.0,,,1486.7084920092493,952.0,4.687261373463116,-457.0,1488.9323006337054,733.0,-47.644949261784404,-608.0,1472.2423625869483,939.0,,,1496.1121005627633,225.0,,,57.0,False
103505,Vasilis Mazarakis,1471.684362743088,1463.0,,,,,1485.8095325272718,993.0,,,1482.5963559726795,964.0,,,,,,,,,,,5.0,False
105436,Markus Eriksson,1471.6841562098114,1464.0,,,,,1487.4316040795798,911.0,,,1481.275556140804,990.0,,,,,,,,,,,7.0,False
104082,Hiroki Kondo,1471.6429405852493,1465.0,,,,,1467.3476717103363,1290.0,,,,,,,,,,,,,,,3.0,False
100757,Anders Jarryd,1471.614480247731,1466.0,-80.37156362764472,-1378.0,,,1416.26562692505,1669.0,-49.74447406698323,-1343.0,1391.719743135298,1545.0,-62.98809576783219,-1271.0,1481.1154386599255,798.0,5.920188333406486,-575.0,1582.5799284334937,43.0,-32.31283846114002,-30.0,162.0,False
104314,Brian Dabul,1471.5941311055194,1467.0,-49.6755474831059,-1224.0,,,1487.4934713935368,907.0,-45.30483238800866,-731.0,1461.8325559642049,1261.0,-54.83754141295617,-1075.0,1492.2543694587669,483.0,,,,,,,42.0,False
202065,Petros Tsitsipas,1471.5271037334799,1468.0,,,1009.0,18.0,1480.8169535875763,1085.0,,,1488.0,806.0,,,,,,,,,,,3.0,True
104001,Brian Wilson,1471.5145548552725,1469.0,,,,,1478.6848106416778,1118.0,,,,,,,1488.0,633.0,,,,,,,5.0,False
103209,Leonardo Azzaro,1471.4231428965038,1470.0,,,,,,,,,1468.3649097556806,1189.0,,,,,,,,,,,3.0,False
200610,Oliver Crawford,1471.3850443861622,1471.0,,,243.0,233.0,,,,,1493.3145677933064,618.0,,,1474.9718728004398,909.0,,,,,,,3.0,True
101866,David Rikl,1471.2488080549313,1472.0,-5.011515208158016,-1065.0,,,1407.408682504336,1688.0,34.62611304442066,-1257.0,1461.1034337289552,1271.0,-32.318474168290095,-1101.0,1463.5235620684223,1035.0,,,1495.2244947067927,232.0,4.7952108786730605,-114.0,132.0,False
104371,Ivo Minar,1470.9719386111146,1473.0,29.81235221879797,-451.0,,,1527.6297434619116,312.0,-39.96685573816035,-197.0,1446.20105663428,1391.0,-23.0309673184222,-727.0,1444.339907207574,1139.0,-58.4904979033447,-967.0,1476.4885148853714,472.0,,,99.0,False
200247,Alexandar Lazarov,1470.9545940520034,1474.0,,,,,1464.083208368537,1338.0,,,,,,,,,,,,,,,6.0,False
102753,Wolfgang Schranz,1470.943890266313,1475.0,25.761454330888455,-904.0,,,1491.959268422237,680.0,,,1480.5360088176678,1004.0,13.282162427512048,-613.0,,,,,1480.140977040839,441.0,,,17.0,False
100864,Martin Wostenholme,1470.8866646555502,1476.0,,,,,1465.6102221118208,1315.0,,,1491.1834531109344,655.0,,,1511.9723683047623,274.0,,,,,,,9.0,False
111574,Jc Aragone,1470.8644679371882,1477.0,,,,,1487.7475537492294,879.0,,,,,,,1474.0210332938611,922.0,,,,,,,4.0,False
106283,Mitchell Krueger,1470.8221873370294,1478.0,-16.472149662230095,-526.0,334.0,153.0,1463.1748124422202,1354.0,-4.163973701867235,-236.0,1499.004993624008,539.0,,,1472.351518284951,935.0,,,,,,,36.0,True
111505,Enzo Couacaud,1470.79901411556,1479.0,-24.33139429702237,-906.0,797.0,35.0,1490.1597370462364,735.0,,,1483.9611891781724,938.0,,,1482.0084692157404,787.0,,,,,,,11.0,True
105286,Greg Jones,1470.7265051271527,1480.0,,,,,1472.9878089031783,1221.0,,,,,,,1490.6769043485135,515.0,,,,,,,7.0,False
102524,Neville Godwin,1470.6733637968255,1481.0,-38.141319449892535,-1274.0,,,1421.7666405067569,1653.0,-68.11695835617206,-1382.0,1480.9367753995175,997.0,,,1523.602552376911,219.0,-4.565827032133484,-148.0,1484.1169190256192,415.0,,,81.0,False
101686,Franco Davin,1470.6659565519954,1482.0,-52.82610667792551,-1380.0,,,1454.0468007369407,1455.0,,,1473.2193304047503,1130.0,-60.07396183594278,-1072.0,,,,,,,,,130.0,False
105132,Jurgen Zopp,1470.6565622442934,1483.0,26.065011691028985,-105.0,,,1441.6876215616837,1545.0,-40.50486461734272,-910.0,1506.167646345638,431.0,17.48934836774515,57.0,1465.3962735070081,1018.0,,,,,,,47.0,False
103397,Alexandre Simoni,1470.6409655427442,1484.0,-36.564363764937525,-1270.0,,,1468.0953282410271,1282.0,-29.226603147487822,-1062.0,1506.6711596150733,428.0,,,1478.0055504139611,837.0,,,,,,,29.0,False
110686,Finn Tearney,1470.5769365765086,1485.0,,,,,1467.3882244633103,1288.0,,,,,,,,,,,,,,,3.0,False
102464,Todd Larkham,1470.5171707759662,1486.0,-16.24102057285154,-1156.0,,,1468.7821921233121,1270.0,,,1481.1495334494157,991.0,,,1489.515233638547,557.0,,,,,,,16.0,False
124079,Pedro Martinez,1470.4166439665555,1487.0,23.341010322156535,204.0,140.0,431.0,1436.8088114058753,1585.0,-39.60498684274012,-494.0,1519.6761071129276,314.0,12.076184836471612,72.0,1448.7911820647298,1117.0,-51.28801688453382,-800.0,,,,,218.0,True
102520,Olivier Malcor,1470.3718145050784,1488.0,,,,,,,,,1470.7715717843143,1160.0,,,,,,,,,,,3.0,False
105528,Alexander Ward,1470.3624828861216,1489.0,,,,,,,,,1493.6039221059739,615.0,,,1463.665077605643,1033.0,,,,,,,4.0,False
101926,Andrei Merinov,1470.3619587286225,1490.0,-19.019896921200825,-1290.0,,,1489.7193413227512,754.0,,,1460.6365277026093,1276.0,,,,,,,1499.5930535960495,198.0,,,13.0,False
102107,Jan Frode Andersen,1470.3512389497569,1491.0,,,,,1472.6371857615766,1228.0,,,1487.0124452870286,871.0,,,,,,,,,,,10.0,False
101383,Stephane Sansoni,1470.2824260029313,1492.0,,,,,1506.8061191225681,453.0,,,1488.0,796.0,,,,,,,1475.3587684834124,486.0,,,5.0,False
104944,Niels Desein,1470.2383518917386,1493.0,,,,,1489.6057231169439,762.0,,,1489.1474753846824,724.0,,,1486.5837273782902,733.0,,,,,,,3.0,False
209903,Lukas Neumayer,1470.2305284193083,1494.0,-11.70590555292165,-339.0,187.0,319.0,1501.403884530186,507.0,,,1474.134470318517,1120.0,-13.86552968148294,-490.0,1485.4206205518028,758.0,,,,,,,14.0,True
105497,Jose Hernandez,1470.2154011680861,1495.0,,,,,1509.6412558044722,423.0,,,1455.5737987768591,1321.0,,,,,,,,,,,7.0,False
103350,Denis Golovanov,1470.1989197851403,1496.0,,,,,1491.9576004744724,681.0,,,,,,,1485.927217652903,752.0,,,1477.3675423187215,464.0,,,5.0,False
101746,Renzo Furlan,1469.9384449784257,1497.0,-41.910072829055025,-1299.0,,,1509.090676246062,426.0,-8.940615535189409,-300.0,1491.4638744949489,644.0,-31.263908380193016,-533.0,1469.205680593896,964.0,,,1533.9985282468558,89.0,-25.50560067847846,-52.0,377.0,False
102006,Brent Larkham,1469.8818048650783,1498.0,-46.39387585779673,-1403.0,,,1507.501243526308,445.0,,,1458.6272487762815,1295.0,,,1503.6200812885215,341.0,,,1487.764863500505,353.0,,,11.0,False
103520,Pavel Snobel,1469.8621486602738,1499.0,,,,,1471.1429038205952,1245.0,,,,,,,1489.842500214323,540.0,,,,,,,4.0,False
144751,Rigele Te,1469.7742220245957,1500.0,,,807.0,35.0,1465.8872591503152,1308.0,,,,,,,,,,,,,,,3.0,True
105539,Evgeny Donskoy,1469.6602961878618,1501.0,-23.60673017093154,-888.0,,,1451.9755013056354,1473.0,-29.072676518171647,-646.0,1412.779075492724,1525.0,10.140383289741976,-415.0,1438.8246894109916,1153.0,-44.648782160036944,-659.0,,,,,167.0,False
103852,Feliciano Lopez,1469.6367538244235,1502.0,-7.002388177809053,-361.0,,,1492.8624883461323,657.0,-16.466265028645466,-315.0,1500.115773220328,520.0,-75.30021124485506,-390.0,1590.1677590918653,79.0,-77.1555283935893,-50.0,1489.0034501488597,299.0,-36.17378655460516,-209.0,973.0,False
106167,Joris De Loore,1469.5931352733987,1503.0,,,1069.0,14.0,1474.2185762114766,1208.0,,,1491.4177667405947,645.0,,,,,,,,,,,6.0,True
103506,Martin Vassallo Arguello,1469.511112824663,1504.0,13.260117018407982,-560.0,,,1387.994313240932,1723.0,-40.07342688720405,-823.0,1503.6243848679032,465.0,25.512020257195218,116.0,1471.7764451267635,943.0,,,,,,,122.0,False
101126,Chris Pridham,1469.44295879308,1505.0,8.354548489845229,-1155.0,,,1484.4061752843832,1025.0,-7.121492106125061,-885.0,1499.4415452879728,531.0,,,1475.826954731535,889.0,,,1464.384170966875,548.0,-36.41590876324335,-483.0,54.0,False
117357,Omar Jasika,1469.3993434563506,1506.0,,,530.0,79.0,1464.210726784935,1335.0,,,,,,,,,,,,,,,7.0,True
106398,Pedro Cachin,1469.3280348899484,1507.0,-12.228750502347566,-401.0,,,1436.4182497236493,1586.0,-67.99695075890486,-1192.0,1504.2734975770964,456.0,-41.55057697141979,-260.0,1487.0079555069444,719.0,,,,,,,71.0,False
105060,Aldin Setkic,1468.8574994629787,1508.0,,,1307.0,7.0,1486.988297275918,939.0,,,1481.7912198773909,978.0,,,,,,,,,,,3.0,True
102817,Edwin Kempes,1468.74745613557,1509.0,-16.73179137317061,-1078.0,,,1464.1035840675302,1337.0,0.30375562826316127,-843.0,1511.6774131039622,377.0,,,1464.0562240174788,1030.0,,,1509.7591197188328,148.0,,,26.0,False
102788,Jan Vacek,1468.5800324177897,1510.0,35.93602261891647,-634.0,,,1383.068726581466,1727.0,-36.982720588414395,-999.0,1444.1554169153194,1405.0,-38.6051621052211,-1029.0,1524.2418947415822,216.0,-5.818334488122446,-134.0,,,,,87.0,False
104986,Vishnu Vardhan,1468.4128051614694,1511.0,,,1303.0,7.0,1479.6904412958024,1100.0,,,,,,,1485.8266774669796,757.0,,,,,,,3.0,True
105147,Tatsuma Ito,1468.324004803644,1512.0,-40.270788721761846,-1160.0,,,1439.2412425568634,1569.0,-35.077653236179,-773.0,1476.3480954060744,1078.0,,,1481.265626399698,795.0,22.151230849254034,-86.0,,,,,88.0,False
101360,Mark Keil,1468.3003547988267,1513.0,-44.01388708787363,-1454.0,,,1484.131641425141,1030.0,,,,,,,1486.0677714936012,749.0,,,1499.172385326556,209.0,,,11.0,False
104945,James Mcgee,1468.2973221296074,1514.0,,,,,1468.5464293846355,1276.0,,,,,,,,,,,,,,,3.0,False
106291,Luke Saville,1468.2859523495088,1515.0,,,,,1465.1500899280707,1324.0,,,,,,,1486.3152306731777,740.0,,,,,,,9.0,False
105077,Albert Ramos,1468.2805334260074,1516.0,-28.83820712104466,-882.0,585.0,64.0,1413.8876760920814,1673.0,-55.719648379503724,-593.0,1524.5807474291094,293.0,-54.12959198575595,-166.0,1411.3338247204647,1215.0,-97.9956021934729,-1004.0,,,,,608.0,True
102554,Diego Moyano,1468.2759945115308,1517.0,,,,,,,,,1464.5776677287945,1236.0,,,,,,,,,,,3.0,False
102458,Jim Thomas,1468.2529611419832,1518.0,,,,,1474.857394702758,1199.0,,,,,,,1489.4088342116195,560.0,,,,,,,3.0,False
208071,Oleksii Krutykh,1468.1576566697345,1519.0,,,834.0,32.0,1477.5019364861153,1143.0,,,1488.433313892407,764.0,,,,,,,,,,,4.0,True
102722,Attila Savolt,1468.1195695985095,1520.0,-10.819156522780077,-952.0,,,1419.7881291323524,1660.0,-37.822842097300736,-1104.0,1517.5911450739923,331.0,-31.414031461732066,-235.0,1471.956934537188,941.0,,,1488.2018941881695,318.0,,,76.0,False
208069,Max Houkes,1468.1001273538466,1521.0,,,236.0,245.0,,,,,1489.8583347732888,702.0,,,1473.9840591260297,923.0,,,,,,,3.0,True
105967,Henri Laaksonen,1468.053525891745,1522.0,-49.7554532626375,-1162.0,,,1461.4940937282488,1374.0,-33.89398175817587,-892.0,1510.882817568498,390.0,-29.45694617815002,-189.0,1476.372623499693,872.0,,,,,,,112.0,False
126612,Alexander Cozbinov,1468.0359353033998,1523.0,,,,,1467.6831331350672,1287.0,,,,,,,,,,,,,,,3.0,False
206750,Daniil Glinka,1467.8835970336013,1524.0,,,175.0,340.0,1487.0497977431473,935.0,,,1500.3255629764526,517.0,,,1476.1056402617567,881.0,,,,,,,7.0,True
101341,Pablo Albano,1467.8753578092394,1525.0,,,,,1489.1501166186047,783.0,,,1475.9691339811598,1090.0,,,,,,,,,,,5.0,False
200385,Dan Added,1467.8501397629611,1526.0,,,230.0,252.0,1477.150991299396,1154.0,,,,,,,1487.5718400928856,685.0,,,,,,,3.0,True
101083,Tom Mercer,1467.8207315851018,1527.0,,,,,1478.0168650566943,1132.0,,,,,,,1488.400484255192,597.0,,,,,,,3.0,False
104019,Kristof Vliegen,1467.7892469682106,1528.0,-41.57849783561028,-1242.0,,,1478.1198054686408,1130.0,-51.02436909042376,-949.0,1512.9314112392808,363.0,-41.29883003798727,-250.0,1455.7994636547362,1085.0,-22.25836160088943,-634.0,1487.7977695588793,352.0,,,196.0,False
102133,Laurence Tieleman,1467.757921238796,1529.0,-44.46822452246647,-1335.0,,,1465.0653205109872,1326.0,-31.040822521696555,-1118.0,1422.9223911629351,1501.0,,,1528.0084117234014,202.0,-35.085581832763864,-167.0,1492.9171604180162,241.0,,,95.0,False
207785,George Loffhagen,1467.756433936339,1530.0,,,279.0,192.0,,,,,,,,,1452.0255695506544,1105.0,,,,,,,4.0,True
208269,Felix Gill,1467.5229799836277,1531.0,,,240.0,240.0,1486.620673892538,959.0,,,1516.3313808219766,339.0,,,1462.9301566011352,1040.0,,,,,,,7.0,True
100997,Roger Smith,1467.2831740385907,1532.0,-29.577187262384086,-1362.0,,,1453.802435318551,1457.0,-25.769280157648154,-1208.0,1502.4314563810333,485.0,,,,,,,1511.1999858844101,140.0,,,19.0,False
104171,Richard Bloomfield,1467.1847613162827,1533.0,-2.2341301814622057,-784.0,,,1480.2127458145158,1094.0,,,,,,,1460.2914546603838,1062.0,-20.350443772829976,-632.0,,,,,16.0,False
102501,Johan Landsberg,1467.0427823797584,1534.0,,,,,,,,,1486.170424688981,901.0,,,1487.5507890628912,691.0,,,1487.6964353699616,359.0,,,3.0,False
126555,Tung Lin Wu,1467.0427112629632,1535.0,,,337.0,152.0,1465.3294175037956,1321.0,,,,,,,,,,,,,,,9.0,True
105819,Guido Andreozzi,1466.9395495175127,1536.0,-6.416009922757667,-432.0,,,1499.8741275962832,532.0,-15.362106260545488,-247.0,1449.347512790967,1374.0,-2.6527767767636306,-313.0,1479.4779281746307,818.0,,,,,,,40.0,False
210053,Luka Mikrut,1466.8983436903611,1537.0,,,195.0,301.0,1500.7232864052867,512.0,,,1475.2750883642807,1105.0,,,1486.4768992241761,737.0,,,,,,,5.0,True
104182,Sasa Tuksar,1466.8403726624028,1538.0,,,,,,,,,1476.8814386927827,1066.0,,,,,,,1487.595250490544,365.0,,,7.0,False
111511,Noah Rubin,1466.8251628388364,1539.0,-37.516547421902715,-1100.0,,,1483.5281015533053,1043.0,-7.781442229025288,-518.0,1478.5855405052143,1032.0,,,1473.8892955629217,925.0,,,,,,,29.0,False
102999,Stefano Galvani,1466.8154022721283,1540.0,-18.720103281897536,-973.0,,,1457.2605195976319,1423.0,-15.131930703728813,-938.0,1464.6523673660763,1234.0,-36.56805457297173,-992.0,1488.856545074931,578.0,,,1499.5637798254654,207.0,,,52.0,False
102463,Lucas Arnold Ker,1466.7220863865834,1541.0,-72.29503877283287,-1427.0,,,1478.0272270821688,1131.0,,,1478.346805980473,1039.0,-68.82296728486699,-967.0,1488.0046848155573,622.0,,,,,,,49.0,False
101819,Frederic Vitoux,1466.6743300391781,1542.0,,,,,1482.6985511240114,1056.0,,,1478.4335959870525,1036.0,,,,,,,1486.013557264926,402.0,,,10.0,False
100930,Paul Vojtischek,1466.6537849109839,1543.0,,,,,,,,,1476.414300586377,1075.0,,,,,,,1489.1057756336877,297.0,,,3.0,False
103153,Gilles Elseneer,1466.6405406853935,1544.0,-18.65410340857943,-1032.0,,,1456.9450023700265,1425.0,-59.88156601651826,-1277.0,1495.39568797413,588.0,,,1484.0707045847957,768.0,-52.40719823366567,-697.0,1489.3147304642412,293.0,,,37.0,False
106232,Roberto Cid,1466.6346312556907,1545.0,,,579.0,65.0,1463.5797083860086,1345.0,,,1498.9250184561597,540.0,,,,,,,,,,,7.0,True
106244,Oliver Golding,1466.612735741196,1546.0,,,,,,,,,,,,,1464.125089094859,1029.0,,,,,,,3.0,False
101775,Frederik Fetterlein,1466.6039006443236,1547.0,-27.911592236519482,-1325.0,,,1488.2430803995808,834.0,-27.136345970061484,-744.0,1437.3690127700045,1445.0,-27.235494528272966,-1071.0,1495.6417271420523,446.0,,,1478.7953394329797,448.0,-12.868177784375803,-316.0,67.0,False
101938,Bernardo Mota,1466.559209046221,1548.0,-29.404234921223406,-1350.0,,,,,,,1460.3763381462811,1281.0,-33.47383793470226,-1117.0,,,,,,,,,13.0,False
105302,Ante Pavic,1466.4214071973201,1549.0,-0.6260757371899217,-581.0,,,1471.5354243595675,1242.0,,,1483.72603456932,944.0,,,1489.6741731735626,548.0,,,,,,,14.0,False
208055,Ajeet Rai,1466.3587625163789,1550.0,,,940.0,22.0,1466.3666116945976,1301.0,,,,,,,,,,,,,,,3.0,True
124154,Sasi Kumar Mukund,1466.3499228798205,1551.0,,,517.0,82.0,1476.2298391865154,1176.0,,,,,,,1487.6478446071624,669.0,,,,,,,3.0,True
105559,Jonathan Eysseric,1466.3055026720626,1552.0,,,,,1489.2348683311593,775.0,,,1467.119570629934,1207.0,,,,,,,,,,,4.0,False
101515,Donald Johnson,1466.2354250293718,1553.0,-7.420184439474951,-1155.0,,,1487.2370167487197,923.0,,,1473.7530887138419,1126.0,-10.011610188667873,-872.0,1479.9461465867232,810.0,,,,,,,23.0,False
106110,Filip Horansky,1466.2272017008977,1554.0,-51.433449882684954,-1230.0,,,1500.370186493985,523.0,,,1458.2023939575845,1299.0,,,1487.2374900622847,707.0,,,,,,,11.0,False
100876,Bong Soo Kim,1466.165025775773,1555.0,,,,,1488.4005068767942,819.0,,,,,,,,,,,1468.9706619237122,526.0,,,6.0,False
102655,Jimy Szymanski,1466.154940339799,1556.0,,,,,1462.5612680461481,1362.0,,,1494.2233057835924,608.0,,,,,,,,,,,10.0,False
101573,Carl Chang,1466.1486618440338,1557.0,,,,,1477.2141867201917,1151.0,,,,,,,,,,,1488.1503947729552,319.0,,,3.0,False
101876,Massimo Ardinghi,1466.1181984826912,1558.0,,,,,,,,,1466.0963440805683,1217.0,,,,,,,,,,,5.0,False
211902,Henry Searle,1466.0455462542782,1559.0,,,362.0,139.0,1488.0,864.0,,,,,,,1470.0612120332705,954.0,,,,,,,6.0,True
104979,Andrey Golubev,1466.016183197667,1560.0,6.252558132779768,-497.0,,,1449.3114122115828,1491.0,-32.7488199207628,-828.0,1475.0119907684816,1110.0,-9.526657356514079,-537.0,1423.6357519219346,1200.0,-87.60731667489699,-1048.0,,,,,159.0,False
104251,Ti Chen,1466.0060177801965,1561.0,,,,,1464.958391542214,1327.0,,,,,,,,,,,,,,,4.0,False
101373,Karsten Braasch,1465.9048123820403,1562.0,6.555461119117126,-1056.0,,,1503.0667809990816,485.0,32.51795950527139,-180.0,1384.9014157036754,1551.0,-80.27868545761771,-1215.0,1475.3884205125826,900.0,-28.652487389043472,-835.0,1451.8008507750983,598.0,-51.60628703975249,-527.0,127.0,False
210317,James Mccabe,1465.7463201163155,1563.0,5.494467578722151,-84.0,234.0,247.0,1451.8134205070962,1475.0,,,,,,,1490.070482797947,533.0,,,,,,,14.0,True
101063,Jordi Arrese,1465.7240365242121,1564.0,-94.49691168726167,-1481.0,,,1503.3673602543731,483.0,-32.12504671705233,-444.0,1464.1280000816312,1241.0,-89.56153028911922,-1186.0,1488.4676516373004,593.0,,,1445.9202127804385,614.0,,,225.0,False
105349,Harri Heliovaara,1465.722508352325,1565.0,,,,,1502.3656127024508,494.0,,,1486.4558358658535,895.0,,,,,,,1476.4023221971233,474.0,,,9.0,False
101473,Jozsef Krocsko,1465.6146807832993,1566.0,-16.208315084130163,-1292.0,,,,,,,1475.6223763132566,1094.0,-3.690835098940397,-873.0,,,,,1484.1288213410287,414.0,,,14.0,False
105733,Rhyne Williams,1465.5403423225557,1567.0,-24.478361385274866,-1018.0,,,1467.3574960143642,1289.0,-18.12294099460746,-703.0,1503.0348245487287,473.0,,,1481.1759164708246,796.0,,,,,,,25.0,False
102574,Gabriel Trifu,1465.5363185066242,1568.0,-22.37168814877805,-1216.0,,,,,,,1482.8999190965822,956.0,-4.8060020147097475,-702.0,1467.827283604683,982.0,,,,,,,14.0,False
101439,Javier Sanchez,1465.5244846802914,1569.0,-39.99500563797437,-1383.0,,,1496.9108108002072,582.0,-50.490551998938145,-498.0,1508.2500609406127,413.0,-59.617677766597126,-357.0,1479.522762840484,816.0,,,1433.4231410184386,631.0,44.27889994822385,-236.0,461.0,False
102536,James Greenhalgh,1465.456509115654,1570.0,,,,,1457.9020604125508,1413.0,,,,,,,,,,,,,,,6.0,False
126409,Hugo Grenier,1465.4201245028619,1571.0,-15.451278158504465,-450.0,221.0,259.0,1469.6261550862164,1260.0,-9.306978441784395,-273.0,1463.2696281541105,1251.0,,,1488.1103506522586,614.0,,,,,,,32.0,True
103592,Jerome Haehnel,1465.4025112748363,1572.0,-56.47454770454192,-1370.0,,,1522.045491974962,337.0,11.243890604833496,-158.0,1447.3234226913185,1385.0,,,1467.9546502859166,980.0,,,1502.6021577079687,172.0,,,26.0,False
100944,Mikael Pernfors,1465.1405126613608,1573.0,-116.58501368889483,-1518.0,,,1557.8561144902612,209.0,1.916785093959561,-160.0,1431.1726230034428,1478.0,-79.13496682118307,-1409.0,,,,,1468.4822167267432,529.0,,,58.0,False
105561,Alessandro Giannessi,1465.1217785179297,1574.0,-18.17262978167605,-685.0,,,1476.4299595259265,1174.0,,,1478.2857395672022,1043.0,-19.516165259445188,-662.0,,,,,,,,,36.0,False
101422,Mark Kaplan,1465.1151258500463,1575.0,2.295786142406996,-1320.0,,,1466.731583940538,1294.0,,,1488.0,791.0,,,1501.8348814564754,363.0,,,,,,,13.0,False
105065,Tim Smyczek,1464.9120305936078,1576.0,-38.447060313561224,-1133.0,,,1458.4558587878992,1407.0,-14.805729452451487,-499.0,1455.8956727164827,1315.0,-25.976591554214792,-749.0,1466.0401452012015,1009.0,-28.645357737016184,-722.0,,,,,128.0,False
103761,Tomas Cakl,1464.82178431291,1577.0,-48.35948782992955,-1360.0,,,1452.9540789779107,1468.0,,,1497.3023001290592,565.0,,,,,,,1496.098168659182,226.0,,,12.0,False
103468,Harsh Mankad,1464.7486497933974,1578.0,,,,,1475.9227023887656,1180.0,,,,,,,1488.1511408529573,613.0,,,,,,,3.0,False
126340,Viktor Durasovic,1464.6832609291585,1579.0,-9.72812278439119,-440.0,457.0,101.0,1458.5783657269624,1405.0,-12.784531738833948,-401.0,,,,,,,,,,,,,20.0,True
208819,Max Hans Rehberg,1464.573163309699,1580.0,,,549.0,73.0,,,,,1457.6448961585374,1306.0,,,,,,,,,,,4.0,True
103185,Mike Bryan,1464.5473223190822,1581.0,,,,,1465.4888544269897,1316.0,,,,,,,1486.3829872771926,738.0,,,,,,,10.0,False
102539,Bohdan Ulihrach,1464.4846905986672,1582.0,-24.858526317975475,-1153.0,,,1557.7311074135562,210.0,-20.330887744811662,-132.0,1487.8945743678846,821.0,-80.35327330194991,-740.0,1436.2491907844583,1165.0,-41.615517442711734,-857.0,1491.8382143635288,250.0,-10.916725542818313,-127.0,449.0,False
104628,Alexander Kudryavtsev,1464.3780448000584,1583.0,-38.41816018762938,-1240.0,,,1471.3030413883666,1243.0,-26.22233963184499,-938.0,1486.9693093454318,874.0,,,1479.5561210640244,814.0,,,,,,,19.0,False
102768,Federico Browne,1464.2933301758014,1584.0,-19.492970786742035,-1086.0,,,1458.3910463987245,1408.0,,,1486.507248306767,892.0,-22.835901734780464,-744.0,,,,,,,,,26.0,False
102650,Roberto Carretero,1464.1142677297278,1585.0,11.451018883034976,-1045.0,,,1478.2710332009128,1128.0,,,1458.3621861127247,1297.0,12.380876253877659,-834.0,,,,,1487.3334135457085,376.0,,,66.0,False
208004,Harold Mayot,1464.0738507125657,1586.0,-39.14933984955064,-1051.0,214.0,266.0,1482.3926904986745,1062.0,-24.474516776308747,-664.0,1472.1838979828567,1143.0,,,1489.2542538779935,563.0,,,,,,,28.0,True
105585,Ze Zhang,1464.071781049959,1587.0,-29.891008782146855,-1046.0,,,1425.9266715638414,1635.0,-38.69445029655367,-702.0,1521.6583231562831,305.0,,,1501.0396286131556,372.0,,,,,,,34.0,False
101513,John Stimpson,1464.0207559275923,1588.0,,,,,1477.4034033901448,1146.0,,,,,,,,,,,1488.0,336.0,,,3.0,False
103708,Jaroslav Pospisil,1463.9223382583882,1589.0,,,,,1496.4213616825325,592.0,,,1470.3703645804521,1167.0,,,1480.5929546937762,805.0,,,,,,,8.0,False
105454,Brydan Klein,1463.8010098588466,1590.0,-20.940888370358607,-969.0,,,1485.219005217232,1012.0,,,,,,,1465.6138173020258,1016.0,,,,,,,12.0,False
101339,Agustin Moreno,1463.754868414893,1591.0,,,,,1486.6792696459322,957.0,,,1476.8933295956774,1065.0,,,,,,,,,,,3.0,False
104970,Matteo Viola,1463.6875188598021,1592.0,-9.256648402611518,-721.0,,,1486.0825770307529,985.0,7.412132742758786,-334.0,1465.4601334845283,1222.0,,,1480.2000251368404,808.0,,,,,,,17.0,False
102287,Albert Portas,1463.68253956449,1593.0,-48.362538295734794,-1349.0,,,1404.4806922626124,1695.0,-20.241345464667347,-1033.0,1476.5543395114046,1071.0,-49.137464651543496,-924.0,1429.8278272599296,1186.0,-51.931871802728665,-892.0,1445.4291660924457,616.0,,,333.0,False
100536,Fernando Luna,1463.5604905871699,1594.0,,,,,1488.0,846.0,,,1476.414300586377,1074.0,,,,,,,,,,,3.0,False
102118,Radomir Vasek,1463.4612413038517,1595.0,21.63561171917695,-993.0,,,1508.7139544406127,433.0,-14.749735074483397,-353.0,1446.8608268581656,1386.0,18.627818881682515,-876.0,1487.9748893701892,652.0,,,1446.1415691252919,611.0,,,58.0,False
102131,Alistair Hunt,1463.4389471581987,1596.0,,,,,1466.7534632312634,1293.0,,,1488.0,799.0,,,,,,,,,,,6.0,False
105229,Philip Bester,1463.4259322389792,1597.0,,,,,1463.5311159308847,1347.0,,,1496.2752993978963,580.0,,,,,,,,,,,6.0,False
111187,Kaichi Uchida,1463.415755359369,1598.0,,,247.0,226.0,1480.7804879614232,1087.0,,,1487.722883257518,831.0,,,1489.9926586053634,535.0,,,,,,,7.0,True
100943,Girts Dzelde,1463.3067475992495,1599.0,,,,,1500.3116097213892,525.0,,,1455.1616086731613,1324.0,,,,,,,1490.674605725125,264.0,,,9.0,False
108772,Julius Tverijonas,1463.241832192691,1600.0,,,,,1488.3792586061918,821.0,,,1476.0092876575354,1087.0,,,,,,,,,,,3.0,False
102154,Marcos Ondruska,1463.2384145784988,1601.0,-29.611514781374126,-1327.0,,,1454.6301860014773,1448.0,-49.87527350487994,-1307.0,1488.1895786427383,777.0,4.276087609695878,-488.0,1467.0492649491173,996.0,-27.148592057613314,-886.0,1461.472888130084,560.0,0.8555693911707749,-286.0,222.0,False
104592,Ilija Bozoljac,1463.2125875147412,1602.0,-28.89425662663757,-1161.0,,,1444.1161793215035,1528.0,,,1498.0421747601777,552.0,,,1479.3006724084955,822.0,,,1511.9903718813434,136.0,,,25.0,False
104635,Robert Smeets,1463.1008298325012,1603.0,,,,,1460.5125964520757,1389.0,,,1494.3681303677904,606.0,,,,,,,,,,,9.0,False
105359,Jason Jung,1463.0917670046524,1604.0,-14.60523056165539,-557.0,1088.0,13.0,1453.0368881598783,1467.0,-28.44111184143526,-638.0,1488.327154542121,768.0,,,1498.5335211817683,427.0,,,,,,,33.0,True
106250,Luis Patino,1463.065966017687,1605.0,,,,,1477.9213583770897,1135.0,,,1481.0570735180158,996.0,,,,,,,,,,,6.0,False
210220,Edas Butvilas,1463.0518584721513,1606.0,,,232.0,251.0,1488.8012749961713,798.0,,,1478.3152896116703,1042.0,,,1487.9618017111263,653.0,,,,,,,6.0,True
104269,Fernando Verdasco,1463.0309639073023,1607.0,-81.62760133892357,-1356.0,,,1521.1253348985442,341.0,-97.51436616823048,-235.0,1541.0013489734029,230.0,-28.29580702997805,-89.0,1537.742230603865,168.0,3.331253125691319,-31.0,1522.0463132099721,113.0,4.725513295218889,-3.0,983.0,False
121411,Moez Echargui,1462.9459565078494,1608.0,-32.78382929856275,-900.0,139.0,441.0,1463.5181300125503,1349.0,,,1471.2478624959379,1155.0,,,1510.9322408150165,287.0,,,,,,,13.0,True
134457,Nicolas Moreno De Alboran,1462.9330854290376,1609.0,-18.927880342720755,-506.0,709.0,44.0,1465.797309818217,1311.0,,,1488.6077333985074,752.0,-32.08532990317258,-477.0,1487.18757426783,708.0,,,,,,,20.0,True
111200,Elias Ymer,1462.8434159195967,1610.0,-6.973129325802802,-204.0,191.0,308.0,1462.2785858110722,1367.0,-26.978444019433255,-666.0,1419.544806699959,1512.0,-33.45884227892202,-336.0,1490.6438599871772,518.0,,,,,,,126.0,True
102153,German Puentes,1462.8348795530183,1611.0,-56.21948145428655,-1432.0,,,1468.055492980301,1283.0,,,1471.7371699826388,1147.0,-19.067083791195046,-887.0,1498.956690266304,424.0,,,,,,,40.0,False
101581,Jose Luis Aparisi,1462.7986562431986,1612.0,,,,,,,,,1463.4313405927603,1248.0,,,,,,,,,,,3.0,False
101475,Carlos Costa,1462.7593136947662,1613.0,-68.52972459331818,-1482.0,,,1465.861690578229,1309.0,-85.3624872202854,-1228.0,1519.7357717118366,313.0,-98.1050812238118,-275.0,1489.5138826382351,558.0,,,1409.4598570793787,640.0,-34.41593893979939,-345.0,398.0,False
100553,Nduka Odizor,1462.693613563446,1614.0,,,,,1485.7191637209835,999.0,,,,,,,,,,,1476.414300586377,473.0,,,3.0,False
200748,Andres Andrade,1462.5930113682718,1615.0,,,223.0,257.0,1487.6750151474523,885.0,,,1487.3765366004154,852.0,,,1488.003006918264,623.0,,,,,,,3.0,True
103202,Oscar Serrano,1462.402656094897,1616.0,-32.468075075935076,-1363.0,,,1487.831040466453,874.0,,,1465.3694080093112,1223.0,-41.796021159547536,-1090.0,,,,,,,,,17.0,False
103543,David Marrero,1462.333647536616,1617.0,,,,,,,,,1463.6170604847969,1243.0,,,,,,,,,,,8.0,False
123755,Daniel Elahi Galan,1462.1877874179256,1618.0,-3.1923045572796127,-215.0,259.0,210.0,1465.3597555977826,1320.0,-19.3442251359711,-429.0,1454.5346524050879,1329.0,-6.750445111584668,-191.0,1505.8978193625742,314.0,,,,,,,126.0,True
102617,Kim Tiilikainen,1462.0087809357744,1619.0,,,,,,,,,1460.6599156907453,1275.0,,,,,,,,,,,4.0,False
105589,Gerald Melzer,1461.9434650536011,1620.0,-27.254512532167382,-931.0,,,1408.7489911389753,1684.0,-52.41231844770846,-764.0,1514.8789229888862,349.0,-9.907741505469176,-133.0,,,,,,,,,52.0,False
103530,Zack Fleishman,1461.9254853915158,1621.0,35.61247471988827,-634.0,,,1449.8937674926888,1488.0,16.141769964819332,-693.0,,,,,1489.7304152417296,547.0,,,,,,,24.0,False
100652,Cassio Motta,1461.9144743240026,1622.0,2.965008618742786,-1323.0,,,1492.1110937825736,676.0,4.111093782573562,-584.0,1461.5693778770858,1267.0,,,,,,,1488.0,335.0,,,18.0,False
104812,Scoville Jenkins,1461.9030151724687,1623.0,-22.840515125251386,-1045.0,,,1457.595643945924,1419.0,-38.85434229073326,-1148.0,1485.5079689018621,909.0,,,1500.7931810974046,380.0,,,,,,,20.0,False
106220,Dimitar Kuzmanov,1461.837459035518,1624.0,-6.825638013805701,-407.0,338.0,152.0,1449.862563025552,1489.0,-8.751368550318603,-388.0,1502.211239019868,489.0,,,,,,,,,,,21.0,True
101389,Oren Motevassel,1461.8325276371695,1625.0,,,,,1475.5734151793513,1186.0,,,1494.7158429900396,598.0,,,1490.2190766486963,528.0,,,,,,,4.0,False
106106,George Tsivadze,1461.7880427969635,1626.0,,,,,1474.4930070133653,1203.0,,,1488.0095273109168,787.0,,,,,,,1500.414300586377,190.0,,,5.0,False
103118,Ion Moldovan,1461.4088049136822,1627.0,-39.220353089610626,-1433.0,,,,,,,1469.6540645195012,1178.0,-39.43642641488509,-1049.0,,,,,1487.9806718837006,350.0,,,15.0,False
102843,Suwandi Suwandi,1461.3648092081498,1628.0,,,,,1454.5703128385624,1449.0,,,,,,,,,,,,,,,4.0,False
101681,Chris Wilkinson,1461.3357259653305,1629.0,-3.9407560190054483,-1131.0,,,1399.1508368525633,1705.0,-34.18605623850112,-1271.0,1495.9928005349145,584.0,,,1467.4097511005061,992.0,-9.72177583113239,-706.0,1493.272231334107,240.0,,,69.0,False
102231,Alex Calatrava,1461.173968315484,1630.0,-9.808099300227468,-930.0,,,1482.8815491597888,1051.0,-55.26480098822981,-931.0,1470.2375201987518,1169.0,-3.988184266400822,-615.0,1454.9675261379587,1089.0,,,1465.8032469912073,539.0,,,170.0,False
103837,Didac Perez,1461.076616580889,1631.0,,,,,,,,,1452.2708952575863,1349.0,,,,,,,,,,,7.0,False
101338,Olivier Soules,1461.0084020275383,1632.0,,,,,1488.0,851.0,,,1478.7670687721873,1028.0,,,,,,,1488.0,342.0,,,4.0,False
103523,Rohan Bopanna,1461.0007206019293,1633.0,-21.691290134337578,-1024.0,,,1431.346723435386,1611.0,-58.702523989194106,-1244.0,,,,,1498.2864419604603,428.0,,,,,,,20.0,False
209863,Leo Borg,1460.9957720097627,1634.0,-26.449354755888635,-713.0,514.0,83.0,1449.1937160584869,1494.0,,,1500.1414300266276,519.0,,,,,,,,,,,12.0,True
111459,Arjun Kadhe,1460.913094106977,1635.0,,,,,1456.4408864962304,1429.0,,,,,,,,,,,,,,,4.0,False
209890,Mili Poljicak,1460.8760485922478,1636.0,,,345.0,148.0,,,,,1460.0504935650738,1283.0,,,,,,,,,,,4.0,True
102135,Emilio Benfele Alvarez,1460.8389750093181,1637.0,-66.32934794412995,-1487.0,,,1395.6590980437784,1713.0,-90.14379497433083,-1433.0,1525.2229756219413,288.0,-73.21808532261434,-233.0,1483.1887116880284,775.0,,,1470.7856036548949,515.0,,,105.0,False
102018,Tamer El Sawy,1460.7594536725007,1638.0,,,,,1489.228410876157,776.0,,,1466.1653031053804,1216.0,,,,,,,1492.0750776980606,248.0,,,9.0,False
209916,Marko Topo,1460.7076258025968,1639.0,,,295.0,180.0,1488.286087684108,830.0,,,1461.6061551297835,1265.0,,,,,,,,,,,10.0,True
103868,Ivan Navarro,1460.5540533744895,1640.0,-2.0391526063240235,-740.0,,,1428.6395841442995,1626.0,-50.30427735885951,-1061.0,1475.5945172586546,1096.0,-12.168031919818077,-637.0,1475.7605577081044,892.0,-5.043711556600101,-460.0,,,,,97.0,False
102776,Andrew Ilie,1460.472371735551,1641.0,-119.525307364632,-1544.0,,,1462.5074388273667,1363.0,-56.70154997638224,-1227.0,1554.0117597358912,187.0,-63.715756730230396,-141.0,1451.0257821382954,1112.0,-64.10635888824208,-1038.0,1461.3086352571938,562.0,,,196.0,False
101441,Martin Sinner,1460.46324050441,1642.0,-66.60700763930936,-1515.0,,,1481.0825162325186,1078.0,-20.241453164238465,-926.0,1434.654544996183,1460.0,-41.24931598657804,-1110.0,1452.8267215737665,1100.0,,,1528.7917956803774,98.0,16.67853816892034,-24.0,104.0,False
200277,Charles Broom,1460.4394678260476,1643.0,,,280.0,192.0,,,,,1487.7257101485623,830.0,,,1469.2478213214026,963.0,,,,,,,4.0,True
106006,Agustin Velotti,1460.4294067361939,1644.0,,,,,,,,,1461.365007520457,1268.0,,,,,,,,,,,4.0,False
105283,Gerard Granollers,1460.3745519763938,1645.0,,,,,,,,,1462.3958418360226,1255.0,,,,,,,,,,,4.0,False
103385,Paul Baccanello,1460.2899234699723,1646.0,,,,,1455.9466973206129,1432.0,,,,,,,1499.0800630465326,420.0,,,,,,,10.0,False
144949,Menelaos Efstathiou,1460.212547240672,1647.0,,,,,1473.8996638260749,1213.0,,,1487.4866728494687,847.0,,,,,,,,,,,3.0,False
200218,Mate Valkusz,1460.1430581624525,1648.0,,,622.0,57.0,1476.6928960523014,1165.0,,,1469.0311144469936,1182.0,,,,,,,,,,,7.0,True
200611,Elliot Benchetrit,1459.855899881071,1649.0,-35.490750801149716,-1093.0,,,1491.3188144702115,705.0,,,1452.8071488051896,1344.0,,,,,,,,,,,11.0,False
101937,Robbie Koenig,1459.7077084997447,1650.0,-51.380052036915004,-1563.0,,,1466.4858712676898,1300.0,,,,,,,1492.6632628494308,473.0,,,1490.0159785749834,278.0,,,11.0,False
202260,Henri Squire,1459.6243623356715,1651.0,,,249.0,223.0,1480.130834313015,1095.0,,,1504.5436287357434,451.0,,,1456.2162914822297,1079.0,,,,,,,8.0,True
102529,Thomas Shimada,1459.6218762950587,1652.0,,,,,1470.7746087066141,1250.0,,,,,,,1488.0,632.0,,,,,,,4.0,False
101009,John Sobel,1459.5419775562398,1653.0,,,,,1486.132456692867,981.0,,,1486.2046712944746,900.0,,,,,,,1488.0,340.0,,,3.0,False
103843,Marco Chiudinelli,1459.294411043932,1654.0,-29.199678086529957,-980.0,,,1460.2341972517013,1394.0,-24.227467212737793,-768.0,1449.849122320395,1367.0,-41.546580738493276,-1008.0,1478.1558943460484,833.0,-33.279959753613184,-677.0,1489.4446253817177,285.0,,,131.0,False
103823,Denis Gremelmayr,1459.2861107085776,1655.0,-17.420578930847114,-885.0,,,1430.226718714406,1617.0,-45.7678927296638,-988.0,1539.6290413512324,232.0,-40.2599795317044,-145.0,1429.5140446257421,1187.0,,,,,,,87.0,False
200672,Sergey Fomin,1459.2754341246632,1656.0,,,294.0,181.0,1460.045324697566,1395.0,,,,,,,,,,,,,,,4.0,True
100926,Ken Flach,1459.2387397655455,1657.0,,,,,1474.8622798516985,1198.0,,,,,,,1491.085107567055,500.0,,,1488.0,329.0,,,4.0,False
102234,Oliver Gross,1459.1121617315857,1658.0,-4.12900363580502,-1080.0,,,1463.070947695256,1356.0,-7.369319799029427,-955.0,1474.2823062381374,1117.0,-16.88271602244663,-885.0,1454.5258788423391,1092.0,,,1481.8887976803917,428.0,,,119.0,False
106072,Alexey Vatutin,1459.0823261537146,1659.0,,,587.0,64.0,1467.8046271605717,1286.0,,,1482.6241198477192,963.0,,,,,,,,,,,9.0,True
106174,Gonzalo Lama,1459.0385312189178,1660.0,,,,,1474.247284923883,1206.0,,,1486.4626480617158,894.0,,,,,,,,,,,9.0,False
103238,Jean Claude Scherrer,1458.989254914062,1661.0,,,,,1477.4892807168403,1144.0,,,,,,,1474.353338298123,919.0,,,1488.9840907144396,301.0,,,5.0,False
126125,Maxime Janvier,1458.9471560542163,1662.0,,,578.0,67.0,1488.399532854266,820.0,,,1475.0207755602241,1109.0,,,1487.885869543107,656.0,,,,,,,6.0,True
102069,Andrei Rybalko,1458.935103383584,1663.0,,,,,,,,,1470.929043893336,1157.0,,,,,,,1487.610496688421,364.0,,,4.0,False
101701,Bing Pan,1458.7263430089795,1664.0,,,,,1515.0104574653212,378.0,,,,,,,,,,,1444.3444060973711,618.0,,,10.0,False
101861,Thomas Buchmayer,1458.590128685434,1665.0,-52.30556130635523,-1595.0,,,,,,,1478.2571541964435,1044.0,,,,,,,1470.9439399442515,513.0,,,11.0,False
101484,Vladimir Gabrichidze,1458.5869365802541,1666.0,,,,,1476.6710130463712,1166.0,,,1481.1345442470702,992.0,,,,,,,,,,,8.0,False
103863,Mikhail Elgin,1458.5098911673497,1667.0,-36.8067496869287,-1378.0,,,1460.0214214326481,1397.0,,,,,,,,,,,1473.8969695366666,497.0,,,11.0,False
101327,Cyril Suk,1458.4949017618494,1668.0,,,,,1487.5050833764863,906.0,,,1479.3796770534304,1020.0,,,1475.0803158401513,905.0,,,,,,,5.0,False
101844,Heath Denman,1458.3211773214077,1669.0,,,,,1455.8882452300777,1433.0,,,,,,,,,,,,,,,6.0,False
211451,Gilles Arnaud Bailly,1458.315074840626,1670.0,,,204.0,277.0,1472.8652670413371,1224.0,,,1488.9111535089314,735.0,,,1487.5709204213495,686.0,,,,,,,7.0,True
101531,Mario Visconti,1458.3146306140732,1671.0,,,,,,,,,1458.654900044381,1293.0,,,,,,,,,,,8.0,False
200096,Dragos Nicolae Madaras,1458.2104383237233,1672.0,,,580.0,65.0,1464.2254847964691,1334.0,,,1488.3109069164818,769.0,,,,,,,,,,,4.0,True
144645,Zdenek Kolar,1458.1283562266558,1673.0,,,162.0,372.0,1490.6842433878833,714.0,,,1483.4154150560505,948.0,,,1476.7910762624176,864.0,,,,,,,8.0,True
102028,Massimo Valeri,1458.1272488854697,1674.0,-18.446892408594067,-1403.0,,,,,,,1463.4247683075637,1249.0,-25.297820033783182,-1131.0,,,,,1487.0266177203953,387.0,,,12.0,False
105827,Laurynas Grigelis,1458.0484422479035,1675.0,-46.001540413324165,-1276.0,,,1449.297079283481,1492.0,-39.1159140434911,-1027.0,1509.633601456244,403.0,,,,,,,,,,,14.0,False
102239,Francisco Costa,1457.909914313792,1676.0,,,,,1479.5608232222992,1102.0,,,1470.3122498838645,1168.0,,,,,,,,,,,5.0,False
101715,Jose Antonio Pepe Conde,1457.9059364150828,1677.0,,,,,,,,,1455.935070281569,1314.0,,,,,,,,,,,9.0,False
102770,John Van Lottum,1457.8391493231918,1678.0,-30.076798881686955,-1228.0,,,1463.5263125150816,1348.0,-24.259573401486023,-990.0,1458.9581822316693,1289.0,-21.79759324874135,-843.0,1472.7145262823385,932.0,-40.78271119636838,-847.0,1485.0620420877874,408.0,-9.619562176979343,-274.0,152.0,False
206889,Clement Chidekh,1457.7827161143014,1679.0,,,177.0,335.0,1478.7358009939492,1116.0,,,1487.3463491797315,854.0,,,1487.181983634919,712.0,,,,,,,6.0,True
101477,Chris Bailey,1457.688408500318,1680.0,3.103216902699387,-1317.0,,,1486.8579964036803,946.0,,,,,,,1464.6327654182053,1023.0,,,1488.0376568233773,323.0,,,15.0,False
101276,Horacio De La Pena,1457.3857439015244,1681.0,5.308879673212232,-1259.0,,,1468.3375399809775,1280.0,,,1451.6736437618538,1357.0,-0.7840888446646659,-1035.0,1477.8177349911327,841.0,,,1488.0,328.0,,,95.0,False
105341,Thomas Fabbiano,1457.3086627485516,1682.0,-53.90313506229586,-1307.0,,,1400.6087114138402,1703.0,-46.82748811324382,-533.0,1417.6420186818928,1517.0,-35.86791803282881,-483.0,1543.9511231778674,151.0,38.00427631257071,77.0,,,,,89.0,False
106093,Benjamin Mitchell,1457.2743125965062,1683.0,,,,,1455.1066712762404,1445.0,,,,,,,,,,,,,,,5.0,False
106223,Aleksandre Metreveli,1457.2017327836334,1684.0,,,,,1450.401054440354,1480.0,,,,,,,,,,,,,,,5.0,False
102997,Hermes Gamonal,1457.011693695804,1685.0,,,,,1478.7649761576351,1114.0,,,1473.812264911676,1124.0,,,,,,,,,,,7.0,False
101685,Markus Naewie,1456.979991224672,1686.0,-6.094760718026691,-1329.0,,,1461.5491013627973,1373.0,,,1471.1134236114674,1156.0,0.4008707455277545,-910.0,1477.486565674486,849.0,,,1488.1165093843563,321.0,,,51.0,False
104717,Brendan Evans,1456.8989447125186,1687.0,-15.381753637885822,-913.0,,,1424.2201542474006,1641.0,-42.32033490696267,-1045.0,,,,,1508.4085152889963,302.0,,,,,,,21.0,False
103672,Ricardo Mello,1456.8777305159865,1688.0,-44.14825872298866,-1322.0,,,1458.6951000974507,1404.0,-19.057111374022043,-762.0,1483.925453298881,939.0,-68.02312374062831,-814.0,1437.0182539339899,1160.0,,,1477.4187781196945,463.0,,,137.0,False
202262,Filip Cristian Jianu,1456.852255016881,1689.0,,,252.0,219.0,1488.759089445934,801.0,,,1492.1098126561812,632.0,,,1477.3106739914656,854.0,,,,,,,6.0,True
101561,Nicklas Utgren,1456.6481481373296,1690.0,,,,,,,,,1461.064095484213,1272.0,,,,,,,,,,,8.0,False
104121,Tobias Summerer,1456.6104597282842,1691.0,,,,,1488.6120958662286,809.0,,,1465.0018908775169,1230.0,,,1492.2498539141263,484.0,,,,,,,9.0,False
101730,Piet Norval,1456.5587351832662,1692.0,,,,,1478.677516660009,1119.0,,,1488.1292760222943,781.0,,,1487.1512073217768,714.0,,,,,,,4.0,False
102215,Joshua Eagle,1456.4753420851143,1693.0,-50.383330940456744,-1583.0,,,1488.357179062668,825.0,,,1488.4572136308343,761.0,,,1483.744209402678,771.0,,,1470.3739645576852,518.0,,,13.0,False
100901,Paul Annacone,1456.3608764504136,1694.0,,,,,1475.6525157807603,1184.0,,,,,,,1499.5474369381632,412.0,,,1475.7050586019561,482.0,,,10.0,False
104262,Flavio Cipolla,1456.3380504553259,1695.0,-52.27109552755155,-1386.0,,,1468.5779637415521,1274.0,-51.05516068682209,-1066.0,1450.1341200913853,1365.0,-40.25827393978852,-968.0,1440.0436679043014,1148.0,,,,,,,99.0,False
102567,George Bastl,1456.31568507464,1696.0,-1.819538267162443,-846.0,,,1463.1027796970868,1355.0,-21.483368201549183,-860.0,1416.5343782350374,1519.0,-50.19912090194134,-1061.0,1421.4342717145457,1205.0,-17.944757490110533,-722.0,1476.088353293189,479.0,-16.81485296417509,-315.0,127.0,False
101117,Eric Jelen,1456.2501734814923,1697.0,-25.52049793961578,-1505.0,,,1481.751842462725,1069.0,,,1493.2295775722043,619.0,14.036278601893855,-532.0,1488.0,624.0,,,1470.7982180084086,514.0,,,32.0,False
212082,Joel Schwaerzler,1456.1506570370714,1698.0,,,170.0,351.0,1496.4252677898953,591.0,,,1458.9877173665052,1288.0,,,1487.2431012730465,705.0,,,,,,,10.0,True
117361,Akira Santillan,1456.110278449621,1699.0,-30.458681747761148,-926.0,307.0,176.0,1473.5697773340573,1216.0,,,1475.0358215324966,1108.0,,,1499.6561746356954,410.0,,,,,,,11.0,True
103181,Jiri Vanek,1456.011878927682,1700.0,-34.55800745131614,-1230.0,,,1405.9049866317832,1691.0,-58.666411032281985,-1036.0,1498.8926624144742,541.0,-10.110265954932629,-336.0,1458.2209047378058,1070.0,,,1441.5013732731668,623.0,,,185.0,False
102354,Jerome Hanquez,1455.9920380299463,1701.0,,,,,,,,,1474.4359210100893,1114.0,,,,,,,1471.3327546729886,512.0,,,5.0,False
102780,Frederic Niemeyer,1455.8863199030184,1702.0,2.0637088450243937,-925.0,,,1430.9570824521527,1613.0,-13.670641853656434,-938.0,,,,,1490.172664342839,532.0,,,,,,,24.0,False
102785,Glenn Weiner,1455.8430819299417,1703.0,-15.797237561904922,-1037.0,,,1446.4161563872547,1517.0,-18.823552625406137,-934.0,,,,,1488.2816220463314,603.0,,,,,,,38.0,False
104932,Kenny De Schepper,1455.8145194218548,1704.0,28.295630753656496,-307.0,825.0,33.0,1460.674878845993,1388.0,22.562904611702834,-328.0,1417.681102012782,1516.0,-37.556348300327954,-638.0,1476.1780498657356,880.0,-25.25733620567894,-655.0,,,,,86.0,True
102219,Juan Garat,1455.796476738869,1705.0,,,,,,,,,1453.795108840777,1335.0,,,,,,,,,,,7.0,False
103165,Gorka Fraile,1455.7912227093034,1706.0,,,,,1493.4999504940304,641.0,,,1462.4633585105441,1254.0,,,,,,,,,,,7.0,False
101364,Bret Garnett,1455.6793475244785,1707.0,-44.75464578151309,-1612.0,,,1453.1161950709584,1465.0,,,,,,,,,,,1499.0723748509322,211.0,,,12.0,False
209875,Alex Barrena,1455.59181904916,1708.0,,,190.0,309.0,,,,,1465.5731349818675,1221.0,,,1487.9930883081918,643.0,,,,,,,4.0,True
102147,Oliver Fernandez,1455.5868190407011,1709.0,-56.06937530722735,-1622.0,,,1472.9813643294444,1223.0,,,1491.851272564152,634.0,,,,,,,1488.0,332.0,,,15.0,False
102410,David Caldwell,1455.5448000420135,1710.0,-34.57064525448686,-1454.0,,,1447.1000983371093,1510.0,-41.68002182509781,-1302.0,,,,,,,,,,,,,11.0,False
103544,Andy Ram,1455.5316467675948,1711.0,,,,,1455.6176906494188,1437.0,,,,,,,1489.055466171463,575.0,,,1490.2208618370894,271.0,,,9.0,False
105899,Martin Cuevas,1455.4965534406315,1712.0,,,,,1464.0470503270676,1340.0,,,1488.2959579920143,771.0,,,,,,,,,,,6.0,False
104882,Blaz Kavcic,1455.491779073988,1713.0,-26.053954814150302,-792.0,,,1460.9911767787735,1382.0,-51.24351861160426,-1130.0,1461.049435646472,1273.0,-23.39955114733948,-707.0,1433.7386329563321,1178.0,-9.897915003150274,-456.0,,,,,120.0,False
105030,Michael Venus,1455.4788027106192,1714.0,,,,,1455.7110774861876,1436.0,,,1487.4871140290484,846.0,,,,,,,,,,,9.0,False
200075,Yshai Oliel,1455.4245972758517,1715.0,,,1971.0,1.0,1461.3637703794034,1375.0,,,1491.107548508364,656.0,,,,,,,,,,,7.0,True
102457,Miles Maclagan,1455.3997648444322,1716.0,-55.790117886301914,-1617.0,,,1487.6137796477608,891.0,,,1478.0529330437232,1045.0,,,1481.2758189222911,794.0,,,,,,,11.0,False
102720,Tomas Zib,1455.2693515396393,1717.0,6.91090087993166,-819.0,,,1434.6709940459114,1594.0,-26.930879460638835,-941.0,1439.125364972691,1432.0,-29.489990843771693,-837.0,1475.1810747975094,904.0,-12.716158035458648,-581.0,1462.0130219671637,559.0,,,132.0,False
103455,Michal Mertinak,1455.1600694648273,1718.0,-22.069337925401214,-1103.0,,,,,,,1468.1603658192782,1192.0,,,1483.0711376001732,776.0,,,1487.127169666388,385.0,,,15.0,False
109303,Stefano Napolitano,1455.1457583591687,1719.0,-50.21777131903832,-1316.0,246.0,227.0,1476.1391549261177,1178.0,,,1482.0255143487357,974.0,,,1481.7568521336314,792.0,,,,,,,13.0,True
117365,Petros Chrysochos,1455.1208369912652,1720.0,,,,,1454.4719067947747,1451.0,,,1498.3333721999863,550.0,,,,,,,,,,,6.0,False
100950,Libor Pimek,1455.080964564479,1721.0,,,,,1487.5714076300158,898.0,,,1487.2251957009184,859.0,,,,,,,1476.9637154093268,469.0,,,6.0,False
104753,Woong Sun Jun,1455.00344472877,1722.0,,,,,1473.2159007087114,1219.0,,,1488.2895564960193,772.0,,,1488.0,634.0,,,,,,,8.0,False
144826,Aziz Dougaz,1454.664156371372,1723.0,-17.495209208301503,-382.0,668.0,51.0,1472.8604934830896,1225.0,-2.739026399967088,-386.0,1478.3200174564854,1041.0,,,1489.0972286052956,573.0,,,,,,,19.0,True
126689,Tadas Babelis,1454.6447656418957,1724.0,,,,,1477.5270160393452,1141.0,,,1474.9313383872434,1111.0,,,,,,,,,,,4.0,False
212309,Diego Dedura Palomero,1454.5239048741491,1725.0,,,287.0,187.0,1487.765257178787,877.0,,,1479.929266562292,1011.0,,,1476.3857018271115,871.0,,,,,,,8.0,True
103216,Clemens Trimmel,1454.412809685112,1726.0,,,,,,,,,1457.5948194000894,1307.0,,,,,,,1486.386371718075,394.0,,,8.0,False
102585,Sebastian Prieto,1454.379469153522,1727.0,-38.92117374520035,-1483.0,,,1502.987958123521,487.0,,,1448.6813202065339,1379.0,-35.83294614406782,-1095.0,,,,,,,,,15.0,False
101871,Alexander Reichel,1454.241523394731,1728.0,,,,,1464.4016013372639,1330.0,,,1483.2690568474538,949.0,,,1500.4867222001178,386.0,,,1489.8284367820302,280.0,,,8.0,False
144814,Eero Vasa,1454.2094017282886,1729.0,,,424.0,111.0,1463.5473101913599,1346.0,,,,,,,,,,,1488.0,348.0,,,5.0,True
104810,Zhe Li,1454.141746436602,1730.0,-11.003570818066237,-626.0,1971.0,1.0,1448.8265483381701,1496.0,-13.460748022100233,-541.0,,,,,,,,,,,,,15.0,True
101511,Horst Skoff,1454.0532707882178,1731.0,-54.57239031891072,-1604.0,,,1416.0032730655914,1670.0,-22.84984281572133,-1376.0,1517.6402753938657,330.0,-93.7344899581135,-305.0,1476.8302386579514,862.0,,,1410.2063524649316,638.0,-66.38870039892026,-445.0,168.0,False
103700,Juan Pablo Guzman,1454.025979502528,1732.0,-12.023532333544836,-963.0,,,1487.944032777346,868.0,,,1470.6589079884695,1162.0,8.49040134219581,-521.0,1475.8375904537295,888.0,,,,,,,21.0,False
104947,Marsel Ilhan,1453.9606588562103,1733.0,-1.321835158092199,-561.0,,,1460.986909993031,1383.0,2.4101450902549004,-464.0,1420.6358210555163,1508.0,-38.31709724272787,-629.0,1477.1105856059062,859.0,-33.81353953503594,-693.0,,,,,79.0,False
101071,Tom Nijssen,1453.8850758916321,1734.0,-43.958864421081444,-1595.0,,,1474.1616047508965,1209.0,,,1458.1812920386656,1300.0,-41.11314854534953,-1216.0,1489.6595969385853,549.0,,,1481.414232983387,433.0,-23.438447584222786,-385.0,33.0,False
101479,Tj Middleton,1453.6333482641985,1735.0,,,,,1475.69061015034,1183.0,,,1488.61921213354,749.0,,,,,,,1487.5500250477367,371.0,,,4.0,False
103893,Paolo Lorenzi,1453.6229432649059,1736.0,-20.835854389626775,-648.0,,,1497.4378436154732,572.0,-9.874575625301986,-240.0,1452.4598758648983,1347.0,-76.46564820106323,-1136.0,1380.897173561402,1226.0,-33.00706633404616,-367.0,,,,,290.0,False
200031,Lucas Catarina,1453.4619202199483,1737.0,,,,,1477.4567115616694,1145.0,,,1467.0574355485028,1209.0,,,,,,,,,,,6.0,False
104550,Ricardo Hocevar,1453.405036859042,1738.0,,,,,1494.254203283926,617.0,,,1459.4699188528846,1285.0,,,,,,,,,,,5.0,False
126120,Nino Serdarusic,1453.2856526392868,1739.0,,,1241.0,8.0,1486.6194049353128,960.0,,,1458.0269667327245,1303.0,,,,,,,,,,,10.0,True
102180,Charles Auffray,1452.9780913076693,1740.0,,,,,,,,,1449.7379774809192,1369.0,,,,,,,,,,,7.0,False
102455,Lorenzo Manta,1452.964423745656,1741.0,-10.589746326542354,-1168.0,,,1508.7309269460843,432.0,-8.510716823982648,-308.0,1461.9749283818444,1259.0,,,1466.501714177064,1001.0,,,1469.4533199719656,523.0,,,33.0,False
105641,Blaz Rola,1452.8252857403038,1742.0,-31.58222005872358,-980.0,,,1462.6562436227089,1360.0,-29.80358499111412,-940.0,1490.3212040417575,682.0,-2.3685247864470966,-297.0,1466.542483572466,1000.0,,,,,,,31.0,False
104890,Andreas Haider Maurer,1452.6848359027008,1743.0,-81.61178917248753,-1497.0,,,1456.209168197742,1431.0,-50.186146840753736,-1142.0,1459.3835906966215,1286.0,-76.82676942913781,-1112.0,1442.1214219682618,1144.0,-55.23607651431257,-892.0,,,,,112.0,False
144972,Geoffrey Blancaneaux,1452.624764303595,1744.0,,,355.0,143.0,1451.438975441614,1476.0,,,1490.928205321683,664.0,,,,,,,,,,,6.0,True
111578,Stefan Kozlov,1452.5378927180059,1745.0,6.6880125497280005,-238.0,292.0,181.0,1431.7924393529624,1605.0,8.885984669334448,-216.0,1490.9329752160531,662.0,,,1481.9762002330335,788.0,-29.63806137823417,-604.0,,,,,36.0,True
103657,Ivo Klec,1452.3231731785152,1746.0,,,,,1478.6478432448137,1121.0,,,1469.4852760029275,1179.0,,,,,,,,,,,8.0,False
102836,Rogier Wassen,1452.1920930027575,1747.0,-24.73519557119812,-1281.0,,,1494.99333514524,606.0,,,1483.645777875687,945.0,,,1448.0424626630606,1121.0,,,,,,,17.0,False
101606,Alberto Mancini,1452.1831226256782,1748.0,-56.698904876286406,-1644.0,,,1502.396322238053,493.0,16.830882549335456,-289.0,1467.787144304093,1197.0,-68.74065918479528,-1154.0,,,,,1487.5666027196876,370.0,,,120.0,False
101353,Lionel Barthez,1451.990923423486,1749.0,-56.88572131553224,-1643.0,,,1461.8940858482897,1369.0,,,1488.5778987290191,755.0,,,1487.3093791728497,701.0,,,1510.6356119929667,143.0,,,11.0,False
101920,Jamie Morgan,1451.9059713055565,1750.0,-35.0677609431923,-1468.0,,,1493.7405357257035,635.0,-36.83160081371943,-567.0,1470.0241313964973,1173.0,-13.376608361242006,-958.0,1511.1718958288184,286.0,-19.69383058538733,-252.0,1460.8244335053387,563.0,-75.81296184497887,-538.0,124.0,False
102872,James Sekulov,1451.8845590251663,1751.0,-33.885609938278776,-1347.0,,,1472.1608338613269,1235.0,-31.5002839989711,-1085.0,1458.6504035260123,1294.0,,,1489.5763126647694,553.0,,,,,,,21.0,False
105688,Manuel Sanchez,1451.7910747951946,1752.0,,,1882.0,1.0,1488.0,854.0,,,1463.4706655509553,1247.0,,,,,,,,,,,4.0,True
101050,Martin Laurendeau,1451.6088921231303,1753.0,-38.393228386545616,-1614.0,,,1453.7507788689832,1460.0,,,,,,,1489.1349435534432,572.0,,,1500.7051289503352,186.0,,,19.0,False
101329,Christer Allgardh,1451.5334831625796,1754.0,,,,,1472.7737542276093,1226.0,,,1475.5278601356915,1100.0,,,,,,,,,,,4.0,False
111805,Seong Chan Hong,1451.5299594045719,1755.0,-13.930839133964582,-370.0,,,1452.9321708792645,1469.0,-19.339260781501935,-378.0,,,,,1488.0,636.0,,,,,,,15.0,False
104629,Adrian Menendez Maceiras,1451.4834693263724,1756.0,-2.9851814510911936,-485.0,,,1476.6282208989453,1169.0,-6.566815793400565,-511.0,1464.4957510766108,1237.0,,,1475.6118463884904,897.0,,,,,,,24.0,False
105194,Nick Lindahl,1451.405512045615,1757.0,,,,,1453.801819157658,1458.0,,,1490.4266873469255,676.0,,,,,,,,,,,9.0,False
103676,Michael Yani,1451.4026826110587,1758.0,19.5625584599386,-670.0,,,1440.7618723880526,1556.0,,,1464.35953305076,1239.0,,,1520.7424161672177,235.0,,,,,,,17.0,False
105638,Daniel Cox,1451.39967841706,1759.0,,,,,,,,,,,,,1444.455255696979,1137.0,,,,,,,5.0,False
104368,Daniel King Turner,1451.3084738701582,1760.0,,,,,1440.8913396839414,1554.0,,,,,,,,,,,,,,,6.0,False
200516,Patrick Kypson,1451.2501114665906,1761.0,-22.601605718377186,-437.0,93.0,649.0,1477.5567260004427,1139.0,3.5203616309295285,-63.0,1450.787096630557,1361.0,,,1507.0509367111615,309.0,,,,,,,20.0,True
101865,Albert Chang,1451.1982457930285,1762.0,-15.110967009393335,-1331.0,,,1473.9610289532297,1212.0,-12.826799029513268,-1015.0,,,,,1473.9563428115498,924.0,,,1479.2588166792186,447.0,,,22.0,False
200335,Felipe Meligeni Alves,1451.1826841696375,1763.0,-64.55694108279454,-1369.0,812.0,34.0,1488.6594265348704,805.0,,,1468.2229194893073,1191.0,,,1477.5238360117253,845.0,,,,,,,19.0,True
104736,Farrukh Dustov,1450.9551127225852,1764.0,,,,,1492.2840366557818,671.0,,,1470.0966549200973,1171.0,,,1479.2155191305733,824.0,,,,,,,9.0,False
105311,Joao Sousa,1450.8976451504716,1765.0,-10.850946667231028,-373.0,,,1493.9355456364012,629.0,-49.94583217900413,-413.0,1475.117011300494,1107.0,4.807380126780799,-112.0,1451.2990239776645,1110.0,-15.1424542335767,-345.0,,,,,454.0,False
102378,Juan Gisbert Jr,1450.8483827076327,1766.0,0.7928441156923327,-1393.0,,,,,,,1455.6448550603536,1320.0,3.8622531826445083,-1041.0,,,,,,,,,16.0,False
101961,Martin Stringari,1450.577978527736,1767.0,-44.54060995789064,-1625.0,,,1498.8780984167279,547.0,,,1452.064059111001,1353.0,,,,,,,,,,,13.0,False
105872,Christian Lindell,1450.5457000219008,1768.0,-18.95202840342563,-910.0,,,1486.9529260616778,942.0,,,1452.6585699201744,1346.0,-19.636926871941796,-661.0,,,,,,,,,14.0,False
102359,Andrew Richardson,1450.459004337847,1769.0,-25.34167905086815,-1359.0,,,1481.01880566059,1079.0,,,,,,,1451.5744931225672,1109.0,,,1479.9050863739474,442.0,,,17.0,False
103999,Thiago Alves,1450.3135981770429,1770.0,-53.968663407213626,-1457.0,,,1455.1629933968547,1444.0,-35.93246532271769,-1089.0,1472.4323740790244,1139.0,,,1489.9180164634447,537.0,,,,,,,28.0,False
117360,Marc Polmans,1450.1588224663087,1771.0,-21.086761373454237,-576.0,347.0,147.0,1425.380134156503,1637.0,-65.21882693731209,-1092.0,1499.3385321437179,532.0,,,1492.3955919508883,479.0,,,,,,,28.0,True
101284,Lars Anders Wahlgren,1449.9438815320916,1772.0,-49.8345046763086,-1651.0,,,1486.3386304013784,969.0,-33.56983716103605,-913.0,1481.331308748541,987.0,,,,,,,1452.3930066566345,597.0,,,31.0,False
101492,Sander Groen,1449.9198880151246,1773.0,,,,,1485.6857019556417,1000.0,,,,,,,1467.604792078529,989.0,,,1487.6727813086807,360.0,,,9.0,False
103395,Julio Silva,1449.8796272779146,1774.0,-67.49451597373081,-1590.0,,,1465.3759968862678,1318.0,,,1465.3278784551737,1225.0,,,,,,,,,,,11.0,False
104397,Laurent Recouderc,1449.8247639474996,1775.0,-53.458836184852316,-1456.0,,,1444.9592735283802,1523.0,,,1485.2912047262957,915.0,,,,,,,,,,,15.0,False
100713,John Fitzgerald,1449.5824239933395,1776.0,-38.977411607301065,-1599.0,,,1472.3441764519357,1232.0,-32.06172165790713,-1162.0,1486.7573088709157,880.0,,,1500.9258174109113,375.0,,,1486.0646643778434,400.0,,,33.0,False
207415,Daniel Michalski,1449.532451873935,1777.0,,,299.0,179.0,1469.9009305446302,1258.0,,,1475.7385754189715,1092.0,,,,,,,,,,,5.0,True
106397,Wishaya Trongcharoenchaikul,1449.5115016201962,1778.0,,,811.0,35.0,1470.8016109362436,1249.0,,,1476.3597631774214,1077.0,,,,,,,,,,,7.0,True
101582,Gilbert Schaller,1449.4924917766218,1779.0,-80.34931888156211,-1656.0,,,1405.002344498255,1694.0,-34.69558624069964,-1259.0,1488.8138329549115,740.0,-83.16226979556086,-692.0,1488.0308872186781,619.0,,,1462.2312013746932,558.0,,,206.0,False
103154,Jaymon Crabb,1449.4735084662698,1780.0,,,,,1446.473526586132,1516.0,,,,,,,,,,,,,,,9.0,False
103573,Rik De Voest,1449.4278561928668,1781.0,-8.680948366539496,-819.0,,,1442.9078871343395,1533.0,-22.73356998684517,-792.0,,,,,1462.917080494464,1041.0,-49.08291950553598,-931.0,,,,,57.0,False
101549,Rodolphe Gilbert,1449.3596834119976,1782.0,16.242199297154684,-1201.0,,,1455.4164530282044,1442.0,-13.478273114731792,-1124.0,1437.8773506640066,1438.0,-15.112861995503408,-1065.0,1438.401487062619,1155.0,-73.59851293738097,-1154.0,1477.820348888725,461.0,-34.79539843656244,-417.0,161.0,False
100772,Kelly Evernden,1449.233242997155,1783.0,-12.057168915808461,-1489.0,,,1447.877748983308,1502.0,-17.17534040953001,-1261.0,1487.6348242061274,837.0,,,1487.5999923740492,675.0,,,,,,,26.0,False
102600,David Miketa,1449.1787810385235,1784.0,,,,,,,,,1445.0843617526868,1401.0,,,,,,,,,,,5.0,False
105254,Nikola Mektic,1449.0413140582375,1785.0,,,,,1453.5225605487124,1462.0,,,1485.1860261706283,922.0,,,,,,,,,,,9.0,False
102263,Yong Il Yoon,1449.0170417183028,1786.0,-37.71959676977781,-1525.0,,,1450.1266365745935,1487.0,-49.0985468184133,-1379.0,,,,,1492.823928364616,471.0,,,,,,,13.0,False
100855,Scott Davis,1448.9329636311356,1787.0,36.99149308156757,-1472.0,,,1447.5232876395617,1508.0,-25.936715139462876,-1316.0,1487.9985860647278,816.0,,,1492.5817352420256,475.0,,,1480.477703913398,438.0,,,35.0,False
104117,Giovanni Lapentti,1448.8024642809353,1788.0,-62.51285448220665,-1551.0,,,1480.8790738156843,1083.0,-10.166946582154651,-757.0,1453.3109297534938,1340.0,,,1484.532485558926,766.0,,,,,,,28.0,False
103607,Victor Estrella,1448.6691407686926,1789.0,-61.14663672242705,-1427.0,,,1421.8576691301228,1652.0,-40.888849675957545,-722.0,1545.2053083854446,212.0,-77.91688428346038,-137.0,1430.7884871885053,1183.0,-52.877111229711545,-683.0,,,,,109.0,False
101534,Libor Nemecek,1448.561210422026,1790.0,-28.767803703957497,-1489.0,,,1491.556878020332,697.0,,,1440.425547158924,1429.0,,,,,,,,,,,19.0,False
102925,Justin Gimelstob,1448.5309120398522,1791.0,-68.97362094265895,-1571.0,,,1441.4991199334436,1548.0,-32.7758954437511,-974.0,1448.9695003594763,1376.0,-39.05435569922997,-1080.0,1482.2054732848246,782.0,-37.31203358956577,-671.0,1481.9109741828504,427.0,-30.089025817149604,-352.0,275.0,False
101407,David Engel,1448.4369317415008,1792.0,-47.20998128751239,-1660.0,,,1460.4173070364097,1391.0,-29.264651617751724,-1301.0,1480.3784642674984,1006.0,,,1500.7533616818118,381.0,,,1479.7635071631778,444.0,,,34.0,False
103444,Jean Rene Lisnard,1448.2496091621688,1793.0,-17.379093058965736,-1022.0,,,1466.0285401862584,1306.0,-33.61737585953665,-1055.0,1437.825697925612,1440.0,-31.073747195430997,-857.0,1469.4169730388792,960.0,,,1501.4353018557715,182.0,,,119.0,False
208353,Francesco Maestrelli,1447.9578922329072,1794.0,-43.584646921282456,-1059.0,128.0,490.0,1469.3060894016164,1261.0,,,1482.9535199292238,955.0,,,1488.3951908472657,599.0,,,,,,,11.0,True
105085,Artem Smirnov,1447.8420458087483,1795.0,,,,,1462.398825254497,1366.0,,,1482.5164758296396,965.0,,,,,,,,,,,5.0,False
101687,David Dilucia,1447.7783367542165,1796.0,11.279487805850295,-1231.0,,,1462.8415116844833,1357.0,-24.205199687159848,-1184.0,,,,,1479.5143737713968,817.0,,,1470.1401263292541,519.0,,,21.0,False
105015,Franko Skugor,1447.7363865137406,1797.0,-32.86565355477251,-881.0,,,1505.3287400269332,468.0,22.076878104255684,118.0,1434.06101049416,1466.0,-77.08065832418811,-1259.0,1462.869348943096,1043.0,,,,,,,29.0,False
105062,Mikhail Kukushkin,1447.4691990089207,1798.0,-19.303171108167135,-446.0,304.0,177.0,1477.1247283315392,1156.0,-26.988211174923435,-759.0,1428.8047517998355,1487.0,-57.45379306441373,-807.0,1465.897252346468,1012.0,-30.285670231390213,-697.0,1487.585699413623,367.0,,,384.0,True
100532,Johan Kriek,1447.414153116849,1799.0,,,,,1463.433078486399,1350.0,,,,,,,1466.4450080077245,1002.0,,,1502.0849465371566,178.0,,,10.0,False
101374,Leonardo Lavalle,1447.2793767566095,1800.0,1.1798489037512354,-1420.0,,,1450.6239274979039,1479.0,-31.318800896113544,-1290.0,1490.6285442812396,669.0,-22.853635595396327,-612.0,1477.8364899658593,838.0,,,1475.733974804677,481.0,,,48.0,False
101977,Patricio Arnold,1447.1435217303203,1801.0,,,,,1475.1285359799183,1192.0,,,1466.015047786875,1219.0,,,,,,,,,,,6.0,False
103029,Mehdi Tahiri,1446.8973040501635,1802.0,,,,,,,,,1444.6869393015468,1403.0,,,,,,,,,,,8.0,False
102497,Mashiska Washington,1446.8947492628904,1803.0,-34.29135615532459,-1458.0,,,1440.9198551836782,1552.0,-38.03752135818581,-1244.0,,,,,,,,,,,,,12.0,False
101821,Peter Tramacchi,1446.6585357422605,1804.0,-28.51918503121783,-1388.0,,,1455.7508706797742,1435.0,-55.32195487741228,-1332.0,1470.5705968470772,1164.0,,,1482.5180071390841,779.0,,,,,,,20.0,False
103204,Hugo Armando,1446.5523382093847,1805.0,-7.285428987073146,-953.0,,,1506.1860254773942,460.0,,,1422.9538010382691,1500.0,-8.708062636310842,-730.0,,,,,,,,,42.0,False
103174,Noam Okun,1446.4901488253452,1806.0,-50.603175336221284,-1485.0,,,1441.41100896746,1549.0,-77.62101498416723,-1374.0,1503.788363859194,462.0,,,1435.6041099881206,1168.0,,,1490.8962069372308,262.0,,,61.0,False
100714,Broderick Dyke,1446.4771288234806,1807.0,,,,,1459.1525471839416,1401.0,,,,,,,1487.9856905714691,648.0,,,,,,,5.0,False
104035,Bobby Reynolds,1446.4450332524984,1808.0,-5.531337010595507,-771.0,,,1409.128327400234,1683.0,3.6767124832176705,-663.0,1484.0332128623854,937.0,,,1449.5358868137814,1114.0,-16.29129463646018,-541.0,,,,,101.0,False
101280,Mikael Stadling,1446.3601543179095,1809.0,,,,,1484.2995082289578,1027.0,,,,,,,1487.4377882053523,696.0,,,1458.5742759174245,570.0,,,8.0,False
103490,Santiago Ventura,1446.1783238156104,1810.0,-34.61056698989091,-1113.0,,,1420.0804347172957,1658.0,-63.3142008807763,-1197.0,1511.6506304562035,378.0,-32.66717015999802,-245.0,1425.5255098560776,1192.0,,,,,,,95.0,False
101490,Daniel Orsanic,1446.143999543085,1811.0,-46.324908545611834,-1619.0,,,1446.8454911996012,1513.0,,,1484.3001598097371,932.0,-33.96224403778069,-865.0,1475.1999858844101,902.0,,,1487.592537879905,366.0,,,39.0,False
102019,Dirk Dier,1445.9517588467456,1812.0,-12.342677773237256,-1337.0,,,1484.298010991916,1028.0,,,1467.7270717493057,1198.0,-33.73163394885296,-1117.0,1487.9573057704747,654.0,,,1475.5622341098385,483.0,,,20.0,False
106412,Lucas Gomez,1445.769346167531,1813.0,,,,,1456.923474595571,1426.0,,,1476.4152696433548,1073.0,,,,,,,,,,,9.0,False
106099,Salvatore Caruso,1445.7365670248844,1814.0,-29.158766866145243,-686.0,,,1474.9736713083653,1197.0,-11.46419704571258,-430.0,1442.712016358696,1413.0,-74.56879749127665,-1153.0,1467.7923488523782,985.0,,,,,,,63.0,False
104010,Dieter Kindlmann,1445.6908192469946,1815.0,-45.525298846615215,-1410.0,,,1479.2215340075024,1107.0,,,1454.090586268281,1332.0,,,,,,,,,,,12.0,False
103849,Francesco Aldi,1445.6081051459337,1816.0,,,,,,,,,1450.649370850558,1362.0,,,,,,,1488.644231301151,308.0,,,8.0,False
105877,Emilio Gomez,1445.5954933288958,1817.0,20.8845191114076,-143.0,,,1452.7259998477107,1471.0,-2.706260810936328,-266.0,1469.9424205939843,1175.0,,,,,,,,,,,34.0,False
105099,Antonio Veic,1445.410233001257,1818.0,-68.88718203731673,-1545.0,,,1468.463791296833,1278.0,-56.441803854628915,-1091.0,1457.563906696677,1308.0,-44.692927390298564,-1036.0,,,,,,,,,31.0,False
134840,Raul Brancaccio,1445.3975607321588,1819.0,,,239.0,242.0,1488.0408355669726,838.0,,,1467.6880496317021,1199.0,,,1487.56875844766,687.0,,,,,,,5.0,True
101026,Jim Grabb,1445.3403612670897,1820.0,-38.95797437420197,-1480.0,,,1430.613531543096,1615.0,-43.15279453541689,-1268.0,1469.2958338780193,1181.0,,,1452.434680276128,1102.0,-35.993419060823726,-1019.0,1537.9025889531931,82.0,-35.61257716649834,-65.0,179.0,False
101368,Christian Miniussi,1445.0026898130072,1821.0,-5.224344017453404,-1458.0,,,1455.0105777654283,1446.0,-93.95770838346266,-1417.0,1478.3367283524005,1040.0,-11.037136007721301,-913.0,1488.0,630.0,,,,,,,50.0,False
124014,Ernesto Escobedo,1444.597832857261,1822.0,-72.14168706009991,-1468.0,,,1451.9019306420792,1474.0,-48.8580297455585,-1064.0,1452.0400006435343,1355.0,-74.66804369571332,-1150.0,1479.6480498778656,813.0,,,,,,,61.0,False
101420,Vaclav Roubicek,1444.382867590514,1823.0,,,,,1488.0,849.0,,,1456.354324269234,1312.0,,,,,,,,,,,7.0,False
101131,Jimmy Brown,1444.3103074787466,1824.0,-53.634683236547744,-1735.0,,,1457.5283699383779,1421.0,,,1487.218452128956,860.0,,,1487.61284214615,672.0,,,,,,,14.0,False
100829,Jan Gunnarsson,1443.7635872161416,1825.0,-27.788527382403345,-1560.0,,,1461.3359325242325,1376.0,,,1490.0299417057643,692.0,-47.96752317345431,-668.0,1514.739722168346,259.0,,,1446.8891375789226,608.0,,,39.0,False
111515,Thai Son Kwiatkowski,1443.6662429152232,1826.0,,,1583.0,3.0,1446.926921205423,1512.0,,,,,,,1488.0063592547908,621.0,,,,,,,7.0,True
103470,Robert Kendrick,1443.560555743009,1827.0,-34.71609777036201,-1078.0,,,1474.3804083686864,1205.0,11.505672037915701,-452.0,1435.008824022463,1456.0,-70.71045051949113,-1257.0,1425.2432753966093,1195.0,-60.06297791261477,-794.0,,,,,111.0,False
104136,Santiago Gonzalez,1443.5591207798786,1828.0,,,,,1486.588639738707,962.0,,,1467.4878212383294,1200.0,,,1486.759809524958,725.0,,,,,,,7.0,False
104997,Igor Sijsling,1443.529657826049,1829.0,-20.25059082863072,-751.0,,,1440.3668960369307,1560.0,-3.799143773999731,-564.0,1456.598151695589,1311.0,-1.2614602850921983,-447.0,1488.5000715594929,592.0,-38.51970826157185,-455.0,,,,,131.0,False
106393,Frederico Ferreira Silva,1443.5248265310563,1830.0,-53.08007281883215,-1322.0,237.0,245.0,1494.0047015618209,626.0,,,1448.42566619148,1381.0,,,1487.585699413623,681.0,,,,,,,14.0,True
103534,Nicolas Devilder,1443.3026185907033,1831.0,25.64476696519614,-713.0,,,1418.8198149931015,1666.0,-55.53447480291334,-1058.0,1468.8823992399682,1183.0,-18.04592027256581,-709.0,1481.8461472861675,791.0,,,,,,,69.0,False
206748,Giulio Zeppieri,1443.1606393444883,1832.0,-40.79525932903107,-771.0,172.0,344.0,1465.7274410605687,1312.0,,,1457.7528503388648,1305.0,-32.64919180691618,-724.0,1486.7580538016516,726.0,,,,,,,27.0,True
102494,Tomas Behrend,1443.1602454529623,1833.0,-0.6640678742021464,-917.0,,,1422.7236979799154,1648.0,-67.39174233218432,-1342.0,1484.9096019103645,926.0,-39.82696982821449,-780.0,1456.374649816088,1076.0,,,1514.280915605846,126.0,,,115.0,False
103318,Zeljko Krajan,1443.0715666495798,1834.0,1.5502020448004714,-1043.0,,,1469.9274154653376,1257.0,,,1451.261161447241,1358.0,-16.066971888807302,-834.0,1487.4501152648234,694.0,,,,,,,33.0,False
101459,Tomas Nydahl,1442.849911942096,1835.0,-3.7012293180644065,-1248.0,,,1424.223941414154,1640.0,-41.336768382103855,-1241.0,1491.3034961879112,649.0,-13.020246511142204,-510.0,1475.8056398849762,890.0,,,1470.5396541137764,517.0,-43.84250668866821,-466.0,74.0,False
104004,Filip Prpic,1442.7950277023062,1836.0,-35.62442072170802,-1298.0,,,1491.3527834748281,704.0,,,1431.6216276765376,1475.0,,,,,,,,,,,12.0,False
103035,Alessio Di Mauro,1442.7374276567637,1837.0,-18.493379718179085,-999.0,,,1491.0488793362683,707.0,,,1428.955076025581,1486.0,9.143227052804605,-657.0,1488.7446504260618,582.0,,,,,,,47.0,False
101123,Alexander Mronz,1442.6757257635932,1838.0,-0.7616820014854966,-1338.0,,,1414.1544461690485,1672.0,-7.95686029867602,-1270.0,1448.6336409757334,1380.0,,,1491.9820685002248,489.0,,,1455.986981387993,585.0,-47.57463509066383,-506.0,102.0,False
101590,Eui Jong Chang,1442.6641100910451,1839.0,,,,,1440.5439841883126,1558.0,,,,,,,,,,,,,,,6.0,False
104905,Nicolas Barrientos,1442.584339181182,1840.0,,,948.0,21.0,1448.464820121065,1499.0,,,1494.4343491628017,603.0,,,,,,,,,,,5.0,True
144817,Marc Andrea Huesler,1442.2785158657375,1841.0,-36.84885203260683,-680.0,309.0,173.0,1491.3950918695243,700.0,-38.35243824945246,-435.0,1441.425341855671,1423.0,-17.196602746935923,-276.0,1448.3580067096707,1119.0,-28.188827508675786,-426.0,,,,,86.0,True
102368,Brian Dunn,1442.1168328698027,1842.0,-34.601661145155504,-1554.0,,,1437.4831439631682,1577.0,,,1483.808498690436,942.0,,,,,,,,,,,16.0,False
102615,Dennis Van Scheppingen,1441.7811540353403,1843.0,-56.75385928180731,-1535.0,,,1463.269890284176,1353.0,-80.06272806727316,-1233.0,1485.2306727697678,918.0,-43.017941111450455,-796.0,1439.12662303672,1150.0,-23.73184150114821,-771.0,1455.249638160214,587.0,,,110.0,False
105948,Federico Coria,1441.7207824482691,1844.0,-34.68715084887822,-582.0,887.0,26.0,1390.6146340801836,1719.0,-78.96521485636367,-638.0,1499.8531164784295,526.0,-48.028719295137535,-331.0,1459.6754609339753,1064.0,,,,,,,139.0,True
104225,Jan Hajek,1441.718209094789,1845.0,-11.03075946369222,-777.0,,,1355.6314817681582,1738.0,-17.356498271677765,-657.0,1519.9346959518734,311.0,-2.616762733702899,-121.0,1465.9528374435654,1011.0,,,1489.7684357627586,282.0,,,104.0,False
101375,Brian Devening,1441.4486179286123,1846.0,,,,,1453.7767701379344,1459.0,,,1484.4213376257212,930.0,,,1488.2462285400366,605.0,,,,,,,10.0,False
102851,Giorgio Galimberti,1441.4166490417201,1847.0,-43.088594398212535,-1351.0,,,1466.6882407601013,1295.0,,,1479.0564916908147,1024.0,-27.424874353181167,-849.0,,,,,1465.7213989339523,541.0,,,26.0,False
101971,Johan Anderson,1441.2558334596897,1848.0,-70.74416654031029,-1836.0,,,1461.0833710816248,1381.0,,,1489.1231466889571,725.0,,,,,,,1488.4009604286,312.0,,,13.0,False
103429,Peter Luczak,1441.057904745714,1849.0,-25.854432721606827,-995.0,,,1464.4752521191956,1329.0,-24.603935323922087,-887.0,1397.6452625900035,1540.0,-49.202016308521934,-715.0,1518.6404439512064,248.0,,,,,,,120.0,False
101710,Martin Blackman,1441.0221569563203,1850.0,,,,,1468.9283962347617,1265.0,,,1465.1882384935889,1227.0,,,,,,,,,,,8.0,False
103709,Kristian Pless,1440.6636121245529,1851.0,-13.574046281575647,-960.0,,,1458.9339824640988,1403.0,-16.511434383308597,-820.0,1446.749096053686,1388.0,-10.833966240158361,-818.0,1437.110280041481,1159.0,-57.38326392300223,-977.0,1481.6622659262518,430.0,-7.273484217963414,-220.0,121.0,False
102472,Marcello Craca,1440.6464209476912,1852.0,-46.28734307679156,-1515.0,,,1483.3825688969662,1045.0,,,1449.4938040078077,1371.0,-54.565414083880114,-1233.0,1494.1347761124698,457.0,,,,,,,34.0,False
104676,Andreas Beck,1440.3787824942567,1853.0,-68.05712669850277,-1546.0,,,1460.96992081657,1384.0,-16.751142236064425,-751.0,1437.5148241646327,1443.0,-78.31564740035083,-1252.0,1519.1952550037454,244.0,9.815767095135925,-85.0,,,,,101.0,False
106368,Ramkumar Ramanathan,1440.2767105958535,1854.0,-46.55604414062782,-968.0,1279.0,7.0,1376.39726067798,1733.0,-81.2694713762312,-614.0,1490.4738533074421,674.0,,,1554.8824036207839,136.0,40.843826656242754,52.0,,,,,57.0,True
101174,Fernando Roese,1440.2379738855134,1855.0,-22.035902492547166,-1520.0,,,1479.0727050250268,1108.0,3.8280420275584675,-867.0,1476.6087036012668,1070.0,,,1454.413549468533,1093.0,,,1500.414300586377,189.0,,,33.0,False
100962,Thomas Hogstedt,1440.2288707193009,1856.0,-26.968625205615126,-1541.0,,,1442.7825663801361,1536.0,3.6654408037552457,-1254.0,1476.0637535949438,1085.0,,,1477.5060501655964,846.0,,,1482.906511472999,424.0,-3.9623172767014694,-275.0,48.0,False
110602,Dennis Novak,1440.0621566283264,1857.0,-49.35914680961196,-1107.0,814.0,34.0,1450.3903061776382,1482.0,-48.51892634486353,-1049.0,1468.4873881876215,1186.0,-45.13864355641499,-927.0,1490.5828481929645,520.0,,,,,,,75.0,True
104783,Mikhail Ledovskikh,1439.9245920035464,1858.0,-34.81237269147505,-1152.0,,,1469.1683763091812,1262.0,,,1486.5479565855626,889.0,,,1462.7668471348195,1044.0,,,1488.1253572159467,320.0,,,16.0,False
105841,Lorenzo Giustino,1439.9036764688676,1859.0,-33.01321982499417,-805.0,209.0,273.0,1480.536585908935,1090.0,,,1459.9299659760463,1284.0,,,1488.257489696289,604.0,,,,,,,13.0,True
105985,Darian King,1439.5796221710905,1860.0,-77.94696735822708,-1552.0,1289.0,7.0,1435.1427175275555,1591.0,-77.23704167099118,-1309.0,,,,,,,,,,,,,17.0,True
105757,Sandro Ehrat,1439.4944369058103,1861.0,,,,,1487.5844652070589,894.0,,,1449.7150387894203,1370.0,,,,,,,,,,,5.0,False
111454,Li Tu,1439.3559125378697,1862.0,-54.57418359463463,-1176.0,350.0,145.0,1444.7533088914831,1525.0,,,,,,,1477.3376589880077,852.0,,,,,,,13.0,True
102076,Mark Merklein,1439.207854193291,1863.0,-36.91138847047591,-1450.0,,,1475.073436235312,1194.0,,,1458.8401585691015,1291.0,,,1487.7395723469426,662.0,,,,,,,15.0,False
101233,Alex Antonitsch,1439.065242724917,1864.0,-25.966180308867933,-1463.0,,,1458.0379915302797,1411.0,-20.58090520016117,-1157.0,1437.7335485572482,1441.0,,,1513.970160008036,262.0,-1.72125659441258,-223.0,1458.7641801747502,569.0,28.076835534731572,-271.0,112.0,False
101543,Jeff Tarango,1438.8298362477385,1865.0,-45.08968995914711,-1435.0,,,1407.0903140810576,1689.0,-44.34097049002503,-1153.0,1502.5836014014421,482.0,-16.640849179305178,-362.0,1456.1446032990377,1080.0,1.2747716915118872,-697.0,1531.7583196361193,93.0,52.39618123931973,217.0,438.0,False
102250,Emanuel Couto,1438.270908888428,1866.0,-61.840189917825455,-1730.0,,,1497.127408476722,576.0,,,1442.3810406883576,1414.0,,,,,,,,,,,12.0,False
104907,Jose Rubin Statham,1437.9707749874015,1867.0,-40.36766878176468,-1051.0,,,1423.4894032674486,1644.0,-42.5963533984484,-831.0,,,,,,,,,,,,,15.0,False
101783,Mark Petchey,1437.7359830856367,1868.0,-1.820496435737823,-1312.0,,,1396.80712502582,1710.0,-60.13608088632145,-1362.0,1501.1880750561447,503.0,,,1496.5536715300395,439.0,-14.70414301174219,-369.0,1483.4492144618534,420.0,,,84.0,False
102565,Alexander Waske,1437.352841560222,1869.0,-10.904562533290118,-968.0,,,1389.619176788622,1720.0,-56.618072449736474,-1015.0,1468.4547696938073,1187.0,-5.831153949768577,-616.0,1441.0998956702524,1147.0,-25.43459810913646,-678.0,1495.4731515373037,229.0,,,88.0,False
103594,Oliver Marach,1437.1813872226858,1870.0,-42.041143449154106,-1232.0,,,1454.539489129989,1450.0,-49.268367931893636,-1222.0,1470.497710584263,1165.0,-34.20351775068207,-948.0,1488.0780178760476,615.0,,,1487.347730617419,375.0,,,46.0,False
100752,Ramesh Krishnan,1436.8066232006784,1871.0,27.46989043194776,-1555.0,,,1422.8679677877262,1647.0,-31.747328363343968,-1439.0,1501.792692197468,498.0,,,1500.0,402.0,,,1491.4703579494785,256.0,,,30.0,False
103976,Juan Pablo Brzezicki,1436.51047892991,1872.0,-36.32280683381396,-1120.0,,,1477.2783289831866,1148.0,,,1462.5790892152402,1253.0,-6.522172516922637,-590.0,,,,,1487.7435954599598,354.0,,,24.0,False
101767,Lars Jonsson,1436.442290754932,1873.0,-45.603554348441776,-1510.0,,,1430.0179867246804,1618.0,-69.11162373116213,-1490.0,1489.9396668448844,696.0,4.781018217081737,-442.0,1469.3373460624323,962.0,,,1446.1127410672111,612.0,-32.946192747132045,-434.0,151.0,False
103297,Alex Kim,1436.3895287556438,1874.0,-56.04151383117778,-1522.0,,,1441.9277082969272,1542.0,-46.852422746482716,-1225.0,1466.6931679584045,1212.0,,,1499.2596791769083,415.0,,,,,,,32.0,False
101636,Wade Mcguire,1436.031273283669,1875.0,-62.35787694152941,-1696.0,,,1469.9350712949538,1255.0,-14.64900680141659,-1017.0,1482.401968212427,966.0,,,1456.2307689228767,1078.0,,,,,,,26.0,False
102730,Ivo Heuberger,1435.9715652074517,1876.0,4.420391510451054,-1005.0,,,1411.6848230080107,1677.0,-23.41317345045468,-987.0,1426.8822195521334,1494.0,-33.96699180041401,-979.0,1473.3891893051941,928.0,-57.79778947056138,-876.0,1494.4601153944598,236.0,-24.102545167974085,-153.0,100.0,False
100837,Jeremy Bates,1435.7609280973822,1877.0,-32.75705973123604,-1452.0,,,1466.180623021705,1304.0,-37.30580490039574,-1190.0,1460.6632545441623,1274.0,,,1507.556447073619,306.0,-34.92376066927545,-277.0,1449.3127558875763,604.0,1.1369161800143956,-281.0,113.0,False
100972,Todd Witsken,1435.6923812327393,1878.0,-54.56600629856189,-1710.0,,,1477.5528615791777,1140.0,-1.1548294374345005,-936.0,1480.7855936576325,999.0,-30.599455697855774,-943.0,1466.2468759637688,1005.0,-45.753124036231156,-1004.0,,,,,71.0,False
102113,Daniele Musa,1435.6711451754256,1879.0,-49.166179870102496,-1578.0,,,1481.653731605771,1072.0,,,1448.7140286045742,1378.0,,,,,,,1489.383799202335,289.0,,,12.0,False
102192,Luis Adrian Morejon,1435.3217247139958,1880.0,-40.97456515974568,-1476.0,,,1476.2698550685784,1175.0,,,1448.7284787122942,1377.0,-46.26767721497663,-1213.0,,,,,,,,,28.0,False
102987,Andre Sa,1435.1349820801292,1881.0,-47.47423738870043,-1353.0,,,1460.4477187505427,1390.0,-64.54914295948424,-1251.0,1392.3877836434483,1544.0,-43.73805111177967,-898.0,1483.6992527247876,772.0,16.706667351798842,-332.0,1497.2493283900528,220.0,,,133.0,False
104563,Luca Vanni,1435.1086734503795,1882.0,-48.91484365980432,-1115.0,,,1443.105197064071,1532.0,,,1476.0251529225347,1086.0,-28.46062623992225,-818.0,1485.231552308564,762.0,,,,,,,23.0,False
104714,Julian Reister,1435.0234206702848,1883.0,-30.60770390201037,-899.0,,,1439.0824190251058,1570.0,,,1455.6896636432648,1319.0,-65.3156745473566,-1129.0,1477.8343004243952,839.0,,,1487.7094052605435,357.0,,,48.0,False
104297,Rogerio Dutra Silva,1434.5861108717038,1884.0,-3.3612493814312074,-476.0,,,1470.3585457253962,1253.0,-40.82104140154638,-955.0,1433.78759878778,1468.0,-9.924328605102573,-397.0,1444.1637012547178,1140.0,,,,,,,85.0,False
104831,Bartolome Salva Vidal,1434.534188808207,1885.0,,,,,1475.0314707645625,1195.0,,,1459.292938699076,1287.0,,,,,,,,,,,6.0,False
101567,Hendrik Jan Davids,1434.1494262558138,1886.0,12.161161998451917,-1318.0,,,1494.3996792191228,614.0,,,1455.0616506207318,1325.0,,,1462.381026777427,1048.0,,,1450.329073052585,601.0,,,31.0,False
100628,Michiel Schapers,1434.11093487953,1887.0,-23.844937882892964,-1543.0,,,1450.278948039136,1485.0,-50.35891135220504,-1400.0,1499.0224056457039,538.0,,,1502.1815411355497,360.0,-33.81845886445035,-357.0,1453.8941906325313,594.0,-33.3066481472747,-502.0,57.0,False
102629,Oscar Burrieza,1434.0348620641323,1888.0,-12.692080302172371,-1295.0,,,1429.1690758228985,1623.0,,,1477.7787701260809,1051.0,,,1481.0162303516188,801.0,,,1489.3418255605864,290.0,,,20.0,False
105731,Steven Diez,1434.0292888568097,1889.0,-51.974621454019825,-1097.0,,,1468.1732895787006,1281.0,,,1440.6070508462085,1426.0,,,,,,,,,,,14.0,False
102966,Fredrik Jonsson,1433.9767782500212,1890.0,-24.910060641756672,-1291.0,,,1457.5773501370402,1420.0,9.856425007855023,-878.0,1435.1397671337154,1454.0,,,1487.276910310151,703.0,,,1506.394330066838,154.0,,,35.0,False
101809,Nicolas Pereira,1433.7460654661297,1891.0,-69.49358819803251,-1722.0,,,1407.4787582548227,1687.0,-57.83031351493082,-1321.0,1469.327181150726,1180.0,-44.58916279986397,-1090.0,1496.20204230621,441.0,38.76121650879236,-148.0,1481.464210435179,432.0,,,111.0,False
102694,Lars Burgsmuller,1433.4165789382644,1892.0,18.756650188008052,-882.0,,,1440.897997133654,1553.0,13.905621968031483,-777.0,1431.0426494948492,1479.0,-39.068025237527536,-915.0,1443.9625492332384,1141.0,-18.2976366034909,-639.0,1490.4904752359855,265.0,-41.770306187327606,-205.0,236.0,False
133018,Michail Pervolarakis,1433.2705458811963,1893.0,-61.0400018140067,-1303.0,,,1422.6174433903527,1649.0,-69.54019183324408,-1143.0,,,,,,,,,,,,,11.0,False
123921,Calvin Hemery,1433.13588927638,1894.0,-45.25899094806982,-909.0,283.0,189.0,1455.5924120703542,1438.0,,,1468.2459835386474,1190.0,-21.70944198167672,-746.0,,,,,,,,,15.0,True
106362,Laurent Lokoli,1431.928397399889,1895.0,,,402.0,121.0,1447.83862907341,1504.0,,,1479.5024991047,1016.0,,,1487.6992542222881,666.0,,,,,,,8.0,True
102443,Barry Cowan,1431.9238850218449,1896.0,17.07982380435078,-1134.0,,,1468.8979635780995,1266.0,,,1486.5688866514117,887.0,,,1423.6888779019732,1199.0,-12.838182079469789,-789.0,,,,,24.0,False
103894,Phillip King,1431.8841647126264,1897.0,-66.46827343196128,-1654.0,,,1427.9717516679086,1630.0,-69.32587332005778,-1449.0,,,,,,,,,,,,,11.0,False
103971,Karol Beck,1431.6895769270743,1898.0,-4.377155964814619,-778.0,,,1446.5205340730774,1515.0,-15.41046881193165,-723.0,1385.2660264619826,1550.0,-64.98186908618709,-892.0,1474.982386230042,908.0,-46.25325806809292,-771.0,1539.0337590082936,81.0,23.75122911397125,24.0,168.0,False
101133,Patrick Baur,1431.2048076165022,1899.0,3.3040222058655218,-1329.0,,,1435.4827286341879,1589.0,-21.69891518177883,-1285.0,1467.19807950818,1203.0,-48.89692197916543,-1132.0,1461.975947742287,1054.0,-7.8113398091904855,-831.0,1455.0751008162258,588.0,-8.959678054857022,-357.0,113.0,False
103408,Brian Vahaly,1431.0901638519651,1900.0,-12.191271922939222,-1071.0,,,1435.3930066190399,1590.0,-24.05845128683268,-979.0,1465.3548013488878,1224.0,,,1461.4423501418803,1055.0,,,,,,,63.0,False
104623,Josh Goodall,1430.5721147720078,1901.0,-50.33675723020724,-1303.0,,,1490.240347112074,733.0,,,,,,,1423.0007478657446,1201.0,-71.26582271543111,-982.0,,,,,12.0,False
100978,Andrew Castle,1430.571195370571,1902.0,,,,,1481.4727392460304,1073.0,,,,,,,1445.4019131593939,1133.0,,,,,,,9.0,False
102965,Jamie Delgado,1430.2070002256291,1903.0,-1.6820863217885744,-1070.0,,,1450.3353331274604,1483.0,-26.49662595236464,-1060.0,1483.07067612784,952.0,,,1434.2618440070532,1174.0,-12.58964214829598,-672.0,,,,,39.0,False
101147,Claudio Mezzadri,1430.1188603106957,1904.0,-20.30806975653627,-1520.0,,,1451.1955447999433,1477.0,-45.20155090015419,-1370.0,1485.3064736325089,914.0,8.640472333865318,-682.0,1487.2401331525316,706.0,,,1462.894410003397,554.0,,,71.0,False
101765,Tomas Anzari,1430.1101219623015,1905.0,,,,,1463.7122805906395,1343.0,,,1455.8759693891525,1316.0,,,,,,,,,,,8.0,False
104216,Maximo Gonzalez,1430.080576744689,1906.0,-9.12004623032658,-685.0,,,1433.3635881293765,1600.0,-55.82053560482018,-1154.0,1452.6869410588972,1345.0,-26.19838797318971,-682.0,1462.6721863280966,1045.0,,,,,,,88.0,False
122109,Sanjar Fayziev,1429.9746552018885,1907.0,-56.18574619382389,-1112.0,,,1435.5434246206814,1588.0,,,1486.4518959157595,896.0,,,,,,,,,,,11.0,False
101109,Tarik Benhabiles,1429.8976200184668,1908.0,-36.25519229810561,-1706.0,,,1487.168730537226,926.0,,,1435.465876807605,1451.0,,,,,,,,,,,13.0,False
101593,Chris Garner,1429.879218549455,1909.0,-30.508981952043086,-1596.0,,,1465.1279388233293,1325.0,-3.9683758570956797,-1133.0,1477.4690803291494,1060.0,,,1476.3717917139509,873.0,,,,,,,29.0,False
102269,Jeff Salzenstein,1429.7172877602766,1910.0,6.8380940271642885,-1003.0,,,1423.5342379713989,1643.0,-24.694842160252392,-972.0,1495.3761763731616,589.0,,,1464.9992763341609,1020.0,,,,,,,57.0,False
101263,Luke Jensen,1429.3361180638137,1911.0,-29.31669325777898,-1437.0,,,1443.5247020545316,1530.0,-10.772155394150332,-1131.0,1458.7631420089838,1292.0,,,1479.339443896812,821.0,,,1490.7832120149192,263.0,,,30.0,False
105614,Bradley Klahn,1429.2662159442718,1912.0,-4.829182697112628,-443.0,,,1440.6995779265249,1557.0,-11.236249815058727,-414.0,1453.1727834711764,1341.0,,,1460.369030421136,1061.0,,,,,,,56.0,False
105432,Prajnesh Gunneswaran,1429.1343432733756,1913.0,-51.705179009951735,-942.0,,,1428.636365964782,1627.0,-51.329266703956364,-793.0,1481.3555920376573,985.0,,,1469.1013703982214,968.0,,,,,,,36.0,False
101097,Rick Leach,1428.9006277857193,1914.0,-36.925412332012,-1650.0,,,1470.2887787720135,1254.0,,,1476.827614673444,1067.0,,,1488.0,629.0,,,1472.5987987987044,507.0,,,13.0,False
102198,Paul Kilderry,1428.7240638347519,1915.0,-83.49386735883081,-1798.0,,,1432.1795712899925,1604.0,-11.571457856028701,-1223.0,1490.4666714169912,675.0,,,1478.244717767953,832.0,,,1498.5913490743915,215.0,,,29.0,False
101675,Martin Rodriguez,1428.6733586286316,1916.0,-13.17319639749121,-1238.0,,,1420.223304665372,1657.0,-56.48304162997306,-1278.0,1460.5911296303138,1277.0,-25.33274166445267,-943.0,1489.887455722456,538.0,,,,,,,54.0,False
102050,Marco Meneschincheri,1428.5364483683788,1917.0,-32.98867461676764,-1457.0,,,1499.0418168591807,545.0,,,1421.4342051416663,1505.0,-58.68452647739582,-1276.0,,,,,,,,,14.0,False
100967,Dan Goldie,1428.0990837451589,1918.0,-86.09248695851579,-1873.0,,,1462.6652035281913,1359.0,-44.374228473499215,-1308.0,,,,,1465.6376632413885,1015.0,,,1488.0,326.0,,,20.0,False
105166,Peter Polansky,1428.0282904589158,1919.0,-6.722133648073395,-484.0,,,1446.9462599679778,1511.0,-11.380580539779658,-440.0,1440.314341290971,1430.0,,,1476.4901067862122,867.0,,,,,,,48.0,False
101256,Mark Kratzmann,1427.9994353743255,1920.0,-28.465599009499556,-1731.0,,,1423.365908956635,1645.0,,,,,,,1503.5304656286605,342.0,,,1488.0,327.0,,,16.0,False
101000,Carl Limberger,1427.984742834014,1921.0,-64.0092188921326,-1780.0,,,1447.825208329467,1505.0,,,1475.3094452822977,1104.0,,,1479.794529611193,812.0,,,,,,,11.0,False
104851,Gianluca Naso,1427.8034568173389,1922.0,-58.25411776000874,-1378.0,,,,,,,1420.7215010815532,1507.0,-67.50546372932422,-1120.0,,,,,,,,,13.0,False
102667,Satoshi Iwabuchi,1427.7285720445816,1923.0,-14.14294808755335,-1222.0,,,1431.3890707714331,1610.0,-17.51371825071601,-1059.0,,,,,,,,,1488.021712806042,324.0,,,18.0,False
103240,Kevin Kim,1427.7183999783092,1924.0,5.947411393520724,-817.0,,,1431.4386710309093,1608.0,-32.593308196471526,-896.0,1455.8419589724954,1317.0,1.7587518947286753,-641.0,1416.4064594715342,1209.0,-42.89058435778884,-633.0,1481.6056502999238,431.0,,,138.0,False
102821,Cecil Mamiit,1427.6608943106764,1925.0,9.29395442256964,-1046.0,,,1437.2191478820878,1580.0,-5.510227516916757,-915.0,1464.070643798869,1242.0,-39.74301227688488,-1082.0,1416.304734484787,1210.0,-53.273660022030754,-824.0,1489.7862038304202,281.0,,,137.0,False
106198,Hugo Dellien,1427.6362083662227,1926.0,3.6985813844778477,-105.0,144.0,421.0,1405.2650998654337,1693.0,-60.76304334529459,-633.0,1471.4959290932738,1153.0,29.36834294740106,173.0,1446.382875908817,1127.0,,,,,,,104.0,True
102085,Sasa Hirszon,1427.6275628693559,1927.0,-37.39289038049901,-1490.0,,,1492.7902778378075,660.0,,,1423.2398539504075,1498.0,-66.28659078048076,-1329.0,,,,,1486.6374546163472,391.0,,,17.0,False
101432,Dimitri Poliakov,1427.5097104652148,1928.0,-23.09424561489982,-1473.0,,,1463.293737397603,1352.0,4.756705745081035,-1121.0,1466.2109903542705,1215.0,-71.25952046468296,-1165.0,1475.856008498083,887.0,,,1454.918112985315,589.0,-34.59026327509264,-472.0,57.0,False
105943,Federico Gaio,1427.470060004607,1929.0,-48.859657987231685,-876.0,,,1439.98526225873,1562.0,,,1474.547909405409,1112.0,,,,,,,,,,,18.0,False
200587,Brandon Holt,1426.919719004505,1930.0,-51.101712944906694,-758.0,353.0,144.0,1424.5385913157677,1639.0,-84.48940920331233,-1288.0,1487.512276852997,845.0,,,1490.4497395011865,524.0,,,,,,,18.0,True
101816,Steve Campbell,1426.7199690838277,1931.0,-67.7731243712849,-1673.0,,,1425.9485194855895,1634.0,-95.12684547938511,-1520.0,1489.8242604458353,705.0,-41.636884259473845,-625.0,1490.8347089061333,508.0,,,1477.2359821559526,467.0,,,86.0,False
106005,Constant Lestienne,1426.623795660904,1932.0,-17.00396112409726,-304.0,,,1455.483415938645,1440.0,-18.477527159011515,-362.0,1443.4442411445116,1408.0,,,1442.5502485487934,1143.0,,,,,,,61.0,False
101205,Grant Connell,1425.8090301584896,1933.0,-32.0283610903939,-1586.0,,,1419.6212883413186,1662.0,-84.1041526901156,-1587.0,1489.9279442623483,697.0,,,1495.7133992806384,445.0,,,1476.1218523087111,478.0,-37.063463652996006,-461.0,73.0,False
103060,Alejandro Hernandez,1425.65213304715,1934.0,-5.465224969465453,-1298.0,,,1438.680911204975,1573.0,,,1482.2123804181604,971.0,-25.140872785892725,-844.0,1478.947552074238,825.0,,,,,,,32.0,False
102132,Ivan Baron,1425.566478281888,1935.0,,,,,1449.323786316295,1490.0,,,1458.0358650563319,1302.0,,,,,,,,,,,10.0,False
103675,Diego Junqueira,1425.140759235225,1936.0,-32.81510410627084,-964.0,,,1485.732727747072,997.0,,,1420.6285504157656,1509.0,-13.387509353311088,-636.0,1491.0208260237143,503.0,,,,,,,43.0,False
100727,Raul Antonio Viver,1424.179495897433,1937.0,,,,,1486.525720705528,965.0,,,1434.297804820663,1464.0,,,,,,,,,,,7.0,False
103294,Christophe Rochus,1424.0788727870415,1938.0,-79.73455556531894,-1621.0,,,1425.001002144608,1638.0,-80.43200775625041,-1383.0,1483.183299151561,950.0,-24.672523316458864,-733.0,1353.4737762010695,1228.0,-72.97010234446634,-645.0,1455.8774280465102,586.0,-47.17486222630191,-444.0,317.0,False
101469,Brian Garrow,1423.9328326159143,1939.0,-76.46482490184007,-1888.0,,,1433.5127187012774,1597.0,-55.30065343611159,-1525.0,1488.4022053007839,766.0,,,,,,,,,,,12.0,False
104095,David Guez,1423.7106191072023,1940.0,-73.15055344699726,-1564.0,,,1433.421106531491,1598.0,-59.77183708728512,-1244.0,1475.352733933505,1103.0,,,,,,,1486.3123383587806,397.0,,,18.0,False
105154,Joao Souza,1423.5927683219397,1941.0,-22.52526758305953,-738.0,,,1453.421592903762,1463.0,,,1430.1059675770316,1482.0,-48.00271129435009,-797.0,1487.5306322675233,692.0,,,,,,,72.0,False
104154,Paul Capdeville,1423.51976648847,1942.0,-20.704176783563526,-874.0,,,1452.8049507241499,1470.0,-53.652373131693594,-1222.0,1441.7283935242397,1418.0,-58.43854363997252,-1146.0,1444.7476908643193,1136.0,,,,,,,99.0,False
208361,Gustavo Heide,1423.476399388117,1943.0,-57.025803629001985,-806.0,186.0,322.0,1464.2400607561333,1332.0,,,1444.6174517442464,1404.0,-36.93213599561727,-527.0,1499.573382946084,411.0,,,,,,,17.0,True
101285,Thierry Champion,1423.3346041712884,1944.0,8.316232307299742,-1305.0,,,1440.4320488214203,1559.0,-31.811777102507676,-1302.0,1434.7308310562748,1459.0,-12.816016909246173,-1038.0,1532.0917595062685,185.0,,,1441.3719989272552,624.0,-54.71163446932542,-538.0,142.0,False
104779,Jamie Baker,1423.1510860229528,1945.0,-14.076085807596883,-931.0,,,1481.017830824718,1080.0,,,,,,,1415.851807861706,1213.0,-29.711075713709988,-551.0,,,,,19.0,False
101789,Steve Bryan,1423.029324986062,1946.0,-59.306886195201514,-1607.0,,,1453.9425492710589,1456.0,-51.090712807705586,-1341.0,1464.6935323001665,1232.0,,,1455.0525008583825,1088.0,,,1456.7784277037395,579.0,,,86.0,False
101362,Stephane Simian,1423.0208837477726,1947.0,17.1054450196541,-1294.0,,,1394.983603934361,1714.0,-42.21829336216956,-1262.0,1458.5958119493903,1296.0,12.896755170024562,-966.0,1498.9861802531245,421.0,-17.192338587542736,-362.0,1428.183726113371,635.0,-72.16202961793874,-546.0,114.0,False
126652,Jay Clarke,1422.9314811802074,1948.0,-62.81847330567575,-1063.0,251.0,221.0,1476.6077403650145,1170.0,,,1500.0218829386204,521.0,,,1410.2485992533248,1218.0,-69.66526518391152,-625.0,,,,,18.0,True
101745,Roberto Jabali,1422.8039394572622,1949.0,-66.60747958394336,-1716.0,,,1436.9766110203793,1583.0,-73.45778898803405,-1509.0,1480.3298149140367,1008.0,-53.47136200293312,-959.0,,,,,1499.585699413623,203.0,,,29.0,False
103169,Oscar Hernandez,1422.368340131804,1950.0,-24.686584059318193,-937.0,,,1359.2666815346022,1736.0,-69.36544539532565,-838.0,1484.6452987769674,927.0,-49.536985199257515,-780.0,1424.5399759505513,1196.0,,,,,,,187.0,False
101902,Stephane Huet,1422.3418615413461,1951.0,-15.457555671764567,-1256.0,,,1437.141298000195,1581.0,-42.59313097625409,-1215.0,1473.5459856226316,1128.0,-37.45014622776671,-996.0,1477.486997749136,848.0,,,1443.3037682676222,620.0,,,52.0,False
101238,Andres Vysand,1422.3167423680027,1952.0,,,,,1490.0218525909359,741.0,,,1433.5406410174567,1470.0,,,,,,,,,,,9.0,False
101731,Nuno Marques,1422.1711689350518,1953.0,-40.03043101278081,-1460.0,,,1471.8646301722874,1240.0,-10.18413455561722,-967.0,1445.1435159287412,1400.0,-35.1020299116999,-1109.0,1437.3632115406037,1158.0,,,1472.7317659448795,504.0,,,79.0,False
101391,Carl Uwe Steeb,1422.1311325715185,1954.0,-24.910572134773474,-1429.0,,,1476.6037370956503,1171.0,-90.03697108173878,-1127.0,1441.7604718911439,1417.0,-15.210189244251069,-1036.0,1471.6122700420574,947.0,,,1454.5388065065927,592.0,-37.56255423944731,-464.0,204.0,False
101682,David Adams,1422.122433972989,1955.0,-84.95253124218993,-1825.0,,,1417.7912571797099,1667.0,-58.886477376507855,-1405.0,1465.0378977472963,1229.0,,,1511.4994456830398,281.0,,,1504.7799585386779,163.0,,,28.0,False
104505,Konstantin Kravchuk,1421.7496002328367,1956.0,-27.2838268055109,-676.0,,,1400.5762722888978,1704.0,-84.43641115388641,-1014.0,1512.8314269890611,364.0,,,1466.1929779798647,1006.0,,,1499.598271417914,197.0,,,34.0,False
101577,Jia Ping Xia,1421.6386998183525,1957.0,,,,,1482.4120076330464,1061.0,,,,,,,,,,,1433.5590769853918,630.0,,,8.0,False
102687,Herbert Wiltschnig,1421.1531490860089,1958.0,-35.65391507418144,-1473.0,,,1478.7071614956233,1117.0,,,1435.4001270622164,1452.0,-42.078133676070365,-1158.0,,,,,,,,,17.0,False
103857,Igor Kunitsyn,1421.012258752006,1959.0,-66.72648437906219,-1351.0,,,1439.7072073035317,1565.0,-37.83592221370668,-901.0,1431.775644281003,1474.0,-43.367807511194314,-838.0,1435.0988122526044,1171.0,-26.348878057886623,-518.0,1547.7844796999368,72.0,28.630119513901946,35.0,234.0,False
102000,Aki Rahunen,1420.8200784394805,1960.0,-48.0686574738254,-1778.0,,,1457.6356491932218,1417.0,,,1443.6705955414923,1407.0,,,1488.4000076259508,598.0,,,1509.9883641590316,146.0,,,23.0,False
105292,Alejandro Gonzalez,1420.6297172777747,1961.0,-14.83871809660127,-695.0,,,1457.7703540987636,1416.0,-54.22961112907001,-1164.0,1419.2494582570207,1514.0,-37.177342852432275,-646.0,1475.6675821567276,895.0,,,,,,,54.0,False
102538,Tuomas Ketola,1420.5920860726885,1962.0,6.699648347846278,-1169.0,,,1431.621587831418,1606.0,9.7162639550711,-989.0,1475.4047233330584,1101.0,,,1458.4063450400029,1068.0,,,1481.2185210605735,434.0,,,39.0,False
100809,Juan Aguilera,1420.5851741981355,1963.0,-22.12735753507559,-1753.0,,,1492.55667733419,667.0,,,1447.3431909269566,1384.0,-29.071109659420472,-1336.0,1487.9856905714691,647.0,,,1478.451794236193,453.0,,,18.0,False
102214,Oscar Ortiz,1420.5100772737558,1964.0,,,,,1476.5854482107466,1172.0,,,1473.0098728455253,1131.0,,,1487.18111714957,713.0,,,1475.252331066551,489.0,,,8.0,False
117356,Cem Ilkel,1419.8936049369947,1965.0,15.619365144305448,-313.0,1462.0,4.0,1472.3174643545549,1233.0,-8.319893660174557,-368.0,1431.4687578543226,1477.0,,,1464.4740670656854,1026.0,,,,,,,29.0,True
101552,Xavier Daufresne,1419.683033149,1966.0,-38.586681709648474,-1563.0,,,1483.3023963997507,1048.0,-43.36239343870261,-982.0,1434.8751861778055,1458.0,-77.81400407770047,-1404.0,,,,,1475.1186862989764,492.0,,,27.0,False
101868,Dick Norman,1419.6063414692014,1967.0,26.933712571524893,-903.0,,,1392.727880886278,1717.0,-36.54446534233102,-1042.0,1432.1181191174976,1472.0,-41.169211781769945,-939.0,1468.530361681967,973.0,-7.144183640721394,-521.0,1479.8537216317932,443.0,-7.053180449929641,-265.0,92.0,False
102903,Eyal Erlich,1419.2916789307644,1968.0,-94.06125356914731,-1869.0,,,1457.8108704956646,1415.0,,,,,,,1464.4741495814183,1025.0,,,1486.4639085370636,392.0,,,11.0,False
104372,Alex Bogdanovic,1419.1787102039627,1969.0,-33.050988534957696,-1069.0,,,1455.855472772033,1434.0,,,,,,,1409.6610579827293,1219.0,-42.888314685683554,-599.0,,,,,39.0,False
102088,Joern Renzenbrink,1418.5131157045862,1970.0,-26.339666934693014,-1466.0,,,1459.9885816456513,1398.0,-57.59212009106977,-1315.0,1471.6147921950108,1149.0,-26.617556362747337,-1047.0,1422.4674912399926,1203.0,,,1463.5603294097423,552.0,-37.16685164177761,-468.0,78.0,False
102382,Julian Knowle,1418.4545264741948,1971.0,11.825820584824896,-1054.0,,,1448.6855858141355,1498.0,-17.491583553913642,-985.0,1413.0693221721801,1524.0,-42.88802305391005,-970.0,1467.4302106745338,991.0,-10.881381992421211,-654.0,,,,,41.0,False
101597,Louis Gloria,1418.4348462549958,1972.0,-33.00058714995521,-1506.0,,,1442.2391106777266,1538.0,-71.41905324928052,-1463.0,1496.030101041046,583.0,,,1451.9460937798774,1107.0,,,1497.4092762626947,219.0,,,24.0,False
101421,Veli Paloheimo,1418.1585084316114,1973.0,-77.80384169901026,-1865.0,,,1445.8868299031062,1519.0,,,1475.5724233664107,1097.0,-37.973016095036655,-1088.0,1501.116962638349,371.0,,,1476.8557258115975,470.0,,,32.0,False
101096,Gary Muller,1417.843964323738,1974.0,-49.54382046655405,-1661.0,,,1420.2386544029946,1656.0,-53.5953151431147,-1431.0,1487.585699413623,839.0,,,1494.2571831118632,454.0,-18.542831003726633,-437.0,1477.3579860840368,465.0,,,68.0,False
103820,Alan Mackin,1417.5348877323804,1975.0,-74.92986433722444,-1632.0,,,1488.4605232464485,814.0,,,1485.1918946212977,919.0,,,1434.1877260454698,1175.0,,,1476.1903314683343,476.0,,,11.0,False
102339,Kris Goossens,1417.4942678980715,1976.0,-37.885717522726736,-1480.0,,,1454.2048327446953,1453.0,,,1437.8510449108164,1439.0,-30.347293248195456,-1083.0,1489.4756689144901,559.0,,,1486.2329681647107,398.0,,,35.0,False
101232,Nicklas Kroon,1417.363084331272,1977.0,-28.053758853732916,-1657.0,,,1447.874116051358,1503.0,,,1484.5138078464283,929.0,,,1457.2801906051268,1072.0,,,1492.272084012197,247.0,,,24.0,False
102381,Werner Eschauer,1417.361040478695,1978.0,-55.16758009487785,-1246.0,,,1425.4175514552778,1636.0,-58.728794649809515,-1213.0,1461.7246218156108,1263.0,-70.96326206806066,-1127.0,1491.8200387100976,492.0,,,1487.4661812854467,374.0,,,53.0,False
102548,Juan Antonio Marin,1417.2299648564153,1979.0,-34.135175780155805,-1101.0,,,1394.3303758923412,1715.0,-61.154133253674445,-1228.0,1430.0556325891525,1483.0,-13.479100925186913,-744.0,1446.8832375288562,1125.0,,,1465.7438680599348,540.0,,,190.0,False
103373,Sergio Roitman,1417.2079784283362,1980.0,-36.019321580942915,-1048.0,,,1398.1487071005402,1708.0,-39.989069864249814,-908.0,1454.8870370062423,1328.0,-12.934360689615232,-654.0,1461.236240917073,1057.0,,,1487.6266947104325,363.0,,,84.0,False
101106,Peter Lundgren,1417.1068892591086,1981.0,-14.642831508086147,-1606.0,,,1467.0095610637886,1291.0,14.520565649374475,-1028.0,1450.3719287590864,1363.0,,,1455.928686736599,1083.0,,,1464.3152501911911,549.0,,,55.0,False
104003,Victor Crivoi,1417.0844133649457,1982.0,-20.791880872998263,-919.0,,,1461.908031184532,1368.0,,,1434.0296979853308,1467.0,-40.72650200174576,-836.0,1482.3767401326738,781.0,,,,,,,40.0,False
101914,Lars Koslowski,1416.9325678689283,1983.0,-15.20131228676064,-1612.0,,,1481.472221976272,1074.0,-19.36616060266192,-992.0,1441.2172741383342,1424.0,-62.79895579815502,-1358.0,1489.7707424374983,545.0,,,1465.6457054548305,542.0,,,34.0,False
101142,Emilio Sanchez,1416.8155706138307,1984.0,-26.046186035058327,-1441.0,,,1473.4493265653314,1217.0,-63.20465824218377,-1160.0,1446.851125005338,1387.0,-38.69564178104724,-1134.0,1464.0282118179998,1031.0,,,1439.5711750509302,625.0,-61.2113387150448,-598.0,269.0,False
104160,Lukas Dlouhy,1416.7305489708174,1985.0,5.342216948382429,-907.0,,,1409.545552481812,1681.0,-5.731809973038025,-824.0,1458.9331113162584,1290.0,-30.967444458498676,-937.0,1467.7365627104236,987.0,,,1474.238039060554,495.0,,,66.0,False
102743,Ben Ellwood,1416.7102071545794,1986.0,-49.01468203437321,-1518.0,,,1423.1170871593447,1646.0,-46.010261336966096,-1340.0,,,,,1475.5781801778091,898.0,,,,,,,17.0,False
102243,Marcelo Charpentier,1416.439502409813,1987.0,-55.76460560427404,-1550.0,,,1483.3246907114858,1047.0,,,1421.180366872019,1506.0,-63.95401224358784,-1221.0,1489.549357269434,555.0,,,1495.968236675389,227.0,,,31.0,False
102139,Eyal Ran,1416.4112100919333,1988.0,-15.691822729327441,-1379.0,,,1441.527026175371,1547.0,-24.47290867036031,-1163.0,1479.2830190628733,1022.0,,,1466.7894791631038,998.0,,,1475.1747430244288,491.0,,,42.0,False
101660,Francisco Montana,1416.2585745266479,1989.0,5.0090274899969245,-1431.0,,,1392.7902107405648,1716.0,-67.04254995051133,-1461.0,1488.8869226737822,737.0,6.204046376930592,-514.0,1467.5272949755079,990.0,,,1503.488162356336,167.0,,,47.0,False
106293,Kimmer Coppejans,1416.217823598174,1990.0,-25.307353087276624,-517.0,206.0,273.0,1447.5713350185315,1507.0,,,1445.6745833557134,1393.0,-46.829595485527534,-1006.0,1486.5962904809107,732.0,,,,,,,25.0,True
100815,David Pate,1416.1071133050998,1991.0,-25.709966046714726,-1671.0,,,1441.9060793692988,1544.0,-49.23886773484742,-1448.0,1476.0,1088.0,,,1456.5557394986058,1075.0,,,1502.2908347576617,173.0,,,33.0,False
101481,Omar Camporese,1416.0129319748942,1992.0,-45.12492813667268,-1501.0,,,1572.3362720515763,175.0,-10.648597400921744,-149.0,1367.234832708181,1556.0,-68.41693637789581,-1113.0,1479.3552272616027,820.0,,,1503.2361406190291,168.0,-8.447016699471533,-105.0,171.0,False
103077,Konstantinos Economidis,1415.7379337083619,1993.0,-57.90074955810428,-1294.0,,,1433.366813459488,1599.0,,,1496.9513551289526,570.0,,,1468.3850795985666,974.0,,,,,,,13.0,False
101772,Andrei Cherkasov,1415.625936549835,1994.0,-16.889156991534037,-1346.0,,,1504.2634189610117,474.0,-33.18838188806376,-383.0,1401.595591504461,1536.0,-53.93077065283842,-1157.0,1434.2684244422578,1173.0,,,1450.2851008746666,602.0,-88.99026039183195,-561.0,256.0,False
103580,Alexander Peya,1415.4911464339948,1995.0,-51.619010544892944,-1204.0,,,1465.3605439674798,1319.0,-26.271013357936454,-1002.0,1435.1550541696047,1453.0,-35.29625508012032,-832.0,1421.6048781528702,1204.0,-47.640492695668854,-679.0,1520.7425510953713,116.0,,,63.0,False
103114,Martin Lee,1415.2162752754446,1996.0,-45.71706272266715,-1336.0,,,1434.4266069556106,1595.0,-34.38010650194997,-1113.0,1453.5236035401688,1338.0,,,1456.1357520949653,1081.0,-43.30197423417894,-928.0,1489.327562824732,292.0,,,62.0,False
101750,Cristiano Caratti,1415.1289907532016,1997.0,-42.774953970046454,-1393.0,,,1440.3585251889117,1561.0,-55.31025482143127,-1377.0,1437.1469431390478,1446.0,-51.94214076971207,-1327.0,1435.216849872649,1170.0,-41.98366501957298,-1039.0,1457.3765322397305,576.0,-29.7833938114386,-353.0,159.0,False
102001,German Lopez,1414.9943140673438,1998.0,-66.65826712274111,-1749.0,,,1437.3706759928161,1578.0,-88.72130799891374,-1537.0,1484.1066486070113,934.0,-27.3826597733198,-874.0,1487.186627862611,709.0,,,,,,,53.0,False
102831,Jacobo Diaz,1414.7830780677568,1999.0,-43.63233371275828,-1353.0,,,1401.4223179338223,1702.0,-77.37142874446386,-1288.0,1472.9884899085914,1133.0,12.481937920180371,-604.0,1487.833841481776,658.0,,,1488.8911761304053,302.0,,,86.0,False
103305,Daniel Elsner,1414.5816017012203,2000.0,3.4292065947063293,-1075.0,,,1457.242886406702,1424.0,,,1446.5662185377378,1389.0,-13.676346067632267,-852.0,1489.9954075091862,534.0,,,,,,,35.0,False
105155,Pedro Sousa,1414.4658520017592,2001.0,-45.220637440389964,-691.0,,,1449.0737364445438,1495.0,,,1442.337538104497,1415.0,4.073101300607732,-280.0,1489.2963123327268,561.0,,,,,,,39.0,False
104864,Alex Kuznetsov,1413.8635907787334,2002.0,-52.12478970852271,-1019.0,,,1420.984268569224,1654.0,-10.621478949597986,-657.0,1487.4065024324234,850.0,,,1454.0753736402944,1095.0,,,,,,,39.0,False
102950,Fernando Vicente,1413.6999083427568,2003.0,-84.46545266622002,-1668.0,,,1492.2485877169263,673.0,-24.719649575257336,-515.0,1456.9582699333228,1310.0,-46.78304165857253,-1084.0,1458.5461364714647,1067.0,-14.569103770911852,-638.0,1445.7576376473662,615.0,-41.1409538838152,-358.0,366.0,False
101249,Andrei Olhovskiy,1413.646975895675,2004.0,-89.05701974926865,-1831.0,,,1381.4070066312213,1728.0,-24.249149245146327,-1289.0,1441.5597580637707,1420.0,-44.710855808349834,-1194.0,1469.572254350784,957.0,-26.716963293699564,-850.0,1491.5278136828106,255.0,-71.3648829595395,-223.0,214.0,False
101430,Sergio Cortes,1413.6068732572567,2005.0,-48.297382477913516,-1630.0,,,1491.6898087154211,691.0,,,1416.031864851386,1521.0,-46.81604093558917,-1230.0,,,,,,,,,23.0,False
100711,Pedro Rebolledo,1413.2133019275348,2006.0,,,,,1488.0005139815498,844.0,,,1445.25474448159,1396.0,,,1487.585699413623,680.0,,,1488.0,337.0,,,10.0,False
106105,Guilherme Clezar,1412.9770428659883,2007.0,-59.68553559473321,-1097.0,,,1463.8086052081342,1341.0,,,1443.8489292184584,1406.0,,,,,,,,,,,13.0,False
101016,Marcos Aurelio Gorriz,1412.803178628129,2008.0,-14.267206010998734,-1399.0,,,1433.9905787443006,1596.0,-69.28834748780264,-1517.0,1438.8264961656023,1433.0,-32.70563639525176,-1060.0,1486.16033828353,747.0,,,1476.9794755064306,468.0,,,89.0,False
102375,Dinu Pescariu,1412.720214713762,2009.0,-26.93239075324732,-1363.0,,,1451.0266589665314,1478.0,-40.106061487094394,-1291.0,1433.365055506765,1471.0,-7.504037720283577,-948.0,1488.1918650475964,608.0,,,1463.7030532533806,551.0,,,73.0,False
101004,Jim Pugh,1412.4546706278595,2010.0,-63.273891260128266,-1835.0,,,1444.0916235343918,1529.0,,,1477.283983779461,1062.0,,,1478.7800339328069,828.0,,,,,,,12.0,False
101274,Udo Riglewski,1411.2950076330949,2011.0,-38.85400051236934,-1761.0,,,1457.6309394726752,1418.0,,,1445.409918592357,1395.0,,,1488.0,626.0,,,1480.4579274111386,439.0,,,28.0,False
101031,Massimo Cierro,1409.7417847068734,2012.0,-73.2283870273136,-1785.0,,,1489.4556988080512,768.0,,,1423.074453324671,1499.0,-82.28689681768469,-1436.0,1487.5852827887754,682.0,,,,,,,18.0,False
104619,Jesse Huta Galung,1409.6170921870043,2013.0,-44.06306523360945,-963.0,,,1419.9645554516621,1659.0,-59.62654711174923,-1034.0,1471.3327891230924,1154.0,,,1468.771802629293,970.0,,,,,,,30.0,False
104349,Rui Machado,1409.5271060694124,2014.0,16.10186945889518,-745.0,,,1434.7168991877006,1593.0,-77.58075451561831,-1377.0,1434.4716534498455,1463.0,-9.690474798528385,-585.0,1487.9888400382508,646.0,,,,,,,48.0,False
101066,Richard Matuszewski,1409.5001101070266,2015.0,-36.48893428438919,-1618.0,,,1409.9132105996705,1680.0,-78.08678940032951,-1569.0,,,,,1475.300978178052,901.0,,,1489.1848967102442,295.0,,,23.0,False
103693,Thierry Ascione,1409.4852259246725,2016.0,-56.43356786642926,-1195.0,,,1438.7591438728914,1571.0,-68.79964387678274,-1353.0,1441.6861281831941,1419.0,-45.08959438093166,-973.0,1461.287126192412,1056.0,,,1472.5299994176432,508.0,,,75.0,False
102921,Ota Fukarek,1409.435531936424,2017.0,-69.05861076413385,-1527.0,,,1419.140008059352,1665.0,,,1490.654462672327,668.0,,,1488.1874384696928,609.0,,,,,,,14.0,False
101906,Yasufumi Yamamoto,1409.3095649075983,2018.0,,,,,1429.8736925131307,1619.0,,,,,,,,,,,1466.0853622502063,537.0,,,10.0,False
101956,Mark Knowles,1409.184472371166,2019.0,-46.44655472393015,-1486.0,,,1379.1434785106103,1732.0,-53.38404519444953,-1279.0,1464.436031633233,1238.0,,,1501.5599985605024,367.0,2.6688292039675616,-261.0,1512.1969360967157,133.0,,,66.0,False
103535,Olivier Patience,1409.147650151159,2020.0,-46.13612161714559,-1112.0,,,1419.3671746725508,1663.0,-62.900361030619706,-1206.0,1442.8794786192807,1412.0,-72.16591508738952,-1234.0,1498.226629899319,430.0,,,1487.2480087783158,379.0,,,76.0,False
101086,Ronald Agenor,1407.8269730524,2021.0,-23.849614148579576,-1315.0,,,1384.4459113756957,1726.0,-23.196182300222517,-1140.0,1433.6276001264919,1469.0,-20.53275176730608,-953.0,1478.8216412891773,827.0,,,1457.3756210857027,577.0,-17.904264290235915,-328.0,186.0,False
101237,Danilo Marcelino,1407.5317514602164,2022.0,-39.39581531551585,-1681.0,,,1422.362405858756,1650.0,-51.11611268731053,-1427.0,1477.7951168897637,1050.0,,,1476.8660484465745,861.0,,,1510.779789350305,142.0,,,36.0,False
100995,Eduardo Masso,1407.1728303249022,2023.0,-62.10242549842815,-1741.0,,,1455.2299292174491,1443.0,-56.770070782550874,-1432.0,1437.5326707363918,1442.0,-104.86042706402782,-1420.0,1488.5553326644902,589.0,,,1476.1936352289654,475.0,,,48.0,False
104494,Adrian Ungur,1406.7692301725135,2024.0,-3.82612902180972,-604.0,,,1461.7244318290584,1371.0,-12.23486025252464,-657.0,1415.8478501564477,1522.0,-42.03681241334016,-689.0,1457.1376685225496,1073.0,,,,,,,43.0,False
105842,Di Wu,1406.2949143261671,2025.0,-18.631616361803708,-617.0,,,1410.5860548778521,1678.0,-27.33222785086491,-561.0,1453.5589378157326,1337.0,,,,,,,,,,,30.0,False
103201,Adrian Garcia,1404.6537347791448,2026.0,-64.59918806571068,-1308.0,,,1443.191084232242,1531.0,-49.55088934186665,-1255.0,1455.2903385368436,1323.0,-21.9126745204519,-827.0,1478.436216445735,831.0,,,,,,,34.0,False
103926,Daniel Munoz de la Nava,1404.4653246631954,2027.0,-59.997119512323025,-977.0,,,1490.481893707026,718.0,,,1391.5797628710766,1546.0,-43.71773365310082,-536.0,,,,,,,,,36.0,False
102220,Patrik Fredriksson,1403.9304741717995,2028.0,-22.159599849747792,-1412.0,,,1476.843681647475,1159.0,-15.532946830911442,-985.0,1437.4675817515651,1444.0,-27.229018794378135,-1044.0,1486.8214238626163,723.0,,,1449.567983088047,603.0,,,37.0,False
104056,Roko Karanusic,1403.757827458995,2029.0,-37.806725976578946,-1035.0,,,1402.3063945654867,1699.0,-26.33859029037626,-843.0,1440.4348464708296,1428.0,,,1485.8477391120675,756.0,,,1485.7319920442358,405.0,,,48.0,False
102405,Mahesh Bhupathi,1402.9909979540716,2030.0,-53.032889434647586,-1497.0,,,1423.8880162083735,1642.0,-63.49252122380494,-1407.0,,,,,1462.4711874511074,1047.0,,,1487.47302885294,373.0,,,15.0,False
100800,Diego Perez,1402.5940465913384,2031.0,-31.032703453290196,-1634.0,,,1428.940269365317,1624.0,,,1457.8668204883086,1304.0,-58.30418389961869,-1252.0,1490.6674095752733,517.0,,,1486.4312723587643,393.0,,,45.0,False
103248,Harel Levy,1402.5569732317522,2032.0,-55.75217576269415,-1260.0,,,1409.4340201532755,1682.0,-39.77548938874315,-1020.0,1445.2531219283442,1397.0,-64.3170124341541,-1224.0,1473.7200139806414,926.0,-8.728835204569577,-616.0,1486.1220538989544,399.0,,,125.0,False
101460,Jose Francisco Altur,1402.3830982397913,2033.0,-5.3563952345487,-1570.0,,,1407.4945472194315,1686.0,,,1466.7615296765898,1211.0,-33.66883937019634,-1112.0,1453.8363954210624,1097.0,,,1489.3907876535557,288.0,,,61.0,False
102300,Gouichi Motomura,1401.7504058684344,2034.0,-33.78656454991233,-1291.0,,,1413.5255270468426,1674.0,-36.547261526386364,-1122.0,,,,,1477.4919575045928,847.0,,,1475.5351502307337,484.0,,,36.0,False
101969,Orlin Stanoytchev,1401.6245937289877,2035.0,-24.912496533654803,-1311.0,,,1432.6726916914008,1603.0,-38.377282205832444,-1215.0,1437.9858998832963,1436.0,-9.941581418863962,-891.0,1486.5307094299305,734.0,,,1490.119276331962,274.0,,,58.0,False
104873,Aleksandr Nedovyesov,1400.7414517951881,2036.0,-50.58553928725132,-907.0,,,1439.2445651852527,1568.0,-19.962217740123833,-688.0,1449.7536143018199,1368.0,,,1468.6830036198196,971.0,,,,,,,28.0,False
111790,Brayden Schnur,1400.6420373293,2037.0,-68.82494485324673,-876.0,,,1412.287042824506,1676.0,-78.23901315355124,-1137.0,,,,,1466.5537432632234,999.0,,,,,,,22.0,False
104219,Stephane Bohli,1400.0950142990396,2038.0,-52.8179212151947,-1092.0,,,1429.2202981105654,1622.0,-75.68076233120223,-1374.0,1454.9500281875642,1326.0,,,1488.0,635.0,,,1478.2794611218937,455.0,,,20.0,False
105441,John Patrick Smith,1399.3692132297392,2039.0,-66.22747751241309,-949.0,,,1389.115684952265,1722.0,-64.08714985121696,-734.0,,,,,1489.8274364650595,543.0,,,,,,,27.0,False
101440,Mark Koevermans,1399.20514682532,2040.0,-27.02556065341537,-1673.0,,,1436.939539444846,1584.0,-87.86054018889763,-1567.0,1463.5818255549764,1245.0,-46.142528882104216,-1184.0,1477.1714059742255,857.0,,,1456.0967838064253,584.0,,,65.0,False
101398,Neil Borwick,1398.9098713932945,2041.0,-72.02228700073829,-1696.0,,,1437.0338678711494,1582.0,-86.46021576418912,-1517.0,1488.0,797.0,,,1469.5190513463704,958.0,-20.286842373177933,-881.0,1460.2073871523799,564.0,,,64.0,False
101482,Markus Zoecke,1398.4954335795844,2042.0,-73.57706505693272,-1648.0,,,1460.864837822441,1385.0,-81.25437914288113,-1327.0,1452.0996750958261,1352.0,,,1444.42619058538,1138.0,-56.37285003319653,-1079.0,1450.8346445792274,600.0,-51.040539451930044,-529.0,121.0,False
100437,Bjorn Borg,1398.3004833830103,2043.0,-91.73205522143576,-1888.0,,,1441.9208928723524,1543.0,,,1460.3898238492443,1280.0,,,,,,,1478.0330893857854,458.0,,,11.0,False
102031,Sandor Noszaly,1397.6438715123647,2044.0,-54.99219867087595,-1537.0,,,1452.2181245033196,1472.0,,,1452.35019660334,1348.0,-68.61983724251559,-1266.0,1474.255503093761,920.0,,,1470.0388773653092,520.0,,,52.0,False
102652,Christian Vinck,1397.4755568299436,2045.0,-68.2814484205021,-1462.0,,,1432.8821501759176,1601.0,-39.655791418184435,-1160.0,1428.196809926654,1488.0,-37.359364925432374,-1037.0,1477.28279860528,855.0,-0.8951613038109372,-582.0,1456.2429676551365,583.0,,,63.0,False
105137,Pere Riba,1397.45208338115,2046.0,-20.58269621897375,-760.0,,,1391.7603296067336,1718.0,-46.13547595227442,-789.0,1451.2378432192,1359.0,-9.658829541870318,-546.0,1441.726975519266,1145.0,,,,,,,85.0,False
105332,Benoit Paire,1396.8960270918421,2047.0,-16.885379089168055,-341.0,,,1472.6814933652365,1227.0,-43.66730879528109,-924.0,1429.6538721241639,1484.0,-65.42817260464767,-991.0,1521.556325169141,230.0,-15.538236758746734,-95.0,,,,,539.0,False
104308,Michal Przysiezny,1396.7323628037736,2048.0,-15.430402831808806,-715.0,,,1397.3093024644202,1709.0,-26.359806652700172,-631.0,1418.4213396391078,1515.0,-55.947679301724065,-903.0,1466.0497632650927,1008.0,-32.98763323197477,-772.0,,,,,81.0,False
101780,Alejo Mancisidor,1396.662402749576,2049.0,-49.81144628691709,-1567.0,,,1500.5018358085254,516.0,,,1396.5898265694361,1542.0,-48.83840683192511,-1166.0,,,,,,,,,23.0,False
106032,Facundo Arguello,1395.818056481857,2050.0,-43.29438907560325,-853.0,,,1477.2374222298918,1149.0,,,1412.7375172967043,1526.0,-44.54037989246103,-675.0,1491.9456846980734,490.0,,,,,,,17.0,False
102304,Grant Doyle,1395.7794325070906,2051.0,2.2757834640194687,-1495.0,,,1427.3928857900823,1632.0,6.998019602973045,-1283.0,1469.8504750298223,1177.0,,,1466.367470529271,1003.0,,,1489.409088547726,286.0,,,27.0,False
102087,Oleg Ogorodov,1393.8323322578349,2052.0,7.993660093935205,-1257.0,,,1416.360049212533,1668.0,-34.85538644429107,-1207.0,1460.5458954672295,1278.0,-31.762700282780997,-1095.0,1475.9766194909917,884.0,,,1466.783686273,534.0,-35.49798834155581,-437.0,62.0,False
103009,Razvan Sabau,1392.4220032080561,2053.0,-59.11559280413462,-1175.0,,,1442.849354809388,1534.0,-74.60071692312249,-1425.0,1435.7206989518863,1450.0,-76.95601808871834,-1277.0,1465.9873255018786,1010.0,,,1465.834783481103,538.0,,,58.0,False
101862,Maurice Ruah,1392.3628007361883,2054.0,-22.77372286558125,-1542.0,,,1430.9036732470229,1614.0,-35.70387238548051,-1315.0,1482.3537114979088,967.0,,,1457.0090674731173,1074.0,,,1456.663303815422,580.0,,,51.0,False
101945,Thierry Guardiola,1391.913888347736,2055.0,-8.714239869478433,-1356.0,,,1463.663650021602,1344.0,-11.11675022978011,-1051.0,1406.3770765232214,1532.0,-23.57909080874424,-1116.0,,,,,1444.6064706210148,617.0,,,55.0,False
103228,Marcos Daniel,1390.7929816210483,2056.0,-45.44353203920332,-993.0,,,1352.3961771355757,1739.0,-32.56725022062324,-784.0,1464.777963065243,1231.0,-73.04359838621872,-1091.0,1457.8422392477908,1071.0,,,,,,,84.0,False
101826,Alex Lopez Moron,1387.684879803833,2057.0,-60.21851230341849,-1421.0,,,1469.7143386678515,1259.0,,,1404.4240941574503,1534.0,-41.71973386394893,-1007.0,1488.6553706015388,587.0,,,,,,,48.0,False
101365,Paul Wekesa,1387.3259281959922,2058.0,-41.84050008342683,-1525.0,,,1456.4159480499325,1430.0,-22.208049747853238,-1148.0,1463.0562966204177,1252.0,,,1468.8252384537332,969.0,,,1443.6345351145776,619.0,,,29.0,False
101719,Frederic Fontang,1387.3135069538398,2059.0,7.203008866434402,-1454.0,,,1442.8321227475938,1535.0,,,1419.481810300036,1513.0,-12.449289604648584,-1082.0,1487.5999784796063,676.0,,,1458.9778012042466,567.0,,,81.0,False
101312,Robbie Weiss,1385.6731095404762,2060.0,-21.92841462229444,-1554.0,,,1445.6575250553817,1520.0,-19.39734084431302,-1218.0,1434.53729541267,1462.0,,,1452.8291769065358,1099.0,,,1456.5489777295948,581.0,,,76.0,False
101642,Bart Wuyts,1384.4342031720357,2061.0,-7.439905692403499,-1621.0,,,1439.9396438447925,1563.0,-35.647562681978116,-1368.0,1444.869567759158,1402.0,-21.870608862252084,-1151.0,1476.4043717183197,870.0,,,1432.3394237807715,633.0,-56.195798070532646,-567.0,75.0,False
101761,Jaime Oncins,1384.0329935363193,2062.0,-25.395622820884,-1460.0,,,1462.6278398206061,1361.0,-51.6413852943906,-1289.0,1413.9596246502251,1523.0,-56.517846296375865,-1250.0,1511.5999923740492,280.0,,,1487.3237411020268,377.0,,,128.0,False
111576,Sumit Nagal,1383.2845296086398,2063.0,-58.108394588900865,-398.0,282.0,190.0,1375.926413254928,1734.0,-62.97479056962993,-320.0,1464.5864167623902,1235.0,-14.893845566550908,-325.0,1487.929385478117,655.0,,,,,,,46.0,True
104868,James Ward,1382.365453726986,2064.0,-55.92055964295059,-769.0,,,1427.4135898220154,1631.0,-52.92360822067212,-956.0,1453.4922285524997,1339.0,,,1372.020862859074,1227.0,-75.75678474128244,-447.0,,,,,67.0,False
102795,Scott Humphries,1381.3405456913988,2065.0,-71.72958968451644,-1586.0,,,1403.885407585128,1696.0,,,1483.508493524336,947.0,,,1475.6555520884287,896.0,,,,,,,14.0,False
104770,Martin Fischer,1380.6901893498043,2066.0,-44.809604010809835,-917.0,,,1447.4111334212569,1509.0,,,1417.5672048609658,1518.0,-70.78337392858134,-1120.0,1481.0624462158432,800.0,,,,,,,21.0,False
103821,Danai Udomchoke,1379.6173268452587,2067.0,-39.34791574894575,-1013.0,,,1385.3312436344895,1725.0,-54.70504179791806,-922.0,1465.972958119481,1220.0,,,1452.5120126193053,1101.0,-28.969856161154667,-681.0,,,,,70.0,False
101500,Christian Saceanu,1379.2361077923013,2068.0,-35.96619275084049,-1652.0,,,1357.7721030382195,1737.0,-57.39503560438675,-1452.0,1445.6351373169205,1394.0,-66.32246054586199,-1364.0,1522.4847079115814,223.0,-36.21586194622137,-218.0,1474.463610831429,494.0,-13.53609650174667,-364.0,72.0,False
103799,Eric Prodon,1378.0840391904442,2069.0,-57.014789617026054,-1054.0,,,1468.5520895560778,1275.0,,,1390.060574384893,1547.0,-67.86978431713169,-814.0,,,,,,,,,20.0,False
102023,Petr Luxa,1375.386450713087,2070.0,-38.33378387544599,-1362.0,,,1410.2699845339503,1679.0,-63.2678930245454,-1291.0,1481.339744470629,986.0,,,1480.842782116427,802.0,,,1462.3165566271002,556.0,,,20.0,False
101224,Kenny Thorne,1374.9878510693677,2071.0,-52.28202966193771,-1554.0,,,1370.9350576885101,1735.0,-75.67793287886411,-1407.0,1481.2834241256544,989.0,,,1465.7621300689416,1013.0,,,1500.4006133501678,191.0,,,40.0,False
103105,Ruben Ramirez Hidalgo,1374.7912990968941,2072.0,-19.57411792840594,-786.0,,,1396.6953729100978,1712.0,7.451473026851545,-689.0,1401.0936961905854,1537.0,-34.807283907928195,-613.0,1423.8272827690976,1198.0,,,1478.1236172096626,457.0,,,195.0,False
101337,Martin Strelba,1370.860005152245,2073.0,-88.44982614756736,-1734.0,,,1457.3377695784754,1422.0,,,1421.6501214644097,1504.0,-87.30938441949957,-1440.0,1476.56004130839,866.0,,,1478.6579021262562,449.0,,,30.0,False
202358,Chun Hsin Tseng,1369.9079222268417,2074.0,-53.058848136545976,-257.0,181.0,326.0,1403.435227606417,1697.0,-26.79374814667858,-281.0,1449.2985037006952,1375.0,-26.78406333663179,-384.0,1453.2076189952177,1098.0,,,,,,,48.0,True
101154,Simon Youl,1369.6354759694455,2075.0,-22.952539019742744,-1624.0,,,1401.8261432445331,1700.0,-45.80375534273594,-1414.0,1442.9246906308695,1411.0,,,1488.7355271543765,584.0,-15.845266301921129,-532.0,1457.88257310609,574.0,,,66.0,False
101119,Marian Vajda,1365.9202714892665,2076.0,-80.42822057249737,-1764.0,,,1441.1761931475664,1550.0,-94.82380685243356,-1549.0,1434.9018176757138,1457.0,-57.00386977232779,-1360.0,1488.0,627.0,,,1454.8068574374704,591.0,,,49.0,False
103835,Filippo Volandri,1365.1389647847068,2077.0,-61.70817705811373,-834.0,,,1293.4796334392483,1740.0,-40.99864743501962,-674.0,1416.2171872700283,1520.0,-84.43268214490672,-1223.0,1430.8521877312387,1182.0,-45.06513012500636,-750.0,1430.4038310058854,634.0,-46.42519234204906,-246.0,379.0,False
101242,Brad Pearce,1359.7468455294402,2078.0,-54.138957922172494,-1812.0,,,1381.1207147491484,1730.0,-61.73147205241753,-1546.0,1488.8017335405657,743.0,,,1487.185691787672,710.0,,,1476.0143094285309,480.0,,,23.0,False
101354,Andrew Sznajder,1347.5019268620306,2079.0,-28.25376434953182,-1618.0,,,1381.3311745370252,1729.0,-44.96800494599756,-1439.0,1446.047334524714,1392.0,,,1490.1815872599439,531.0,,,1488.0,334.0,,,28.0,False
101416,Joao Cunha Silva,1346.4637729586711,2080.0,-19.063673769399884,-1460.0,,,1449.253540014393,1493.0,-24.284794817656348,-1236.0,1360.7507351869947,1558.0,-48.45925452683309,-1169.0,1490.8095441607563,511.0,,,1487.704466857405,358.0,,,59.0,False
101243,Roberto Azar,1332.9668123036424,2081.0,-58.682083662891955,-1640.0,,,1445.6416284790305,1521.0,,,1357.5268390777412,1560.0,-70.51941101722855,-1264.0,1480.7055095065643,803.0,,,1487.186627862611,383.0,,,59.0,False
211514,Justin Engel,,,,,215.0,266.0,,,,,,,,,,,,,,,,,,True
210119,Andrej Nedic,,,,,245.0,230.0,,,,,,,,,,,,,,,,,,True
207527,Buvaysar Gadamauri,,,,,260.0,209.0,,,,,,,,,,,,,,,,,,True
209849,Sascha Gueymard Wayenburg,,,,,266.0,203.0,,,,,,,,,,,,,,,,,,True
210558,Hynek Barton,,,,,275.0,195.0,,,,,,,,,,,,,,,,,,True
208913,Juan Bautista Torres,,,,,281.0,191.0,,,,,,,,,,,,,,,,,,True
210412,Juan Manuel La Serna,,,,,288.0,186.0,,,,,,,,,,,,,,,,,,True
208540,Inaki Montes De La Torre,,,,,293.0,181.0,,,,,,,,,,,,,,,,,,True
208421,Lilian Marmousez,,,,,298.0,179.0,,,,,,,,,,,,,,,,,,True
209898,Dali Blanch,,,,,301.0,179.0,,,,,,,,,,,,,,,,,,True
211617,Maxim Mrva,,,,,317.0,166.0,,,,,,,,,,,,,,,,,,True
202475,Philip Henning,,,,,319.0,165.0,,,,,,,,,,,,,,,,,,True
208025,Alex Martinez,,,,,323.0,161.0,,,,,,,,,,,,,,,,,,True
208342,Tyler Zink,,,,,325.0,158.0,,,,,,,,,,,,,,,,,,True
126337,Renta Tokuda,,,,,329.0,157.0,,,,,,,,,,,,,,,,,,True
209131,Eliakim Coulibaly,,,,,330.0,156.0,,,,,,,,,,,,,,,,,,True
210557,Petr Brunclik,,,,,333.0,153.0,,,,,,,,,,,,,,,,,,True
200346,Mats Rosenkranz,,,,,339.0,151.0,,,,,,,,,,,,,,,,,,True
212241,Carlo Alberto Caniato,,,,,359.0,141.0,,,,,,,,,,,,,,,,,,True
209354,Ioannis Xilas,,,,,360.0,141.0,,,,,,,,,,,,,,,,,,True
212207,Ognjen Milic,,,,,361.0,140.0,,,,,,,,,,,,,,,,,,True
206867,Tommaso Compagnucci,,,,,364.0,138.0,,,,,,,,,,,,,,,,,,True
209512,Tom Paris,,,,,372.0,135.0,,,,,,,,,,,,,,,,,,True
200309,Marek Gengel,,,,,373.0,135.0,,,,,,,,,,,,,,,,,,True
129911,Marat Sharipov,,,,,374.0,134.0,,,,,,,,,,,,,,,,,,True
202239,Florian Broska,,,,,376.0,133.0,,,,,,,,,,,,,,,,,,True
210377,Luciano Emanuel Ambrogi,,,,,379.0,131.0,,,,,,,,,,,,,,,,,,True
210042,Gabriele Piraino,,,,,383.0,127.0,,,,,,,,,,,,,,,,,,True
131911,Lucas Poullain,,,,,384.0,127.0,,,,,,,,,,,,,,,,,,True
211661,Juan Estevez,,,,,386.0,126.0,,,,,,,,,,,,,,,,,,True
209983,Mika Brunold,,,,,387.0,125.0,,,,,,,,,,,,,,,,,,True
200495,Eduardo Ribeiro,,,,,388.0,125.0,,,,,,,,,,,,,,,,,,True
208649,Andrew Fenty,,,,,390.0,125.0,,,,,,,,,,,,,,,,,,True
208257,Fabrizio Andaloro,,,,,393.0,124.0,,,,,,,,,,,,,,,,,,True
207728,Moerani Bouzige,,,,,397.0,124.0,,,,,,,,,,,,,,,,,,True
144716,Oleg Prihodko,,,,,399.0,123.0,,,,,,,,,,,,,,,,,,True
207231,Mathys Erhard,,,,,400.0,123.0,,,,,,,,,,,,,,,,,,True
202359,Marvin Moeller,,,,,401.0,122.0,,,,,,,,,,,,,,,,,,True
209318,Petr Nesterov,,,,,405.0,121.0,,,,,,,,,,,,,,,,,,True
210747,Lui Maxted,,,,,406.0,120.0,,,,,,,,,,,,,,,,,,True
207502,Stefan Palosi,,,,,410.0,118.0,,,,,,,,,,,,,,,,,,True
209079,Samir Banerjee,,,,,412.0,116.0,,,,,,,,,,,,,,,,,,True
209506,Francesco Forti,,,,,413.0,116.0,,,,,,,,,,,,,,,,,,True
207200,Cyril Vandermeersch,,,,,415.0,115.0,,,,,,,,,,,,,,,,,,True
207992,Cannon Kingsley,,,,,421.0,112.0,,,,,,,,,,,,,,,,,,True
211504,Jack Loge,,,,,422.0,112.0,,,,,,,,,,,,,,,,,,True
209167,Olle Wallin,,,,,425.0,111.0,,,,,,,,,,,,,,,,,,True
209518,Tibo Colson,,,,,427.0,110.0,,,,,,,,,,,,,,,,,,True
209274,Carl Emil Overbeck,,,,,428.0,110.0,,,,,,,,,,,,,,,,,,True
200321,San Hui Sin,,,,,429.0,110.0,,,,,,,,,,,,,,,,,,True
210214,Joao Eduardo Schiessl,,,,,430.0,109.0,,,,,,,,,,,,,,,,,,True
200366,Olukayode Alafia Damina Ayeni,,,,,432.0,108.0,,,,,,,,,,,,,,,,,,True
209984,Milos Karol,,,,,433.0,108.0,,,,,,,,,,,,,,,,,,True
211621,Arthur Nagel,,,,,434.0,108.0,,,,,,,,,,,,,,,,,,True
210221,Jay Dylan Hara Friend,,,,,436.0,107.0,,,,,,,,,,,,,,,,,,True
212222,Raphael Perot,,,,,438.0,107.0,,,,,,,,,,,,,,,,,,True
211636,Lucio Ratti,,,,,439.0,107.0,,,,,,,,,,,,,,,,,,True
212090,Sergio Callejon Hernando,,,,,441.0,105.0,,,,,,,,,,,,,,,,,,True
208104,Andrea Picchione,,,,,443.0,104.0,,,,,,,,,,,,,,,,,,True
208431,Semen Pankin,,,,,446.0,103.0,,,,,,,,,,,,,,,,,,True
122352,Christoph Negritu,,,,,447.0,103.0,,,,,,,,,,,,,,,,,,True
208240,Alexandr Binda,,,,,449.0,103.0,,,,,,,,,,,,,,,,,,True
125847,Jelle Sels,,,,,450.0,103.0,,,,,,,,,,,,,,,,,,True
210285,Sebastian Sorger,,,,,451.0,102.0,,,,,,,,,,,,,,,,,,True
202271,Lorenzo Joaquin Rodriguez,,,,,452.0,102.0,,,,,,,,,,,,,,,,,,True
202420,Aidan Mchugh,,,,,453.0,101.0,,,,,,,,,,,,,,,,,,True
211639,Alejo Sanchez Quilez,,,,,455.0,101.0,,,,,,,,,,,,,,,,,,True
133872,Enrico Dalla Valle,,,,,456.0,101.0,,,,,,,,,,,,,,,,,,True
206553,Luca Potenza,,,,,458.0,101.0,,,,,,,,,,,,,,,,,,True
202326,Ivan Marrero Curbelo,,,,,460.0,100.0,,,,,,,,,,,,,,,,,,True
210000,Karan Singh,,,,,463.0,100.0,,,,,,,,,,,,,,,,,,True
212785,Carlos Maria Zarate,,,,,464.0,100.0,,,,,,,,,,,,,,,,,,True
213635,Jacopo Vasami,,,,,465.0,99.0,,,,,,,,,,,,,,,,,,True
209254,Valerio Aboian,,,,,467.0,99.0,,,,,,,,,,,,,,,,,,True
208189,Gianmarco Ferrari,,,,,468.0,98.0,,,,,,,,,,,,,,,,,,True
202113,Hikaru Shiraishi,,,,,470.0,98.0,,,,,,,,,,,,,,,,,,True
134068,Vadym Ursu,,,,,471.0,98.0,,,,,,,,,,,,,,,,,,True
210129,Samuele Pieri,,,,,472.0,98.0,,,,,,,,,,,,,,,,,,True
207704,Alex Marti Pujolras,,,,,473.0,97.0,,,,,,,,,,,,,,,,,,True
208322,Eric Vanshelboim,,,,,474.0,97.0,,,,,,,,,,,,,,,,,,True
212077,Lorenzo Carboni,,,,,477.0,96.0,,,,,,,,,,,,,,,,,,True
132052,Christian Langmo,,,,,478.0,96.0,,,,,,,,,,,,,,,,,,True
206467,Federico Arnaboldi,,,,,481.0,95.0,,,,,,,,,,,,,,,,,,True
207998,Takuya Kumasaka,,,,,484.0,93.0,,,,,,,,,,,,,,,,,,True
210054,Matthew William Donald,,,,,485.0,93.0,,,,,,,,,,,,,,,,,,True
209338,Daniel Siniakov,,,,,486.0,92.0,,,,,,,,,,,,,,,,,,True
211628,Koki Matsuda,,,,,487.0,91.0,,,,,,,,,,,,,,,,,,True
148679,Henry Bernet,,,,,489.0,90.0,,,,,,,,,,,,,,,,,,True
209399,Dan Martin,,,,,490.0,89.0,,,,,,,,,,,,,,,,,,True
208457,Radu Mihai Papoe,,,,,491.0,89.0,,,,,,,,,,,,,,,,,,True
208158,Dominik Palan,,,,,492.0,89.0,,,,,,,,,,,,,,,,,,True
124040,Colin Sinclair,,,,,493.0,88.0,,,,,,,,,,,,,,,,,,True
207708,Dusan Obradovic,,,,,494.0,88.0,,,,,,,,,,,,,,,,,,True
134329,Blake Ellis,,,,,495.0,87.0,,,,,,,,,,,,,,,,,,True
209362,Aristotelis Thanos,,,,,496.0,87.0,,,,,,,,,,,,,,,,,,True
212305,Juan Cruz Martin Manzano,,,,,498.0,87.0,,,,,,,,,,,,,,,,,,True
209403,Faris Zakaryia,,,,,499.0,87.0,,,,,,,,,,,,,,,,,,True
208063,Paulo Andre Saraiva Dos Santos,,,,,500.0,87.0,,,,,,,,,,,,,,,,,,True
133997,Sergi Perez Contri,,,,,501.0,87.0,,,,,,,,,,,,,,,,,,True
209264,Pietro Fellin,,,,,502.0,86.0,,,,,,,,,,,,,,,,,,True
211530,Tomasz Berkieta,,,,,504.0,85.0,,,,,,,,,,,,,,,,,,True
210668,Massimo Giunta,,,,,506.0,85.0,,,,,,,,,,,,,,,,,,True
210721,Iliyan Radulov,,,,,509.0,83.0,,,,,,,,,,,,,,,,,,True
106172,Maxime Chazal,,,,,510.0,83.0,,,,,,,,,,,,,,,,,,True
210393,Maxim Zhukov,,,,,511.0,83.0,,,,,,,,,,,,,,,,,,True
210425,Svyatoslav Gulin,,,,,512.0,83.0,,,,,,,,,,,,,,,,,,True
207490,Carlos Lopez Montagud,,,,,513.0,83.0,,,,,,,,,,,,,,,,,,True
209394,Anton Shepp,,,,,515.0,82.0,,,,,,,,,,,,,,,,,,True
206662,Georgii Kravchenko,,,,,516.0,82.0,,,,,,,,,,,,,,,,,,True
106168,Sidharth Rawat,,,,,520.0,81.0,,,,,,,,,,,,,,,,,,True
210470,Tai Sach,,,,,521.0,81.0,,,,,,,,,,,,,,,,,,True
209142,Sebastian Gima,,,,,522.0,81.0,,,,,,,,,,,,,,,,,,True
211558,Karim Bennani,,,,,523.0,79.0,,,,,,,,,,,,,,,,,,True
210730,Reda Bennani,,,,,524.0,79.0,,,,,,,,,,,,,,,,,,True
208153,Giuseppe La Vela,,,,,526.0,79.0,,,,,,,,,,,,,,,,,,True
209971,Michael Bassem Sobhy,,,,,527.0,79.0,,,,,,,,,,,,,,,,,,True
207764,Ryan Nijboer,,,,,528.0,79.0,,,,,,,,,,,,,,,,,,True
209163,Emile Hudd,,,,,529.0,79.0,,,,,,,,,,,,,,,,,,True
207605,Jakub Paul,,,,,531.0,78.0,,,,,,,,,,,,,,,,,,True
210034,Shunsuke Mitsui,,,,,532.0,78.0,,,,,,,,,,,,,,,,,,True
207878,James Story,,,,,533.0,78.0,,,,,,,,,,,,,,,,,,True
207601,Manuel Mazza,,,,,534.0,78.0,,,,,,,,,,,,,,,,,,True
210731,Filip Jeff Planinsek,,,,,535.0,78.0,,,,,,,,,,,,,,,,,,True
211727,Pavle Marinkov,,,,,536.0,78.0,,,,,,,,,,,,,,,,,,True
206325,Pedro Vives Marcos,,,,,537.0,77.0,,,,,,,,,,,,,,,,,,True
208297,Maxwell Mckennon,,,,,538.0,77.0,,,,,,,,,,,,,,,,,,True
210121,Kokoro Isomura,,,,,541.0,76.0,,,,,,,,,,,,,,,,,,True
144970,Constantin Bittoun Kouzmine,,,,,542.0,76.0,,,,,,,,,,,,,,,,,,True
211324,Mitsuki Wei Kang Leong,,,,,544.0,75.0,,,,,,,,,,,,,,,,,,True
208126,John Echeverria,,,,,545.0,74.0,,,,,,,,,,,,,,,,,,True
211898,Mae Malige,,,,,546.0,74.0,,,,,,,,,,,,,,,,,,True
213001,Mika Petkovic,,,,,547.0,74.0,,,,,,,,,,,,,,,,,,True
200070,Kirill Kivattsev,,,,,548.0,74.0,,,,,,,,,,,,,,,,,,True
209140,Millen Hurrion,,,,,550.0,73.0,,,,,,,,,,,,,,,,,,True
212174,Enzo Aguiard,,,,,551.0,72.0,,,,,,,,,,,,,,,,,,True
210142,Olaf Pieczkowski,,,,,552.0,72.0,,,,,,,,,,,,,,,,,,True
210714,Robin Catry,,,,,553.0,72.0,,,,,,,,,,,,,,,,,,True
208328,Max Wiskandt,,,,,554.0,72.0,,,,,,,,,,,,,,,,,,True
200014,Digvijaypratap Singh,,,,,555.0,72.0,,,,,,,,,,,,,,,,,,True
210556,Jakub Nicod,,,,,557.0,71.0,,,,,,,,,,,,,,,,,,True
202209,Imanol Lopez Morillo,,,,,559.0,71.0,,,,,,,,,,,,,,,,,,True
202356,Tsung Hao Huang,,,,,561.0,70.0,,,,,,,,,,,,,,,,,,True
210650,Stefan Adrian Andreescu,,,,,562.0,70.0,,,,,,,,,,,,,,,,,,True
209251,Stefan Popovic,,,,,563.0,70.0,,,,,,,,,,,,,,,,,,True
210223,Leonardo Rossi,,,,,564.0,70.0,,,,,,,,,,,,,,,,,,True
200086,Toufik Sahtali,,,,,565.0,70.0,,,,,,,,,,,,,,,,,,True
209185,Alessandro Pecci,,,,,566.0,69.0,,,,,,,,,,,,,,,,,,True
209302,Peter Fajta,,,,,567.0,69.0,,,,,,,,,,,,,,,,,,True
212258,Adhithya Ganesan,,,,,568.0,69.0,,,,,,,,,,,,,,,,,,True
209191,Oleksandr Ovcharenko,,,,,570.0,68.0,,,,,,,,,,,,,,,,,,True
209510,Nino Ehrenschneider,,,,,571.0,68.0,,,,,,,,,,,,,,,,,,True
212531,Nicolas Arseneault,,,,,573.0,67.0,,,,,,,,,,,,,,,,,,True
105944,Juan Sebastian Gomez,,,,,575.0,67.0,,,,,,,,,,,,,,,,,,True
208044,Etienne Donnet,,,,,576.0,67.0,,,,,,,,,,,,,,,,,,True
212051,Joaquin Aguilar Cardozo,,,,,577.0,67.0,,,,,,,,,,,,,,,,,,True
210726,Cesar Bouchelaghem,,,,,583.0,65.0,,,,,,,,,,,,,,,,,,True
208605,Mario Gonzalez Fernandez,,,,,584.0,65.0,,,,,,,,,,,,,,,,,,True
132041,Alfredo Perez,,,,,588.0,64.0,,,,,,,,,,,,,,,,,,True
207657,Tristan Mccormick,,,,,589.0,64.0,,,,,,,,,,,,,,,,,,True
210599,Ryan Dickerson,,,,,590.0,64.0,,,,,,,,,,,,,,,,,,True
212190,Karol Filar,,,,,591.0,64.0,,,,,,,,,,,,,,,,,,True
210044,Bruno Kuzuhara,,,,,592.0,64.0,,,,,,,,,,,,,,,,,,True
208586,Joshua Sheehy,,,,,593.0,63.0,,,,,,,,,,,,,,,,,,True
202150,Dan Alexandru Tomescu,,,,,594.0,63.0,,,,,,,,,,,,,,,,,,True
207907,Arda Azkara,,,,,595.0,63.0,,,,,,,,,,,,,,,,,,True
212244,Gabriel Ghetu,,,,,596.0,63.0,,,,,,,,,,,,,,,,,,True
207803,Igor Gimenez,,,,,597.0,63.0,,,,,,,,,,,,,,,,,,True
132744,Alberto Barroso Campos,,,,,598.0,63.0,,,,,,,,,,,,,,,,,,True
212598,Emilien Demanet,,,,,601.0,62.0,,,,,,,,,,,,,,,,,,True
132831,Giovanni Oradini,,,,,602.0,62.0,,,,,,,,,,,,,,,,,,True
208343,Andrew Paulson,,,,,603.0,61.0,,,,,,,,,,,,,,,,,,True
210295,Cooper Williams,,,,,604.0,61.0,,,,,,,,,,,,,,,,,,True
207987,Ryuki Matsuda,,,,,606.0,61.0,,,,,,,,,,,,,,,,,,True
209867,Daniil Ostapenkov,,,,,607.0,61.0,,,,,,,,,,,,,,,,,,True
207664,Luca Staeheli,,,,,608.0,61.0,,,,,,,,,,,,,,,,,,True
210218,Bruno Fernandez,,,,,609.0,61.0,,,,,,,,,,,,,,,,,,True
207202,Karl Poling,,,,,611.0,60.0,,,,,,,,,,,,,,,,,,True
208092,Filippo Moroni,,,,,613.0,59.0,,,,,,,,,,,,,,,,,,True
200665,Yuta Kawahashi,,,,,614.0,59.0,,,,,,,,,,,,,,,,,,True
209866,Karlis Ozolins,,,,,616.0,58.0,,,,,,,,,,,,,,,,,,True
207407,Peter Makk,,,,,617.0,58.0,,,,,,,,,,,,,,,,,,True
200661,Yuki Mochizuki,,,,,618.0,58.0,,,,,,,,,,,,,,,,,,True
208099,Santiago De La Fuente,,,,,619.0,58.0,,,,,,,,,,,,,,,,,,True
211901,Yanis Ghazouani Durand,,,,,620.0,58.0,,,,,,,,,,,,,,,,,,True
212830,Samuel Alejandro Linde Palacios,,,,,621.0,58.0,,,,,,,,,,,,,,,,,,True
210250,Erik Arutiunian,,,,,623.0,57.0,,,,,,,,,,,,,,,,,,True
207884,Arthur Bouquier,,,,,624.0,57.0,,,,,,,,,,,,,,,,,,True
212784,Maximo Zeitune,,,,,625.0,57.0,,,,,,,,,,,,,,,,,,True
200713,Federico Iannaccone,,,,,626.0,57.0,,,,,,,,,,,,,,,,,,True
209940,Romain Faucon,,,,,627.0,57.0,,,,,,,,,,,,,,,,,,True
210672,Leo Vithoontien,,,,,628.0,57.0,,,,,,,,,,,,,,,,,,True
210498,Gerard Campana Lee,,,,,629.0,57.0,,,,,,,,,,,,,,,,,,True
200255,Alexander Weis,,,,,631.0,56.0,,,,,,,,,,,,,,,,,,True
209517,Igor Kudriashov,,,,,632.0,56.0,,,,,,,,,,,,,,,,,,True
202154,Uisung Park,,,,,633.0,56.0,,,,,,,,,,,,,,,,,,True
210447,Leo Raquillet,,,,,634.0,56.0,,,,,,,,,,,,,,,,,,True
212788,Amir Omarkhanov,,,,,635.0,56.0,,,,,,,,,,,,,,,,,,True
210505,Marcel Zielinski,,,,,636.0,56.0,,,,,,,,,,,,,,,,,,True
210744,Kaylan Bigun,,,,,637.0,56.0,,,,,,,,,,,,,,,,,,True
208168,Nicolas Tepmahc,,,,,638.0,56.0,,,,,,,,,,,,,,,,,,True
135753,Patrick Maloney,,,,,640.0,55.0,,,,,,,,,,,,,,,,,,True
211594,Luca Wiedenmann,,,,,641.0,55.0,,,,,,,,,,,,,,,,,,True
209043,Yuta Kikuchi,,,,,642.0,55.0,,,,,,,,,,,,,,,,,,True
206912,Stuart Parker,,,,,643.0,54.0,,,,,,,,,,,,,,,,,,True
210513,Tuncay Duran,,,,,645.0,54.0,,,,,,,,,,,,,,,,,,True
210553,Jacob Bradshaw,,,,,646.0,54.0,,,,,,,,,,,,,,,,,,True
200445,Maxence Beauge,,,,,647.0,54.0,,,,,,,,,,,,,,,,,,True
212157,Timofei Derepasko,,,,,648.0,54.0,,,,,,,,,,,,,,,,,,True
211543,Lorenzo Sciahbasi,,,,,650.0,53.0,,,,,,,,,,,,,,,,,,True
210242,Ryan Colby,,,,,651.0,53.0,,,,,,,,,,,,,,,,,,True
210063,Matyas Cerny,,,,,653.0,53.0,,,,,,,,,,,,,,,,,,True
133794,S D Prajwal Dev,,,,,654.0,53.0,,,,,,,,,,,,,,,,,,True
144907,Adrian Oetzbach,,,,,656.0,53.0,,,,,,,,,,,,,,,,,,True
122113,Yurii Dzhavakian,,,,,657.0,53.0,,,,,,,,,,,,,,,,,,True
210320,Kyle Kang,,,,,658.0,52.0,,,,,,,,,,,,,,,,,,True
210077,Aidan Kim,,,,,659.0,52.0,,,,,,,,,,,,,,,,,,True
213003,Pierluigi Basile,,,,,660.0,52.0,,,,,,,,,,,,,,,,,,True
207994,Chase Ferguson,,,,,663.0,52.0,,,,,,,,,,,,,,,,,,True
207893,Daniel De Jonge,,,,,664.0,52.0,,,,,,,,,,,,,,,,,,True
212029,Dimitris Sakellaridis,,,,,666.0,52.0,,,,,,,,,,,,,,,,,,True
213713,Melios Efstathiou,,,,,671.0,51.0,,,,,,,,,,,,,,,,,,True
210507,Nicolas Villalon,,,,,672.0,51.0,,,,,,,,,,,,,,,,,,True
212405,Gavin Young,,,,,674.0,50.0,,,,,,,,,,,,,,,,,,True
126183,Mariano Kestelboim,,,,,675.0,50.0,,,,,,,,,,,,,,,,,,True
212978,Izan Almazan Valiente,,,,,676.0,50.0,,,,,,,,,,,,,,,,,,True
212886,Radu David Turcanu,,,,,677.0,50.0,,,,,,,,,,,,,,,,,,True
211618,Jan Kumstat,,,,,679.0,49.0,,,,,,,,,,,,,,,,,,True
207239,Nikolay Vylegzhanin,,,,,681.0,49.0,,,,,,,,,,,,,,,,,,True
211596,Yaroslav Demin,,,,,682.0,49.0,,,,,,,,,,,,,,,,,,True
208411,Daniel Antonio Nunez,,,,,683.0,49.0,,,,,,,,,,,,,,,,,,True
211756,Michal Krajci,,,,,684.0,49.0,,,,,,,,,,,,,,,,,,True
212831,Samuel Heredia,,,,,685.0,49.0,,,,,,,,,,,,,,,,,,True
211550,Yusuke Kusuhara,,,,,688.0,48.0,,,,,,,,,,,,,,,,,,True
208876,Egor Agafonov,,,,,689.0,48.0,,,,,,,,,,,,,,,,,,True
212071,Kasra Rahmani,,,,,690.0,48.0,,,,,,,,,,,,,,,,,,True
208861,Keisuke Saitoh,,,,,691.0,48.0,,,,,,,,,,,,,,,,,,True
208909,Johan Alexander Rodriguez Rodriguez,,,,,692.0,47.0,,,,,,,,,,,,,,,,,,True
111788,Naoki Nakagawa,,,,,693.0,47.0,,,,,,,,,,,,,,,,,,True
202366,Tadeas Paroulek,,,,,694.0,47.0,,,,,,,,,,,,,,,,,,True
126335,Sora Fukuda,,,,,695.0,47.0,,,,,,,,,,,,,,,,,,True
209914,Andreja Petrovic,,,,,696.0,47.0,,,,,,,,,,,,,,,,,,True
200595,Lorenzo Bocchi,,,,,697.0,47.0,,,,,,,,,,,,,,,,,,True
207557,Maik Steiner,,,,,698.0,47.0,,,,,,,,,,,,,,,,,,True
209385,Samuel Vincent Ruggeri,,,,,700.0,46.0,,,,,,,,,,,,,,,,,,True
133820,Ignacio Monzon,,,,,702.0,46.0,,,,,,,,,,,,,,,,,,True
211566,Patrick Schoen,,,,,704.0,45.0,,,,,,,,,,,,,,,,,,True
200176,Manish Sureshkumar,,,,,705.0,45.0,,,,,,,,,,,,,,,,,,True
210687,Pawit Sornlaksup,,,,,706.0,45.0,,,,,,,,,,,,,,,,,,True
134389,Tim Handel,,,,,707.0,45.0,,,,,,,,,,,,,,,,,,True
211409,Guillaume Dalmasso,,,,,708.0,45.0,,,,,,,,,,,,,,,,,,True
110618,Elmar Ejupovic,,,,,710.0,44.0,,,,,,,,,,,,,,,,,,True
212104,Pablo Martinez Gomez,,,,,711.0,44.0,,,,,,,,,,,,,,,,,,True
212749,Andres Santamarta Roig,,,,,712.0,44.0,,,,,,,,,,,,,,,,,,True
208078,Tomas Farjat,,,,,714.0,44.0,,,,,,,,,,,,,,,,,,True
206923,Shinji Hazawa,,,,,715.0,44.0,,,,,,,,,,,,,,,,,,True
212603,Benjamin Torrealba,,,,,716.0,44.0,,,,,,,,,,,,,,,,,,True
208267,Oscar Weightman,,,,,718.0,43.0,,,,,,,,,,,,,,,,,,True
126209,Peter Bertran,,,,,719.0,43.0,,,,,,,,,,,,,,,,,,True
212969,Matisse Bobichon,,,,,720.0,43.0,,,,,,,,,,,,,,,,,,True
210398,Gabriele Pennaforti,,,,,721.0,43.0,,,,,,,,,,,,,,,,,,True
208265,Pierre Delage,,,,,722.0,43.0,,,,,,,,,,,,,,,,,,True
126723,Denys Klok,,,,,723.0,43.0,,,,,,,,,,,,,,,,,,True
211649,Fernando Cavallo,,,,,724.0,43.0,,,,,,,,,,,,,,,,,,True
210604,Loann Massard,,,,,725.0,43.0,,,,,,,,,,,,,,,,,,True
210537,Josip Simundza,,,,,726.0,43.0,,,,,,,,,,,,,,,,,,True
149145,Matteo Covato,,,,,727.0,43.0,,,,,,,,,,,,,,,,,,True
209360,Samir Hamza Reguig,,,,,728.0,43.0,,,,,,,,,,,,,,,,,,True
210577,Alejandro Turriziani Alvarez,,,,,729.0,42.0,,,,,,,,,,,,,,,,,,True
132017,Mwendwa Mbithi,,,,,730.0,42.0,,,,,,,,,,,,,,,,,,True
208386,Matt Kuhar,,,,,731.0,42.0,,,,,,,,,,,,,,,,,,True
202230,Maxence Bertimon,,,,,732.0,42.0,,,,,,,,,,,,,,,,,,True
210252,Seydina Andre,,,,,733.0,42.0,,,,,,,,,,,,,,,,,,True
211355,Oskar Brostrom Poulsen,,,,,734.0,41.0,,,,,,,,,,,,,,,,,,True
210236,Attila Boros,,,,,735.0,41.0,,,,,,,,,,,,,,,,,,True
105700,Jose Pereira,,,,,737.0,41.0,,,,,,,,,,,,,,,,,,True
125806,Dominik Kellovsky,,,,,738.0,41.0,,,,,,,,,,,,,,,,,,True
207535,Marlon Vankan,,,,,739.0,41.0,,,,,,,,,,,,,,,,,,True
213062,Nikolai Barsukov,,,,,740.0,41.0,,,,,,,,,,,,,,,,,,True
212160,Ryan Fishback,,,,,741.0,41.0,,,,,,,,,,,,,,,,,,True
202305,Franco Ribero,,,,,742.0,41.0,,,,,,,,,,,,,,,,,,True
202148,Michiel De Krom,,,,,743.0,41.0,,,,,,,,,,,,,,,,,,True
206916,Joshua Charlton,,,,,744.0,41.0,,,,,,,,,,,,,,,,,,True
208285,Fausto Tabacco,,,,,745.0,41.0,,,,,,,,,,,,,,,,,,True
134794,Alexis Gautier,,,,,749.0,40.0,,,,,,,,,,,,,,,,,,True
209182,Toby Alex Kodat,,,,,750.0,40.0,,,,,,,,,,,,,,,,,,True
210629,Alejandro Juan Mano,,,,,751.0,40.0,,,,,,,,,,,,,,,,,,True
212286,Rodrigo Alujas,,,,,752.0,40.0,,,,,,,,,,,,,,,,,,True
210048,Pierre Yves Bailly,,,,,754.0,39.0,,,,,,,,,,,,,,,,,,True
123993,Lucas Gerch,,,,,755.0,39.0,,,,,,,,,,,,,,,,,,True
202277,Damien Wenger,,,,,756.0,39.0,,,,,,,,,,,,,,,,,,True
213760,Pavel Lagutin,,,,,757.0,39.0,,,,,,,,,,,,,,,,,,True
200538,Matyas Fuele,,,,,758.0,39.0,,,,,,,,,,,,,,,,,,True
105814,Maximilian Neuchrist,,,,,759.0,39.0,,,,,,,,,,,,,,,,,,True
202346,Ben Jones,,,,,760.0,39.0,,,,,,,,,,,,,,,,,,True
212025,Yannik Kelm,,,,,761.0,39.0,,,,,,,,,,,,,,,,,,True
200632,Evan Zhu,,,,,763.0,39.0,,,,,,,,,,,,,,,,,,True
212248,Fryderyk Lechno Wasiutynski,,,,,765.0,38.0,,,,,,,,,,,,,,,,,,True
138485,Conner Huertas Del Pino,,,,,766.0,38.0,,,,,,,,,,,,,,,,,,True
200030,Facundo Juarez,,,,,769.0,38.0,,,,,,,,,,,,,,,,,,True
207736,Arklon Huertas Del Pino,,,,,770.0,38.0,,,,,,,,,,,,,,,,,,True
209904,Alejandro Manzanera Pertusa,,,,,772.0,38.0,,,,,,,,,,,,,,,,,,True
209198,Gian Luca Tanner,,,,,773.0,38.0,,,,,,,,,,,,,,,,,,True
200216,Giovanni Fonio,,,,,774.0,38.0,,,,,,,,,,,,,,,,,,True
212306,Ignacio Parisca,,,,,775.0,38.0,,,,,,,,,,,,,,,,,,True
211707,Amit Vales,,,,,776.0,38.0,,,,,,,,,,,,,,,,,,True
149117,Lorenzo Angelini,,,,,777.0,38.0,,,,,,,,,,,,,,,,,,True
208277,Taiyo Yamanaka,,,,,778.0,38.0,,,,,,,,,,,,,,,,,,True
208532,Thiago Cigarran,,,,,779.0,38.0,,,,,,,,,,,,,,,,,,True
210145,John Sperle,,,,,780.0,38.0,,,,,,,,,,,,,,,,,,True
202089,Aleksandr Braynin,,,,,781.0,38.0,,,,,,,,,,,,,,,,,,True
121264,Oscar Jose Gutierrez,,,,,782.0,38.0,,,,,,,,,,,,,,,,,,True
212756,Nikita Bilozertsev,,,,,786.0,37.0,,,,,,,,,,,,,,,,,,True
132999,Kai Wehnelt,,,,,787.0,37.0,,,,,,,,,,,,,,,,,,True
208925,John Hallquist Lithen,,,,,788.0,37.0,,,,,,,,,,,,,,,,,,True
207660,Nicholas David Ionel,,,,,789.0,37.0,,,,,,,,,,,,,,,,,,True
211758,Matthew Summers,,,,,790.0,37.0,,,,,,,,,,,,,,,,,,True
210294,Jack Anthrop,,,,,791.0,36.0,,,,,,,,,,,,,,,,,,True
211524,Abel Forger,,,,,792.0,36.0,,,,,,,,,,,,,,,,,,True
208094,Jorge Plans,,,,,793.0,36.0,,,,,,,,,,,,,,,,,,True
207383,Taisei Ichikawa,,,,,794.0,36.0,,,,,,,,,,,,,,,,,,True
209337,Luca Castagnola,,,,,795.0,36.0,,,,,,,,,,,,,,,,,,True
208818,Finn Murgett,,,,,796.0,36.0,,,,,,,,,,,,,,,,,,True
212455,Lucas Andrade Da Silva,,,,,798.0,35.0,,,,,,,,,,,,,,,,,,True
212115,Hoyoung Roh,,,,,799.0,35.0,,,,,,,,,,,,,,,,,,True
210328,Matt Ponchet,,,,,802.0,35.0,,,,,,,,,,,,,,,,,,True
206921,Scott Jones,,,,,803.0,35.0,,,,,,,,,,,,,,,,,,True
209959,Woobin Shin,,,,,805.0,35.0,,,,,,,,,,,,,,,,,,True
202327,Marko Miladinovic,,,,,806.0,35.0,,,,,,,,,,,,,,,,,,True
202258,Rafael Izquierdo Luque,,,,,808.0,35.0,,,,,,,,,,,,,,,,,,True
105868,Wilson Leite,,,,,809.0,35.0,,,,,,,,,,,,,,,,,,True
207776,William Grant,,,,,810.0,35.0,,,,,,,,,,,,,,,,,,True
209937,Giorgio Tabacco,,,,,815.0,34.0,,,,,,,,,,,,,,,,,,True
209985,Amaury Raynel,,,,,816.0,34.0,,,,,,,,,,,,,,,,,,True
210052,Nicolas Zanellato,,,,,819.0,34.0,,,,,,,,,,,,,,,,,,True
212285,Albert Pedrico Kravtsov,,,,,820.0,33.0,,,,,,,,,,,,,,,,,,True
122495,Shintaro Imai,,,,,821.0,33.0,,,,,,,,,,,,,,,,,,True
210203,Pedro Rodenas,,,,,822.0,33.0,,,,,,,,,,,,,,,,,,True
207456,Dong Ju Kim,,,,,823.0,33.0,,,,,,,,,,,,,,,,,,True
202418,Stijn Slump,,,,,824.0,33.0,,,,,,,,,,,,,,,,,,True
208372,Natan Rodrigues,,,,,826.0,33.0,,,,,,,,,,,,,,,,,,True
208152,Gabriele Bosio,,,,,828.0,33.0,,,,,,,,,,,,,,,,,,True
213036,Luis Guto Miguel,,,,,829.0,32.0,,,,,,,,,,,,,,,,,,True
213010,Marc Van Der Merwe,,,,,831.0,32.0,,,,,,,,,,,,,,,,,,True
126581,Juan Sebastian Osorio,,,,,832.0,32.0,,,,,,,,,,,,,,,,,,True
207592,Martin Van Der Meerschen,,,,,833.0,32.0,,,,,,,,,,,,,,,,,,True
212221,Tianhui Zhang,,,,,835.0,32.0,,,,,,,,,,,,,,,,,,True
202369,Daniel Salazar Martinez,,,,,836.0,32.0,,,,,,,,,,,,,,,,,,True
207788,Thanapet Chanta,,,,,837.0,32.0,,,,,,,,,,,,,,,,,,True
209253,Andrea Fiorentini,,,,,839.0,32.0,,,,,,,,,,,,,,,,,,True
212086,Grigory Shebekin,,,,,840.0,31.0,,,,,,,,,,,,,,,,,,True
132310,Tiago Cacao,,,,,841.0,31.0,,,,,,,,,,,,,,,,,,True
200228,Felix Corwin,,,,,842.0,31.0,,,,,,,,,,,,,,,,,,True
210143,Maximilian Homberg,,,,,843.0,31.0,,,,,,,,,,,,,,,,,,True
208166,Xiaofei Wang,,,,,847.0,31.0,,,,,,,,,,,,,,,,,,True
209128,Diego Augusto Barreto Sanchez,,,,,848.0,31.0,,,,,,,,,,,,,,,,,,True
210652,Dragos Nicolae Cazacu,,,,,849.0,31.0,,,,,,,,,,,,,,,,,,True
207404,Miles Jones,,,,,851.0,30.0,,,,,,,,,,,,,,,,,,True
210623,Jakub Filip,,,,,852.0,30.0,,,,,,,,,,,,,,,,,,True
212171,Nicolas Jadoun,,,,,854.0,30.0,,,,,,,,,,,,,,,,,,True
211651,Alexander Vasilev,,,,,856.0,29.0,,,,,,,,,,,,,,,,,,True
210254,Adrien Gobat,,,,,857.0,29.0,,,,,,,,,,,,,,,,,,True
209882,Jeffrey Von Der Schulenburg,,,,,858.0,29.0,,,,,,,,,,,,,,,,,,True
209330,Bautista Vilicich,,,,,859.0,29.0,,,,,,,,,,,,,,,,,,True
209247,Axel Garcian,,,,,860.0,29.0,,,,,,,,,,,,,,,,,,True
212288,Vincent Marysko,,,,,861.0,29.0,,,,,,,,,,,,,,,,,,True
208051,Axel Nefve,,,,,862.0,29.0,,,,,,,,,,,,,,,,,,True
211391,Iannis Miletich,,,,,863.0,29.0,,,,,,,,,,,,,,,,,,True
125833,Mert Naci Turker,,,,,864.0,29.0,,,,,,,,,,,,,,,,,,True
212070,Ali Yazdani,,,,,865.0,29.0,,,,,,,,,,,,,,,,,,True
200330,Tomas Curras Abasolo,,,,,866.0,29.0,,,,,,,,,,,,,,,,,,True
211394,Patrick Brady,,,,,868.0,28.0,,,,,,,,,,,,,,,,,,True
144915,Mikalai Haliak,,,,,870.0,28.0,,,,,,,,,,,,,,,,,,True
210099,Dinko Dinev,,,,,871.0,28.0,,,,,,,,,,,,,,,,,,True
211897,Naoya Honda,,,,,872.0,28.0,,,,,,,,,,,,,,,,,,True
208533,Joao Victor Couto Loureiro,,,,,873.0,28.0,,,,,,,,,,,,,,,,,,True
206749,Niccolo Catini,,,,,874.0,28.0,,,,,,,,,,,,,,,,,,True
208264,Carles Hernandez,,,,,875.0,28.0,,,,,,,,,,,,,,,,,,True
212725,Alaa Trifi,,,,,876.0,28.0,,,,,,,,,,,,,,,,,,True
211479,Gustavo Ribeiro De Almeida,,,,,878.0,27.0,,,,,,,,,,,,,,,,,,True
213996,Anton Arzhankin,,,,,880.0,27.0,,,,,,,,,,,,,,,,,,True
213007,Tristan Stringer,,,,,881.0,27.0,,,,,,,,,,,,,,,,,,True
202125,Benjamin Pietri,,,,,883.0,27.0,,,,,,,,,,,,,,,,,,True
126971,Marcus Walters,,,,,884.0,27.0,,,,,,,,,,,,,,,,,,True
208147,Alexandre Aubriot,,,,,885.0,27.0,,,,,,,,,,,,,,,,,,True
111568,Michael Zhu,,,,,886.0,27.0,,,,,,,,,,,,,,,,,,True
148674,Emon Van Loben Sels,,,,,888.0,26.0,,,,,,,,,,,,,,,,,,True
213825,Keaton Hance,,,,,889.0,26.0,,,,,,,,,,,,,,,,,,True
209124,Blu Baker,,,,,890.0,26.0,,,,,,,,,,,,,,,,,,True
212832,Salvador Price,,,,,891.0,26.0,,,,,,,,,,,,,,,,,,True
209099,Kristijan Juhas,,,,,892.0,26.0,,,,,,,,,,,,,,,,,,True
212461,Daniele Rapagnetta,,,,,893.0,26.0,,,,,,,,,,,,,,,,,,True
210424,Michel Hopp,,,,,894.0,26.0,,,,,,,,,,,,,,,,,,True
200441,Grigoriy Lomakin,,,,,895.0,26.0,,,,,,,,,,,,,,,,,,True
211708,Manuel Plunger,,,,,896.0,25.0,,,,,,,,,,,,,,,,,,True
149842,Nicolas Ian Kotzen,,,,,897.0,25.0,,,,,,,,,,,,,,,,,,True
212235,Noah Zamora,,,,,902.0,25.0,,,,,,,,,,,,,,,,,,True
213838,Ronit Karki,,,,,903.0,25.0,,,,,,,,,,,,,,,,,,True
206556,Lautaro Agustin Falabella,,,,,905.0,25.0,,,,,,,,,,,,,,,,,,True
210477,Artur Kukasian,,,,,906.0,25.0,,,,,,,,,,,,,,,,,,True
211658,Tomas Martinez,,,,,907.0,25.0,,,,,,,,,,,,,,,,,,True
212748,Anas Mazdrashki,,,,,908.0,25.0,,,,,,,,,,,,,,,,,,True
122294,Gabriele Maria Noce,,,,,909.0,25.0,,,,,,,,,,,,,,,,,,True
212816,Lucca Helguera Casado,,,,,910.0,25.0,,,,,,,,,,,,,,,,,,True
202334,Jesse Delaney,,,,,911.0,25.0,,,,,,,,,,,,,,,,,,True
202124,Kosuke Ogura,,,,,912.0,25.0,,,,,,,,,,,,,,,,,,True
213806,Kriish Tyagi,,,,,913.0,24.0,,,,,,,,,,,,,,,,,,True
208320,Christopher Li,,,,,916.0,24.0,,,,,,,,,,,,,,,,,,True
213059,Carles Cordoba,,,,,917.0,24.0,,,,,,,,,,,,,,,,,,True
202244,Jeremy Gschwendtner,,,,,919.0,24.0,,,,,,,,,,,,,,,,,,True
207841,Muhammad Shoaib,,,,,920.0,23.0,,,,,,,,,,,,,,,,,,True
212733,Matthew Forbes,,,,,922.0,23.0,,,,,,,,,,,,,,,,,,True
213932,Theodore Dean,,,,,923.0,23.0,,,,,,,,,,,,,,,,,,True
209166,Calvin Mueller,,,,,925.0,23.0,,,,,,,,,,,,,,,,,,True
208237,Aleksa Ciric,,,,,926.0,23.0,,,,,,,,,,,,,,,,,,True
212780,Enzo Kohlmann De Freitas,,,,,927.0,23.0,,,,,,,,,,,,,,,,,,True
208003,Bekkhan Atlangeriev,,,,,928.0,23.0,,,,,,,,,,,,,,,,,,True
144925,Nitin Kumar Sinha,,,,,929.0,23.0,,,,,,,,,,,,,,,,,,True
210483,Yaojie Zeng,,,,,930.0,23.0,,,,,,,,,,,,,,,,,,True
208160,Sam Ryan Ziegann,,,,,931.0,23.0,,,,,,,,,,,,,,,,,,True
209164,Lorenzo Rottoli,,,,,932.0,23.0,,,,,,,,,,,,,,,,,,True
209171,Thantub Suksumrarn,,,,,933.0,23.0,,,,,,,,,,,,,,,,,,True
212259,Benjamin Thomas George,,,,,934.0,23.0,,,,,,,,,,,,,,,,,,True
210531,Paul Inchauspe,,,,,935.0,22.0,,,,,,,,,,,,,,,,,,True
209905,Shunsuke Nakagawa,,,,,936.0,22.0,,,,,,,,,,,,,,,,,,True
212311,Stijn Paardekooper,,,,,937.0,22.0,,,,,,,,,,,,,,,,,,True
200671,Daisuke Sumizawa,,,,,938.0,22.0,,,,,,,,,,,,,,,,,,True
212203,Luca Preda,,,,,939.0,22.0,,,,,,,,,,,,,,,,,,True
206216,Tom Zeuch,,,,,941.0,22.0,,,,,,,,,,,,,,,,,,True
211774,Ryotaro Taguchi,,,,,942.0,22.0,,,,,,,,,,,,,,,,,,True
210429,Pietro Romeo Scomparin,,,,,944.0,22.0,,,,,,,,,,,,,,,,,,True
209956,Dev Javia,,,,,945.0,22.0,,,,,,,,,,,,,,,,,,True
208132,Noah Schachter,,,,,946.0,22.0,,,,,,,,,,,,,,,,,,True
210684,Niccolo Ciavarella,,,,,947.0,22.0,,,,,,,,,,,,,,,,,,True
212076,Zoran Ludoski,,,,,949.0,21.0,,,,,,,,,,,,,,,,,,True
202345,Arvid Nordquist,,,,,950.0,21.0,,,,,,,,,,,,,,,,,,True
210323,Luis Felipe Miguel,,,,,951.0,21.0,,,,,,,,,,,,,,,,,,True
212960,Yannick Alexandrescou,,,,,952.0,21.0,,,,,,,,,,,,,,,,,,True
209334,Micah Braswell,,,,,953.0,21.0,,,,,,,,,,,,,,,,,,True
208382,Herman Hoeyeraal,,,,,954.0,21.0,,,,,,,,,,,,,,,,,,True
208806,Stefano Dagostino,,,,,955.0,21.0,,,,,,,,,,,,,,,,,,True
109694,Pedro Araujo,,,,,956.0,21.0,,,,,,,,,,,,,,,,,,True
208229,Qian Sun,,,,,957.0,21.0,,,,,,,,,,,,,,,,,,True
211497,Rocco Piatti,,,,,958.0,21.0,,,,,,,,,,,,,,,,,,True
211646,Louis Larue,,,,,959.0,21.0,,,,,,,,,,,,,,,,,,True
212574,Egor Pleshivtsev,,,,,960.0,21.0,,,,,,,,,,,,,,,,,,True
200276,Niklas Schell,,,,,961.0,21.0,,,,,,,,,,,,,,,,,,True
208466,Evan Bynoe,,,,,962.0,21.0,,,,,,,,,,,,,,,,,,True
208401,Giannicola Misasi,,,,,963.0,21.0,,,,,,,,,,,,,,,,,,True
210132,Julio Cesar Porras,,,,,965.0,20.0,,,,,,,,,,,,,,,,,,True
210759,Gianluca Brunkow,,,,,968.0,20.0,,,,,,,,,,,,,,,,,,True
148673,Dominique Rolland,,,,,969.0,20.0,,,,,,,,,,,,,,,,,,True
134490,Justin Roberts,,,,,970.0,20.0,,,,,,,,,,,,,,,,,,True
109334,Bastian Malla,,,,,971.0,20.0,,,,,,,,,,,,,,,,,,True
212280,Giulio Perego,,,,,972.0,20.0,,,,,,,,,,,,,,,,,,True
213356,Michele Mecarelli,,,,,973.0,20.0,,,,,,,,,,,,,,,,,,True
211467,Aditya Vishal Balsekar,,,,,975.0,20.0,,,,,,,,,,,,,,,,,,True
207676,Adan Freire Da Silva,,,,,976.0,20.0,,,,,,,,,,,,,,,,,,True
202275,Fermin Tenti,,,,,977.0,20.0,,,,,,,,,,,,,,,,,,True
208250,Mihai Razvan Marinescu,,,,,978.0,20.0,,,,,,,,,,,,,,,,,,True
210456,Karim Ibrahim,,,,,979.0,20.0,,,,,,,,,,,,,,,,,,True
212022,Daniil Sarksian,,,,,980.0,20.0,,,,,,,,,,,,,,,,,,True
210028,Ozan Baris,,,,,981.0,19.0,,,,,,,,,,,,,,,,,,True
210727,Taym Al Azmeh,,,,,982.0,19.0,,,,,,,,,,,,,,,,,,True
210091,Filip Pieczonka,,,,,983.0,19.0,,,,,,,,,,,,,,,,,,True
126165,Aoran Wang,,,,,984.0,19.0,,,,,,,,,,,,,,,,,,True
126953,Chan Yeong Oh,,,,,986.0,19.0,,,,,,,,,,,,,,,,,,True
212852,Kacper Szymkowiak,,,,,987.0,19.0,,,,,,,,,,,,,,,,,,True
207682,Lorenzo Gagliardo,,,,,988.0,19.0,,,,,,,,,,,,,,,,,,True
131910,Lucas Bouquet,,,,,989.0,19.0,,,,,,,,,,,,,,,,,,True
205842,Arthur Reymond,,,,,990.0,19.0,,,,,,,,,,,,,,,,,,True
212127,Charlie Robertson,,,,,991.0,19.0,,,,,,,,,,,,,,,,,,True
212308,Markus Malaszszak,,,,,992.0,19.0,,,,,,,,,,,,,,,,,,True
126135,Jumpei Yamasaki,,,,,993.0,19.0,,,,,,,,,,,,,,,,,,True
212630,Aaron Funk,,,,,994.0,19.0,,,,,,,,,,,,,,,,,,True
210394,Nikita Ianin,,,,,995.0,19.0,,,,,,,,,,,,,,,,,,True
213143,Sydney Zick,,,,,996.0,19.0,,,,,,,,,,,,,,,,,,True
213046,Pieter De Lange,,,,,998.0,19.0,,,,,,,,,,,,,,,,,,True
210047,Lorenzo Lorusso,,,,,999.0,19.0,,,,,,,,,,,,,,,,,,True
206573,Trey Hilderbrand,,,,,1001.0,18.0,,,,,,,,,,,,,,,,,,True
211585,Alex Kuperstein,,,,,1002.0,18.0,,,,,,,,,,,,,,,,,,True
213677,Dante Pagani,,,,,1002.0,18.0,,,,,,,,,,,,,,,,,,True
127087,Dominik Recek,,,,,1004.0,18.0,,,,,,,,,,,,,,,,,,True
209416,Juan Carlos Aguilar,,,,,1004.0,18.0,,,,,,,,,,,,,,,,,,True
212202,Alvin Nicholas Tudorica,,,,,1006.0,18.0,,,,,,,,,,,,,,,,,,True
210683,Peter Buldorini,,,,,1008.0,18.0,,,,,,,,,,,,,,,,,,True
212888,Rares Teodor Pieleanu,,,,,1010.0,18.0,,,,,,,,,,,,,,,,,,True
210409,Pavlos Tsitsipas,,,,,1011.0,18.0,,,,,,,,,,,,,,,,,,True
212926,Andrew Delgado,,,,,1012.0,17.0,,,,,,,,,,,,,,,,,,True
209064,Suk Hyun Choo,,,,,1013.0,17.0,,,,,,,,,,,,,,,,,,True
210098,Victor Lilov,,,,,1015.0,17.0,,,,,,,,,,,,,,,,,,True
133014,Enzo Wallart,,,,,1016.0,17.0,,,,,,,,,,,,,,,,,,True
212059,Zach Stephens,,,,,1017.0,17.0,,,,,,,,,,,,,,,,,,True
209203,Evgeny Philippov,,,,,1018.0,17.0,,,,,,,,,,,,,,,,,,True
202077,Ewen Lumsden,,,,,1019.0,17.0,,,,,,,,,,,,,,,,,,True
212199,Tymur Bieldiugin,,,,,1020.0,17.0,,,,,,,,,,,,,,,,,,True
213969,Joao Vitor Scramin Do Lago,,,,,1021.0,17.0,,,,,,,,,,,,,,,,,,True
212639,Yuto Oki,,,,,1022.0,17.0,,,,,,,,,,,,,,,,,,True
212631,David Eichenseher,,,,,1023.0,17.0,,,,,,,,,,,,,,,,,,True
211317,Chen Dong,,,,,1024.0,17.0,,,,,,,,,,,,,,,,,,True
134276,Jacob Brumm,,,,,1025.0,17.0,,,,,,,,,,,,,,,,,,True
212616,Yuta Tomida,,,,,1026.0,17.0,,,,,,,,,,,,,,,,,,True
209233,Pietro Marino,,,,,1027.0,17.0,,,,,,,,,,,,,,,,,,True
202220,Nicolas Bruna,,,,,1028.0,17.0,,,,,,,,,,,,,,,,,,True
211664,Nicolas Oliveira,,,,,1030.0,16.0,,,,,,,,,,,,,,,,,,True
209928,Kalin Ivanovski,,,,,1031.0,16.0,,,,,,,,,,,,,,,,,,True
206746,Benjamin Winter Lopez,,,,,1034.0,16.0,,,,,,,,,,,,,,,,,,True
109946,Pedro Rodrigues,,,,,1035.0,16.0,,,,,,,,,,,,,,,,,,True
212944,Ryo Tabata,,,,,1036.0,16.0,,,,,,,,,,,,,,,,,,True
212142,Maxwell Exsted,,,,,1037.0,16.0,,,,,,,,,,,,,,,,,,True
208467,Alexander Kotzen,,,,,1038.0,16.0,,,,,,,,,,,,,,,,,,True
208424,Julian Cundom,,,,,1039.0,16.0,,,,,,,,,,,,,,,,,,True
208613,Ezequiel Monferrer,,,,,1041.0,16.0,,,,,,,,,,,,,,,,,,True
211645,Christian Djonov,,,,,1042.0,16.0,,,,,,,,,,,,,,,,,,True
208006,Rafael Tosetto,,,,,1043.0,16.0,,,,,,,,,,,,,,,,,,True
213591,Billy Suarez,,,,,1045.0,16.0,,,,,,,,,,,,,,,,,,True
212972,Andrea De Marchi,,,,,1046.0,16.0,,,,,,,,,,,,,,,,,,True
212246,Volodymyr Iakubenko,,,,,1047.0,16.0,,,,,,,,,,,,,,,,,,True
212760,Joaquim Almeida,,,,,1048.0,15.0,,,,,,,,,,,,,,,,,,True
126536,David Pichler,,,,,1049.0,15.0,,,,,,,,,,,,,,,,,,True
126216,Alexander Klintcharov,,,,,1052.0,15.0,,,,,,,,,,,,,,,,,,True
208855,Christopher Papa,,,,,1053.0,15.0,,,,,,,,,,,,,,,,,,True
200050,Finn Bass,,,,,1054.0,15.0,,,,,,,,,,,,,,,,,,True
208130,Geun Jun Kim,,,,,1055.0,15.0,,,,,,,,,,,,,,,,,,True
208518,Hazem Naw,,,,,1056.0,15.0,,,,,,,,,,,,,,,,,,True
210554,Marko Maksimovic,,,,,1057.0,15.0,,,,,,,,,,,,,,,,,,True
210182,Mateo Del Pino,,,,,1058.0,15.0,,,,,,,,,,,,,,,,,,True
211700,Ruslan Tiukaev,,,,,1059.0,15.0,,,,,,,,,,,,,,,,,,True
208844,Keshav Chopra,,,,,1060.0,15.0,,,,,,,,,,,,,,,,,,True
207331,Vladislav Melnic,,,,,1061.0,15.0,,,,,,,,,,,,,,,,,,True
209921,Ali Habib,,,,,1062.0,15.0,,,,,,,,,,,,,,,,,,True
212030,Kerem Yilmaz,,,,,1063.0,15.0,,,,,,,,,,,,,,,,,,True
212552,Nicolas Ifi,,,,,1064.0,15.0,,,,,,,,,,,,,,,,,,True
144731,Kody Pearson,,,,,1065.0,14.0,,,,,,,,,,,,,,,,,,True
211484,Jangjun Kim,,,,,1066.0,14.0,,,,,,,,,,,,,,,,,,True
207649,Savriyan Danilov,,,,,1067.0,14.0,,,,,,,,,,,,,,,,,,True
209204,Iiro Vasa,,,,,1068.0,14.0,,,,,,,,,,,,,,,,,,True
202419,Justin Schlageter,,,,,1071.0,14.0,,,,,,,,,,,,,,,,,,True
212149,Nikola Djosic,,,,,1072.0,14.0,,,,,,,,,,,,,,,,,,True
207343,Hanyi Liu,,,,,1073.0,14.0,,,,,,,,,,,,,,,,,,True
211564,Brian Bozemoj,,,,,1074.0,14.0,,,,,,,,,,,,,,,,,,True
211334,Aljaz Jeran,,,,,1075.0,14.0,,,,,,,,,,,,,,,,,,True
213048,Alan Wazny,,,,,1076.0,14.0,,,,,,,,,,,,,,,,,,True
211761,Valentin Basel,,,,,1077.0,14.0,,,,,,,,,,,,,,,,,,True
208816,Jeremy Schifris,,,,,1078.0,14.0,,,,,,,,,,,,,,,,,,True
206782,Demetris Azoides,,,,,1079.0,14.0,,,,,,,,,,,,,,,,,,True
205825,Joao Vitor Goncalves Ceolin,,,,,1080.0,14.0,,,,,,,,,,,,,,,,,,True
211323,Jacopo Bilardo,,,,,1081.0,14.0,,,,,,,,,,,,,,,,,,True
211676,Saveliy Ivanov,,,,,1082.0,14.0,,,,,,,,,,,,,,,,,,True
210038,Matias Ponce De Leon Gomila,,,,,1083.0,13.0,,,,,,,,,,,,,,,,,,True
202361,Simon Reveniau,,,,,1084.0,13.0,,,,,,,,,,,,,,,,,,True
212847,Alejandro Hayen,,,,,1085.0,13.0,,,,,,,,,,,,,,,,,,True
210265,Aleksandr Lobanov,,,,,1086.0,13.0,,,,,,,,,,,,,,,,,,True
200457,Jannik Opitz,,,,,1089.0,13.0,,,,,,,,,,,,,,,,,,True
210705,Matt Hulme,,,,,1091.0,13.0,,,,,,,,,,,,,,,,,,True
210185,Alen Mujakic,,,,,1092.0,13.0,,,,,,,,,,,,,,,,,,True
209115,Oliver Okonkwo,,,,,1094.0,13.0,,,,,,,,,,,,,,,,,,True
213210,Maan Kesharwani,,,,,1095.0,13.0,,,,,,,,,,,,,,,,,,True
134405,Koray Kirci,,,,,1096.0,13.0,,,,,,,,,,,,,,,,,,True
207927,Thando Longwe Smit,,,,,1097.0,13.0,,,,,,,,,,,,,,,,,,True
211329,James Van Herzeele,,,,,1098.0,13.0,,,,,,,,,,,,,,,,,,True
212649,Seung Woo Cho,,,,,1100.0,13.0,,,,,,,,,,,,,,,,,,True
202081,Diogo Marques,,,,,1101.0,13.0,,,,,,,,,,,,,,,,,,True
213103,Viktor Frydrych,,,,,1102.0,13.0,,,,,,,,,,,,,,,,,,True
212762,Victor Hugo Remondy Pagotto,,,,,1103.0,13.0,,,,,,,,,,,,,,,,,,True
200166,Stefan Vujic,,,,,1104.0,13.0,,,,,,,,,,,,,,,,,,True
212903,Melih Anavatan,,,,,1105.0,13.0,,,,,,,,,,,,,,,,,,True
212295,Enzo Camargo Lima,,,,,1106.0,13.0,,,,,,,,,,,,,,,,,,True
210745,Matthias Ujvary,,,,,1107.0,13.0,,,,,,,,,,,,,,,,,,True
209280,Devin Badenhorst,,,,,1108.0,12.0,,,,,,,,,,,,,,,,,,True
149115,Adam Jilly,,,,,1111.0,12.0,,,,,,,,,,,,,,,,,,True
200456,Martin Borisiouk,,,,,1113.0,12.0,,,,,,,,,,,,,,,,,,True
212930,Mario Martinez Serrano,,,,,1114.0,12.0,,,,,,,,,,,,,,,,,,True
212885,Cezar Gabriel Papoe,,,,,1115.0,12.0,,,,,,,,,,,,,,,,,,True
210002,Rohan Mehra,,,,,1116.0,12.0,,,,,,,,,,,,,,,,,,True
214206,Thiago Agustin Pernas,,,,,1117.0,12.0,,,,,,,,,,,,,,,,,,True
210736,Shu Matsuoka,,,,,1118.0,12.0,,,,,,,,,,,,,,,,,,True
104510,Stefan Seifert,,,,,1119.0,12.0,,,,,,,,,,,,,,,,,,True
210436,Hayden Jones,,,,,1121.0,12.0,,,,,,,,,,,,,,,,,,True
213014,Simeon Stankovic,,,,,1122.0,12.0,,,,,,,,,,,,,,,,,,True
209997,Marcello Serafini,,,,,1123.0,12.0,,,,,,,,,,,,,,,,,,True
210163,Elgin Khoeblal,,,,,1124.0,12.0,,,,,,,,,,,,,,,,,,True
212260,Rocco Valente,,,,,1125.0,12.0,,,,,,,,,,,,,,,,,,True
212834,Nicolas Garcia Longo,,,,,1126.0,12.0,,,,,,,,,,,,,,,,,,True
212889,Daniel Uta,,,,,1127.0,12.0,,,,,,,,,,,,,,,,,,True
210532,Giacomo Crisostomo,,,,,1128.0,12.0,,,,,,,,,,,,,,,,,,True
207864,Noel Larwig,,,,,1129.0,12.0,,,,,,,,,,,,,,,,,,True
149843,Conor Gannon,,,,,1130.0,12.0,,,,,,,,,,,,,,,,,,True
205831,Ammar Alhogbani,,,,,1131.0,12.0,,,,,,,,,,,,,,,,,,True
213206,Benjamin O'Connell,,,,,1132.0,12.0,,,,,,,,,,,,,,,,,,True
209852,Zsombor Velcz,,,,,1133.0,11.0,,,,,,,,,,,,,,,,,,True
212542,Jerry Roddick,,,,,1134.0,11.0,,,,,,,,,,,,,,,,,,True
214123,Elijah Sanogo,,,,,1135.0,11.0,,,,,,,,,,,,,,,,,,True
212110,Mathis Bondaz,,,,,1136.0,11.0,,,,,,,,,,,,,,,,,,True
111569,Gage Brymer,,,,,1137.0,11.0,,,,,,,,,,,,,,,,,,True
207172,Connor Thomson,,,,,1138.0,11.0,,,,,,,,,,,,,,,,,,True
211790,Rudy Quan,,,,,1139.0,11.0,,,,,,,,,,,,,,,,,,True
209887,Liam Gavrielides,,,,,1140.0,11.0,,,,,,,,,,,,,,,,,,True
212530,Mikael Arseneault,,,,,1140.0,11.0,,,,,,,,,,,,,,,,,,True
213935,Daniil Kakhniuk,,,,,1142.0,11.0,,,,,,,,,,,,,,,,,,True
212481,Federico Aguilar Cardozo,,,,,1143.0,11.0,,,,,,,,,,,,,,,,,,True
214231,Johan Oscar Lien,,,,,1144.0,11.0,,,,,,,,,,,,,,,,,,True
209999,Leonardo Malgaroli,,,,,1145.0,11.0,,,,,,,,,,,,,,,,,,True
214043,Lachlan James Mcfadzean,,,,,1146.0,11.0,,,,,,,,,,,,,,,,,,True
213174,Mickael Kaouk,,,,,1147.0,11.0,,,,,,,,,,,,,,,,,,True
209913,Fons Van Sambeek,,,,,1148.0,11.0,,,,,,,,,,,,,,,,,,True
200289,Mathieu Scaglia,,,,,1149.0,11.0,,,,,,,,,,,,,,,,,,True
210605,Liam Branger,,,,,1150.0,11.0,,,,,,,,,,,,,,,,,,True
210166,Mika Lipp,,,,,1151.0,11.0,,,,,,,,,,,,,,,,,,True
210514,Edison Ambarzumjan,,,,,1152.0,11.0,,,,,,,,,,,,,,,,,,True
208908,Rafael De Alba,,,,,1153.0,11.0,,,,,,,,,,,,,,,,,,True
136648,Jefferson Wendler Filho,,,,,1154.0,11.0,,,,,,,,,,,,,,,,,,True
214013,Fanming Meng,,,,,1155.0,11.0,,,,,,,,,,,,,,,,,,True
200024,Makoto Ochi,,,,,1156.0,11.0,,,,,,,,,,,,,,,,,,True
202106,Juan Bautista Otegui,,,,,1157.0,11.0,,,,,,,,,,,,,,,,,,True
149267,Andrea Colombo,,,,,1158.0,11.0,,,,,,,,,,,,,,,,,,True
212871,Piet Luis Pinter,,,,,1159.0,11.0,,,,,,,,,,,,,,,,,,True
145008,Hugo Pierre,,,,,1160.0,11.0,,,,,,,,,,,,,,,,,,True
211904,Maximilian Figl,,,,,1161.0,11.0,,,,,,,,,,,,,,,,,,True
212935,Ferdinand Livet Novkirichka,,,,,1162.0,11.0,,,,,,,,,,,,,,,,,,True
208864,Leyton Rivera,,,,,1163.0,11.0,,,,,,,,,,,,,,,,,,True
105334,Luis David Martinez,,,,,1164.0,10.0,,,,,,,,,,,,,,,,,,True
207996,Siddhant Banthia,,,,,1166.0,10.0,,,,,,,,,,,,,,,,,,True
212276,Stian Klaassen,,,,,1166.0,10.0,,,,,,,,,,,,,,,,,,True
213977,Cosme Rolland De Ravel,,,,,1168.0,10.0,,,,,,,,,,,,,,,,,,True
133880,Thomas Deschamps,,,,,1169.0,10.0,,,,,,,,,,,,,,,,,,True
212857,Cooper Woestendick,,,,,1169.0,10.0,,,,,,,,,,,,,,,,,,True
212892,Vlado Jankanj,,,,,1169.0,10.0,,,,,,,,,,,,,,,,,,True
212300,Sasha Rozin,,,,,1172.0,10.0,,,,,,,,,,,,,,,,,,True
126878,David Poljak,,,,,1173.0,10.0,,,,,,,,,,,,,,,,,,True
211635,Segundo Goity Zapico,,,,,1174.0,10.0,,,,,,,,,,,,,,,,,,True
212284,Pengyu Lu,,,,,1175.0,10.0,,,,,,,,,,,,,,,,,,True
213603,Joaquin Guilleme,,,,,1176.0,10.0,,,,,,,,,,,,,,,,,,True
212820,Martin Sabas,,,,,1177.0,10.0,,,,,,,,,,,,,,,,,,True
212064,Duje Markovina,,,,,1178.0,10.0,,,,,,,,,,,,,,,,,,True
133291,Ryota Tanuma,,,,,1179.0,10.0,,,,,,,,,,,,,,,,,,True
110751,Sebastian Fanselow,,,,,1180.0,10.0,,,,,,,,,,,,,,,,,,True
210740,Liam Krall,,,,,1181.0,10.0,,,,,,,,,,,,,,,,,,True
209516,Valentin Lapalu,,,,,1182.0,10.0,,,,,,,,,,,,,,,,,,True
213772,Lorenzo Comino,,,,,1183.0,10.0,,,,,,,,,,,,,,,,,,True
213580,Leonardo Primucci,,,,,1184.0,10.0,,,,,,,,,,,,,,,,,,True
213701,Tobia Costanzo Baragiola Mordini,,,,,1185.0,10.0,,,,,,,,,,,,,,,,,,True
211574,Ethan Cook,,,,,1186.0,10.0,,,,,,,,,,,,,,,,,,True
207236,Taketo Takamisawa,,,,,1187.0,10.0,,,,,,,,,,,,,,,,,,True
208185,Michael Gloeckler,,,,,1188.0,10.0,,,,,,,,,,,,,,,,,,True
132054,Nathan Ponwith,,,,,1189.0,10.0,,,,,,,,,,,,,,,,,,True
212536,James Beaven,,,,,1189.0,10.0,,,,,,,,,,,,,,,,,,True
212726,Sungbeen Sim,,,,,1191.0,10.0,,,,,,,,,,,,,,,,,,True
213848,Nicholas Roberts,,,,,1192.0,10.0,,,,,,,,,,,,,,,,,,True
144937,Nicolas Parizzia,,,,,1193.0,10.0,,,,,,,,,,,,,,,,,,True
211532,Nicolo Toffanin,,,,,1194.0,10.0,,,,,,,,,,,,,,,,,,True
212084,Denis Petak,,,,,1195.0,10.0,,,,,,,,,,,,,,,,,,True
212210,Filippo Mazzola,,,,,1196.0,10.0,,,,,,,,,,,,,,,,,,True
200220,Ezekiel Clark,,,,,1197.0,10.0,,,,,,,,,,,,,,,,,,True
213361,Ivan Gretskiy,,,,,1198.0,10.0,,,,,,,,,,,,,,,,,,True
124099,Mohamed Nazim Makhlouf,,,,,1199.0,10.0,,,,,,,,,,,,,,,,,,True
106132,Toby Martin,,,,,1200.0,10.0,,,,,,,,,,,,,,,,,,True
208370,Keenan Mayo,,,,,1201.0,9.0,,,,,,,,,,,,,,,,,,True
210613,Derek Pham,,,,,1201.0,9.0,,,,,,,,,,,,,,,,,,True
149277,Andrea Meduri,,,,,1203.0,9.0,,,,,,,,,,,,,,,,,,True
212880,Ilyas Milad Fahim,,,,,1204.0,9.0,,,,,,,,,,,,,,,,,,True
213956,Andrej Loncarevic,,,,,1205.0,9.0,,,,,,,,,,,,,,,,,,True
106262,Boris Arias,,,,,1206.0,9.0,,,,,,,,,,,,,,,,,,True
209060,Alexander Bernard,,,,,1207.0,9.0,,,,,,,,,,,,,,,,,,True
213802,Mustafa Ege Sik,,,,,1207.0,9.0,,,,,,,,,,,,,,,,,,True
149128,Goncalo Marques,,,,,1209.0,9.0,,,,,,,,,,,,,,,,,,True
210667,Edoardo Cherie Ligniere,,,,,1210.0,9.0,,,,,,,,,,,,,,,,,,True
212647,Jaesung Choe,,,,,1210.0,9.0,,,,,,,,,,,,,,,,,,True
211655,Julian Alonso,,,,,1212.0,9.0,,,,,,,,,,,,,,,,,,True
149272,Tudor Batin,,,,,1213.0,9.0,,,,,,,,,,,,,,,,,,True
212250,James Connel,,,,,1214.0,9.0,,,,,,,,,,,,,,,,,,True
213175,Lucca Liu,,,,,1215.0,9.0,,,,,,,,,,,,,,,,,,True
202190,Gregor Ramskogler,,,,,1217.0,9.0,,,,,,,,,,,,,,,,,,True
213889,Arjun Rathi,,,,,1218.0,9.0,,,,,,,,,,,,,,,,,,True
144744,Kazuki Nishiwaki,,,,,1219.0,9.0,,,,,,,,,,,,,,,,,,True
211505,Denis Constantin Spiridon,,,,,1220.0,9.0,,,,,,,,,,,,,,,,,,True
211491,Robert Guna,,,,,1221.0,9.0,,,,,,,,,,,,,,,,,,True
207452,Matthew Thomson,,,,,1222.0,9.0,,,,,,,,,,,,,,,,,,True
210742,Phillip Jordan,,,,,1223.0,9.0,,,,,,,,,,,,,,,,,,True
212533,Markus Molder,,,,,1223.0,9.0,,,,,,,,,,,,,,,,,,True
210198,George Lazarov,,,,,1225.0,9.0,,,,,,,,,,,,,,,,,,True
200036,Abhinav Sanjeev Shanmugam,,,,,1226.0,9.0,,,,,,,,,,,,,,,,,,True
202293,Charles Bertimon,,,,,1227.0,9.0,,,,,,,,,,,,,,,,,,True
212770,Timeo Trufelli,,,,,1227.0,9.0,,,,,,,,,,,,,,,,,,True
210183,Marcel Kamrowski,,,,,1229.0,9.0,,,,,,,,,,,,,,,,,,True
210754,Jan Hrazdil,,,,,1229.0,9.0,,,,,,,,,,,,,,,,,,True
211480,Aleksander Chayka,,,,,1231.0,9.0,,,,,,,,,,,,,,,,,,True
209392,Reece Falck,,,,,1232.0,9.0,,,,,,,,,,,,,,,,,,True
208866,Leonid Sheyngezikht,,,,,1233.0,9.0,,,,,,,,,,,,,,,,,,True
207183,Ishaque Eqbal,,,,,1234.0,9.0,,,,,,,,,,,,,,,,,,True
211662,Gabriel Schenekenberg,,,,,1235.0,9.0,,,,,,,,,,,,,,,,,,True
211388,Felipe De Dios,,,,,1236.0,9.0,,,,,,,,,,,,,,,,,,True
144730,Tomohiro Masabayashi,,,,,1238.0,9.0,,,,,,,,,,,,,,,,,,True
208581,Noah Thurner,,,,,1239.0,9.0,,,,,,,,,,,,,,,,,,True
144672,Duarte Vale,,,,,1240.0,8.0,,,,,,,,,,,,,,,,,,True
208871,Takeru Yuzuki,,,,,1242.0,8.0,,,,,,,,,,,,,,,,,,True
210645,Ofek Shimanov,,,,,1243.0,8.0,,,,,,,,,,,,,,,,,,True
134384,Sebastian Prechtel,,,,,1244.0,8.0,,,,,,,,,,,,,,,,,,True
200598,Isaiah Strode,,,,,1245.0,8.0,,,,,,,,,,,,,,,,,,True
202247,Simon Beaupain,,,,,1245.0,8.0,,,,,,,,,,,,,,,,,,True
212769,Leo Lagarrigue,,,,,1247.0,8.0,,,,,,,,,,,,,,,,,,True
106206,Jea Moon Lee,,,,,1248.0,8.0,,,,,,,,,,,,,,,,,,True
130493,Tiago Silva,,,,,1250.0,8.0,,,,,,,,,,,,,,,,,,True
200331,Leonardo Aboian,,,,,1251.0,8.0,,,,,,,,,,,,,,,,,,True
213836,Gavin Goode,,,,,1252.0,8.0,,,,,,,,,,,,,,,,,,True
211638,Jack Loutit,,,,,1253.0,8.0,,,,,,,,,,,,,,,,,,True
214112,Remy Dugardin,,,,,1253.0,8.0,,,,,,,,,,,,,,,,,,True
213648,Udit Kamboj,,,,,1255.0,8.0,,,,,,,,,,,,,,,,,,True
212604,Diego Jarry Fillol,,,,,1256.0,8.0,,,,,,,,,,,,,,,,,,True
200419,Jonas Eriksson Ziverts,,,,,1257.0,8.0,,,,,,,,,,,,,,,,,,True
207408,Niklas Guttau,,,,,1258.0,8.0,,,,,,,,,,,,,,,,,,True
208840,Daniel Bagnolini,,,,,1258.0,8.0,,,,,,,,,,,,,,,,,,True
210055,Noah Lopez,,,,,1258.0,8.0,,,,,,,,,,,,,,,,,,True
207831,Ignacio Antonio Becerra Otarola,,,,,1262.0,8.0,,,,,,,,,,,,,,,,,,True
208249,Gian Marco Ortenzi,,,,,1263.0,8.0,,,,,,,,,,,,,,,,,,True
213923,Gilberto Ravasio,,,,,1264.0,8.0,,,,,,,,,,,,,,,,,,True
212934,Antoni Fabre,,,,,1265.0,8.0,,,,,,,,,,,,,,,,,,True
144788,Louis Tessa,,,,,1266.0,8.0,,,,,,,,,,,,,,,,,,True
209973,Edouard Villoslada,,,,,1267.0,8.0,,,,,,,,,,,,,,,,,,True
149152,Aaron Gil Garcia,,,,,1268.0,8.0,,,,,,,,,,,,,,,,,,True
211667,Matteo Fondriest,,,,,1269.0,8.0,,,,,,,,,,,,,,,,,,True
212134,Maxence Rivet,,,,,1269.0,8.0,,,,,,,,,,,,,,,,,,True
210192,Lucca Pinto,,,,,1271.0,8.0,,,,,,,,,,,,,,,,,,True
200197,Boris Butulija,,,,,1272.0,8.0,,,,,,,,,,,,,,,,,,True
211390,Sergi Fita Juan,,,,,1273.0,8.0,,,,,,,,,,,,,,,,,,True
213064,Samuele Seghetti,,,,,1274.0,8.0,,,,,,,,,,,,,,,,,,True
210455,Noah Perfetti,,,,,1275.0,8.0,,,,,,,,,,,,,,,,,,True
214433,Tanishk Konduri,,,,,1276.0,7.0,,,,,,,,,,,,,,,,,,True
208603,Cleeve Harper,,,,,1278.0,7.0,,,,,,,,,,,,,,,,,,True
212992,Niels Ratiu,,,,,1281.0,7.0,,,,,,,,,,,,,,,,,,True
144081,Alex Chang,,,,,1282.0,7.0,,,,,,,,,,,,,,,,,,True
209910,Szymon Kielan,,,,,1283.0,7.0,,,,,,,,,,,,,,,,,,True
209355,Timo Legout,,,,,1285.0,7.0,,,,,,,,,,,,,,,,,,True
210475,Preston Stearns,,,,,1285.0,7.0,,,,,,,,,,,,,,,,,,True
210722,Viktor Markov,,,,,1287.0,7.0,,,,,,,,,,,,,,,,,,True
210486,Nicholas Godsick,,,,,1288.0,7.0,,,,,,,,,,,,,,,,,,True
210473,Fnu Nidunjianzan,,,,,1289.0,7.0,,,,,,,,,,,,,,,,,,True
208190,Davide Tortora,,,,,1291.0,7.0,,,,,,,,,,,,,,,,,,True
138104,Stefan Cooper,,,,,1292.0,7.0,,,,,,,,,,,,,,,,,,True
212896,Melvin Kumar,,,,,1292.0,7.0,,,,,,,,,,,,,,,,,,True
213619,Oskari Paldanius,,,,,1294.0,7.0,,,,,,,,,,,,,,,,,,True
212894,Patrik Munkhammar,,,,,1295.0,7.0,,,,,,,,,,,,,,,,,,True
212827,Bernardo Munk Mesa,,,,,1296.0,7.0,,,,,,,,,,,,,,,,,,True
213766,Enrique Carrascosa Diaz,,,,,1297.0,7.0,,,,,,,,,,,,,,,,,,True
214246,Nikolas Stoot,,,,,1297.0,7.0,,,,,,,,,,,,,,,,,,True
212606,Leonardo Borrelli,,,,,1299.0,7.0,,,,,,,,,,,,,,,,,,True
209258,Alexandre Reco,,,,,1300.0,7.0,,,,,,,,,,,,,,,,,,True
213557,Alessandro Battiston,,,,,1300.0,7.0,,,,,,,,,,,,,,,,,,True
209955,Mikail Alimli,,,,,1302.0,7.0,,,,,,,,,,,,,,,,,,True
213138,Alexander Wagner,,,,,1303.0,7.0,,,,,,,,,,,,,,,,,,True
211387,Jonas Pelle Hartenstein,,,,,1305.0,7.0,,,,,,,,,,,,,,,,,,True
213026,Amine Jamji,,,,,1306.0,7.0,,,,,,,,,,,,,,,,,,True
132018,Drew Van Orderlain,,,,,1308.0,7.0,,,,,,,,,,,,,,,,,,True
210155,Jasza Szajrych,,,,,1308.0,7.0,,,,,,,,,,,,,,,,,,True
210732,Miha Vetrih,,,,,1308.0,7.0,,,,,,,,,,,,,,,,,,True
212786,Victor Braga,,,,,1311.0,7.0,,,,,,,,,,,,,,,,,,True
208365,Amador Salazar,,,,,1312.0,7.0,,,,,,,,,,,,,,,,,,True
211450,Alessio Basile,,,,,1313.0,7.0,,,,,,,,,,,,,,,,,,True
213717,Sebastiano Cocola,,,,,1314.0,7.0,,,,,,,,,,,,,,,,,,True
212460,Yan Cheng Chen,,,,,1315.0,7.0,,,,,,,,,,,,,,,,,,True
210003,Chirag Duhan,,,,,1316.0,7.0,,,,,,,,,,,,,,,,,,True
213131,Luke Hooper,,,,,1317.0,7.0,,,,,,,,,,,,,,,,,,True
122234,Alp Horoz,,,,,1319.0,7.0,,,,,,,,,,,,,,,,,,True
212263,Xing Dao Chen,,,,,1320.0,7.0,,,,,,,,,,,,,,,,,,True
200234,Joshua Peck,,,,,1321.0,7.0,,,,,,,,,,,,,,,,,,True
209977,Matas Vasiliauskas,,,,,1322.0,7.0,,,,,,,,,,,,,,,,,,True
213585,Roman Kharlamov,,,,,1323.0,7.0,,,,,,,,,,,,,,,,,,True
208164,Yassine Smiej,,,,,1324.0,7.0,,,,,,,,,,,,,,,,,,True
134310,Alexey Aleshchev,,,,,1325.0,7.0,,,,,,,,,,,,,,,,,,True
208186,Preston Brown,,,,,1326.0,7.0,,,,,,,,,,,,,,,,,,True
131951,Daniel Cukierman,,,,,1327.0,6.0,,,,,,,,,,,,,,,,,,True
212218,Rohan Murali,,,,,1327.0,6.0,,,,,,,,,,,,,,,,,,True
214425,Yannik Alvarez,,,,,1327.0,6.0,,,,,,,,,,,,,,,,,,True
144848,Sergio Luis Hernandez Ramirez,,,,,1330.0,6.0,,,,,,,,,,,,,,,,,,True
210037,Mehdi Benchakroun,,,,,1333.0,6.0,,,,,,,,,,,,,,,,,,True
144874,Ryan James Storrie,,,,,1334.0,6.0,,,,,,,,,,,,,,,,,,True
212153,Filip Gustafsson,,,,,1335.0,6.0,,,,,,,,,,,,,,,,,,True
212075,Rodrigo Fernandes,,,,,1336.0,6.0,,,,,,,,,,,,,,,,,,True
200681,Adil Kalyanpur,,,,,1337.0,6.0,,,,,,,,,,,,,,,,,,True
209932,Michal Novansky,,,,,1338.0,6.0,,,,,,,,,,,,,,,,,,True
213060,Adam Lynch,,,,,1338.0,6.0,,,,,,,,,,,,,,,,,,True
207809,Khololwam Montsi,,,,,1340.0,6.0,,,,,,,,,,,,,,,,,,True
211670,Marko Mesarovic,,,,,1341.0,6.0,,,,,,,,,,,,,,,,,,True
210697,Harold Huens,,,,,1342.0,6.0,,,,,,,,,,,,,,,,,,True
212148,Novak Novakovic,,,,,1342.0,6.0,,,,,,,,,,,,,,,,,,True
213023,Filippo Francesco Garbero,,,,,1342.0,6.0,,,,,,,,,,,,,,,,,,True
211610,Andreas Timini,,,,,1345.0,6.0,,,,,,,,,,,,,,,,,,True
200105,Frazier Rengifo,,,,,1346.0,6.0,,,,,,,,,,,,,,,,,,True
212683,Theo Herrmann,,,,,1347.0,6.0,,,,,,,,,,,,,,,,,,True
213992,Lev Seidman,,,,,1348.0,6.0,,,,,,,,,,,,,,,,,,True
212231,Junhyeon Lee,,,,,1349.0,6.0,,,,,,,,,,,,,,,,,,True
213215,Bill Chan,,,,,1350.0,6.0,,,,,,,,,,,,,,,,,,True
212069,Kabir Hans,,,,,1351.0,6.0,,,,,,,,,,,,,,,,,,True
202192,Kuzey Cekirge,,,,,1352.0,6.0,,,,,,,,,,,,,,,,,,True
211474,Pablo Trochu,,,,,1353.0,6.0,,,,,,,,,,,,,,,,,,True
211615,Mateo Castaneda,,,,,1354.0,6.0,,,,,,,,,,,,,,,,,,True
213092,Jonas Kucera,,,,,1354.0,6.0,,,,,,,,,,,,,,,,,,True
213632,Glib Sekachov,,,,,1354.0,6.0,,,,,,,,,,,,,,,,,,True
207772,Yuttana Charoenphon,,,,,1358.0,6.0,,,,,,,,,,,,,,,,,,True
208835,Rafael Giotis,,,,,1359.0,6.0,,,,,,,,,,,,,,,,,,True
212752,Filippo Alberti,,,,,1360.0,6.0,,,,,,,,,,,,,,,,,,True
208873,Nikola Basic,,,,,1361.0,6.0,,,,,,,,,,,,,,,,,,True
206669,Hugo Maia,,,,,1362.0,6.0,,,,,,,,,,,,,,,,,,True
212106,Noah Lopez Cherubino,,,,,1363.0,6.0,,,,,,,,,,,,,,,,,,True
149124,Oskar Grzegorzewski,,,,,1364.0,6.0,,,,,,,,,,,,,,,,,,True
213043,Hiromasa Koyama,,,,,1364.0,6.0,,,,,,,,,,,,,,,,,,True
213765,Weiwen Pan,,,,,1364.0,6.0,,,,,,,,,,,,,,,,,,True
213882,Gray Voelzke,,,,,1364.0,6.0,,,,,,,,,,,,,,,,,,True
213536,Sergio Planella Hernandez,,,,,1368.0,6.0,,,,,,,,,,,,,,,,,,True
212466,Xiaoyin Yang,,,,,1369.0,6.0,,,,,,,,,,,,,,,,,,True
210735,Radovan Michalik,,,,,1370.0,6.0,,,,,,,,,,,,,,,,,,True
133224,Francesco Ferrari,,,,,1371.0,6.0,,,,,,,,,,,,,,,,,,True
213198,Kacper Knitter,,,,,1371.0,6.0,,,,,,,,,,,,,,,,,,True
213614,Dmitry Bessonov,,,,,1371.0,6.0,,,,,,,,,,,,,,,,,,True
202314,Parth Aggarwal,,,,,1374.0,6.0,,,,,,,,,,,,,,,,,,True
211411,Tyler Stice,,,,,1375.0,6.0,,,,,,,,,,,,,,,,,,True
212183,Yuquan Jin,,,,,1376.0,6.0,,,,,,,,,,,,,,,,,,True
206646,Louis Van Herck,,,,,1377.0,6.0,,,,,,,,,,,,,,,,,,True
212465,Charles Chen,,,,,1378.0,6.0,,,,,,,,,,,,,,,,,,True
213654,Noah Johnston,,,,,1379.0,5.0,,,,,,,,,,,,,,,,,,True
214289,Santiago Lora,,,,,1379.0,5.0,,,,,,,,,,,,,,,,,,True
207836,Muzammil Murtaza,,,,,1381.0,5.0,,,,,,,,,,,,,,,,,,True
209855,James Hopper,,,,,1381.0,5.0,,,,,,,,,,,,,,,,,,True
210468,Jeremy Jin,,,,,1381.0,5.0,,,,,,,,,,,,,,,,,,True
211647,Jaden Weekes,,,,,1381.0,5.0,,,,,,,,,,,,,,,,,,True
207507,Stefan Latinovic,,,,,1385.0,5.0,,,,,,,,,,,,,,,,,,True
209879,Luc Koenig,,,,,1385.0,5.0,,,,,,,,,,,,,,,,,,True
213830,Saki Tange,,,,,1385.0,5.0,,,,,,,,,,,,,,,,,,True
211740,Jeremy Zhang,,,,,1388.0,5.0,,,,,,,,,,,,,,,,,,True
109318,Pawel Cias,,,,,1389.0,5.0,,,,,,,,,,,,,,,,,,True
210474,Alexander Frusina,,,,,1389.0,5.0,,,,,,,,,,,,,,,,,,True
211551,Asahi Harazaki,,,,,1389.0,5.0,,,,,,,,,,,,,,,,,,True
130247,Anton Chekhov,,,,,1392.0,5.0,,,,,,,,,,,,,,,,,,True
211386,Alessio Vasquez Gehrke,,,,,1392.0,5.0,,,,,,,,,,,,,,,,,,True
213141,Georgi Georgiev,,,,,1392.0,5.0,,,,,,,,,,,,,,,,,,True
213120,Lorenzo Berto,,,,,1395.0,5.0,,,,,,,,,,,,,,,,,,True
210522,William Jansen,,,,,1396.0,5.0,,,,,,,,,,,,,,,,,,True
212037,Amir Milushev,,,,,1396.0,5.0,,,,,,,,,,,,,,,,,,True
207230,Damien Salvestre,,,,,1398.0,5.0,,,,,,,,,,,,,,,,,,True
210444,Charlelie Cosnet,,,,,1398.0,5.0,,,,,,,,,,,,,,,,,,True
214192,Ymerali Ibraimi,,,,,1400.0,5.0,,,,,,,,,,,,,,,,,,True
207439,Dax Donders,,,,,1401.0,5.0,,,,,,,,,,,,,,,,,,True
213783,Oswaldo Alejandro Reyes Tirado,,,,,1401.0,5.0,,,,,,,,,,,,,,,,,,True
202128,Louis Dussin,,,,,1403.0,5.0,,,,,,,,,,,,,,,,,,True
207233,Nemanja Malesevic,,,,,1403.0,5.0,,,,,,,,,,,,,,,,,,True
212937,Achilles Belkovics,,,,,1405.0,5.0,,,,,,,,,,,,,,,,,,True
210602,Peetu Pohjola,,,,,1406.0,5.0,,,,,,,,,,,,,,,,,,True
213066,Stefan Horia Haita,,,,,1406.0,5.0,,,,,,,,,,,,,,,,,,True
144927,Siddharth Vishwakarma,,,,,1408.0,5.0,,,,,,,,,,,,,,,,,,True
214038,Laurence Teunissen,,,,,1410.0,5.0,,,,,,,,,,,,,,,,,,True
208052,Matthew Segura,,,,,1411.0,5.0,,,,,,,,,,,,,,,,,,True
210348,Jarno Jans,,,,,1412.0,5.0,,,,,,,,,,,,,,,,,,True
213785,Toshiki Karigyo,,,,,1412.0,5.0,,,,,,,,,,,,,,,,,,True
210733,Arthur Bonnaud,,,,,1414.0,5.0,,,,,,,,,,,,,,,,,,True
213721,Pierre Antoine Faut,,,,,1415.0,5.0,,,,,,,,,,,,,,,,,,True
213815,Sergey Petrov,,,,,1415.0,5.0,,,,,,,,,,,,,,,,,,True
106245,Rodolfo Jauregui Sainz De Rozas,,,,,1417.0,5.0,,,,,,,,,,,,,,,,,,True
200474,Ivan Denisov,,,,,1417.0,5.0,,,,,,,,,,,,,,,,,,True
207209,Raghav Jaisinghani,,,,,1417.0,5.0,,,,,,,,,,,,,,,,,,True
208216,Alberto Bronzetti,,,,,1417.0,5.0,,,,,,,,,,,,,,,,,,True
213151,Flynn Thomas,,,,,1417.0,5.0,,,,,,,,,,,,,,,,,,True
213600,Dillon Beckles,,,,,1417.0,5.0,,,,,,,,,,,,,,,,,,True
209889,Thomas Braithwaite,,,,,1423.0,5.0,,,,,,,,,,,,,,,,,,True
212545,Henry Lieberman,,,,,1423.0,5.0,,,,,,,,,,,,,,,,,,True
212632,Peter Alam,,,,,1423.0,5.0,,,,,,,,,,,,,,,,,,True
210140,Ioan Alexandru Chirita,,,,,1426.0,5.0,,,,,,,,,,,,,,,,,,True
212840,Thomas Gerbaud,,,,,1426.0,5.0,,,,,,,,,,,,,,,,,,True
149266,Fadi Bidan,,,,,1428.0,5.0,,,,,,,,,,,,,,,,,,True
213628,Volodymyr Gurenko,,,,,1428.0,5.0,,,,,,,,,,,,,,,,,,True
212109,Antonio Voljavec,,,,,1431.0,5.0,,,,,,,,,,,,,,,,,,True
213218,Elias Julian Werner,,,,,1431.0,5.0,,,,,,,,,,,,,,,,,,True
213916,Ashton Mcleod,,,,,1431.0,5.0,,,,,,,,,,,,,,,,,,True
212130,Mariano Tammaro,,,,,1434.0,5.0,,,,,,,,,,,,,,,,,,True
213004,Arthur Bellegy,,,,,1434.0,5.0,,,,,,,,,,,,,,,,,,True
210284,Pijus Vaitiekunas,,,,,1436.0,5.0,,,,,,,,,,,,,,,,,,True
211366,Vuk Radjenovic,,,,,1437.0,5.0,,,,,,,,,,,,,,,,,,True
211690,Toprak Avcibasi,,,,,1438.0,5.0,,,,,,,,,,,,,,,,,,True
213898,Richard Antoni,,,,,1439.0,5.0,,,,,,,,,,,,,,,,,,True
149130,Joe Leather,,,,,1440.0,5.0,,,,,,,,,,,,,,,,,,True
211516,Lorenzo Beraldo,,,,,1441.0,5.0,,,,,,,,,,,,,,,,,,True
202217,Vito Dellelba,,,,,1443.0,5.0,,,,,,,,,,,,,,,,,,True
208039,Ronald Hohmann,,,,,1444.0,5.0,,,,,,,,,,,,,,,,,,True
211495,Andrin Casanova,,,,,1444.0,5.0,,,,,,,,,,,,,,,,,,True
213201,Valentino Grippo,,,,,1446.0,5.0,,,,,,,,,,,,,,,,,,True
213927,Gabriele Crivellaro,,,,,1446.0,5.0,,,,,,,,,,,,,,,,,,True
209314,Jan Kupcic,,,,,1448.0,5.0,,,,,,,,,,,,,,,,,,True
209417,Alan Bojarski,,,,,1448.0,5.0,,,,,,,,,,,,,,,,,,True
212589,Luka Talan Lopatic,,,,,1448.0,5.0,,,,,,,,,,,,,,,,,,True
202323,Arjun Mehrotra,,,,,1451.0,5.0,,,,,,,,,,,,,,,,,,True
212757,Jack Bruce Smith,,,,,1451.0,5.0,,,,,,,,,,,,,,,,,,True
211407,Andrea Bacaloni,,,,,1453.0,5.0,,,,,,,,,,,,,,,,,,True
209391,Corban Crowther,,,,,1454.0,5.0,,,,,,,,,,,,,,,,,,True
210632,Vadym Konovchuk,,,,,1455.0,5.0,,,,,,,,,,,,,,,,,,True
213800,Ty Host,,,,,1455.0,5.0,,,,,,,,,,,,,,,,,,True
209967,Antoine Berger,,,,,1457.0,5.0,,,,,,,,,,,,,,,,,,True
212624,Nikola Jovic,,,,,1458.0,5.0,,,,,,,,,,,,,,,,,,True
208867,Tomas Luis,,,,,1459.0,5.0,,,,,,,,,,,,,,,,,,True
144955,Yuichiro Inui,,,,,1460.0,5.0,,,,,,,,,,,,,,,,,,True
210076,Ioannis Kountourakis,,,,,1461.0,5.0,,,,,,,,,,,,,,,,,,True
122474,Guy Orly Iradukunda,,,,,1462.0,4.0,,,,,,,,,,,,,,,,,,True
144682,Kaito Uesugi,,,,,1462.0,4.0,,,,,,,,,,,,,,,,,,True
208358,Aleksi Lofman,,,,,1462.0,4.0,,,,,,,,,,,,,,,,,,True
212575,Amirkhamza Nasridinov,,,,,1462.0,4.0,,,,,,,,,,,,,,,,,,True
212648,Theodore Winegar,,,,,1462.0,4.0,,,,,,,,,,,,,,,,,,True
214523,Angel Veliz,,,,,1468.0,4.0,,,,,,,,,,,,,,,,,,True
200692,Herbert Jody Maginley,,,,,1469.0,4.0,,,,,,,,,,,,,,,,,,True
213098,Hugo Car,,,,,1469.0,4.0,,,,,,,,,,,,,,,,,,True
210405,Azuma Visaya,,,,,1474.0,4.0,,,,,,,,,,,,,,,,,,True
210569,Sebastian Eriksson,,,,,1474.0,4.0,,,,,,,,,,,,,,,,,,True
212066,Artem Alekseychuk,,,,,1474.0,4.0,,,,,,,,,,,,,,,,,,True
213042,Hugo Coquelin,,,,,1474.0,4.0,,,,,,,,,,,,,,,,,,True
210416,Bryce Nakashima,,,,,1478.0,4.0,,,,,,,,,,,,,,,,,,True
105335,Sho Katayama,,,,,1479.0,4.0,,,,,,,,,,,,,,,,,,True
202181,Gilbert Soares Klier Junior,,,,,1479.0,4.0,,,,,,,,,,,,,,,,,,True
210746,Paul Barbier Gazeu,,,,,1479.0,4.0,,,,,,,,,,,,,,,,,,True
212068,Stepan Baum,,,,,1482.0,4.0,,,,,,,,,,,,,,,,,,True
212899,Moritz Kudernatsch,,,,,1483.0,4.0,,,,,,,,,,,,,,,,,,True
208206,Walid Ahouda,,,,,1484.0,4.0,,,,,,,,,,,,,,,,,,True
209117,Marco Furlanetto,,,,,1484.0,4.0,,,,,,,,,,,,,,,,,,True
211570,Cesar Cruz,,,,,1484.0,4.0,,,,,,,,,,,,,,,,,,True
211330,Vasco Leote Prata,,,,,1487.0,4.0,,,,,,,,,,,,,,,,,,True
212863,Benjamin Chelia,,,,,1487.0,4.0,,,,,,,,,,,,,,,,,,True
202165,Alberto Lim,,,,,1489.0,4.0,,,,,,,,,,,,,,,,,,True
214213,Rhys Lawlor,,,,,1490.0,4.0,,,,,,,,,,,,,,,,,,True
210743,Pranav Kumar,,,,,1492.0,4.0,,,,,,,,,,,,,,,,,,True
123843,Davide Pontoglio,,,,,1494.0,4.0,,,,,,,,,,,,,,,,,,True
200487,Jordan Hasson,,,,,1494.0,4.0,,,,,,,,,,,,,,,,,,True
207248,Naoki Tajima,,,,,1494.0,4.0,,,,,,,,,,,,,,,,,,True
208007,Karlo Kajin,,,,,1494.0,4.0,,,,,,,,,,,,,,,,,,True
209273,Romain Gales,,,,,1494.0,4.0,,,,,,,,,,,,,,,,,,True
212459,Kai I Wang,,,,,1494.0,4.0,,,,,,,,,,,,,,,,,,True
213011,John Bothma,,,,,1494.0,4.0,,,,,,,,,,,,,,,,,,True
206580,Nicola Rispoli,,,,,1501.0,4.0,,,,,,,,,,,,,,,,,,True
133667,Congsup Congcar,,,,,1502.0,4.0,,,,,,,,,,,,,,,,,,True
208027,Alex Jones,,,,,1502.0,4.0,,,,,,,,,,,,,,,,,,True
209974,Aleksander Orlikowski,,,,,1502.0,4.0,,,,,,,,,,,,,,,,,,True
213204,Zane Stevens,,,,,1505.0,4.0,,,,,,,,,,,,,,,,,,True
214341,Oscar Brown,,,,,1505.0,4.0,,,,,,,,,,,,,,,,,,True
212471,Minghui Zhang,,,,,1507.0,4.0,,,,,,,,,,,,,,,,,,True
213814,Gustavo Albieri,,,,,1507.0,4.0,,,,,,,,,,,,,,,,,,True
120545,Ko Suzuki,,,,,1509.0,4.0,,,,,,,,,,,,,,,,,,True
210105,Martyn Pawelski,,,,,1509.0,4.0,,,,,,,,,,,,,,,,,,True
210301,Benjamin Ignacio Torres Fernandez,,,,,1511.0,4.0,,,,,,,,,,,,,,,,,,True
214202,Gus Grumet,,,,,1511.0,4.0,,,,,,,,,,,,,,,,,,True
125843,Ren Nakamura,,,,,1513.0,4.0,,,,,,,,,,,,,,,,,,True
208892,Mohamed Ali Abibsi,,,,,1513.0,4.0,,,,,,,,,,,,,,,,,,True
212078,Riku Takahata,,,,,1513.0,4.0,,,,,,,,,,,,,,,,,,True
212767,Aryan Lakshmanan,,,,,1516.0,4.0,,,,,,,,,,,,,,,,,,True
149134,Matei Florin Breazu,,,,,1517.0,4.0,,,,,,,,,,,,,,,,,,True
206790,Alexis Gurmendi,,,,,1517.0,4.0,,,,,,,,,,,,,,,,,,True
210601,Oskari Eerola,,,,,1517.0,4.0,,,,,,,,,,,,,,,,,,True
212900,Andrea Paolini,,,,,1517.0,4.0,,,,,,,,,,,,,,,,,,True
213393,Breno Braga,,,,,1517.0,4.0,,,,,,,,,,,,,,,,,,True
149153,Gabriele Volpi,,,,,1523.0,4.0,,,,,,,,,,,,,,,,,,True
202439,Sean Hodkin,,,,,1523.0,4.0,,,,,,,,,,,,,,,,,,True
209877,Stevan Popovic,,,,,1523.0,4.0,,,,,,,,,,,,,,,,,,True
213532,Stefan Storch,,,,,1523.0,4.0,,,,,,,,,,,,,,,,,,True
213667,Valentin Guadagno,,,,,1523.0,4.0,,,,,,,,,,,,,,,,,,True
212924,Emanuel Ivanisevic,,,,,1528.0,4.0,,,,,,,,,,,,,,,,,,True
213200,Juan Ignacio Gallego,,,,,1528.0,4.0,,,,,,,,,,,,,,,,,,True
214016,Bautista De La Pena,,,,,1528.0,4.0,,,,,,,,,,,,,,,,,,True
208381,Nicolas Esteban Rico Arias,,,,,1531.0,4.0,,,,,,,,,,,,,,,,,,True
212262,Kylian Collignon,,,,,1531.0,4.0,,,,,,,,,,,,,,,,,,True
212841,Lucas Marionneau,,,,,1531.0,4.0,,,,,,,,,,,,,,,,,,True
212864,Valentin Garay,,,,,1531.0,4.0,,,,,,,,,,,,,,,,,,True
214229,Mathys Picard,,,,,1531.0,4.0,,,,,,,,,,,,,,,,,,True
209255,Vladan Tadic,,,,,1536.0,4.0,,,,,,,,,,,,,,,,,,True
210595,Jiri Cizek,,,,,1536.0,4.0,,,,,,,,,,,,,,,,,,True
210651,Vlad Cristian Breazu,,,,,1538.0,4.0,,,,,,,,,,,,,,,,,,True
212963,Sebastian Grundtvig Jorgensen,,,,,1538.0,4.0,,,,,,,,,,,,,,,,,,True
213624,Kosuke Shibano,,,,,1538.0,4.0,,,,,,,,,,,,,,,,,,True
209979,Madhwin Kamath,,,,,1541.0,4.0,,,,,,,,,,,,,,,,,,True
211762,David Naharro,,,,,1541.0,4.0,,,,,,,,,,,,,,,,,,True
210423,Alessandro Coccioli,,,,,1543.0,4.0,,,,,,,,,,,,,,,,,,True
213579,Jan Klimas,,,,,1543.0,4.0,,,,,,,,,,,,,,,,,,True
210417,Adrian Arcon,,,,,1545.0,4.0,,,,,,,,,,,,,,,,,,True
207559,Darrshan Suresh,,,,,1546.0,4.0,,,,,,,,,,,,,,,,,,True
212797,Hitesh Chauhan,,,,,1546.0,4.0,,,,,,,,,,,,,,,,,,True
213391,Silvio Mencaglia,,,,,1546.0,4.0,,,,,,,,,,,,,,,,,,True
211364,Mihai Alexandru Coman,,,,,1549.0,4.0,,,,,,,,,,,,,,,,,,True
214015,Xavi Palomar,,,,,1549.0,4.0,,,,,,,,,,,,,,,,,,True
206447,Daniel Batista,,,,,1551.0,4.0,,,,,,,,,,,,,,,,,,True
211455,Oren Vasser,,,,,1553.0,4.0,,,,,,,,,,,,,,,,,,True
211490,Daniel Verbeek,,,,,1554.0,4.0,,,,,,,,,,,,,,,,,,True
212745,Tadeo Meneo,,,,,1555.0,4.0,,,,,,,,,,,,,,,,,,True
205885,Joao Graa,,,,,1556.0,4.0,,,,,,,,,,,,,,,,,,True
108766,Samir Iftikhar,,,,,1557.0,3.0,,,,,,,,,,,,,,,,,,True
122081,Luis Britto,,,,,1557.0,3.0,,,,,,,,,,,,,,,,,,True
134256,Reese Stalder,,,,,1557.0,3.0,,,,,,,,,,,,,,,,,,True
202417,Siphosothando Montsi,,,,,1557.0,3.0,,,,,,,,,,,,,,,,,,True
210756,Loren Thomas Byers,,,,,1557.0,3.0,,,,,,,,,,,,,,,,,,True
212642,Patrik Trhac,,,,,1557.0,3.0,,,,,,,,,,,,,,,,,,True
214565,Bienvenue Bolangi,,,,,1557.0,3.0,,,,,,,,,,,,,,,,,,True
214587,Aradhya Kshitij,,,,,1557.0,3.0,,,,,,,,,,,,,,,,,,True
126193,Mark Whitehouse,,,,,1569.0,3.0,,,,,,,,,,,,,,,,,,True
208123,Tom Hands,,,,,1569.0,3.0,,,,,,,,,,,,,,,,,,True
209972,Adit Sinha,,,,,1569.0,3.0,,,,,,,,,,,,,,,,,,True
213784,Guillermo Tunas,,,,,1569.0,3.0,,,,,,,,,,,,,,,,,,True
213985,Kelly Giese,,,,,1569.0,3.0,,,,,,,,,,,,,,,,,,True
202269,Justin Barki,,,,,1574.0,3.0,,,,,,,,,,,,,,,,,,True
208178,Samuel Brosset,,,,,1574.0,3.0,,,,,,,,,,,,,,,,,,True
208262,Alejo Lorenzo Lingua Lavallen,,,,,1574.0,3.0,,,,,,,,,,,,,,,,,,True
212158,Will Mayew,,,,,1574.0,3.0,,,,,,,,,,,,,,,,,,True
212859,Matisse Farzam,,,,,1574.0,3.0,,,,,,,,,,,,,,,,,,True
213771,Dominick Mosejczuk,,,,,1574.0,3.0,,,,,,,,,,,,,,,,,,True
213957,Daniel Phillips,,,,,1574.0,3.0,,,,,,,,,,,,,,,,,,True
214483,Harrison Satara,,,,,1574.0,3.0,,,,,,,,,,,,,,,,,,True
207839,Yousaf Khalil,,,,,1583.0,3.0,,,,,,,,,,,,,,,,,,True
214001,Damien Clerc,,,,,1583.0,3.0,,,,,,,,,,,,,,,,,,True
210230,Wissam Abderrahman,,,,,1586.0,3.0,,,,,,,,,,,,,,,,,,True
210571,Isac Stroemberg,,,,,1586.0,3.0,,,,,,,,,,,,,,,,,,True
210693,Hudson Rivera,,,,,1586.0,3.0,,,,,,,,,,,,,,,,,,True
212491,Alexander Razeghi,,,,,1586.0,3.0,,,,,,,,,,,,,,,,,,True
212854,Felipe Virgili Berini,,,,,1586.0,3.0,,,,,,,,,,,,,,,,,,True
214062,James Weber,,,,,1586.0,3.0,,,,,,,,,,,,,,,,,,True
214280,Fantino Alberca,,,,,1586.0,3.0,,,,,,,,,,,,,,,,,,True
214332,Henrique Ortenblad Nogueira,,,,,1586.0,3.0,,,,,,,,,,,,,,,,,,True
207595,Mateo Barreiros Reyes,,,,,1594.0,3.0,,,,,,,,,,,,,,,,,,True
214390,Antonin Witz,,,,,1594.0,3.0,,,,,,,,,,,,,,,,,,True
120922,Maciej Rajski,,,,,1596.0,3.0,,,,,,,,,,,,,,,,,,True
207761,Julien De Cuyper,,,,,1596.0,3.0,,,,,,,,,,,,,,,,,,True
210190,Timofey Stepanov,,,,,1596.0,3.0,,,,,,,,,,,,,,,,,,True
212291,Siwanat Auytayakul,,,,,1596.0,3.0,,,,,,,,,,,,,,,,,,True
213818,William Mirarchi,,,,,1596.0,3.0,,,,,,,,,,,,,,,,,,True
213840,Teodor Davidov,,,,,1596.0,3.0,,,,,,,,,,,,,,,,,,True
214210,Vincent Reisach,,,,,1596.0,3.0,,,,,,,,,,,,,,,,,,True
211406,Yazid Lahjomri,,,,,1603.0,3.0,,,,,,,,,,,,,,,,,,True
212476,Noritaka Koizumi,,,,,1603.0,3.0,,,,,,,,,,,,,,,,,,True
212750,Clement Lemire,,,,,1603.0,3.0,,,,,,,,,,,,,,,,,,True
213920,Nathan Cox,,,,,1603.0,3.0,,,,,,,,,,,,,,,,,,True
208334,Deney Wassermann,,,,,1607.0,3.0,,,,,,,,,,,,,,,,,,True
124001,Gergely Madarasz,,,,,1608.0,3.0,,,,,,,,,,,,,,,,,,True
206895,Alex Kobelt,,,,,1608.0,3.0,,,,,,,,,,,,,,,,,,True
207973,Ainius Sabaliauskas,,,,,1608.0,3.0,,,,,,,,,,,,,,,,,,True
210631,Linus Lagerbohm,,,,,1608.0,3.0,,,,,,,,,,,,,,,,,,True
211660,Ryan Augusto Dos Santos,,,,,1608.0,3.0,,,,,,,,,,,,,,,,,,True
211677,Matthew Rankin,,,,,1608.0,3.0,,,,,,,,,,,,,,,,,,True
212912,Mathys Domenc,,,,,1608.0,3.0,,,,,,,,,,,,,,,,,,True
210060,Aleksandar Mihailovic,,,,,1615.0,3.0,,,,,,,,,,,,,,,,,,True
210526,Niccolo Baroni,,,,,1615.0,3.0,,,,,,,,,,,,,,,,,,True
210711,Francisco Tomas Geschwind,,,,,1615.0,3.0,,,,,,,,,,,,,,,,,,True
213069,Gasper Matijasic,,,,,1615.0,3.0,,,,,,,,,,,,,,,,,,True
213196,Rihards Neimanis,,,,,1615.0,3.0,,,,,,,,,,,,,,,,,,True
213553,Dmytro Shirokyi,,,,,1615.0,3.0,,,,,,,,,,,,,,,,,,True
213678,Felipe Dreer,,,,,1615.0,3.0,,,,,,,,,,,,,,,,,,True
208890,Richard Zusman,,,,,1623.0,3.0,,,,,,,,,,,,,,,,,,True
211684,Emirhan Bulut,,,,,1624.0,3.0,,,,,,,,,,,,,,,,,,True
212167,Darius Florin Pop,,,,,1624.0,3.0,,,,,,,,,,,,,,,,,,True
213045,Manvydas Balciunas,,,,,1624.0,3.0,,,,,,,,,,,,,,,,,,True
213058,Weiyi Kong,,,,,1624.0,3.0,,,,,,,,,,,,,,,,,,True
214029,Ye Chen,,,,,1624.0,3.0,,,,,,,,,,,,,,,,,,True
207958,Roman Postolka,,,,,1629.0,3.0,,,,,,,,,,,,,,,,,,True
210115,Yunseok Jang,,,,,1629.0,3.0,,,,,,,,,,,,,,,,,,True
212617,Shu Muto,,,,,1629.0,3.0,,,,,,,,,,,,,,,,,,True
212876,Pedro Andre De Almeida Santos,,,,,1629.0,3.0,,,,,,,,,,,,,,,,,,True
212965,Juan Jose Bianchi,,,,,1629.0,3.0,,,,,,,,,,,,,,,,,,True
213576,Matt Kleiman,,,,,1629.0,3.0,,,,,,,,,,,,,,,,,,True
213980,Arnav Paparkar,,,,,1629.0,3.0,,,,,,,,,,,,,,,,,,True
214156,Mahmoud Chetouane,,,,,1629.0,3.0,,,,,,,,,,,,,,,,,,True
149268,Gabriele Vulpitta,,,,,1637.0,3.0,,,,,,,,,,,,,,,,,,True
105419,Patricio Alvarado,,,,,1638.0,3.0,,,,,,,,,,,,,,,,,,True
210598,Nicolas Hollender,,,,,1638.0,3.0,,,,,,,,,,,,,,,,,,True
212499,Vardan Manukyan,,,,,1638.0,3.0,,,,,,,,,,,,,,,,,,True
214214,Daniel Jovanovski,,,,,1638.0,3.0,,,,,,,,,,,,,,,,,,True
214264,Jerrid Gaines,,,,,1638.0,3.0,,,,,,,,,,,,,,,,,,True
134545,Alexis Canter,,,,,1643.0,3.0,,,,,,,,,,,,,,,,,,True
149139,Arthur Laborde,,,,,1643.0,3.0,,,,,,,,,,,,,,,,,,True
149278,Daniel Khazime,,,,,1643.0,3.0,,,,,,,,,,,,,,,,,,True
208197,Ammar Elamin,,,,,1643.0,3.0,,,,,,,,,,,,,,,,,,True
210153,David Fix,,,,,1643.0,3.0,,,,,,,,,,,,,,,,,,True
212232,Yeonsu Jeong,,,,,1643.0,3.0,,,,,,,,,,,,,,,,,,True
213798,Noah Brownrigg,,,,,1643.0,3.0,,,,,,,,,,,,,,,,,,True
213979,Kunanan Pantaratorn,,,,,1643.0,3.0,,,,,,,,,,,,,,,,,,True
211389,Manuel Mouilleron Salvo,,,,,1651.0,3.0,,,,,,,,,,,,,,,,,,True
212180,Shaoyun Liu,,,,,1651.0,3.0,,,,,,,,,,,,,,,,,,True
210011,Aristarkh Safonov,,,,,1653.0,3.0,,,,,,,,,,,,,,,,,,True
210420,Gheorghe Claudiu Schinteie,,,,,1653.0,3.0,,,,,,,,,,,,,,,,,,True
210570,Kevin Edengren,,,,,1653.0,3.0,,,,,,,,,,,,,,,,,,True
210649,Giammarco Gandolfi,,,,,1653.0,3.0,,,,,,,,,,,,,,,,,,True
210749,Andrea M'Chich,,,,,1653.0,3.0,,,,,,,,,,,,,,,,,,True
211322,Lasse Poertner,,,,,1653.0,3.0,,,,,,,,,,,,,,,,,,True
213114,Chun Chien Hou,,,,,1653.0,3.0,,,,,,,,,,,,,,,,,,True
213617,Mattia Nannelli,,,,,1653.0,3.0,,,,,,,,,,,,,,,,,,True
213640,Stephane Pierre Jo Kamendje,,,,,1653.0,3.0,,,,,,,,,,,,,,,,,,True
210205,Edoardo Zanada,,,,,1662.0,3.0,,,,,,,,,,,,,,,,,,True
213653,Benjamin Willwerth,,,,,1662.0,3.0,,,,,,,,,,,,,,,,,,True
213801,Jake Dembo,,,,,1662.0,3.0,,,,,,,,,,,,,,,,,,True
148670,Karol Malirz,,,,,1665.0,3.0,,,,,,,,,,,,,,,,,,True
210191,Gian Gruenig,,,,,1665.0,3.0,,,,,,,,,,,,,,,,,,True
210229,Aleksa Pisaric,,,,,1665.0,3.0,,,,,,,,,,,,,,,,,,True
212498,Benoit Torcq,,,,,1665.0,3.0,,,,,,,,,,,,,,,,,,True
213588,Esteban Talavera Cortes,,,,,1665.0,3.0,,,,,,,,,,,,,,,,,,True
212806,Benjamin Gusic Wan,,,,,1670.0,3.0,,,,,,,,,,,,,,,,,,True
213930,Zangar Nurlanuly,,,,,1670.0,3.0,,,,,,,,,,,,,,,,,,True
144813,Benjamin Hannestad,,,,,1672.0,3.0,,,,,,,,,,,,,,,,,,True
211454,Federico Valle,,,,,1672.0,3.0,,,,,,,,,,,,,,,,,,True
212119,Nik Mikovic,,,,,1672.0,3.0,,,,,,,,,,,,,,,,,,True
212310,Pepijn Bastiaansen,,,,,1672.0,3.0,,,,,,,,,,,,,,,,,,True
212875,Zhengyu Sun,,,,,1672.0,3.0,,,,,,,,,,,,,,,,,,True
212981,Jonas Gundacker,,,,,1672.0,3.0,,,,,,,,,,,,,,,,,,True
213180,Leonardo Cattaneo,,,,,1672.0,3.0,,,,,,,,,,,,,,,,,,True
213376,Jeffrey Fradkin,,,,,1672.0,3.0,,,,,,,,,,,,,,,,,,True
149142,Tanguy Genier,,,,,1680.0,3.0,,,,,,,,,,,,,,,,,,True
209103,Haoyuan Huang,,,,,1680.0,3.0,,,,,,,,,,,,,,,,,,True
209267,Vesa Ahti,,,,,1680.0,3.0,,,,,,,,,,,,,,,,,,True
211601,Alvaro Peiro Serrano,,,,,1680.0,3.0,,,,,,,,,,,,,,,,,,True
212289,Tom Sickenberger,,,,,1680.0,3.0,,,,,,,,,,,,,,,,,,True
212932,Noah Karma,,,,,1680.0,3.0,,,,,,,,,,,,,,,,,,True
213298,Carl Holder,,,,,1680.0,3.0,,,,,,,,,,,,,,,,,,True
213637,Daniel Domingos,,,,,1687.0,3.0,,,,,,,,,,,,,,,,,,True
212094,Liam Delicata,,,,,1688.0,3.0,,,,,,,,,,,,,,,,,,True
212738,Manel Lazaro Juncadella,,,,,1688.0,3.0,,,,,,,,,,,,,,,,,,True
213791,Fumin Jiang,,,,,1688.0,3.0,,,,,,,,,,,,,,,,,,True
200045,Anthony Susanto,,,,,1691.0,3.0,,,,,,,,,,,,,,,,,,True
210032,Pierre Antoine Tailleu,,,,,1691.0,3.0,,,,,,,,,,,,,,,,,,True
213075,Alejandro Lopez Escribano,,,,,1691.0,3.0,,,,,,,,,,,,,,,,,,True
209885,Gokberk Saritas,,,,,1694.0,3.0,,,,,,,,,,,,,,,,,,True
213037,Luis Garcia Paez,,,,,1695.0,3.0,,,,,,,,,,,,,,,,,,True
124045,Lawrence Bataljin,,,,,1696.0,3.0,,,,,,,,,,,,,,,,,,True
105578,Cristian Rodriguez,,,,,1697.0,2.0,,,,,,,,,,,,,,,,,,True
126630,Ivan Liutarevich,,,,,1697.0,2.0,,,,,,,,,,,,,,,,,,True
127443,Andres Urrea,,,,,1697.0,2.0,,,,,,,,,,,,,,,,,,True
207505,Mario Mansilla Diez,,,,,1697.0,2.0,,,,,,,,,,,,,,,,,,True
207547,Bruno Pujol Navarro,,,,,1697.0,2.0,,,,,,,,,,,,,,,,,,True
208147,Alexandre Aubriot,,,,,1697.0,2.0,,,,,,,,,,,,,,,,,,True
208254,Ignacio Novo,,,,,1697.0,2.0,,,,,,,,,,,,,,,,,,True
208874,Seita Watanabe,,,,,1697.0,2.0,,,,,,,,,,,,,,,,,,True
211537,Alfred Almasi,,,,,1697.0,2.0,,,,,,,,,,,,,,,,,,True
211754,Pablo Manzano Lapuerta,,,,,1697.0,2.0,,,,,,,,,,,,,,,,,,True
212678,David Bakonyi,,,,,1697.0,2.0,,,,,,,,,,,,,,,,,,True
213691,Connor Doig,,,,,1697.0,2.0,,,,,,,,,,,,,,,,,,True
213738,Jack Satterfield,,,,,1697.0,2.0,,,,,,,,,,,,,,,,,,True
213913,Casper Christensen,,,,,1697.0,2.0,,,,,,,,,,,,,,,,,,True
214270,Tomas Zurmendi,,,,,1697.0,2.0,,,,,,,,,,,,,,,,,,True
214327,Oliver Andre Solis Encinas,,,,,1697.0,2.0,,,,,,,,,,,,,,,,,,True
214329,Diego Eduardo Munoz Navia,,,,,1697.0,2.0,,,,,,,,,,,,,,,,,,True
214541,Heorhii Shylov,,,,,1697.0,2.0,,,,,,,,,,,,,,,,,,True
109737,Markos Kalovelonis,,,,,1715.0,2.0,,,,,,,,,,,,,,,,,,True
210102,Neo Niedner,,,,,1715.0,2.0,,,,,,,,,,,,,,,,,,True
210376,Max Sheldon,,,,,1715.0,2.0,,,,,,,,,,,,,,,,,,True
210504,Billy Blaydes,,,,,1715.0,2.0,,,,,,,,,,,,,,,,,,True
211622,Loan Lestir,,,,,1715.0,2.0,,,,,,,,,,,,,,,,,,True
212570,Nikita Filin,,,,,1715.0,2.0,,,,,,,,,,,,,,,,,,True
212782,Saahith Jayaraman,,,,,1715.0,2.0,,,,,,,,,,,,,,,,,,True
212916,Marko Milosavljevic,,,,,1715.0,2.0,,,,,,,,,,,,,,,,,,True
214054,Baltazar Wiger Nordas,,,,,1715.0,2.0,,,,,,,,,,,,,,,,,,True
214125,Raffaele Ciurnelli,,,,,1715.0,2.0,,,,,,,,,,,,,,,,,,True
214269,Marcel Latak,,,,,1715.0,2.0,,,,,,,,,,,,,,,,,,True
214331,Valentino Conte,,,,,1715.0,2.0,,,,,,,,,,,,,,,,,,True
214337,Eudald Gonzalez,,,,,1715.0,2.0,,,,,,,,,,,,,,,,,,True
123847,Bogdan Bobrov,,,,,1728.0,2.0,,,,,,,,,,,,,,,,,,True
207431,Lewie Lane,,,,,1728.0,2.0,,,,,,,,,,,,,,,,,,True
208151,Filippo Speziali,,,,,1728.0,2.0,,,,,,,,,,,,,,,,,,True
208589,Nikita Volonski,,,,,1728.0,2.0,,,,,,,,,,,,,,,,,,True
209294,Diego Duran,,,,,1728.0,2.0,,,,,,,,,,,,,,,,,,True
210188,Petar Jovanovic,,,,,1728.0,2.0,,,,,,,,,,,,,,,,,,True
211741,Anthony Wright,,,,,1728.0,2.0,,,,,,,,,,,,,,,,,,True
212023,Oscar Lacides,,,,,1728.0,2.0,,,,,,,,,,,,,,,,,,True
212099,Benjamin Vitter,,,,,1728.0,2.0,,,,,,,,,,,,,,,,,,True
212139,Vit Kalina,,,,,1728.0,2.0,,,,,,,,,,,,,,,,,,True
212669,Botond Kisantal,,,,,1728.0,2.0,,,,,,,,,,,,,,,,,,True
213263,Christoph Gayk,,,,,1728.0,2.0,,,,,,,,,,,,,,,,,,True
213651,Agustin Salazar Salazar,,,,,1728.0,2.0,,,,,,,,,,,,,,,,,,True
213999,Leon Sloboda,,,,,1728.0,2.0,,,,,,,,,,,,,,,,,,True
214138,Bastian Berenz,,,,,1728.0,2.0,,,,,,,,,,,,,,,,,,True
214292,Ignacio De Armas,,,,,1728.0,2.0,,,,,,,,,,,,,,,,,,True
214333,Woong Bi Lee,,,,,1728.0,2.0,,,,,,,,,,,,,,,,,,True
122649,Photos Photiades,,,,,1748.0,2.0,,,,,,,,,,,,,,,,,,True
144896,Hao Sheng Koay,,,,,1748.0,2.0,,,,,,,,,,,,,,,,,,True
206888,Zhao Zhao,,,,,1748.0,2.0,,,,,,,,,,,,,,,,,,True
207370,Ryusuke Horiuchi,,,,,1748.0,2.0,,,,,,,,,,,,,,,,,,True
208821,Ondrej Horak,,,,,1748.0,2.0,,,,,,,,,,,,,,,,,,True
209206,Antonio Caruso,,,,,1748.0,2.0,,,,,,,,,,,,,,,,,,True
211333,Vito Tonejc,,,,,1748.0,2.0,,,,,,,,,,,,,,,,,,True
213213,Hyu Kawanishi,,,,,1748.0,2.0,,,,,,,,,,,,,,,,,,True
213367,Emiliano Jorquera,,,,,1748.0,2.0,,,,,,,,,,,,,,,,,,True
104908,Mikal Oliver Statham,,,,,1757.0,2.0,,,,,,,,,,,,,,,,,,True
116985,Petr Michnev,,,,,1757.0,2.0,,,,,,,,,,,,,,,,,,True
210081,Viacheslav Ovchinnikov,,,,,1757.0,2.0,,,,,,,,,,,,,,,,,,True
211587,Diogo Morais,,,,,1757.0,2.0,,,,,,,,,,,,,,,,,,True
211634,Tobia Grandinetti,,,,,1757.0,2.0,,,,,,,,,,,,,,,,,,True
212230,Seungmin Park,,,,,1757.0,2.0,,,,,,,,,,,,,,,,,,True
212914,Corey Craig,,,,,1757.0,2.0,,,,,,,,,,,,,,,,,,True
213601,Pranav Karthik,,,,,1757.0,2.0,,,,,,,,,,,,,,,,,,True
213907,Christian Wedel,,,,,1757.0,2.0,,,,,,,,,,,,,,,,,,True
213964,Bengt Johan Reinhard,,,,,1757.0,2.0,,,,,,,,,,,,,,,,,,True
214276,Min Ho Ko,,,,,1757.0,2.0,,,,,,,,,,,,,,,,,,True
209982,Konstantin Zhzhenov,,,,,1769.0,2.0,,,,,,,,,,,,,,,,,,True
213274,Eli Stephenson,,,,,1769.0,2.0,,,,,,,,,,,,,,,,,,True
213873,Benjamin Perez,,,,,1769.0,2.0,,,,,,,,,,,,,,,,,,True
213933,Kaan Isak Kosaner,,,,,1769.0,2.0,,,,,,,,,,,,,,,,,,True
214025,Boxiong Zhang,,,,,1769.0,2.0,,,,,,,,,,,,,,,,,,True
122536,Juan Pablo Paz,,,,,1774.0,2.0,,,,,,,,,,,,,,,,,,True
134113,Cing Yang Meng,,,,,1774.0,2.0,,,,,,,,,,,,,,,,,,True
200205,Valentin Vanta,,,,,1774.0,2.0,,,,,,,,,,,,,,,,,,True
200622,Hernando Jose Escurra Isnardi,,,,,1774.0,2.0,,,,,,,,,,,,,,,,,,True
206789,Lingxi Zhao,,,,,1774.0,2.0,,,,,,,,,,,,,,,,,,True
207256,Admir Kalender,,,,,1774.0,2.0,,,,,,,,,,,,,,,,,,True
207586,Justas Trainauskas,,,,,1774.0,2.0,,,,,,,,,,,,,,,,,,True
207972,Minjong Park,,,,,1774.0,2.0,,,,,,,,,,,,,,,,,,True
208933,Dian Nedev,,,,,1774.0,2.0,,,,,,,,,,,,,,,,,,True
210170,Noah Schlagenhauf,,,,,1774.0,2.0,,,,,,,,,,,,,,,,,,True
212092,Yu Tanaka,,,,,1774.0,2.0,,,,,,,,,,,,,,,,,,True
212129,Mariano Dedura Palomero,,,,,1774.0,2.0,,,,,,,,,,,,,,,,,,True
212150,Oskar Jansson,,,,,1774.0,2.0,,,,,,,,,,,,,,,,,,True
212462,Evan Burnett,,,,,1774.0,2.0,,,,,,,,,,,,,,,,,,True
212851,Espen Lagarde,,,,,1774.0,2.0,,,,,,,,,,,,,,,,,,True
212929,Nikola Djukic Valera,,,,,1774.0,2.0,,,,,,,,,,,,,,,,,,True
213173,Nicola Senn,,,,,1774.0,2.0,,,,,,,,,,,,,,,,,,True
214261,Lautaro Rocha,,,,,1774.0,2.0,,,,,,,,,,,,,,,,,,True
214377,Tito Chavez,,,,,1774.0,2.0,,,,,,,,,,,,,,,,,,True
214436,Simone Massellani,,,,,1774.0,2.0,,,,,,,,,,,,,,,,,,True
209035,Mikel Martinez,,,,,1794.0,2.0,,,,,,,,,,,,,,,,,,True
213584,Artem Bogomolov,,,,,1794.0,2.0,,,,,,,,,,,,,,,,,,True
213955,Santiago Pesino,,,,,1794.0,2.0,,,,,,,,,,,,,,,,,,True
149104,Patrik Homola,,,,,1797.0,2.0,,,,,,,,,,,,,,,,,,True
208841,Zekai Li,,,,,1797.0,2.0,,,,,,,,,,,,,,,,,,True
209199,Ilias Zimmermann,,,,,1797.0,2.0,,,,,,,,,,,,,,,,,,True
210101,Simone Agostini,,,,,1797.0,2.0,,,,,,,,,,,,,,,,,,True
210114,Julien Penzlin,,,,,1797.0,2.0,,,,,,,,,,,,,,,,,,True
210403,Ivan Dreycopp,,,,,1797.0,2.0,,,,,,,,,,,,,,,,,,True
210408,Luca Fantini,,,,,1797.0,2.0,,,,,,,,,,,,,,,,,,True
210729,Hamza El Amine,,,,,1797.0,2.0,,,,,,,,,,,,,,,,,,True
211326,Gunawan Trismuwantara,,,,,1797.0,2.0,,,,,,,,,,,,,,,,,,True
211701,Jules Leroux,,,,,1797.0,2.0,,,,,,,,,,,,,,,,,,True
211787,Matteo Lavizzari,,,,,1797.0,2.0,,,,,,,,,,,,,,,,,,True
212720,Juan Carlos Fuentes Vasquez,,,,,1797.0,2.0,,,,,,,,,,,,,,,,,,True
212923,Hugo Ouzilou,,,,,1797.0,2.0,,,,,,,,,,,,,,,,,,True
212953,Ilija Palavestra,,,,,1797.0,2.0,,,,,,,,,,,,,,,,,,True
213186,David Petrovic,,,,,1797.0,2.0,,,,,,,,,,,,,,,,,,True
213220,Hugo Cardinaud,,,,,1797.0,2.0,,,,,,,,,,,,,,,,,,True
213278,Leonardo Angeloni,,,,,1797.0,2.0,,,,,,,,,,,,,,,,,,True
213287,Diego Ortiz Gamonsl,,,,,1797.0,2.0,,,,,,,,,,,,,,,,,,True
214198,Daniel Aleksandar Amarandei,,,,,1797.0,2.0,,,,,,,,,,,,,,,,,,True
214209,Lenny Couturier,,,,,1797.0,2.0,,,,,,,,,,,,,,,,,,True
214266,Stefan Ilie Bogdan Petre,,,,,1797.0,2.0,,,,,,,,,,,,,,,,,,True
208315,Javier Molino,,,,,1818.0,2.0,,,,,,,,,,,,,,,,,,True
211674,Kuang Qing Xu,,,,,1818.0,2.0,,,,,,,,,,,,,,,,,,True
212951,Mak Mikovic,,,,,1818.0,2.0,,,,,,,,,,,,,,,,,,True
200479,Luke Simkiss,,,,,1821.0,2.0,,,,,,,,,,,,,,,,,,True
202357,Bang Shuo Yin,,,,,1821.0,2.0,,,,,,,,,,,,,,,,,,True
208154,Laurin Aerne,,,,,1821.0,2.0,,,,,,,,,,,,,,,,,,True
208542,Linghao Zhang,,,,,1821.0,2.0,,,,,,,,,,,,,,,,,,True
210092,Filiberto Fumagalli,,,,,1821.0,2.0,,,,,,,,,,,,,,,,,,True
210396,Dmitry Dolzhenkov,,,,,1821.0,2.0,,,,,,,,,,,,,,,,,,True
212103,Zhan Zheng,,,,,1821.0,2.0,,,,,,,,,,,,,,,,,,True
212196,Yua Taka,,,,,1821.0,2.0,,,,,,,,,,,,,,,,,,True
212473,Miles Clark,,,,,1821.0,2.0,,,,,,,,,,,,,,,,,,True
212798,Shanker Heisnam,,,,,1821.0,2.0,,,,,,,,,,,,,,,,,,True
213135,Ruslan Serazhetdinov,,,,,1821.0,2.0,,,,,,,,,,,,,,,,,,True
213185,Makar Krivoshchekov,,,,,1821.0,2.0,,,,,,,,,,,,,,,,,,True
213547,Alex Santino Nunez Vera,,,,,1821.0,2.0,,,,,,,,,,,,,,,,,,True
213716,Yoshka Sborowsky,,,,,1821.0,2.0,,,,,,,,,,,,,,,,,,True
213885,Nav Dayal,,,,,1821.0,2.0,,,,,,,,,,,,,,,,,,True
214082,Justin Lenders,,,,,1821.0,2.0,,,,,,,,,,,,,,,,,,True
214317,Giovanni Ciocca,,,,,1821.0,2.0,,,,,,,,,,,,,,,,,,True
209238,Sebastian Dominguez,,,,,1839.0,2.0,,,,,,,,,,,,,,,,,,True
209946,Maikel De Boes,,,,,1839.0,2.0,,,,,,,,,,,,,,,,,,True
210315,Pietro Pampanin,,,,,1839.0,2.0,,,,,,,,,,,,,,,,,,True
211539,Gabor Hornung,,,,,1839.0,2.0,,,,,,,,,,,,,,,,,,True
138467,Marvin Bernardo Becker Spiering,,,,,1843.0,2.0,,,,,,,,,,,,,,,,,,True
210204,Drazen Petrovic,,,,,1843.0,2.0,,,,,,,,,,,,,,,,,,True
210287,Noah Regas Luis,,,,,1843.0,2.0,,,,,,,,,,,,,,,,,,True
210341,Ajay Malik,,,,,1843.0,2.0,,,,,,,,,,,,,,,,,,True
210454,Jesse De Jager,,,,,1843.0,2.0,,,,,,,,,,,,,,,,,,True
211457,Sven Corbinais,,,,,1843.0,2.0,,,,,,,,,,,,,,,,,,True
212294,Matei Todoran,,,,,1843.0,2.0,,,,,,,,,,,,,,,,,,True
212860,Dakotah Bobo,,,,,1843.0,2.0,,,,,,,,,,,,,,,,,,True
212890,Caheer Warik,,,,,1843.0,2.0,,,,,,,,,,,,,,,,,,True
213777,Savva Rybkin,,,,,1843.0,2.0,,,,,,,,,,,,,,,,,,True
213931,Jun Hao Luo,,,,,1843.0,2.0,,,,,,,,,,,,,,,,,,True
214037,Jan Wygona,,,,,1843.0,2.0,,,,,,,,,,,,,,,,,,True
214111,Tomas Jordi Leston,,,,,1843.0,2.0,,,,,,,,,,,,,,,,,,True
214117,Jack Mcgary,,,,,1843.0,2.0,,,,,,,,,,,,,,,,,,True
209847,Dorian Tremblay,,,,,1857.0,2.0,,,,,,,,,,,,,,,,,,True
124074,Kazuma Kawachi,,,,,1858.0,2.0,,,,,,,,,,,,,,,,,,True
206739,Essa Qabazard,,,,,1858.0,2.0,,,,,,,,,,,,,,,,,,True
206827,Alan Sau Franco,,,,,1858.0,2.0,,,,,,,,,,,,,,,,,,True
208853,Adrien Burdet,,,,,1858.0,2.0,,,,,,,,,,,,,,,,,,True
210666,Ha Minh Duc Vu,,,,,1858.0,2.0,,,,,,,,,,,,,,,,,,True
210670,Sasa Markovic,,,,,1858.0,2.0,,,,,,,,,,,,,,,,,,True
214139,Nicola Ion,,,,,1858.0,2.0,,,,,,,,,,,,,,,,,,True
210110,Alessandro Bellifemine,,,,,1865.0,2.0,,,,,,,,,,,,,,,,,,True
213121,Lars Goran Verwerft,,,,,1865.0,2.0,,,,,,,,,,,,,,,,,,True
207367,Bora Sengul,,,,,1867.0,2.0,,,,,,,,,,,,,,,,,,True
211600,Carlos Giraldi,,,,,1867.0,2.0,,,,,,,,,,,,,,,,,,True
212724,Anas Bennour Dit Sahli,,,,,1867.0,2.0,,,,,,,,,,,,,,,,,,True
213097,Alvaro Jimenez,,,,,1867.0,2.0,,,,,,,,,,,,,,,,,,True
213774,Dmitry Kopilevich,,,,,1867.0,2.0,,,,,,,,,,,,,,,,,,True
211557,Lorenzo Ferri,,,,,1872.0,2.0,,,,,,,,,,,,,,,,,,True
212919,Ivan Biletic,,,,,1872.0,2.0,,,,,,,,,,,,,,,,,,True
213024,Ivan Iutkin,,,,,1872.0,2.0,,,,,,,,,,,,,,,,,,True
213373,William Nolan,,,,,1872.0,2.0,,,,,,,,,,,,,,,,,,True
209346,Stijn Pel,,,,,1876.0,2.0,,,,,,,,,,,,,,,,,,True
210103,Luca Parenti,,,,,1876.0,2.0,,,,,,,,,,,,,,,,,,True
213819,Andrei Kunitsyn,,,,,1878.0,2.0,,,,,,,,,,,,,,,,,,True
212562,Ignasi Forcano,,,,,1879.0,2.0,,,,,,,,,,,,,,,,,,True
213692,Karim Mabrouk,,,,,1879.0,2.0,,,,,,,,,,,,,,,,,,True
213378,Adam Farag Cao,,,,,1881.0,2.0,,,,,,,,,,,,,,,,,,True
105618,Juan Samuel Arauzo Martinez,,,,,1882.0,1.0,,,,,,,,,,,,,,,,,,True
105816,Batyr Sapaev,,,,,1882.0,1.0,,,,,,,,,,,,,,,,,,True
120792,M Abid Ali Khan Akbar,,,,,1882.0,1.0,,,,,,,,,,,,,,,,,,True
124126,Sarp Agabigun,,,,,1882.0,1.0,,,,,,,,,,,,,,,,,,True
125804,Brandon Walkin,,,,,1882.0,1.0,,,,,,,,,,,,,,,,,,True
127195,Hamza Karmoussi,,,,,1882.0,1.0,,,,,,,,,,,,,,,,,,True
127894,Yusuke Yoshikawa,,,,,1882.0,1.0,,,,,,,,,,,,,,,,,,True
132456,Vasilios Caripi,,,,,1882.0,1.0,,,,,,,,,,,,,,,,,,True
134423,Leevi Saatela,,,,,1882.0,1.0,,,,,,,,,,,,,,,,,,True
148678,Cyrus Mahjoob,,,,,1882.0,1.0,,,,,,,,,,,,,,,,,,True
149283,Freddy Murray,,,,,1882.0,1.0,,,,,,,,,,,,,,,,,,True
200100,Tomas Rengel Sierra,,,,,1882.0,1.0,,,,,,,,,,,,,,,,,,True
202155,Yeongseok Jeong,,,,,1882.0,1.0,,,,,,,,,,,,,,,,,,True
204737,Alejandro Moreno,,,,,1882.0,1.0,,,,,,,,,,,,,,,,,,True
206625,Daniil Golubev,,,,,1882.0,1.0,,,,,,,,,,,,,,,,,,True
206716,Lukas Hellum Lilleengen,,,,,1882.0,1.0,,,,,,,,,,,,,,,,,,True
208301,Gustaf Strom,,,,,1882.0,1.0,,,,,,,,,,,,,,,,,,True
208329,Maximilian Todorov,,,,,1882.0,1.0,,,,,,,,,,,,,,,,,,True
208397,Barkat Khan,,,,,1882.0,1.0,,,,,,,,,,,,,,,,,,True
208718,Mason Naumovski,,,,,1882.0,1.0,,,,,,,,,,,,,,,,,,True
209093,Juliusz Bienkiewicz,,,,,1882.0,1.0,,,,,,,,,,,,,,,,,,True
209865,Peter Benjamin Privara,,,,,1882.0,1.0,,,,,,,,,,,,,,,,,,True
209880,Carl Roothman,,,,,1882.0,1.0,,,,,,,,,,,,,,,,,,True
209948,Jan Sebesta,,,,,1882.0,1.0,,,,,,,,,,,,,,,,,,True
209991,Hanamichi Carvajal,,,,,1882.0,1.0,,,,,,,,,,,,,,,,,,True
210035,Karim El Feky,,,,,1882.0,1.0,,,,,,,,,,,,,,,,,,True
210133,Valdemar Frederik Pape,,,,,1882.0,1.0,,,,,,,,,,,,,,,,,,True
210162,Harry Thursfield,,,,,1882.0,1.0,,,,,,,,,,,,,,,,,,True
210356,Andres Urquiola Montellano,,,,,1882.0,1.0,,,,,,,,,,,,,,,,,,True
211458,Nathan Anthony Barki,,,,,1882.0,1.0,,,,,,,,,,,,,,,,,,True
211472,Oliver Johansson,,,,,1882.0,1.0,,,,,,,,,,,,,,,,,,True
211608,Nicolas Kobelt,,,,,1882.0,1.0,,,,,,,,,,,,,,,,,,True
211630,Jan Simonsson,,,,,1882.0,1.0,,,,,,,,,,,,,,,,,,True
211685,Birtan Duran,,,,,1882.0,1.0,,,,,,,,,,,,,,,,,,True
211730,Sandesh Dattatray Kurale,,,,,1882.0,1.0,,,,,,,,,,,,,,,,,,True
212504,Nika Bidzinashvili,,,,,1882.0,1.0,,,,,,,,,,,,,,,,,,True
212517,Marcos Castro Fabra,,,,,1882.0,1.0,,,,,,,,,,,,,,,,,,True
212521,Thomas Kostka,,,,,1882.0,1.0,,,,,,,,,,,,,,,,,,True
212527,Adam Kaczmarek,,,,,1882.0,1.0,,,,,,,,,,,,,,,,,,True
212668,Tyler Bowers,,,,,1882.0,1.0,,,,,,,,,,,,,,,,,,True
212712,Alexis Berquier,,,,,1882.0,1.0,,,,,,,,,,,,,,,,,,True
212758,Jarrod Joyce,,,,,1882.0,1.0,,,,,,,,,,,,,,,,,,True
213028,Kornel Halmos,,,,,1882.0,1.0,,,,,,,,,,,,,,,,,,True
213115,Elijah Cham,,,,,1882.0,1.0,,,,,,,,,,,,,,,,,,True
213142,Bryan Hernandez Cortes,,,,,1882.0,1.0,,,,,,,,,,,,,,,,,,True
213342,David Jeanne Grandinot,,,,,1882.0,1.0,,,,,,,,,,,,,,,,,,True
213671,Roberto Ferrer Guimaraes,,,,,1882.0,1.0,,,,,,,,,,,,,,,,,,True
213768,Kase Schinnerer,,,,,1882.0,1.0,,,,,,,,,,,,,,,,,,True
213868,Maxim Groysman,,,,,1882.0,1.0,,,,,,,,,,,,,,,,,,True
213904,Xavier Ferrer Mateo,,,,,1882.0,1.0,,,,,,,,,,,,,,,,,,True
213934,Ricard Novell,,,,,1882.0,1.0,,,,,,,,,,,,,,,,,,True
213937,Dawid Wisniewski,,,,,1882.0,1.0,,,,,,,,,,,,,,,,,,True
213942,Tighe Brunetti,,,,,1882.0,1.0,,,,,,,,,,,,,,,,,,True
213966,Jerry Barton,,,,,1882.0,1.0,,,,,,,,,,,,,,,,,,True
214010,Shixun Zhu,,,,,1882.0,1.0,,,,,,,,,,,,,,,,,,True
214024,Djordje Sapic,,,,,1882.0,1.0,,,,,,,,,,,,,,,,,,True
214045,Ryan Torres,,,,,1882.0,1.0,,,,,,,,,,,,,,,,,,True
214077,Vaal Urankar,,,,,1882.0,1.0,,,,,,,,,,,,,,,,,,True
214099,Kaspar Mathes,,,,,1882.0,1.0,,,,,,,,,,,,,,,,,,True
214100,Niklas Niggemann,,,,,1882.0,1.0,,,,,,,,,,,,,,,,,,True
214132,William Zhang,,,,,1882.0,1.0,,,,,,,,,,,,,,,,,,True
214160,Henry Ren,,,,,1882.0,1.0,,,,,,,,,,,,,,,,,,True
214218,Malanqi Du,,,,,1882.0,1.0,,,,,,,,,,,,,,,,,,True
214233,Woong Chan Lee,,,,,1882.0,1.0,,,,,,,,,,,,,,,,,,True
214248,Oriol Font,,,,,1882.0,1.0,,,,,,,,,,,,,,,,,,True
214251,Noah Martens,,,,,1882.0,1.0,,,,,,,,,,,,,,,,,,True
214254,Roberto Perez Socas,,,,,1882.0,1.0,,,,,,,,,,,,,,,,,,True
214271,Mauricio Schtulmann Gasca,,,,,1882.0,1.0,,,,,,,,,,,,,,,,,,True
214283,Juan Ignacio Barraza,,,,,1882.0,1.0,,,,,,,,,,,,,,,,,,True
214294,Augusto Mateo Lucarelli,,,,,1882.0,1.0,,,,,,,,,,,,,,,,,,True
214306,Juan Francisco Munoz,,,,,1882.0,1.0,,,,,,,,,,,,,,,,,,True
214310,Pietro Gava,,,,,1882.0,1.0,,,,,,,,,,,,,,,,,,True
214312,Rafael Augusto Garcia Finetto,,,,,1882.0,1.0,,,,,,,,,,,,,,,,,,True
214353,Gian Durrer,,,,,1882.0,1.0,,,,,,,,,,,,,,,,,,True
214372,Rajat Shirur,,,,,1882.0,1.0,,,,,,,,,,,,,,,,,,True
214385,Motoharu Abe,,,,,1882.0,1.0,,,,,,,,,,,,,,,,,,True
214426,Felix Raser,,,,,1882.0,1.0,,,,,,,,,,,,,,,,,,True
214455,Liangxuan Lu,,,,,1882.0,1.0,,,,,,,,,,,,,,,,,,True
214458,Adria Velazquez Farre,,,,,1882.0,1.0,,,,,,,,,,,,,,,,,,True
214467,Zac Hamill,,,,,1882.0,1.0,,,,,,,,,,,,,,,,,,True
214472,Finn Emslie Robson,,,,,1882.0,1.0,,,,,,,,,,,,,,,,,,True
214502,Kanta Kujisaki,,,,,1882.0,1.0,,,,,,,,,,,,,,,,,,True
214508,Mikhail Tsapenko,,,,,1882.0,1.0,,,,,,,,,,,,,,,,,,True
214531,Oliwier Sterniczuk,,,,,1882.0,1.0,,,,,,,,,,,,,,,,,,True
126715,Fernando Yamacita,,,,,1971.0,1.0,,,,,,,,,,,,,,,,,,True
126732,Eric Ahren Moonga,,,,,1971.0,1.0,,,,,,,,,,,,,,,,,,True
127140,Alessandro Dragoni,,,,,1971.0,1.0,,,,,,,,,,,,,,,,,,True
144727,Joao Antonio,,,,,1971.0,1.0,,,,,,,,,,,,,,,,,,True
149100,Romeo Arcuschin,,,,,1971.0,1.0,,,,,,,,,,,,,,,,,,True
149157,Luis Jose Nakamine,,,,,1971.0,1.0,,,,,,,,,,,,,,,,,,True
200012,Tim Ruehl,,,,,1971.0,1.0,,,,,,,,,,,,,,,,,,True
202307,Alejandro Garcia,,,,,1971.0,1.0,,,,,,,,,,,,,,,,,,True
202363,Fabien Salle,,,,,1971.0,1.0,,,,,,,,,,,,,,,,,,True
205905,Sergio Ingles Garre,,,,,1971.0,1.0,,,,,,,,,,,,,,,,,,True
206673,Bharath Nishok Kumaran,,,,,1971.0,1.0,,,,,,,,,,,,,,,,,,True
206738,Bader Alabdullah,,,,,1971.0,1.0,,,,,,,,,,,,,,,,,,True
208418,Jonas Schaer,,,,,1971.0,1.0,,,,,,,,,,,,,,,,,,True
208672,Jose Luis Claro,,,,,1971.0,1.0,,,,,,,,,,,,,,,,,,True
208848,Mikolaj Lorens,,,,,1971.0,1.0,,,,,,,,,,,,,,,,,,True
208878,Ryder Jackson,,,,,1971.0,1.0,,,,,,,,,,,,,,,,,,True
209986,Viktor Jovic,,,,,1971.0,1.0,,,,,,,,,,,,,,,,,,True
210112,Veljko Krstic,,,,,1971.0,1.0,,,,,,,,,,,,,,,,,,True
210151,Mark Havlicek,,,,,1971.0,1.0,,,,,,,,,,,,,,,,,,True
210206,Jip Van Assendelft,,,,,1971.0,1.0,,,,,,,,,,,,,,,,,,True
210212,Alexander Petrov,,,,,1971.0,1.0,,,,,,,,,,,,,,,,,,True
210260,Gabriel Elicha Navas,,,,,1971.0,1.0,,,,,,,,,,,,,,,,,,True
210349,Amaan Siddiqui,,,,,1971.0,1.0,,,,,,,,,,,,,,,,,,True
210388,Kaeri Hernandez Mariona,,,,,1971.0,1.0,,,,,,,,,,,,,,,,,,True
210400,Nicolas Rafael Goldberg Alviani,,,,,1971.0,1.0,,,,,,,,,,,,,,,,,,True
210419,Daniele Minighini,,,,,1971.0,1.0,,,,,,,,,,,,,,,,,,True
210434,Charlie Camus,,,,,1971.0,1.0,,,,,,,,,,,,,,,,,,True
210440,Federico Bove,,,,,1971.0,1.0,,,,,,,,,,,,,,,,,,True
210467,Rafael Segado Esteve,,,,,1971.0,1.0,,,,,,,,,,,,,,,,,,True
210548,Tim Loosen,,,,,1971.0,1.0,,,,,,,,,,,,,,,,,,True
211353,Thomas Nicholas Gadecki,,,,,1971.0,1.0,,,,,,,,,,,,,,,,,,True
211396,Vladimir Bazilevskiy,,,,,1971.0,1.0,,,,,,,,,,,,,,,,,,True
211402,Mikhail Dubrouski,,,,,1971.0,1.0,,,,,,,,,,,,,,,,,,True
211489,Maximilian Oezcelik,,,,,1971.0,1.0,,,,,,,,,,,,,,,,,,True
211545,Seiya Nakanishi,,,,,1971.0,1.0,,,,,,,,,,,,,,,,,,True
211563,Aaron James Williams,,,,,1971.0,1.0,,,,,,,,,,,,,,,,,,True
211640,Victor Barrere,,,,,1971.0,1.0,,,,,,,,,,,,,,,,,,True
212098,Iker Urribarrens Ramirez,,,,,1971.0,1.0,,,,,,,,,,,,,,,,,,True
212123,Sergio Badini,,,,,1971.0,1.0,,,,,,,,,,,,,,,,,,True
212278,Milos Mikovic,,,,,1971.0,1.0,,,,,,,,,,,,,,,,,,True
212493,Ramiro Amarilla,,,,,1971.0,1.0,,,,,,,,,,,,,,,,,,True
212636,Maxime St Hilaire,,,,,1971.0,1.0,,,,,,,,,,,,,,,,,,True
212883,Andres Delgadillo,,,,,1971.0,1.0,,,,,,,,,,,,,,,,,,True
212909,Dingzheng Nima,,,,,1971.0,1.0,,,,,,,,,,,,,,,,,,True
212990,Alejandro Jacome Jaramillo,,,,,1971.0,1.0,,,,,,,,,,,,,,,,,,True
212996,Iker Gaztambide Arrastia,,,,,1971.0,1.0,,,,,,,,,,,,,,,,,,True
213005,Ali Missoum,,,,,1971.0,1.0,,,,,,,,,,,,,,,,,,True
213020,Aadarsh Tripathi,,,,,1971.0,1.0,,,,,,,,,,,,,,,,,,True
213099,Philippe Renard,,,,,1971.0,1.0,,,,,,,,,,,,,,,,,,True
213428,Jin Peng Tang,,,,,1971.0,1.0,,,,,,,,,,,,,,,,,,True
213633,Rethin Pranav Senthil Kumar,,,,,1971.0,1.0,,,,,,,,,,,,,,,,,,True
213663,Maximilian Borisov,,,,,1971.0,1.0,,,,,,,,,,,,,,,,,,True
213711,Dario Alexandru Ciobotaru,,,,,1971.0,1.0,,,,,,,,,,,,,,,,,,True
213723,Stephen Slocombe,,,,,1971.0,1.0,,,,,,,,,,,,,,,,,,True
213736,Martin Doskocil,,,,,1971.0,1.0,,,,,,,,,,,,,,,,,,True
213767,Alexander Glomb,,,,,1971.0,1.0,,,,,,,,,,,,,,,,,,True
213850,Aron Janos Major,,,,,1971.0,1.0,,,,,,,,,,,,,,,,,,True
213895,Arturs Zagars,,,,,1971.0,1.0,,,,,,,,,,,,,,,,,,True
213917,Yuya Hirose,,,,,1971.0,1.0,,,,,,,,,,,,,,,,,,True
213950,Nicolas Baena,,,,,1971.0,1.0,,,,,,,,,,,,,,,,,,True
213959,Ilya Ignatov,,,,,1971.0,1.0,,,,,,,,,,,,,,,,,,True
213971,Tomas Marin,,,,,1971.0,1.0,,,,,,,,,,,,,,,,,,True
213973,Pablo Robledo Hoyos,,,,,1971.0,1.0,,,,,,,,,,,,,,,,,,True
213981,Elias Sumann,,,,,1971.0,1.0,,,,,,,,,,,,,,,,,,True
213988,Alex Okonkwo,,,,,1971.0,1.0,,,,,,,,,,,,,,,,,,True
214008,David Asenov,,,,,1971.0,1.0,,,,,,,,,,,,,,,,,,True
214031,Nicholas Steiglehner,,,,,1971.0,1.0,,,,,,,,,,,,,,,,,,True
214068,Daniel Tazabekov,,,,,1971.0,1.0,,,,,,,,,,,,,,,,,,True
214078,Leonardo Iemmi,,,,,1971.0,1.0,,,,,,,,,,,,,,,,,,True
214083,Thomas Gunzinger,,,,,1971.0,1.0,,,,,,,,,,,,,,,,,,True
214087,Jan Sadzik,,,,,1971.0,1.0,,,,,,,,,,,,,,,,,,True
214088,Uladzislau Tarasevich,,,,,1971.0,1.0,,,,,,,,,,,,,,,,,,True
214110,Kai An Wu,,,,,1971.0,1.0,,,,,,,,,,,,,,,,,,True
214131,Edward Etty,,,,,1971.0,1.0,,,,,,,,,,,,,,,,,,True
214133,Wen Bo Fan,,,,,1971.0,1.0,,,,,,,,,,,,,,,,,,True
214142,Kai Thompson,,,,,1971.0,1.0,,,,,,,,,,,,,,,,,,True
214187,Luigi Valletta,,,,,1971.0,1.0,,,,,,,,,,,,,,,,,,True
214211,Arian Barbic,,,,,1971.0,1.0,,,,,,,,,,,,,,,,,,True
214216,Anes Latifovic,,,,,1971.0,1.0,,,,,,,,,,,,,,,,,,True
214232,Lorenzo Balducci,,,,,1971.0,1.0,,,,,,,,,,,,,,,,,,True
214241,Sasha Colleu,,,,,1971.0,1.0,,,,,,,,,,,,,,,,,,True
214263,Matic Hribar,,,,,1971.0,1.0,,,,,,,,,,,,,,,,,,True
214285,Daniel Adeleye,,,,,1971.0,1.0,,,,,,,,,,,,,,,,,,True
214290,Leonardo Suarez,,,,,1971.0,1.0,,,,,,,,,,,,,,,,,,True
214297,Julian Valenzuela,,,,,1971.0,1.0,,,,,,,,,,,,,,,,,,True
214307,Ids Waterbolk,,,,,1971.0,1.0,,,,,,,,,,,,,,,,,,True
214308,Tomas Dummer Macedo,,,,,1971.0,1.0,,,,,,,,,,,,,,,,,,True
214358,Finn Willman,,,,,1971.0,1.0,,,,,,,,,,,,,,,,,,True
214364,Alexander Gschiel,,,,,1971.0,1.0,,,,,,,,,,,,,,,,,,True
214373,Pierre Ngijol Carre,,,,,1971.0,1.0,,,,,,,,,,,,,,,,,,True
214509,Natsuki Yamamoto,,,,,1971.0,1.0,,,,,,,,,,,,,,,,,,True
214514,Abubakar Talha,,,,,1971.0,1.0,,,,,,,,,,,,,,,,,,True
214530,Oliver Sanders,,,,,1971.0,1.0,,,,,,,,,,,,,,,,,,True
214551,Marwan Ehab,,,,,1971.0,1.0,,,,,,,,,,,,,,,,,,True
103499,Aqeel Khan,,,,,2069.0,1.0,,,,,,,,,,,,,,,,,,True
109732,Enrique Bogo,,,,,2069.0,1.0,,,,,,,,,,,,,,,,,,True
132433,Stefan Menichella,,,,,2069.0,1.0,,,,,,,,,,,,,,,,,,True
132804,Jordi Mas De Ugarte,,,,,2069.0,1.0,,,,,,,,,,,,,,,,,,True
144833,Andres Gabriel Ciurletti,,,,,2069.0,1.0,,,,,,,,,,,,,,,,,,True
149125,Maciej Matuszczyk,,,,,2069.0,1.0,,,,,,,,,,,,,,,,,,True
149161,David Cristian Carteputreda,,,,,2069.0,1.0,,,,,,,,,,,,,,,,,,True
200608,Andres Fernandez Canovas,,,,,2069.0,1.0,,,,,,,,,,,,,,,,,,True
200662,Toru Horie,,,,,2069.0,1.0,,,,,,,,,,,,,,,,,,True
207167,Barney Fitzpatrick,,,,,2069.0,1.0,,,,,,,,,,,,,,,,,,True
207725,Niels Peter Van Noord,,,,,2069.0,1.0,,,,,,,,,,,,,,,,,,True
208076,Danielle Abadia,,,,,2069.0,1.0,,,,,,,,,,,,,,,,,,True
208204,Francois Musitelli,,,,,2069.0,1.0,,,,,,,,,,,,,,,,,,True
208668,Sean Hess,,,,,2069.0,1.0,,,,,,,,,,,,,,,,,,True
209316,Anthony Genov,,,,,2069.0,1.0,,,,,,,,,,,,,,,,,,True
209895,Sai Karteek Reddy Ganta,,,,,2069.0,1.0,,,,,,,,,,,,,,,,,,True
209933,Clement Deleersnyder,,,,,2069.0,1.0,,,,,,,,,,,,,,,,,,True
210094,Alexander Vikhlyantsev,,,,,2069.0,1.0,,,,,,,,,,,,,,,,,,True
210248,Jakub Kroslak,,,,,2069.0,1.0,,,,,,,,,,,,,,,,,,True
210580,Zaharije Zak Talic,,,,,2069.0,1.0,,,,,,,,,,,,,,,,,,True
210597,Ahmed Zaki,,,,,2069.0,1.0,,,,,,,,,,,,,,,,,,True
210662,Marco Alvarez,,,,,2069.0,1.0,,,,,,,,,,,,,,,,,,True
210664,Bjorn Swenson,,,,,2069.0,1.0,,,,,,,,,,,,,,,,,,True
211358,Adam Majchrzak,,,,,2069.0,1.0,,,,,,,,,,,,,,,,,,True
211592,Tadija Radovanovic,,,,,2069.0,1.0,,,,,,,,,,,,,,,,,,True
211607,Filip Stidell,,,,,2069.0,1.0,,,,,,,,,,,,,,,,,,True
211699,Franco Marini,,,,,2069.0,1.0,,,,,,,,,,,,,,,,,,True
212102,Maximus Zavier Wong,,,,,2069.0,1.0,,,,,,,,,,,,,,,,,,True
212188,Benjamin Martin,,,,,2069.0,1.0,,,,,,,,,,,,,,,,,,True
212557,Samuel Stolarik,,,,,2069.0,1.0,,,,,,,,,,,,,,,,,,True
212601,Luka Bojicic Ono,,,,,2069.0,1.0,,,,,,,,,,,,,,,,,,True
212619,Charlie Pade,,,,,2069.0,1.0,,,,,,,,,,,,,,,,,,True
212633,Tomas Pinho,,,,,2069.0,1.0,,,,,,,,,,,,,,,,,,True
212764,Fabrizio Karol Pio Osti,,,,,2069.0,1.0,,,,,,,,,,,,,,,,,,True
212805,Saba George Nanobashvili,,,,,2069.0,1.0,,,,,,,,,,,,,,,,,,True
212869,Franco Ariel Vazquez,,,,,2069.0,1.0,,,,,,,,,,,,,,,,,,True
213051,Thanaphat Boosarawongse,,,,,2069.0,1.0,,,,,,,,,,,,,,,,,,True
213158,Vicente Monge,,,,,2069.0,1.0,,,,,,,,,,,,,,,,,,True
213160,Adam Gabor Szoke,,,,,2069.0,1.0,,,,,,,,,,,,,,,,,,True
213193,Damir Abdusamadov,,,,,2069.0,1.0,,,,,,,,,,,,,,,,,,True
213199,Dorian Juszczak,,,,,2069.0,1.0,,,,,,,,,,,,,,,,,,True
213551,Jakub Vrba,,,,,2069.0,1.0,,,,,,,,,,,,,,,,,,True
213565,Isaac Lhomond,,,,,2069.0,1.0,,,,,,,,,,,,,,,,,,True
213680,Javier Guzman,,,,,2069.0,1.0,,,,,,,,,,,,,,,,,,True
213708,Henrik Villanger,,,,,2069.0,1.0,,,,,,,,,,,,,,,,,,True
213839,Santiago Giamichelle,,,,,2069.0,1.0,,,,,,,,,,,,,,,,,,True
213949,Julius Maximilian Haus,,,,,2069.0,1.0,,,,,,,,,,,,,,,,,,True
213961,Tarek Erlewein,,,,,2069.0,1.0,,,,,,,,,,,,,,,,,,True
214017,Jon Gamble,,,,,2069.0,1.0,,,,,,,,,,,,,,,,,,True
214019,Hidde Schoenmakers,,,,,2069.0,1.0,,,,,,,,,,,,,,,,,,True
214035,Guelord Kayombo,,,,,2069.0,1.0,,,,,,,,,,,,,,,,,,True
214076,Matyas Kozlovsky,,,,,2069.0,1.0,,,,,,,,,,,,,,,,,,True
214096,llan Hediger,,,,,2069.0,1.0,,,,,,,,,,,,,,,,,,True
214154,Enrique Collar,,,,,2069.0,1.0,,,,,,,,,,,,,,,,,,True
214165,Joao Pedro Didoni Bonini,,,,,2069.0,1.0,,,,,,,,,,,,,,,,,,True
214172,Mattias Pisanu,,,,,2069.0,1.0,,,,,,,,,,,,,,,,,,True
214301,Matthew Carroll,,,,,2069.0,1.0,,,,,,,,,,,,,,,,,,True
214314,Cooper Mccarthy,,,,,2069.0,1.0,,,,,,,,,,,,,,,,,,True
214328,Andre Souza,,,,,2069.0,1.0,,,,,,,,,,,,,,,,,,True
214355,Eyad Reda Ezzat Mohamed Sherif,,,,,2069.0,1.0,,,,,,,,,,,,,,,,,,True
214367,Marco Migliorati,,,,,2069.0,1.0,,,,,,,,,,,,,,,,,,True
214375,Luis Andres Flores Avila,,,,,2069.0,1.0,,,,,,,,,,,,,,,,,,True
214427,Tim Vaisman,,,,,2069.0,1.0,,,,,,,,,,,,,,,,,,True
214525,Mario Andre Galarraga,,,,,2069.0,1.0,,,,,,,,,,,,,,,,,,True
106339,Felipe Assuncao Garla,,,,,2134.0,1.0,,,,,,,,,,,,,,,,,,True
125848,Niels Lootsma,,,,,2134.0,1.0,,,,,,,,,,,,,,,,,,True
200187,Luc Fomba,,,,,2134.0,1.0,,,,,,,,,,,,,,,,,,True
200690,Yuhei Kono,,,,,2134.0,1.0,,,,,,,,,,,,,,,,,,True
207748,Hong Lin Fu,,,,,2134.0,1.0,,,,,,,,,,,,,,,,,,True
207780,Jordan Chiu,,,,,2134.0,1.0,,,,,,,,,,,,,,,,,,True
208083,Adam Heinonen,,,,,2134.0,1.0,,,,,,,,,,,,,,,,,,True
208157,Jan Jermar,,,,,2134.0,1.0,,,,,,,,,,,,,,,,,,True
209137,Noppadol Noikor,,,,,2134.0,1.0,,,,,,,,,,,,,,,,,,True
209161,Milledge Cossu,,,,,2134.0,1.0,,,,,,,,,,,,,,,,,,True
209328,Martin Maldonado,,,,,2134.0,1.0,,,,,,,,,,,,,,,,,,True
210422,Roan Jones,,,,,2134.0,1.0,,,,,,,,,,,,,,,,,,True
210704,Kian Vakili,,,,,2134.0,1.0,,,,,,,,,,,,,,,,,,True
210753,Matic Kriznik,,,,,2134.0,1.0,,,,,,,,,,,,,,,,,,True
211493,Calin Teodor Stirbu,,,,,2134.0,1.0,,,,,,,,,,,,,,,,,,True
211603,Freddie Ridout,,,,,2134.0,1.0,,,,,,,,,,,,,,,,,,True
211703,Sarthak Suden,,,,,2134.0,1.0,,,,,,,,,,,,,,,,,,True
212024,Alejandro Melero Kretzer,,,,,2134.0,1.0,,,,,,,,,,,,,,,,,,True
212039,Mohammad Alkotop,,,,,2134.0,1.0,,,,,,,,,,,,,,,,,,True
212469,Qiulin Wang,,,,,2134.0,1.0,,,,,,,,,,,,,,,,,,True
212754,Norbert Marosik,,,,,2134.0,1.0,,,,,,,,,,,,,,,,,,True
212792,Thomas Drayton,,,,,2134.0,1.0,,,,,,,,,,,,,,,,,,True
212938,Botond Nagy,,,,,2134.0,1.0,,,,,,,,,,,,,,,,,,True
213047,Marcin Andrzejczak,,,,,2134.0,1.0,,,,,,,,,,,,,,,,,,True
213074,Hugo Hashimoto,,,,,2134.0,1.0,,,,,,,,,,,,,,,,,,True
213181,Rein Koenders,,,,,2134.0,1.0,,,,,,,,,,,,,,,,,,True
213813,Alexander Ushakov,,,,,2134.0,1.0,,,,,,,,,,,,,,,,,,True
213831,Vicente Freda,,,,,2134.0,1.0,,,,,,,,,,,,,,,,,,True
213869,Abdulaziz Usmonjonov,,,,,2134.0,1.0,,,,,,,,,,,,,,,,,,True
214028,Matei Varbanciu,,,,,2134.0,1.0,,,,,,,,,,,,,,,,,,True
214055,Flavio Bocci,,,,,2134.0,1.0,,,,,,,,,,,,,,,,,,True
214247,Vihaan Reddy,,,,,2134.0,1.0,,,,,,,,,,,,,,,,,,True
214259,Rodrigo Leal,,,,,2134.0,1.0,,,,,,,,,,,,,,,,,,True
214404,Oscar Pinto Sansano,,,,,2134.0,1.0,,,,,,,,,,,,,,,,,,True
214544,Tugra Duran,,,,,2134.0,1.0,,,,,,,,,,,,,,,,,,True
131999,Kyle Seelig,,,,,2170.0,1.0,,,,,,,,,,,,,,,,,,True
138328,Patricio Betancourt Gonzalez,,,,,2170.0,1.0,,,,,,,,,,,,,,,,,,True
149141,Marko Nikolic,,,,,2170.0,1.0,,,,,,,,,,,,,,,,,,True
202347,Francisco Faria,,,,,2170.0,1.0,,,,,,,,,,,,,,,,,,True
202413,Lazar Vojinovic,,,,,2170.0,1.0,,,,,,,,,,,,,,,,,,True
208558,Rafael Kis Balazs,,,,,2170.0,1.0,,,,,,,,,,,,,,,,,,True
208897,Pablo Masjuan Ginel,,,,,2170.0,1.0,,,,,,,,,,,,,,,,,,True
211554,Suk Ann,,,,,2170.0,1.0,,,,,,,,,,,,,,,,,,True
211738,Jonah Braswell,,,,,2170.0,1.0,,,,,,,,,,,,,,,,,,True
211742,Daniel Lara Salmeron,,,,,2170.0,1.0,,,,,,,,,,,,,,,,,,True
212087,Dmitrii Vasilev,,,,,2170.0,1.0,,,,,,,,,,,,,,,,,,True
212272,Nikos Lehmann,,,,,2170.0,1.0,,,,,,,,,,,,,,,,,,True
212293,Karl Kazuma Lee,,,,,2170.0,1.0,,,,,,,,,,,,,,,,,,True
212472,Xirui Han,,,,,2170.0,1.0,,,,,,,,,,,,,,,,,,True
212701,Ruslan Kastsiukevich,,,,,2170.0,1.0,,,,,,,,,,,,,,,,,,True
212811,Matteo Mura,,,,,2170.0,1.0,,,,,,,,,,,,,,,,,,True
212925,Alexandru Toubi Hebhang Balan,,,,,2170.0,1.0,,,,,,,,,,,,,,,,,,True
213140,Edoardo De Filippo,,,,,2170.0,1.0,,,,,,,,,,,,,,,,,,True
213168,Patrick Jozwicki,,,,,2170.0,1.0,,,,,,,,,,,,,,,,,,True
213415,Glauco Pinheiro Da Cruz Junior,,,,,2170.0,1.0,,,,,,,,,,,,,,,,,,True
213535,Mario Arce Fernandez,,,,,2170.0,1.0,,,,,,,,,,,,,,,,,,True
213555,Seonyong Han,,,,,2170.0,1.0,,,,,,,,,,,,,,,,,,True
213629,Vincent Dullinger,,,,,2170.0,1.0,,,,,,,,,,,,,,,,,,True
213759,Maxi Carrascosa Diaz,,,,,2170.0,1.0,,,,,,,,,,,,,,,,,,True
213883,Yue Xia,,,,,2170.0,1.0,,,,,,,,,,,,,,,,,,True
213928,Reid Jarvis,,,,,2170.0,1.0,,,,,,,,,,,,,,,,,,True
213958,Ramazan Kaan Oktay,,,,,2170.0,1.0,,,,,,,,,,,,,,,,,,True
214005,Ludvig Fredrik Hede,,,,,2170.0,1.0,,,,,,,,,,,,,,,,,,True
214014,Pedro Henrique Chabalgoity,,,,,2170.0,1.0,,,,,,,,,,,,,,,,,,True
214063,Simon Caldwell,,,,,2170.0,1.0,,,,,,,,,,,,,,,,,,True
214094,Penn Charusorn,,,,,2170.0,1.0,,,,,,,,,,,,,,,,,,True
214124,Matteo Gribaldo,,,,,2170.0,1.0,,,,,,,,,,,,,,,,,,True
214260,Salvador Monteiro,,,,,2170.0,1.0,,,,,,,,,,,,,,,,,,True
144665,Ryotero Matsumura,,,,,2203.0,1.0,,,,,,,,,,,,,,,,,,True
200233,Nicaise Muamba,,,,,2203.0,1.0,,,,,,,,,,,,,,,,,,True
207178,Joe Tyler,,,,,2203.0,1.0,,,,,,,,,,,,,,,,,,True
207685,Peter Sallay,,,,,2203.0,1.0,,,,,,,,,,,,,,,,,,True
207980,Alexey Dubinin,,,,,2203.0,1.0,,,,,,,,,,,,,,,,,,True
208504,Daiki Yoshimura,,,,,2203.0,1.0,,,,,,,,,,,,,,,,,,True
208559,Rahul Dhokia,,,,,2203.0,1.0,,,,,,,,,,,,,,,,,,True
208726,Alberto Odiseo Alvarado Berrospi,,,,,2203.0,1.0,,,,,,,,,,,,,,,,,,True
209282,Ian Luca Cervantes Tomas,,,,,2203.0,1.0,,,,,,,,,,,,,,,,,,True
210331,Alessandro Spadola,,,,,2203.0,1.0,,,,,,,,,,,,,,,,,,True
210453,Cedric Stanke,,,,,2203.0,1.0,,,,,,,,,,,,,,,,,,True
210476,Enmanuel Munoz,,,,,2203.0,1.0,,,,,,,,,,,,,,,,,,True
210723,Liam Hignett,,,,,2203.0,1.0,,,,,,,,,,,,,,,,,,True
211517,Gregorio Biondolillo,,,,,2203.0,1.0,,,,,,,,,,,,,,,,,,True
211589,Tilen Kovac,,,,,2203.0,1.0,,,,,,,,,,,,,,,,,,True
212497,Alvaro Bueno Gil,,,,,2203.0,1.0,,,,,,,,,,,,,,,,,,True
212571,Jim Hendrikx,,,,,2203.0,1.0,,,,,,,,,,,,,,,,,,True
212638,Gregor Hausberger,,,,,2203.0,1.0,,,,,,,,,,,,,,,,,,True
212825,Cian Maguire,,,,,2203.0,1.0,,,,,,,,,,,,,,,,,,True
213049,Mateya Stanisavljevic,,,,,2203.0,1.0,,,,,,,,,,,,,,,,,,True
213329,Matteo Mesaglio,,,,,2203.0,1.0,,,,,,,,,,,,,,,,,,True
213410,Romain Andres,,,,,2203.0,1.0,,,,,,,,,,,,,,,,,,True
213952,Leonel Cesar Castro,,,,,2203.0,1.0,,,,,,,,,,,,,,,,,,True
213970,Nicolas Hurtado Novoa,,,,,2203.0,1.0,,,,,,,,,,,,,,,,,,True
214070,Jose Freitas,,,,,2203.0,1.0,,,,,,,,,,,,,,,,,,True
214126,Matteo Sciahbasi,,,,,2203.0,1.0,,,,,,,,,,,,,,,,,,True
214207,Thomas Enrique Menzel Piccioli,,,,,2203.0,1.0,,,,,,,,,,,,,,,,,,True
111772,Krittin Koaykul,,,,,2230.0,1.0,,,,,,,,,,,,,,,,,,True
127999,Petr Iamachkine,,,,,2230.0,1.0,,,,,,,,,,,,,,,,,,True
211573,Lucky Candra Kurniawan,,,,,2230.0,1.0,,,,,,,,,,,,,,,,,,True
212192,Victor Bini,,,,,2230.0,1.0,,,,,,,,,,,,,,,,,,True
212529,Alex Finkelstein,,,,,2230.0,1.0,,,,,,,,,,,,,,,,,,True
212595,Evangelos Kypriotis,,,,,2230.0,1.0,,,,,,,,,,,,,,,,,,True
212716,Kyle Overmyer,,,,,2230.0,1.0,,,,,,,,,,,,,,,,,,True
213339,Agustin Libre,,,,,2230.0,1.0,,,,,,,,,,,,,,,,,,True
213612,Daniil Bogatov,,,,,2230.0,1.0,,,,,,,,,,,,,,,,,,True
213664,Vladimir Holban,,,,,2230.0,1.0,,,,,,,,,,,,,,,,,,True
213758,Pablo Aunion,,,,,2230.0,1.0,,,,,,,,,,,,,,,,,,True
214012,Jaden Dewandaka Tan,,,,,2230.0,1.0,,,,,,,,,,,,,,,,,,True
214170,Cagan Efe Tufecki,,,,,2230.0,1.0,,,,,,,,,,,,,,,,,,True
211766,Zachary Adam Gedge,,,,,2243.0,1.0,,,,,,,,,,,,,,,,,,True
212164,Breno Rossetto Urvaneja,,,,,2243.0,1.0,,,,,,,,,,,,,,,,,,True
212945,Yong Joon Park,,,,,2243.0,1.0,,,,,,,,,,,,,,,,,,True
212971,Tsz Fu Wong,,,,,2243.0,1.0,,,,,,,,,,,,,,,,,,True
213775,Mateo Carballo,,,,,2243.0,1.0,,,,,,,,,,,,,,,,,,True
149108,Loic Namigandet Tenguere,,,,,2248.0,1.0,,,,,,,,,,,,,,,,,,True
210751,Isaac Nortey,,,,,2248.0,1.0,,,,,,,,,,,,,,,,,,True
214159,Yassin Ahmed Wageh,,,,,2248.0,1.0,,,,,,,,,,,,,,,,,,True
209046,Atharva Sharma,,,,,2251.0,1.0,,,,,,,,,,,,,,,,,,True
213537,Jose Dominguez Alonso,,,,,2251.0,1.0,,,,,,,,,,,,,,,,,,True
207463,Sheng Tang,,,,,2253.0,1.0,,,,,,,,,,,,,,,,,,True
210174,Matic Dimic,,,,,2253.0,1.0,,,,,,,,,,,,,,,,,,True
212067,Ye Hongyu,,,,,2255.0,1.0,,,,,,,,,,,,,,,,,,True
207478,Zhenxiong Dong,,,,,2256.0,1.0,,,,,,,,,,,,,,,,,,True
213496,Marc Saura Moragrega,,,,,2256.0,1.0,,,,,,,,,,,,,,,,,,True
