ranking_date,player_id,player_name,atp_rank,atp_points,atp_points_change,atp_rank_change,country,age,source_file
2026-03-02,207989,Carlos Alcaraz,1,13550,0.0,0.0,ESP,22,atp_rankings_2026_03_02.csv
2026-03-02,206173,Jannik Sinner,2,10400,0.0,0.0,ITA,24,atp_rankings_2026_03_02.csv
2026-03-02,104925,Novak Djokovic,3,5280,0.0,0.0,SRB,38,atp_rankings_2026_03_02.csv
2026-03-02,100644,Alexander Zverev,4,4555,0.0,0.0,GER,28,atp_rankings_2026_03_02.csv
2026-03-02,207518,Lorenzo Musetti,5,4405,0.0,0.0,ITA,23,atp_rankings_2026_03_02.csv
2026-03-02,200282,Alex De Minaur,6,4235,0.0,0.0,AUS,27,atp_rankings_2026_03_02.csv
2026-03-02,126203,Taylor Fritz,7,4220,0.0,0.0,USA,28,atp_rankings_2026_03_02.csv
2026-03-02,210097,Ben Shelton,8,4010,-40.0,1.0,USA,23,atp_rankings_2026_03_02.csv
2026-03-02,200000,Felix Auger Aliassime,9,3950,-130.0,-1.0,CAN,25,atp_rankings_2026_03_02.csv
2026-03-02,122330,Alexander Bublik,10,3405,0.0,0.0,KAZ,28,atp_rankings_2026_03_02.csv
2026-03-02,106421,Daniil Medvedev,11,3360,400.0,0.0,RUS,30,atp_rankings_2026_03_02.csv
2026-03-02,210084,Jakub Mensik,12,2650,55.0,1.0,CZE,20,atp_rankings_2026_03_02.csv
2026-03-02,134770,Casper Ruud,13,2625,-40.0,-1.0,NOR,27,atp_rankings_2026_03_02.csv
2026-03-02,207733,Jack Draper,14,2510,50.0,1.0,GBR,24,atp_rankings_2026_03_02.csv
2026-03-02,207925,Flavio Cobolli,15,2480,450.0,5.0,ITA,23,atp_rankings_2026_03_02.csv
2026-03-02,111575,Karen Khachanov,16,2450,0.0,0.0,RUS,29,atp_rankings_2026_03_02.csv
2026-03-02,126094,Andrey Rublev,17,2400,190.0,1.0,RUS,28,atp_rankings_2026_03_02.csv
2026-03-02,208029,Holger Rune,18,2290,-50.0,-1.0,DEN,22,atp_rankings_2026_03_02.csv
2026-03-02,200221,Alejandro Davidovich Fokina,19,2190,-280.0,-5.0,ESP,26,atp_rankings_2026_03_02.csv
2026-03-02,202103,Francisco Cerundolo,20,2170,0.0,-1.0,ARG,27,atp_rankings_2026_03_02.csv
2026-03-02,209260,Luciano Darderi,21,2104,200.0,0.0,ITA,24,atp_rankings_2026_03_02.csv
2026-03-02,126207,Frances Tiafoe,22,1870,280.0,6.0,USA,28,atp_rankings_2026_03_02.csv
2026-03-02,208103,Jiri Lehecka,23,1850,90.0,1.0,CZE,24,atp_rankings_2026_03_02.csv
2026-03-02,126205,Tommy Paul,24,1815,0.0,-2.0,USA,28,atp_rankings_2026_03_02.csv
2026-03-02,134868,Tallon Griekspoor,25,1785,130.0,0.0,NED,29,atp_rankings_2026_03_02.csv
2026-03-02,200473,Valentin Vacherot,26,1691,100.0,1.0,MON,27,atp_rankings_2026_03_02.csv
2026-03-02,210530,Learner Tien,27,1685,-100.0,-4.0,USA,20,atp_rankings_2026_03_02.csv
2026-03-02,126239,Arthur Rinderknech,28,1617,87.0,3.0,FRA,30,atp_rankings_2026_03_02.csv
2026-03-02,111815,Cameron Norrie,29,1603,0.0,-3.0,GBR,30,atp_rankings_2026_03_02.csv
2026-03-02,206909,Brandon Nakashima,30,1535,0.0,-1.0,USA,24,atp_rankings_2026_03_02.csv
2026-03-02,144869,Tomas Martin Etcheverry,31,1445,-25.0,2.0,ARG,26,atp_rankings_2026_03_02.csv
2026-03-02,209950,Arthur Fils,32,1440,0.0,2.0,FRA,21,atp_rankings_2026_03_02.csv
2026-03-02,144895,Corentin Moutet,33,1383,0.0,2.0,FRA,26,atp_rankings_2026_03_02.csv
2026-03-02,200005,Ugo Humbert,34,1285,0.0,3.0,FRA,27,atp_rankings_2026_03_02.csv
2026-03-02,211663,Joao Fonseca,35,1240,0.0,3.0,BRA,19,atp_rankings_2026_03_02.csv
2026-03-02,144719,Jaume Munar,36,1235,0.0,3.0,ESP,28,atp_rankings_2026_03_02.csv
2026-03-02,200624,Sebastian Korda,37,1220,0.0,3.0,USA,25,atp_rankings_2026_03_02.csv
2026-03-02,209113,Gabriel Diallo,38,1175,0.0,3.0,CAN,24,atp_rankings_2026_03_02.csv
2026-03-02,133430,Denis Shapovalov,39,1160,-190.0,-3.0,CAN,26,atp_rankings_2026_03_02.csv
2026-03-02,126214,Alejandro Tabilo,40,1138,25.0,2.0,CHI,28,atp_rankings_2026_03_02.csv
2026-03-02,202385,Jenson Brooksby,41,1135,93.0,8.0,USA,25,atp_rankings_2026_03_02.csv
2026-03-02,105777,Grigor Dimitrov,42,1105,0.0,2.0,BUL,34,atp_rankings_2026_03_02.csv
2026-03-02,126774,Stefanos Tsitsipas,43,1085,-450.0,-13.0,GRE,27,atp_rankings_2026_03_02.csv
2026-03-02,210506,Alex Michelsen,44,1085,-25.0,-1.0,USA,21,atp_rankings_2026_03_02.csv
2026-03-02,200615,Alexei Popyrin,45,1050,0.0,2.0,AUS,26,atp_rankings_2026_03_02.csv
2026-03-02,206681,Fabian Marozsan,46,1040,0.0,4.0,HUN,26,atp_rankings_2026_03_02.csv
2026-03-02,200267,Zizou Bergs,47,1030,-50.0,-1.0,BEL,26,atp_rankings_2026_03_02.csv
2026-03-02,105173,Adrian Mannarino,48,1025,0.0,3.0,FRA,37,atp_rankings_2026_03_02.csv
2026-03-02,132686,Nuno Borges,49,1020,-25.0,-1.0,POR,29,atp_rankings_2026_03_02.csv
2026-03-02,207830,Tomas Machac,50,1010,-500.0,-18.0,CZE,25,atp_rankings_2026_03_02.csv
2026-03-02,105227,Marin Cilic,51,990,-100.0,-6.0,CRO,37,atp_rankings_2026_03_02.csv
2026-03-02,209279,Terence Atmane,52,958,100.0,11.0,FRA,24,atp_rankings_2026_03_02.csv
2026-03-02,202104,Sebastian Baez,53,940,-65.0,-1.0,ARG,25,atp_rankings_2026_03_02.csv
2026-03-02,208659,Giovanni Mpetshi Perricard,54,930,25.0,4.0,FRA,22,atp_rankings_2026_03_02.csv
2026-03-02,127157,Daniel Altmaier,55,921,-40.0,-2.0,GER,27,atp_rankings_2026_03_02.csv
2026-03-02,105916,Marton Fucsovics,56,916,-18.0,-1.0,HUN,34,atp_rankings_2026_03_02.csv
2026-03-02,111794,Kamil Majchrzak,57,895,-25.0,-1.0,POL,30,atp_rankings_2026_03_02.csv
2026-03-02,200175,Miomir Kecmanovic,58,875,190.0,26.0,SRB,26,atp_rankings_2026_03_02.csv
2026-03-02,122298,Botic Van De Zandschulp,59,873,-1.0,2.0,NED,30,atp_rankings_2026_03_02.csv
2026-03-02,208316,Valentin Royer,60,872,-63.0,-6.0,FRA,24,atp_rankings_2026_03_02.csv
2026-03-02,132283,Lorenzo Sonego,61,850,0.0,3.0,ITA,30,atp_rankings_2026_03_02.csv
2026-03-02,200240,Vit Kopriva,62,848,0.0,3.0,CZE,28,atp_rankings_2026_03_02.csv
2026-03-02,209860,Ignacio Buse,63,848,0.0,3.0,PER,21,atp_rankings_2026_03_02.csv
2026-03-02,106000,Damir Dzumhur,64,840,-37.0,-4.0,BIH,33,atp_rankings_2026_03_02.csv
2026-03-02,105870,Yannick Hanfmann,65,835,140.0,16.0,GER,34,atp_rankings_2026_03_02.csv
2026-03-02,126610,Matteo Berrettini,66,820,-90.0,-9.0,ITA,29,atp_rankings_2026_03_02.csv
2026-03-02,200116,Camilo Ugo Carabelli,67,790,-90.0,-8.0,ARG,26,atp_rankings_2026_03_02.csv
2026-03-02,124187,Reilly Opelka,68,786,0.0,1.0,USA,28,atp_rankings_2026_03_02.csv
2026-03-02,106218,Marcos Giron,69,780,-90.0,-7.0,USA,32,atp_rankings_2026_03_02.csv
2026-03-02,207678,Juan Manuel Cerundolo,70,778,-3.0,0.0,ARG,24,atp_rankings_2026_03_02.csv
2026-03-02,128034,Hubert Hurkacz,71,775,0.0,2.0,POL,29,atp_rankings_2026_03_02.csv
2026-03-02,206499,Aleksandar Kovacevic,72,771,25.0,3.0,USA,27,atp_rankings_2026_03_02.csv
2026-03-02,210319,Ethan Quinn,73,761,-15.0,-1.0,USA,21,atp_rankings_2026_03_02.csv
2026-03-02,202058,Thiago Agustin Tirante,74,756,17.0,2.0,ARG,24,atp_rankings_2026_03_02.csv
2026-03-02,207182,Emilio Nava,75,753,43.0,4.0,USA,24,atp_rankings_2026_03_02.csv
2026-03-02,209070,Arthur Cazaux,76,741,-14.0,-2.0,FRA,23,atp_rankings_2026_03_02.csv
2026-03-02,209920,Raphael Collignon,77,733,-44.0,-6.0,BEL,24,atp_rankings_2026_03_02.csv
2026-03-02,208118,Eliot Spizzirri,78,731,-90.0,-11.0,USA,24,atp_rankings_2026_03_02.csv
2026-03-02,208363,Mariano Navone,79,725,0.0,-2.0,ARG,25,atp_rankings_2026_03_02.csv
2026-03-02,105526,Jan Lennard Struff,80,719,13.0,0.0,GER,35,atp_rankings_2026_03_02.csv
2026-03-02,124186,Alexandre Muller,81,715,0.0,-3.0,FRA,29,atp_rankings_2026_03_02.csv
2026-03-02,207681,Francisco Comesana,82,694,0.0,0.0,ARG,25,atp_rankings_2026_03_02.csv
2026-03-02,105902,James Duckworth,83,691,0.0,0.0,AUS,34,atp_rankings_2026_03_02.csv
2026-03-02,209209,Filip Misolic,84,671,0.0,2.0,AUT,24,atp_rankings_2026_03_02.csv
2026-03-02,208286,Matteo Arnaldi,85,665,0.0,3.0,ITA,25,atp_rankings_2026_03_02.csv
2026-03-02,207411,Jesper De Jong,86,665,0.0,3.0,NED,25,atp_rankings_2026_03_02.csv
2026-03-02,207985,Jacob Fearnley,87,662,0.0,3.0,GBR,24,atp_rankings_2026_03_02.csv
2026-03-02,207686,Alexander Shevchenko,88,659,3.0,4.0,KAZ,25,atp_rankings_2026_03_02.csv
2026-03-02,126846,Aleksandar Vukic,89,656,0.0,2.0,AUS,29,atp_rankings_2026_03_02.csv
2026-03-02,106426,Cristian Garin,90,656,0.0,3.0,CHI,29,atp_rankings_2026_03_02.csv
2026-03-02,200443,Adam Walton,91,650,-19.0,-4.0,AUS,26,atp_rankings_2026_03_02.csv
2026-03-02,104527,Stan Wawrinka,92,649,50.0,7.0,SUI,40,atp_rankings_2026_03_02.csv
2026-03-02,105138,Roberto Bautista Agut,93,645,-40.0,-8.0,ESP,37,atp_rankings_2026_03_02.csv
2026-03-02,208233,Mattia Bellucci,94,640,87.0,16.0,ITA,24,atp_rankings_2026_03_02.csv
2026-03-02,200516,Patrick Kypson,95,640,75.0,8.0,USA,26,atp_rankings_2026_03_02.csv
2026-03-02,200384,Hugo Gaston,96,631,12.0,-1.0,FRA,25,atp_rankings_2026_03_02.csv
2026-03-02,210696,Alexander Blockx,97,626,0.0,-3.0,BEL,20,atp_rankings_2026_03_02.csv
2026-03-02,208882,Roman Andres Burruchaga,98,617,0.0,-2.0,ARG,24,atp_rankings_2026_03_02.csv
2026-03-02,208260,Zachary Svajda,99,614,13.0,-1.0,USA,23,atp_rankings_2026_03_02.csv
2026-03-02,126535,Carlos Taberner,100,608,0.0,-3.0,ESP,28,atp_rankings_2026_03_02.csv
2026-03-02,209147,Vilius Gaubas,101,603,45.0,6.0,LTU,21,atp_rankings_2026_03_02.csv
2026-03-02,111460,Quentin Halys,102,600,-200.0,-34.0,FRA,29,atp_rankings_2026_03_02.csv
2026-03-02,212588,Rafael Jodar,103,594,46.0,11.0,ESP,19,atp_rankings_2026_03_02.csv
2026-03-02,209226,Adolfo Daniel Vallejo,104,593,32.0,2.0,PAR,21,atp_rankings_2026_03_02.csv
2026-03-02,209414,Luca Van Assche,105,590,-6.0,-5.0,FRA,21,atp_rankings_2026_03_02.csv
2026-03-02,124079,Pedro Martinez,106,586,0.0,-5.0,ESP,28,atp_rankings_2026_03_02.csv
2026-03-02,105807,Pablo Carreno Busta,107,578,62.0,17.0,ESP,34,atp_rankings_2026_03_02.csv
2026-03-02,124116,Sebastian Ofner,108,571,100.0,24.0,AUT,29,atp_rankings_2026_03_02.csv
2026-03-02,207494,Dalibor Svrcina,109,569,50.0,14.0,CZE,23,atp_rankings_2026_03_02.csv
2026-03-02,209098,Hamad Medjedovic,110,565,0.0,-8.0,SRB,22,atp_rankings_2026_03_02.csv
2026-03-02,126127,Benjamin Bonzi,111,564,0.0,-7.0,FRA,29,atp_rankings_2026_03_02.csv
2026-03-02,200059,Yibing Wu,112,559,125.0,30.0,CHN,26,atp_rankings_2026_03_02.csv
2026-03-02,200647,Sho Shimabukuro,113,554,75.0,17.0,JPN,28,atp_rankings_2026_03_02.csv
2026-03-02,208353,Francesco Maestrelli,114,553,0.0,-3.0,ITA,23,atp_rankings_2026_03_02.csv
2026-03-02,144642,Tomas Barrios Vera,115,551,0.0,-3.0,CHI,28,atp_rankings_2026_03_02.csv
2026-03-02,111442,Jordan Thompson,116,548,0.0,-3.0,AUS,31,atp_rankings_2026_03_02.csv
2026-03-02,208014,Rinky Hijikata,117,547,0.0,-2.0,AUS,25,atp_rankings_2026_03_02.csv
2026-03-02,209262,Tristan Schoolkate,118,547,-9.0,-10.0,AUS,25,atp_rankings_2026_03_02.csv
2026-03-02,209976,Dino Prizmic,119,541,12.0,1.0,CRO,20,atp_rankings_2026_03_02.csv
2026-03-02,105583,Dusan Lajovic,120,535,-6.0,-4.0,SRB,35,atp_rankings_2026_03_02.csv
2026-03-02,209284,Elmer Moller,121,534,25.0,6.0,DEN,22,atp_rankings_2026_03_02.csv
2026-03-02,123828,Jan Choinski,122,530,7.0,-1.0,GBR,29,atp_rankings_2026_03_02.csv
2026-03-02,209409,Coleman Wong,123,528,13.0,2.0,HKG,21,atp_rankings_2026_03_02.csv
2026-03-02,208169,Titouan Droguet,124,528,8.0,-2.0,FRA,24,atp_rankings_2026_03_02.csv
2026-03-02,126504,Andrea Pellegrino,125,510,63.0,12.0,ITA,28,atp_rankings_2026_03_02.csv
2026-03-02,111456,Mackenzie Mcdonald,126,498,-37.0,-7.0,USA,30,atp_rankings_2026_03_02.csv
2026-03-02,106331,Christopher Oconnell,127,493,-68.0,-22.0,AUS,31,atp_rankings_2026_03_02.csv
2026-03-02,202261,Otto Virtanen,128,487,12.0,3.0,FIN,24,atp_rankings_2026_03_02.csv
2026-03-02,102093,Martin Damm,129,477,-15.0,-1.0,USA,22,atp_rankings_2026_03_02.csv
2026-03-02,208278,Shintaro Mochizuki,130,474,-64.0,-13.0,JPN,22,atp_rankings_2026_03_02.csv
2026-03-02,208013,Dane Sweeny,131,468,0.0,2.0,AUS,25,atp_rankings_2026_03_02.csv
2026-03-02,105477,Marco Trungelliti,132,465,0.0,2.0,ARG,36,atp_rankings_2026_03_02.csv
2026-03-02,105932,Nikoloz Basilashvili,133,464,0.0,2.0,GEO,34,atp_rankings_2026_03_02.csv
2026-03-02,209957,Jack Pinnington Jones,134,456,0.0,2.0,GBR,22,atp_rankings_2026_03_02.csv
2026-03-02,208134,Luca Nardi,135,454,-100.0,-26.0,ITA,22,atp_rankings_2026_03_02.csv
2026-03-02,212256,Colton Smith,136,446,0.0,2.0,USA,22,atp_rankings_2026_03_02.csv
2026-03-02,208210,Chris Rodesch,137,446,0.0,2.0,LUX,24,atp_rankings_2026_03_02.csv
2026-03-02,121411,Moez Echargui,138,435,0.0,3.0,TUN,33,atp_rankings_2026_03_02.csv
2026-03-02,210017,Daniel Merida Aguilar,139,432,0.0,4.0,ESP,21,atp_rankings_2026_03_02.csv
2026-03-02,208859,Francesco Passaro,140,431,0.0,4.0,ITA,25,atp_rankings_2026_03_02.csv
2026-03-02,207352,Bu Yunchaokete,141,424,0.0,5.0,CHN,24,atp_rankings_2026_03_02.csv
2026-03-02,200436,Zsombor Piros,142,416,75.0,38.0,HUN,26,atp_rankings_2026_03_02.csv
2026-03-02,105676,David Goffin,143,415,-100.0,-17.0,BEL,35,atp_rankings_2026_03_02.csv
2026-03-02,202358,Chun Hsin Tseng,144,414,0.0,4.0,TPE,24,atp_rankings_2026_03_02.csv
2026-03-02,210116,Michael Zheng,145,414,0.0,4.0,USA,22,atp_rankings_2026_03_02.csv
2026-03-02,106432,Borna Coric,146,413,-75.0,-17.0,CRO,29,atp_rankings_2026_03_02.csv
2026-03-02,208119,Liam Draxl,147,412,-5.0,0.0,CAN,24,atp_rankings_2026_03_02.csv
2026-03-02,104792,Gael Monfils,148,410,50.0,22.0,FRA,39,atp_rankings_2026_03_02.csv
2026-03-02,208021,Kyrian Jacquet,149,407,0.0,1.0,FRA,24,atp_rankings_2026_03_02.csv
2026-03-02,149282,Nicolai Budkov Kjaer,150,407,12.0,4.0,NOR,19,atp_rankings_2026_03_02.csv
2026-03-02,126129,Billy Harris,151,406,-31.0,-11.0,GBR,31,atp_rankings_2026_03_02.csv
2026-03-02,144750,Lloyd Harris,152,399,0.0,0.0,RSA,29,atp_rankings_2026_03_02.csv
2026-03-02,206748,Giulio Zeppieri,153,397,0.0,0.0,ITA,24,atp_rankings_2026_03_02.csv
2026-03-02,111797,Nicolas Jarry,154,391,0.0,1.0,CHI,30,atp_rankings_2026_03_02.csv
2026-03-02,211776,Martin Landaluce,155,391,0.0,1.0,ESP,20,atp_rankings_2026_03_02.csv
2026-03-02,209911,Guy Den Ouden,156,391,-10.0,-5.0,NED,23,atp_rankings_2026_03_02.csv
2026-03-02,105732,Pierre Hugues Herbert,157,388,50.0,25.0,FRA,34,atp_rankings_2026_03_02.csv
2026-03-02,127760,Lukas Klein,158,386,0.0,0.0,SVK,27,atp_rankings_2026_03_02.csv
2026-03-02,210536,Rei Sakamoto,159,382,-4.0,-2.0,JPN,19,atp_rankings_2026_03_02.csv
2026-03-02,210136,Mark Lajal,160,379,1.0,0.0,EST,22,atp_rankings_2026_03_02.csv
2026-03-02,210338,Arthur Gea,161,377,0.0,0.0,FRA,21,atp_rankings_2026_03_02.csv
2026-03-02,200259,Ugo Blanchet,162,375,14.0,6.0,FRA,27,atp_rankings_2026_03_02.csv
2026-03-02,210262,Jaime Faria,163,375,-50.0,-18.0,POR,22,atp_rankings_2026_03_02.csv
2026-03-02,106198,Hugo Dellien,164,375,7.0,1.0,BOL,32,atp_rankings_2026_03_02.csv
2026-03-02,210053,Luka Mikrut,165,371,0.0,-3.0,CRO,21,atp_rankings_2026_03_02.csv
2026-03-02,105882,Stefano Travaglia,166,370,0.0,-3.0,ITA,34,atp_rankings_2026_03_02.csv
2026-03-02,106109,Alex Bolt,167,369,-14.0,-8.0,AUS,33,atp_rankings_2026_03_02.csv
2026-03-02,106148,Roberto Carballes Baena,168,368,0.0,-4.0,ESP,32,atp_rankings_2026_03_02.csv
2026-03-02,210012,Henrique Rocha,169,364,7.0,3.0,POR,21,atp_rankings_2026_03_02.csv
2026-03-02,106415,Yoshihito Nishioka,170,361,0.0,-1.0,JPN,30,atp_rankings_2026_03_02.csv
2026-03-02,209261,Matteo Gigante,171,360,-7.0,-4.0,ITA,24,atp_rankings_2026_03_02.csv
2026-03-02,209857,Leandro Riedi,172,356,0.0,1.0,SUI,24,atp_rankings_2026_03_02.csv
2026-03-02,209259,Arthur Fery,173,355,0.0,1.0,GBR,23,atp_rankings_2026_03_02.csv
2026-03-02,111200,Elias Ymer,174,352,24.0,16.0,SWE,29,atp_rankings_2026_03_02.csv
2026-03-02,133297,Yosuke Watanuki,175,349,0.0,0.0,JPN,27,atp_rankings_2026_03_02.csv
2026-03-02,206750,Daniil Glinka,176,349,-10.0,-5.0,EST,25,atp_rankings_2026_03_02.csv
2026-03-02,200514,Jurij Rodionov,177,348,-1.0,-1.0,AUT,26,atp_rankings_2026_03_02.csv
2026-03-02,208004,Harold Mayot,178,347,0.0,-1.0,FRA,24,atp_rankings_2026_03_02.csv
2026-03-02,209875,Alex Barrena,179,347,11.0,4.0,ARG,23,atp_rankings_2026_03_02.csv
2026-03-02,208843,Jerome Kym,180,342,0.0,-1.0,SUI,23,atp_rankings_2026_03_02.csv
2026-03-02,200711,Nicolas Mejia,181,338,-3.0,0.0,COL,26,atp_rankings_2026_03_02.csv
2026-03-02,123755,Daniel Elahi Galan,182,337,7.0,6.0,COL,29,atp_rankings_2026_03_02.csv
2026-03-02,210748,Federico Cina,183,335,71.0,40.0,ITA,18,atp_rankings_2026_03_02.csv
2026-03-02,126652,Jay Clarke,184,333,-2.0,0.0,GBR,27,atp_rankings_2026_03_02.csv
2026-03-02,144870,Federico Agustin Gomez,185,331,0.0,2.0,ARG,29,atp_rankings_2026_03_02.csv
2026-03-02,126663,Juan Pablo Ficovich,186,330,-13.0,-8.0,ARG,29,atp_rankings_2026_03_02.csv
2026-03-02,206889,Clement Chidekh,187,330,23.0,13.0,FRA,24,atp_rankings_2026_03_02.csv
2026-03-02,126964,Vitaliy Sachko,188,329,-4.0,-3.0,UKR,28,atp_rankings_2026_03_02.csv
2026-03-02,106071,Bernard Tomic,189,323,0.0,2.0,AUS,33,atp_rankings_2026_03_02.csv
2026-03-02,202127,Clement Tabur,190,318,7.0,5.0,FRA,26,atp_rankings_2026_03_02.csv
2026-03-02,207608,Timofey Skatov,191,318,2.0,1.0,KAZ,25,atp_rankings_2026_03_02.csv
2026-03-02,211514,Justin Engel,192,315,0.0,1.0,GER,18,atp_rankings_2026_03_02.csv
2026-03-02,208010,Pablo Llamas Ruiz,193,314,0.0,1.0,ESP,23,atp_rankings_2026_03_02.csv
2026-03-02,127339,Borna Gojo,194,311,0.0,2.0,CRO,28,atp_rankings_2026_03_02.csv
2026-03-02,126409,Hugo Grenier,195,310,0.0,2.0,FRA,29,atp_rankings_2026_03_02.csv
2026-03-02,200610,Oliver Crawford,196,309,-1.0,2.0,GBR,26,atp_rankings_2026_03_02.csv
2026-03-02,144645,Zdenek Kolar,197,308,0.0,2.0,CZE,29,atp_rankings_2026_03_02.csv
2026-03-02,210460,Nishesh Basavareddy,198,306,-25.0,-12.0,USA,20,atp_rankings_2026_03_02.csv
2026-03-02,126128,Roman Safiullin,199,303,-25.0,-10.0,RUS,28,atp_rankings_2026_03_02.csv
2026-03-02,144684,Alex Molcan,200,302,0.0,2.0,SVK,28,atp_rankings_2026_03_02.csv
2026-03-02,200416,August Holmgren,201,301,-2.0,0.0,DEN,27,atp_rankings_2026_03_02.csv
2026-03-02,105554,Daniel Evans,202,300,0.0,1.0,GBR,35,atp_rankings_2026_03_02.csv
2026-03-02,200385,Dan Added,203,295,-4.0,1.0,FRA,26,atp_rankings_2026_03_02.csv
2026-03-02,105841,Lorenzo Giustino,204,292,0.0,3.0,ITA,34,atp_rankings_2026_03_02.csv
2026-03-02,206307,Joao Lucas Reis Da Silva,205,291,0.0,3.0,BRA,25,atp_rankings_2026_03_02.csv
2026-03-02,111513,Laslo Djere,206,288,-250.0,-88.0,SRB,30,atp_rankings_2026_03_02.csv
2026-03-02,208223,Alvaro Guillen Meza,207,287,-11.0,-2.0,ECU,23,atp_rankings_2026_03_02.csv
2026-03-02,207785,George Loffhagen,208,281,0.0,2.0,GBR,24,atp_rankings_2026_03_02.csv
2026-03-02,211451,Gilles Arnaud Bailly,209,280,0.0,2.0,BEL,20,atp_rankings_2026_03_02.csv
2026-03-02,210178,Juan Carlos Prado Angelo,210,279,0.0,2.0,BOL,20,atp_rankings_2026_03_02.csv
2026-03-02,202146,Luka Pavlovic,211,276,-10.0,-2.0,FRA,25,atp_rankings_2026_03_02.csv
2026-03-02,200329,Remy Bertola,212,273,-3.0,2.0,SUI,27,atp_rankings_2026_03_02.csv
2026-03-02,208293,Gonzalo Bueno,213,273,0.0,2.0,PER,21,atp_rankings_2026_03_02.csv
2026-03-02,212082,Joel Schwaerzler,214,272,38.0,28.0,AUT,20,atp_rankings_2026_03_02.csv
2026-03-02,212063,Matej Dodig,215,271,22.0,15.0,CRO,20,atp_rankings_2026_03_02.csv
2026-03-02,210297,Lautaro Midon,216,271,0.0,0.0,ARG,21,atp_rankings_2026_03_02.csv
2026-03-02,106186,Jason Kubler,217,270,-25.0,-11.0,AUS,32,atp_rankings_2026_03_02.csv
2026-03-02,207729,Tristan Boyer,218,268,0.0,1.0,USA,24,atp_rankings_2026_03_02.csv
2026-03-02,200008,Alexis Galarneau,219,265,0.0,2.0,CAN,27,atp_rankings_2026_03_02.csv
2026-03-02,205734,Thiago Seyboth Wild,220,262,0.0,4.0,BRA,25,atp_rankings_2026_03_02.csv
2026-03-02,144817,Marc Andrea Huesler,221,262,12.0,8.0,SUI,29,atp_rankings_2026_03_02.csv
2026-03-02,212044,Yi Zhou,222,261,0.0,3.0,CHN,20,atp_rankings_2026_03_02.csv
2026-03-02,209899,Ilia Simakin,223,260,1.0,3.0,RUS,22,atp_rankings_2026_03_02.csv
2026-03-02,208852,Stefanos Sakellaridis,224,253,-14.0,-4.0,GRE,21,atp_rankings_2026_03_02.csv
2026-03-02,106065,Marco Cecchinato,225,251,-19.0,-8.0,ITA,33,atp_rankings_2026_03_02.csv
2026-03-02,144821,Genaro Alberto Olivieri,226,249,1.0,5.0,ARG,27,atp_rankings_2026_03_02.csv
2026-03-02,200318,Yu Hsiou Hsu,227,247,0.0,5.0,TPE,26,atp_rankings_2026_03_02.csv
2026-03-02,105911,Andrea Collarini,228,244,-2.0,5.0,ARG,34,atp_rankings_2026_03_02.csv
2026-03-02,200587,Brandon Holt,229,243,-125.0,-63.0,USA,27,atp_rankings_2026_03_02.csv
2026-03-02,209903,Lukas Neumayer,230,243,-12.0,-3.0,AUT,23,atp_rankings_2026_03_02.csv
2026-03-02,210317,James Mccabe,231,241,-35.0,-18.0,AUS,22,atp_rankings_2026_03_02.csv
2026-03-02,106329,Thiago Monteiro,232,240,-25.0,-10.0,BRA,31,atp_rankings_2026_03_02.csv
2026-03-02,123983,Nerman Fatic,233,239,-15.0,-5.0,BIH,31,atp_rankings_2026_03_02.csv
2026-03-02,122078,Dmitry Popko,234,239,-2.0,1.0,KAZ,29,atp_rankings_2026_03_02.csv
2026-03-02,209916,Marko Topo,235,239,5.0,6.0,GER,22,atp_rankings_2026_03_02.csv
2026-03-02,200748,Andres Andrade,236,239,0.0,1.0,ECU,27,atp_rankings_2026_03_02.csv
2026-03-02,144973,Santiago Fa Rodriguez Taverna,237,238,-3.0,-1.0,ARG,26,atp_rankings_2026_03_02.csv
2026-03-02,207680,Facundo Diaz Acosta,238,236,50.0,40.0,ARG,25,atp_rankings_2026_03_02.csv
2026-03-02,210220,Edas Butvilas,239,235,18.0,15.0,LTU,21,atp_rankings_2026_03_02.csv
2026-03-02,106393,Frederico Ferreira Silva,240,233,-2.0,0.0,POR,30,atp_rankings_2026_03_02.csv
2026-03-02,111187,Kaichi Uchida,241,233,0.0,2.0,JPN,31,atp_rankings_2026_03_02.csv
2026-03-02,208279,Alejandro Moro Canas,242,231,2.0,3.0,ESP,25,atp_rankings_2026_03_02.csv
2026-03-02,126106,Ryan Peniston,243,229,-13.0,-9.0,GBR,30,atp_rankings_2026_03_02.csv
2026-03-02,210389,Toby Samuel,244,228,0.0,2.0,GBR,23,atp_rankings_2026_03_02.csv
2026-03-02,208069,Max Houkes,245,228,-9.0,-7.0,NED,25,atp_rankings_2026_03_02.csv
2026-03-02,210167,Tom Gentzsch,246,227,0.0,1.0,GER,22,atp_rankings_2026_03_02.csv
2026-03-02,200677,Rio Noguchi,247,225,-7.0,-3.0,JPN,27,atp_rankings_2026_03_02.csv
2026-03-02,200335,Felipe Meligeni Alves,248,223,-13.0,-9.0,BRA,28,atp_rankings_2026_03_02.csv
2026-03-02,208902,Johannus Monday,249,221,0.0,2.0,GBR,24,atp_rankings_2026_03_02.csv
2026-03-02,106293,Kimmer Coppejans,250,221,0.0,2.0,BEL,32,atp_rankings_2026_03_02.csv
2026-03-02,123809,Ivan Gakhov,251,221,2.0,2.0,RUS,29,atp_rankings_2026_03_02.csv
2026-03-02,202262,Filip Cristian Jianu,252,219,-6.0,-4.0,ROU,24,atp_rankings_2026_03_02.csv
2026-03-02,208269,Felix Gill,253,216,43.0,47.0,GBR,23,atp_rankings_2026_03_02.csv
2026-03-02,207546,Pol Martin Tiffon,254,215,0.0,2.0,ESP,26,atp_rankings_2026_03_02.csv
2026-03-02,106283,Mitchell Krueger,255,214,-7.0,-5.0,USA,32,atp_rankings_2026_03_02.csv
2026-03-02,202260,Henri Squire,256,211,-12.0,-7.0,GER,25,atp_rankings_2026_03_02.csv
2026-03-02,207415,Daniel Michalski,257,210,0.0,0.0,POL,26,atp_rankings_2026_03_02.csv
2026-03-02,208046,Pedro Boscardin Dias,258,209,0.0,0.0,BRA,23,atp_rankings_2026_03_02.csv
2026-03-02,105062,Mikhail Kukushkin,259,207,4.0,7.0,KAZ,38,atp_rankings_2026_03_02.csv
2026-03-02,200277,Charles Broom,260,206,0.0,1.0,GBR,27,atp_rankings_2026_03_02.csv
2026-03-02,209992,Juncheng Shang,261,205,0.0,1.0,CHN,21,atp_rankings_2026_03_02.csv
2026-03-02,111190,Zhizhen Zhang,262,205,0.0,1.0,CHN,29,atp_rankings_2026_03_02.csv
2026-03-02,106044,Nicolas Kicker,263,204,0.0,1.0,ARG,33,atp_rankings_2026_03_02.csv
2026-03-02,106220,Dimitar Kuzmanov,264,204,0.0,1.0,BUL,32,atp_rankings_2026_03_02.csv
2026-03-02,111806,Fajing Sun,265,202,0.0,2.0,CHN,29,atp_rankings_2026_03_02.csv
2026-03-02,209849,Sascha Gueymard Wayenburg,266,202,0.0,2.0,FRA,22,atp_rankings_2026_03_02.csv
2026-03-02,211500,Tiago Pereira,267,201,1.0,3.0,POR,21,atp_rankings_2026_03_02.csv
2026-03-02,202147,Florent Bax,268,197,0.0,4.0,FRA,26,atp_rankings_2026_03_02.csv
2026-03-02,106162,Franco Agamenone,269,196,-1.0,2.0,ITA,32,atp_rankings_2026_03_02.csv
2026-03-02,111578,Stefan Kozlov,270,195,-13.0,-11.0,USA,28,atp_rankings_2026_03_02.csv
2026-03-02,207663,Nikolas Sanchez Izquierdo,271,195,3.0,4.0,ESP,26,atp_rankings_2026_03_02.csv
2026-03-02,211346,Andres Martin,272,193,-7.0,-3.0,USA,24,atp_rankings_2026_03_02.csv
2026-03-02,206904,Gauthier Onclin,273,192,25.0,31.0,BEL,25,atp_rankings_2026_03_02.csv
2026-03-02,208182,Saba Purtseladze,274,192,0.0,0.0,GEO,24,atp_rankings_2026_03_02.csv
2026-03-02,209326,Murphy Cassone,275,191,-26.0,-20.0,USA,23,atp_rankings_2026_03_02.csv
2026-03-02,210557,Petr Brunclik,276,190,9.0,12.0,CZE,19,atp_rankings_2026_03_02.csv
2026-03-02,207784,Harry Wendelken,277,190,0.0,-1.0,GBR,24,atp_rankings_2026_03_02.csv
2026-03-02,207732,Miguel Damas,278,190,22.0,25.0,ESP,26,atp_rankings_2026_03_02.csv
2026-03-02,207815,Guido Ivan Justo,279,188,1.0,-2.0,ARG,28,atp_rankings_2026_03_02.csv
2026-03-02,123961,Murkel Alejandro Dellien Velasco,280,186,0.0,-1.0,BOL,28,atp_rankings_2026_03_02.csv
2026-03-02,122669,Juan Pablo Varillas,281,185,1.0,-1.0,PER,30,atp_rankings_2026_03_02.csv
2026-03-02,111576,Sumit Nagal,282,185,4.0,4.0,IND,28,atp_rankings_2026_03_02.csv
2026-03-02,106281,Liam Broady,283,183,0.0,-2.0,GBR,32,atp_rankings_2026_03_02.csv
2026-03-02,105453,Kei Nishikori,284,182,0.0,-2.0,JPN,36,atp_rankings_2026_03_02.csv
2026-03-02,106034,Yasutaka Uchiyama,285,182,0.0,-2.0,JPN,33,atp_rankings_2026_03_02.csv
2026-03-02,206589,Gabi Adrian Boitan,286,182,0.0,-2.0,ROU,26,atp_rankings_2026_03_02.csv
2026-03-02,210464,Darwin Blanch,287,181,-14.0,-14.0,USA,18,atp_rankings_2026_03_02.csv
2026-03-02,133975,Benjamin Hassan,288,180,0.0,1.0,LBN,31,atp_rankings_2026_03_02.csv
2026-03-02,208421,Lilian Marmousez,289,179,0.0,2.0,FRA,24,atp_rankings_2026_03_02.csv
2026-03-02,202320,Beibit Zhukayev,290,178,0.0,3.0,KAZ,25,atp_rankings_2026_03_02.csv
2026-03-02,212309,Diego Dedura Palomero,291,176,14.0,20.0,GER,17,atp_rankings_2026_03_02.csv
2026-03-02,207799,Matheus Pucinelli De Almeida,292,176,-1.0,2.0,BRA,24,atp_rankings_2026_03_02.csv
2026-03-02,209131,Eliakim Coulibaly,293,175,-6.0,-6.0,CIV,23,atp_rankings_2026_03_02.csv
2026-03-02,105613,Norbert Gombos,294,175,0.0,2.0,SVK,35,atp_rankings_2026_03_02.csv
2026-03-02,209850,Robin Bertrand,295,175,0.0,2.0,FRA,22,atp_rankings_2026_03_02.csv
2026-03-02,210119,Andrej Nedic,296,174,-7.0,-11.0,BIH,21,atp_rankings_2026_03_02.csv
2026-03-02,126107,Michael Geerts,297,174,0.0,2.0,BEL,31,atp_rankings_2026_03_02.csv
2026-03-02,211533,Gianluca Cadenasso,298,173,7.0,7.0,ITA,21,atp_rankings_2026_03_02.csv
2026-03-02,208257,Fabrizio Andaloro,299,172,-8.0,-9.0,ITA,25,atp_rankings_2026_03_02.csv
2026-03-02,210202,Rodrigo Pacheco Mendez,300,170,-100.0,-82.0,MEX,20,atp_rankings_2026_03_02.csv
2026-03-02,208361,Gustavo Heide,301,169,-38.0,-41.0,BRA,24,atp_rankings_2026_03_02.csv
2026-03-02,202235,Jacopo Berrettini,302,169,-3.0,-1.0,ITA,27,atp_rankings_2026_03_02.csv
2026-03-02,209405,Daniel Rincon,303,169,0.0,-1.0,ESP,23,atp_rankings_2026_03_02.csv
2026-03-02,126206,Alex Rybakov,304,167,-9.0,-9.0,USA,29,atp_rankings_2026_03_02.csv
2026-03-02,211617,Maxim Mrva,305,166,12.0,18.0,CZE,18,atp_rankings_2026_03_02.csv
2026-03-02,202333,Keegan Smith,306,166,2.0,0.0,USA,27,atp_rankings_2026_03_02.csv
2026-03-02,127108,Igor Ribeiro Marcondes,307,165,3.0,3.0,BRA,28,atp_rankings_2026_03_02.csv
2026-03-02,117361,Akira Santillan,308,164,0.0,-1.0,AUS,28,atp_rankings_2026_03_02.csv
2026-03-02,200346,Mats Rosenkranz,309,164,0.0,-1.0,GER,27,atp_rankings_2026_03_02.csv
2026-03-02,206703,Paul Jubb,310,163,0.0,-1.0,GBR,26,atp_rankings_2026_03_02.csv
2026-03-02,209407,Max Basing,311,161,7.0,10.0,GBR,23,atp_rankings_2026_03_02.csv
2026-03-02,207213,Duje Ajdukovic,312,161,22.0,34.0,CRO,25,atp_rankings_2026_03_02.csv
2026-03-02,210558,Hynek Barton,313,160,-19.0,-21.0,CZE,21,atp_rankings_2026_03_02.csv
2026-03-02,210382,Maximus Jones,314,159,0.0,-2.0,THA,21,atp_rankings_2026_03_02.csv
2026-03-02,144972,Geoffrey Blancaneaux,315,158,5.0,9.0,FRA,27,atp_rankings_2026_03_02.csv
2026-03-02,123921,Calvin Hemery,316,157,0.0,-2.0,FRA,31,atp_rankings_2026_03_02.csv
2026-03-02,126337,Renta Tokuda,317,157,0.0,-2.0,JPN,27,atp_rankings_2026_03_02.csv
2026-03-02,207130,Matias Soto,318,157,0.0,-2.0,CHI,26,atp_rankings_2026_03_02.csv
2026-03-02,209406,Abedallah Shelbayh,319,156,0.0,-2.0,JOR,22,atp_rankings_2026_03_02.csv
2026-03-02,207491,Sandro Kopp,320,156,0.0,-2.0,AUT,25,atp_rankings_2026_03_02.csv
2026-03-02,105180,Daniel Dutra Da Silva,321,156,1.0,-2.0,BRA,37,atp_rankings_2026_03_02.csv
2026-03-02,209951,Petr Bar Biryukov,322,155,-19.0,-24.0,RUS,24,atp_rankings_2026_03_02.csv
2026-03-02,105649,Cedrik Marcel Stebe,323,154,0.0,-3.0,GER,35,atp_rankings_2026_03_02.csv
2026-03-02,202475,Philip Henning,324,154,0.0,-2.0,RSA,25,atp_rankings_2026_03_02.csv
2026-03-02,208143,Garrett Johns,325,153,0.0,0.0,USA,25,atp_rankings_2026_03_02.csv
2026-03-02,200188,Matteo Martineau,326,151,14.0,24.0,FRA,27,atp_rankings_2026_03_02.csv
2026-03-02,210472,Oliver Tarvet,327,150,0.0,0.0,GBR,22,atp_rankings_2026_03_02.csv
2026-03-02,208342,Tyler Zink,328,150,0.0,0.0,USA,25,atp_rankings_2026_03_02.csv
2026-03-02,200672,Sergey Fomin,329,150,-1.0,-3.0,UZB,25,atp_rankings_2026_03_02.csv
2026-03-02,207231,Mathys Erhard,330,148,-11.0,-17.0,FRA,24,atp_rankings_2026_03_02.csv
2026-03-02,209874,Maks Kasnikowski,331,147,16.0,28.0,POL,22,atp_rankings_2026_03_02.csv
2026-03-02,209512,Tom Paris,332,146,-2.0,-2.0,FRA,23,atp_rankings_2026_03_02.csv
2026-03-02,208364,Franco Roncadelli,333,146,0.0,-2.0,URU,26,atp_rankings_2026_03_02.csv
2026-03-02,208913,Juan Bautista Torres,334,146,8.0,14.0,ARG,23,atp_rankings_2026_03_02.csv
2026-03-02,208389,James Trotter,335,145,0.0,-3.0,JPN,26,atp_rankings_2026_03_02.csv
2026-03-02,106057,Facundo Mena,336,145,0.0,-3.0,ARG,33,atp_rankings_2026_03_02.csv
2026-03-02,208144,Giles Hussey,337,145,0.0,-3.0,GBR,28,atp_rankings_2026_03_02.csv
2026-03-02,211577,Antoine Ghibaudo,338,144,4.0,2.0,FRA,21,atp_rankings_2026_03_02.csv
2026-03-02,200273,Hady Habib,339,143,0.0,-4.0,LIB,27,atp_rankings_2026_03_02.csv
2026-03-02,210412,Juan Manuel La Serna,340,143,4.0,5.0,ARG,22,atp_rankings_2026_03_02.csv
2026-03-02,209952,Sean Cuenin,341,143,0.0,-5.0,FRA,22,atp_rankings_2026_03_02.csv
2026-03-02,126952,Soon Woo Kwon,342,142,0.0,-5.0,KOR,28,atp_rankings_2026_03_02.csv
2026-03-02,125847,Jelle Sels,343,142,0.0,-5.0,NED,30,atp_rankings_2026_03_02.csv
2026-03-02,106380,Gonzalo Villanueva,344,141,0.0,-5.0,ARG,31,atp_rankings_2026_03_02.csv
2026-03-02,200452,Patrick Zahraj,345,140,0.0,-4.0,GER,26,atp_rankings_2026_03_02.csv
2026-03-02,209322,Martin Krumich,346,140,0.0,-4.0,CZE,23,atp_rankings_2026_03_02.csv
2026-03-02,202239,Florian Broska,347,139,0.0,-3.0,GER,28,atp_rankings_2026_03_02.csv
2026-03-02,134840,Raul Brancaccio,348,139,7.0,9.0,ITA,28,atp_rankings_2026_03_02.csv
2026-03-02,208502,Dominic Stricker,349,138,12.0,24.0,SUI,23,atp_rankings_2026_03_02.csv
2026-03-02,200321,San Hui Sin,350,138,0.0,-3.0,KOR,28,atp_rankings_2026_03_02.csv
2026-03-02,202199,Carlos Sanchez Jover,351,138,-2.0,-8.0,ESP,25,atp_rankings_2026_03_02.csv
2026-03-02,126555,Tung Lin Wu,352,137,10.0,18.0,TPE,27,atp_rankings_2026_03_02.csv
2026-03-02,212251,Daniel Milavsky,353,137,13.0,29.0,USA,24,atp_rankings_2026_03_02.csv
2026-03-02,129911,Marat Sharipov,354,137,0.0,-5.0,RUS,23,atp_rankings_2026_03_02.csv
2026-03-02,144716,Oleg Prihodko,355,136,0.0,-4.0,UKR,28,atp_rankings_2026_03_02.csv
2026-03-02,207797,Jonas Forejtek,356,135,4.0,4.0,CZE,24,atp_rankings_2026_03_02.csv
2026-03-02,210042,Gabriele Piraino,357,135,3.0,-2.0,ITA,22,atp_rankings_2026_03_02.csv
2026-03-02,207969,Stefan Dostanic,358,133,-2.0,-6.0,USA,24,atp_rankings_2026_03_02.csv
2026-03-02,111581,Michael Mmoh,359,133,-1.0,-6.0,USA,28,atp_rankings_2026_03_02.csv
2026-03-02,202122,Yuta Shimizu,360,133,6.0,9.0,JPN,26,atp_rankings_2026_03_02.csv
2026-03-02,209907,Viacheslav Bielinskyi,361,132,4.0,4.0,UKR,22,atp_rankings_2026_03_02.csv
2026-03-02,202400,Alastair Gray,362,132,12.0,28.0,GBR,27,atp_rankings_2026_03_02.csv
2026-03-02,209354,Ioannis Xilas,363,132,0.0,-7.0,GRE,24,atp_rankings_2026_03_02.csv
2026-03-02,206470,Cezar Cretu,364,130,12.0,35.0,ROU,24,atp_rankings_2026_03_02.csv
2026-03-02,210318,Andre Ilagan,365,130,0.0,-4.0,USA,25,atp_rankings_2026_03_02.csv
2026-03-02,106187,Denis Yevseyev,366,130,0.0,-4.0,KAZ,32,atp_rankings_2026_03_02.csv
2026-03-02,117360,Marc Polmans,367,128,0.0,-1.0,AUS,28,atp_rankings_2026_03_02.csv
2026-03-02,211627,Hayato Matsuoka,368,128,0.0,-1.0,JPN,21,atp_rankings_2026_03_02.csv
2026-03-02,212222,Raphael Perot,369,127,0.0,-1.0,FRA,24,atp_rankings_2026_03_02.csv
2026-03-02,122352,Christoph Negritu,370,127,0.0,1.0,GER,31,atp_rankings_2026_03_02.csv
2026-03-02,111454,Li Tu,371,126,0.0,1.0,AUS,29,atp_rankings_2026_03_02.csv
2026-03-02,202075,Adria Soriano Barrera,372,126,-8.0,-18.0,COL,26,atp_rankings_2026_03_02.csv
2026-03-02,200266,Javier Barranco Cosano,373,126,0.0,1.0,ESP,27,atp_rankings_2026_03_02.csv
2026-03-02,207171,Hamish Stewart,374,126,-3.0,-10.0,GBR,26,atp_rankings_2026_03_02.csv
2026-03-02,104755,Richard Gasquet,375,125,0.0,0.0,FRA,39,atp_rankings_2026_03_02.csv
2026-03-02,208540,Inaki Montes De La Torre,376,125,0.0,0.0,ESP,23,atp_rankings_2026_03_02.csv
2026-03-02,208024,Max Alcala Gurri,377,125,1.0,6.0,ESP,23,atp_rankings_2026_03_02.csv
2026-03-02,207129,Yanki Erel,378,124,2.0,7.0,TUR,25,atp_rankings_2026_03_02.csv
2026-03-02,106203,Pedro Sakamoto,379,124,0.0,0.0,BRA,32,atp_rankings_2026_03_02.csv
2026-03-02,207368,Mert Alkaya,380,124,0.0,1.0,TUR,25,atp_rankings_2026_03_02.csv
2026-03-02,122554,David Jorda Sanchis,381,124,0.0,3.0,ESP,31,atp_rankings_2026_03_02.csv
2026-03-02,207527,Buvaysar Gadamauri,382,122,9.0,38.0,BEL,25,atp_rankings_2026_03_02.csv
2026-03-02,202297,Dan Martin,383,121,0.0,4.0,CAN,26,atp_rankings_2026_03_02.csv
2026-03-02,209983,Mika Brunold,384,121,22.0,77.0,SUI,21,atp_rankings_2026_03_02.csv
2026-03-02,206467,Federico Arnaboldi,385,121,1.0,7.0,ITA,25,atp_rankings_2026_03_02.csv
2026-03-02,105487,Facundo Bagnis,386,120,0.0,2.0,ARG,36,atp_rankings_2026_03_02.csv
2026-03-02,111153,Christopher Eubanks,387,120,0.0,2.0,USA,29,atp_rankings_2026_03_02.csv
2026-03-02,209890,Mili Poljicak,388,120,-2.0,-2.0,CRO,21,atp_rankings_2026_03_02.csv
2026-03-02,212241,Carlo Alberto Caniato,389,119,-1.0,2.0,ITA,20,atp_rankings_2026_03_02.csv
2026-03-02,144656,Corentin Denolly,390,119,0.0,4.0,FRA,28,atp_rankings_2026_03_02.csv
2026-03-02,105077,Albert Ramos,391,118,0.0,4.0,ESP,38,atp_rankings_2026_03_02.csv
2026-03-02,144826,Aziz Dougaz,392,118,0.0,4.0,TUN,28,atp_rankings_2026_03_02.csv
2026-03-02,213608,Moise Kouame,393,118,0.0,4.0,FRA,16,atp_rankings_2026_03_02.csv
2026-03-02,209167,Olle Wallin,394,118,0.0,7.0,SWE,24,atp_rankings_2026_03_02.csv
2026-03-02,207502,Stefan Palosi,395,118,9.0,36.0,ROU,26,atp_rankings_2026_03_02.csv
2026-03-02,212216,Trevor Svajda,396,117,-14.0,-38.0,USA,19,atp_rankings_2026_03_02.csv
2026-03-02,208104,Andrea Picchione,397,117,0.0,7.0,ITA,27,atp_rankings_2026_03_02.csv
2026-03-02,106177,Oriol Roca Batalla,398,117,0.0,5.0,ESP,32,atp_rankings_2026_03_02.csv
2026-03-02,132573,Luca Castelnuovo,399,117,0.0,6.0,SUI,29,atp_rankings_2026_03_02.csv
2026-03-02,208937,Kasidit Samrej,400,117,-3.0,-7.0,THA,25,atp_rankings_2026_03_02.csv
2026-03-02,209079,Samir Banerjee,401,116,0.0,6.0,USA,22,atp_rankings_2026_03_02.csv
2026-03-02,200303,Pavel Kotov,402,116,-13.0,-39.0,RUS,27,atp_rankings_2026_03_02.csv
2026-03-02,210085,Lui Maxted,403,116,14.0,48.0,GBR,22,atp_rankings_2026_03_02.csv
2026-03-02,111202,Hyeon Chung,404,116,-8.0,-24.0,KOR,29,atp_rankings_2026_03_02.csv
2026-03-02,212225,Thomas Faurel,405,116,2.0,12.0,FRA,20,atp_rankings_2026_03_02.csv
2026-03-02,207186,Arthur Weber,406,115,0.0,6.0,FRA,33,atp_rankings_2026_03_02.csv
2026-03-02,210005,Kilian Feldbausch,407,115,0.0,6.0,SUI,20,atp_rankings_2026_03_02.csv
2026-03-02,106292,Hernan Casanova,408,115,-3.0,-10.0,ARG,32,atp_rankings_2026_03_02.csv
2026-03-02,202420,Aidan Mchugh,409,115,0.0,5.0,GBR,25,atp_rankings_2026_03_02.csv
2026-03-02,132041,Alfredo Perez,410,115,-3.0,-10.0,USA,28,atp_rankings_2026_03_02.csv
2026-03-02,207669,Robert Strombachs,411,115,2.0,7.0,LAT,26,atp_rankings_2026_03_02.csv
2026-03-02,208025,Alex Martinez,412,115,0.0,3.0,ESP,24,atp_rankings_2026_03_02.csv
2026-03-02,212020,Michele Ribecai,413,115,-1.0,-2.0,ITA,23,atp_rankings_2026_03_02.csv
2026-03-02,207884,Arthur Bouquier,414,113,7.0,25.0,FRA,25,atp_rankings_2026_03_02.csv
2026-03-02,109054,Daniel Masur,415,113,3.0,14.0,GER,31,atp_rankings_2026_03_02.csv
2026-03-02,211325,Aryan Shah,416,113,-3.0,-7.0,IND,20,atp_rankings_2026_03_02.csv
2026-03-02,211711,Braden Shick,417,112,0.0,4.0,USA,22,atp_rankings_2026_03_02.csv
2026-03-02,200462,Andrea Guerrieri,418,112,25.0,75.0,ITA,27,atp_rankings_2026_03_02.csv
2026-03-02,105430,Radu Albot,419,112,0.0,3.0,MDA,36,atp_rankings_2026_03_02.csv
2026-03-02,207834,Juan Alejandro Hernandez Serrano,420,112,-4.0,-10.0,MEX,26,atp_rankings_2026_03_02.csv
2026-03-02,131911,Lucas Poullain,421,112,12.0,38.0,FRA,30,atp_rankings_2026_03_02.csv
2026-03-02,109303,Stefano Napolitano,422,111,0.0,1.0,ITA,30,atp_rankings_2026_03_02.csv
2026-03-02,200666,Jie Cui,423,111,-2.0,-4.0,CHN,28,atp_rankings_2026_03_02.csv
2026-03-02,207200,Cyril Vandermeersch,424,111,0.0,3.0,FRA,26,atp_rankings_2026_03_02.csv
2026-03-02,206553,Luca Potenza,425,111,0.0,3.0,ITA,25,atp_rankings_2026_03_02.csv
2026-03-02,200309,Marek Gengel,426,110,-7.0,-20.0,CZE,30,atp_rankings_2026_03_02.csv
2026-03-02,134068,Vadym Ursu,427,110,0.0,3.0,UKR,29,atp_rankings_2026_03_02.csv
2026-03-02,135753,Patrick Maloney,428,109,-2.0,-3.0,USA,26,atp_rankings_2026_03_02.csv
2026-03-02,117357,Omar Jasika,429,109,-16.0,-52.0,AUS,28,atp_rankings_2026_03_02.csv
2026-03-02,210377,Luciano Emanuel Ambrogi,430,108,0.0,3.0,ARG,22,atp_rankings_2026_03_02.csv
2026-03-02,200484,Rudolf Molleker,431,107,0.0,3.0,GER,25,atp_rankings_2026_03_02.csv
2026-03-02,206867,Tommaso Compagnucci,432,107,13.0,42.0,ITA,26,atp_rankings_2026_03_02.csv
2026-03-02,202113,Hikaru Shiraishi,433,107,0.0,2.0,JPN,25,atp_rankings_2026_03_02.csv
2026-03-02,209898,Dali Blanch,434,107,2.0,13.0,USA,22,atp_rankings_2026_03_02.csv
2026-03-02,106232,Roberto Cid,435,106,0.0,2.0,DOM,32,atp_rankings_2026_03_02.csv
2026-03-02,206912,Stuart Parker,436,106,0.0,2.0,GBR,28,atp_rankings_2026_03_02.csv
2026-03-02,210425,Svyatoslav Gulin,437,106,0.0,3.0,RUS,23,atp_rankings_2026_03_02.csv
2026-03-02,211661,Juan Estevez,438,106,0.0,6.0,ARG,20,atp_rankings_2026_03_02.csv
2026-03-02,212077,Lorenzo Carboni,439,106,0.0,4.0,ITA,20,atp_rankings_2026_03_02.csv
2026-03-02,210682,Federico Bondioli,440,106,0.0,5.0,ITA,20,atp_rankings_2026_03_02.csv
2026-03-02,200495,Eduardo Ribeiro,441,105,3.0,12.0,BRA,27,atp_rankings_2026_03_02.csv
2026-03-02,208649,Andrew Fenty,442,105,2.0,8.0,USA,25,atp_rankings_2026_03_02.csv
2026-03-02,132052,Christian Langmo,443,105,-2.0,-7.0,USA,29,atp_rankings_2026_03_02.csv
2026-03-02,106072,Alexey Vatutin,444,104,-2.0,-3.0,RUS,33,atp_rankings_2026_03_02.csv
2026-03-02,211504,Jack Loge,445,104,6.0,20.0,BEL,21,atp_rankings_2026_03_02.csv
2026-03-02,106121,Taro Daniel,446,103,-14.0,-44.0,JPN,33,atp_rankings_2026_03_02.csv
2026-03-02,210000,Karan Singh,447,103,-5.0,-15.0,IND,22,atp_rankings_2026_03_02.csv
2026-03-02,106362,Laurent Lokoli,448,102,18.0,54.0,FRA,31,atp_rankings_2026_03_02.csv
2026-03-02,209984,Milos Karol,449,102,0.0,5.0,SVK,23,atp_rankings_2026_03_02.csv
2026-03-02,207484,Neil Oberleitner,450,102,-9.0,-24.0,AUT,26,atp_rankings_2026_03_02.csv
2026-03-02,208230,Alibek Kachmazov,451,101,0.0,4.0,RUS,23,atp_rankings_2026_03_02.csv
2026-03-02,208044,Etienne Donnet,452,101,-1.0,0.0,FRA,25,atp_rankings_2026_03_02.csv
2026-03-02,105413,Andrej Martin,453,101,-47.0,-124.0,SVK,36,atp_rankings_2026_03_02.csv
2026-03-02,209931,Lukas Pokorny,454,101,0.0,2.0,SVK,24,atp_rankings_2026_03_02.csv
2026-03-02,126340,Viktor Durasovic,455,100,-6.0,-13.0,NOR,28,atp_rankings_2026_03_02.csv
2026-03-02,202359,Marvin Moeller,456,100,-5.0,-10.0,GER,27,atp_rankings_2026_03_02.csv
2026-03-02,200184,Andrey Chepelev,457,100,0.0,3.0,RUS,27,atp_rankings_2026_03_02.csv
2026-03-02,210399,Edward Winter,458,99,0.0,4.0,AUS,21,atp_rankings_2026_03_02.csv
2026-03-02,211768,Manas Dhamne,459,99,11.0,30.0,IND,18,atp_rankings_2026_03_02.csv
2026-03-02,208240,Alexandr Binda,460,99,-6.0,-12.0,ITA,24,atp_rankings_2026_03_02.csv
2026-03-02,200374,Nicolas Alvarez Varona,461,98,-13.0,-37.0,ESP,24,atp_rankings_2026_03_02.csv
2026-03-02,209254,Valerio Aboian,462,98,3.0,8.0,ARG,23,atp_rankings_2026_03_02.csv
2026-03-02,126183,Mariano Kestelboim,463,98,-16.0,-47.0,ARG,30,atp_rankings_2026_03_02.csv
2026-03-02,209264,Pietro Fellin,464,98,0.0,0.0,ITA,24,atp_rankings_2026_03_02.csv
2026-03-02,207992,Cannon Kingsley,465,97,-4.0,-7.0,USA,24,atp_rankings_2026_03_02.csv
2026-03-02,208328,Max Wiskandt,466,97,0.0,0.0,GER,24,atp_rankings_2026_03_02.csv
2026-03-02,207878,James Story,467,97,0.0,0.0,GBR,24,atp_rankings_2026_03_02.csv
2026-03-02,208189,Gianmarco Ferrari,468,97,0.0,0.0,ITA,25,atp_rankings_2026_03_02.csv
2026-03-02,134329,Blake Ellis,469,95,-8.0,-20.0,AUS,27,atp_rankings_2026_03_02.csv
2026-03-02,212207,Ognjen Milic,470,95,0.0,1.0,SRB,18,atp_rankings_2026_03_02.csv
2026-03-02,105938,Antoine Escoffier,471,95,-6.0,-14.0,FRA,34,atp_rankings_2026_03_02.csv
2026-03-02,202290,Dhakshineswar Suresh,472,94,0.0,0.0,IND,25,atp_rankings_2026_03_02.csv
2026-03-02,210107,Bor Artnak,473,94,0.0,0.0,SLO,21,atp_rankings_2026_03_02.csv
2026-03-02,105671,Gastao Elias,474,94,-22.0,-66.0,POR,35,atp_rankings_2026_03_02.csv
2026-03-02,209080,Blaise Bicknell,475,94,-4.0,-12.0,JAM,24,atp_rankings_2026_03_02.csv
2026-03-02,210250,Erik Arutiunian,476,93,-3.0,-7.0,BLR,21,atp_rankings_2026_03_02.csv
2026-03-02,209318,Petr Nesterov,477,93,8.0,22.0,BUL,22,atp_rankings_2026_03_02.csv
2026-03-02,211902,Henry Searle,478,93,0.0,-3.0,GBR,19,atp_rankings_2026_03_02.csv
2026-03-02,207998,Takuya Kumasaka,479,93,1.0,-2.0,JPN,27,atp_rankings_2026_03_02.csv
2026-03-02,105806,Mirza Basic,480,91,5.0,17.0,BIH,34,atp_rankings_2026_03_02.csv
2026-03-02,207239,Nikolay Vylegzhanin,481,91,0.0,-3.0,RUS,25,atp_rankings_2026_03_02.csv
2026-03-02,144814,Eero Vasa,482,91,1.0,-2.0,FIN,29,atp_rankings_2026_03_02.csv
2026-03-02,106290,Filip Peliwo,483,91,0.0,-4.0,POL,32,atp_rankings_2026_03_02.csv
2026-03-02,208092,Filippo Moroni,484,90,-2.0,-8.0,ITA,25,atp_rankings_2026_03_02.csv
2026-03-02,105339,Yan Bai,485,89,0.0,-4.0,CHN,36,atp_rankings_2026_03_02.csv
2026-03-02,209274,Carl Emil Overbeck,486,89,1.0,1.0,DEN,24,atp_rankings_2026_03_02.csv
2026-03-02,207490,Carlos Lopez Montagud,487,89,0.0,-4.0,ESP,25,atp_rankings_2026_03_02.csv
2026-03-02,207708,Dusan Obradovic,488,89,0.0,-4.0,SRB,24,atp_rankings_2026_03_02.csv
2026-03-02,210221,Jay Dylan Hara Friend,489,88,0.0,-4.0,JPN,22,atp_rankings_2026_03_02.csv
2026-03-02,207605,Jakub Paul,490,88,2.0,6.0,SUI,26,atp_rankings_2026_03_02.csv
2026-03-02,126523,Bernabe Zapata Miralles,491,88,0.0,-5.0,ESP,29,atp_rankings_2026_03_02.csv
2026-03-02,133872,Enrico Dalla Valle,492,88,1.0,-1.0,ITA,27,atp_rankings_2026_03_02.csv
2026-03-02,202356,Tsung Hao Huang,493,88,1.0,1.0,TPE,26,atp_rankings_2026_03_02.csv
2026-03-02,210214,Joao Eduardo Schiessl,494,88,1.0,1.0,BRA,21,atp_rankings_2026_03_02.csv
2026-03-02,207728,Moerani Bouzige,495,88,0.0,-5.0,AUS,26,atp_rankings_2026_03_02.csv
2026-03-02,209362,Aristotelis Thanos,496,87,0.0,-4.0,GRE,24,atp_rankings_2026_03_02.csv
2026-03-02,210142,Olaf Pieczkowski,497,87,-2.0,-15.0,POL,21,atp_rankings_2026_03_02.csv
2026-03-02,210714,Robin Catry,498,85,16.0,62.0,FRA,23,atp_rankings_2026_03_02.csv
2026-03-02,126208,Yusuke Takahashi,499,85,3.0,11.0,JPN,28,atp_rankings_2026_03_02.csv
2026-03-02,210129,Samuele Pieri,500,85,0.0,0.0,ITA,24,atp_rankings_2026_03_02.csv
2026-03-02,117359,Jake Delaney,501,85,0.0,0.0,AUS,28,atp_rankings_2026_03_02.csv
2026-03-02,148679,Henry Bernet,502,84,1.0,4.0,SUI,19,atp_rankings_2026_03_02.csv
2026-03-02,200216,Giovanni Fonio,503,84,-4.0,-15.0,ITA,27,atp_rankings_2026_03_02.csv
2026-03-02,210340,Philip Sekulic,504,84,0.0,-1.0,AUS,22,atp_rankings_2026_03_02.csv
2026-03-02,201987,Masamichi Imamura,505,84,16.0,63.0,JPN,27,atp_rankings_2026_03_02.csv
2026-03-02,105655,Hiroki Moriya,506,83,-3.0,-8.0,JPN,35,atp_rankings_2026_03_02.csv
2026-03-02,211530,Tomasz Berkieta,507,83,-1.0,-3.0,POL,19,atp_rankings_2026_03_02.csv
2026-03-02,212090,Sergio Callejon Hernando,508,83,2.0,5.0,ESP,21,atp_rankings_2026_03_02.csv
2026-03-02,209088,Quinn Vandecasteele,509,83,0.0,-2.0,USA,23,atp_rankings_2026_03_02.csv
2026-03-02,207657,Tristan Mccormick,510,83,0.0,-2.0,USA,26,atp_rankings_2026_03_02.csv
2026-03-02,202366,Tadeas Paroulek,511,81,0.0,0.0,CZE,26,atp_rankings_2026_03_02.csv
2026-03-02,127123,Mateus Alves,512,81,0.0,0.0,BRA,25,atp_rankings_2026_03_02.csv
2026-03-02,212531,Nicolas Arseneault,513,80,0.0,1.0,CAN,19,atp_rankings_2026_03_02.csv
2026-03-02,200661,Yuki Mochizuki,514,80,0.0,1.0,JPN,28,atp_rankings_2026_03_02.csv
2026-03-02,210025,Branko Djuric,515,80,0.0,2.0,SRB,21,atp_rankings_2026_03_02.csv
2026-03-02,200550,Vladyslav Orlov,516,80,0.0,2.0,UKR,30,atp_rankings_2026_03_02.csv
2026-03-02,210393,Maxim Zhukov,517,79,4.0,17.0,RUS,21,atp_rankings_2026_03_02.csv
2026-03-02,211898,Mae Malige,518,79,0.0,1.0,FRA,19,atp_rankings_2026_03_02.csv
2026-03-02,202354,Matthew Dellavedova,519,79,0.0,1.0,AUS,25,atp_rankings_2026_03_02.csv
2026-03-02,210034,Shunsuke Mitsui,520,78,0.0,1.0,JPN,23,atp_rankings_2026_03_02.csv
2026-03-02,208158,Dominik Palan,521,78,0.0,1.0,CZE,25,atp_rankings_2026_03_02.csv
2026-03-02,202271,Lorenzo Joaquin Rodriguez,522,78,0.0,2.0,ARG,26,atp_rankings_2026_03_02.csv
2026-03-02,210650,Stefan Adrian Andreescu,523,78,0.0,2.0,ROU,24,atp_rankings_2026_03_02.csv
2026-03-02,207764,Ryan Nijboer,524,78,0.0,2.0,NED,26,atp_rankings_2026_03_02.csv
2026-03-02,206325,Pedro Vives Marcos,525,77,0.0,2.0,ESP,24,atp_rankings_2026_03_02.csv
2026-03-02,207987,Ryuki Matsuda,526,77,0.0,2.0,JPN,26,atp_rankings_2026_03_02.csv
2026-03-02,207993,Justin Boulais,527,77,0.0,2.0,CAN,24,atp_rankings_2026_03_02.csv
2026-03-02,212219,Mees Rottgering,528,77,-7.0,-23.0,NED,18,atp_rankings_2026_03_02.csv
2026-03-02,211621,Arthur Nagel,529,77,0.0,1.0,FRA,22,atp_rankings_2026_03_02.csv
2026-03-02,207704,Alex Marti Pujolras,530,76,-6.0,-21.0,ESP,27,atp_rankings_2026_03_02.csv
2026-03-02,200255,Alexander Weis,531,76,-4.0,-15.0,ITA,28,atp_rankings_2026_03_02.csv
2026-03-02,208322,Eric Vanshelboim,532,76,0.0,-1.0,UKR,24,atp_rankings_2026_03_02.csv
2026-03-02,212268,Max Schoenhaus,533,75,0.0,-1.0,GER,18,atp_rankings_2026_03_02.csv
2026-03-02,209518,Tibo Colson,534,75,8.0,42.0,BEL,25,atp_rankings_2026_03_02.csv
2026-03-02,124154,Sasi Kumar Mukund,535,75,-3.0,-12.0,IND,29,atp_rankings_2026_03_02.csv
2026-03-02,210470,Tai Sach,536,75,0.0,-1.0,AUS,23,atp_rankings_2026_03_02.csv
2026-03-02,105948,Federico Coria,537,74,-50.0,-159.0,ARG,33,atp_rankings_2026_03_02.csv
2026-03-02,208586,Joshua Sheehy,538,74,0.0,-2.0,USA,29,atp_rankings_2026_03_02.csv
2026-03-02,106172,Maxime Chazal,539,74,2.0,6.0,FRA,32,atp_rankings_2026_03_02.csv
2026-03-02,202326,Ivan Marrero Curbelo,540,74,0.0,-3.0,ESP,27,atp_rankings_2026_03_02.csv
2026-03-02,211542,Filippo Romano,541,74,3.0,8.0,ITA,20,atp_rankings_2026_03_02.csv
2026-03-02,212051,Joaquin  Aguilar Cardozo,542,74,6.0,24.0,URU,20,atp_rankings_2026_03_02.csv
2026-03-02,211727,Pavle Marinkov,543,74,0.0,-3.0,AUS,20,atp_rankings_2026_03_02.csv
2026-03-02,209191,Oleksandr Ovcharenko,544,74,0.0,-5.0,UKR,24,atp_rankings_2026_03_02.csv
2026-03-02,126125,Maxime Janvier,545,74,2.0,1.0,FRA,29,atp_rankings_2026_03_02.csv
2026-03-02,208297,Maxwell Mckennon,546,73,0.0,-4.0,USA,23,atp_rankings_2026_03_02.csv
2026-03-02,209403,Faris Zakaryia,547,72,-2.0,-9.0,EGY,24,atp_rankings_2026_03_02.csv
2026-03-02,211636,Lucio Ratti,548,72,1.0,2.0,ARG,22,atp_rankings_2026_03_02.csv
2026-03-02,209871,Amr Elsayed Abdou Ahmed Mohamed,549,72,1.0,3.0,EGY,26,atp_rankings_2026_03_02.csv
2026-03-02,213635,Jacopo Vasami,550,71,14.0,79.0,ITA,18,atp_rankings_2026_03_02.csv
2026-03-02,209302,Peter Fajta,551,71,0.0,-4.0,HUN,23,atp_rankings_2026_03_02.csv
2026-03-02,206662,Georgii Kravchenko,552,71,0.0,-1.0,UKR,25,atp_rankings_2026_03_02.csv
2026-03-02,210121,Kokoro Isomura,553,71,-2.0,-9.0,JPN,23,atp_rankings_2026_03_02.csv
2026-03-02,208253,Niels Visker,554,71,2.0,8.0,NED,24,atp_rankings_2026_03_02.csv
2026-03-02,209251,Stefan Popovic,555,71,0.0,-2.0,SRB,22,atp_rankings_2026_03_02.csv
2026-03-02,106137,Tristan Lamasine,556,70,0.0,-2.0,FRA,32,atp_rankings_2026_03_02.csv
2026-03-02,110618,Elmar Ejupovic,557,70,0.0,-2.0,GER,33,atp_rankings_2026_03_02.csv
2026-03-02,211639,Alejo Sanchez Quilez,558,70,7.0,39.0,ESP,20,atp_rankings_2026_03_02.csv
2026-03-02,126627,Johan Nikles,559,70,0.0,-2.0,SUI,28,atp_rankings_2026_03_02.csv
2026-03-02,132744,Alberto Barroso Campos,560,70,-3.0,-17.0,ESP,29,atp_rankings_2026_03_02.csv
2026-03-02,207803,Igor Gimenez,561,70,0.0,-3.0,BRA,26,atp_rankings_2026_03_02.csv
2026-03-02,210730,Reda Bennani,562,69,0.0,-3.0,MAR,19,atp_rankings_2026_03_02.csv
2026-03-02,210285,Sebastian Sorger,563,69,0.0,-2.0,AUT,20,atp_rankings_2026_03_02.csv
2026-03-02,144970,Constantin Bittoun Kouzmine,564,69,1.0,6.0,FRA,27,atp_rankings_2026_03_02.csv
2026-03-02,208457,Radu Mihai Papoe,565,68,0.0,-1.0,ROU,23,atp_rankings_2026_03_02.csv
2026-03-02,200366,Olukayode Alafia Damina Ayeni,566,68,-2.0,-10.0,USA,26,atp_rankings_2026_03_02.csv
2026-03-02,202398,Michael Vrbensky,567,68,0.0,-2.0,CZE,26,atp_rankings_2026_03_02.csv
2026-03-02,144985,Ergi Kirkin,568,68,2.0,13.0,TUR,27,atp_rankings_2026_03_02.csv
2026-03-02,209959,Woobin Shin,569,68,0.0,-2.0,KOR,22,atp_rankings_2026_03_02.csv
2026-03-02,207202,Karl Poling,570,68,-1.0,-7.0,USA,26,atp_rankings_2026_03_02.csv
2026-03-02,106310,Alexander Ritschard,571,67,0.0,1.0,SUI,31,atp_rankings_2026_03_02.csv
2026-03-02,105952,Renzo Olivo,572,67,-8.0,-39.0,ARG,33,atp_rankings_2026_03_02.csv
2026-03-02,207907,Arda Azkara,573,67,0.0,1.0,TUR,22,atp_rankings_2026_03_02.csv
2026-03-02,207601,Manuel Mazza,574,67,0.0,1.0,ITA,26,atp_rankings_2026_03_02.csv
2026-03-02,126762,Aleksandre Bakshi,575,67,-4.0,-27.0,GEO,28,atp_rankings_2026_03_02.csv
2026-03-02,212785,Carlos Maria Zarate,576,67,0.0,2.0,ARG,,atp_rankings_2026_03_02.csv
2026-03-02,210668,Massimo Giunta,577,67,0.0,2.0,ITA,21,atp_rankings_2026_03_02.csv
2026-03-02,133997,Sergi Perez Contri,578,67,0.0,2.0,ESP,28,atp_rankings_2026_03_02.csv
2026-03-02,209142,Sebastian Gima,579,67,-1.0,-10.0,ROU,23,atp_rankings_2026_03_02.csv
2026-03-02,210731,Filip Jeff Planinsek,580,66,1.0,6.0,SLO,24,atp_rankings_2026_03_02.csv
2026-03-02,208876,Egor Agafonov,581,66,2.0,10.0,RUS,23,atp_rankings_2026_03_02.csv
2026-03-02,200014,Digvijaypratap Singh,582,66,2.0,10.0,IND,25,atp_rankings_2026_03_02.csv
2026-03-02,200070,Kirill Kivattsev,583,66,0.0,0.0,RUS,28,atp_rankings_2026_03_02.csv
2026-03-02,105944,Juan Sebastian Gomez,584,65,0.0,0.0,COL,33,atp_rankings_2026_03_02.csv
2026-03-02,200096,Dragos Nicolae Madaras,585,65,0.0,0.0,SWE,28,atp_rankings_2026_03_02.csv
2026-03-02,208071,Oleksii Krutykh,586,65,-2.0,-9.0,UKR,25,atp_rankings_2026_03_02.csv
2026-03-02,209863,Leo Borg,587,65,1.0,6.0,SWE,22,atp_rankings_2026_03_02.csv
2026-03-02,209510,Nino Ehrenschneider,588,65,0.0,-1.0,GER,24,atp_rankings_2026_03_02.csv
2026-03-02,210054,Matthew William Donald,589,65,0.0,-1.0,CZE,21,atp_rankings_2026_03_02.csv
2026-03-02,210029,Bruno Kuzuhara,590,65,0.0,-1.0,USA,21,atp_rankings_2026_03_02.csv
2026-03-02,210721,Iliyan Radulov,591,64,7.0,39.0,BUL,20,atp_rankings_2026_03_02.csv
2026-03-02,200214,Alan Fernando Rubio Fierros,592,64,0.0,-2.0,MEX,27,atp_rankings_2026_03_02.csv
2026-03-02,208063,Paulo Andre Saraiva Dos Santos,593,64,0.0,1.0,BRA,25,atp_rankings_2026_03_02.csv
2026-03-02,207220,Taha Baadi,594,64,-2.0,-12.0,CAN,24,atp_rankings_2026_03_02.csv
2026-03-02,202150,Dan Alexandru Tomescu,595,63,0.0,0.0,ROU,26,atp_rankings_2026_03_02.csv
2026-03-02,105575,Ricardas Berankis,596,63,-4.0,-23.0,LTU,35,atp_rankings_2026_03_02.csv
2026-03-02,211628,Koki Matsuda,597,63,0.0,-1.0,JPN,25,atp_rankings_2026_03_02.csv
2026-03-02,211756,Michal Krajci,598,63,0.0,0.0,SVK,21,atp_rankings_2026_03_02.csv
2026-03-02,209506,Francesco Forti,599,62,9.0,51.0,ITA,26,atp_rankings_2026_03_02.csv
2026-03-02,212258,Adhithya Ganesan,600,62,0.0,0.0,USA,20,atp_rankings_2026_03_02.csv
2026-03-02,133794,S D Prajwal Dev,601,62,2.0,8.0,IND,29,atp_rankings_2026_03_02.csv
2026-03-02,144923,Louis Wessels,602,62,4.0,24.0,GER,27,atp_rankings_2026_03_02.csv
2026-03-02,210498,Gerard Campana Lee,603,62,1.0,3.0,KOR,21,atp_rankings_2026_03_02.csv
2026-03-02,200325,Emil Ruusuvuori,604,61,-6.0,-33.0,FIN,26,atp_rankings_2026_03_02.csv
2026-03-02,207793,Alec Deckers,605,61,2.0,10.0,NED,25,atp_rankings_2026_03_02.csv
2026-03-02,144751,Rigele Te,606,61,0.0,-4.0,CHN,28,atp_rankings_2026_03_02.csv
2026-03-02,101495,Miguel Tobon,607,61,0.0,-4.0,COL,19,atp_rankings_2026_03_02.csv
2026-03-02,208431,Semen Pankin,608,61,8.0,45.0,RUS,26,atp_rankings_2026_03_02.csv
2026-03-02,210687,Pawit Sornlaksup,609,61,0.0,-5.0,THA,26,atp_rankings_2026_03_02.csv
2026-03-02,210604,Loann Massard,610,61,0.0,-5.0,FRA,20,atp_rankings_2026_03_02.csv
2026-03-02,213149,Felix Balshaw,611,61,-1.0,-10.0,FRA,19,atp_rankings_2026_03_02.csv
2026-03-02,200572,Nick Hardt,612,60,0.0,-5.0,DOM,25,atp_rankings_2026_03_02.csv
2026-03-02,210398,Gabriele Pennaforti,613,60,0.0,-5.0,ITA,25,atp_rankings_2026_03_02.csv
2026-03-02,126723,Denys Klok,614,60,0.0,-4.0,RUS,27,atp_rankings_2026_03_02.csv
2026-03-02,207660,Nicholas David Ionel,615,60,0.0,-4.0,ROU,23,atp_rankings_2026_03_02.csv
2026-03-02,131934,Andrea Vavassori,616,59,0.0,-4.0,ITA,30,atp_rankings_2026_03_02.csv
2026-03-02,210545,Luis Carlos Alvarez,617,59,0.0,-4.0,MEX,21,atp_rankings_2026_03_02.csv
2026-03-02,208854,Aidan Mayo,618,59,0.0,-4.0,USA,22,atp_rankings_2026_03_02.csv
2026-03-02,134120,Kuan Yi Lee,619,59,2.0,12.0,TPE,29,atp_rankings_2026_03_02.csv
2026-03-02,209120,Yassine Dlimi,620,58,0.0,-2.0,MAR,22,atp_rankings_2026_03_02.csv
2026-03-02,202277,Damien Wenger,621,58,0.0,-1.0,SUI,25,atp_rankings_2026_03_02.csv
2026-03-02,212749,Andres Santamarta Roig,622,58,0.0,-1.0,ESP,19,atp_rankings_2026_03_02.csv
2026-03-02,212190,Karol Filar,623,58,0.0,-1.0,POL,27,atp_rankings_2026_03_02.csv
2026-03-02,208605,Mario Gonzalez Fernandez,624,58,0.0,1.0,ESP,23,atp_rankings_2026_03_02.csv
2026-03-02,200297,Aziz Ouakaa,625,58,0.0,2.0,TUN,26,atp_rankings_2026_03_02.csv
2026-03-02,200218,Mate Valkusz,626,57,0.0,2.0,HUN,27,atp_rankings_2026_03_02.csv
2026-03-02,210726,Cesar Bouchelaghem,627,57,15.0,105.0,FRA,21,atp_rankings_2026_03_02.csv
2026-03-02,207760,Anton Matusevich,628,57,15.0,105.0,GBR,24,atp_rankings_2026_03_02.csv
2026-03-02,212598,Emilien Demanet,629,57,-2.0,-13.0,BEL,20,atp_rankings_2026_03_02.csv
2026-03-02,202209,Imanol Lopez Morillo,630,57,-1.0,-6.0,ESP,26,atp_rankings_2026_03_02.csv
2026-03-02,208153,Giuseppe La Vela,631,57,6.0,38.0,ITA,25,atp_rankings_2026_03_02.csv
2026-03-02,144907,Adrian Oetzbach,632,57,-2.0,-15.0,GER,28,atp_rankings_2026_03_02.csv
2026-03-02,134457,Nicolas Moreno De Alboran,633,56,0.0,-1.0,USA,28,atp_rankings_2026_03_02.csv
2026-03-02,211501,Kenta Miyoshi,634,56,0.0,-1.0,JPN,21,atp_rankings_2026_03_02.csv
2026-03-02,211543,Lorenzo Sciahbasi,635,56,0.0,0.0,ITA,20,atp_rankings_2026_03_02.csv
2026-03-02,200665,Yuta Kawahashi,636,56,0.0,-2.0,JPN,28,atp_rankings_2026_03_02.csv
2026-03-02,212305,Juan Cruz Martin Manzano,637,56,0.0,0.0,ITA,21,atp_rankings_2026_03_02.csv
2026-03-02,207776,William Grant,638,56,0.0,0.0,USA,25,atp_rankings_2026_03_02.csv
2026-03-02,207181,Govind Nanda,639,55,-7.0,-40.0,USA,25,atp_rankings_2026_03_02.csv
2026-03-02,209338,Daniel Siniakov,640,55,0.0,-1.0,CZE,23,atp_rankings_2026_03_02.csv
2026-03-02,210083,Jakub Nicod,641,55,0.0,-1.0,CZE,21,atp_rankings_2026_03_02.csv
2026-03-02,122495,Shintaro Imai,642,55,-3.0,-23.0,JPN,32,atp_rankings_2026_03_02.csv
2026-03-02,208099,Santiago De La Fuente,643,55,1.0,4.0,ARG,24,atp_rankings_2026_03_02.csv
2026-03-02,200270,Alex Knaff,644,55,6.0,37.0,LUX,28,atp_rankings_2026_03_02.csv
2026-03-02,202168,Ye Cong Mo,645,55,0.0,-3.0,CHN,25,atp_rankings_2026_03_02.csv
2026-03-02,125806,Dominik Kellovsky,646,55,-3.0,-23.0,CZE,29,atp_rankings_2026_03_02.csv
2026-03-02,212160,Ryan Fishback,647,55,0.0,-4.0,USA,23,atp_rankings_2026_03_02.csv
2026-03-02,208343,Andrew Paulson,648,54,0.0,-4.0,CZE,24,atp_rankings_2026_03_02.csv
2026-03-02,211550,Yusuke Kusuhara,649,54,0.0,-3.0,JPN,28,atp_rankings_2026_03_02.csv
2026-03-02,207664,Luca Staeheli,650,54,2.0,8.0,SUI,25,atp_rankings_2026_03_02.csv
2026-03-02,200713,Federico Iannaccone,651,54,0.0,-3.0,ITA,26,atp_rankings_2026_03_02.csv
2026-03-02,132831,Giovanni Oradini,652,54,1.0,3.0,ITA,28,atp_rankings_2026_03_02.csv
2026-03-02,208909,Johan Alexander Rodriguez Rodriguez,653,53,0.0,-4.0,COL,22,atp_rankings_2026_03_02.csv
2026-03-02,209517,Igor Kudriashov,654,53,0.0,-3.0,RUS,22,atp_rankings_2026_03_02.csv
2026-03-02,200445,Maxence Beauge,655,53,0.0,-1.0,FRA,25,atp_rankings_2026_03_02.csv
2026-03-02,210320,Kyle Kang,656,52,0.0,0.0,USA,21,atp_rankings_2026_03_02.csv
2026-03-02,210077,Aidan Kim,657,52,0.0,0.0,USA,21,atp_rankings_2026_03_02.csv
2026-03-02,106264,Karue Sell,658,52,1.0,5.0,BRA,32,atp_rankings_2026_03_02.csv
2026-03-02,208931,Toby Alex Kodat,659,52,0.0,0.0,USA,23,atp_rankings_2026_03_02.csv
2026-03-02,110602,Dennis Novak,660,52,-3.0,-19.0,AUT,32,atp_rankings_2026_03_02.csv
2026-03-02,211324,Mitsuki Wei Kang Leong,661,52,3.0,23.0,MAS,21,atp_rankings_2026_03_02.csv
2026-03-02,211673,Duncan Chan,662,51,0.0,-1.0,CAN,20,atp_rankings_2026_03_02.csv
2026-03-02,211767,James Watt,663,51,0.0,1.0,NZL,25,atp_rankings_2026_03_02.csv
2026-03-02,213178,Cruz Hewitt,664,51,0.0,1.0,AUS,17,atp_rankings_2026_03_02.csv
2026-03-02,200030,Facundo Juarez,665,51,-2.0,-13.0,ITA,28,atp_rankings_2026_03_02.csv
2026-03-02,211618,Jan Kumstat,666,51,0.0,0.0,CZE,19,atp_rankings_2026_03_02.csv
2026-03-02,212157,Timofei Derepasko,667,51,0.0,1.0,RUS,19,atp_rankings_2026_03_02.csv
2026-03-02,105814,Maximilian Neuchrist,668,51,-22.0,-127.0,AUT,34,atp_rankings_2026_03_02.csv
2026-03-02,212886,Radu David Turcanu,669,51,0.0,-2.0,ROU,19,atp_rankings_2026_03_02.csv
2026-03-02,122113,Yurii Dzhavakian,670,51,0.0,2.0,UKR,32,atp_rankings_2026_03_02.csv
2026-03-02,210686,Michael Agwi,671,50,0.0,2.0,IRL,22,atp_rankings_2026_03_02.csv
2026-03-02,208426,Tiago Torres,672,50,0.0,2.0,POR,23,atp_rankings_2026_03_02.csv
2026-03-02,208126,John Echeverria,673,50,0.0,2.0,ESP,24,atp_rankings_2026_03_02.csv
2026-03-02,210505,Marcel Zielinski,674,50,0.0,2.0,POL,25,atp_rankings_2026_03_02.csv
2026-03-02,208168,Nicolas Tepmahc,675,50,-1.0,-4.0,FRA,24,atp_rankings_2026_03_02.csv
2026-03-02,213001,Mika Petkovic,676,50,8.0,64.0,GER,19,atp_rankings_2026_03_02.csv
2026-03-02,212029,Dimitris Sakellaridis,677,50,0.0,1.0,GRE,19,atp_rankings_2026_03_02.csv
2026-03-02,213003,Pierluigi Basile,678,49,0.0,1.0,ITA,19,atp_rankings_2026_03_02.csv
2026-03-02,111788,Naoki Nakagawa,679,49,0.0,1.0,JPN,29,atp_rankings_2026_03_02.csv
2026-03-02,106168,Sidharth Rawat,680,49,0.0,2.0,IND,32,atp_rankings_2026_03_02.csv
2026-03-02,207994,Chase Ferguson,681,49,-1.0,-4.0,AUS,27,atp_rankings_2026_03_02.csv
2026-03-02,209971,Michael Bassem Sobhy,682,49,1.0,7.0,EGY,21,atp_rankings_2026_03_02.csv
2026-03-02,210599,Ryan Dickerson,683,49,0.0,0.0,USA,28,atp_rankings_2026_03_02.csv
2026-03-02,209337,Luca Castagnola,684,49,-2.0,-14.0,ITA,23,atp_rankings_2026_03_02.csv
2026-03-02,134389,Tim Handel,685,49,0.0,0.0,GER,29,atp_rankings_2026_03_02.csv
2026-03-02,126939,Khumoun Sultanov,686,48,0.0,1.0,UZB,27,atp_rankings_2026_03_02.csv
2026-03-02,212969,Matisse Bobichon,687,48,0.0,-1.0,FRA,24,atp_rankings_2026_03_02.csv
2026-03-02,202418,Stijn Slump,688,48,-4.0,-28.0,NED,27,atp_rankings_2026_03_02.csv
2026-03-02,202346,Ben Jones,689,48,0.0,1.0,GBR,27,atp_rankings_2026_03_02.csv
2026-03-02,111505,Enzo Couacaud,690,47,0.0,1.0,FRA,31,atp_rankings_2026_03_02.csv
2026-03-02,106075,Jozef Kovalik,691,47,0.0,1.0,SVK,33,atp_rankings_2026_03_02.csv
2026-03-02,205842,Arthur Reymond,692,47,0.0,1.0,FRA,26,atp_rankings_2026_03_02.csv
2026-03-02,209185,Alessandro Pecci,693,47,-1.0,-5.0,ITA,24,atp_rankings_2026_03_02.csv
2026-03-02,210715,Yaroslav Demin,694,47,1.0,6.0,RUS,20,atp_rankings_2026_03_02.csv
2026-03-02,211524,Abel Forger,695,47,0.0,0.0,NED,20,atp_rankings_2026_03_02.csv
2026-03-02,208265,Pierre Delage,696,47,1.0,7.0,FRA,25,atp_rankings_2026_03_02.csv
2026-03-02,212070,Ali Yazdani,697,47,2.0,19.0,IRI,22,atp_rankings_2026_03_02.csv
2026-03-02,211901,Yanis Ghazouani Durand,698,47,3.0,20.0,FRA,25,atp_rankings_2026_03_02.csv
2026-03-02,210295,Cooper Williams,699,46,0.0,-3.0,USA,20,atp_rankings_2026_03_02.csv
2026-03-02,208819,Max Hans Rehberg,700,46,0.0,-3.0,GER,22,atp_rankings_2026_03_02.csv
2026-03-02,125802,Ilya Ivashka,701,46,6.0,49.0,BLR,32,atp_rankings_2026_03_02.csv
2026-03-02,208411,Daniel Antonio Nunez,702,46,0.0,-4.0,CHI,24,atp_rankings_2026_03_02.csv
2026-03-02,209043,Yuta Kikuchi,703,46,0.0,-4.0,JPN,26,atp_rankings_2026_03_02.csv
2026-03-02,210218,Bruno Fernandez,704,46,0.0,-2.0,BRA,21,atp_rankings_2026_03_02.csv
2026-03-02,212221,Tianhui Zhang,705,46,0.0,-1.0,CHN,20,atp_rankings_2026_03_02.csv
2026-03-02,200086,Toufik Sahtali,706,46,0.0,-1.0,ALG,27,atp_rankings_2026_03_02.csv
2026-03-02,210672,Leo Vithoontien,707,46,0.0,-1.0,JPN,26,atp_rankings_2026_03_02.csv
2026-03-02,106378,Kyle Edmund,708,45,0.0,-1.0,GBR,31,atp_rankings_2026_03_02.csv
2026-03-02,212104,Pablo Martinez Gomez,709,45,0.0,-1.0,ESP,19,atp_rankings_2026_03_02.csv
2026-03-02,210744,Kaylan Bigun,710,45,0.0,-1.0,USA,19,atp_rankings_2026_03_02.csv
2026-03-02,126335,Sora Fukuda,711,45,0.0,-1.0,JPN,28,atp_rankings_2026_03_02.csv
2026-03-02,202154,Uisung Park,712,45,0.0,-1.0,KOR,25,atp_rankings_2026_03_02.csv
2026-03-02,212244,Gabriel Ghetu,713,45,0.0,0.0,ROU,18,atp_rankings_2026_03_02.csv
2026-03-02,212286,Rodrigo Alujas,714,45,0.0,1.0,MEX,23,atp_rankings_2026_03_02.csv
2026-03-02,126177,Strong Kirchheimer,715,45,0.0,2.0,USA,30,atp_rankings_2026_03_02.csv
2026-03-02,207407,Peter Makk,716,44,15.0,132.0,HUN,24,atp_rankings_2026_03_02.csv
2026-03-02,126209,Peter Bertran,717,44,3.0,28.0,DOM,29,atp_rankings_2026_03_02.csv
2026-03-02,209140,Millen Hurrion,718,44,-1.0,-4.0,GBR,26,atp_rankings_2026_03_02.csv
2026-03-02,207557,Maik Steiner,719,44,1.0,5.0,GER,31,atp_rankings_2026_03_02.csv
2026-03-02,202230,Maxence Bertimon,720,44,1.0,8.0,FRA,26,atp_rankings_2026_03_02.csv
2026-03-02,106234,Aslan Karatsev,721,43,0.0,-2.0,RUS,32,atp_rankings_2026_03_02.csv
2026-03-02,109946,Pedro Rodrigues,722,43,0.0,-1.0,BRA,19,atp_rankings_2026_03_02.csv
2026-03-02,123993,Lucas Gerch,723,43,0.0,-1.0,GER,31,atp_rankings_2026_03_02.csv
2026-03-02,209904,Alejandro Manzanera Pertusa,724,43,-4.0,-30.0,ESP,22,atp_rankings_2026_03_02.csv
2026-03-02,209866,Karlis Ozolins,725,43,7.0,59.0,LAT,23,atp_rankings_2026_03_02.csv
2026-03-02,210254,Adrien Gobat,726,43,4.0,37.0,FRA,24,atp_rankings_2026_03_02.csv
2026-03-02,207535,Marlon Vankan,727,43,0.0,-4.0,GER,25,atp_rankings_2026_03_02.csv
2026-03-02,104932,Kenny De Schepper,728,43,0.0,-3.0,FRA,38,atp_rankings_2026_03_02.csv
2026-03-02,209985,Amaury Raynel,729,43,0.0,-3.0,FRA,23,atp_rankings_2026_03_02.csv
2026-03-02,210537,Josip Simundza,730,43,0.0,-3.0,CRO,21,atp_rankings_2026_03_02.csv
2026-03-02,212405,Gavin Young,731,42,25.0,264.0,USA,23,atp_rankings_2026_03_02.csv
2026-03-02,138485,Conner Huertas Del Pino,732,42,0.0,-2.0,PER,30,atp_rankings_2026_03_02.csv
2026-03-02,209124,Blu Baker,733,42,-1.0,-13.0,GBR,24,atp_rankings_2026_03_02.csv
2026-03-02,106227,Ji Sung Nam,734,42,0.0,-3.0,KOR,32,atp_rankings_2026_03_02.csv
2026-03-02,210063,Matyas Cerny,735,42,0.0,-1.0,CZE,24,atp_rankings_2026_03_02.csv
2026-03-02,105700,Jose Pereira,736,42,-3.0,-24.0,BRA,35,atp_rankings_2026_03_02.csv
2026-03-02,124040,Colin Sinclair,737,42,0.0,-1.0,NMI,31,atp_rankings_2026_03_02.csv
2026-03-02,211758,Matthew Summers,738,42,0.0,-1.0,GBR,27,atp_rankings_2026_03_02.csv
2026-03-02,149145,Matteo Covato,739,42,0.0,-1.0,ITA,20,atp_rankings_2026_03_02.csv
2026-03-02,210200,Yanaki Milev,740,42,2.0,14.0,BUL,21,atp_rankings_2026_03_02.csv
2026-03-02,211409,Guillaume Dalmasso,741,42,0.0,-2.0,FRA,23,atp_rankings_2026_03_02.csv
2026-03-02,133820,Ignacio Monzon,742,42,-1.0,-13.0,ARG,28,atp_rankings_2026_03_02.csv
2026-03-02,209385,Samuel Vincent Ruggeri,743,41,0.0,1.0,ITA,23,atp_rankings_2026_03_02.csv
2026-03-02,200228,Felix Corwin,744,41,-15.0,-108.0,USA,29,atp_rankings_2026_03_02.csv
2026-03-02,132017,Mwendwa Mbithi,745,41,2.0,19.0,USA,28,atp_rankings_2026_03_02.csv
2026-03-02,210629,Alejandro Juan Mano,746,41,0.0,0.0,ESP,21,atp_rankings_2026_03_02.csv
2026-03-02,200632,Evan Zhu,747,41,0.0,0.0,USA,27,atp_rankings_2026_03_02.csv
2026-03-02,209128,Diego Augusto Barreto Sanchez,748,41,-1.0,-7.0,ESP,23,atp_rankings_2026_03_02.csv
2026-03-02,210223,Leonardo Rossi,749,41,4.0,30.0,ITA,23,atp_rankings_2026_03_02.csv
2026-03-02,109739,Maximilian Marterer,750,40,0.0,-2.0,GER,30,atp_rankings_2026_03_02.csv
2026-03-02,106401,Nick Kyrgios,751,40,0.0,-2.0,AUS,30,atp_rankings_2026_03_02.csv
2026-03-02,134794,Alexis Gautier,752,40,1.0,7.0,FRA,28,atp_rankings_2026_03_02.csv
2026-03-02,208078,Tomas Farjat,753,40,0.0,-1.0,ARG,25,atp_rankings_2026_03_02.csv
2026-03-02,209867,Daniil Ostapenkov,754,40,0.0,-3.0,BLR,22,atp_rankings_2026_03_02.csv
2026-03-02,210447,Leo Raquillet,755,40,1.0,10.0,FRA,20,atp_rankings_2026_03_02.csv
2026-03-02,132999,Kai Wehnelt,756,40,0.0,-3.0,GER,30,atp_rankings_2026_03_02.csv
2026-03-02,212788,Amir Omarkhanov,757,40,1.0,11.0,KAZ,18,atp_rankings_2026_03_02.csv
2026-03-02,202148,Michiel De Krom,758,40,0.0,-3.0,NED,27,atp_rankings_2026_03_02.csv
2026-03-02,212831,Samuel Heredia,759,40,0.0,-3.0,COL,19,atp_rankings_2026_03_02.csv
2026-03-02,210048,Pierre Yves Bailly,760,39,0.0,-2.0,BEL,22,atp_rankings_2026_03_02.csv
2026-03-02,210513,Tuncay Duran,761,39,-2.0,-18.0,TUR,21,atp_rankings_2026_03_02.csv
2026-03-02,200538,Matyas Fuele,762,39,0.0,-2.0,HUN,27,atp_rankings_2026_03_02.csv
2026-03-02,212202,Alvin Nicholas Tudorica,763,39,0.0,-2.0,CAN,24,atp_rankings_2026_03_02.csv
2026-03-02,209416,Juan Carlos Aguilar,764,39,0.0,-2.0,CAN,27,atp_rankings_2026_03_02.csv
2026-03-02,208386,Matt Kuhar,765,39,0.0,1.0,USA,29,atp_rankings_2026_03_02.csv
2026-03-02,212830,Samuel Alejandro Linde Palacios,766,39,0.0,1.0,COL,18,atp_rankings_2026_03_02.csv
2026-03-02,212248,Fryderyk Lechno Wasiutynski,767,38,0.0,2.0,POL,20,atp_rankings_2026_03_02.csv
2026-03-02,210494,Theo Papamalamis,768,38,0.0,2.0,FRA,20,atp_rankings_2026_03_02.csv
2026-03-02,209163,Emile Hudd,769,38,-4.0,-34.0,GBR,25,atp_rankings_2026_03_02.csv
2026-03-02,209247,Axel Garcian,770,38,-8.0,-69.0,FRA,23,atp_rankings_2026_03_02.csv
2026-03-02,208861,Keisuke Saitoh,771,38,0.0,1.0,JPN,24,atp_rankings_2026_03_02.csv
2026-03-02,209164,Lorenzo Rottoli,772,38,0.0,1.0,ITA,24,atp_rankings_2026_03_02.csv
2026-03-02,202089,Aleksandr Braynin,773,38,0.0,1.0,UKR,26,atp_rankings_2026_03_02.csv
2026-03-02,212784,Maximo Zeitune,774,37,0.0,1.0,ARG,18,atp_rankings_2026_03_02.csv
2026-03-02,144915,Mikalai Haliak,775,37,0.0,1.0,BLR,27,atp_rankings_2026_03_02.csv
2026-03-02,207893,Daniel De Jonge,776,37,1.0,9.0,NED,26,atp_rankings_2026_03_02.csv
2026-03-02,207592,Martin Van Der Meerschen,777,37,0.0,0.0,BEL,25,atp_rankings_2026_03_02.csv
2026-03-02,200330,Tomas Curras Abasolo,778,37,0.0,0.0,ESP,25,atp_rankings_2026_03_02.csv
2026-03-02,200574,Alexander Donski,779,36,-15.0,-117.0,BUL,27,atp_rankings_2026_03_02.csv
2026-03-02,210294,Jack Anthrop,780,36,0.0,0.0,USA,22,atp_rankings_2026_03_02.csv
2026-03-02,211558,Karim Bennani,781,36,0.0,0.0,MAR,18,atp_rankings_2026_03_02.csv
2026-03-02,211479,Gustavo Ribeiro De Almeida,782,36,2.0,20.0,BRA,19,atp_rankings_2026_03_02.csv
2026-03-02,129814,Ivan Ivanov,783,36,0.0,-1.0,BUL,17,atp_rankings_2026_03_02.csv
2026-03-02,126185,Evgenii Tiurnev,784,36,0.0,-1.0,RUS,28,atp_rankings_2026_03_02.csv
2026-03-02,207788,Thanapet Chanta,785,36,0.0,2.0,THA,26,atp_rankings_2026_03_02.csv
2026-03-02,209095,Francisco Rocha,786,36,1.0,11.0,POR,26,atp_rankings_2026_03_02.csv
2026-03-02,121264,Oscar Jose Gutierrez,787,36,1.0,12.0,BRA,32,atp_rankings_2026_03_02.csv
2026-03-02,212455,Lucas Andrade Da Silva,788,35,0.0,2.0,BRA,21,atp_rankings_2026_03_02.csv
2026-03-02,208267,Oscar Weightman,789,35,0.0,2.0,GBR,24,atp_rankings_2026_03_02.csv
2026-03-02,210488,Roger Pascual Ferra,790,35,0.0,2.0,ESP,19,atp_rankings_2026_03_02.csv
2026-03-02,144748,Kris Van Wyk,791,35,0.0,2.0,RSA,29,atp_rankings_2026_03_02.csv
2026-03-02,209278,Alec Beckley,792,35,0.0,2.0,RSA,24,atp_rankings_2026_03_02.csv
2026-03-02,207134,Fitriadi M Rifqi,793,35,0.0,2.0,INA,27,atp_rankings_2026_03_02.csv
2026-03-02,105868,Wilson Leite,794,35,-1.0,-6.0,BRA,34,atp_rankings_2026_03_02.csv
2026-03-02,212603,Benjamin Torrealba,795,35,0.0,1.0,CHI,20,atp_rankings_2026_03_02.csv
2026-03-02,211391,Iannis Miletich,796,35,0.0,2.0,ITA,20,atp_rankings_2026_03_02.csv
2026-03-02,213713,Melios Efstathiou,797,35,-1.0,-8.0,CYP,,atp_rankings_2026_03_02.csv
2026-03-02,106397,Wishaya Trongcharoenchaikul,798,35,0.0,2.0,THA,30,atp_rankings_2026_03_02.csv
2026-03-02,214590,Nikita Belozertsev,799,34,0.0,2.0,UZB,17,atp_rankings_2026_03_02.csv
2026-03-02,211355,Oskar Brostrom Poulsen,800,34,15.0,162.0,DEN,24,atp_rankings_2026_03_02.csv
2026-03-02,202327,Marko Miladinovic,801,34,1.0,6.0,SRB,25,atp_rankings_2026_03_02.csv
2026-03-02,210236,Attila Boros,802,34,-4.0,-31.0,HUN,22,atp_rankings_2026_03_02.csv
2026-03-02,209038,Linang Xiao,803,34,0.0,0.0,CHN,25,atp_rankings_2026_03_02.csv
2026-03-02,209330,Bautista Vilicich,804,34,0.0,0.0,ARG,24,atp_rankings_2026_03_02.csv
2026-03-02,208094,Jorge Plans,805,34,1.0,7.0,ESP,24,atp_rankings_2026_03_02.csv
2026-03-02,212978,Izan Almazan Valiente,806,34,0.0,-1.0,ESP,20,atp_rankings_2026_03_02.csv
2026-03-02,117356,Cem Ilkel,807,33,-8.0,-65.0,TUR,30,atp_rankings_2026_03_02.csv
2026-03-02,212285,Albert Pedrico Kravtsov,808,33,0.0,-2.0,ESP,20,atp_rankings_2026_03_02.csv
2026-03-02,207456,Dong Ju Kim,809,33,0.0,-1.0,KOR,23,atp_rankings_2026_03_02.csv
2026-03-02,210203,Pedro Rodenas,810,33,0.0,-1.0,ESP,21,atp_rankings_2026_03_02.csv
2026-03-02,117353,Duck Hee Lee,811,33,0.0,0.0,KOR,27,atp_rankings_2026_03_02.csv
2026-03-02,109694,Pedro Araujo,812,33,0.0,2.0,POR,23,atp_rankings_2026_03_02.csv
2026-03-02,208051,Axel Nefve,813,33,0.0,2.0,USA,25,atp_rankings_2026_03_02.csv
2026-03-02,210477,Artur Kukasian,814,33,0.0,2.0,RUS,21,atp_rankings_2026_03_02.csv
2026-03-02,209923,Romain Faucon,815,33,1.0,12.0,BEL,23,atp_rankings_2026_03_02.csv
2026-03-02,210652,Dragos Nicolae Cazacu,816,33,0.0,1.0,ROU,22,atp_rankings_2026_03_02.csv
2026-03-02,106005,Constant Lestienne,817,32,-7.0,-60.0,FRA,33,atp_rankings_2026_03_02.csv
2026-03-02,202065,Petros Tsitsipas,818,32,0.0,0.0,GRE,25,atp_rankings_2026_03_02.csv
2026-03-02,212203,Luca Preda,819,32,0.0,0.0,ROU,19,atp_rankings_2026_03_02.csv
2026-03-02,209246,Alan Magadan,820,32,0.0,0.0,MEX,24,atp_rankings_2026_03_02.csv
2026-03-02,210098,Victor Lilov,821,32,-4.0,-35.0,USA,22,atp_rankings_2026_03_02.csv
2026-03-02,212306,Ignacio Parisca,822,32,-1.0,-9.0,VEN,20,atp_rankings_2026_03_02.csv
2026-03-02,208277,Taiyo Yamanaka,823,32,0.0,0.0,JPN,24,atp_rankings_2026_03_02.csv
2026-03-02,210145,John Sperle,824,32,0.0,1.0,GER,24,atp_rankings_2026_03_02.csv
2026-03-02,206749,Niccolo Catini,825,32,0.0,1.0,ITA,28,atp_rankings_2026_03_02.csv
2026-03-02,208147,Alexandre Aubriot,826,32,1.0,9.0,FRA,26,atp_rankings_2026_03_02.csv
2026-03-02,106078,Egor Gerasimov,827,31,0.0,1.0,BLR,33,atp_rankings_2026_03_02.csv
2026-03-02,210328,Matt Ponchet,828,31,1.0,10.0,FRA,21,atp_rankings_2026_03_02.csv
2026-03-02,210577,Alejandro Turriziani Alvarez,829,31,0.0,0.0,ESP,23,atp_rankings_2026_03_02.csv
2026-03-02,208302,Nikola Slavic,830,31,0.0,0.0,SWE,25,atp_rankings_2026_03_02.csv
2026-03-02,206923,Shinji Hazawa,831,31,-1.0,-10.0,JPN,26,atp_rankings_2026_03_02.csv
2026-03-02,206916,Joshua Charlton,832,31,-1.0,-10.0,AUS,26,atp_rankings_2026_03_02.csv
2026-03-02,210143,Maximilian Homberg,833,31,0.0,-1.0,GER,23,atp_rankings_2026_03_02.csv
2026-03-02,210424,Michel Hopp,834,31,0.0,-1.0,GER,27,atp_rankings_2026_03_02.csv
2026-03-02,212025,Yannik Kelm,835,31,0.0,-4.0,GER,21,atp_rankings_2026_03_02.csv
2026-03-02,208285,Fausto Tabacco,836,31,-1.0,-12.0,ITA,23,atp_rankings_2026_03_02.csv
2026-03-02,210099,Dinko Dinev,837,31,0.0,-3.0,BUL,22,atp_rankings_2026_03_02.csv
2026-03-02,209360,Samir Hamza Reguig,838,31,0.0,-2.0,ALG,24,atp_rankings_2026_03_02.csv
2026-03-02,212275,Thijs Boogaard,839,30,3.0,25.0,NED,17,atp_rankings_2026_03_02.csv
2026-03-02,210242,Ryan Colby,840,30,0.0,-3.0,USA,22,atp_rankings_2026_03_02.csv
2026-03-02,213760,Pavel Lagutin,841,30,0.0,-2.0,RUS,20,atp_rankings_2026_03_02.csv
2026-03-02,209198,Gian Luca Tanner,842,30,0.0,-2.0,SUI,25,atp_rankings_2026_03_02.csv
2026-03-02,209099,Kristijan Juhas,843,30,0.0,-2.0,SRB,24,atp_rankings_2026_03_02.csv
2026-03-02,208372,Natan Rodrigues,844,30,0.0,-2.0,BRA,24,atp_rankings_2026_03_02.csv
2026-03-02,209882,Jeffrey Von Der Schulenburg,845,30,0.0,-2.0,SUI,24,atp_rankings_2026_03_02.csv
2026-03-02,208532,Thiago Cigarran,846,30,0.0,-2.0,ARG,25,atp_rankings_2026_03_02.csv
2026-03-02,211707,Amit Vales,847,30,0.0,-2.0,ISR,20,atp_rankings_2026_03_02.csv
2026-03-02,144841,Christian Sigsgaard,848,29,-25.0,-203.0,DEN,28,atp_rankings_2026_03_02.csv
2026-03-02,106296,Gregoire Barrere,849,29,0.0,-3.0,FRA,32,atp_rankings_2026_03_02.csv
2026-03-02,207736,Arklon Huertas Del Pino,850,29,0.0,-3.0,PER,31,atp_rankings_2026_03_02.csv
2026-03-02,200176,Manish Sureshkumar,851,29,0.0,-2.0,IND,26,atp_rankings_2026_03_02.csv
2026-03-02,212288,Vincent Marysko,852,29,0.0,-2.0,GER,20,atp_rankings_2026_03_02.csv
2026-03-02,202258,Rafael Izquierdo Luque,853,29,0.0,-2.0,ESP,26,atp_rankings_2026_03_02.csv
2026-03-02,208925,John Hallquist Lithen,854,29,1.0,8.0,SWE,24,atp_rankings_2026_03_02.csv
2026-03-02,211566,Patrick Schoen,855,28,0.0,-2.0,SUI,20,atp_rankings_2026_03_02.csv
2026-03-02,212115,Hoyoung Roh,856,28,0.0,-2.0,KOR,19,atp_rankings_2026_03_02.csv
2026-03-02,210553,Jacob Bradshaw,857,28,4.0,42.0,AUS,23,atp_rankings_2026_03_02.csv
2026-03-02,213010,Marc Van Der Merwe,858,28,0.0,-3.0,RSA,31,atp_rankings_2026_03_02.csv
2026-03-02,206922,Luca Wiedenmann,859,28,1.0,8.0,GER,27,atp_rankings_2026_03_02.csv
2026-03-02,213194,Jack Kennedy,860,28,0.0,-4.0,USA,17,atp_rankings_2026_03_02.csv
2026-03-02,210132,Julio Cesar Porras,861,28,0.0,-2.0,ARG,28,atp_rankings_2026_03_02.csv
2026-03-02,208166,Xiaofei Wang,862,28,0.0,-4.0,CHN,23,atp_rankings_2026_03_02.csv
2026-03-02,209937,Giorgio Tabacco,863,28,1.0,6.0,ITA,22,atp_rankings_2026_03_02.csv
2026-03-02,134276,Jacob Brumm,864,28,0.0,-3.0,USA,27,atp_rankings_2026_03_02.csv
2026-03-02,207383,Taisei Ichikawa,865,28,0.0,-2.0,JPN,25,atp_rankings_2026_03_02.csv
2026-03-02,210523,Luca Pow,866,27,0.0,0.0,GBR,21,atp_rankings_2026_03_02.csv
2026-03-02,206921,Scott Jones,867,27,-1.0,-10.0,AUS,28,atp_rankings_2026_03_02.csv
2026-03-02,209914,Andreja Petrovic,868,27,0.0,0.0,NOR,26,atp_rankings_2026_03_02.csv
2026-03-02,212127,Charlie Robertson,869,27,0.0,1.0,GBR,19,atp_rankings_2026_03_02.csv
2026-03-02,126135,Jumpei Yamasaki,870,27,0.0,1.0,JPN,28,atp_rankings_2026_03_02.csv
2026-03-02,206556,Lautaro Agustin Falabella,871,27,0.0,1.0,ARG,28,atp_rankings_2026_03_02.csv
2026-03-02,210623,Jakub Filip,872,27,0.0,1.0,CZE,20,atp_rankings_2026_03_02.csv
2026-03-02,208533,Joao Victor Couto Loureiro,873,27,1.0,8.0,BRA,22,atp_rankings_2026_03_02.csv
2026-03-02,125833,Mert Naci Turker,874,27,0.0,0.0,TUR,27,atp_rankings_2026_03_02.csv
2026-03-02,144925,Nitin Kumar Sinha,875,27,0.0,0.0,IND,27,atp_rankings_2026_03_02.csv
2026-03-02,208264,Carles Hernandez,876,27,2.0,17.0,ESP,24,atp_rankings_2026_03_02.csv
2026-03-02,148674,Emon Van Loben Sels,877,26,0.0,-1.0,USA,21,atp_rankings_2026_03_02.csv
2026-03-02,105373,Martin Klizan,878,26,-1.0,-13.0,SVK,36,atp_rankings_2026_03_02.csv
2026-03-02,209928,Kalin Ivanovski,879,26,0.0,-1.0,MKD,21,atp_rankings_2026_03_02.csv
2026-03-02,132310,Tiago Cacao,880,26,1.0,9.0,POR,28,atp_rankings_2026_03_02.csv
2026-03-02,104729,Ivan Nedelko,881,26,0.0,-2.0,RUS,39,atp_rankings_2026_03_02.csv
2026-03-02,200595,Lorenzo Bocchi,882,26,0.0,-2.0,ITA,28,atp_rankings_2026_03_02.csv
2026-03-02,208055,Ajeet Rai,883,26,-3.0,-31.0,NZL,27,atp_rankings_2026_03_02.csv
2026-03-02,208132,Noah Schachter,884,26,-2.0,-24.0,USA,26,atp_rankings_2026_03_02.csv
2026-03-02,209253,Andrea Fiorentini,885,26,0.0,-2.0,ITA,25,atp_rankings_2026_03_02.csv
2026-03-02,202124,Kosuke Ogura,886,26,0.0,-2.0,JPN,30,atp_rankings_2026_03_02.csv
2026-03-02,106423,Thanasi Kokkinakis,887,25,0.0,-2.0,AUS,29,atp_rankings_2026_03_02.csv
2026-03-02,211708,Manuel Plunger,888,25,-1.0,-12.0,ITA,23,atp_rankings_2026_03_02.csv
2026-03-02,149842,Nicolas Ian Kotzen,889,25,0.0,-3.0,USA,22,atp_rankings_2026_03_02.csv
2026-03-02,144707,Mikael Ymer,890,25,0.0,-3.0,SWE,27,atp_rankings_2026_03_02.csv
2026-03-02,126165,Aoran Wang,891,25,0.0,-3.0,CHN,29,atp_rankings_2026_03_02.csv
2026-03-02,210265,Aleksandr Lobanov,892,25,0.0,-2.0,RUS,24,atp_rankings_2026_03_02.csv
2026-03-02,200671,Daisuke Sumizawa,893,25,0.0,-2.0,JPN,27,atp_rankings_2026_03_02.csv
2026-03-02,212748,Anas Mazdrashki,894,25,0.0,-2.0,BUL,,atp_rankings_2026_03_02.csv
2026-03-02,208806,Stefano Dagostino,895,25,-1.0,-13.0,ITA,22,atp_rankings_2026_03_02.csv
2026-03-02,208466,Evan Bynoe,896,25,2.0,22.0,USA,26,atp_rankings_2026_03_02.csv
2026-03-02,208818,Finn Murgett,897,25,0.0,-3.0,GBR,24,atp_rankings_2026_03_02.csv
2026-03-02,210252,Seydina Andre,898,25,0.0,-3.0,SEN,22,atp_rankings_2026_03_02.csv
2026-03-02,200276,Niklas Schell,899,25,0.0,-3.0,GER,27,atp_rankings_2026_03_02.csv
2026-03-02,209943,Ilya Snitari,900,24,0.0,-2.0,MDA,23,atp_rankings_2026_03_02.csv
2026-03-02,209905,Shunsuke Nakagawa,901,24,0.0,-1.0,JPN,25,atp_rankings_2026_03_02.csv
2026-03-02,208867,Tomas Luis,902,24,0.0,0.0,POR,23,atp_rankings_2026_03_02.csv
2026-03-02,126971,Marcus Walters,903,24,0.0,0.0,GBR,27,atp_rankings_2026_03_02.csv
2026-03-02,210052,Nicolas Zanellato,904,24,0.0,0.0,BRA,24,atp_rankings_2026_03_02.csv
2026-03-02,212171,Nicolas Jadoun,905,24,0.0,0.0,FRA,23,atp_rankings_2026_03_02.csv
2026-03-02,212733,Matthew Forbes,906,23,0.0,0.0,USA,19,atp_rankings_2026_03_02.csv
2026-03-02,213932,Theodore Dean,907,23,0.0,0.0,USA,23,atp_rankings_2026_03_02.csv
2026-03-02,106398,Pedro Cachin,908,23,0.0,0.0,ARG,30,atp_rankings_2026_03_02.csv
2026-03-02,209166,Calvin Mueller,909,23,0.0,0.0,GER,25,atp_rankings_2026_03_02.csv
2026-03-02,209394,Anton Shepp,910,23,0.0,0.0,NZL,23,atp_rankings_2026_03_02.csv
2026-03-02,212780,Enzo Kohlmann De Freitas,911,23,-1.0,-10.0,BRA,19,atp_rankings_2026_03_02.csv
2026-03-02,212269,Marc Majdandzic,912,23,0.0,0.0,GER,21,atp_rankings_2026_03_02.csv
2026-03-02,212071,Kasra Rahmani,913,23,0.0,-2.0,IRI,19,atp_rankings_2026_03_02.csv
2026-03-02,202125,Benjamin Pietri,914,23,0.0,-1.0,FRA,29,atp_rankings_2026_03_02.csv
2026-03-02,213062,Nikolai Barsukov,915,23,0.0,-1.0,GER,,atp_rankings_2026_03_02.csv
2026-03-02,200125,Mykyta Mashtakov,916,23,0.0,-1.0,UKR,26,atp_rankings_2026_03_02.csv
2026-03-02,210554,Marko Maksimovic,917,23,0.0,0.0,SRB,20,atp_rankings_2026_03_02.csv
2026-03-02,202275,Fermin Tenti,918,23,0.0,-2.0,ARG,28,atp_rankings_2026_03_02.csv
2026-03-02,200220,Ezekiel Clark,919,23,0.0,0.0,USA,27,atp_rankings_2026_03_02.csv
2026-03-02,210531,Paul Inchauspe,920,22,0.0,1.0,FRA,22,atp_rankings_2026_03_02.csv
2026-03-02,206573,Trey Hilderbrand,921,22,-2.0,-24.0,USA,25,atp_rankings_2026_03_02.csv
2026-03-02,200598,Isaiah Strode,922,22,0.0,0.0,USA,28,atp_rankings_2026_03_02.csv
2026-03-02,212832,Salvador Price,923,22,0.0,0.0,COL,21,atp_rankings_2026_03_02.csv
2026-03-02,211774,Ryotaro Taguchi,924,22,0.0,0.0,JPN,25,atp_rankings_2026_03_02.csv
2026-03-02,210483,Yaojie Zeng,925,22,0.0,0.0,CHN,24,atp_rankings_2026_03_02.csv
2026-03-02,207404,Miles Jones,926,22,0.0,0.0,USA,25,atp_rankings_2026_03_02.csv
2026-03-02,211649,Fernando Cavallo,927,22,0.0,0.0,ARG,20,atp_rankings_2026_03_02.csv
2026-03-02,207676,Adan Freire Da Silva,928,22,0.0,0.0,FRA,26,atp_rankings_2026_03_02.csv
2026-03-02,209956,Dev Javia,929,22,0.0,1.0,IND,23,atp_rankings_2026_03_02.csv
2026-03-02,202334,Jesse Delaney,930,22,0.0,1.0,AUS,27,atp_rankings_2026_03_02.csv
2026-03-02,208250,Mihai Razvan Marinescu,931,22,0.0,1.0,ROU,24,atp_rankings_2026_03_02.csv
2026-03-02,200441,Grigoriy Lomakin,932,22,0.0,1.0,KAZ,27,atp_rankings_2026_03_02.csv
2026-03-02,212076,Zoran Ludoski,933,21,0.0,1.0,SRB,20,atp_rankings_2026_03_02.csv
2026-03-02,211790,Rudy Quan,934,21,0.0,2.0,USA,20,atp_rankings_2026_03_02.csv
2026-03-02,209334,Micah Braswell,935,21,0.0,2.0,USA,24,atp_rankings_2026_03_02.csv
2026-03-02,212311,Stijn Paardekooper,936,21,0.0,2.0,NED,22,atp_rankings_2026_03_02.csv
2026-03-02,131910,Lucas Bouquet,937,21,0.0,2.0,FRA,28,atp_rankings_2026_03_02.csv
2026-03-02,126581,Juan Sebastian Osorio,938,21,0.0,2.0,COL,28,atp_rankings_2026_03_02.csv
2026-03-02,212461,Daniele Rapagnetta,939,21,-1.0,-10.0,ITA,19,atp_rankings_2026_03_02.csv
2026-03-02,212259,Benjamin Thomas George,940,21,0.0,2.0,CAN,23,atp_rankings_2026_03_02.csv
2026-03-02,210086,Lorenzo Angelini,941,21,0.0,3.0,ITA,19,atp_rankings_2026_03_02.csv
2026-03-02,111568,Michael Zhu,942,21,1.0,13.0,USA,33,atp_rankings_2026_03_02.csv
2026-03-02,213965,Andrew Johnson,943,20,0.0,2.0,USA,16,atp_rankings_2026_03_02.csv
2026-03-02,208897,Pablo Masjuan Ginel,944,20,-1.0,-9.0,ESP,23,atp_rankings_2026_03_02.csv
2026-03-02,212958,Spencer Johnson,945,20,0.0,1.0,USA,23,atp_rankings_2026_03_02.csv
2026-03-02,126283,Yunseong Chung,946,20,0.0,1.0,KOR,27,atp_rankings_2026_03_02.csv
2026-03-02,212944,Ryo Tabata,947,20,0.0,1.0,JPN,18,atp_rankings_2026_03_02.csv
2026-03-02,208229,Qian Sun,948,20,0.0,1.0,CHN,24,atp_rankings_2026_03_02.csv
2026-03-02,208152,Gabriele Bosio,949,20,0.0,1.0,ITA,25,atp_rankings_2026_03_02.csv
2026-03-02,211564,Brian Bozemoj,950,20,0.0,0.0,NED,22,atp_rankings_2026_03_02.csv
2026-03-02,144932,Kristjan Tamm,951,20,0.0,3.0,EST,27,atp_rankings_2026_03_02.csv
2026-03-02,126216,Alexander Klintcharov,952,20,-1.0,-11.0,NZL,29,atp_rankings_2026_03_02.csv
2026-03-02,211897,Naoya Honda,953,20,0.0,-1.0,JPN,19,atp_rankings_2026_03_02.csv
2026-03-02,207794,Younes Lalami Laaroussi,954,20,0.0,-1.0,MAR,24,atp_rankings_2026_03_02.csv
2026-03-02,122294,Gabriele Maria Noce,955,20,-1.0,-12.0,ITA,30,atp_rankings_2026_03_02.csv
2026-03-02,126536,David Pichler,956,19,0.0,1.0,AUT,30,atp_rankings_2026_03_02.csv
2026-03-02,134087,Johannes Ingildsen,957,19,0.0,1.0,DEN,28,atp_rankings_2026_03_02.csv
2026-03-02,210028,Ozan Baris,958,19,0.0,1.0,USA,21,atp_rankings_2026_03_02.csv
2026-03-02,210727,Taym Al Azmeh,959,19,0.0,1.0,GER,21,atp_rankings_2026_03_02.csv
2026-03-02,208237,Aleksa Ciric,960,19,0.0,1.0,SRB,25,atp_rankings_2026_03_02.csv
2026-03-02,,Jea Moon Lee,961,19,0.0,2.0,,,atp_rankings_2026_03_02.csv
2026-03-02,209171,Thantub Suksumrarn,962,19,0.0,2.0,THA,24,atp_rankings_2026_03_02.csv
2026-03-02,210429,Pietro Romeo Scomparin,963,19,0.0,2.0,ITA,24,atp_rankings_2026_03_02.csv
2026-03-02,202419,Justin Schlageter,964,19,0.0,3.0,GER,24,atp_rankings_2026_03_02.csv
2026-03-02,202077,Ewen Lumsden,965,19,0.0,1.0,GBR,26,atp_rankings_2026_03_02.csv
2026-03-02,210535,Maxim Shin,966,19,0.0,2.0,UZB,22,atp_rankings_2026_03_02.csv
2026-03-02,212816,Lucca Helguera Casado,967,19,0.0,3.0,ESP,20,atp_rankings_2026_03_02.csv
2026-03-02,210047,Lorenzo Lorusso,968,19,0.0,3.0,ITA,26,atp_rankings_2026_03_02.csv
2026-03-02,208057,Diego Fernandez Flores,969,19,-1.0,-13.0,CHI,25,atp_rankings_2026_03_02.csv
2026-03-02,104905,Nicolas Barrientos,970,18,0.0,3.0,COL,38,atp_rankings_2026_03_02.csv
2026-03-02,210157,Dylan Dietrich,971,18,4.0,79.0,SUI,21,atp_rankings_2026_03_02.csv
2026-03-02,211585,Alex Kuperstein,972,18,0.0,2.0,USA,27,atp_rankings_2026_03_02.csv
2026-03-02,213677,Dante Pagani,973,18,0.0,2.0,ARG,,atp_rankings_2026_03_02.csv
2026-03-02,213619,Oskari Paldanius,974,18,4.0,81.0,FIN,,atp_rankings_2026_03_02.csv
2026-03-02,206746,Benjamin Winter Lopez,975,18,0.0,1.0,ESP,27,atp_rankings_2026_03_02.csv
2026-03-02,212839,Oliver Bonding,976,18,-15.0,-166.0,GBR,18,atp_rankings_2026_03_02.csv
2026-03-02,106167,Joris De Loore,977,18,0.0,0.0,BEL,32,atp_rankings_2026_03_02.csv
2026-03-02,212308,Markus Malaszszak,978,18,0.0,0.0,GER,21,atp_rankings_2026_03_02.csv
2026-03-02,209997,Marcello Serafini,979,18,0.0,3.0,ITA,23,atp_rankings_2026_03_02.csv
2026-03-02,133014,Enzo Wallart,980,18,0.0,0.0,FRA,29,atp_rankings_2026_03_02.csv
2026-03-02,200418,Karl Friberg,981,18,0.0,0.0,SWE,26,atp_rankings_2026_03_02.csv
2026-03-02,211658,Tomas Martinez,982,18,1.0,20.0,ARG,22,atp_rankings_2026_03_02.csv
2026-03-02,132374,Jesse Flores,983,18,1.0,21.0,CRC,30,atp_rankings_2026_03_02.csv
2026-03-02,207183,Ishaque Eqbal,984,18,-1.0,-15.0,IND,28,atp_rankings_2026_03_02.csv
2026-03-02,208613,Ezequiel Monferrer,985,18,0.0,-1.0,ARG,22,atp_rankings_2026_03_02.csv
2026-03-02,202369,Daniel Salazar Martinez,986,18,0.0,-1.0,COL,24,atp_rankings_2026_03_02.csv
2026-03-02,202244,Jeremy Gschwendtner,987,18,0.0,-1.0,GBR,27,atp_rankings_2026_03_02.csv
2026-03-02,211700,Ruslan Tiukaev,988,18,0.0,-1.0,RUS,20,atp_rankings_2026_03_02.csv
2026-03-02,210507,Nicolas Villalon,989,18,0.0,-1.0,CHI,22,atp_rankings_2026_03_02.csv
2026-03-02,208401,Giannicola Misasi,990,18,1.0,18.0,ITA,25,atp_rankings_2026_03_02.csv
2026-03-02,212949,Ziga Sesko,991,17,0.0,-2.0,SLO,17,atp_rankings_2026_03_02.csv
2026-03-02,212926,Andrew Delgado,992,17,0.0,-2.0,USA,20,atp_rankings_2026_03_02.csv
2026-03-02,211674,Kuang Qing Xu,993,17,0.0,-2.0,CHN,19,atp_rankings_2026_03_02.csv
2026-03-02,207595,Mateo Barreiros Reyes,994,17,0.0,-2.0,BRA,25,atp_rankings_2026_03_02.csv
2026-03-02,209064,Suk Hyun Choo,995,17,0.0,-2.0,KOR,24,atp_rankings_2026_03_02.csv
2026-03-02,148673,Dominique Rolland,996,17,0.0,-2.0,USA,21,atp_rankings_2026_03_02.csv
2026-03-02,200331,Leonardo Aboian,997,17,0.0,0.0,ARG,27,atp_rankings_2026_03_02.csv
2026-03-02,213059,Carles Cordoba,998,17,0.0,1.0,ESP,20,atp_rankings_2026_03_02.csv
2026-03-02,212059,Zach Stephens,999,17,0.0,-1.0,GBR,19,atp_rankings_2026_03_02.csv
2026-03-02,212478,William Rejchtman Vinciguerra,1000,17,0.0,-1.0,SWE,19,atp_rankings_2026_03_02.csv
2026-03-02,211646,Louis Larue,1001,17,-1.0,-22.0,FRA,21,atp_rankings_2026_03_02.csv
2026-03-02,212199,Tymur Bieldiugin,1002,17,0.0,1.0,UKR,20,atp_rankings_2026_03_02.csv
2026-03-02,210683,Peter Buldorini,1003,17,0.0,-2.0,ITA,21,atp_rankings_2026_03_02.csv
2026-03-02,210003,Chirag Duhan,1004,17,0.0,1.0,IND,22,atp_rankings_2026_03_02.csv
2026-03-02,212888,Rares Teodor Pieleanu,1005,17,0.0,1.0,ROU,19,atp_rankings_2026_03_02.csv
2026-03-02,211317,Chen Dong,1006,17,0.0,1.0,AUS,23,atp_rankings_2026_03_02.csv
2026-03-02,213987,Vignesh Gogineni,1007,16,0.0,2.0,USA,,atp_rankings_2026_03_02.csv
2026-03-02,211664,Nicolas Oliveira,1008,16,0.0,2.0,BRA,19,atp_rankings_2026_03_02.csv
2026-03-02,202342,Ryan Seggerman,1009,16,0.0,2.0,USA,26,atp_rankings_2026_03_02.csv
2026-03-02,211675,Keegan Rice,1010,16,0.0,3.0,CAN,19,atp_rankings_2026_03_02.csv
2026-03-02,127087,Dominik Recek,1011,16,0.0,3.0,CZE,31,atp_rankings_2026_03_02.csv
2026-03-02,207682,Lorenzo Gagliardo,1012,16,0.0,3.0,ITA,25,atp_rankings_2026_03_02.csv
2026-03-02,208262,Alejo Lorenzo Lingua Lavallen,1013,16,-1.0,-17.0,ARG,24,atp_rankings_2026_03_02.csv
2026-03-02,106348,Evgeny Karlovskiy,1014,16,0.0,3.0,RUS,31,atp_rankings_2026_03_02.csv
2026-03-02,111569,Gage Brymer,1015,16,0.0,3.0,USA,31,atp_rankings_2026_03_02.csv
2026-03-02,208467,Alexander Kotzen,1016,16,0.0,3.0,USA,25,atp_rankings_2026_03_02.csv
2026-03-02,208320,Christopher Li,1017,16,0.0,3.0,PER,22,atp_rankings_2026_03_02.csv
2026-03-02,208653,Isaac Becroft,1018,16,0.0,3.0,NZL,25,atp_rankings_2026_03_02.csv
2026-03-02,213014,Simeon Stankovic,1019,16,0.0,3.0,SRB,,atp_rankings_2026_03_02.csv
2026-03-02,208003,Bekkhan Atlangeriev,1020,16,-2.0,-37.0,RUS,24,atp_rankings_2026_03_02.csv
2026-03-02,213143,Sydney Zick,1021,16,0.0,2.0,GER,19,atp_rankings_2026_03_02.csv
2026-03-02,200050,Finn Bass,1022,16,0.0,2.0,GBR,26,atp_rankings_2026_03_02.csv
2026-03-02,206600,Zura Tkemaladze,1023,16,0.0,2.0,GEO,25,atp_rankings_2026_03_02.csv
2026-03-02,208844,Keshav Chopra,1024,16,0.0,2.0,USA,24,atp_rankings_2026_03_02.csv
2026-03-02,210409,Pavlos Tsitsipas,1025,16,0.0,3.0,GRE,20,atp_rankings_2026_03_02.csv
2026-03-02,126197,Orlando Luz,1026,15,-7.0,-106.0,BRA,28,atp_rankings_2026_03_02.csv
2026-03-02,211651,Alexander Vasilev,1027,15,0.0,2.0,BUL,18,atp_rankings_2026_03_02.csv
2026-03-02,106214,Oscar Otte,1028,15,0.0,2.0,GER,32,atp_rankings_2026_03_02.csv
2026-03-02,202361,Simon Reveniau,1029,15,0.0,2.0,FRA,27,atp_rankings_2026_03_02.csv
2026-03-02,213360,Niels Mcdonald,1030,15,0.0,2.0,GER,18,atp_rankings_2026_03_02.csv
2026-03-02,210091,Filip Pieczonka,1031,15,0.0,2.0,POL,21,atp_rankings_2026_03_02.csv
2026-03-02,212235,Noah Zamora,1031,15,0.0,2.0,USA,22,atp_rankings_2026_03_02.csv
2026-03-02,211394,Patrick Brady,1033,15,0.0,2.0,GBR,21,atp_rankings_2026_03_02.csv
2026-03-02,,Gilbert Klier Junior,1034,15,0.0,2.0,,,atp_rankings_2026_03_02.csv
2026-03-02,124001,Gergely Madarasz,1035,15,0.0,2.0,HUN,31,atp_rankings_2026_03_02.csv
2026-03-02,105332,Benoit Paire,1036,15,0.0,3.0,FRA,36,atp_rankings_2026_03_02.csv
2026-03-02,212852,Kacper Szymkowiak,1037,15,0.0,3.0,POL,21,atp_rankings_2026_03_02.csv
2026-03-02,206216,Tom Zeuch,1038,15,1.0,19.0,GER,26,atp_rankings_2026_03_02.csv
2026-03-02,212086,Grigory Shebekin,1039,15,0.0,2.0,RUS,20,atp_rankings_2026_03_02.csv
2026-03-02,208130,Geun Jun Kim,1040,15,0.0,2.0,KOR,24,atp_rankings_2026_03_02.csv
2026-03-02,212530,Mikael Arseneault,1041,15,0.0,2.0,CAN,19,atp_rankings_2026_03_02.csv
2026-03-02,134405,Koray Kirci,1042,15,0.0,2.0,TUR,27,atp_rankings_2026_03_02.csv
2026-03-02,212639,Yuto Oki,1043,15,0.0,2.0,JPN,,atp_rankings_2026_03_02.csv
2026-03-02,208160,Sam Ryan Ziegann,1044,15,0.0,2.0,AUS,27,atp_rankings_2026_03_02.csv
2026-03-02,212574,Egor Pleshivtsev,1045,15,0.0,2.0,RUS,,atp_rankings_2026_03_02.csv
2026-03-02,209233,Pietro Marino,1046,15,-4.0,-74.0,ITA,24,atp_rankings_2026_03_02.csv
2026-03-02,210456,Karim Ibrahim,1047,15,0.0,1.0,EGY,22,atp_rankings_2026_03_02.csv
2026-03-02,212552,Nicolas Ifi,1048,15,-1.0,-21.0,BEL,27,atp_rankings_2026_03_02.csv
2026-03-02,212022,Daniil Sarksian,1049,15,0.0,0.0,RUS,19,atp_rankings_2026_03_02.csv
2026-03-02,211484,Jangjun Kim,1050,14,0.0,1.0,KOR,19,atp_rankings_2026_03_02.csv
2026-03-02,214018,Jamie Mackenzie,1051,14,0.0,1.0,GER,,atp_rankings_2026_03_02.csv
2026-03-02,207649,Savriyan Danilov,1052,14,0.0,1.0,RUS,25,atp_rankings_2026_03_02.csv
2026-03-02,106288,Mathias Bourgue,1053,14,-2.0,-41.0,FRA,32,atp_rankings_2026_03_02.csv
2026-03-02,213806,Kriish Tyagi,1054,14,0.0,0.0,IND,18,atp_rankings_2026_03_02.csv
2026-03-02,213969,Joao Vitor Scramin Do Lago,1055,14,0.0,3.0,BRA,19,atp_rankings_2026_03_02.csv
2026-03-02,207331,Vladislav Melnic,1056,14,0.0,3.0,ROU,26,atp_rankings_2026_03_02.csv
2026-03-02,212284,Pengyu Lu,1057,14,0.0,5.0,CHN,24,atp_rankings_2026_03_02.csv
2026-03-02,210436,Hayden Jones,1058,14,0.0,5.0,AUS,19,atp_rankings_2026_03_02.csv
2026-03-02,213046,Pieter De Lange,1059,14,0.0,1.0,NED,,atp_rankings_2026_03_02.csv
2026-03-02,202305,Franco Ribero,1060,14,1.0,22.0,ARG,26,atp_rankings_2026_03_02.csv
2026-03-02,202220,Nicolas Bruna,1061,14,0.0,5.0,CHI,27,atp_rankings_2026_03_02.csv
2026-03-02,211323,Jacopo Bilardo,1062,14,0.0,3.0,ITA,21,atp_rankings_2026_03_02.csv
2026-03-02,210038,Matias Ponce De Leon Gomila,1063,13,0.0,4.0,ESP,22,atp_rankings_2026_03_02.csv
2026-03-02,105359,Jason Jung,1064,13,0.0,4.0,TPE,36,atp_rankings_2026_03_02.csv
2026-03-02,133880,Thomas Deschamps,1065,13,-1.0,-10.0,FRA,27,atp_rankings_2026_03_02.csv
2026-03-02,212174,Enzo Aguiard,1066,13,0.0,4.0,AUS,23,atp_rankings_2026_03_02.csv
2026-03-02,210274,Sebastian Dominko,1067,13,0.0,4.0,SLO,22,atp_rankings_2026_03_02.csv
2026-03-02,126953,Chan Yeong Oh,1068,13,0.0,4.0,KOR,27,atp_rankings_2026_03_02.csv
2026-03-02,208424,Julian Cundom,1069,13,0.0,4.0,ARG,24,atp_rankings_2026_03_02.csv
2026-03-02,212481,Federico Aguilar Cardozo,1070,13,0.0,4.0,URU,20,atp_rankings_2026_03_02.csv
2026-03-02,212142,Maxwell Exsted,1070,13,0.0,4.0,USA,18,atp_rankings_2026_03_02.csv
2026-03-02,200289,Mathieu Scaglia,1072,13,0.0,4.0,FRA,27,atp_rankings_2026_03_02.csv
2026-03-02,209889,Thomas Braithwaite,1073,13,-1.0,-12.0,AUS,26,atp_rankings_2026_03_02.csv
2026-03-02,210166,Mika Lipp,1074,13,0.0,3.0,GER,22,atp_rankings_2026_03_02.csv
2026-03-02,212295,Enzo Camargo Lima,1075,13,0.0,4.0,BRA,22,atp_rankings_2026_03_02.csv
2026-03-02,144937,Nicolas Parizzia,1076,13,0.0,2.0,SUI,27,atp_rankings_2026_03_02.csv
2026-03-02,213591,Billy Suarez,1077,13,0.0,3.0,USA,,atp_rankings_2026_03_02.csv
2026-03-02,202106,Juan Bautista Otegui,1078,13,0.0,3.0,ARG,27,atp_rankings_2026_03_02.csv
2026-03-02,212725,Alaa Trifi,1079,13,0.0,4.0,TUN,19,atp_rankings_2026_03_02.csv
2026-03-02,210745,Matthias Ujvary,1080,13,0.0,4.0,AUT,21,atp_rankings_2026_03_02.csv
2026-03-02,144730,Tomohiro Masabayashi,1081,13,0.0,4.0,JPN,27,atp_rankings_2026_03_02.csv
2026-03-02,104810,Zhe Li,1082,12,0.0,4.0,CHN,39,atp_rankings_2026_03_02.csv
2026-03-02,209280,Devin Badenhorst,1083,12,0.0,4.0,RSA,21,atp_rankings_2026_03_02.csv
2026-03-02,209917,Benito Sanchez Martinez,1084,12,0.0,4.0,GER,23,atp_rankings_2026_03_02.csv
2026-03-02,149115,Adam Jilly,1085,12,0.0,4.0,HUN,19,atp_rankings_2026_03_02.csv
2026-03-02,212892,Vlado Jankanj,1086,12,-1.0,-17.0,SRB,,atp_rankings_2026_03_02.csv
2026-03-02,208485,Kiranpal Pannu,1087,12,0.0,3.0,NZL,29,atp_rankings_2026_03_02.csv
2026-03-02,200456,Martin Borisiouk,1088,12,0.0,3.0,BLR,25,atp_rankings_2026_03_02.csv
2026-03-02,212930,Mario Martinez Serrano,1089,12,0.0,3.0,ESP,21,atp_rankings_2026_03_02.csv
2026-03-02,212885,Cezar Gabriel Papoe,1090,12,0.0,3.0,ROU,18,atp_rankings_2026_03_02.csv
2026-03-02,210185,Alen Mujakic,1091,12,0.0,3.0,GER,22,atp_rankings_2026_03_02.csv
2026-03-02,126878,David Poljak,1092,12,-3.0,-54.0,CZE,29,atp_rankings_2026_03_02.csv
2026-03-02,210736,Shu Matsuoka,1093,12,0.0,2.0,JPN,22,atp_rankings_2026_03_02.csv
2026-03-02,212310,Pepijn Bastiaansen,1094,12,-4.0,-78.0,NED,20,atp_rankings_2026_03_02.csv
2026-03-02,211329,James Van Herzeele,1095,12,0.0,2.0,THA,,atp_rankings_2026_03_02.csv
2026-03-02,106249,Joao Domingues,1096,12,0.0,0.0,POR,32,atp_rankings_2026_03_02.csv
2026-03-02,213210,Maan Kesharwani,1097,12,0.0,1.0,IND,,atp_rankings_2026_03_02.csv
2026-03-02,202090,Adrian Andreev,1098,12,0.0,2.0,BUL,24,atp_rankings_2026_03_02.csv
2026-03-02,212149,Nikola Djosic,1099,12,0.0,0.0,SUI,18,atp_rankings_2026_03_02.csv
2026-03-02,211491,Robert Guna,1100,12,0.0,1.0,ROU,20,atp_rankings_2026_03_02.csv
2026-03-02,208908,Rafael De Alba,1101,12,0.0,1.0,MEX,,atp_rankings_2026_03_02.csv
2026-03-02,207343,Hanyi Liu,1102,12,0.0,4.0,CHN,24,atp_rankings_2026_03_02.csv
2026-03-02,210182,Mateo Del Pino,1103,12,0.0,5.0,ARG,22,atp_rankings_2026_03_02.csv
2026-03-02,209921,Ali Habib,1104,12,0.0,0.0,GBR,23,atp_rankings_2026_03_02.csv
2026-03-02,206782,Demetris Azoides,1105,12,0.0,2.0,GRE,25,atp_rankings_2026_03_02.csv
2026-03-02,205831,Ammar Alhogbani,1106,12,0.0,7.0,USA,27,atp_rankings_2026_03_02.csv
2026-03-02,202293,Charles Bertimon,1106,12,0.0,2.0,FRA,26,atp_rankings_2026_03_02.csv
2026-03-02,212871,Piet Luis Pinter,1108,12,0.0,3.0,AUT,20,atp_rankings_2026_03_02.csv
2026-03-02,207864,Noel Larwig,1109,12,0.0,3.0,GER,24,atp_rankings_2026_03_02.csv
2026-03-02,211480,Aleksander Chayka,1110,12,0.0,5.0,RUS,21,atp_rankings_2026_03_02.csv
2026-03-02,145008,Hugo Pierre,1111,12,-2.0,-47.0,FRA,29,atp_rankings_2026_03_02.csv
2026-03-02,211761,Valentin Basel,1112,12,0.0,7.0,ARG,21,atp_rankings_2026_03_02.csv
2026-03-02,212726,Sungbeen Sim,1112,12,0.0,4.0,KOR,28,atp_rankings_2026_03_02.csv
2026-03-02,211676,Saveliy Ivanov,1114,12,0.0,6.0,RUS,21,atp_rankings_2026_03_02.csv
2026-03-02,209852,Zsombor Velcz,1115,11,0.0,6.0,HUN,23,atp_rankings_2026_03_02.csv
2026-03-02,210759,Gianluca Brunkow,1116,11,1.0,37.0,USA,23,atp_rankings_2026_03_02.csv
2026-03-02,106425,Blake Mott,1117,11,0.0,5.0,AUS,29,atp_rankings_2026_03_02.csv
2026-03-02,214206,Thiago Agustin Pernas,1118,11,0.0,5.0,ARG,24,atp_rankings_2026_03_02.csv
2026-03-02,212110,Mathis Bondaz,1119,11,0.0,5.0,FRA,,atp_rankings_2026_03_02.csv
2026-03-02,209115,Oliver Okonkwo,1120,11,0.0,5.0,GBR,25,atp_rankings_2026_03_02.csv
2026-03-02,213174,Mickael Kaouk,1121,11,1.0,38.0,FRA,,atp_rankings_2026_03_02.csv
2026-03-02,210002,Rohan Mehra,1122,11,0.0,4.0,IND,23,atp_rankings_2026_03_02.csv
2026-03-02,207172,Connor Thomson,1122,11,0.0,4.0,GBR,25,atp_rankings_2026_03_02.csv
2026-03-02,207927,Thando Longwe Smit,1124,11,0.0,5.0,RSA,24,atp_rankings_2026_03_02.csv
2026-03-02,212820,Martin Sabas,1125,11,0.0,6.0,FRA,24,atp_rankings_2026_03_02.csv
2026-03-02,144927,Siddharth Vishwakarma,1125,11,0.0,3.0,IND,31,atp_rankings_2026_03_02.csv
2026-03-02,211497,Rocco Piatti,1127,11,0.0,5.0,MON,21,atp_rankings_2026_03_02.csv
2026-03-02,209999,Leonardo Malgaroli,1128,11,1.0,40.0,ITA,23,atp_rankings_2026_03_02.csv
2026-03-02,208249,Gian Marco Ortenzi,1129,11,-1.0,-24.0,ITA,26,atp_rankings_2026_03_02.csv
2026-03-02,136648,Jefferson Wendler Filho,1130,11,0.0,4.0,BRA,30,atp_rankings_2026_03_02.csv
2026-03-02,212834,Nicolas Garcia Longo,1131,11,0.0,4.0,ARG,20,atp_rankings_2026_03_02.csv
2026-03-02,202190,Gregor Ramskogler,1132,11,0.0,6.0,AUT,27,atp_rankings_2026_03_02.csv
2026-03-02,106175,Ricardo Rodriguez,1133,11,0.0,2.0,VEN,32,atp_rankings_2026_03_02.csv
2026-03-02,200024,Makoto Ochi,1134,11,0.0,3.0,JPN,29,atp_rankings_2026_03_02.csv
2026-03-02,209203,Evgeny Philippov,1135,11,0.0,3.0,RUS,24,atp_rankings_2026_03_02.csv
2026-03-02,205825,Joao Vitor Goncalves Ceolin,1136,11,-1.0,-26.0,BRA,26,atp_rankings_2026_03_02.csv
2026-03-02,211411,Tyler Stice,1136,11,0.0,4.0,USA,25,atp_rankings_2026_03_02.csv
2026-03-02,200166,Stefan Vujic,1138,11,-1.0,-24.0,AUS,27,atp_rankings_2026_03_02.csv
2026-03-02,212246,Volodymyr Iakubenko,1139,11,0.0,2.0,UKR,20,atp_rankings_2026_03_02.csv
2026-03-02,212084,Denis Petak,1140,11,0.0,2.0,CZE,19,atp_rankings_2026_03_02.csv
2026-03-02,209118,Niklas Waldner,1141,11,1.0,34.0,AUT,24,atp_rankings_2026_03_02.csv
2026-03-02,124099,Mohamed Nazim Makhlouf,1142,11,0.0,1.0,ALG,29,atp_rankings_2026_03_02.csv
2026-03-02,210684,Niccolo Ciavarella,1143,11,0.0,1.0,ITA,21,atp_rankings_2026_03_02.csv
2026-03-02,210455,Noah Perfetti,1144,11,0.0,1.0,ITA,24,atp_rankings_2026_03_02.csv
2026-03-02,105334,Luis David Martinez,1145,10,0.0,2.0,VEN,36,atp_rankings_2026_03_02.csv
2026-03-02,212276,Stian Klaassen,1146,10,0.0,2.0,NED,22,atp_rankings_2026_03_02.csv
2026-03-02,208151,Filippo Speziali,1146,10,0.0,2.0,ITA,25,atp_rankings_2026_03_02.csv
2026-03-02,213977,Cosme Rolland De Ravel,1148,10,0.0,2.0,FRA,21,atp_rankings_2026_03_02.csv
2026-03-02,207996,Siddhant Banthia,1149,10,0.0,3.0,IND,25,atp_rankings_2026_03_02.csv
2026-03-02,213802,Mustafa Ege Sik,1150,10,0.0,4.0,TUR,16,atp_rankings_2026_03_02.csv
2026-03-02,212857,Cooper Woestendick,1150,10,0.0,4.0,USA,19,atp_rankings_2026_03_02.csv
2026-03-02,212300,Sasha Rozin,1152,10,0.0,4.0,CAN,20,atp_rankings_2026_03_02.csv
2026-03-02,200457,Jannik Opitz,1153,10,0.0,4.0,GER,27,atp_rankings_2026_03_02.csv
2026-03-02,105731,Steven Diez,1154,10,0.0,4.0,CAN,34,atp_rankings_2026_03_02.csv
2026-03-02,213603,Joaquin Guilleme,1155,10,0.0,5.0,NIC,,atp_rankings_2026_03_02.csv
2026-03-02,210705,Matt Hulme,1156,10,-1.0,-27.0,AUS,27,atp_rankings_2026_03_02.csv
2026-03-02,133291,Ryota Tanuma,1157,10,0.0,4.0,JPN,30,atp_rankings_2026_03_02.csv
2026-03-02,208216,Alberto Bronzetti,1158,10,0.0,4.0,ITA,27,atp_rankings_2026_03_02.csv
2026-03-02,209516,Valentin Lapalu,1159,10,0.0,4.0,FRA,23,atp_rankings_2026_03_02.csv
2026-03-02,213007,Tristan Stringer,1160,10,0.0,5.0,USA,20,atp_rankings_2026_03_02.csv
2026-03-02,211610,Andreas Timini,1161,10,-1.0,-28.0,CYP,19,atp_rankings_2026_03_02.csv
2026-03-02,210514,Edison Ambarzumjan,1162,10,0.0,2.0,GER,29,atp_rankings_2026_03_02.csv
2026-03-02,117352,Oliver Anderson,1163,10,0.0,3.0,AUS,27,atp_rankings_2026_03_02.csv
2026-03-02,212649,Seung Woo Cho,1163,10,0.0,3.0,KOR,27,atp_rankings_2026_03_02.csv
2026-03-02,210155,Jasza Szajrych,1165,10,-2.0,-62.0,POL,23,atp_rankings_2026_03_02.csv
2026-03-02,212533,Markus Molder,1166,10,0.0,7.0,EST,20,atp_rankings_2026_03_02.csv
2026-03-02,110751,Sebastian Fanselow,1167,10,0.0,3.0,GER,34,atp_rankings_2026_03_02.csv
2026-03-02,212263,Xing Dao Chen,1168,10,0.0,6.0,CHN,22,atp_rankings_2026_03_02.csv
2026-03-02,211904,Maximilian Figl,1169,10,0.0,7.0,ITA,21,atp_rankings_2026_03_02.csv
2026-03-02,132054,Nathan Ponwith,1169,10,-2.0,-52.0,USA,27,atp_rankings_2026_03_02.csv
2026-03-02,212183,Yuquan Jin,1171,10,0.0,6.0,CHN,25,atp_rankings_2026_03_02.csv
2026-03-02,200197,Boris Butulija,1172,10,-2.0,-54.0,SRB,27,atp_rankings_2026_03_02.csv
2026-03-02,106132,Toby Martin,1173,10,0.0,5.0,GBR,33,atp_rankings_2026_03_02.csv
2026-03-02,212616,Yuta Tomida,1174,10,0.0,5.0,JPN,19,atp_rankings_2026_03_02.csv
2026-03-02,208581,Noah Thurner,1175,10,-1.0,-29.0,GER,26,atp_rankings_2026_03_02.csv
2026-03-02,208864,Leyton Rivera,1176,10,1.0,31.0,NOR,24,atp_rankings_2026_03_02.csv
2026-03-02,208186,Preston Brown,1177,10,0.0,3.0,USA,24,atp_rankings_2026_03_02.csv
2026-03-02,126149,Gianluca Mager,1178,9,0.0,3.0,ITA,31,atp_rankings_2026_03_02.csv
2026-03-02,209067,Hunter Heck,1179,9,8.0,762.0,USA,23,atp_rankings_2026_03_02.csv
2026-03-02,210613,Derek Pham,1179,9,0.0,3.0,AUS,21,atp_rankings_2026_03_02.csv
2026-03-02,210691,Joshua Lapadat,1181,9,0.0,2.0,CAN,23,atp_rankings_2026_03_02.csv
2026-03-02,105633,Mohamed Safwat,1181,9,0.0,4.0,EGY,35,atp_rankings_2026_03_02.csv
2026-03-02,213956,Andrej Loncarevic,1183,9,0.0,1.0,FRA,20,atp_rankings_2026_03_02.csv
2026-03-02,126120,Nino Serdarusic,1184,9,0.0,3.0,CRO,29,atp_rankings_2026_03_02.csv
2026-03-02,106368,Ramkumar Ramanathan,1185,9,0.0,3.0,IND,31,atp_rankings_2026_03_02.csv
2026-03-02,149277,Andrea Meduri,1186,9,0.0,-1.0,ITA,20,atp_rankings_2026_03_02.csv
2026-03-02,209060,Alexander Bernard,1187,9,0.0,2.0,USA,22,atp_rankings_2026_03_02.csv
2026-03-02,149272,Tudor Batin,1188,9,0.0,2.0,ROU,19,atp_rankings_2026_03_02.csv
2026-03-02,211655,Julian  Alonso,1189,9,0.0,2.0,ESP,21,atp_rankings_2026_03_02.csv
2026-03-02,213580,Leonardo Primucci,1190,9,0.0,2.0,ITA,,atp_rankings_2026_03_02.csv
2026-03-02,210039,Orel Kimhi,1191,9,0.0,2.0,ISR,22,atp_rankings_2026_03_02.csv
2026-03-02,210198,George Lazarov,1192,9,0.0,2.0,BUL,20,atp_rankings_2026_03_02.csv
2026-03-02,208518,Hazem Naw,1193,9,1.0,35.0,SYR,26,atp_rankings_2026_03_02.csv
2026-03-02,104986,Vishnu Vardhan,1193,9,0.0,2.0,IND,38,atp_rankings_2026_03_02.csv
2026-03-02,207452,Matthew Thomson,1195,9,0.0,1.0,USA,25,atp_rankings_2026_03_02.csv
2026-03-02,200474,Ivan Denisov,1196,9,0.0,1.0,RUS,25,atp_rankings_2026_03_02.csv
2026-03-02,210754,Jan Hrazdil,1196,9,0.0,3.0,CZE,20,atp_rankings_2026_03_02.csv
2026-03-02,210742,Phillip Jordan,1198,9,-1.0,-30.0,USA,25,atp_rankings_2026_03_02.csv
2026-03-02,209955,Mikail Alimli,1199,9,0.0,-1.0,FRA,22,atp_rankings_2026_03_02.csv
2026-03-02,210163,Elgin Khoeblal,1200,9,-1.0,-28.0,NED,24,atp_rankings_2026_03_02.csv
2026-03-02,208039,Ronald Hohmann,1201,9,0.0,-1.0,USA,24,atp_rankings_2026_03_02.csv
2026-03-02,211334,Aljaz Jeran,1202,9,0.0,-1.0,SLO,22,atp_rankings_2026_03_02.csv
2026-03-02,213103,Viktor Frydrych,1203,9,0.0,-1.0,GBR,,atp_rankings_2026_03_02.csv
2026-03-02,210532,Giacomo Crisostomo,1204,9,0.0,-1.0,ITA,22,atp_rankings_2026_03_02.csv
2026-03-02,144788,Louis Tessa,1205,9,0.0,-1.0,FRA,27,atp_rankings_2026_03_02.csv
2026-03-02,212972,Andrea De Marchi,1206,9,0.0,-1.0,ITA,19,atp_rankings_2026_03_02.csv
2026-03-02,212134,Maxence Rivet,1206,9,0.0,0.0,FRA,22,atp_rankings_2026_03_02.csv
2026-03-02,202081,Diogo Marques,1208,9,0.0,-1.0,POR,26,atp_rankings_2026_03_02.csv
2026-03-02,144672,Duarte Vale,1209,8,0.0,0.0,POR,27,atp_rankings_2026_03_02.csv
2026-03-02,208370,Keenan Mayo,1210,8,0.0,0.0,USA,25,atp_rankings_2026_03_02.csv
2026-03-02,210323,Luis Felipe Miguel,1211,8,0.0,0.0,BRA,21,atp_rankings_2026_03_02.csv
2026-03-02,133835,Gijs Brouwer,1212,8,0.0,0.0,NED,29,atp_rankings_2026_03_02.csv
2026-03-02,210645,Ofek Shimanov,1213,8,0.0,0.0,ISR,20,atp_rankings_2026_03_02.csv
2026-03-02,134384,Sebastian Prechtel,1214,8,0.0,1.0,GER,29,atp_rankings_2026_03_02.csv
2026-03-02,212064,Duje Markovina,1215,8,0.0,1.0,CRO,18,atp_rankings_2026_03_02.csv
2026-03-02,202247,Simon Beaupain,1216,8,0.0,1.0,BEL,26,atp_rankings_2026_03_02.csv
2026-03-02,130493,Tiago Silva,1217,8,0.0,2.0,POR,21,atp_rankings_2026_03_02.csv
2026-03-02,213825,Keaton Hance,1218,8,0.0,-1.0,USA,17,atp_rankings_2026_03_02.csv
2026-03-02,214043,Lachlan James Mcfadzean,1218,8,0.0,2.0,AUS,19,atp_rankings_2026_03_02.csv
2026-03-02,207236,Taketo Takamisawa,1220,8,0.0,1.0,JPN,27,atp_rankings_2026_03_02.csv
2026-03-02,211638,Jack Loutit,1221,8,0.0,1.0,NZL,21,atp_rankings_2026_03_02.csv
2026-03-02,212280,Giulio Perego,1222,8,0.0,1.0,ITA,22,atp_rankings_2026_03_02.csv
2026-03-02,207616,Oscar Moraing,1223,8,0.0,1.0,GER,25,atp_rankings_2026_03_02.csv
2026-03-02,212231,Junhyeon Lee,1224,8,0.0,1.0,KOR,,atp_rankings_2026_03_02.csv
2026-03-02,144744,Kazuki Nishiwaki,1225,8,0.0,2.0,JPN,31,atp_rankings_2026_03_02.csv
2026-03-02,211516,Lorenzo Beraldo,1226,8,0.0,0.0,ITA,19,atp_rankings_2026_03_02.csv
2026-03-02,209973,Edouard Villoslada,1227,8,0.0,3.0,FRA,26,atp_rankings_2026_03_02.csv
2026-03-02,213701,Tobia Costanzo Baragiola Mordini,1228,8,0.0,1.0,ITA,,atp_rankings_2026_03_02.csv
2026-03-02,213772,Lorenzo Comino,1229,8,0.0,3.0,ITA,20,atp_rankings_2026_03_02.csv
2026-03-02,210740,Liam Krall,1230,8,0.0,3.0,USA,23,atp_rankings_2026_03_02.csv
2026-03-02,211467,Aditya Vishal Balsekar,1230,8,0.0,1.0,IND,23,atp_rankings_2026_03_02.csv
2026-03-02,208873,Nikola Basic,1232,8,-2.0,-61.0,CRO,24,atp_rankings_2026_03_02.csv
2026-03-02,212631,David Eichenseher,1232,8,0.0,2.0,GER,20,atp_rankings_2026_03_02.csv
2026-03-02,211645,Christian Djonov,1234,8,1.0,44.0,GER,25,atp_rankings_2026_03_02.csv
2026-03-02,200036,Abhinav Sanjeev Shanmugam,1235,8,0.0,1.0,IND,27,atp_rankings_2026_03_02.csv
2026-03-02,149267,Andrea Colombo,1236,8,0.0,1.0,ITA,23,atp_rankings_2026_03_02.csv
2026-03-02,211574,Ethan Cook,1237,8,0.0,1.0,AUS,23,atp_rankings_2026_03_02.csv
2026-03-02,209314,Jan Kupcic,1237,8,0.0,2.0,SLO,24,atp_rankings_2026_03_02.csv
2026-03-02,206736,Benjamin O'Connell,1239,8,0.0,2.0,AUS,26,atp_rankings_2026_03_02.csv
2026-03-02,208006,Rafael Tosetto,1240,8,0.0,2.0,BRA,26,atp_rankings_2026_03_02.csv
2026-03-02,210632,Vadym Konovchuk,1241,8,0.0,2.0,UKR,22,atp_rankings_2026_03_02.csv
2026-03-02,213064,Samuele Seghetti,1242,8,0.0,2.0,ITA,19,atp_rankings_2026_03_02.csv
2026-03-02,212992,Niels Ratiu,1243,7,0.0,2.0,BEL,20,atp_rankings_2026_03_02.csv
2026-03-02,144081,Alex Chang,1244,7,0.0,2.0,USA,39,atp_rankings_2026_03_02.csv
2026-03-02,210538,Noa Vukadin,1245,7,0.0,2.0,CRO,21,atp_rankings_2026_03_02.csv
2026-03-02,210475,Preston Stearns,1246,7,0.0,2.0,USA,22,atp_rankings_2026_03_02.csv
2026-03-02,200611,Elliot Benchetrit,1247,7,0.0,4.0,MAR,27,atp_rankings_2026_03_02.csv
2026-03-02,209910,Szymon Kielan,1248,7,0.0,1.0,POL,23,atp_rankings_2026_03_02.csv
2026-03-02,126193,Mark Whitehouse,1249,7,0.0,1.0,GBR,32,atp_rankings_2026_03_02.csv
2026-03-02,210722,Viktor Markov,1250,7,0.0,2.0,BUL,20,atp_rankings_2026_03_02.csv
2026-03-02,210486,Nicholas Godsick,1251,7,0.0,2.0,USA,21,atp_rankings_2026_03_02.csv
2026-03-02,210565,Elijah Strode,1252,7,0.0,2.0,USA,24,atp_rankings_2026_03_02.csv
2026-03-02,105985,Darian King,1253,7,0.0,2.0,BAR,33,atp_rankings_2026_03_02.csv
2026-03-02,210473,Fnu Nidunjianzan,1253,7,0.0,2.0,CHN,22,atp_rankings_2026_03_02.csv
2026-03-02,202128,Louis Dussin,1255,7,0.0,2.0,FRA,26,atp_rankings_2026_03_02.csv
2026-03-02,209887,Liam Gavrielides,1256,7,1.0,64.0,GER,22,atp_rankings_2026_03_02.csv
2026-03-02,134490,Justin Roberts,1257,7,1.0,65.0,BAH,29,atp_rankings_2026_03_02.csv
2026-03-02,212896,Melvin Kumar,1258,7,0.0,0.0,SWE,19,atp_rankings_2026_03_02.csv
2026-03-02,207408,Niklas Guttau,1259,7,0.0,0.0,GER,26,atp_rankings_2026_03_02.csv
2026-03-02,210458,Bernardo Munk Mesa,1260,7,0.0,1.0,ESP,20,atp_rankings_2026_03_02.csv
2026-03-02,208382,Herman Hoeyeraal,1261,7,0.0,2.0,NOR,24,atp_rankings_2026_03_02.csv
2026-03-02,208840,Daniel Bagnolini,1262,7,0.0,-3.0,ITA,23,atp_rankings_2026_03_02.csv
2026-03-02,212894,Patrik Munkhammar,1263,7,0.0,1.0,SWE,18,atp_rankings_2026_03_02.csv
2026-03-02,213923,Gilberto Ravasio,1263,7,0.0,1.0,ITA,21,atp_rankings_2026_03_02.csv
2026-03-02,213138,Alexander Wagner,1265,7,0.0,-3.0,AUT,19,atp_rankings_2026_03_02.csv
2026-03-02,212770,Timeo Trufelli,1266,7,2.0,125.0,FRA,18,atp_rankings_2026_03_02.csv
2026-03-02,213356,Michele Mecarelli,1267,7,0.0,0.0,ITA,18,atp_rankings_2026_03_02.csv
2026-03-02,210183,Marcel Kamrowski,1268,7,0.0,0.0,POL,22,atp_rankings_2026_03_02.csv
2026-03-02,211505,Denis Constantin Spiridon,1268,7,0.0,0.0,ITA,23,atp_rankings_2026_03_02.csv
2026-03-02,212069,Kabir Hans,1270,7,0.0,0.0,IND,24,atp_rankings_2026_03_02.csv
2026-03-02,213092,Jonas Kucera,1271,7,0.0,0.0,CZE,19,atp_rankings_2026_03_02.csv
2026-03-02,213614,Dmitry Bessonov,1272,7,0.0,0.0,RUS,,atp_rankings_2026_03_02.csv
2026-03-02,149266,Fadi Bidan,1273,7,0.0,1.0,LBN,20,atp_rankings_2026_03_02.csv
2026-03-02,208365,Amador Salazar,1273,7,0.0,1.0,CHI,25,atp_rankings_2026_03_02.csv
2026-03-02,149124,Oskar Grzegorzewski,1275,7,0.0,1.0,POL,21,atp_rankings_2026_03_02.csv
2026-03-02,211662,Gabriel Schenekenberg,1275,7,0.0,-3.0,BRA,21,atp_rankings_2026_03_02.csv
2026-03-02,105060,Aldin Setkic,1277,7,0.0,0.0,BIH,38,atp_rankings_2026_03_02.csv
2026-03-02,212752,Filippo Alberti,1278,7,-1.0,-43.0,ITA,22,atp_rankings_2026_03_02.csv
2026-03-02,213048,Alan Wazny,1279,7,0.0,0.0,POL,,atp_rankings_2026_03_02.csv
2026-03-02,210732,Miha Vetrih,1280,7,0.0,0.0,SLO,23,atp_rankings_2026_03_02.csv
2026-03-02,211450,Alessio Basile,1281,7,0.0,0.0,BEL,21,atp_rankings_2026_03_02.csv
2026-03-02,149152,Aaron Gil Garcia,1281,7,0.0,0.0,LUX,22,atp_rankings_2026_03_02.csv
2026-03-02,213131,Luke Hooper,1283,7,0.0,0.0,GBR,,atp_rankings_2026_03_02.csv
2026-03-02,200234,Joshua Peck,1284,7,1.0,64.0,CAN,27,atp_rankings_2026_03_02.csv
2026-03-02,211532,Nicolo Toffanin,1285,7,0.0,-1.0,ITA,22,atp_rankings_2026_03_02.csv
2026-03-02,209391,Corban Crowther,1286,7,0.0,-1.0,NZL,22,atp_rankings_2026_03_02.csv
2026-03-02,213180,Leonardo Cattaneo,1287,7,0.0,-1.0,ITA,19,atp_rankings_2026_03_02.csv
2026-03-02,212889,Daniel Uta,1288,7,2.0,136.0,ROU,19,atp_rankings_2026_03_02.csv
2026-03-02,212841,Lucas Marionneau,1289,7,0.0,-2.0,FRA,19,atp_rankings_2026_03_02.csv
2026-03-02,209967,Antoine Berger,1290,7,0.0,-1.0,FRA,27,atp_rankings_2026_03_02.csv
2026-03-02,212465,Charles Chen,1290,7,0.0,-1.0,CHN,18,atp_rankings_2026_03_02.csv
2026-03-02,122234,Alp Horoz,1290,7,0.0,6.0,TUR,30,atp_rankings_2026_03_02.csv
2026-03-02,208866,Leonid Sheyngezikht,1293,7,0.0,-2.0,BUL,25,atp_rankings_2026_03_02.csv
2026-03-02,213361,Ivan Gretskiy,1294,7,0.0,-1.0,RUS,19,atp_rankings_2026_03_02.csv
2026-03-02,144955,Yuichiro Inui,1295,7,0.0,2.0,JPN,30,atp_rankings_2026_03_02.csv
2026-03-02,209977,Matas Vasiliauskas,1295,7,0.0,-1.0,LTU,23,atp_rankings_2026_03_02.csv
2026-03-02,212624,Nikola Jovic,1297,7,0.0,-2.0,SRB,19,atp_rankings_2026_03_02.csv
2026-03-02,211390,Sergi Fita Juan,1298,7,0.0,-7.0,ESP,,atp_rankings_2026_03_02.csv
2026-03-02,212218,Rohan  Murali,1299,6,-4.0,-148.0,USA,21,atp_rankings_2026_03_02.csv
2026-03-02,211635,Segundo Goity Zapico,1300,6,0.0,-1.0,ARG,20,atp_rankings_2026_03_02.csv
2026-03-02,211609,Max Dahlin,1301,6,0.0,-1.0,SWE,20,atp_rankings_2026_03_02.csv
2026-03-02,105156,Federico Zeballos,1301,6,0.0,-1.0,BOL,37,atp_rankings_2026_03_02.csv
2026-03-02,210037,Mehdi Benchakroun,1303,6,0.0,-1.0,MAR,22,atp_rankings_2026_03_02.csv
2026-03-02,144874,Ryan James Storrie,1304,6,0.0,-1.0,GBR,28,atp_rankings_2026_03_02.csv
2026-03-02,131951,Daniel Cukierman,1305,6,0.0,-1.0,ISR,30,atp_rankings_2026_03_02.csv
2026-03-02,212153,Filip Gustafsson,1306,6,0.0,-1.0,SWE,21,atp_rankings_2026_03_02.csv
2026-03-02,212075,Rodrigo Fernandes,1307,6,0.0,-1.0,POR,19,atp_rankings_2026_03_02.csv
2026-03-02,211333,Vito Tonejc,1308,6,0.0,-1.0,CRO,26,atp_rankings_2026_03_02.csv
2026-03-02,212683,Theo Herrmann,1309,6,0.0,-1.0,FRA,21,atp_rankings_2026_03_02.csv
2026-03-02,213654,Noah Johnston,1310,6,0.0,-1.0,USA,,atp_rankings_2026_03_02.csv
2026-03-02,209932,Michal Novansky,1310,6,0.0,-1.0,SVK,23,atp_rankings_2026_03_02.csv
2026-03-02,104510,Stefan Seifert,1310,6,0.0,-1.0,GER,41,atp_rankings_2026_03_02.csv
2026-03-02,200681,Adil Kalyanpur,1313,6,0.0,-1.0,IND,26,atp_rankings_2026_03_02.csv
2026-03-02,207809,Khololwam Montsi,1313,6,0.0,-1.0,RSA,23,atp_rankings_2026_03_02.csv
2026-03-02,211670,Marko Mesarovic,1315,6,0.0,-1.0,USA,,atp_rankings_2026_03_02.csv
2026-03-02,213141,Georgi Georgiev,1316,6,0.0,-1.0,BUL,19,atp_rankings_2026_03_02.csv
2026-03-02,214112,Remy Dugardin,1317,6,0.0,-1.0,FRA,,atp_rankings_2026_03_02.csv
2026-03-02,213836,Gavin Goode,1317,6,0.0,-1.0,USA,,atp_rankings_2026_03_02.csv
2026-03-02,210697,Harold Huens,1319,6,0.0,-1.0,BEL,23,atp_rankings_2026_03_02.csv
2026-03-02,212148,Novak Novakovic,1319,6,0.0,-1.0,SRB,25,atp_rankings_2026_03_02.csv
2026-03-02,202195,Maxime Cressy,1321,6,0.0,0.0,USA,28,atp_rankings_2026_03_02.csv
2026-03-02,138104,Stefan Cooper,1322,6,0.0,1.0,GBR,29,atp_rankings_2026_03_02.csv
2026-03-02,109334,Bastian Malla,1322,6,0.0,1.0,CHI,29,atp_rankings_2026_03_02.csv
2026-03-02,212196,Yua Taka,1324,6,0.0,2.0,JPN,,atp_rankings_2026_03_02.csv
2026-03-02,200233,Nicaise Muamba,1325,6,0.0,0.0,CAN,25,atp_rankings_2026_03_02.csv
2026-03-02,209255,Vladan Tadic,1326,6,0.0,1.0,BIH,25,atp_rankings_2026_03_02.csv
2026-03-02,149162,Xiaoyin Yang,1327,6,0.0,1.0,CHN,21,atp_rankings_2026_03_02.csv
2026-03-02,213632,Glib Sekachov,1328,6,0.0,1.0,UKR,,atp_rankings_2026_03_02.csv
2026-03-02,211387,Jonas Pelle Hartenstein,1329,6,0.0,1.0,GER,24,atp_rankings_2026_03_02.csv
2026-03-02,210348,Jarno Jans,1329,6,0.0,1.0,NED,25,atp_rankings_2026_03_02.csv
2026-03-02,213717,Sebastiano Cocola,1331,6,0.0,1.0,ITA,,atp_rankings_2026_03_02.csv
2026-03-02,211474,Pablo Trochu,1332,6,1.0,64.0,FRA,22,atp_rankings_2026_03_02.csv
2026-03-02,212934,Antoni Fabre,1333,6,2.0,166.0,FRA,,atp_rankings_2026_03_02.csv
2026-03-02,209979,Madhwin Kamath,1333,6,0.0,0.0,IND,24,atp_rankings_2026_03_02.csv
2026-03-02,207831,Ignacio Antonio Becerra Otarola,1335,6,0.0,-1.0,CHI,25,atp_rankings_2026_03_02.csv
2026-03-02,106245,Rodolfo Jauregui Sainz De Rozas,1335,6,0.0,-1.0,MEX,32,atp_rankings_2026_03_02.csv
2026-03-02,213579,Jan Klimas,1335,6,0.0,-1.0,CZE,,atp_rankings_2026_03_02.csv
2026-03-02,149278,Daniel Khazime,1338,6,0.0,0.0,RUS,21,atp_rankings_2026_03_02.csv
2026-03-02,212460,Yan Cheng Chen,1339,6,0.0,0.0,TPE,23,atp_rankings_2026_03_02.csv
2026-03-02,210733,Arthur Bonnaud,1340,6,0.0,0.0,FRA,28,atp_rankings_2026_03_02.csv
2026-03-02,210364,Mateo Castañeda,1341,6,0.0,0.0,COL,20,atp_rankings_2026_03_02.csv
2026-03-02,149843,Conor Gannon,1342,6,0.0,0.0,IRL,23,atp_rankings_2026_03_02.csv
2026-03-02,211388,Felipe De Dios,1343,6,0.0,0.0,ARG,22,atp_rankings_2026_03_02.csv
2026-03-02,212106,Noah Lopez Cherubino,1344,6,0.0,0.0,ESP,,atp_rankings_2026_03_02.csv
2026-03-02,210735,Radovan Michalik,1345,6,0.0,0.0,SVK,22,atp_rankings_2026_03_02.csv
2026-03-02,209392,Reece Falck,1346,6,0.0,0.0,NZL,23,atp_rankings_2026_03_02.csv
2026-03-02,212536,James Beaven,1347,6,0.0,3.0,GBR,21,atp_rankings_2026_03_02.csv
2026-03-02,212762,Victor Hugo Remondy Pagotto,1347,6,0.0,0.0,BRA,20,atp_rankings_2026_03_02.csv
2026-03-02,213848,Nicholas Roberts,1349,6,0.0,0.0,FRA,19,atp_rankings_2026_03_02.csv
2026-03-02,209417,Alan Bojarski,1350,6,-1.0,-63.0,POL,22,atp_rankings_2026_03_02.csv
2026-03-02,211667,Matteo Fondriest,1350,6,0.0,2.0,ITA,21,atp_rankings_2026_03_02.csv
2026-03-02,207738,Brandon Perez,1352,6,-2.0,-112.0,VEN,26,atp_rankings_2026_03_02.csv
2026-03-02,211495,Andrin Casanova,1353,6,0.0,2.0,SUI,21,atp_rankings_2026_03_02.csv
2026-03-02,212935,Ferdinand Livet Novkirichka,1353,6,0.0,-1.0,FRA,,atp_rankings_2026_03_02.csv
2026-03-02,210192,Lucca Pinto,1353,6,0.0,-1.0,BRA,22,atp_rankings_2026_03_02.csv
2026-03-02,205885,Joao Graa,1356,6,-1.0,-58.0,POR,25,atp_rankings_2026_03_02.csv
2026-03-02,208603,Cleeve Harper,1357,5,0.0,-1.0,CAN,25,atp_rankings_2026_03_02.csv
2026-03-02,210352,Santiago  Lora,1358,5,0.0,-1.0,BOL,18,atp_rankings_2026_03_02.csv
2026-03-02,209204,Iiro Vasa,1358,5,0.0,-1.0,FIN,23,atp_rankings_2026_03_02.csv
2026-03-02,213552,Jagger Leach,1360,5,0.0,-1.0,USA,18,atp_rankings_2026_03_02.csv
2026-03-02,209855,James Hopper,1361,5,0.0,-1.0,GBR,24,atp_rankings_2026_03_02.csv
2026-03-02,210438,Jeremy Jin,1361,5,0.0,-1.0,AUS,21,atp_rankings_2026_03_02.csv
2026-03-02,211647,Jaden Weekes,1361,5,0.0,-1.0,CAN,21,atp_rankings_2026_03_02.csv
2026-03-02,214589,Yannick Theodor Alexandrescou,1364,5,0.0,-1.0,FRA,18,atp_rankings_2026_03_02.csv
2026-03-02,209879,Luc Koenig,1365,5,0.0,-1.0,GBR,22,atp_rankings_2026_03_02.csv
2026-03-02,210667,Edoardo Cherie Ligniere,1366,5,0.0,-1.0,ITA,21,atp_rankings_2026_03_02.csv
2026-03-02,200105,Frazier Rengifo,1366,5,0.0,-1.0,COL,27,atp_rankings_2026_03_02.csv
2026-03-02,211740,Jeremy Zhang,1366,5,0.0,-1.0,AUS,20,atp_rankings_2026_03_02.csv
2026-03-02,211551,Asahi Harazaki,1369,5,0.0,-1.0,JPN,,atp_rankings_2026_03_02.csv
2026-03-02,109318,Pawel Cias,1369,5,0.0,-1.0,POL,32,atp_rankings_2026_03_02.csv
2026-03-02,213830,Saki Tange,1371,5,0.0,-1.0,JPN,22,atp_rankings_2026_03_02.csv
2026-03-02,210055,Noah Lopez,1372,5,2.0,187.0,SUI,24,atp_rankings_2026_03_02.csv
2026-03-02,211386,Alessio Vasquez Gehrke,1372,5,0.0,-1.0,GER,22,atp_rankings_2026_03_02.csv
2026-03-02,212647,Jaesung Choe,1374,5,0.0,-2.0,KOR,26,atp_rankings_2026_03_02.csv
2026-03-02,210474,Alexander Frusina,1375,5,0.0,-2.0,USA,20,atp_rankings_2026_03_02.csv
2026-03-02,210093,Sander Jong,1375,5,1.0,74.0,NED,25,atp_rankings_2026_03_02.csv
2026-03-02,210117,William Jansen,1377,5,0.0,-1.0,GBR,21,atp_rankings_2026_03_02.csv
2026-03-02,212037,Amir Milushev,1377,5,0.0,-1.0,UZB,20,atp_rankings_2026_03_02.csv
2026-03-02,210444,Charlelie Cosnet,1379,5,0.0,-1.0,FRA,23,atp_rankings_2026_03_02.csv
2026-03-02,207230,Damien Salvestre,1379,5,0.0,-1.0,FRA,24,atp_rankings_2026_03_02.csv
2026-03-02,213996,Anton Arzhankin,1381,5,0.0,-1.0,RUS,,atp_rankings_2026_03_02.csv
2026-03-02,212606,Leonardo Borrelli,1381,5,0.0,-1.0,ITA,20,atp_rankings_2026_03_02.csv
2026-03-02,206790,Alexis Gurmendi,1383,5,0.0,-1.0,ARG,28,atp_rankings_2026_03_02.csv
2026-03-02,212769,Leo Lagarrigue,1383,5,2.0,193.0,FRA,19,atp_rankings_2026_03_02.csv
2026-03-02,206669,Hugo Maia,1385,5,0.0,-12.0,POR,24,atp_rankings_2026_03_02.csv
2026-03-02,214038,Laurence Teunissen,1385,5,0.0,-12.0,NED,,atp_rankings_2026_03_02.csv
2026-03-02,212499,Vardan Manukyan,1387,5,0.0,-4.0,RUS,21,atp_rankings_2026_03_02.csv
2026-03-02,213818,William Mirarchi,1387,5,0.0,-4.0,ITA,19,atp_rankings_2026_03_02.csv
2026-03-02,209982,Konstantin Zhzhenov,1387,5,0.0,-4.0,RUS,21,atp_rankings_2026_03_02.csv
2026-03-02,207209,Raghav Jaisinghani,1390,5,0.0,-4.0,IND,28,atp_rankings_2026_03_02.csv
2026-03-02,213785,Toshiki Karigyo,1390,5,0.0,-4.0,JPN,24,atp_rankings_2026_03_02.csv
2026-03-02,210602,Peetu Pohjola,1390,5,0.0,-4.0,FIN,25,atp_rankings_2026_03_02.csv
2026-03-02,213215,Bill Chan,1393,5,0.0,-4.0,SGP,,atp_rankings_2026_03_02.csv
2026-03-02,105590,Uladzimir Ignatik,1394,5,0.0,-4.0,BLR,35,atp_rankings_2026_03_02.csv
2026-03-02,214231,Johan Oscar Lien,1395,5,1.0,75.0,NOR,18,atp_rankings_2026_03_02.csv
2026-03-02,213721,Pierre Antoine Faut,1396,5,-2.0,-130.0,FRA,,atp_rankings_2026_03_02.csv
2026-03-02,207772,Yuttana Charoenphon,1397,5,0.0,-5.0,THA,25,atp_rankings_2026_03_02.csv
2026-03-02,213175,Lucca Liu,1397,5,0.0,-5.0,USA,22,atp_rankings_2026_03_02.csv
2026-03-02,149153,Gabriele Volpi,1399,5,0.0,3.0,ITA,29,atp_rankings_2026_03_02.csv
2026-03-02,213218,Elias Julian Werner,1399,5,0.0,-4.0,GER,,atp_rankings_2026_03_02.csv
2026-03-02,202192,Kuzey Cekirge,1401,5,0.0,-5.0,TUR,25,atp_rankings_2026_03_02.csv
2026-03-02,210140,Ioan Alexandru Chirita,1401,5,0.0,-5.0,ROU,23,atp_rankings_2026_03_02.csv
2026-03-02,209258,Alexandre Reco,1401,5,0.0,-5.0,FRA,26,atp_rankings_2026_03_02.csv
2026-03-02,111436,Nick Chappell,1404,5,0.0,-4.0,USA,33,atp_rankings_2026_03_02.csv
2026-03-02,213829,Mac Visser,1404,5,0.0,-4.0,NED,20,atp_rankings_2026_03_02.csv
2026-03-02,213766,Enrique Carrascosa Diaz,1406,5,0.0,-14.0,ESP,,atp_rankings_2026_03_02.csv
2026-03-02,122536,Juan Pablo Paz,1406,5,-1.0,-72.0,ARG,31,atp_rankings_2026_03_02.csv
2026-03-02,211690,Toprak Avcibasi,1408,5,0.0,-5.0,TUR,21,atp_rankings_2026_03_02.csv
2026-03-02,213898,Richard Antoni,1409,5,0.0,-5.0,GER,,atp_rankings_2026_03_02.csv
2026-03-02,212767,Aryan Lakshmanan,1409,5,0.0,-5.0,IND,20,atp_rankings_2026_03_02.csv
2026-03-02,208855,Christopher Papa,1409,5,1.0,86.0,USA,24,atp_rankings_2026_03_02.csv
2026-03-02,213045,Manvydas Balciunas,1412,5,0.0,-6.0,NED,19,atp_rankings_2026_03_02.csv
2026-03-02,213198,Kacper Knitter,1412,5,0.0,-6.0,POL,18,atp_rankings_2026_03_02.csv
2026-03-02,207233,Nemanja Malesevic,1412,5,0.0,-6.0,BIH,24,atp_rankings_2026_03_02.csv
2026-03-02,212262,Kylian Collignon,1415,5,0.0,-6.0,BEL,20,atp_rankings_2026_03_02.csv
2026-03-02,214013,Fanming Meng,1415,5,0.0,-6.0,CHN,,atp_rankings_2026_03_02.csv
2026-03-02,211322,Lasse Poertner,1415,5,0.0,-6.0,GER,20,atp_rankings_2026_03_02.csv
2026-03-02,211366,Vuk Radjenovic,1415,5,0.0,-6.0,SRB,20,atp_rankings_2026_03_02.csv
2026-03-02,210191,Gian Gruenig,1419,5,0.0,-6.0,SUI,26,atp_rankings_2026_03_02.csv
2026-03-02,149130,Joe Leather,1419,5,0.0,-6.0,GBR,,atp_rankings_2026_03_02.csv
2026-03-02,207248,Naoki Tajima,1419,5,0.0,-6.0,JPN,25,atp_rankings_2026_03_02.csv
2026-03-02,213927,Gabriele Crivellaro,1422,5,0.0,-9.0,ITA,18,atp_rankings_2026_03_02.csv
2026-03-02,213043,Hiromasa Koyama,1422,5,0.0,-5.0,JPN,18,atp_rankings_2026_03_02.csv
2026-03-02,212589,Luka Talan Lopatic,1424,5,0.0,-6.0,SLO,18,atp_rankings_2026_03_02.csv
2026-03-02,213557,Alessandro Battiston,1425,5,0.0,-6.0,ITA,,atp_rankings_2026_03_02.csv
2026-03-02,144813,Benjamin Hannestad,1425,5,-1.0,-75.0,DEN,29,atp_rankings_2026_03_02.csv
2026-03-02,211503,Nico Hipfl,1427,5,0.0,-7.0,AUT,19,atp_rankings_2026_03_02.csv
2026-03-02,212903,Melih Anavatan,1428,5,0.0,-7.0,TUR,,atp_rankings_2026_03_02.csv
2026-03-02,133224,Francesco Ferrari,1429,5,0.0,-4.0,ITA,28,atp_rankings_2026_03_02.csv
2026-03-02,212630,Aaron Funk,1429,5,0.0,-8.0,GER,20,atp_rankings_2026_03_02.csv
2026-03-02,210076,Ioannis Kountourakis,1429,5,0.0,-4.0,GRE,23,atp_rankings_2026_03_02.csv
2026-03-02,206646,Louis Van Herck,1429,5,0.0,-8.0,LUX,26,atp_rankings_2026_03_02.csv
2026-03-02,208185,Michael Gloeckler,1433,5,0.0,-6.0,AUT,27,atp_rankings_2026_03_02.csv
2026-03-02,211407,Andrea Bacaloni,1434,5,0.0,-6.0,ITA,23,atp_rankings_2026_03_02.csv
2026-03-02,210394,Nikita Ianin,1435,5,0.0,-5.0,RUS,24,atp_rankings_2026_03_02.csv
2026-03-02,208164,Yassine Smiej,1435,5,0.0,-7.0,MAR,26,atp_rankings_2026_03_02.csv
2026-03-02,134310,Alexey Aleshchev,1437,5,0.0,-6.0,RUS,27,atp_rankings_2026_03_02.csv
2026-03-02,208358,Aleksi Lofman,1438,4,0.0,-6.0,FIN,24,atp_rankings_2026_03_02.csv
2026-03-02,212575,Amirkhamza Nasridinov,1438,4,0.0,-6.0,RUS,20,atp_rankings_2026_03_02.csv
2026-03-02,144682,Kaito Uesugi,1438,4,0.0,-6.0,JPN,30,atp_rankings_2026_03_02.csv
2026-03-02,208190,Davide Tortora,1441,4,,,ITA,25,atp_rankings_2026_03_02.csv
2026-03-02,213098,Hugo Car,1442,4,0.0,-7.0,FRA,23,atp_rankings_2026_03_02.csv
2026-03-02,208871,Takeru Yuzuki,1443,4,0.0,-7.0,JPN,27,atp_rankings_2026_03_02.csv
2026-03-02,213042,Hugo Coquelin,1444,4,0.0,-7.0,GBR,20,atp_rankings_2026_03_02.csv
2026-03-02,210569,Sebastian Eriksson,1444,4,0.0,-7.0,SWE,20,atp_rankings_2026_03_02.csv
2026-03-02,207836,Muzammil Murtaza,1444,4,0.0,-7.0,PAK,26,atp_rankings_2026_03_02.csv
2026-03-02,210405,Azuma Visaya,1444,4,0.0,-7.0,USA,22,atp_rankings_2026_03_02.csv
2026-03-02,212914,Corey Craig,1448,4,0.0,-7.0,USA,22,atp_rankings_2026_03_02.csv
2026-03-02,214004,Michael Antonius,1449,4,2.0,220.0,USA,,atp_rankings_2026_03_02.csv
2026-03-02,212250,James Connel,1449,4,0.0,-6.0,GBR,22,atp_rankings_2026_03_02.csv
2026-03-02,211570,Cesar Cruz,1451,4,0.0,-7.0,ESA,19,atp_rankings_2026_03_02.csv
2026-03-02,210416,Bryce Nakashima,1451,4,0.0,-7.0,USA,22,atp_rankings_2026_03_02.csv
2026-03-02,210746,Paul Barbier Gazeu,1453,4,0.0,-7.0,FRA,20,atp_rankings_2026_03_02.csv
2026-03-02,105335,Sho Katayama,1453,4,0.0,-7.0,JPN,36,atp_rankings_2026_03_02.csv
2026-03-02,209355,Timo Legout,1453,4,0.0,-7.0,FRA,23,atp_rankings_2026_03_02.csv
2026-03-02,212068,Stepan Baum,1456,4,0.0,-7.0,CZE,22,atp_rankings_2026_03_02.csv
2026-03-02,212899,Moritz Kudernatsch,1457,4,0.0,-6.0,GER,20,atp_rankings_2026_03_02.csv
2026-03-02,208206,Walid Ahouda,1458,4,0.0,-5.0,MAR,22,atp_rankings_2026_03_02.csv
2026-03-02,130247,Anton Chekhov,1458,4,0.0,-5.0,RUS,33,atp_rankings_2026_03_02.csv
2026-03-02,213066,Stefan Horia Haita,1458,4,0.0,-5.0,ROU,18,atp_rankings_2026_03_02.csv
2026-03-02,211330,Vasco Leote Prata,1461,4,0.0,-5.0,POR,22,atp_rankings_2026_03_02.csv
2026-03-02,207439,Dax Donders,1462,4,0.0,-5.0,NED,25,atp_rankings_2026_03_02.csv
2026-03-02,212604,Diego Jarry Fillol,1462,4,0.0,-5.0,USA,23,atp_rankings_2026_03_02.csv
2026-03-02,202165,Alberto Lim,1462,4,0.0,-5.0,PHI,26,atp_rankings_2026_03_02.csv
2026-03-02,213815,Sergey Petrov,1465,4,0.0,-14.0,RUS,,atp_rankings_2026_03_02.csv
2026-03-02,206580,Nicola Rispoli,1465,4,0.0,-5.0,ITA,28,atp_rankings_2026_03_02.csv
2026-03-02,133667,Congsup Congcar,1467,4,0.0,-6.0,THA,29,atp_rankings_2026_03_02.csv
2026-03-02,209273,Romain Gales,1467,4,0.0,-6.0,FRA,21,atp_rankings_2026_03_02.csv
2026-03-02,123843,Davide Pontoglio,1467,4,0.0,-6.0,ITA,33,atp_rankings_2026_03_02.csv
2026-03-02,213768,Kase Schinnerer,1467,4,0.0,-6.0,USA,19,atp_rankings_2026_03_02.csv
2026-03-02,213151,Flynn Thomas,1467,4,2.0,260.0,SUI,,atp_rankings_2026_03_02.csv
2026-03-02,213889,Arjun Rathi,1472,4,0.0,-6.0,IND,,atp_rankings_2026_03_02.csv
2026-03-02,213648,Udit Kamboj,1473,4,0.0,-6.0,IND,,atp_rankings_2026_03_02.csv
2026-03-02,210743,Pranav Kumar,1474,4,0.0,-6.0,USA,26,atp_rankings_2026_03_02.csv
2026-03-02,120545,Ko Suzuki,1474,4,0.0,-6.0,JPN,34,atp_rankings_2026_03_02.csv
2026-03-02,212924,Emanuel Ivanisevic,1476,4,0.0,-15.0,CRO,18,atp_rankings_2026_03_02.csv
2026-03-02,211762,David Naharro,1476,4,0.0,-6.0,ESP,22,atp_rankings_2026_03_02.csv
2026-03-02,208933,Dian Nedev,1476,4,0.0,-6.0,BUL,25,atp_rankings_2026_03_02.csv
2026-03-02,209974,Aleksander Orlikowski,1476,4,0.0,-6.0,POL,22,atp_rankings_2026_03_02.csv
2026-03-02,212617,Shu Muto,1480,4,0.0,-6.0,JPN,,atp_rankings_2026_03_02.csv
2026-03-02,214229,Mathys Picard,1480,4,0.0,-6.0,FRA,18,atp_rankings_2026_03_02.csv
2026-03-02,213204,Zane Stevens,1480,4,0.0,-6.0,AUS,19,atp_rankings_2026_03_02.csv
2026-03-02,213814,Gustavo Albieri,1483,4,0.0,-6.0,BRA,18,atp_rankings_2026_03_02.csv
2026-03-02,212840,Thomas Gerbaud,1483,4,1.0,103.0,FRA,21,atp_rankings_2026_03_02.csv
2026-03-02,211396,Vladimir Bazilevskiy,1485,4,0.0,-7.0,ISR,20,atp_rankings_2026_03_02.csv
2026-03-02,214016,Bautista De La Pena,1485,4,0.0,-7.0,BRA,16,atp_rankings_2026_03_02.csv
2026-03-02,210601,Oskari Eerola,1485,4,0.0,-7.0,FIN,23,atp_rankings_2026_03_02.csv
2026-03-02,210115,Yunseok Jang,1488,4,0.0,-6.0,KOR,22,atp_rankings_2026_03_02.csv
2026-03-02,206789,Lingxi Zhao,1488,4,0.0,-6.0,CHN,26,atp_rankings_2026_03_02.csv
2026-03-02,208890,Richard Zusman,1490,4,0.0,-4.0,USA,25,atp_rankings_2026_03_02.csv
2026-03-02,210284,Pijus Vaitiekunas,1491,4,0.0,-4.0,LTU,23,atp_rankings_2026_03_02.csv
2026-03-02,149134,Matei Florin Breazu,1492,4,0.0,-4.0,ROU,17,atp_rankings_2026_03_02.csv
2026-03-02,212963,Sebastian Grundtvig Jorgensen,1492,4,0.0,-14.0,DEN,24,atp_rankings_2026_03_02.csv
2026-03-02,127143,Jirat Navasirisomboon,1492,4,0.0,-4.0,THA,29,atp_rankings_2026_03_02.csv
2026-03-02,210301,Benjamin Ignacio Torres Fernandez,1492,4,0.0,-4.0,CHI,22,atp_rankings_2026_03_02.csv
2026-03-02,210605,Liam Branger,1496,4,0.0,-14.0,FRA,25,atp_rankings_2026_03_02.csv
2026-03-02,213798,Noah Brownrigg,1496,4,1.0,112.0,AUS,19,atp_rankings_2026_03_02.csv
2026-03-02,134545,Alexis Canter,1496,4,0.0,-4.0,GBR,27,atp_rankings_2026_03_02.csv
2026-03-02,212864,Valentin Garay,1496,4,0.0,-4.0,ARG,18,atp_rankings_2026_03_02.csv
2026-03-02,208835,Rafael Giotis,1496,4,0.0,-14.0,GER,25,atp_rankings_2026_03_02.csv
2026-03-02,213882,Gray Voelzke,1496,4,0.0,-4.0,USA,23,atp_rankings_2026_03_02.csv
2026-03-02,213004,Arthur Bellegy,1502,4,0.0,-7.0,FRA,,atp_rankings_2026_03_02.csv
2026-03-02,209946,Maikel De Boes,1503,4,0.0,-6.0,BEL,23,atp_rankings_2026_03_02.csv
2026-03-02,211539,Gabor Hornung,1503,4,0.0,-6.0,HUN,20,atp_rankings_2026_03_02.csv
2026-03-02,210105,Martyn Pawelski,1503,4,0.0,2.0,POL,21,atp_rankings_2026_03_02.csv
2026-03-02,209913,Fons Van Sambeek,1506,4,0.0,-18.0,NED,24,atp_rankings_2026_03_02.csv
2026-03-02,210423,Alessandro Coccioli,1507,4,0.0,-7.0,ITA,23,atp_rankings_2026_03_02.csv
2026-03-02,210570,Kevin Edengren,1507,4,0.0,-7.0,SWE,20,atp_rankings_2026_03_02.csv
2026-03-02,213536,Sergio Planella Hernandez,1507,4,0.0,-7.0,ESP,,atp_rankings_2026_03_02.csv
2026-03-02,208381,Nicolas Esteban Rico Arias,1507,4,0.0,-7.0,COL,25,atp_rankings_2026_03_02.csv
2026-03-02,212078,Riku Takahata,1507,4,0.0,-7.0,JPN,24,atp_rankings_2026_03_02.csv
2026-03-02,212757,Jack Bruce Smith,1512,4,0.0,-6.0,AUS,24,atp_rankings_2026_03_02.csv
2026-03-02,213765,Weiwen Pan,1512,4,0.0,-6.0,CHN,20,atp_rankings_2026_03_02.csv
2026-03-02,212900,Andrea Paolini,1512,4,1.0,113.0,ITA,23,atp_rankings_2026_03_02.csv
2026-03-02,210651,Vlad Cristian Breazu,1515,4,0.0,-7.0,ROU,22,atp_rankings_2026_03_02.csv
2026-03-02,207367,Bora Sengul,1515,4,0.0,-7.0,TUR,24,atp_rankings_2026_03_02.csv
2026-03-02,212109,Antonio Voljavec,1515,4,0.0,-7.0,CRO,20,atp_rankings_2026_03_02.csv
2026-03-02,105419,Patricio Alvarado,1518,4,0.0,-7.0,ECU,36,atp_rankings_2026_03_02.csv
2026-03-02,209282,Ian Luca Cervantes Tomas,1519,4,0.0,-7.0,MEX,22,atp_rankings_2026_03_02.csv
2026-03-02,200310,Alexander Zgirovsky,1519,4,1.0,116.0,BLR,24,atp_rankings_2026_03_02.csv
2026-03-02,214015,Xavi Palomar,1521,4,0.0,-8.0,ESP,,atp_rankings_2026_03_02.csv
2026-03-02,149142,Tanguy Genier,1522,4,0.0,-8.0,SUI,28,atp_rankings_2026_03_02.csv
2026-03-02,213075,Alejandro Lopez Escribano,1522,4,0.0,-8.0,ESP,19,atp_rankings_2026_03_02.csv
2026-03-02,211455,Oren Vasser,1522,4,0.0,-8.0,USA,26,atp_rankings_2026_03_02.csv
2026-03-02,213800,Ty Host,1525,4,0.0,-8.0,AUS,18,atp_rankings_2026_03_02.csv
2026-03-02,211490,Daniel Verbeek,1525,4,0.0,-8.0,NED,21,atp_rankings_2026_03_02.csv
2026-03-02,111197,Jonathan Mridha,1527,4,0.0,-8.0,SWE,30,atp_rankings_2026_03_02.csv
2026-03-02,211364,Mihai Alexandru Coman,1528,4,0.0,-8.0,ROU,21,atp_rankings_2026_03_02.csv
2026-03-02,213791,Fumin Jiang,1529,4,0.0,-8.0,CHN,,atp_rankings_2026_03_02.csv
2026-03-02,213585,Roman Kharlamov,1529,4,0.0,-8.0,RUS,,atp_rankings_2026_03_02.csv
2026-03-02,206447,Daniel Batista,1531,4,0.0,-7.0,POR,27,atp_rankings_2026_03_02.csv
2026-03-02,212210,Filippo Mazzola,1531,4,0.0,-8.0,ITA,20,atp_rankings_2026_03_02.csv
2026-03-02,212030,Kerem Yilmaz,1533,4,1.0,112.0,TUR,18,atp_rankings_2026_03_02.csv
2026-03-02,212738,Manel Lazaro Juncadella,1534,4,0.0,-9.0,ESP,19,atp_rankings_2026_03_02.csv
2026-03-02,208816,Jeremy Schifris,1534,4,1.0,115.0,GER,24,atp_rankings_2026_03_02.csv
2026-03-02,105819,Guido Andreozzi,1536,3,0.0,-10.0,ARG,34,atp_rankings_2026_03_02.csv
2026-03-02,210756,Loren Thomas Byers,1536,3,0.0,-10.0,USA,24,atp_rankings_2026_03_02.csv
2026-03-02,206805,Luciano Carraro,1536,3,0.0,-10.0,ITA,27,atp_rankings_2026_03_02.csv
2026-03-02,131905,Manuel Guinard,1536,3,0.0,1.0,FRA,30,atp_rankings_2026_03_02.csv
2026-03-02,108766,Samir Iftikhar,1536,3,0.0,-10.0,PAK,33,atp_rankings_2026_03_02.csv
2026-03-02,207839,Yousaf Khalil,1536,3,0.0,-10.0,PAK,26,atp_rankings_2026_03_02.csv
2026-03-02,111192,Lucas Miedler,1536,3,0.0,-10.0,AUT,29,atp_rankings_2026_03_02.csv
2026-03-02,202417,Siphosothando Montsi,1536,3,0.0,-10.0,RSA,26,atp_rankings_2026_03_02.csv
2026-03-02,126609,Patrik Niklas Salminen,1536,3,0.0,-10.0,FIN,28,atp_rankings_2026_03_02.csv
2026-03-02,134256,Reese Stalder,1536,3,0.0,-10.0,USA,29,atp_rankings_2026_03_02.csv
2026-03-02,212642,Patrik Trhac,1536,3,0.0,-10.0,USA,27,atp_rankings_2026_03_02.csv
2026-03-02,210329,Antoine Vincent,1536,3,0.0,-10.0,FRA,27,atp_rankings_2026_03_02.csv
2026-03-02,213985,Kelly Giese,1548,3,0.0,-11.0,USA,21,atp_rankings_2026_03_02.csv
2026-03-02,208123,Tom Hands,1548,3,0.0,-11.0,GBR,29,atp_rankings_2026_03_02.csv
2026-03-02,200095,Nicola Kuhn,1548,3,-1.0,-107.0,GER,25,atp_rankings_2026_03_02.csv
2026-03-02,209972,Adit Sinha,1548,3,0.0,-11.0,USA,22,atp_rankings_2026_03_02.csv
2026-03-02,106262,Boris Arias,1552,3,0.0,-11.0,BOL,32,atp_rankings_2026_03_02.csv
2026-03-02,202269,Justin Barki,1552,3,0.0,-11.0,INA,25,atp_rankings_2026_03_02.csv
2026-03-02,208178,Samuel Brosset,1552,3,0.0,-11.0,FRA,28,atp_rankings_2026_03_02.csv
2026-03-02,212859,Matisse Farzam,1552,3,0.0,-11.0,USA,19,atp_rankings_2026_03_02.csv
2026-03-02,209925,Thijmen Loof,1552,3,0.0,-11.0,NED,23,atp_rankings_2026_03_02.csv
2026-03-02,212158,Will Mayew,1552,3,0.0,-11.0,USA,21,atp_rankings_2026_03_02.csv
2026-03-02,210312,Oliver Ojakaar,1552,3,0.0,-11.0,EST,21,atp_rankings_2026_03_02.csv
2026-03-02,213957,Daniel Phillips,1552,3,0.0,-11.0,BER,21,atp_rankings_2026_03_02.csv
2026-03-02,207609,Alexey Zakharov,1552,3,0.0,-11.0,RUS,25,atp_rankings_2026_03_02.csv
2026-03-02,214001,Damien Clerc,1561,3,0.0,-11.0,FRA,,atp_rankings_2026_03_02.csv
2026-03-02,210230,Wissam Abderrahman,1562,3,0.0,-10.0,TUN,22,atp_rankings_2026_03_02.csv
2026-03-02,207739,Yusuf Khamis,1562,3,0.0,-10.0,EGY,26,atp_rankings_2026_03_02.csv
2026-03-02,213058,Weiyi Kong,1562,3,0.0,-10.0,CHN,,atp_rankings_2026_03_02.csv
2026-03-02,207507,Stefan Latinovic,1562,3,0.0,0.0,SRB,26,atp_rankings_2026_03_02.csv
2026-03-02,212491,Alexander Razeghi,1562,3,0.0,-10.0,USA,19,atp_rankings_2026_03_02.csv
2026-03-02,210693,Hudson Rivera,1562,3,0.0,-10.0,USA,21,atp_rankings_2026_03_02.csv
2026-03-02,214246,Nikolas Stoot,1562,3,0.0,-10.0,USA,18,atp_rankings_2026_03_02.csv
2026-03-02,210571,Isac Stroemberg,1562,3,0.0,-10.0,SWE,23,atp_rankings_2026_03_02.csv
2026-03-02,214341,Oscar Brown,1570,3,0.0,-11.0,GBR,23,atp_rankings_2026_03_02.csv
2026-03-02,214192,Ymerali Ibraimi,1570,3,0.0,-11.0,AUS,17,atp_rankings_2026_03_02.csv
2026-03-02,208334,Deney Wassermann,1572,3,0.0,-22.0,NED,24,atp_rankings_2026_03_02.csv
2026-03-02,212291,Siwanat Auytayakul,1573,3,0.0,-11.0,THA,21,atp_rankings_2026_03_02.csv
2026-03-02,213011,John Bothma,1573,3,0.0,-11.0,RSA,18,atp_rankings_2026_03_02.csv
2026-03-02,214029,Ye Chen,1573,3,0.0,-11.0,CHN,,atp_rankings_2026_03_02.csv
2026-03-02,206895,Alex Kobelt,1573,3,0.0,-11.0,USA,28,atp_rankings_2026_03_02.csv
2026-03-02,120922,Maciej Rajski,1573,3,0.0,-11.0,POL,34,atp_rankings_2026_03_02.csv
2026-03-02,214210,Vincent Reisach,1573,3,0.0,-11.0,GER,16,atp_rankings_2026_03_02.csv
2026-03-02,210190,Timofey Stepanov,1573,3,0.0,-11.0,SUI,22,atp_rankings_2026_03_02.csv
2026-03-02,213920,Nathan Cox,1580,3,0.0,-9.0,USA,,atp_rankings_2026_03_02.csv
2026-03-02,213678,Felipe Dreer,1580,3,0.0,-9.0,ARG,,atp_rankings_2026_03_02.csv
2026-03-02,212880,Ilyas Milad Fahim,1580,3,0.0,-9.0,MAR,20,atp_rankings_2026_03_02.csv
2026-03-02,211406,Yazid Lahjomri,1580,3,0.0,-9.0,MAR,20,atp_rankings_2026_03_02.csv
2026-03-02,212750,Clement Lemire,1580,3,0.0,-9.0,FRA,19,atp_rankings_2026_03_02.csv
2026-03-02,211660,Ryan Augusto Dos Santos,1585,3,0.0,-8.0,BRA,22,atp_rankings_2026_03_02.csv
2026-03-02,212937,Achilles Belkovics,1585,3,0.0,-8.0,HUN,,atp_rankings_2026_03_02.csv
2026-03-02,211677,Matthew Rankin,1585,3,0.0,-8.0,GBR,21,atp_rankings_2026_03_02.csv
2026-03-02,210526,Niccolo Baroni,1588,3,0.0,-8.0,ITA,22,atp_rankings_2026_03_02.csv
2026-03-02,213600,Dillon Beckles,1588,3,0.0,-8.0,USA,,atp_rankings_2026_03_02.csv
2026-03-02,202439,Sean Hodkin,1588,3,0.0,-8.0,GBR,27,atp_rankings_2026_03_02.csv
2026-03-02,206673,Bharath Nishok Kumaran,1588,3,0.0,-8.0,IND,27,atp_rankings_2026_03_02.csv
2026-03-02,149139,Arthur Laborde,1588,3,0.0,-8.0,SUI,21,atp_rankings_2026_03_02.csv
2026-03-02,212092,Yu Tanaka,1588,3,0.0,-8.0,JPN,22,atp_rankings_2026_03_02.csv
2026-03-02,213026,Amine Jamji,1594,3,0.0,-7.0,MAR,,atp_rankings_2026_03_02.csv
2026-03-02,213771,Dominick Mosejczuk,1594,3,0.0,-7.0,USA,19,atp_rankings_2026_03_02.csv
2026-03-02,207973,Ainius Sabaliauskas,1594,3,0.0,-7.0,LTU,22,atp_rankings_2026_03_02.csv
2026-03-02,212632,Peter Alam,1597,3,1.0,186.0,GBR,23,atp_rankings_2026_03_02.csv
2026-03-02,213278,Leonardo Angeloni,1597,3,0.0,-7.0,ITA,21,atp_rankings_2026_03_02.csv
2026-03-02,105871,Sekou Bangoura,1597,3,0.0,-7.0,USA,34,atp_rankings_2026_03_02.csv
2026-03-02,214156,Mahmoud Chetouane,1597,3,0.0,-7.0,TUN,17,atp_rankings_2026_03_02.csv
2026-03-02,213667,Valentin Guadagno,1597,3,0.0,-7.0,ARG,,atp_rankings_2026_03_02.csv
2026-03-02,149104,Patrik Homola,1597,3,0.0,-7.0,CZE,22,atp_rankings_2026_03_02.csv
2026-03-02,213617,Mattia Nannelli,1597,3,0.0,-7.0,ITA,,atp_rankings_2026_03_02.csv
2026-03-02,209877,Stevan Popovic,1597,3,0.0,-7.0,GER,24,atp_rankings_2026_03_02.csv
2026-03-02,212098,Iker Urribarrens Ramirez,1597,3,0.0,-7.0,ESP,21,atp_rankings_2026_03_02.csv
2026-03-02,149268,Gabriele Vulpitta,1606,3,0.0,-8.0,ITA,20,atp_rankings_2026_03_02.csv
2026-03-02,213584,Artem Bogomolov,1607,3,0.0,-8.0,RUS,,atp_rankings_2026_03_02.csv
2026-03-02,211684,Emirhan Bulut,1607,3,0.0,-8.0,TUR,19,atp_rankings_2026_03_02.csv
2026-03-02,213801,Jake Dembo,1607,3,0.0,-8.0,AUS,,atp_rankings_2026_03_02.csv
2026-03-02,212806,Benjamin Gusic Wan,1607,3,0.0,-8.0,GBR,18,atp_rankings_2026_03_02.csv
2026-03-02,210598,Nicolas Hollender,1607,3,0.0,-8.0,ARG,24,atp_rankings_2026_03_02.csv
2026-03-02,213838,Ronit Karki,1607,3,0.0,-8.0,USA,18,atp_rankings_2026_03_02.csv
2026-03-02,211589,Tilen Kovac,1607,3,0.0,-8.0,SLO,23,atp_rankings_2026_03_02.csv
2026-03-02,212167,Darius Florin Pop,1607,3,0.0,-8.0,ROU,21,atp_rankings_2026_03_02.csv
2026-03-02,210205,Edoardo Zanada,1607,3,0.0,-8.0,ITA,25,atp_rankings_2026_03_02.csv
2026-03-02,209986,Viktor Jovic,1616,3,0.0,-8.0,SRB,24,atp_rankings_2026_03_02.csv
2026-03-02,208841,Zekai Li,1616,3,0.0,-8.0,CHN,26,atp_rankings_2026_03_02.csv
2026-03-02,213036,Luis Guto Miguel,1616,3,0.0,-8.0,BRA,17,atp_rankings_2026_03_02.csv
2026-03-02,207541,Michalis Sakellaridis,1616,3,0.0,-8.0,GRE,25,atp_rankings_2026_03_02.csv
2026-03-02,202217,Vito Dellelba,1620,3,0.0,-7.0,ITA,27,atp_rankings_2026_03_02.csv
2026-03-02,213653,Benjamin Willwerth,1620,3,0.0,5.0,USA,,atp_rankings_2026_03_02.csv
2026-03-02,212529,Alex Finkelstein,1622,3,0.0,-8.0,USA,23,atp_rankings_2026_03_02.csv
2026-03-02,210153,David Fix,1622,3,0.0,-8.0,GER,21,atp_rankings_2026_03_02.csv
2026-03-02,213114,Chun Chien Hou,1622,3,0.0,-8.0,TPE,20,atp_rankings_2026_03_02.csv
2026-03-02,213640,Stephane Pierre Jo Kamendje,1622,3,0.0,-8.0,CAN,,atp_rankings_2026_03_02.csv
2026-03-02,212932,Noah Karma,1622,3,0.0,-8.0,SUI,,atp_rankings_2026_03_02.csv
2026-03-02,211787,Matteo Lavizzari,1622,3,0.0,-8.0,SUI,20,atp_rankings_2026_03_02.csv
2026-03-02,213391,Silvio Mencaglia,1622,3,0.0,-8.0,ITA,21,atp_rankings_2026_03_02.csv
2026-03-02,212119,Nik Mikovic,1622,3,0.0,-8.0,SLO,21,atp_rankings_2026_03_02.csv
2026-03-02,210420,Gheorghe Claudiu Schinteie,1622,3,0.0,-8.0,ROU,23,atp_rankings_2026_03_02.csv
2026-03-02,213624,Kosuke Shibano,1622,3,0.0,-8.0,JPN,,atp_rankings_2026_03_02.csv
2026-03-02,207559,Darrshan Suresh,1622,3,0.0,-8.0,MAS,25,atp_rankings_2026_03_02.csv
2026-03-02,144665,Ryotero Matsumura,1633,3,0.0,-8.0,JPN,29,atp_rankings_2026_03_02.csv
2026-03-02,212965,Juan Jose Bianchi,1634,3,0.0,-6.0,VEN,25,atp_rankings_2026_03_02.csv
2026-03-02,212797,Hitesh Chauhan,1634,3,0.0,-6.0,IND,18,atp_rankings_2026_03_02.csv
2026-03-02,213201,Valentino Grippo,1634,3,0.0,-6.0,ARG,,atp_rankings_2026_03_02.csv
2026-03-02,209103,Haoyuan Huang,1634,3,0.0,-6.0,CHN,23,atp_rankings_2026_03_02.csv
2026-03-02,210341,Ajay Malik,1634,3,0.0,-6.0,IND,23,atp_rankings_2026_03_02.csv
2026-03-02,210229,Aleksa Pisaric,1634,3,0.0,-6.0,SRB,20,atp_rankings_2026_03_02.csv
2026-03-02,210011,Aristarkh Safonov,1634,3,0.0,-6.0,RUS,22,atp_rankings_2026_03_02.csv
2026-03-02,210595,Jiri Cizek,1641,3,0.0,-6.0,CZE,20,atp_rankings_2026_03_02.csv
2026-03-02,210408,Luca Fantini,1641,3,0.0,-6.0,ITA,25,atp_rankings_2026_03_02.csv
2026-03-02,212981,Jonas Gundacker,1641,3,0.0,-6.0,AUT,23,atp_rankings_2026_03_02.csv
2026-03-02,209346,Stijn Pel,1641,3,0.0,-6.0,NED,23,atp_rankings_2026_03_02.csv
2026-03-02,212067,Ye Hongyu,1645,3,0.0,-5.0,CHN,21,atp_rankings_2026_03_02.csv
2026-03-02,213637,Daniel Domingos,1646,3,0.0,-5.0,AGO,,atp_rankings_2026_03_02.csv
2026-03-02,212875,Zhengyu Sun,1647,3,0.0,-5.0,CHN,19,atp_rankings_2026_03_02.csv
2026-03-02,213378,Adam Farag Cao,1648,3,0.0,-5.0,CAN,18,atp_rankings_2026_03_02.csv
2026-03-02,210110,Alessandro Bellifemine,1649,3,0.0,-5.0,ITA,24,atp_rankings_2026_03_02.csv
2026-03-02,212745,Tadeo Meneo,1650,3,0.0,-5.0,ARG,20,atp_rankings_2026_03_02.csv
2026-03-02,207478,Zhenxiong Dong,1651,3,0.0,-4.0,CHN,27,atp_rankings_2026_03_02.csv
2026-03-02,213774,Dmitry Kopilevich,1651,3,0.0,-4.0,SLO,19,atp_rankings_2026_03_02.csv
2026-03-02,209885,Gokberk Saritas,1653,3,0.0,-4.0,TUR,22,atp_rankings_2026_03_02.csv
2026-03-02,213037,Luis Garcia Paez,1654,3,0.0,-3.0,ESP,20,atp_rankings_2026_03_02.csv
2026-03-02,124045,Lawrence Bataljin,1655,3,0.0,-3.0,AUS,29,atp_rankings_2026_03_02.csv
2026-03-02,211537,Alfred Almasi,1656,2,0.0,-3.0,SVK,,atp_rankings_2026_03_02.csv
2026-03-02,212678,David Bakonyi,1656,2,0.0,-3.0,HUN,19,atp_rankings_2026_03_02.csv
2026-03-02,213913,Casper Christensen,1656,2,0.0,-3.0,NOR,23,atp_rankings_2026_03_02.csv
2026-03-02,214331,Valentino Conte,1656,2,0.0,-3.0,ARG,21,atp_rankings_2026_03_02.csv
2026-03-02,213691,Connor Doig,1656,2,0.0,-3.0,RSA,,atp_rankings_2026_03_02.csv
2026-03-02,144848,Sergio Luis Hernandez Ramirez,1656,2,0.0,-3.0,COL,26,atp_rankings_2026_03_02.csv
2026-03-02,126630,Ivan Liutarevich,1656,2,0.0,-3.0,BLR,30,atp_rankings_2026_03_02.csv
2026-03-02,212916,Marko Milosavljevic,1656,2,0.0,-3.0,SRB,,atp_rankings_2026_03_02.csv
2026-03-02,214329,Diego Eduardo Munoz Navia,1656,2,0.0,-3.0,BOL,20,atp_rankings_2026_03_02.csv
2026-03-02,208254,Ignacio Novo,1656,2,0.0,-3.0,ARG,25,atp_rankings_2026_03_02.csv
2026-03-02,207547,Bruno Pujol Navarro,1656,2,0.0,-3.0,ESP,24,atp_rankings_2026_03_02.csv
2026-03-02,105578,Cristian Rodriguez,1656,2,0.0,-3.0,COL,35,atp_rankings_2026_03_02.csv
2026-03-02,214327,Oliver Andre Solis Encinas,1656,2,0.0,-3.0,BOL,,atp_rankings_2026_03_02.csv
2026-03-02,208874,Seita Watanabe,1656,2,0.0,-3.0,JPN,25,atp_rankings_2026_03_02.csv
2026-03-02,213523,Milan Welte,1656,2,0.0,-3.0,GER,24,atp_rankings_2026_03_02.csv
2026-03-02,214270,Tomas Zurmendi,1656,2,0.0,-3.0,URU,17,atp_rankings_2026_03_02.csv
2026-03-02,210504,Billy Blaydes,1672,2,0.0,-3.0,GBR,22,atp_rankings_2026_03_02.csv
2026-03-02,212570,Nikita Filin,1672,2,0.0,-3.0,USA,19,atp_rankings_2026_03_02.csv
2026-03-02,212782,Saahith Jayaraman,1672,2,0.0,-3.0,USA,,atp_rankings_2026_03_02.csv
2026-03-02,208027,Alex Jones,1672,2,0.0,-3.0,USA,27,atp_rankings_2026_03_02.csv
2026-03-02,109737,Markos Kalovelonis,1672,2,0.0,-3.0,GRE,31,atp_rankings_2026_03_02.csv
2026-03-02,210631,Linus Lagerbohm,1672,2,0.0,-3.0,FIN,18,atp_rankings_2026_03_02.csv
2026-03-02,214269,Marcel Latak,1672,2,0.0,-3.0,USA,17,atp_rankings_2026_03_02.csv
2026-03-02,211622,Loan Lestir,1672,2,0.0,-3.0,FRA,20,atp_rankings_2026_03_02.csv
2026-03-02,207505,Mario Mansilla Diez,1672,2,0.0,-3.0,ESP,23,atp_rankings_2026_03_02.csv
2026-03-02,210102,Neo Niedner,1672,2,0.0,-3.0,GER,22,atp_rankings_2026_03_02.csv
2026-03-02,214332,Henrique Ortenblad Nogueira,1672,2,0.0,-3.0,BRA,22,atp_rankings_2026_03_02.csv
2026-03-02,213738,Jack Satterfield,1672,2,0.0,-3.0,USA,,atp_rankings_2026_03_02.csv
2026-03-02,210376,Max  Sheldon,1672,2,0.0,-3.0,USA,22,atp_rankings_2026_03_02.csv
2026-03-02,209225,Martin Antonio Vergara Del Puerto,1672,2,0.0,-3.0,PAR,21,atp_rankings_2026_03_02.csv
2026-03-02,214054,Baltazar Wiger Nordas,1672,2,0.0,-3.0,NOR,22,atp_rankings_2026_03_02.csv
2026-03-02,214138,Bastian Berenz,1687,2,0.0,-2.0,AUT,,atp_rankings_2026_03_02.csv
2026-03-02,214292,Ignacio De Armas,1687,2,0.0,-2.0,VEN,17,atp_rankings_2026_03_02.csv
2026-03-02,200199,Matteo De Vincentis,1687,2,0.0,-2.0,ITA,27,atp_rankings_2026_03_02.csv
2026-03-02,209294,Diego Duran,1687,2,0.0,-2.0,ESA,,atp_rankings_2026_03_02.csv
2026-03-02,210188,Petar Jovanovic,1687,2,0.0,-2.0,MNE,22,atp_rankings_2026_03_02.csv
2026-03-02,212139,Vit Kalina,1687,2,0.0,-2.0,CZE,20,atp_rankings_2026_03_02.csv
2026-03-02,214276,Min Ho Ko,1687,2,0.0,-2.0,KOR,18,atp_rankings_2026_03_02.csv
2026-03-02,212476,Noritaka Koizumi,1687,2,0.0,-2.0,JPN,22,atp_rankings_2026_03_02.csv
2026-03-02,212023,Oscar Lacides,1687,2,0.0,-2.0,GUD,21,atp_rankings_2026_03_02.csv
2026-03-02,105011,Illya Marchenko,1687,2,0.0,-2.0,UKR,38,atp_rankings_2026_03_02.csv
2026-03-02,202234,Savva Polukhin,1687,2,0.0,-2.0,RUS,27,atp_rankings_2026_03_02.csv
2026-03-02,200100,Tomas Rengel Sierra,1687,2,0.0,-2.0,ARG,29,atp_rankings_2026_03_02.csv
2026-03-02,106138,Yaraslav Shyla,1687,2,0.0,-2.0,BLR,32,atp_rankings_2026_03_02.csv
2026-03-02,213999,Leon Sloboda,1687,2,1.0,165.0,SVK,,atp_rankings_2026_03_02.csv
2026-03-02,208589,Nikita Volonski,1687,2,0.0,-2.0,AUS,24,atp_rankings_2026_03_02.csv
2026-03-02,214390,Antonin Witz,1687,2,1.0,165.0,FRA,17,atp_rankings_2026_03_02.csv
2026-03-02,211741,Anthony Wright,1687,2,0.0,-2.0,GBR,21,atp_rankings_2026_03_02.csv
2026-03-02,209206,Antonio Caruso,1704,2,0.0,-4.0,ITA,26,atp_rankings_2026_03_02.csv
2026-03-02,213840,Teodor Davidov,1704,2,,,USA,,atp_rankings_2026_03_02.csv
2026-03-02,214337,Eudald Gonzalez,1704,2,0.0,-4.0,ESP,17,atp_rankings_2026_03_02.csv
2026-03-02,208821,Ondrej Horak,1704,2,0.0,-4.0,CZE,23,atp_rankings_2026_03_02.csv
2026-03-02,213367,Emiliano Jorquera,1704,2,0.0,-4.0,CAN,22,atp_rankings_2026_03_02.csv
2026-03-02,144896,Hao Sheng Koay,1704,2,0.0,-4.0,MAS,27,atp_rankings_2026_03_02.csv
2026-03-02,202345,Arvid Nordquist,1704,2,-1.0,-142.0,SWE,27,atp_rankings_2026_03_02.csv
2026-03-02,213274,Eli Stephenson,1704,2,0.0,-4.0,USA,21,atp_rankings_2026_03_02.csv
2026-03-02,124126,Sarp Agabigun,1712,2,0.0,-6.0,TUR,28,atp_rankings_2026_03_02.csv
2026-03-02,211471,Henrik Bladelius,1712,2,0.0,-6.0,SWE,21,atp_rankings_2026_03_02.csv
2026-03-02,212863,Benjamin Chelia,1712,2,0.0,-6.0,ARG,17,atp_rankings_2026_03_02.csv
2026-03-02,210711,Francisco Tomas Geschwind,1712,2,0.0,-6.0,ARG,22,atp_rankings_2026_03_02.csv
2026-03-02,213823,Federico Guarducci,1712,2,0.0,-6.0,ITA,21,atp_rankings_2026_03_02.csv
2026-03-02,202155,Yeongseok Jeong,1712,2,0.0,-6.0,KOR,25,atp_rankings_2026_03_02.csv
2026-03-02,212758,Jarrod Joyce,1712,2,0.0,-6.0,AUS,19,atp_rankings_2026_03_02.csv
2026-03-02,212669,Botond Kisantal,1712,2,0.0,-6.0,HUN,20,atp_rankings_2026_03_02.csv
2026-03-02,212851,Espen Lagarde,1712,2,0.0,-6.0,FRA,24,atp_rankings_2026_03_02.csv
2026-03-02,213069,Gasper Matijasic,1712,2,0.0,-6.0,SLO,,atp_rankings_2026_03_02.csv
2026-03-02,116985,Petr Michnev,1712,2,0.0,-6.0,CZE,36,atp_rankings_2026_03_02.csv
2026-03-02,211587,Diogo Morais,1712,2,0.0,-6.0,POR,21,atp_rankings_2026_03_02.csv
2026-03-02,125843,Ren Nakamura,1712,2,0.0,-6.0,JPN,31,atp_rankings_2026_03_02.csv
2026-03-02,210081,Viacheslav Ovchinnikov,1712,2,0.0,-6.0,RUS,23,atp_rankings_2026_03_02.csv
2026-03-02,213964,Bengt Johan Reinhard,1712,2,0.0,-6.0,GER,18,atp_rankings_2026_03_02.csv
2026-03-02,207587,Martins Rocens,1712,2,0.0,-6.0,LAT,25,atp_rankings_2026_03_02.csv
2026-03-02,213907,Christian Wedel,1712,2,0.0,-6.0,GER,,atp_rankings_2026_03_02.csv
2026-03-02,213873,Benjamin Perez,1729,2,0.0,-5.0,CHI,18,atp_rankings_2026_03_02.csv
2026-03-02,212854,Felipe Virgili Berini,1729,2,0.0,-5.0,ITA,21,atp_rankings_2026_03_02.csv
2026-03-02,212462,Evan Burnett,1731,2,0.0,-4.0,USA,19,atp_rankings_2026_03_02.csv
2026-03-02,,Hugo Cardinaud,1731,2,0.0,-4.0,,,atp_rankings_2026_03_02.csv
2026-03-02,212129,Mariano Dedura Palomero,1731,2,0.0,-4.0,GER,20,atp_rankings_2026_03_02.csv
2026-03-02,212929,Nikola Djukic Valera,1731,2,0.0,-4.0,ESP,,atp_rankings_2026_03_02.csv
2026-03-02,210403,Ivan Dreycopp,1731,2,0.0,-4.0,ARG,22,atp_rankings_2026_03_02.csv
2026-03-02,213767,Alexander Glomb,1731,2,0.0,-4.0,GER,,atp_rankings_2026_03_02.csv
2026-03-02,214202,Gus Grumet,1731,2,0.0,-25.0,USA,18,atp_rankings_2026_03_02.csv
2026-03-02,200662,Toru Horie,1731,2,0.0,-4.0,JPN,26,atp_rankings_2026_03_02.csv
2026-03-02,212150,Oskar Jansson,1731,2,0.0,-4.0,SWE,21,atp_rankings_2026_03_02.csv
2026-03-02,207256,Admir Kalender,1731,2,0.0,-4.0,CRO,25,atp_rankings_2026_03_02.csv
2026-03-02,210248,Jakub Kroslak,1731,2,0.0,-4.0,SVK,22,atp_rankings_2026_03_02.csv
2026-03-02,207431,Lewie Lane,1731,2,0.0,-4.0,GER,25,atp_rankings_2026_03_02.csv
2026-03-02,212545,Henry Lieberman,1731,2,0.0,22.0,USA,25,atp_rankings_2026_03_02.csv
2026-03-02,134113,Cing Yang Meng,1731,2,0.0,-4.0,TPE,27,atp_rankings_2026_03_02.csv
2026-03-02,210060,Aleksandar Mihailovic,1731,2,0.0,-4.0,SRB,23,atp_rankings_2026_03_02.csv
2026-03-02,213196,Rihards Neimanis,1731,2,1.0,316.0,LAT,18,atp_rankings_2026_03_02.csv
2026-03-02,212953,Ilija Palavestra,1731,2,0.0,-4.0,USA,,atp_rankings_2026_03_02.csv
2026-03-02,213980,Arnav Paparkar,1731,2,0.0,-4.0,IND,18,atp_rankings_2026_03_02.csv
2026-03-02,200703,Bogdan Pavel,1731,2,0.0,-4.0,ROU,26,atp_rankings_2026_03_02.csv
2026-03-02,202363,Fabien Salle,1731,2,0.0,-4.0,FRA,26,atp_rankings_2026_03_02.csv
2026-03-02,210170,Noah Schlagenhauf,1731,2,0.0,-4.0,GER,23,atp_rankings_2026_03_02.csv
2026-03-02,213553,Dmytro Shirokyi,1731,2,0.0,-4.0,UKR,19,atp_rankings_2026_03_02.csv
2026-03-02,210704,Kian Vakili,1731,2,0.0,22.0,USA,22,atp_rankings_2026_03_02.csv
2026-03-02,200205,Valentin Vanta,1731,2,0.0,-4.0,ROU,28,atp_rankings_2026_03_02.csv
2026-03-02,209199,Ilias Zimmermann,1731,2,0.0,-4.0,SUI,,atp_rankings_2026_03_02.csv
2026-03-02,214264,Jerrid Gaines,1756,2,0.0,-32.0,USA,16,atp_rankings_2026_03_02.csv
2026-03-02,214214,Daniel Jovanovski,1756,2,0.0,-7.0,AUS,18,atp_rankings_2026_03_02.csv
2026-03-02,208052,Matthew Segura,1756,2,0.0,-7.0,USA,25,atp_rankings_2026_03_02.csv
2026-03-02,210308,Stylianos Christodoulou,1759,2,0.0,-6.0,CYP,21,atp_rankings_2026_03_02.csv
2026-03-02,212876,Pedro Andre De Almeida Santos,1759,2,0.0,-6.0,BRA,21,atp_rankings_2026_03_02.csv
2026-03-02,212883,Andres Delgadillo,1759,2,0.0,-6.0,MEX,,atp_rankings_2026_03_02.csv
2026-03-02,210729,Hamza El Amine,1759,2,0.0,-6.0,MAR,21,atp_rankings_2026_03_02.csv
2026-03-02,214139,Nicola Ion,1759,2,0.0,-6.0,CAN,,atp_rankings_2026_03_02.csv
2026-03-02,213935,Daniil Kakhniuk,1759,2,1.0,344.0,BLR,,atp_rankings_2026_03_02.csv
2026-03-02,213576,Matt Kleiman,1759,2,0.0,-6.0,USA,,atp_rankings_2026_03_02.csv
2026-03-02,214082,Justin Lenders,1759,2,0.0,-6.0,SUI,,atp_rankings_2026_03_02.csv
2026-03-02,211701,Jules Leroux,1759,2,0.0,-6.0,FRA,20,atp_rankings_2026_03_02.csv
2026-03-02,200455,Aliaksandr Liaonenka,1759,2,0.0,-6.0,BLR,26,atp_rankings_2026_03_02.csv
2026-03-02,213461,Andrea Mchich,1759,2,0.0,-6.0,FRA,20,atp_rankings_2026_03_02.csv
2026-03-02,213287,Diego Ortiz Gamonsl,1759,2,0.0,-6.0,CHI,22,atp_rankings_2026_03_02.csv
2026-03-02,132137,Tomislav Edward Papac,1759,2,0.0,-6.0,AUS,30,atp_rankings_2026_03_02.csv
2026-03-02,210114,Julien Penzlin,1759,2,0.0,-6.0,GER,23,atp_rankings_2026_03_02.csv
2026-03-02,214266,Stefan Ilie Bogdan Petre,1759,2,0.0,-6.0,ROU,17,atp_rankings_2026_03_02.csv
2026-03-02,213186,David Petrovic,1759,2,0.0,-6.0,GER,21,atp_rankings_2026_03_02.csv
2026-03-02,207958,Roman Postolka,1759,2,0.0,-6.0,CZE,26,atp_rankings_2026_03_02.csv
2026-03-02,210287,Noah Regas Luis,1759,2,0.0,-6.0,ESP,21,atp_rankings_2026_03_02.csv
2026-03-02,213135,Ruslan Serazhetdinov,1759,2,0.0,-6.0,RUS,20,atp_rankings_2026_03_02.csv
2026-03-02,209870,Gunawan Trismuwantara,1759,2,0.0,-6.0,INA,23,atp_rankings_2026_03_02.csv
2026-03-02,212459,Kai I Wang,1759,2,0.0,-6.0,TPE,21,atp_rankings_2026_03_02.csv
2026-03-02,212890,Caheer Warik,1759,2,0.0,-6.0,IND,,atp_rankings_2026_03_02.csv
2026-03-02,214037,Jan Wygona,1759,2,0.0,-6.0,POL,,atp_rankings_2026_03_02.csv
2026-03-02,209238,Sebastian Dominguez,1782,2,0.0,-33.0,GUA,23,atp_rankings_2026_03_02.csv
2026-03-02,209117,Marco Furlanetto,1782,2,0.0,29.0,ITA,25,atp_rankings_2026_03_02.csv
2026-03-02,207370,Ryusuke Horiuchi,1782,2,0.0,-4.0,JPN,27,atp_rankings_2026_03_02.csv
2026-03-02,212180,Shaoyun Liu,1782,2,0.0,-4.0,CHN,24,atp_rankings_2026_03_02.csv
2026-03-02,209035,Mikel Martinez,1782,2,0.0,-4.0,ESP,25,atp_rankings_2026_03_02.csv
2026-03-02,208315,Javier Molino,1782,2,0.0,-33.0,ESP,24,atp_rankings_2026_03_02.csv
2026-03-02,213930,Zangar Nurlanuly,1782,2,0.0,-4.0,KAZ,17,atp_rankings_2026_03_02.csv
2026-03-02,122649,Photos Photiades,1782,2,0.0,-4.0,CYP,22,atp_rankings_2026_03_02.csv
2026-03-02,208154,Laurin Aerne,1790,2,0.0,-7.0,SUI,27,atp_rankings_2026_03_02.csv
2026-03-02,210101,Simone Agostini,1790,2,0.0,-7.0,ITA,28,atp_rankings_2026_03_02.csv
2026-03-02,212473,Miles Clark,1790,2,0.0,-7.0,USA,,atp_rankings_2026_03_02.csv
2026-03-02,213885,Nav Dayal,1790,2,0.0,-7.0,USA,,atp_rankings_2026_03_02.csv
2026-03-02,210396,Dmitry Dolzhenkov,1790,2,0.0,-7.0,RUS,21,atp_rankings_2026_03_02.csv
2026-03-02,208197,Ammar Elamin,1790,2,0.0,-7.0,IRL,23,atp_rankings_2026_03_02.csv
2026-03-02,200419,Jonas Eriksson Ziverts,1790,2,0.0,-7.0,SWE,27,atp_rankings_2026_03_02.csv
2026-03-02,200622,Hernando Jose Escurra Isnardi,1790,2,0.0,-7.0,PAR,28,atp_rankings_2026_03_02.csv
2026-03-02,210649,Giammarco Gandolfi,1790,2,0.0,-7.0,ITA,22,atp_rankings_2026_03_02.csv
2026-03-02,212232,Yeonsu Jeong,1790,2,0.0,-7.0,KOR,,atp_rankings_2026_03_02.csv
2026-03-02,213185,Makar Krivoshchekov,1790,2,0.0,-7.0,RUS,20,atp_rankings_2026_03_02.csv
2026-03-02,211742,Daniel Lara Salmeron,1790,2,0.0,-7.0,ESP,24,atp_rankings_2026_03_02.csv
2026-03-02,212272,Nikos Lehmann,1790,2,0.0,-7.0,ARG,20,atp_rankings_2026_03_02.csv
2026-03-02,213373,William Nolan,1790,2,0.0,-7.0,GBR,22,atp_rankings_2026_03_02.csv
2026-03-02,213979,Kunanan Pantaratorn,1790,2,0.0,-7.0,THA,17,atp_rankings_2026_03_02.csv
2026-03-02,207972,Minjong Park,1790,2,0.0,-7.0,KOR,24,atp_rankings_2026_03_02.csv
2026-03-02,210204,Drazen Petrovic,1790,2,1.0,354.0,BIH,23,atp_rankings_2026_03_02.csv
2026-03-02,213716,Yoshka Sborowsky,1790,2,0.0,-7.0,FRA,,atp_rankings_2026_03_02.csv
2026-03-02,200479,Luke Simkiss,1790,2,0.0,-7.0,GBR,27,atp_rankings_2026_03_02.csv
2026-03-02,138467,Marvin Bernardo Becker Spiering,1790,2,0.0,-7.0,BRA,28,atp_rankings_2026_03_02.csv
2026-03-02,213532,Stefan Storch,1790,2,0.0,-7.0,AUS,,atp_rankings_2026_03_02.csv
2026-03-02,213588,Esteban Talavera Cortes,1790,2,0.0,-7.0,ESP,,atp_rankings_2026_03_02.csv
2026-03-02,212498,Benoit Torcq,1790,2,0.0,-7.0,BEL,20,atp_rankings_2026_03_02.csv
2026-03-02,212751,Raphael Vaksmann,1790,2,0.0,-7.0,FRA,,atp_rankings_2026_03_02.csv
2026-03-02,106210,Jiri Vesely,1790,2,0.0,-37.0,CZE,32,atp_rankings_2026_03_02.csv
2026-03-02,202357,Bang Shuo Yin,1790,2,0.0,-7.0,TPE,27,atp_rankings_2026_03_02.csv
2026-03-02,212089,Kane Bonsach Ganley,1816,2,0.0,-5.0,DEN,21,atp_rankings_2026_03_02.csv
2026-03-02,105029,Sergey Betov,1817,2,0.0,-34.0,BLR,38,atp_rankings_2026_03_02.csv
2026-03-02,210454,Jesse De Jager,1817,2,0.0,-34.0,NED,23,atp_rankings_2026_03_02.csv
2026-03-02,200187,Luc Fomba,1817,2,0.0,-34.0,FRA,27,atp_rankings_2026_03_02.csv
2026-03-02,210092,Filiberto Fumagalli,1817,2,0.0,-4.0,ITA,23,atp_rankings_2026_03_02.csv
2026-03-02,213298,Carl Holder,1817,2,0.0,-4.0,FRA,19,atp_rankings_2026_03_02.csv
2026-03-02,214111,Tomas Jordi Leston,1817,2,0.0,-4.0,ARG,,atp_rankings_2026_03_02.csv
2026-03-02,213810,Alex Santino Nunez Vera,1817,2,0.0,-4.0,PAR,18,atp_rankings_2026_03_02.csv
2026-03-02,212294,Matei Todoran,1817,2,0.0,-4.0,ROU,,atp_rankings_2026_03_02.csv
2026-03-02,210666,Ha Minh Duc Vu,1817,2,0.0,-4.0,VIE,22,atp_rankings_2026_03_02.csv
2026-03-02,208542,Linghao Zhang,1817,2,0.0,-4.0,CHN,23,atp_rankings_2026_03_02.csv
2026-03-02,208726,Alberto Odiseo Alvarado Berrospi,1827,2,0.0,-5.0,PER,25,atp_rankings_2026_03_02.csv
2026-03-02,123847,Bogdan Bobrov,1827,2,0.0,-5.0,RUS,28,atp_rankings_2026_03_02.csv
2026-03-02,212711,Daniel Jade,1827,2,0.0,-14.0,FRA,16,atp_rankings_2026_03_02.csv
2026-03-02,212923,Hugo Ouzilou,1827,2,0.0,3.0,SUI,22,atp_rankings_2026_03_02.csv
2026-03-02,206827,Alan Sau Franco,1827,2,0.0,-5.0,MEX,25,atp_rankings_2026_03_02.csv
2026-03-02,208504,Daiki Yoshimura,1827,2,0.0,-5.0,JPN,23,atp_rankings_2026_03_02.csv
2026-03-02,210315,Pietro Pampanin,1833,2,0.0,-4.0,ITA,23,atp_rankings_2026_03_02.csv
2026-03-02,209267,Vesa Ahti,1834,2,0.0,-4.0,FIN,26,atp_rankings_2026_03_02.csv
2026-03-02,212724,Anas Bennour Dit Sahli,1834,2,0.0,-4.0,TUN,19,atp_rankings_2026_03_02.csv
2026-03-02,212919,Ivan Biletic,1834,2,0.0,-12.0,BIH,19,atp_rankings_2026_03_02.csv
2026-03-02,,Alvaro Jimenez,1834,2,0.0,-12.0,,,atp_rankings_2026_03_02.csv
2026-03-02,210670,Sasa Markovic,1834,2,0.0,-4.0,SRB,20,atp_rankings_2026_03_02.csv
2026-03-02,212289,Tom Sickenberger,1834,2,0.0,-4.0,GER,,atp_rankings_2026_03_02.csv
2026-03-02,213049,Mateya Stanisavljevic,1834,2,0.0,-4.0,SRB,19,atp_rankings_2026_03_02.csv
2026-03-02,211454,Federico Valle,1834,2,0.0,-4.0,ITA,25,atp_rankings_2026_03_02.csv
2026-03-02,211601,Alvaro Peiro Serrano,1842,2,0.0,-5.0,ESP,21,atp_rankings_2026_03_02.csv
2026-03-02,,Ignasi Forcano Aparicio,1843,2,0.0,2.0,,,atp_rankings_2026_03_02.csv
2026-03-02,202323,Arjun Mehrotra,1843,2,0.0,-4.0,AUS,28,atp_rankings_2026_03_02.csv
2026-03-02,149108,Loic Namigandet Tenguere,1843,2,0.0,-4.0,FRA,27,atp_rankings_2026_03_02.csv
2026-03-02,210032,Pierre Antoine Tailleu,1843,2,0.0,-4.0,FRA,22,atp_rankings_2026_03_02.csv
2026-03-02,212130,Mariano Tammaro,1843,2,0.0,2.0,ITA,22,atp_rankings_2026_03_02.csv
2026-03-02,212260,Rocco Valente,1843,2,0.0,-4.0,ARG,21,atp_rankings_2026_03_02.csv
2026-03-02,132018,Drew Van Orderlain,1843,2,0.0,-4.0,USA,31,atp_rankings_2026_03_02.csv
2026-03-02,206905,Louis Herman,1850,2,0.0,-6.0,BEL,24,atp_rankings_2026_03_02.csv
2026-03-02,213494,Bogdan Seleznev,1851,2,0.0,-6.0,RUS,23,atp_rankings_2026_03_02.csv
2026-03-02,200045,Anthony Susanto,1851,2,0.0,-6.0,INA,28,atp_rankings_2026_03_02.csv
2026-03-02,202314,Parth Aggarwal,1853,2,0.0,-4.0,IND,28,atp_rankings_2026_03_02.csv
2026-03-02,110773,Issei Okamura,1854,2,0.0,-4.0,JPN,33,atp_rankings_2026_03_02.csv
2026-03-02,207463,Sheng Tang,1855,2,0.0,-4.0,CHN,26,atp_rankings_2026_03_02.csv
2026-03-02,214385,Motoharu Abe,1856,1,0.0,-4.0,JPN,17,atp_rankings_2026_03_02.csv
2026-03-02,126732,Eric Ahren Moonga,1856,1,0.0,-4.0,SWE,30,atp_rankings_2026_03_02.csv
2026-03-02,213849,Artur Aiukhanov,1856,1,0.0,-4.0,RUS,20,atp_rankings_2026_03_02.csv
2026-03-02,105618,Juan Samuel Arauzo Martinez,1856,1,0.0,-4.0,ESP,35,atp_rankings_2026_03_02.csv
2026-03-02,211458,Nathan Anthony Barki,1856,1,0.0,-4.0,INA,21,atp_rankings_2026_03_02.csv
2026-03-02,214283,Juan Ignacio Barraza,1856,1,0.0,-4.0,ARG,24,atp_rankings_2026_03_02.csv
2026-03-02,213966,Jerry Barton,1856,1,0.0,-4.0,USA,22,atp_rankings_2026_03_02.csv
2026-03-02,212712,Alexis Berquier,1856,1,0.0,-4.0,FRA,,atp_rankings_2026_03_02.csv
2026-03-02,209093,Juliusz Bienkiewicz,1856,1,0.0,-4.0,POL,,atp_rankings_2026_03_02.csv
2026-03-02,210211,Omar Brigida,1856,1,0.0,-4.0,ITA,26,atp_rankings_2026_03_02.csv
2026-03-02,213942,Tighe Brunetti,1856,1,0.0,-4.0,USA,22,atp_rankings_2026_03_02.csv
2026-03-02,214301,Matthew Carroll,1856,1,0.0,-4.0,GBR,,atp_rankings_2026_03_02.csv
2026-03-02,209991,Hanamichi Carvajal,1856,1,0.0,-4.0,CHI,23,atp_rankings_2026_03_02.csv
2026-03-02,212517,Marcos Castro Fabra,1856,1,0.0,-4.0,ESP,18,atp_rankings_2026_03_02.csv
2026-03-02,213115,Elijah Cham,1856,1,0.0,-4.0,AUS,,atp_rankings_2026_03_02.csv
2026-03-02,211730,Sandesh Dattatray Kurale,1856,1,0.0,-4.0,IND,,atp_rankings_2026_03_02.csv
2026-03-02,209933,Clement Deleersnyder,1856,1,0.0,-4.0,FRA,24,atp_rankings_2026_03_02.csv
2026-03-02,214218,Malanqi Du,1856,1,0.0,-4.0,CHN,23,atp_rankings_2026_03_02.csv
2026-03-02,214308,Tomas Dummer Macedo,1856,1,0.0,-4.0,BRA,17,atp_rankings_2026_03_02.csv
2026-03-02,211685,Birtan Duran,1856,1,0.0,-4.0,TUR,21,atp_rankings_2026_03_02.csv
2026-03-02,214353,Gian Durrer,1856,1,0.0,-4.0,SUI,21,atp_rankings_2026_03_02.csv
2026-03-02,212072,Samyar Elyasi,1856,1,0.0,-4.0,IRI,21,atp_rankings_2026_03_02.csv
2026-03-02,213671,Roberto Ferrer Guimaraes,1856,1,0.0,-4.0,USA,,atp_rankings_2026_03_02.csv
2026-03-02,213904,Xavier Ferrer Mateo,1856,1,0.0,-4.0,ESP,19,atp_rankings_2026_03_02.csv
2026-03-02,214248,Oriol Font,1856,1,0.0,-4.0,ESP,20,atp_rankings_2026_03_02.csv
2026-03-02,214312,Rafael Augusto Garcia Finetto,1856,1,0.0,-4.0,BRA,18,atp_rankings_2026_03_02.csv
2026-03-02,214310,Pietro Gava,1856,1,0.0,-4.0,BRA,16,atp_rankings_2026_03_02.csv
2026-03-02,213263,Christoph Gayk,1856,1,0.0,-4.0,GER,20,atp_rankings_2026_03_02.csv
2026-03-02,206625,Daniil Golubev,1856,1,0.0,-4.0,RUS,24,atp_rankings_2026_03_02.csv
2026-03-02,212927,Spencer Gray,1856,1,0.0,-4.0,USA,24,atp_rankings_2026_03_02.csv
2026-03-02,213868,Maxim Groysman,1856,1,0.0,-4.0,USA,,atp_rankings_2026_03_02.csv
2026-03-02,214364,Alexander Gschiel,1856,1,0.0,-4.0,AUT,18,atp_rankings_2026_03_02.csv
2026-03-02,213028,Kornel Halmos,1856,1,0.0,-4.0,HUN,19,atp_rankings_2026_03_02.csv
2026-03-02,213142,Bryan Hernandez Cortes,1856,1,0.0,-4.0,ESP,19,atp_rankings_2026_03_02.csv
2026-03-02,213342,David Jeanne Grandinot,1856,1,0.0,-4.0,FRA,23,atp_rankings_2026_03_02.csv
2026-03-02,127195,Hamza Karmoussi,1856,1,0.0,-4.0,MAR,,atp_rankings_2026_03_02.csv
2026-03-02,211608,Nicolas Kobelt,1856,1,0.0,-4.0,SUI,21,atp_rankings_2026_03_02.csv
2026-03-02,212521,Thomas Kostka,1856,1,0.0,-4.0,FRA,22,atp_rankings_2026_03_02.csv
2026-03-02,210159,Tomas Lanik,1856,1,0.0,-4.0,SVK,23,atp_rankings_2026_03_02.csv
2026-03-02,214265,Jordan Lee,1856,1,0.0,-4.0,USA,15,atp_rankings_2026_03_02.csv
2026-03-02,214333,Woong Bi Lee,1856,1,0.0,-4.0,KOR,20,atp_rankings_2026_03_02.csv
2026-03-02,214233,Woong Chan Lee,1856,1,0.0,-4.0,KOR,17,atp_rankings_2026_03_02.csv
2026-03-02,214294,Augusto Mateo Lucarelli,1856,1,0.0,-4.0,ARG,19,atp_rankings_2026_03_02.csv
2026-03-02,148678,Cyrus Mahjoob,1856,1,0.0,-4.0,USA,20,atp_rankings_2026_03_02.csv
2026-03-02,214251,Noah Martens,1856,1,0.0,-4.0,BEL,23,atp_rankings_2026_03_02.csv
2026-03-02,214436,Simone Massellani,1856,1,,,ITA,18,atp_rankings_2026_03_02.csv
2026-03-02,214099,Kaspar Mathes,1856,1,0.0,-4.0,GER,,atp_rankings_2026_03_02.csv
2026-03-02,144988,Joel Meda,1856,1,0.0,-4.0,CIV,31,atp_rankings_2026_03_02.csv
2026-03-02,212707,Moein Moazam,1856,1,0.0,-4.0,IRI,23,atp_rankings_2026_03_02.csv
2026-03-02,204737,Alejandro Moreno,1856,1,0.0,-4.0,MEX,36,atp_rankings_2026_03_02.csv
2026-03-02,214306,Juan Francisco Munoz,1856,1,0.0,-4.0,MEX,18,atp_rankings_2026_03_02.csv
2026-03-02,149283,Freddy Murray,1856,1,0.0,-4.0,IRL,22,atp_rankings_2026_03_02.csv
2026-03-02,208718,Mason Naumovski,1856,1,0.0,-4.0,AUS,25,atp_rankings_2026_03_02.csv
2026-03-02,214100,Niklas Niggemann,1856,1,0.0,-4.0,GER,23,atp_rankings_2026_03_02.csv
2026-03-02,212909,Dingzheng Nima,1856,1,0.0,-4.0,CHN,21,atp_rankings_2026_03_02.csv
2026-03-02,213934,Ricard Novell,1856,1,0.0,-4.0,ESP,,atp_rankings_2026_03_02.csv
2026-03-02,210133,Valdemar Frederik Pape,1856,1,0.0,-4.0,DEN,22,atp_rankings_2026_03_02.csv
2026-03-02,123896,Matija Pecotic,1856,1,0.0,-4.0,CRO,36,atp_rankings_2026_03_02.csv
2026-03-02,214254,Roberto Perez Socas,1856,1,0.0,-4.0,ESP,18,atp_rankings_2026_03_02.csv
2026-03-02,209865,Peter Benjamin Privara,1856,1,0.0,-4.0,SVK,21,atp_rankings_2026_03_02.csv
2026-03-02,214426,Felix Raser,1856,1,0.0,-4.0,AUT,16,atp_rankings_2026_03_02.csv
2026-03-02,214160,Henry Ren,1856,1,0.0,-4.0,CAN,22,atp_rankings_2026_03_02.csv
2026-03-02,213302,Rodrigo Reyna,1856,1,0.0,-4.0,MEX,27,atp_rankings_2026_03_02.csv
2026-03-02,209880,Carl Roothman,1856,1,0.0,-4.0,RSA,23,atp_rankings_2026_03_02.csv
2026-03-02,213837,Agassi Rusher,1856,1,0.0,-4.0,USA,,atp_rankings_2026_03_02.csv
2026-03-02,134423,Leevi Saatela,1856,1,0.0,-4.0,FIN,30,atp_rankings_2026_03_02.csv
2026-03-02,105816,Batyr Sapaev,1856,1,0.0,-4.0,UZB,34,atp_rankings_2026_03_02.csv
2026-03-02,214024,Djordje Sapic,1856,1,0.0,-4.0,SRB,,atp_rankings_2026_03_02.csv
2026-03-02,214271,Mauricio Schtulmann Gasca,1856,1,0.0,-4.0,MEX,17,atp_rankings_2026_03_02.csv
2026-03-02,209948,Jan Sebesta,1856,1,0.0,-4.0,SUI,22,atp_rankings_2026_03_02.csv
2026-03-02,214372,Rajat Shirur,1856,1,0.0,-4.0,USA,18,atp_rankings_2026_03_02.csv
2026-03-02,213723,Stephen Slocombe,1856,1,0.0,-4.0,BAR,22,atp_rankings_2026_03_02.csv
2026-03-02,210162,Harry Thursfield,1856,1,0.0,-4.0,GBR,25,atp_rankings_2026_03_02.csv
2026-03-02,208329,Maximilian Todorov,1856,1,0.0,-4.0,GER,26,atp_rankings_2026_03_02.csv
2026-03-02,214045,Ryan Torres,1856,1,0.0,-4.0,PHI,,atp_rankings_2026_03_02.csv
2026-03-02,207586,Justas Trainauskas,1856,1,0.0,-4.0,LTU,24,atp_rankings_2026_03_02.csv
2026-03-02,214077,Vaal Urankar,1856,1,0.0,-4.0,SLO,20,atp_rankings_2026_03_02.csv
2026-03-02,210356,Andres Urquiola Montellano,1856,1,0.0,-4.0,BOL,21,atp_rankings_2026_03_02.csv
2026-03-02,125804,Brandon Walkin,1856,1,0.0,-4.0,GBR,31,atp_rankings_2026_03_02.csv
2026-03-02,214307,Ids Waterbolk,1856,1,0.0,-4.0,NED,24,atp_rankings_2026_03_02.csv
2026-03-02,213937,Dawid Wisniewski,1856,1,0.0,-4.0,POL,,atp_rankings_2026_03_02.csv
2026-03-02,127894,Yusuke Yoshikawa,1856,1,0.0,-4.0,JPN,31,atp_rankings_2026_03_02.csv
2026-03-02,214132,William Zhang,1856,1,0.0,-4.0,USA,,atp_rankings_2026_03_02.csv
2026-03-02,214010,Shixun Zhu,1856,1,0.0,-4.0,CHN,,atp_rankings_2026_03_02.csv
2026-03-02,206738,Bader Alabdullah,1940,1,0.0,1.0,KUW,23,atp_rankings_2026_03_02.csv
2026-03-02,214280,Fantino Alberca,1940,1,0.0,1.0,ARG,21,atp_rankings_2026_03_02.csv
2026-03-02,212493,Ramiro Amarilla,1940,1,0.0,1.0,ARG,24,atp_rankings_2026_03_02.csv
2026-03-02,144727,Joao Antonio,1940,1,0.0,1.0,POR,26,atp_rankings_2026_03_02.csv
2026-03-02,149100,Romeo Arcuschin,1940,1,0.0,1.0,ARG,,atp_rankings_2026_03_02.csv
2026-03-02,214008,David Asenov,1940,1,0.0,1.0,CAN,,atp_rankings_2026_03_02.csv
2026-03-02,212123,Sergio Badini,1940,1,0.0,1.0,ITA,21,atp_rankings_2026_03_02.csv
2026-03-02,213950,Nicolas Baena,1940,1,0.0,1.0,PER,18,atp_rankings_2026_03_02.csv
2026-03-02,214232,Lorenzo Balducci,1940,1,0.0,1.0,ITA,18,atp_rankings_2026_03_02.csv
2026-03-02,214211,Arian Barbic,1940,1,0.0,1.0,GER,17,atp_rankings_2026_03_02.csv
2026-03-02,211640,Victor Barrere,1940,1,,,FRA,,atp_rankings_2026_03_02.csv
2026-03-02,212796,Tristan Berard,1940,1,0.0,1.0,FRA,,atp_rankings_2026_03_02.csv
2026-03-02,212601,Luka Bojicic Ono,1940,1,0.0,1.0,BRA,21,atp_rankings_2026_03_02.csv
2026-03-02,213663,Maximilian Borisov,1940,1,0.0,1.0,BUL,,atp_rankings_2026_03_02.csv
2026-03-02,210440,Federico Bove,1940,1,0.0,1.0,ITA,27,atp_rankings_2026_03_02.csv
2026-03-02,212668,Tyler Bowers,1940,1,0.0,1.0,USA,23,atp_rankings_2026_03_02.csv
2026-03-02,132456,Vasilios Caripi,1940,1,0.0,107.0,RSA,34,atp_rankings_2026_03_02.csv
2026-03-02,214377,Tito Chavez,1940,1,0.0,-88.0,ESP,18,atp_rankings_2026_03_02.csv
2026-03-02,213711,Dario Alexandru Ciobotaru,1940,1,0.0,1.0,ROU,,atp_rankings_2026_03_02.csv
2026-03-02,208672,Jose Luis Claro,1940,1,0.0,1.0,PER,22,atp_rankings_2026_03_02.csv
2026-03-02,214154,Enrique Collar,1940,1,0.0,1.0,ESP,18,atp_rankings_2026_03_02.csv
2026-03-02,214241,Sasha Colleu,1940,1,0.0,1.0,FRA,,atp_rankings_2026_03_02.csv
2026-03-02,214165,Joao Pedro Didoni Bonini,1940,1,0.0,1.0,BRA,18,atp_rankings_2026_03_02.csv
2026-03-02,202153,Sid Donarski,1940,1,0.0,1.0,CAN,28,atp_rankings_2026_03_02.csv
2026-03-02,211402,Mikhail Dubrouski,1940,1,0.0,1.0,BLR,,atp_rankings_2026_03_02.csv
2026-03-02,213629,Vincent Dullinger,1940,1,0.0,1.0,GER,,atp_rankings_2026_03_02.csv
2026-03-02,210260,Gabriel Elicha Navas,1940,1,0.0,1.0,ESP,22,atp_rankings_2026_03_02.csv
2026-03-02,214131,Edward Etty,1940,1,0.0,1.0,NED,24,atp_rankings_2026_03_02.csv
2026-03-02,214133,Wen Bo Fan,1940,1,0.0,1.0,CHN,18,atp_rankings_2026_03_02.csv
2026-03-02,211353,Thomas Nicholas Gadecki,1940,1,0.0,1.0,AUS,20,atp_rankings_2026_03_02.csv
2026-03-02,214017,Jon Gamble,1940,1,0.0,1.0,USA,,atp_rankings_2026_03_02.csv
2026-03-02,202307,Alejandro Garcia,1940,1,0.0,-88.0,ESP,24,atp_rankings_2026_03_02.csv
2026-03-02,212996,Iker Gaztambide Arrastia,1940,1,0.0,1.0,ESP,22,atp_rankings_2026_03_02.csv
2026-03-02,210478,Sebastian Gorzny,1940,1,0.0,1.0,USA,22,atp_rankings_2026_03_02.csv
2026-03-02,211634,Tobia Grandinetti,1940,1,0.0,1.0,ARG,22,atp_rankings_2026_03_02.csv
2026-03-02,214083,Thomas Gunzinger,1940,1,0.0,1.0,SUI,,atp_rankings_2026_03_02.csv
2026-03-02,103665,Ryan Haviland,1940,1,0.0,1.0,USA,45,atp_rankings_2026_03_02.csv
2026-03-02,210151,Mark Havlicek,1940,1,0.0,1.0,CZE,22,atp_rankings_2026_03_02.csv
2026-03-02,206716,Lukas Hellum Lilleengen,1940,1,0.0,1.0,NOR,25,atp_rankings_2026_03_02.csv
2026-03-02,213917,Yuya Hirose,1940,1,0.0,1.0,JPN,,atp_rankings_2026_03_02.csv
2026-03-02,214263,Matic Hribar,1940,1,0.0,1.0,SLO,18,atp_rankings_2026_03_02.csv
2026-03-02,214078,Leonardo Iemmi,1940,1,0.0,1.0,ITA,20,atp_rankings_2026_03_02.csv
2026-03-02,213959,Ilya Ignatov,1940,1,0.0,1.0,UZB,20,atp_rankings_2026_03_02.csv
2026-03-02,205905,Sergio Ingles Garre,1940,1,0.0,1.0,ESP,26,atp_rankings_2026_03_02.csv
2026-03-02,208878,Ryder Jackson,1940,1,0.0,1.0,USA,20,atp_rankings_2026_03_02.csv
2026-03-02,212990,Alejandro Jacome Jaramillo,1940,1,0.0,1.0,ECU,,atp_rankings_2026_03_02.csv
2026-03-02,211472,Oliver Johansson,1940,1,0.0,1.0,SWE,,atp_rankings_2026_03_02.csv
2026-03-02,214011,Kaigaoge Kang,1940,1,0.0,1.0,CHN,,atp_rankings_2026_03_02.csv
2026-03-02,210112,Veljko Krstic,1940,1,0.0,1.0,SRB,22,atp_rankings_2026_03_02.csv
2026-03-02,214216,Anes Latifovic,1940,1,0.0,1.0,GER,20,atp_rankings_2026_03_02.csv
2026-03-02,214213,Rhys Lawlor,1940,1,0.0,1.0,GBR,17,atp_rankings_2026_03_02.csv
2026-03-02,210548,Tim Loosen,1940,1,0.0,1.0,GER,24,atp_rankings_2026_03_02.csv
2026-03-02,208848,Mikolaj Lorens,1940,1,0.0,1.0,POL,24,atp_rankings_2026_03_02.csv
2026-03-02,213931,Jun Hao Luo,1940,1,0.0,1.0,CHN,18,atp_rankings_2026_03_02.csv
2026-03-02,105747,Karim Mohamed Maamoun,1940,1,0.0,1.0,EGY,34,atp_rankings_2026_03_02.csv
2026-03-02,209328,Martin Maldonado,1940,1,0.0,1.0,ECU,,atp_rankings_2026_03_02.csv
2026-03-02,213971,Tomas Marin,1940,1,0.0,1.0,COL,,atp_rankings_2026_03_02.csv
2026-03-02,214367,Marco Migliorati,1940,1,0.0,1.0,ITA,22,atp_rankings_2026_03_02.csv
2026-03-02,212278,Milos Mikovic,1940,1,0.0,1.0,SRB,20,atp_rankings_2026_03_02.csv
2026-03-02,213005,Ali Missoum,1940,1,0.0,1.0,MAR,17,atp_rankings_2026_03_02.csv
2026-03-02,214355,Eyad Reda Ezzat Mohamed Sherif,1940,1,0.0,1.0,EGY,18,atp_rankings_2026_03_02.csv
2026-03-02,149157,Luis Jose Nakamine,1940,1,0.0,1.0,PER,19,atp_rankings_2026_03_02.csv
2026-03-02,211545,Seiya Nakanishi,1940,1,0.0,1.0,JPN,29,atp_rankings_2026_03_02.csv
2026-03-02,214373,Pierre Ngijol Carre,1940,1,0.0,1.0,FRA,,atp_rankings_2026_03_02.csv
2026-03-02,213793,Andy Nguyen,1940,1,0.0,1.0,USA,21,atp_rankings_2026_03_02.csv
2026-03-02,211489,Maximilian Oezcelik,1940,1,0.0,1.0,GER,,atp_rankings_2026_03_02.csv
2026-03-02,214600,Alexander Ikenna Okonkwo,1940,1,0.0,1.0,GBR,21,atp_rankings_2026_03_02.csv
2026-03-02,200075,Yshai Oliel,1940,1,0.0,1.0,ISR,26,atp_rankings_2026_03_02.csv
2026-03-02,144731,Kody Pearson,1940,1,0.0,107.0,AUS,26,atp_rankings_2026_03_02.csv
2026-03-02,210212,Alexander Petrov,1940,1,0.0,107.0,BUL,24,atp_rankings_2026_03_02.csv
2026-03-02,214404,Oscar Pinto Sansano,1940,1,0.0,1.0,ESP,22,atp_rankings_2026_03_02.csv
2026-03-02,214172,Mattias Pisanu,1940,1,0.0,1.0,ITA,18,atp_rankings_2026_03_02.csv
2026-03-02,211592,Tadija Radovanovic,1940,1,0.0,1.0,SRB,25,atp_rankings_2026_03_02.csv
2026-03-02,211604,Yannik Rahman,1940,1,0.0,1.0,USA,,atp_rankings_2026_03_02.csv
2026-03-02,,Philippe Renard,1940,1,0.0,1.0,,,atp_rankings_2026_03_02.csv
2026-03-02,211603,Freddie Ridout,1940,1,0.0,-88.0,GBR,,atp_rankings_2026_03_02.csv
2026-03-02,,Pablo Robledo,1940,1,0.0,1.0,,,atp_rankings_2026_03_02.csv
2026-03-02,214261,Lautaro Rocha,1940,1,0.0,1.0,ARG,18,atp_rankings_2026_03_02.csv
2026-03-02,212542,Jerry Roddick,1940,1,,,USA,23,atp_rankings_2026_03_02.csv
2026-03-02,200012,Tim Ruehl,1940,1,0.0,1.0,GER,27,atp_rankings_2026_03_02.csv
2026-03-02,214087,Jan Sadzik,1940,1,0.0,1.0,POL,17,atp_rankings_2026_03_02.csv
2026-03-02,213651,Agustin Salazar Salazar,1940,1,0.0,1.0,MEX,22,atp_rankings_2026_03_02.csv
2026-03-02,105688,Manuel Sanchez,1940,1,0.0,1.0,MEX,35,atp_rankings_2026_03_02.csv
2026-03-02,208418,Jonas Schaer,1940,1,0.0,1.0,SUI,25,atp_rankings_2026_03_02.csv
2026-03-02,210467,Rafael Segado Esteve,1940,1,0.0,1.0,ESP,19,atp_rankings_2026_03_02.csv
2026-03-02,213173,Nicola Senn,1940,1,0.0,1.0,SUI,,atp_rankings_2026_03_02.csv
2026-03-02,214031,Nicholas Steiglehner,1940,1,0.0,1.0,USA,21,atp_rankings_2026_03_02.csv
2026-03-02,211607,Filip Stidell,1940,1,0.0,1.0,SWE,20,atp_rankings_2026_03_02.csv
2026-03-02,208301,Gustaf Strom,1940,1,0.0,1.0,SWE,24,atp_rankings_2026_03_02.csv
2026-03-02,214290,Leonardo Suarez,1940,1,0.0,1.0,BOL,17,atp_rankings_2026_03_02.csv
2026-03-02,213981,Elias Sumann,1940,1,0.0,1.0,AUT,20,atp_rankings_2026_03_02.csv
2026-03-02,210702,Jinpeng Tang,1940,1,0.0,1.0,CHN,19,atp_rankings_2026_03_02.csv
2026-03-02,214068,Daniel Tazabekov,1940,1,0.0,1.0,KAZ,18,atp_rankings_2026_03_02.csv
2026-03-02,214142,Kai Thompson,1940,1,0.0,1.0,HKG,,atp_rankings_2026_03_02.csv
2026-03-02,213020,Aadarsh Tripathi,1940,1,0.0,1.0,USA,22,atp_rankings_2026_03_02.csv
2026-03-02,212705,Nathan Trouve,1940,1,0.0,1.0,FRA,20,atp_rankings_2026_03_02.csv
2026-03-02,213869,Abdulaziz Usmonjonov,1940,1,0.0,1.0,UZB,,atp_rankings_2026_03_02.csv
2026-03-02,214297,Julian Valenzuela,1940,1,0.0,1.0,CHI,18,atp_rankings_2026_03_02.csv
2026-03-02,210206,Jip Van Assendelft,1940,1,0.0,1.0,NED,23,atp_rankings_2026_03_02.csv
2026-03-02,207725,Niels Peter Van Noord,1940,1,0.0,1.0,CAN,25,atp_rankings_2026_03_02.csv
2026-03-02,212869,Franco Ariel Vazquez,1940,1,0.0,1.0,ARG,,atp_rankings_2026_03_02.csv
2026-03-02,212099,Benjamin Vitter,1940,1,0.0,1.0,FRA,23,atp_rankings_2026_03_02.csv
2026-03-02,211563,Aaron James Williams,1940,1,0.0,1.0,GER,22,atp_rankings_2026_03_02.csv
2026-03-02,214358,Finn Willman,1940,1,0.0,1.0,NZL,18,atp_rankings_2026_03_02.csv
2026-03-02,212102,Maximus Zavier Wong,1940,1,0.0,1.0,SIN,,atp_rankings_2026_03_02.csv
2026-03-02,214110,Kai An Wu,1940,1,0.0,1.0,TPE,19,atp_rankings_2026_03_02.csv
2026-03-02,126715,Fernando Yamacita,1940,1,0.0,1.0,BRA,28,atp_rankings_2026_03_02.csv
2026-03-02,213895,Arturs Zagars,1940,1,0.0,1.0,LAT,,atp_rankings_2026_03_02.csv
2026-03-02,211698,Gonzalo Zeitune,1940,1,0.0,1.0,ARG,20,atp_rankings_2026_03_02.csv
2026-03-02,213845,Carlos Zerega,1940,1,0.0,1.0,MEX,30,atp_rankings_2026_03_02.csv
2026-03-02,208076,Danielle Abadia,2050,1,0.0,-3.0,SGP,24,atp_rankings_2026_03_02.csv
2026-03-02,213193,Damir Abdusamadov,2050,1,0.0,-3.0,UZB,19,atp_rankings_2026_03_02.csv
2026-03-02,214198,Daniel Aleksandar Amarandei,2050,1,0.0,-3.0,ITA,18,atp_rankings_2026_03_02.csv
2026-03-02,106339,Felipe Assuncao Garla,2050,1,0.0,-3.0,BRA,31,atp_rankings_2026_03_02.csv
2026-03-02,214055,Flavio Bocci,2050,1,0.0,-3.0,ITA,,atp_rankings_2026_03_02.csv
2026-03-02,109732,Enrique Bogo,2050,1,0.0,-3.0,BRA,30,atp_rankings_2026_03_02.csv
2026-03-02,213051,Thanaphat Boosarawongse,2050,1,0.0,-3.0,THA,20,atp_rankings_2026_03_02.csv
2026-03-02,149161,David Cristian Carteputreda,2050,1,0.0,-3.0,ROU,19,atp_rankings_2026_03_02.csv
2026-03-02,144833,Andres Gabriel Ciurletti,2050,1,0.0,-3.0,ITA,28,atp_rankings_2026_03_02.csv
2026-03-02,212739,Lautaro Correa Beguerie,2050,1,0.0,-3.0,ARG,20,atp_rankings_2026_03_02.csv
2026-03-02,212912,Mathys Domenc,2050,1,0.0,53.0,FRA,16,atp_rankings_2026_03_02.csv
2026-03-02,213736,Martin Doskocil,2050,1,0.0,-3.0,CZE,,atp_rankings_2026_03_02.csv
2026-03-02,212792,Thomas Drayton,2050,1,0.0,-3.0,GBR,,atp_rankings_2026_03_02.csv
2026-03-02,213961,Tarek Erlewein,2050,1,0.0,-3.0,GER,22,atp_rankings_2026_03_02.csv
2026-03-02,207167,Barney Fitzpatrick,2050,1,0.0,-3.0,GBR,23,atp_rankings_2026_03_02.csv
2026-03-02,214375,Luis Andres Flores Avila,2050,1,0.0,-3.0,MEX,17,atp_rankings_2026_03_02.csv
2026-03-02,212720,Juan Carlos Fuentes Vasquez,2050,1,0.0,-109.0,ESA,20,atp_rankings_2026_03_02.csv
2026-03-02,209895,Sai Karteek Reddy Ganta,2050,1,0.0,-3.0,IND,25,atp_rankings_2026_03_02.csv
2026-03-02,213023,Filippo Francesco Garbero,2050,1,0.0,-3.0,ITA,,atp_rankings_2026_03_02.csv
2026-03-02,214124,Matteo Gribaldo,2050,1,0.0,-109.0,ITA,,atp_rankings_2026_03_02.csv
2026-03-02,213680,Javier Guzman,2050,1,0.0,-3.0,CHL,,atp_rankings_2026_03_02.csv
2026-03-02,213074,Hugo Hashimoto,2050,1,0.0,-3.0,USA,23,atp_rankings_2026_03_02.csv
2026-03-02,210590,Henri Haupt,2050,1,0.0,-3.0,GER,19,atp_rankings_2026_03_02.csv
2026-03-02,213949,Julius Maximilian Haus,2050,1,0.0,-3.0,GER,18,atp_rankings_2026_03_02.csv
2026-03-02,210388,Kaeri Hernandez Mariona,2050,1,0.0,-3.0,GUA,23,atp_rankings_2026_03_02.csv
2026-03-02,213168,Patrick Jozwicki,2050,1,0.0,-3.0,AUT,,atp_rankings_2026_03_02.csv
2026-03-02,213199,Dorian Juszczak,2050,1,0.0,-3.0,POL,20,atp_rankings_2026_03_02.csv
2026-03-02,213780,Alexander Krylov,2050,1,0.0,-3.0,RUS,22,atp_rankings_2026_03_02.csv
2026-03-02,213565,Isaac Lhomond,2050,1,0.0,-3.0,FRA,,atp_rankings_2026_03_02.csv
2026-03-02,211358,Adam Majchrzak,2050,1,0.0,-3.0,POL,20,atp_rankings_2026_03_02.csv
2026-03-02,213850,Aron Janos Major,2050,1,0.0,-3.0,HUN,,atp_rankings_2026_03_02.csv
2026-03-02,211699,Franco Marini,2050,1,0.0,-3.0,ARG,,atp_rankings_2026_03_02.csv
2026-03-02,212188,Benjamin Martin,2050,1,0.0,-3.0,FRA,20,atp_rankings_2026_03_02.csv
2026-03-02,132804,Jordi Mas De Ugarte,2050,1,0.0,-3.0,ESP,30,atp_rankings_2026_03_02.csv
2026-03-02,149125,Maciej Matuszczyk,2050,1,0.0,-3.0,POL,22,atp_rankings_2026_03_02.csv
2026-03-02,213158,Vicente Monge,2050,1,0.0,-3.0,PER,19,atp_rankings_2026_03_02.csv
2026-03-02,208204,Francois Musitelli,2050,1,0.0,-3.0,FRA,27,atp_rankings_2026_03_02.csv
2026-03-02,212633,Tomas Pinho,2050,1,0.0,-3.0,POR,23,atp_rankings_2026_03_02.csv
2026-03-02,205941,Rishi Reddy,2050,1,0.0,-3.0,IND,27,atp_rankings_2026_03_02.csv
2026-03-02,214019,Hidde Schoenmakers,2050,1,0.0,-3.0,NED,,atp_rankings_2026_03_02.csv
2026-03-02,213633,Rethin Pranav Senthil Kumar,2050,1,0.0,-3.0,IND,,atp_rankings_2026_03_02.csv
2026-03-02,214328,Andre Souza,2050,1,0.0,-109.0,BRA,23,atp_rankings_2026_03_02.csv
2026-03-02,104908,Mikal Oliver Statham,2050,1,0.0,53.0,NZL,38,atp_rankings_2026_03_02.csv
2026-03-02,212557,Samuel Stolarik,2050,1,0.0,-3.0,SVK,21,atp_rankings_2026_03_02.csv
2026-03-02,211703,Sarthak Suden,2050,1,0.0,-3.0,IND,,atp_rankings_2026_03_02.csv
2026-03-02,210664,Bjorn Swenson,2050,1,0.0,-3.0,USA,22,atp_rankings_2026_03_02.csv
2026-03-02,213160,Adam Gabor Szoke,2050,1,0.0,-3.0,HUN,21,atp_rankings_2026_03_02.csv
2026-03-02,124067,Vullnet Tashi,2050,1,0.0,-3.0,SUI,33,atp_rankings_2026_03_02.csv
2026-03-02,213784,Guillermo Tunas,2050,1,0.0,-3.0,MEX,25,atp_rankings_2026_03_02.csv
2026-03-02,210094,Alexander Vikhlyantsev,2050,1,0.0,-3.0,RUS,23,atp_rankings_2026_03_02.csv
2026-03-02,213708,Henrik Villanger,2050,1,0.0,-3.0,NOR,,atp_rankings_2026_03_02.csv
2026-03-02,,Jakub Vrba,2050,1,0.0,-3.0,,,atp_rankings_2026_03_02.csv
2026-03-02,212802,Yamato Yukawa,2050,1,0.0,-3.0,JPN,,atp_rankings_2026_03_02.csv
2026-03-02,210597,Ahmed Zaki,2050,1,0.0,-3.0,EGY,21,atp_rankings_2026_03_02.csv
2026-03-02,212821,Vitaliy Zatsepin,2050,1,0.0,-3.0,KAZ,19,atp_rankings_2026_03_02.csv
2026-03-02,212039,Mohammad Alkotop,2105,1,0.0,-2.0,JOR,20,atp_rankings_2026_03_02.csv
2026-03-02,210662,Marco Alvarez,2105,1,0.0,-2.0,USA,25,atp_rankings_2026_03_02.csv
2026-03-02,213047,Marcin Andrzejczak,2105,1,0.0,-2.0,POL,,atp_rankings_2026_03_02.csv
2026-03-02,210175,Nicolas Buitrago,2105,1,0.0,-2.0,COL,27,atp_rankings_2026_03_02.csv
2026-03-02,213759,Maxi Carrascosa Diaz,2105,1,,,ESP,,atp_rankings_2026_03_02.csv
2026-03-02,214094,Penn Charusorn,2105,1,0.0,-2.0,THA,18,atp_rankings_2026_03_02.csv
2026-03-02,214070,Jose Freitas,2105,1,0.0,-2.0,POR,19,atp_rankings_2026_03_02.csv
2026-03-02,207748,Hong Lin Fu,2105,1,0.0,-2.0,TPE,24,atp_rankings_2026_03_02.csv
2026-03-02,209316,Anthony Genov,2105,1,0.0,-2.0,BUL,24,atp_rankings_2026_03_02.csv
2026-03-02,213839,Santiago Giamichelle,2105,1,0.0,-2.0,ARG,22,atp_rankings_2026_03_02.csv
2026-03-02,210400,Nicolas Rafael Goldberg Alviani,2105,1,0.0,-2.0,ESP,23,atp_rankings_2026_03_02.csv
2026-03-02,208243,Seon Yong Han,2105,1,0.0,-2.0,KOR,25,atp_rankings_2026_03_02.csv
2026-03-02,213664,Vladimir Holban,2105,1,0.0,-2.0,GRE,,atp_rankings_2026_03_02.csv
2026-03-02,210422,Roan Jones,2105,1,0.0,-2.0,GBR,22,atp_rankings_2026_03_02.csv
2026-03-02,208007,Karlo Kajin,2105,1,0.0,-2.0,CRO,26,atp_rankings_2026_03_02.csv
2026-03-02,213181,Rein Koenders,2105,1,0.0,-2.0,NED,,atp_rankings_2026_03_02.csv
2026-03-02,208417,Samuil Konov,2105,1,0.0,-2.0,BUL,23,atp_rankings_2026_03_02.csv
2026-03-02,210753,Matic Kriznik,2105,1,0.0,-2.0,SLO,20,atp_rankings_2026_03_02.csv
2026-03-02,212754,Norbert Marosik,2105,1,0.0,-2.0,SVK,22,atp_rankings_2026_03_02.csv
2026-03-02,210139,Gabriel Matuszewski,2105,1,0.0,39.0,POL,21,atp_rankings_2026_03_02.csv
2026-03-02,214117,Jack Mcgary,2105,1,0.0,-58.0,USA,20,atp_rankings_2026_03_02.csv
2026-03-02,213916,Ashton Mcleod,2105,1,0.0,-2.0,AUS,18,atp_rankings_2026_03_02.csv
2026-03-02,212024,Alejandro Melero Kretzer,2105,1,0.0,-2.0,ESP,21,atp_rankings_2026_03_02.csv
2026-03-02,132433,Stefan Menichella,2105,1,0.0,-2.0,USA,31,atp_rankings_2026_03_02.csv
2026-03-02,212951,Mak Mikovic,2105,1,0.0,-2.0,SLO,19,atp_rankings_2026_03_02.csv
2026-03-02,210419,Daniele Minighini,2105,1,0.0,-2.0,ITA,21,atp_rankings_2026_03_02.csv
2026-03-02,214260,Salvador Monteiro,2105,1,0.0,-58.0,POR,18,atp_rankings_2026_03_02.csv
2026-03-02,212938,Botond Nagy,2105,1,0.0,-2.0,HUN,,atp_rankings_2026_03_02.csv
2026-03-02,212805,Saba George Nanobashvili,2105,1,0.0,-2.0,SWE,21,atp_rankings_2026_03_02.csv
2026-03-02,209137,Noppadol Noikor,2105,1,0.0,-2.0,THA,26,atp_rankings_2026_03_02.csv
2026-03-02,213958,Ramazan Kaan Oktay,2105,1,0.0,-2.0,TUR,,atp_rankings_2026_03_02.csv
2026-03-02,212764,Fabrizio Karol Pio Osti,2105,1,0.0,-2.0,ITA,20,atp_rankings_2026_03_02.csv
2026-03-02,212230,Seungmin Park,2105,1,0.0,-2.0,KOR,20,atp_rankings_2026_03_02.csv
2026-03-02,,Daniil Piatrouski,2105,1,0.0,-2.0,,,atp_rankings_2026_03_02.csv
2026-03-02,212882,Jackson Ross,2105,1,0.0,-2.0,USA,24,atp_rankings_2026_03_02.csv
2026-03-02,211493,Calin Teodor Stirbu,2105,1,0.0,-2.0,ROU,19,atp_rankings_2026_03_02.csv
2026-03-02,213813,Alexander Ushakov,2105,1,0.0,-2.0,RUS,,atp_rankings_2026_03_02.csv
2026-03-02,214028,Matei Varbanciu,2105,1,0.0,-2.0,ROU,,atp_rankings_2026_03_02.csv
2026-03-02,212469,Qiulin Wang,2105,1,0.0,-2.0,CHN,23,atp_rankings_2026_03_02.csv
2026-03-02,212220,Weitao Xu,2105,1,0.0,-2.0,CHN,20,atp_rankings_2026_03_02.csv
2026-03-02,213410,Romain Andres,2145,1,0.0,-42.0,FRA,18,atp_rankings_2026_03_02.csv
2026-03-02,211554,Suk Ann,2145,1,0.0,-1.0,KOR,,atp_rankings_2026_03_02.csv
2026-03-02,211517,Gregorio Biondolillo,2145,1,0.0,-1.0,ITA,25,atp_rankings_2026_03_02.csv
2026-03-02,211738,Jonah Braswell,2145,1,0.0,-1.0,USA,22,atp_rankings_2026_03_02.csv
2026-03-02,214014,Pedro Henrique Chabalgoity,2145,1,0.0,-1.0,BRA,,atp_rankings_2026_03_02.csv
2026-03-02,207761,Julien De Cuyper,2145,1,0.0,-1.0,FRA,26,atp_rankings_2026_03_02.csv
2026-03-02,213140,Edoardo De Filippo,2145,1,0.0,-1.0,ITA,21,atp_rankings_2026_03_02.csv
2026-03-02,208559,Rahul Dhokia,2145,1,0.0,-1.0,GBR,25,atp_rankings_2026_03_02.csv
2026-03-02,213859,Andrei Corneliu Gadoiu,2145,1,0.0,-1.0,ROU,17,atp_rankings_2026_03_02.csv
2026-03-02,212925,Alexandru Toubi Hebhang Balan,2145,1,0.0,-1.0,CAN,,atp_rankings_2026_03_02.csv
2026-03-02,208083,Adam Heinonen,2145,1,0.0,-1.0,SWE,23,atp_rankings_2026_03_02.csv
2026-03-02,212571,Jim Hendrikx,2145,1,0.0,-1.0,NED,24,atp_rankings_2026_03_02.csv
2026-03-02,210723,Liam Hignett,2145,1,0.0,-1.0,GBR,26,atp_rankings_2026_03_02.csv
2026-03-02,213928,Reid Jarvis,2145,1,0.0,-1.0,USA,,atp_rankings_2026_03_02.csv
2026-03-02,208157,Jan Jermar,2145,1,0.0,-42.0,CZE,25,atp_rankings_2026_03_02.csv
2026-03-02,210575,Jack Karlsson Wistrand,2145,1,0.0,-1.0,SWE,23,atp_rankings_2026_03_02.csv
2026-03-02,208558,Rafael Kis Balazs,2145,1,0.0,-1.0,HUN,24,atp_rankings_2026_03_02.csv
2026-03-02,200690,Yuhei Kono,2145,1,0.0,-1.0,JPN,30,atp_rankings_2026_03_02.csv
2026-03-02,212576,Valentin Kopeikin,2145,1,0.0,-1.0,RUS,24,atp_rankings_2026_03_02.csv
2026-03-02,212293,Karl Kazuma Lee,2145,1,0.0,-1.0,USA,23,atp_rankings_2026_03_02.csv
2026-03-02,213060,Adam Lynch,2145,1,0.0,-1.0,USA,,atp_rankings_2026_03_02.csv
2026-03-02,213831,Vicente Freda,2145,1,0.0,-1.0,BRA,18,atp_rankings_2026_03_02.csv
2026-03-02,213329,Matteo Mesaglio,2145,1,0.0,-1.0,ITA,21,atp_rankings_2026_03_02.csv
2026-03-02,213415,Glauco Pinheiro Da Cruz Junior,2145,1,0.0,-1.0,BRA,20,atp_rankings_2026_03_02.csv
2026-03-02,207685,Peter Sallay,2145,1,0.0,-1.0,HUN,25,atp_rankings_2026_03_02.csv
2026-03-02,214123,Elijah Sanogo,2145,1,0.0,-1.0,FRA,17,atp_rankings_2026_03_02.csv
2026-03-02,131999,Kyle Seelig,2145,1,0.0,-1.0,USA,28,atp_rankings_2026_03_02.csv
2026-03-02,213992,Lev Seidman,2145,1,0.0,-1.0,USA,18,atp_rankings_2026_03_02.csv
2026-03-02,210453,Cedric Stanke,2145,1,0.0,-1.0,GER,27,atp_rankings_2026_03_02.csv
2026-03-02,212087,Dmitrii Vasilev,2145,1,0.0,-1.0,RUS,24,atp_rankings_2026_03_02.csv
2026-03-02,126505,Antoine Walch,2145,1,0.0,-1.0,FRA,32,atp_rankings_2026_03_02.csv
2026-03-02,213758,Pablo Aunion,2176,1,,,ESP,18,atp_rankings_2026_03_02.csv
2026-03-02,212860,Dakotah Bobo,2176,1,0.0,2.0,USA,23,atp_rankings_2026_03_02.csv
2026-03-02,213393,Breno Braga,2176,1,0.0,2.0,BRA,21,atp_rankings_2026_03_02.csv
2026-03-02,200608,Andres Fernandez Canovas,2176,1,0.0,2.0,ESP,26,atp_rankings_2026_03_02.csv
2026-03-02,213376,Jeffrey Fradkin,2176,1,0.0,-32.0,USA,24,atp_rankings_2026_03_02.csv
2026-03-02,213628,Volodymyr Gurenko,2176,1,0.0,-32.0,CAN,,atp_rankings_2026_03_02.csv
2026-03-02,213970,Nicolas Hurtado Novoa,2176,1,0.0,2.0,COL,,atp_rankings_2026_03_02.csv
2026-03-02,211573,Lucky Candra Kurniawan,2176,1,0.0,2.0,INA,22,atp_rankings_2026_03_02.csv
2026-03-02,125848,Niels Lootsma,2176,1,0.0,2.0,NED,31,atp_rankings_2026_03_02.csv
2026-03-02,212825,Cian Maguire,2176,1,0.0,2.0,IRL,26,atp_rankings_2026_03_02.csv
2026-03-02,148670,Karol Malirz,2176,1,0.0,2.0,POL,23,atp_rankings_2026_03_02.csv
2026-03-02,214207,Thomas Enrique Menzel Piccioli,2176,1,0.0,2.0,CHI,18,atp_rankings_2026_03_02.csv
2026-03-02,213770,Andreas Messis,2176,1,0.0,2.0,GRE,,atp_rankings_2026_03_02.csv
2026-03-02,208239,Zhou Mingzhou,2176,1,0.0,2.0,CHN,25,atp_rankings_2026_03_02.csv
2026-03-02,211389,Manuel Mouilleron Salvo,2176,1,0.0,2.0,ARG,22,atp_rankings_2026_03_02.csv
2026-03-02,210476,Enmanuel Munoz,2176,1,0.0,2.0,DOM,21,atp_rankings_2026_03_02.csv
2026-03-02,213783,Oswaldo Alejandro Reyes Tirado,2176,1,0.0,2.0,MEX,18,atp_rankings_2026_03_02.csv
2026-03-02,210331,Alessandro Spadola,2176,1,-1.0,-363.0,ITA,22,atp_rankings_2026_03_02.csv
2026-03-02,207178,Joe Tyler,2176,1,0.0,2.0,GBR,27,atp_rankings_2026_03_02.csv
2026-03-02,202413,Lazar Vojinovic,2176,1,0.0,2.0,SRB,26,atp_rankings_2026_03_02.csv
2026-03-02,214159,Yassin Ahmed Wageh,2176,1,0.0,-32.0,EGY,17,atp_rankings_2026_03_02.csv
2026-03-02,212471,Minghui Zhang,2176,1,0.0,2.0,CHN,21,atp_rankings_2026_03_02.csv
2026-03-02,213612,Daniil Bogatov,2198,1,0.0,-2.0,RUS,,atp_rankings_2026_03_02.csv
2026-03-02,212497,Alvaro Bueno Gil,2198,1,0.0,9.0,ESP,25,atp_rankings_2026_03_02.csv
2026-03-02,210434,Charlie Camus,2198,1,-1.0,-376.0,FRA,19,atp_rankings_2026_03_02.csv
2026-03-02,211457,Sven Corbinais,2198,1,0.0,-2.0,FRA,23,atp_rankings_2026_03_02.csv
2026-03-02,212094,Liam Delicata,2198,1,0.0,9.0,MLT,24,atp_rankings_2026_03_02.csv
2026-03-02,213537,Jose Dominguez Alonso,2198,1,0.0,-2.0,ESP,,atp_rankings_2026_03_02.csv
2026-03-02,210068,Lorenzo Ferri,2198,1,0.0,-2.0,ITA,22,atp_rankings_2026_03_02.csv
2026-03-02,212638,Gregor Hausberger,2198,1,0.0,-20.0,AUT,22,atp_rankings_2026_03_02.csv
2026-03-02,213024,Ivan Iutkin,2198,1,0.0,-2.0,RUS,18,atp_rankings_2026_03_02.csv
2026-03-02,213819,Andrei Kunitsyn,2198,1,0.0,-2.0,RUS,21,atp_rankings_2026_03_02.csv
2026-03-02,213777,Savva Rybkin,2198,1,0.0,-2.0,RUS,,atp_rankings_2026_03_02.csv
2026-03-02,213161,Fredrik Krogh Solheim,2198,1,0.0,-2.0,NOR,,atp_rankings_2026_03_02.csv
2026-03-02,214170,Cagan Efe Tufecki,2198,1,0.0,-2.0,TUR,22,atp_rankings_2026_03_02.csv
2026-03-02,212103,Zhan Zheng,2198,1,0.0,-2.0,CHN,22,atp_rankings_2026_03_02.csv
2026-03-02,212786,Victor Braga,2212,1,0.0,-5.0,BRA,21,atp_rankings_2026_03_02.csv
2026-03-02,208853,Adrien Burdet,2212,1,0.0,-5.0,SUI,23,atp_rankings_2026_03_02.csv
2026-03-02,211600,Carlos Giraldi,2212,1,0.0,-5.0,ESP,20,atp_rankings_2026_03_02.csv
2026-03-02,208668,Sean Hess,2212,1,0.0,5.0,ARG,24,atp_rankings_2026_03_02.csv
2026-03-02,111772,Krittin Koaykul,2212,1,0.0,-5.0,THA,30,atp_rankings_2026_03_02.csv
2026-03-02,212716,Kyle Overmyer,2212,1,0.0,-5.0,USA,22,atp_rankings_2026_03_02.csv
2026-03-02,212945,Yong Joon Park,2212,1,0.0,-5.0,KOR,24,atp_rankings_2026_03_02.csv
2026-03-02,212164,Breno Rossetto Urvaneja,2212,1,0.0,-5.0,BRA,21,atp_rankings_2026_03_02.csv
2026-03-02,212971,Tsz Fu Wong,2212,1,0.0,-5.0,HKG,20,atp_rankings_2026_03_02.csv
2026-03-02,210417,Adrian Arcon,2221,1,0.0,-4.0,AUS,24,atp_rankings_2026_03_02.csv
2026-03-02,213775,Mateo Carballo,2221,1,0.0,-4.0,ARG,,atp_rankings_2026_03_02.csv
2026-03-02,212472,Xirui Han,2221,1,0.0,-4.0,CHN,19,atp_rankings_2026_03_02.csv
2026-03-02,207934,Philip Hjorth,2221,1,0.0,3.0,DEN,26,atp_rankings_2026_03_02.csv
2026-03-02,212593,Filip Krolo,2221,1,0.0,-4.0,GER,24,atp_rankings_2026_03_02.csv
2026-03-02,210751,Isaac Nortey,2221,1,0.0,-4.0,GHA,26,atp_rankings_2026_03_02.csv
2026-03-02,210103,Luca Parenti,2221,1,-1.0,-384.0,ITA,22,atp_rankings_2026_03_02.csv
2026-03-02,206739,Essa Qabazard,2221,1,0.0,-4.0,KUW,24,atp_rankings_2026_03_02.csv
2026-03-02,212518,Leo Deflandre,2229,1,0.0,-5.0,FRA,24,atp_rankings_2026_03_02.csv
2026-03-02,124074,Kazuma Kawachi,2229,1,0.0,-5.0,JPN,31,atp_rankings_2026_03_02.csv
2026-03-02,213582,Andrea Motta,2231,1,0.0,-4.0,ITA,,atp_rankings_2026_03_02.csv
2026-03-02,209046,Atharva Sharma,2231,1,0.0,-4.0,IND,25,atp_rankings_2026_03_02.csv
2026-03-02,208780,Kaya Arinc,2233,1,0.0,-6.0,TUR,26,atp_rankings_2026_03_02.csv
