ranking_date,player_id,player_name,atp_rank,atp_points,atp_points_change,atp_rank_change,country,age,source_file
2026-04-06,207989,Carlos Alcaraz,1,13590,0.0,0.0,ESP,22,atp_rankings_2026_04_06.csv
2026-04-06,206173,Jannik Sinner,2,12400,0.0,0.0,ITA,24,atp_rankings_2026_04_06.csv
2026-04-06,100644,Alexander Zverev,3,5205,0.0,0.0,GER,28,atp_rankings_2026_04_06.csv
2026-04-06,104925,Novak Djokovic,4,4720,0.0,0.0,SRB,38,atp_rankings_2026_04_06.csv
2026-04-06,207518,Lorenzo Musetti,5,4265,0.0,0.0,ITA,24,atp_rankings_2026_04_06.csv
2026-04-06,200282,Alex De Minaur,6,4095,0.0,0.0,AUS,27,atp_rankings_2026_04_06.csv
2026-04-06,200000,Felix Auger Aliassime,7,4000,0.0,0.0,CAN,25,atp_rankings_2026_04_06.csv
2026-04-06,210097,Ben Shelton,8,3900,40.0,1.0,USA,23,atp_rankings_2026_04_06.csv
2026-04-06,126203,Taylor Fritz,9,3870,0.0,-1.0,USA,28,atp_rankings_2026_04_06.csv
2026-04-06,106421,Daniil Medvedev,10,3610,0.0,0.0,RUS,30,atp_rankings_2026_04_06.csv
2026-04-06,122330,Alexander Bublik,11,3345,0.0,0.0,KAZ,28,atp_rankings_2026_04_06.csv
2026-04-06,134770,Casper Ruud,12,2625,0.0,0.0,NOR,27,atp_rankings_2026_04_06.csv
2026-04-06,208103,Jiri Lehecka,13,2490,0.0,1.0,CZE,24,atp_rankings_2026_04_06.csv
2026-04-06,111575,Karen Khachanov,14,2410,0.0,1.0,RUS,29,atp_rankings_2026_04_06.csv
2026-04-06,126094,Andrey Rublev,15,2400,0.0,1.0,RUS,28,atp_rankings_2026_04_06.csv
2026-04-06,207925,Flavio Cobolli,16,2320,-200.0,-3.0,ITA,23,atp_rankings_2026_04_06.csv
2026-04-06,200221,Alejandro Davidovich Fokina,17,2220,0.0,0.0,ESP,26,atp_rankings_2026_04_06.csv
2026-04-06,126205,Tommy Paul,18,2065,150.0,3.0,USA,28,atp_rankings_2026_04_06.csv
2026-04-06,202103,Francisco Cerundolo,19,2020,0.0,1.0,ARG,27,atp_rankings_2026_04_06.csv
2026-04-06,126207,Frances Tiafoe,20,2005,-65.0,-2.0,USA,28,atp_rankings_2026_04_06.csv
2026-04-06,209260,Luciano Darderi,21,1920,-130.0,-2.0,ITA,24,atp_rankings_2026_04_06.csv
2026-04-06,210530,Learner Tien,22,1885,40.0,0.0,USA,20,atp_rankings_2026_04_06.csv
2026-04-06,200473,Valentin Vacherot,23,1818,-13.0,0.0,MON,27,atp_rankings_2026_04_06.csv
2026-04-06,111815,Cameron Norrie,24,1753,0.0,0.0,GBR,30,atp_rankings_2026_04_06.csv
2026-04-06,207733,Jack Draper,25,1710,0.0,0.0,GBR,24,atp_rankings_2026_04_06.csv
2026-04-06,210084,Jakub Mensik,26,1700,0.0,0.0,CZE,20,atp_rankings_2026_04_06.csv
2026-04-06,126239,Arthur Rinderknech,27,1651,0.0,0.0,FRA,30,atp_rankings_2026_04_06.csv
2026-04-06,209950,Arthur Fils,28,1640,0.0,0.0,FRA,21,atp_rankings_2026_04_06.csv
2026-04-06,208029,Holger Rune,29,1630,0.0,0.0,DEN,22,atp_rankings_2026_04_06.csv
2026-04-06,144869,Tomas Martin Etcheverry,30,1540,40.0,1.0,ARG,26,atp_rankings_2026_04_06.csv
2026-04-06,144895,Corentin Moutet,31,1433,30.0,1.0,FRA,26,atp_rankings_2026_04_06.csv
2026-04-06,134868,Tallon Griekspoor,32,1430,-155.0,-2.0,NED,29,atp_rankings_2026_04_06.csv
2026-04-06,206909,Brandon Nakashima,33,1385,-10.0,0.0,USA,24,atp_rankings_2026_04_06.csv
2026-04-06,200005,Ugo Humbert,34,1320,0.0,0.0,FRA,27,atp_rankings_2026_04_06.csv
2026-04-06,210506,Alex Michelsen,35,1200,-25.0,0.0,USA,21,atp_rankings_2026_04_06.csv
2026-04-06,209113,Gabriel Diallo,36,1175,0.0,0.0,CAN,24,atp_rankings_2026_04_06.csv
2026-04-06,144719,Jaume Munar,37,1175,0.0,0.0,ESP,28,atp_rankings_2026_04_06.csv
2026-04-06,133430,Denis Shapovalov,38,1120,0.0,0.0,CAN,26,atp_rankings_2026_04_06.csv
2026-04-06,126214,Alejandro Tabilo,39,1118,0.0,0.0,CHI,28,atp_rankings_2026_04_06.csv
2026-04-06,211663,Joao Fonseca,40,1115,0.0,0.0,BRA,19,atp_rankings_2026_04_06.csv
2026-04-06,200624,Sebastian Korda,41,1100,0.0,1.0,USA,25,atp_rankings_2026_04_06.csv
2026-04-06,208363,Mariano Navone,42,1100,240.0,18.0,ARG,25,atp_rankings_2026_04_06.csv
2026-04-06,206681,Fabian Marozsan,43,1095,90.0,4.0,HUN,26,atp_rankings_2026_04_06.csv
2026-04-06,200615,Alexei Popyrin,44,1060,50.0,1.0,AUS,26,atp_rankings_2026_04_06.csv
2026-04-06,209279,Terence Atmane,45,1058,0.0,-1.0,FRA,24,atp_rankings_2026_04_06.csv
2026-04-06,105173,Adrian Mannarino,46,1050,-32.0,-3.0,FRA,37,atp_rankings_2026_04_06.csv
2026-04-06,200267,Zizou Bergs,47,1010,0.0,-1.0,BEL,26,atp_rankings_2026_04_06.csv
2026-04-06,126774,Stefanos Tsitsipas,48,995,0.0,1.0,GRE,27,atp_rankings_2026_04_06.csv
2026-04-06,127157,Daniel Altmaier,49,994,34.0,3.0,GER,27,atp_rankings_2026_04_06.csv
2026-04-06,132686,Nuno Borges,50,970,-25.0,-2.0,POR,29,atp_rankings_2026_04_06.csv
2026-04-06,105227,Marin Cilic,51,950,0.0,3.0,CRO,37,atp_rankings_2026_04_06.csv
2026-04-06,122298,Botic Van De Zandschulp,52,931,90.0,10.0,NED,30,atp_rankings_2026_04_06.csv
2026-04-06,207830,Tomas Machac,53,930,0.0,2.0,CZE,25,atp_rankings_2026_04_06.csv
2026-04-06,210319,Ethan Quinn,54,911,-15.0,2.0,USA,22,atp_rankings_2026_04_06.csv
2026-04-06,105870,Yannick Hanfmann,55,899,42.0,6.0,GER,34,atp_rankings_2026_04_06.csv
2026-04-06,208659,Giovanni Mpetshi Perricard,56,890,0.0,1.0,FRA,22,atp_rankings_2026_04_06.csv
2026-04-06,212588,Rafael Jodar,57,886,234.0,32.0,ESP,19,atp_rankings_2026_04_06.csv
2026-04-06,105916,Marton Fucsovics,58,877,-100.0,-7.0,HUN,34,atp_rankings_2026_04_06.csv
2026-04-06,200175,Miomir Kecmanovic,59,875,0.0,-1.0,SRB,26,atp_rankings_2026_04_06.csv
2026-04-06,111794,Kamil Majchrzak,60,867,-88.0,-7.0,POL,30,atp_rankings_2026_04_06.csv
2026-04-06,209860,Ignacio Buse,61,864,0.0,-2.0,PER,22,atp_rankings_2026_04_06.csv
2026-04-06,208882,Roman Andres Burruchaga,62,860,157.0,15.0,ARG,24,atp_rankings_2026_04_06.csv
2026-04-06,200116,Camilo Ugo Carabelli,63,855,75.0,4.0,ARG,26,atp_rankings_2026_04_06.csv
2026-04-06,202385,Jenson Brooksby,64,852,-263.0,-23.0,USA,25,atp_rankings_2026_04_06.csv
2026-04-06,202104,Sebastian Baez,65,840,-140.0,-15.0,ARG,25,atp_rankings_2026_04_06.csv
2026-04-06,132283,Lorenzo Sonego,66,810,0.0,-3.0,ITA,30,atp_rankings_2026_04_06.csv
2026-04-06,124187,Reilly Opelka,67,803,0.0,-3.0,USA,28,atp_rankings_2026_04_06.csv
2026-04-06,209920,Raphael Collignon,68,793,-9.0,-3.0,BEL,24,atp_rankings_2026_04_06.csv
2026-04-06,106218,Marcos Giron,69,790,0.0,-3.0,USA,32,atp_rankings_2026_04_06.csv
2026-04-06,209070,Arthur Cazaux,70,777,0.0,-2.0,FRA,23,atp_rankings_2026_04_06.csv
2026-04-06,207678,Juan Manuel Cerundolo,71,773,-3.0,-2.0,ARG,24,atp_rankings_2026_04_06.csv
2026-04-06,202058,Thiago Agustin Tirante,72,765,92.0,11.0,ARG,24,atp_rankings_2026_04_06.csv
2026-04-06,208316,Valentin Royer,73,751,-10.0,-2.0,FRA,24,atp_rankings_2026_04_06.csv
2026-04-06,128034,Hubert Hurkacz,74,745,0.0,-2.0,POL,29,atp_rankings_2026_04_06.csv
2026-04-06,200240,Vit Kopriva,75,738,-25.0,-5.0,CZE,28,atp_rankings_2026_04_06.csv
2026-04-06,105477,Marco Trungelliti,76,732,171.0,41.0,ARG,36,atp_rankings_2026_04_06.csv
2026-04-06,207686,Alexander Shevchenko,77,727,11.0,-1.0,KAZ,25,atp_rankings_2026_04_06.csv
2026-04-06,105526,Jan Lennard Struff,78,719,0.0,-3.0,GER,35,atp_rankings_2026_04_06.csv
2026-04-06,208233,Mattia Bellucci,79,715,-25.0,-6.0,ITA,24,atp_rankings_2026_04_06.csv
2026-04-06,208118,Eliot Spizzirri,80,688,0.0,-1.0,USA,24,atp_rankings_2026_04_06.csv
2026-04-06,106000,Damir Dzumhur,81,681,-50.0,-7.0,BIH,33,atp_rankings_2026_04_06.csv
2026-04-06,124116,Sebastian Ofner,82,680,-14.0,-4.0,AUT,29,atp_rankings_2026_04_06.csv
2026-04-06,209098,Hamad Medjedovic,83,680,0.0,-2.0,SRB,22,atp_rankings_2026_04_06.csv
2026-04-06,208260,Zachary Svajda,84,674,0.0,-2.0,USA,23,atp_rankings_2026_04_06.csv
2026-04-06,105138,Roberto Bautista Agut,85,673,-12.0,-5.0,ESP,37,atp_rankings_2026_04_06.csv
2026-04-06,105902,James Duckworth,86,672,32.0,9.0,AUS,34,atp_rankings_2026_04_06.csv
2026-04-06,126846,Aleksandar Vukic,87,663,0.0,-3.0,AUS,30,atp_rankings_2026_04_06.csv
2026-04-06,124186,Alexandre Muller,88,651,6.0,6.0,FRA,29,atp_rankings_2026_04_06.csv
2026-04-06,111460,Quentin Halys,89,650,0.0,1.0,FRA,29,atp_rankings_2026_04_06.csv
2026-04-06,126610,Matteo Berrettini,90,650,0.0,1.0,ITA,29,atp_rankings_2026_04_06.csv
2026-04-06,210696,Alexander Blockx,91,649,0.0,1.0,BEL,20,atp_rankings_2026_04_06.csv
2026-04-06,105807,Pablo Carreno Busta,92,647,-12.0,-4.0,ESP,34,atp_rankings_2026_04_06.csv
2026-04-06,105777,Grigor Dimitrov,93,645,0.0,0.0,BUL,34,atp_rankings_2026_04_06.csv
2026-04-06,209414,Luca Van Assche,94,644,43.0,15.0,FRA,21,atp_rankings_2026_04_06.csv
2026-04-06,200516,Patrick Kypson,95,640,0.0,1.0,USA,26,atp_rankings_2026_04_06.csv
2026-04-06,209226,Adolfo Daniel Vallejo,96,640,19.0,5.0,PAR,21,atp_rankings_2026_04_06.csv
2026-04-06,207985,Jacob Fearnley,97,639,0.0,0.0,GBR,24,atp_rankings_2026_04_06.csv
2026-04-06,206499,Aleksandar Kovacevic,98,636,-25.0,-13.0,USA,27,atp_rankings_2026_04_06.csv
2026-04-06,207681,Francisco Comesana,99,634,-25.0,-12.0,ARG,25,atp_rankings_2026_04_06.csv
2026-04-06,208014,Rinky Hijikata,100,632,13.0,2.0,AUS,25,atp_rankings_2026_04_06.csv
2026-04-06,210017,Daniel Merida Aguilar,101,625,167.0,35.0,ESP,21,atp_rankings_2026_04_06.csv
2026-04-06,126127,Benjamin Bonzi,102,616,0.0,1.0,FRA,29,atp_rankings_2026_04_06.csv
2026-04-06,207182,Emilio Nava,103,615,0.0,1.0,USA,24,atp_rankings_2026_04_06.csv
2026-04-06,104527,Stan Wawrinka,104,608,-25.0,-6.0,SUI,41,atp_rankings_2026_04_06.csv
2026-04-06,211776,Martin Landaluce,105,607,0.0,1.0,ESP,20,atp_rankings_2026_04_06.csv
2026-04-06,209976,Dino Prizmic,106,606,21.0,6.0,CRO,20,atp_rankings_2026_04_06.csv
2026-04-06,208286,Matteo Arnaldi,107,605,0.0,0.0,ITA,25,atp_rankings_2026_04_06.csv
2026-04-06,207411,Jesper De Jong,108,600,-25.0,-9.0,NED,25,atp_rankings_2026_04_06.csv
2026-04-06,106426,Cristian Garin,109,599,-25.0,-9.0,CHI,29,atp_rankings_2026_04_06.csv
2026-04-06,209209,Filip Misolic,110,597,-63.0,-24.0,AUT,24,atp_rankings_2026_04_06.csv
2026-04-06,200443,Adam Walton,111,595,-19.0,-6.0,AUS,26,atp_rankings_2026_04_06.csv
2026-04-06,200647,Sho Shimabukuro,112,588,0.0,-1.0,JPN,28,atp_rankings_2026_04_06.csv
2026-04-06,208353,Francesco Maestrelli,113,577,0.0,1.0,ITA,23,atp_rankings_2026_04_06.csv
2026-04-06,208169,Titouan Droguet,114,571,43.0,8.0,FRA,24,atp_rankings_2026_04_06.csv
2026-04-06,200059,Yibing Wu,115,559,0.0,3.0,CHN,26,atp_rankings_2026_04_06.csv
2026-04-06,209262,Tristan Schoolkate,116,550,14.0,3.0,AUS,25,atp_rankings_2026_04_06.csv
2026-04-06,200384,Hugo Gaston,117,549,-15.0,-1.0,FRA,25,atp_rankings_2026_04_06.csv
2026-04-06,123828,Jan Choinski,118,533,-1.0,2.0,GBR,29,atp_rankings_2026_04_06.csv
2026-04-06,124079,Pedro Martinez,119,530,-50.0,-6.0,ESP,28,atp_rankings_2026_04_06.csv
2026-04-06,126535,Carlos Taberner,120,519,-14.0,1.0,ESP,28,atp_rankings_2026_04_06.csv
2026-04-06,207494,Dalibor Svrcina,121,516,-75.0,-11.0,CZE,23,atp_rankings_2026_04_06.csv
2026-04-06,209147,Vilius Gaubas,122,510,-93.0,-14.0,LTU,21,atp_rankings_2026_04_06.csv
2026-04-06,144642,Tomas Barrios Vera,123,508,-63.0,-8.0,CHI,28,atp_rankings_2026_04_06.csv
2026-04-06,105932,Nikoloz Basilashvili,124,506,13.0,5.0,GEO,34,atp_rankings_2026_04_06.csv
2026-04-06,209409,Coleman Wong,125,503,0.0,-1.0,HKG,21,atp_rankings_2026_04_06.csv
2026-04-06,111456,Mackenzie Mcdonald,126,501,0.0,-1.0,USA,30,atp_rankings_2026_04_06.csv
2026-04-06,102093,Martin Damm,127,499,0.0,-1.0,USA,22,atp_rankings_2026_04_06.csv
2026-04-06,105583,Dusan Lajovic,128,499,13.0,4.0,SRB,35,atp_rankings_2026_04_06.csv
2026-04-06,210012,Henrique Rocha,129,496,13.0,4.0,POR,22,atp_rankings_2026_04_06.csv
2026-04-06,208278,Shintaro Mochizuki,130,495,0.0,-3.0,JPN,22,atp_rankings_2026_04_06.csv
2026-04-06,209284,Elmer Moller,131,489,11.0,3.0,DEN,22,atp_rankings_2026_04_06.csv
2026-04-06,111442,Jordan Thompson,132,488,0.0,-1.0,AUS,31,atp_rankings_2026_04_06.csv
2026-04-06,202261,Otto Virtanen,133,487,-25.0,-10.0,FIN,24,atp_rankings_2026_04_06.csv
2026-04-06,126504,Andrea Pellegrino,134,484,-6.0,-4.0,ITA,29,atp_rankings_2026_04_06.csv
2026-04-06,208013,Dane Sweeny,135,462,0.0,0.0,AUS,25,atp_rankings_2026_04_06.csv
2026-04-06,209957,Jack Pinnington Jones,136,461,5.0,2.0,GBR,23,atp_rankings_2026_04_06.csv
2026-04-06,210338,Arthur Gea,137,454,-3.0,0.0,FRA,21,atp_rankings_2026_04_06.csv
2026-04-06,127339,Borna Gojo,138,453,0.0,1.0,CRO,28,atp_rankings_2026_04_06.csv
2026-04-06,149282,Nicolai Budkov Kjaer,139,451,7.0,2.0,NOR,19,atp_rankings_2026_04_06.csv
2026-04-06,208134,Luca Nardi,140,444,0.0,0.0,ITA,22,atp_rankings_2026_04_06.csv
2026-04-06,105882,Stefano Travaglia,141,444,0.0,1.0,ITA,34,atp_rankings_2026_04_06.csv
2026-04-06,106331,Christopher Oconnell,142,443,-50.0,-14.0,AUS,31,atp_rankings_2026_04_06.csv
2026-04-06,210262,Jaime Faria,143,443,0.0,0.0,POR,22,atp_rankings_2026_04_06.csv
2026-04-06,208119,Liam Draxl,144,442,12.0,3.0,CAN,24,atp_rankings_2026_04_06.csv
2026-04-06,121411,Moez Echargui,145,441,6.0,-1.0,TUN,33,atp_rankings_2026_04_06.csv
2026-04-06,208210,Chris Rodesch,146,434,0.0,-1.0,LUX,24,atp_rankings_2026_04_06.csv
2026-04-06,208859,Francesco Passaro,147,431,0.0,-1.0,ITA,25,atp_rankings_2026_04_06.csv
2026-04-06,126129,Billy Harris,148,426,0.0,0.0,GBR,31,atp_rankings_2026_04_06.csv
2026-04-06,208021,Kyrian Jacquet,149,423,0.0,0.0,FRA,24,atp_rankings_2026_04_06.csv
2026-04-06,200711,Nicolas Mejia,150,423,69.0,21.0,COL,26,atp_rankings_2026_04_06.csv
2026-04-06,210116,Michael Zheng,151,414,0.0,-1.0,USA,22,atp_rankings_2026_04_06.csv
2026-04-06,208010,Pablo Llamas Ruiz,152,414,0.0,-1.0,ESP,23,atp_rankings_2026_04_06.csv
2026-04-06,144750,Lloyd Harris,153,413,7.0,-1.0,RSA,29,atp_rankings_2026_04_06.csv
2026-04-06,106109,Alex Bolt,154,407,38.0,11.0,AUS,33,atp_rankings_2026_04_06.csv
2026-04-06,106198,Hugo Dellien,155,397,19.0,5.0,BOL,32,atp_rankings_2026_04_06.csv
2026-04-06,111797,Nicolas Jarry,156,391,0.0,-2.0,CHI,30,atp_rankings_2026_04_06.csv
2026-04-06,127760,Lukas Klein,157,386,0.0,-2.0,SVK,28,atp_rankings_2026_04_06.csv
2026-04-06,202358,Chun Hsin Tseng,158,383,0.0,-2.0,TPE,24,atp_rankings_2026_04_06.csv
2026-04-06,207352,Bu Yunchaokete,159,382,0.0,-1.0,CHN,24,atp_rankings_2026_04_06.csv
2026-04-06,200259,Ugo Blanchet,160,381,-1.0,-3.0,FRA,27,atp_rankings_2026_04_06.csv
2026-04-06,200436,Zsombor Piros,161,378,-18.0,-8.0,HUN,26,atp_rankings_2026_04_06.csv
2026-04-06,210136,Mark Lajal,162,377,0.0,-1.0,EST,22,atp_rankings_2026_04_06.csv
2026-04-06,144684,Alex Molcan,163,376,62.0,26.0,SVK,28,atp_rankings_2026_04_06.csv
2026-04-06,206748,Giulio Zeppieri,164,374,0.0,-2.0,ITA,24,atp_rankings_2026_04_06.csv
2026-04-06,210536,Rei Sakamoto,165,373,7.0,1.0,JPN,19,atp_rankings_2026_04_06.csv
2026-04-06,209259,Arthur Fery,166,372,0.0,-3.0,GBR,23,atp_rankings_2026_04_06.csv
2026-04-06,209875,Alex Barrena,167,362,0.0,0.0,ARG,23,atp_rankings_2026_04_06.csv
2026-04-06,209857,Leandro Riedi,168,359,0.0,0.0,SUI,24,atp_rankings_2026_04_06.csv
2026-04-06,210389,Toby Samuel,169,358,6.0,3.0,GBR,23,atp_rankings_2026_04_06.csv
2026-04-06,208843,Jerome Kym,170,354,0.0,0.0,SUI,23,atp_rankings_2026_04_06.csv
2026-04-06,106415,Yoshihito Nishioka,171,351,0.0,2.0,JPN,30,atp_rankings_2026_04_06.csv
2026-04-06,111200,Elias Ymer,172,349,0.0,3.0,SWE,29,atp_rankings_2026_04_06.csv
2026-04-06,144870,Federico Agustin Gomez,173,344,13.0,9.0,ARG,29,atp_rankings_2026_04_06.csv
2026-04-06,212082,Joel Schwaerzler,174,342,1.0,3.0,AUT,20,atp_rankings_2026_04_06.csv
2026-04-06,209911,Guy Den Ouden,175,341,0.0,1.0,NED,23,atp_rankings_2026_04_06.csv
2026-04-06,200514,Jurij Rodionov,176,341,1.0,2.0,AUT,26,atp_rankings_2026_04_06.csv
2026-04-06,105676,David Goffin,177,335,0.0,2.0,BEL,35,atp_rankings_2026_04_06.csv
2026-04-06,210053,Luka Mikrut,178,335,-15.0,-4.0,CRO,21,atp_rankings_2026_04_06.csv
2026-04-06,206889,Clement Chidekh,179,334,0.0,2.0,FRA,24,atp_rankings_2026_04_06.csv
2026-04-06,126964,Vitaliy Sachko,180,332,-26.0,-11.0,UKR,28,atp_rankings_2026_04_06.csv
2026-04-06,210460,Nishesh Basavareddy,181,331,25.0,12.0,USA,20,atp_rankings_2026_04_06.csv
2026-04-06,144645,Zdenek Kolar,182,331,0.0,1.0,CZE,29,atp_rankings_2026_04_06.csv
2026-04-06,207680,Facundo Diaz Acosta,183,330,75.0,39.0,ARG,25,atp_rankings_2026_04_06.csv
2026-04-06,206750,Daniil Glinka,184,330,2.0,0.0,EST,25,atp_rankings_2026_04_06.csv
2026-04-06,208004,Harold Mayot,185,328,-7.0,-5.0,FRA,24,atp_rankings_2026_04_06.csv
2026-04-06,211514,Justin Engel,186,323,6.0,0.0,GER,18,atp_rankings_2026_04_06.csv
2026-04-06,202127,Clement Tabur,187,322,6.0,0.0,FRA,26,atp_rankings_2026_04_06.csv
2026-04-06,106065,Marco Cecchinato,188,318,2.0,0.0,ITA,33,atp_rankings_2026_04_06.csv
2026-04-06,106071,Bernard Tomic,189,314,0.0,1.0,AUS,33,atp_rankings_2026_04_06.csv
2026-04-06,200416,August Holmgren,190,311,0.0,1.0,DEN,27,atp_rankings_2026_04_06.csv
2026-04-06,126652,Jay Clarke,191,311,-9.0,-6.0,GBR,27,atp_rankings_2026_04_06.csv
2026-04-06,209261,Matteo Gigante,192,310,0.0,0.0,ITA,24,atp_rankings_2026_04_06.csv
2026-04-06,212256,Colton Smith,193,308,-63.0,-29.0,USA,23,atp_rankings_2026_04_06.csv
2026-04-06,209903,Lukas Neumayer,194,303,50.0,30.0,AUT,23,atp_rankings_2026_04_06.csv
2026-04-06,126663,Juan Pablo Ficovich,195,298,0.0,3.0,ARG,29,atp_rankings_2026_04_06.csv
2026-04-06,210178,Juan Carlos Prado Angelo,196,297,-6.0,-1.0,BOL,21,atp_rankings_2026_04_06.csv
2026-04-06,144821,Genaro Alberto Olivieri,197,293,0.0,4.0,ARG,27,atp_rankings_2026_04_06.csv
2026-04-06,207608,Timofey Skatov,198,292,0.0,4.0,KAZ,25,atp_rankings_2026_04_06.csv
2026-04-06,104792,Gael Monfils,199,290,0.0,4.0,FRA,39,atp_rankings_2026_04_06.csv
2026-04-06,202146,Luka Pavlovic,200,290,6.0,9.0,FRA,26,atp_rankings_2026_04_06.csv
2026-04-06,111513,Laslo Djere,201,288,0.0,3.0,SRB,30,atp_rankings_2026_04_06.csv
2026-04-06,105554,Daniel Evans,202,288,-12.0,-5.0,GBR,35,atp_rankings_2026_04_06.csv
2026-04-06,200329,Remy Bertola,203,288,2.0,4.0,SUI,27,atp_rankings_2026_04_06.csv
2026-04-06,106148,Roberto Carballes Baena,204,286,-93.0,-45.0,ESP,33,atp_rankings_2026_04_06.csv
2026-04-06,200008,Alexis Galarneau,205,286,-15.0,-9.0,CAN,27,atp_rankings_2026_04_06.csv
2026-04-06,210748,Federico Cina,206,285,0.0,2.0,ITA,19,atp_rankings_2026_04_06.csv
2026-04-06,212063,Matej Dodig,207,285,-12.0,-8.0,CRO,20,atp_rankings_2026_04_06.csv
2026-04-06,211451,Gilles Arnaud Bailly,208,284,-4.0,-3.0,BEL,20,atp_rankings_2026_04_06.csv
2026-04-06,105841,Lorenzo Giustino,209,283,0.0,1.0,ITA,34,atp_rankings_2026_04_06.csv
2026-04-06,208852,Stefanos Sakellaridis,210,282,30.0,15.0,GRE,21,atp_rankings_2026_04_06.csv
2026-04-06,208293,Gonzalo Bueno,211,281,-6.0,-5.0,PER,22,atp_rankings_2026_04_06.csv
2026-04-06,126409,Hugo Grenier,212,280,0.0,1.0,FRA,30,atp_rankings_2026_04_06.csv
2026-04-06,200385,Dan Added,213,276,-21.0,-13.0,FRA,26,atp_rankings_2026_04_06.csv
2026-04-06,206307,Joao Lucas Reis Da Silva,214,275,-6.0,-2.0,BRA,26,atp_rankings_2026_04_06.csv
2026-04-06,200318,Yu Hsiou Hsu,215,273,2.0,1.0,TPE,27,atp_rankings_2026_04_06.csv
2026-04-06,200610,Oliver Crawford,216,272,0.0,-2.0,GBR,26,atp_rankings_2026_04_06.csv
2026-04-06,200677,Rio Noguchi,217,271,0.0,-2.0,JPN,27,atp_rankings_2026_04_06.csv
2026-04-06,105732,Pierre Hugues Herbert,218,266,-38.0,-24.0,FRA,35,atp_rankings_2026_04_06.csv
2026-04-06,200748,Andres Andrade,219,260,1.0,-1.0,ECU,27,atp_rankings_2026_04_06.csv
2026-04-06,212044,Yi Zhou,220,259,4.0,3.0,CHN,21,atp_rankings_2026_04_06.csv
2026-04-06,209899,Ilia Simakin,221,257,0.0,-1.0,RUS,22,atp_rankings_2026_04_06.csv
2026-04-06,106432,Borna Coric,222,255,0.0,-1.0,CRO,29,atp_rankings_2026_04_06.csv
2026-04-06,210297,Lautaro Midon,223,255,-13.0,-6.0,ARG,22,atp_rankings_2026_04_06.csv
2026-04-06,208269,Felix Gill,224,247,19.0,18.0,GBR,23,atp_rankings_2026_04_06.csv
2026-04-06,106293,Kimmer Coppejans,225,245,8.0,7.0,BEL,32,atp_rankings_2026_04_06.csv
2026-04-06,208223,Alvaro Guillen Meza,226,244,-38.0,-15.0,ECU,23,atp_rankings_2026_04_06.csv
2026-04-06,210167,Tom Gentzsch,227,244,0.0,1.0,GER,22,atp_rankings_2026_04_06.csv
2026-04-06,211533,Gianluca Cadenasso,228,243,-1.0,-1.0,ITA,21,atp_rankings_2026_04_06.csv
2026-04-06,126128,Roman Safiullin,229,242,0.0,0.0,RUS,28,atp_rankings_2026_04_06.csv
2026-04-06,106186,Jason Kubler,230,240,0.0,0.0,AUS,32,atp_rankings_2026_04_06.csv
2026-04-06,144973,Santiago Fa Rodriguez Taverna,231,240,-8.0,-5.0,ARG,26,atp_rankings_2026_04_06.csv
2026-04-06,105911,Andrea Collarini,232,236,-2.0,-1.0,ARG,34,atp_rankings_2026_04_06.csv
2026-04-06,208279,Alejandro Moro Canas,233,234,1.0,1.0,ESP,25,atp_rankings_2026_04_06.csv
2026-04-06,133297,Yosuke Watanuki,234,233,0.0,-1.0,JPN,27,atp_rankings_2026_04_06.csv
2026-04-06,111187,Kaichi Uchida,235,233,0.0,0.0,JPN,31,atp_rankings_2026_04_06.csv
2026-04-06,106393,Frederico Ferreira Silva,236,231,0.0,1.0,POR,31,atp_rankings_2026_04_06.csv
2026-04-06,207784,Harry Wendelken,237,231,22.0,22.0,GBR,24,atp_rankings_2026_04_06.csv
2026-04-06,208069,Max Houkes,238,231,0.0,0.0,NED,25,atp_rankings_2026_04_06.csv
2026-04-06,210317,James Mccabe,239,230,0.0,0.0,AUS,22,atp_rankings_2026_04_06.csv
2026-04-06,111190,Zhizhen Zhang,240,230,25.0,23.0,CHN,29,atp_rankings_2026_04_06.csv
2026-04-06,208046,Pedro Boscardin Dias,241,229,0.0,-1.0,BRA,23,atp_rankings_2026_04_06.csv
2026-04-06,207729,Tristan Boyer,242,228,0.0,-1.0,USA,24,atp_rankings_2026_04_06.csv
2026-04-06,123755,Daniel Elahi Galan,243,226,0.0,0.0,COL,29,atp_rankings_2026_04_06.csv
2026-04-06,206904,Gauthier Onclin,244,225,7.0,3.0,BEL,25,atp_rankings_2026_04_06.csv
2026-04-06,207785,George Loffhagen,245,223,-8.0,-9.0,GBR,24,atp_rankings_2026_04_06.csv
2026-04-06,200277,Charles Broom,246,223,0.0,-2.0,GBR,27,atp_rankings_2026_04_06.csv
2026-04-06,106281,Liam Broady,247,223,35.0,31.0,GBR,32,atp_rankings_2026_04_06.csv
2026-04-06,205734,Thiago Seyboth Wild,248,222,0.0,-3.0,BRA,26,atp_rankings_2026_04_06.csv
2026-04-06,123983,Nerman Fatic,249,222,6.0,-1.0,BIH,31,atp_rankings_2026_04_06.csv
2026-04-06,209326,Murphy Cassone,250,216,0.0,-1.0,USA,23,atp_rankings_2026_04_06.csv
2026-04-06,111806,Fajing Sun,251,214,0.0,1.0,CHN,29,atp_rankings_2026_04_06.csv
2026-04-06,200587,Brandon Holt,252,213,0.0,2.0,USA,28,atp_rankings_2026_04_06.csv
2026-04-06,202260,Henri Squire,253,213,0.0,2.0,GER,25,atp_rankings_2026_04_06.csv
2026-04-06,210464,Darwin Blanch,254,212,-1.0,-1.0,USA,18,atp_rankings_2026_04_06.csv
2026-04-06,134840,Raul Brancaccio,255,212,84.0,124.0,ITA,28,atp_rankings_2026_04_06.csv
2026-04-06,111581,Michael Mmoh,256,211,0.0,0.0,USA,28,atp_rankings_2026_04_06.csv
2026-04-06,209916,Marko Topo,257,208,-2.0,0.0,GER,22,atp_rankings_2026_04_06.csv
2026-04-06,212309,Diego Dedura Palomero,258,207,2.0,6.0,GER,18,atp_rankings_2026_04_06.csv
2026-04-06,123809,Ivan Gakhov,259,206,3.0,7.0,RUS,29,atp_rankings_2026_04_06.csv
2026-04-06,209992,Juncheng Shang,260,205,0.0,2.0,CHN,21,atp_rankings_2026_04_06.csv
2026-04-06,207415,Daniel Michalski,261,205,0.0,4.0,POL,26,atp_rankings_2026_04_06.csv
2026-04-06,208361,Gustavo Heide,262,203,22.0,23.0,BRA,24,atp_rankings_2026_04_06.csv
2026-04-06,211346,Andres Martin,263,203,-12.0,-13.0,USA,24,atp_rankings_2026_04_06.csv
2026-04-06,209849,Sascha Gueymard Wayenburg,264,203,-7.0,-6.0,FRA,22,atp_rankings_2026_04_06.csv
2026-04-06,111578,Stefan Kozlov,265,201,-6.0,-5.0,USA,28,atp_rankings_2026_04_06.csv
2026-04-06,106283,Mitchell Krueger,266,201,-13.0,-15.0,USA,32,atp_rankings_2026_04_06.csv
2026-04-06,202262,Filip Cristian Jianu,267,200,-19.0,-21.0,ROU,24,atp_rankings_2026_04_06.csv
2026-04-06,210220,Edas Butvilas,268,199,0.0,1.0,LTU,21,atp_rankings_2026_04_06.csv
2026-04-06,207815,Guido Ivan Justo,269,198,0.0,1.0,ARG,28,atp_rankings_2026_04_06.csv
2026-04-06,210202,Rodrigo Pacheco Mendez,270,196,10.0,10.0,MEX,20,atp_rankings_2026_04_06.csv
2026-04-06,208902,Johannus Monday,271,195,-1.0,1.0,GBR,24,atp_rankings_2026_04_06.csv
2026-04-06,207732,Miguel Damas,272,195,3.0,2.0,ESP,26,atp_rankings_2026_04_06.csv
2026-04-06,208364,Franco Roncadelli,273,194,-6.0,-6.0,URU,26,atp_rankings_2026_04_06.csv
2026-04-06,106329,Thiago Monteiro,274,191,0.0,1.0,BRA,31,atp_rankings_2026_04_06.csv
2026-04-06,106034,Yasutaka Uchiyama,275,191,0.0,1.0,JPN,33,atp_rankings_2026_04_06.csv
2026-04-06,202147,Florent Bax,276,191,-1.0,-3.0,FRA,26,atp_rankings_2026_04_06.csv
2026-04-06,209405,Daniel Rincon,277,189,18.0,22.0,ESP,23,atp_rankings_2026_04_06.csv
2026-04-06,105062,Mikhail Kukushkin,278,187,0.0,1.0,KAZ,38,atp_rankings_2026_04_06.csv
2026-04-06,206703,Paul Jubb,279,187,3.0,5.0,GBR,26,atp_rankings_2026_04_06.csv
2026-04-06,209131,Eliakim Coulibaly,280,185,0.0,2.0,CIV,23,atp_rankings_2026_04_06.csv
2026-04-06,212020,Michele Ribecai,281,185,45.0,69.0,ITA,23,atp_rankings_2026_04_06.csv
2026-04-06,106162,Franco Agamenone,282,184,0.0,1.0,ITA,32,atp_rankings_2026_04_06.csv
2026-04-06,144817,Marc Andrea Huesler,283,183,-75.0,-64.0,SUI,29,atp_rankings_2026_04_06.csv
2026-04-06,207663,Nikolas Sanchez Izquierdo,284,182,-24.0,-23.0,ESP,27,atp_rankings_2026_04_06.csv
2026-04-06,126106,Ryan Peniston,285,180,0.0,3.0,GBR,30,atp_rankings_2026_04_06.csv
2026-04-06,122669,Juan Pablo Varillas,286,180,-16.0,-15.0,PER,30,atp_rankings_2026_04_06.csv
2026-04-06,111576,Sumit Nagal,287,180,-5.0,-6.0,IND,28,atp_rankings_2026_04_06.csv
2026-04-06,127108,Igor Ribeiro Marcondes,288,179,0.0,2.0,BRA,28,atp_rankings_2026_04_06.csv
2026-04-06,209850,Robin Bertrand,289,179,-2.0,-3.0,FRA,23,atp_rankings_2026_04_06.csv
2026-04-06,210119,Andrej Nedic,290,178,-2.0,-3.0,BIH,21,atp_rankings_2026_04_06.csv
2026-04-06,207213,Duje Ajdukovic,291,177,0.0,2.0,CRO,25,atp_rankings_2026_04_06.csv
2026-04-06,123961,Murkel Alejandro Dellien Velasco,292,176,12.0,17.0,BOL,28,atp_rankings_2026_04_06.csv
2026-04-06,208502,Dominic Stricker,293,175,25.0,41.0,SUI,23,atp_rankings_2026_04_06.csv
2026-04-06,209890,Mili Poljicak,294,174,6.0,10.0,CRO,21,atp_rankings_2026_04_06.csv
2026-04-06,106057,Facundo Mena,295,174,6.0,10.0,ARG,33,atp_rankings_2026_04_06.csv
2026-04-06,210558,Hynek Barton,296,173,0.0,0.0,CZE,22,atp_rankings_2026_04_06.csv
2026-04-06,105613,Norbert Gombos,297,172,-2.0,-2.0,SVK,35,atp_rankings_2026_04_06.csv
2026-04-06,211500,Tiago Pereira,298,172,-8.0,-9.0,POR,21,atp_rankings_2026_04_06.csv
2026-04-06,200303,Pavel Kotov,299,171,0.0,-1.0,RUS,27,atp_rankings_2026_04_06.csv
2026-04-06,209406,Abedallah Shelbayh,300,170,0.0,0.0,JOR,22,atp_rankings_2026_04_06.csv
2026-04-06,202333,Keegan Smith,301,170,0.0,0.0,USA,27,atp_rankings_2026_04_06.csv
2026-04-06,109303,Stefano Napolitano,302,168,0.0,1.0,ITA,30,atp_rankings_2026_04_06.csv
2026-04-06,211617,Maxim Mrva,303,167,-22.0,-26.0,CZE,18,atp_rankings_2026_04_06.csv
2026-04-06,207130,Matias Soto,304,167,-10.0,-10.0,CHI,26,atp_rankings_2026_04_06.csv
2026-04-06,208025,Alex Martinez,305,166,54.0,117.0,ESP,25,atp_rankings_2026_04_06.csv
2026-04-06,208421,Lilian Marmousez,306,165,-12.0,-14.0,FRA,24,atp_rankings_2026_04_06.csv
2026-04-06,207797,Jonas Forejtek,307,165,12.0,19.0,CZE,25,atp_rankings_2026_04_06.csv
2026-04-06,106220,Dimitar Kuzmanov,308,165,3.0,4.0,BUL,32,atp_rankings_2026_04_06.csv
2026-04-06,209322,Martin Krumich,309,164,13.0,22.0,CZE,23,atp_rankings_2026_04_06.csv
2026-04-06,207546,Pol Martin Tiffon,310,163,-36.0,-42.0,ESP,26,atp_rankings_2026_04_06.csv
2026-04-06,126107,Michael Geerts,311,162,-10.0,-14.0,BEL,31,atp_rankings_2026_04_06.csv
2026-04-06,209407,Max Basing,312,161,0.0,1.0,GBR,23,atp_rankings_2026_04_06.csv
2026-04-06,210557,Petr Brunclik,313,161,-2.0,-3.0,CZE,19,atp_rankings_2026_04_06.csv
2026-04-06,206589,Gabi Adrian Boitan,314,161,-6.0,-8.0,ROU,26,atp_rankings_2026_04_06.csv
2026-04-06,202235,Jacopo Berrettini,315,160,-6.0,-8.0,ITA,27,atp_rankings_2026_04_06.csv
2026-04-06,200346,Mats Rosenkranz,316,160,-3.0,-5.0,GER,27,atp_rankings_2026_04_06.csv
2026-04-06,200335,Felipe Meligeni Alves,317,159,6.0,7.0,BRA,28,atp_rankings_2026_04_06.csv
2026-04-06,207491,Sandro Kopp,318,159,-6.0,-10.0,AUT,25,atp_rankings_2026_04_06.csv
2026-04-06,200188,Matteo Martineau,319,158,7.0,11.0,FRA,27,atp_rankings_2026_04_06.csv
2026-04-06,202475,Philip Henning,320,157,0.0,-4.0,RSA,25,atp_rankings_2026_04_06.csv
2026-04-06,211577,Antoine Ghibaudo,321,157,0.0,-6.0,FRA,21,atp_rankings_2026_04_06.csv
2026-04-06,144972,Geoffrey Blancaneaux,322,157,0.0,-5.0,FRA,27,atp_rankings_2026_04_06.csv
2026-04-06,210382,Maximus Jones,323,156,0.0,-5.0,THA,21,atp_rankings_2026_04_06.csv
2026-04-06,208913,Juan Bautista Torres,324,156,3.0,3.0,ARG,24,atp_rankings_2026_04_06.csv
2026-04-06,208342,Tyler Zink,325,156,1.0,-4.0,USA,25,atp_rankings_2026_04_06.csv
2026-04-06,208144,Giles Hussey,326,156,0.0,-7.0,GBR,28,atp_rankings_2026_04_06.csv
2026-04-06,126337,Renta Tokuda,327,155,0.0,-7.0,JPN,28,atp_rankings_2026_04_06.csv
2026-04-06,208182,Saba Purtseladze,328,155,-15.0,-26.0,GEO,24,atp_rankings_2026_04_06.csv
2026-04-06,210682,Federico Bondioli,329,155,0.0,-7.0,ITA,20,atp_rankings_2026_04_06.csv
2026-04-06,105649,Cedrik Marcel Stebe,330,154,0.0,-7.0,GER,35,atp_rankings_2026_04_06.csv
2026-04-06,209874,Maks Kasnikowski,331,153,0.0,-6.0,POL,22,atp_rankings_2026_04_06.csv
2026-04-06,209080,Blaise Bicknell,332,153,25.0,45.0,JAM,24,atp_rankings_2026_04_06.csv
2026-04-06,207969,Stefan Dostanic,333,152,-25.0,-42.0,USA,24,atp_rankings_2026_04_06.csv
2026-04-06,213608,Moise Kouame,334,151,0.0,-6.0,FRA,17,atp_rankings_2026_04_06.csv
2026-04-06,117361,Akira Santillan,335,151,0.0,-6.0,AUS,28,atp_rankings_2026_04_06.csv
2026-04-06,210472,Oliver Tarvet,336,150,0.0,-4.0,GBR,22,atp_rankings_2026_04_06.csv
2026-04-06,133975,Benjamin Hassan,337,150,-7.0,-23.0,LBN,31,atp_rankings_2026_04_06.csv
2026-04-06,126952,Soon Woo Kwon,338,150,0.0,-5.0,KOR,28,atp_rankings_2026_04_06.csv
2026-04-06,126555,Tung Lin Wu,339,150,14.0,19.0,TPE,27,atp_rankings_2026_04_06.csv
2026-04-06,202320,Beibit Zhukayev,340,149,12.0,13.0,KAZ,25,atp_rankings_2026_04_06.csv
2026-04-06,209952,Sean Cuenin,341,149,0.0,-6.0,FRA,22,atp_rankings_2026_04_06.csv
2026-04-06,209951,Petr Bar Biryukov,342,148,0.0,-5.0,RUS,24,atp_rankings_2026_04_06.csv
2026-04-06,210318,Andre Ilagan,343,148,6.0,5.0,USA,25,atp_rankings_2026_04_06.csv
2026-04-06,106044,Nicolas Kicker,344,146,0.0,-5.0,ARG,33,atp_rankings_2026_04_06.csv
2026-04-06,208389,James Trotter,345,145,4.0,4.0,JPN,26,atp_rankings_2026_04_06.csv
2026-04-06,210412,Juan Manuel La Serna,346,145,9.0,9.0,ARG,22,atp_rankings_2026_04_06.csv
2026-04-06,106121,Taro Daniel,347,144,0.0,-7.0,JPN,33,atp_rankings_2026_04_06.csv
2026-04-06,126206,Alex Rybakov,348,144,0.0,-7.0,USA,29,atp_rankings_2026_04_06.csv
2026-04-06,209898,Dali Blanch,349,144,27.0,61.0,USA,23,atp_rankings_2026_04_06.csv
2026-04-06,207231,Mathys Erhard,350,144,0.0,-8.0,FRA,24,atp_rankings_2026_04_06.csv
2026-04-06,200273,Hady Habib,351,143,0.0,-8.0,LIB,27,atp_rankings_2026_04_06.csv
2026-04-06,208540,Inaki Montes De La Torre,352,143,1.0,-7.0,ESP,23,atp_rankings_2026_04_06.csv
2026-04-06,117360,Marc Polmans,353,142,0.0,-7.0,AUS,28,atp_rankings_2026_04_06.csv
2026-04-06,123921,Calvin Hemery,354,140,-7.0,-16.0,FRA,31,atp_rankings_2026_04_06.csv
2026-04-06,202199,Carlos Sanchez Jover,355,140,-2.0,-8.0,ESP,25,atp_rankings_2026_04_06.csv
2026-04-06,209512,Tom Paris,356,139,-4.0,-12.0,FRA,23,atp_rankings_2026_04_06.csv
2026-04-06,208257,Fabrizio Andaloro,357,139,0.0,-6.0,ITA,25,atp_rankings_2026_04_06.csv
2026-04-06,209354,Ioannis Xilas,358,139,0.0,-6.0,GRE,24,atp_rankings_2026_04_06.csv
2026-04-06,144716,Oleg Prihodko,359,136,0.0,-3.0,UKR,28,atp_rankings_2026_04_06.csv
2026-04-06,200462,Andrea Guerrieri,360,136,10.0,22.0,ITA,27,atp_rankings_2026_04_06.csv
2026-04-06,207527,Buvaysar Gadamauri,361,136,0.0,-2.0,BEL,25,atp_rankings_2026_04_06.csv
2026-04-06,210042,Gabriele Piraino,362,135,0.0,-2.0,ITA,22,atp_rankings_2026_04_06.csv
2026-04-06,200672,Sergey Fomin,363,135,-13.0,-27.0,UZB,25,atp_rankings_2026_04_06.csv
2026-04-06,210340,Philip Sekulic,364,134,0.0,-3.0,AUS,22,atp_rankings_2026_04_06.csv
2026-04-06,211627,Hayato Matsuoka,365,134,3.0,1.0,JPN,21,atp_rankings_2026_04_06.csv
2026-04-06,209907,Viacheslav Bielinskyi,366,132,14.0,38.0,UKR,22,atp_rankings_2026_04_06.csv
2026-04-06,212251,Daniel Milavsky,367,132,2.0,5.0,USA,24,atp_rankings_2026_04_06.csv
2026-04-06,200321,San Hui Sin,368,132,0.0,-5.0,KOR,29,atp_rankings_2026_04_06.csv
2026-04-06,209983,Mika Brunold,369,131,0.0,-4.0,SUI,21,atp_rankings_2026_04_06.csv
2026-04-06,202239,Florian Broska,370,130,-3.0,-8.0,GER,28,atp_rankings_2026_04_06.csv
2026-04-06,109054,Daniel Masur,371,130,0.0,-2.0,GER,31,atp_rankings_2026_04_06.csv
2026-04-06,207799,Matheus Pucinelli De Almeida,372,130,-6.0,-15.0,BRA,25,atp_rankings_2026_04_06.csv
2026-04-06,206470,Cezar Cretu,373,130,0.0,-3.0,ROU,24,atp_rankings_2026_04_06.csv
2026-04-06,207368,Mert Alkaya,374,130,0.0,-3.0,TUR,25,atp_rankings_2026_04_06.csv
2026-04-06,202122,Yuta Shimizu,375,129,0.0,-2.0,JPN,26,atp_rankings_2026_04_06.csv
2026-04-06,212241,Carlo Alberto Caniato,376,129,0.0,-1.0,ITA,20,atp_rankings_2026_04_06.csv
2026-04-06,106380,Gonzalo Villanueva,377,129,2.0,4.0,ARG,31,atp_rankings_2026_04_06.csv
2026-04-06,202297,Dan Martin,378,128,4.0,9.0,CAN,26,atp_rankings_2026_04_06.csv
2026-04-06,202400,Alastair Gray,379,128,-3.0,-15.0,GBR,27,atp_rankings_2026_04_06.csv
2026-04-06,208024,Max Alcala Gurri,380,127,-1.0,-2.0,ESP,23,atp_rankings_2026_04_06.csv
2026-04-06,122554,David Jorda Sanchis,381,127,0.0,-1.0,ESP,31,atp_rankings_2026_04_06.csv
2026-04-06,129911,Marat Sharipov,382,126,0.0,1.0,RUS,23,atp_rankings_2026_04_06.csv
2026-04-06,202075,Adria Soriano Barrera,383,125,0.0,2.0,COL,26,atp_rankings_2026_04_06.csv
2026-04-06,200495,Eduardo Ribeiro,384,125,-12.0,-30.0,BRA,28,atp_rankings_2026_04_06.csv
2026-04-06,211542,Filippo Romano,385,125,-4.0,-11.0,ITA,20,atp_rankings_2026_04_06.csv
2026-04-06,207171,Hamish Stewart,386,125,0.0,0.0,GBR,26,atp_rankings_2026_04_06.csv
2026-04-06,210377,Luciano Emanuel Ambrogi,387,125,1.0,3.0,ARG,22,atp_rankings_2026_04_06.csv
2026-04-06,212216,Trevor Svajda,388,124,0.0,0.0,USA,19,atp_rankings_2026_04_06.csv
2026-04-06,208649,Andrew Fenty,389,124,0.0,0.0,USA,26,atp_rankings_2026_04_06.csv
2026-04-06,202359,Marvin Moeller,390,123,1.0,3.0,GER,27,atp_rankings_2026_04_06.csv
2026-04-06,122352,Christoph Negritu,391,123,2.0,5.0,GER,32,atp_rankings_2026_04_06.csv
2026-04-06,200266,Javier Barranco Cosano,392,122,-6.0,-16.0,ESP,27,atp_rankings_2026_04_06.csv
2026-04-06,106177,Oriol Roca Batalla,393,122,3.0,8.0,ESP,32,atp_rankings_2026_04_06.csv
2026-04-06,206867,Tommaso Compagnucci,394,122,0.0,-3.0,ITA,26,atp_rankings_2026_04_06.csv
2026-04-06,209167,Olle Wallin,395,122,0.0,-3.0,SWE,24,atp_rankings_2026_04_06.csv
2026-04-06,105180,Daniel Dutra Da Silva,396,122,-9.0,-29.0,BRA,37,atp_rankings_2026_04_06.csv
2026-04-06,207129,Yanki Erel,397,121,0.0,-3.0,TUR,25,atp_rankings_2026_04_06.csv
2026-04-06,200666,Jie Cui,398,121,0.0,-3.0,CHN,28,atp_rankings_2026_04_06.csv
2026-04-06,105487,Facundo Bagnis,399,120,0.0,-2.0,ARG,36,atp_rankings_2026_04_06.csv
2026-04-06,210085,Lui Maxted,400,120,0.0,-2.0,GBR,22,atp_rankings_2026_04_06.csv
2026-04-06,106187,Denis Yevseyev,401,120,0.0,-2.0,KAZ,32,atp_rankings_2026_04_06.csv
2026-04-06,131911,Lucas Poullain,402,120,0.0,-2.0,FRA,30,atp_rankings_2026_04_06.csv
2026-04-06,132573,Luca Castelnuovo,403,118,0.0,2.0,SUI,29,atp_rankings_2026_04_06.csv
2026-04-06,200452,Patrick Zahraj,404,118,-1.0,-1.0,GER,26,atp_rankings_2026_04_06.csv
2026-04-06,207502,Stefan Palosi,405,118,0.0,1.0,ROU,26,atp_rankings_2026_04_06.csv
2026-04-06,212207,Ognjen Milic,406,117,6.0,19.0,SRB,18,atp_rankings_2026_04_06.csv
2026-04-06,211661,Juan Estevez,407,117,0.0,2.0,ARG,20,atp_rankings_2026_04_06.csv
2026-04-06,209079,Samir Banerjee,408,116,0.0,3.0,USA,22,atp_rankings_2026_04_06.csv
2026-04-06,211711,Braden Shick,409,116,4.0,12.0,USA,22,atp_rankings_2026_04_06.csv
2026-04-06,212222,Raphael Perot,410,116,-1.0,-2.0,FRA,24,atp_rankings_2026_04_06.csv
2026-04-06,209984,Milos Karol,411,116,0.0,1.0,SVK,23,atp_rankings_2026_04_06.csv
2026-04-06,200309,Marek Gengel,412,116,11.0,29.0,CZE,30,atp_rankings_2026_04_06.csv
2026-04-06,208143,Garrett Johns,413,116,-15.0,-45.0,USA,25,atp_rankings_2026_04_06.csv
2026-04-06,208104,Andrea Picchione,414,114,-3.0,-7.0,ITA,27,atp_rankings_2026_04_06.csv
2026-04-06,207186,Arthur Weber,415,114,0.0,0.0,FRA,33,atp_rankings_2026_04_06.csv
2026-04-06,111454,Li Tu,416,114,3.0,8.0,AUS,29,atp_rankings_2026_04_06.csv
2026-04-06,126340,Viktor Durasovic,417,114,3.0,9.0,NOR,29,atp_rankings_2026_04_06.csv
2026-04-06,212225,Thomas Faurel,418,113,-1.0,-2.0,FRA,20,atp_rankings_2026_04_06.csv
2026-04-06,208937,Kasidit Samrej,419,113,0.0,-1.0,THA,25,atp_rankings_2026_04_06.csv
2026-04-06,206467,Federico Arnaboldi,420,112,2.0,9.0,ITA,25,atp_rankings_2026_04_06.csv
2026-04-06,105413,Andrej Martin,421,111,0.0,2.0,SVK,36,atp_rankings_2026_04_06.csv
2026-04-06,106362,Laurent Lokoli,422,111,4.0,13.0,FRA,31,atp_rankings_2026_04_06.csv
2026-04-06,209274,Carl Emil Overbeck,423,110,3.0,13.0,DEN,24,atp_rankings_2026_04_06.csv
2026-04-06,105655,Hiroki Moriya,424,108,11.0,33.0,JPN,35,atp_rankings_2026_04_06.csv
2026-04-06,200484,Rudolf Molleker,425,108,-1.0,5.0,GER,25,atp_rankings_2026_04_06.csv
2026-04-06,210000,Karan Singh,426,108,-8.0,-13.0,IND,22,atp_rankings_2026_04_06.csv
2026-04-06,210221,Jay Dylan Hara Friend,427,107,0.0,6.0,JPN,22,atp_rankings_2026_04_06.csv
2026-04-06,106292,Hernan Casanova,428,107,0.0,6.0,ARG,32,atp_rankings_2026_04_06.csv
2026-04-06,132041,Alfredo Perez,429,107,0.0,8.0,USA,28,atp_rankings_2026_04_06.csv
2026-04-06,200184,Andrey Chepelev,430,107,0.0,9.0,RUS,27,atp_rankings_2026_04_06.csv
2026-04-06,210005,Kilian Feldbausch,431,106,-4.0,-4.0,SUI,20,atp_rankings_2026_04_06.csv
2026-04-06,211902,Henry Searle,432,106,12.0,38.0,GBR,20,atp_rankings_2026_04_06.csv
2026-04-06,210285,Sebastian Sorger,433,106,13.0,40.0,AUT,20,atp_rankings_2026_04_06.csv
2026-04-06,134068,Vadym Ursu,434,106,-3.0,-3.0,UKR,29,atp_rankings_2026_04_06.csv
2026-04-06,105077,Albert Ramos,435,105,-7.0,-16.0,ESP,38,atp_rankings_2026_04_06.csv
2026-04-06,207992,Cannon Kingsley,436,104,0.0,7.0,USA,24,atp_rankings_2026_04_06.csv
2026-04-06,106203,Pedro Sakamoto,437,104,-6.0,-9.0,BRA,32,atp_rankings_2026_04_06.csv
2026-04-06,211504,Jack Loge,438,104,0.0,6.0,BEL,21,atp_rankings_2026_04_06.csv
2026-04-06,202420,Aidan Mchugh,439,103,-3.0,1.0,GBR,25,atp_rankings_2026_04_06.csv
2026-04-06,106072,Alexey Vatutin,440,103,0.0,5.0,RUS,33,atp_rankings_2026_04_06.csv
2026-04-06,209318,Petr Nesterov,441,103,0.0,5.0,BUL,23,atp_rankings_2026_04_06.csv
2026-04-06,144814,Eero Vasa,442,103,1.0,6.0,FIN,29,atp_rankings_2026_04_06.csv
2026-04-06,210214,Joao Eduardo Schiessl,443,103,-2.0,-1.0,BRA,21,atp_rankings_2026_04_06.csv
2026-04-06,117357,Omar Jasika,444,103,4.0,11.0,AUS,28,atp_rankings_2026_04_06.csv
2026-04-06,207484,Neil Oberleitner,445,102,-1.0,2.0,AUT,26,atp_rankings_2026_04_06.csv
2026-04-06,211768,Manas Dhamne,446,102,3.0,8.0,IND,18,atp_rankings_2026_04_06.csv
2026-04-06,212090,Sergio Callejon Hernando,447,101,18.0,65.0,ESP,21,atp_rankings_2026_04_06.csv
2026-04-06,104755,Richard Gasquet,448,100,-25.0,-64.0,FRA,39,atp_rankings_2026_04_06.csv
2026-04-06,207993,Justin Boulais,449,100,3.0,9.0,CAN,24,atp_rankings_2026_04_06.csv
2026-04-06,207669,Robert Strombachs,450,100,3.0,9.0,LAT,26,atp_rankings_2026_04_06.csv
2026-04-06,206553,Luca Potenza,451,100,-7.0,-13.0,ITA,25,atp_rankings_2026_04_06.csv
2026-04-06,133872,Enrico Dalla Valle,452,99,0.0,1.0,ITA,28,atp_rankings_2026_04_06.csv
2026-04-06,210399,Edward Winter,453,99,-1.0,-2.0,AUS,21,atp_rankings_2026_04_06.csv
2026-04-06,209403,Faris Zakaryia,454,99,-2.0,-5.0,EGY,24,atp_rankings_2026_04_06.csv
2026-04-06,125847,Jelle Sels,455,99,-2.0,-5.0,NED,30,atp_rankings_2026_04_06.csv
2026-04-06,202354,Matthew Dellavedova,456,99,13.0,40.0,AUS,25,atp_rankings_2026_04_06.csv
2026-04-06,207200,Cyril Vandermeersch,457,98,2.0,5.0,FRA,26,atp_rankings_2026_04_06.csv
2026-04-06,105430,Radu Albot,458,97,2.0,6.0,MDA,36,atp_rankings_2026_04_06.csv
2026-04-06,208189,Gianmarco Ferrari,459,97,0.0,1.0,ITA,25,atp_rankings_2026_04_06.csv
2026-04-06,209088,Quinn Vandecasteele,460,97,0.0,1.0,USA,23,atp_rankings_2026_04_06.csv
2026-04-06,210393,Maxim Zhukov,461,96,8.0,27.0,RUS,21,atp_rankings_2026_04_06.csv
2026-04-06,202271,Lorenzo Joaquin Rodriguez,462,96,5.0,17.0,ARG,26,atp_rankings_2026_04_06.csv
2026-04-06,212077,Lorenzo Carboni,463,96,1.0,2.0,ITA,20,atp_rankings_2026_04_06.csv
2026-04-06,211621,Arthur Nagel,464,95,13.0,51.0,FRA,22,atp_rankings_2026_04_06.csv
2026-04-06,207728,Moerani Bouzige,465,95,-1.0,-2.0,AUS,26,atp_rankings_2026_04_06.csv
2026-04-06,202290,Dhakshineswar Suresh,466,94,0.0,1.0,IND,26,atp_rankings_2026_04_06.csv
2026-04-06,200374,Nicolas Alvarez Varona,467,94,0.0,1.0,ESP,24,atp_rankings_2026_04_06.csv
2026-04-06,105938,Antoine Escoffier,468,94,0.0,1.0,FRA,34,atp_rankings_2026_04_06.csv
2026-04-06,101495,Miguel Tobon,469,94,10.0,34.0,COL,19,atp_rankings_2026_04_06.csv
2026-04-06,201987,Masamichi Imamura,470,94,1.0,2.0,JPN,27,atp_rankings_2026_04_06.csv
2026-04-06,208240,Alexandr Binda,471,93,1.0,6.0,ITA,24,atp_rankings_2026_04_06.csv
2026-04-06,210129,Samuele Pieri,472,93,0.0,2.0,ITA,24,atp_rankings_2026_04_06.csv
2026-04-06,132052,Christian Langmo,473,93,0.0,2.0,USA,29,atp_rankings_2026_04_06.csv
2026-04-06,210142,Olaf Pieczkowski,474,92,-1.0,-3.0,POL,22,atp_rankings_2026_04_06.csv
2026-04-06,212219,Mees Rottgering,475,92,0.0,1.0,NED,18,atp_rankings_2026_04_06.csv
2026-04-06,211639,Alejo Sanchez Quilez,476,91,13.0,52.0,ESP,20,atp_rankings_2026_04_06.csv
2026-04-06,126627,Johan Nikles,477,91,10.0,41.0,SUI,29,atp_rankings_2026_04_06.csv
2026-04-06,144826,Aziz Dougaz,478,90,0.0,2.0,TUN,29,atp_rankings_2026_04_06.csv
2026-04-06,210107,Bor Artnak,479,90,7.0,30.0,SLO,21,atp_rankings_2026_04_06.csv
2026-04-06,207878,James Story,480,90,0.0,1.0,GBR,25,atp_rankings_2026_04_06.csv
2026-04-06,208328,Max Wiskandt,481,90,-10.0,-29.0,GER,24,atp_rankings_2026_04_06.csv
2026-04-06,211325,Aryan Shah,482,90,-25.0,-68.0,IND,20,atp_rankings_2026_04_06.csv
2026-04-06,209863,Leo Borg,483,90,14.0,53.0,SWE,22,atp_rankings_2026_04_06.csv
2026-04-06,202113,Hikaru Shiraishi,484,90,0.0,-2.0,JPN,25,atp_rankings_2026_04_06.csv
2026-04-06,200366,Olukayode Alafia Damina Ayeni,485,89,4.0,14.0,USA,26,atp_rankings_2026_04_06.csv
2026-04-06,211530,Tomasz Berkieta,486,89,0.0,-2.0,POL,19,atp_rankings_2026_04_06.csv
2026-04-06,211636,Lucio Ratti,487,89,0.0,-2.0,ARG,22,atp_rankings_2026_04_06.csv
2026-04-06,207220,Taha Baadi,488,89,25.0,99.0,CAN,24,atp_rankings_2026_04_06.csv
2026-04-06,106290,Filip Peliwo,489,89,-3.0,-11.0,POL,32,atp_rankings_2026_04_06.csv
2026-04-06,207708,Dusan Obradovic,490,89,0.0,-4.0,SRB,25,atp_rankings_2026_04_06.csv
2026-04-06,105453,Kei Nishikori,491,88,-25.0,-74.0,JPN,36,atp_rankings_2026_04_06.csv
2026-04-06,207834,Juan Alejandro Hernandez Serrano,492,88,0.0,-3.0,MEX,26,atp_rankings_2026_04_06.csv
2026-04-06,209362,Aristotelis Thanos,493,87,0.0,-3.0,GRE,24,atp_rankings_2026_04_06.csv
2026-04-06,202356,Tsung Hao Huang,494,87,0.0,-2.0,TPE,26,atp_rankings_2026_04_06.csv
2026-04-06,209264,Pietro Fellin,495,87,1.0,-1.0,ITA,24,atp_rankings_2026_04_06.csv
2026-04-06,144656,Corentin Denolly,496,87,-32.0,-94.0,FRA,28,atp_rankings_2026_04_06.csv
2026-04-06,209506,Francesco Forti,497,86,4.0,17.0,ITA,26,atp_rankings_2026_04_06.csv
2026-04-06,207764,Ryan Nijboer,498,86,0.0,-3.0,NED,26,atp_rankings_2026_04_06.csv
2026-04-06,105671,Gastao Elias,499,85,0.0,-2.0,POR,35,atp_rankings_2026_04_06.csv
2026-04-06,209518,Tibo Colson,500,85,4.0,17.0,BEL,25,atp_rankings_2026_04_06.csv
2026-04-06,148679,Henry Bernet,501,84,0.0,0.0,SUI,19,atp_rankings_2026_04_06.csv
2026-04-06,126208,Yusuke Takahashi,502,84,0.0,0.0,JPN,28,atp_rankings_2026_04_06.csv
2026-04-06,207490,Carlos Lopez Montagud,503,84,-1.0,-3.0,ESP,25,atp_rankings_2026_04_06.csv
2026-04-06,127123,Mateus Alves,504,84,0.0,0.0,BRA,25,atp_rankings_2026_04_06.csv
2026-04-06,208063,Paulo Andre Saraiva Dos Santos,505,84,20.0,83.0,BRA,25,atp_rankings_2026_04_06.csv
2026-04-06,117359,Jake Delaney,506,84,0.0,-1.0,AUS,28,atp_rankings_2026_04_06.csv
2026-04-06,207605,Jakub Paul,507,83,0.0,-1.0,SUI,27,atp_rankings_2026_04_06.csv
2026-04-06,210250,Erik Arutiunian,508,83,-2.0,-10.0,BLR,21,atp_rankings_2026_04_06.csv
2026-04-06,208457,Radu Mihai Papoe,509,83,0.0,2.0,ROU,23,atp_rankings_2026_04_06.csv
2026-04-06,202326,Ivan Marrero Curbelo,510,83,8.0,30.0,ESP,27,atp_rankings_2026_04_06.csv
2026-04-06,209254,Valerio Aboian,511,83,0.0,-1.0,ARG,23,atp_rankings_2026_04_06.csv
2026-04-06,209931,Lukas Pokorny,512,82,-15.0,-56.0,SVK,24,atp_rankings_2026_04_06.csv
2026-04-06,208092,Filippo Moroni,513,81,-8.0,-30.0,ITA,25,atp_rankings_2026_04_06.csv
2026-04-06,135753,Patrick Maloney,514,81,-7.0,-27.0,USA,26,atp_rankings_2026_04_06.csv
2026-04-06,210470,Tai Sach,515,81,0.0,4.0,AUS,23,atp_rankings_2026_04_06.csv
2026-04-06,105806,Mirza Basic,516,80,0.0,6.0,BIH,34,atp_rankings_2026_04_06.csv
2026-04-06,106172,Maxime Chazal,517,80,4.0,16.0,FRA,32,atp_rankings_2026_04_06.csv
2026-04-06,211628,Koki Matsuda,518,80,3.0,14.0,JPN,25,atp_rankings_2026_04_06.csv
2026-04-06,200070,Kirill Kivattsev,519,80,-1.0,2.0,RUS,28,atp_rankings_2026_04_06.csv
2026-04-06,208230,Alibek Kachmazov,520,79,0.0,4.0,RUS,23,atp_rankings_2026_04_06.csv
2026-04-06,207760,Anton Matusevich,521,79,0.0,4.0,GBR,24,atp_rankings_2026_04_06.csv
2026-04-06,207657,Tristan Mccormick,522,79,-2.0,-2.0,USA,27,atp_rankings_2026_04_06.csv
2026-04-06,213635,Jacopo Vasami,523,78,-5.0,-15.0,ITA,18,atp_rankings_2026_04_06.csv
2026-04-06,212268,Max Schoenhaus,524,78,3.0,14.0,GER,18,atp_rankings_2026_04_06.csv
2026-04-06,210034,Shunsuke Mitsui,525,78,0.0,2.0,JPN,23,atp_rankings_2026_04_06.csv
2026-04-06,208158,Dominik Palan,526,78,-1.0,0.0,CZE,25,atp_rankings_2026_04_06.csv
2026-04-06,124154,Sasi Kumar Mukund,527,78,2.0,8.0,IND,29,atp_rankings_2026_04_06.csv
2026-04-06,211727,Pavle Marinkov,528,78,15.0,65.0,AUS,20,atp_rankings_2026_04_06.csv
2026-04-06,209871,Amr Elsayed Abdou Ahmed Mohamed,529,78,7.0,24.0,EGY,27,atp_rankings_2026_04_06.csv
2026-04-06,208297,Maxwell Mckennon,530,78,3.0,12.0,USA,23,atp_rankings_2026_04_06.csv
2026-04-06,206325,Pedro Vives Marcos,531,77,0.0,-1.0,ESP,24,atp_rankings_2026_04_06.csv
2026-04-06,210425,Svyatoslav Gulin,532,77,-4.0,-16.0,RUS,23,atp_rankings_2026_04_06.csv
2026-04-06,212785,Carlos Maria Zarate,533,77,3.0,13.0,ARG,,atp_rankings_2026_04_06.csv
2026-04-06,134329,Blake Ellis,534,76,14.0,61.0,AUS,27,atp_rankings_2026_04_06.csv
2026-04-06,200550,Vladyslav Orlov,535,76,-2.0,-6.0,UKR,30,atp_rankings_2026_04_06.csv
2026-04-06,208322,Eric Vanshelboim,536,76,0.0,1.0,UKR,24,atp_rankings_2026_04_06.csv
2026-04-06,200216,Giovanni Fonio,537,75,0.0,2.0,ITA,27,atp_rankings_2026_04_06.csv
2026-04-06,207987,Ryuki Matsuda,538,75,-1.0,-4.0,JPN,26,atp_rankings_2026_04_06.csv
2026-04-06,106168,Sidharth Rawat,539,75,8.0,32.0,IND,32,atp_rankings_2026_04_06.csv
2026-04-06,208431,Semen Pankin,540,75,0.0,1.0,RUS,26,atp_rankings_2026_04_06.csv
2026-04-06,207998,Takuya Kumasaka,541,75,-8.0,-28.0,JPN,27,atp_rankings_2026_04_06.csv
2026-04-06,134457,Nicolas Moreno De Alboran,542,74,0.0,2.0,USA,28,atp_rankings_2026_04_06.csv
2026-04-06,207704,Alex Marti Pujolras,543,74,13.0,59.0,ESP,27,atp_rankings_2026_04_06.csv
2026-04-06,211898,Mae Malige,544,74,0.0,1.0,FRA,20,atp_rankings_2026_04_06.csv
2026-04-06,208253,Niels Visker,545,74,0.0,2.0,NED,24,atp_rankings_2026_04_06.csv
2026-04-06,210650,Stefan Adrian Andreescu,546,72,0.0,3.0,ROU,24,atp_rankings_2026_04_06.csv
2026-04-06,133997,Sergi Perez Contri,547,72,-3.0,-4.0,ESP,28,atp_rankings_2026_04_06.csv
2026-04-06,210714,Robin Catry,548,71,-16.0,-57.0,FRA,24,atp_rankings_2026_04_06.csv
2026-04-06,111202,Hyeon Chung,549,71,-15.0,-56.0,KOR,29,atp_rankings_2026_04_06.csv
2026-04-06,209302,Peter Fajta,550,71,0.0,0.0,HUN,23,atp_rankings_2026_04_06.csv
2026-04-06,212051,Joaquin  Aguilar Cardozo,551,71,0.0,0.0,URU,20,atp_rankings_2026_04_06.csv
2026-04-06,209191,Oleksandr Ovcharenko,552,71,0.0,0.0,UKR,24,atp_rankings_2026_04_06.csv
2026-04-06,210054,Matthew William Donald,553,71,7.0,33.0,CZE,21,atp_rankings_2026_04_06.csv
2026-04-06,210121,Kokoro Isomura,554,71,0.0,0.0,JPN,23,atp_rankings_2026_04_06.csv
2026-04-06,210730,Reda Bennani,555,70,0.0,0.0,MAR,19,atp_rankings_2026_04_06.csv
2026-04-06,210731,Filip Jeff Planinsek,556,70,0.0,0.0,SLO,24,atp_rankings_2026_04_06.csv
2026-04-06,106232,Roberto Cid,557,69,-25.0,-91.0,DOM,32,atp_rankings_2026_04_06.csv
2026-04-06,206662,Georgii Kravchenko,558,69,1.0,7.0,UKR,25,atp_rankings_2026_04_06.csv
2026-04-06,144970,Constantin Bittoun Kouzmine,559,69,0.0,2.0,FRA,27,atp_rankings_2026_04_06.csv
2026-04-06,209251,Stefan Popovic,560,69,0.0,2.0,SRB,22,atp_rankings_2026_04_06.csv
2026-04-06,212531,Nicolas Arseneault,561,68,-1.0,-4.0,CAN,19,atp_rankings_2026_04_06.csv
2026-04-06,126523,Bernabe Zapata Miralles,562,68,0.0,1.0,ESP,29,atp_rankings_2026_04_06.csv
2026-04-06,208044,Etienne Donnet,563,68,-15.0,-56.0,FRA,25,atp_rankings_2026_04_06.csv
2026-04-06,200014,Digvijaypratap Singh,564,68,2.0,12.0,IND,25,atp_rankings_2026_04_06.csv
2026-04-06,207803,Igor Gimenez,565,68,-1.0,-5.0,BRA,26,atp_rankings_2026_04_06.csv
2026-04-06,144923,Louis Wessels,566,68,0.0,0.0,GER,27,atp_rankings_2026_04_06.csv
2026-04-06,207202,Karl Poling,567,68,2.0,10.0,USA,26,atp_rankings_2026_04_06.csv
2026-04-06,106310,Alexander Ritschard,568,67,0.0,-1.0,SUI,32,atp_rankings_2026_04_06.csv
2026-04-06,207907,Arda Azkara,569,67,0.0,-1.0,TUR,23,atp_rankings_2026_04_06.csv
2026-04-06,132744,Alberto Barroso Campos,570,67,-2.0,-11.0,ESP,29,atp_rankings_2026_04_06.csv
2026-04-06,209163,Emile Hudd,571,67,15.0,89.0,GBR,25,atp_rankings_2026_04_06.csv
2026-04-06,126125,Maxime Janvier,572,67,-6.0,-24.0,FRA,29,atp_rankings_2026_04_06.csv
2026-04-06,212305,Juan Cruz Martin Manzano,573,67,0.0,-1.0,ITA,21,atp_rankings_2026_04_06.csv
2026-04-06,210668,Massimo Giunta,574,67,0.0,-1.0,ITA,21,atp_rankings_2026_04_06.csv
2026-04-06,209142,Sebastian Gima,575,67,0.0,-1.0,ROU,23,atp_rankings_2026_04_06.csv
2026-04-06,211558,Karim Bennani,576,66,25.0,155.0,MAR,18,atp_rankings_2026_04_06.csv
2026-04-06,200572,Nick Hardt,577,66,0.0,-2.0,DOM,25,atp_rankings_2026_04_06.csv
2026-04-06,200661,Yuki Mochizuki,578,66,-3.0,-20.0,JPN,28,atp_rankings_2026_04_06.csv
2026-04-06,126762,Aleksandre Bakshi,579,66,-2.0,-15.0,GEO,28,atp_rankings_2026_04_06.csv
2026-04-06,208605,Mario Gonzalez Fernandez,580,66,1.0,3.0,ESP,23,atp_rankings_2026_04_06.csv
2026-04-06,208343,Andrew Paulson,581,65,11.0,61.0,CZE,24,atp_rankings_2026_04_06.csv
2026-04-06,105944,Juan Sebastian Gomez,582,65,0.0,-4.0,COL,34,atp_rankings_2026_04_06.csv
2026-04-06,200096,Dragos Nicolae Madaras,583,65,0.0,-3.0,SWE,28,atp_rankings_2026_04_06.csv
2026-04-06,200214,Alan Fernando Rubio Fierros,584,65,-2.0,-15.0,MEX,27,atp_rankings_2026_04_06.csv
2026-04-06,144985,Ergi Kirkin,585,65,0.0,-4.0,TUR,27,atp_rankings_2026_04_06.csv
2026-04-06,210025,Branko Djuric,586,65,0.0,-4.0,SRB,21,atp_rankings_2026_04_06.csv
2026-04-06,210029,Bruno Kuzuhara,587,65,0.0,-3.0,USA,22,atp_rankings_2026_04_06.csv
2026-04-06,212174,Enzo Aguiard,588,64,0.0,-3.0,AUS,23,atp_rankings_2026_04_06.csv
2026-04-06,122078,Dmitry Popko,589,64,-44.0,-157.0,KAZ,29,atp_rankings_2026_04_06.csv
2026-04-06,209140,Millen Hurrion,590,64,14.0,86.0,GBR,26,atp_rankings_2026_04_06.csv
2026-04-06,124040,Colin Sinclair,591,64,6.0,33.0,NMI,31,atp_rankings_2026_04_06.csv
2026-04-06,202150,Dan Alexandru Tomescu,592,63,0.0,-3.0,ROU,27,atp_rankings_2026_04_06.csv
2026-04-06,202398,Michael Vrbensky,593,63,-4.0,-23.0,CZE,26,atp_rankings_2026_04_06.csv
2026-04-06,207884,Arthur Bouquier,594,63,0.0,-4.0,FRA,25,atp_rankings_2026_04_06.csv
2026-04-06,207601,Manuel Mazza,595,63,0.0,-4.0,ITA,26,atp_rankings_2026_04_06.csv
2026-04-06,208071,Oleksii Krutykh,596,63,0.0,-4.0,UKR,26,atp_rankings_2026_04_06.csv
2026-04-06,111153,Christopher Eubanks,597,62,-50.0,-177.0,USA,29,atp_rankings_2026_04_06.csv
2026-04-06,206912,Stuart Parker,598,62,-15.0,-67.0,GBR,28,atp_rankings_2026_04_06.csv
2026-04-06,207793,Alec Deckers,599,62,0.0,-3.0,NED,25,atp_rankings_2026_04_06.csv
2026-04-06,212258,Adhithya Ganesan,600,62,0.0,-3.0,USA,20,atp_rankings_2026_04_06.csv
2026-04-06,213149,Felix Balshaw,601,62,0.0,-3.0,FRA,19,atp_rankings_2026_04_06.csv
2026-04-06,200713,Federico Iannaccone,602,62,-1.0,-8.0,ITA,27,atp_rankings_2026_04_06.csv
2026-04-06,208586,Joshua Sheehy,603,61,0.0,-3.0,USA,29,atp_rankings_2026_04_06.csv
2026-04-06,129814,Ivan Ivanov,604,61,25.0,176.0,BUL,17,atp_rankings_2026_04_06.csv
2026-04-06,209185,Alessandro Pecci,605,61,0.0,-4.0,ITA,25,atp_rankings_2026_04_06.csv
2026-04-06,211618,Jan Kumstat,606,61,8.0,43.0,CZE,19,atp_rankings_2026_04_06.csv
2026-04-06,212788,Amir Omarkhanov,607,61,0.0,-4.0,KAZ,18,atp_rankings_2026_04_06.csv
2026-04-06,210726,Cesar Bouchelaghem,608,60,3.0,19.0,FRA,21,atp_rankings_2026_04_06.csv
2026-04-06,207664,Luca Staeheli,609,60,4.0,26.0,SUI,26,atp_rankings_2026_04_06.csv
2026-04-06,126723,Denys Klok,610,60,0.0,-5.0,RUS,27,atp_rankings_2026_04_06.csv
2026-04-06,212190,Karol Filar,611,60,0.0,-7.0,POL,27,atp_rankings_2026_04_06.csv
2026-04-06,210498,Gerard Campana Lee,612,60,-2.0,-13.0,KOR,21,atp_rankings_2026_04_06.csv
2026-04-06,131934,Andrea Vavassori,613,59,0.0,-6.0,ITA,30,atp_rankings_2026_04_06.csv
2026-04-06,210545,Luis Carlos Alvarez,614,59,0.0,-6.0,MEX,21,atp_rankings_2026_04_06.csv
2026-04-06,105575,Ricardas Berankis,615,59,0.0,-6.0,LTU,35,atp_rankings_2026_04_06.csv
2026-04-06,208876,Egor Agafonov,616,59,1.0,1.0,RUS,23,atp_rankings_2026_04_06.csv
2026-04-06,200255,Alexander Weis,617,59,0.0,-6.0,ITA,28,atp_rankings_2026_04_06.csv
2026-04-06,211756,Michal Krajci,618,59,-1.0,-12.0,SVK,21,atp_rankings_2026_04_06.csv
2026-04-06,202209,Imanol Lopez Morillo,619,59,0.0,-6.0,ESP,26,atp_rankings_2026_04_06.csv
2026-04-06,209338,Daniel Siniakov,620,58,0.0,-6.0,CZE,23,atp_rankings_2026_04_06.csv
2026-04-06,209120,Yassine Dlimi,621,58,0.0,-5.0,MAR,22,atp_rankings_2026_04_06.csv
2026-04-06,126183,Mariano Kestelboim,622,58,-22.0,-99.0,ARG,30,atp_rankings_2026_04_06.csv
2026-04-06,207239,Nikolay Vylegzhanin,623,58,0.0,-4.0,RUS,25,atp_rankings_2026_04_06.csv
2026-04-06,209866,Karlis Ozolins,624,58,0.0,-6.0,LAT,23,atp_rankings_2026_04_06.csv
2026-04-06,133794,S D Prajwal Dev,625,58,0.0,-5.0,IND,29,atp_rankings_2026_04_06.csv
2026-04-06,210687,Pawit Sornlaksup,626,58,-1.0,-14.0,THA,26,atp_rankings_2026_04_06.csv
2026-04-06,209510,Nino Ehrenschneider,627,58,0.0,-5.0,GER,25,atp_rankings_2026_04_06.csv
2026-04-06,144907,Adrian Oetzbach,628,58,0.0,-5.0,GER,28,atp_rankings_2026_04_06.csv
2026-04-06,122113,Yurii Dzhavakian,629,58,3.0,12.0,UKR,32,atp_rankings_2026_04_06.csv
2026-04-06,200218,Mate Valkusz,630,57,0.0,-4.0,HUN,27,atp_rankings_2026_04_06.csv
2026-04-06,210083,Jakub Nicod,631,57,-1.0,-16.0,CZE,21,atp_rankings_2026_04_06.csv
2026-04-06,202366,Tadeas Paroulek,632,57,0.0,-4.0,CZE,26,atp_rankings_2026_04_06.csv
2026-04-06,200445,Maxence Beauge,633,57,0.0,-4.0,FRA,25,atp_rankings_2026_04_06.csv
2026-04-06,134120,Kuan Yi Lee,634,57,-1.0,-13.0,TPE,29,atp_rankings_2026_04_06.csv
2026-04-06,200297,Aziz Ouakaa,635,57,-1.0,-10.0,TUN,26,atp_rankings_2026_04_06.csv
2026-04-06,211501,Kenta Miyoshi,636,56,0.0,-4.0,JPN,22,atp_rankings_2026_04_06.csv
2026-04-06,208426,Tiago Torres,637,56,1.0,0.0,POR,23,atp_rankings_2026_04_06.csv
2026-04-06,210505,Marcel Zielinski,638,56,7.0,45.0,POL,25,atp_rankings_2026_04_06.csv
2026-04-06,105339,Yan Bai,639,55,0.0,-3.0,CHN,36,atp_rankings_2026_04_06.csv
2026-04-06,110618,Elmar Ejupovic,640,55,-10.0,-61.0,GER,33,atp_rankings_2026_04_06.csv
2026-04-06,207407,Peter Makk,641,55,8.0,49.0,HUN,24,atp_rankings_2026_04_06.csv
2026-04-06,211543,Lorenzo Sciahbasi,642,55,-1.0,-8.0,ITA,20,atp_rankings_2026_04_06.csv
2026-04-06,209959,Woobin Shin,643,55,0.0,-5.0,KOR,22,atp_rankings_2026_04_06.csv
2026-04-06,212598,Emilien Demanet,644,55,-2.0,-14.0,BEL,20,atp_rankings_2026_04_06.csv
2026-04-06,211901,Yanis Ghazouani Durand,645,55,2.0,9.0,FRA,25,atp_rankings_2026_04_06.csv
2026-04-06,211550,Yusuke Kusuhara,646,54,0.0,-3.0,JPN,28,atp_rankings_2026_04_06.csv
2026-04-06,209971,Michael Bassem Sobhy,647,54,-1.0,-7.0,EGY,21,atp_rankings_2026_04_06.csv
2026-04-06,211324,Mitsuki Wei Kang Leong,648,54,2.0,15.0,MAS,21,atp_rankings_2026_04_06.csv
2026-04-06,213001,Mika Petkovic,649,54,0.0,-5.0,GER,19,atp_rankings_2026_04_06.csv
2026-04-06,132831,Giovanni Oradini,650,54,0.0,-5.0,ITA,28,atp_rankings_2026_04_06.csv
2026-04-06,208909,Johan Alexander Rodriguez Rodriguez,651,53,0.0,-5.0,COL,22,atp_rankings_2026_04_06.csv
2026-04-06,106264,Karue Sell,652,53,0.0,-5.0,BRA,32,atp_rankings_2026_04_06.csv
2026-04-06,200665,Yuta Kawahashi,653,53,0.0,-5.0,JPN,28,atp_rankings_2026_04_06.csv
2026-04-06,209517,Igor Kudriashov,654,53,0.0,-4.0,RUS,22,atp_rankings_2026_04_06.csv
2026-04-06,208099,Santiago De La Fuente,655,53,6.0,41.0,ARG,24,atp_rankings_2026_04_06.csv
2026-04-06,212157,Timofei Derepasko,656,53,0.0,-5.0,RUS,19,atp_rankings_2026_04_06.csv
2026-04-06,125806,Dominik Kellovsky,657,53,0.0,-5.0,CZE,29,atp_rankings_2026_04_06.csv
2026-04-06,210218,Bruno Fernandez,658,53,0.0,-5.0,BRA,21,atp_rankings_2026_04_06.csv
2026-04-06,208153,Giuseppe La Vela,659,53,-4.0,-28.0,ITA,25,atp_rankings_2026_04_06.csv
2026-04-06,210320,Kyle Kang,660,52,0.0,-4.0,USA,21,atp_rankings_2026_04_06.csv
2026-04-06,106137,Tristan Lamasine,661,52,0.0,-3.0,FRA,33,atp_rankings_2026_04_06.csv
2026-04-06,210077,Aidan Kim,662,52,0.0,-5.0,USA,21,atp_rankings_2026_04_06.csv
2026-04-06,212886,Radu David Turcanu,663,52,0.0,-4.0,ROU,20,atp_rankings_2026_04_06.csv
2026-04-06,208126,John Echeverria,664,52,4.0,21.0,ESP,24,atp_rankings_2026_04_06.csv
2026-04-06,209043,Yuta Kikuchi,665,52,2.0,8.0,JPN,26,atp_rankings_2026_04_06.csv
2026-04-06,210223,Leonardo Rossi,666,52,4.0,23.0,ITA,23,atp_rankings_2026_04_06.csv
2026-04-06,211673,Duncan Chan,667,51,0.0,-2.0,CAN,20,atp_rankings_2026_04_06.csv
2026-04-06,211767,James Watt,668,51,0.0,-2.0,NZL,25,atp_rankings_2026_04_06.csv
2026-04-06,210721,Iliyan Radulov,669,51,0.0,-2.0,BUL,20,atp_rankings_2026_04_06.csv
2026-04-06,212784,Maximo Zeitune,670,51,4.0,28.0,ARG,19,atp_rankings_2026_04_06.csv
2026-04-06,207893,Daniel De Jonge,671,51,-1.0,-10.0,NED,26,atp_rankings_2026_04_06.csv
2026-04-06,210599,Ryan Dickerson,672,51,-1.0,-10.0,USA,28,atp_rankings_2026_04_06.csv
2026-04-06,212405,Gavin Young,673,50,0.0,-3.0,USA,23,atp_rankings_2026_04_06.csv
2026-04-06,208854,Aidan Mayo,674,50,-9.0,-64.0,USA,22,atp_rankings_2026_04_06.csv
2026-04-06,111788,Naoki Nakagawa,675,50,-1.0,-7.0,JPN,29,atp_rankings_2026_04_06.csv
2026-04-06,144751,Rigele Te,676,50,0.0,-4.0,CHN,28,atp_rankings_2026_04_06.csv
2026-04-06,210744,Kaylan Bigun,677,50,3.0,20.0,USA,19,atp_rankings_2026_04_06.csv
2026-04-06,207994,Chase Ferguson,678,50,0.0,-3.0,AUS,27,atp_rankings_2026_04_06.csv
2026-04-06,200086,Toufik Sahtali,679,50,0.0,-2.0,ALG,27,atp_rankings_2026_04_06.csv
2026-04-06,208168,Nicolas Tepmahc,680,50,0.0,-2.0,FRA,24,atp_rankings_2026_04_06.csv
2026-04-06,213003,Pierluigi Basile,681,49,0.0,-1.0,ITA,19,atp_rankings_2026_04_06.csv
2026-04-06,122495,Shintaro Imai,682,49,-1.0,-11.0,JPN,32,atp_rankings_2026_04_06.csv
2026-04-06,125802,Ilya Ivashka,683,49,0.0,-2.0,BLR,32,atp_rankings_2026_04_06.csv
2026-04-06,210686,Michael Agwi,684,49,0.0,-2.0,IRL,22,atp_rankings_2026_04_06.csv
2026-04-06,105814,Maximilian Neuchrist,685,49,-6.0,-46.0,AUT,34,atp_rankings_2026_04_06.csv
2026-04-06,210715,Yaroslav Demin,686,49,4.0,25.0,RUS,20,atp_rankings_2026_04_06.csv
2026-04-06,200574,Alexander Donski,687,48,2.0,17.0,BUL,27,atp_rankings_2026_04_06.csv
2026-04-06,212749,Andres Santamarta Roig,688,48,-8.0,-55.0,ESP,19,atp_rankings_2026_04_06.csv
2026-04-06,208411,Daniel Antonio Nunez,689,48,-2.0,-15.0,CHI,24,atp_rankings_2026_04_06.csv
2026-04-06,207557,Maik Steiner,690,48,0.0,-4.0,GER,31,atp_rankings_2026_04_06.csv
2026-04-06,212070,Ali Yazdani,691,48,0.0,-4.0,IRI,22,atp_rankings_2026_04_06.csv
2026-04-06,202148,Michiel De Krom,692,48,0.0,-4.0,NED,27,atp_rankings_2026_04_06.csv
2026-04-06,212029,Dimitris Sakellaridis,693,48,-3.0,-24.0,GRE,19,atp_rankings_2026_04_06.csv
2026-04-06,205842,Arthur Reymond,694,47,0.0,-2.0,FRA,27,atp_rankings_2026_04_06.csv
2026-04-06,209385,Samuel Vincent Ruggeri,695,47,0.0,-2.0,ITA,23,atp_rankings_2026_04_06.csv
2026-04-06,213178,Cruz Hewitt,696,47,4.0,25.0,AUS,17,atp_rankings_2026_04_06.csv
2026-04-06,126335,Sora Fukuda,697,47,0.0,-2.0,JPN,28,atp_rankings_2026_04_06.csv
2026-04-06,210447,Leo Raquillet,698,47,0.0,1.0,FRA,20,atp_rankings_2026_04_06.csv
2026-04-06,149145,Matteo Covato,699,47,2.0,14.0,ITA,20,atp_rankings_2026_04_06.csv
2026-04-06,133820,Ignacio Monzon,700,47,0.0,0.0,ARG,28,atp_rankings_2026_04_06.csv
2026-04-06,211409,Guillaume Dalmasso,701,47,1.0,6.0,FRA,23,atp_rankings_2026_04_06.csv
2026-04-06,210672,Leo Vithoontien,702,47,0.0,0.0,JPN,26,atp_rankings_2026_04_06.csv
2026-04-06,210295,Cooper Williams,703,46,0.0,0.0,USA,20,atp_rankings_2026_04_06.csv
2026-04-06,138485,Conner Huertas Del Pino,704,46,6.0,39.0,PER,30,atp_rankings_2026_04_06.csv
2026-04-06,208931,Toby Alex Kodat,705,46,0.0,0.0,USA,23,atp_rankings_2026_04_06.csv
2026-04-06,210063,Matyas Cerny,706,46,0.0,0.0,CZE,24,atp_rankings_2026_04_06.csv
2026-04-06,209246,Alan Magadan,707,46,6.0,43.0,MEX,24,atp_rankings_2026_04_06.csv
2026-04-06,106378,Kyle Edmund,708,45,0.0,0.0,GBR,31,atp_rankings_2026_04_06.csv
2026-04-06,212104,Pablo Martinez Gomez,709,45,0.0,0.0,ESP,20,atp_rankings_2026_04_06.csv
2026-04-06,200030,Facundo Juarez,710,45,-2.0,-16.0,ITA,28,atp_rankings_2026_04_06.csv
2026-04-06,212969,Matisse Bobichon,711,45,0.0,-1.0,FRA,24,atp_rankings_2026_04_06.csv
2026-04-06,212286,Rodrigo Alujas,712,45,0.0,2.0,MEX,23,atp_rankings_2026_04_06.csv
2026-04-06,126177,Strong Kirchheimer,713,45,-2.0,-12.0,USA,30,atp_rankings_2026_04_06.csv
2026-04-06,126209,Peter Bertran,714,44,-3.0,-23.0,DOM,30,atp_rankings_2026_04_06.csv
2026-04-06,202168,Ye Cong Mo,715,44,0.0,0.0,CHN,25,atp_rankings_2026_04_06.csv
2026-04-06,202154,Uisung Park,716,44,-1.0,-4.0,KOR,25,atp_rankings_2026_04_06.csv
2026-04-06,210398,Gabriele Pennaforti,717,44,0.0,0.0,ITA,25,atp_rankings_2026_04_06.csv
2026-04-06,212831,Samuel Heredia,718,44,2.0,10.0,COL,19,atp_rankings_2026_04_06.csv
2026-04-06,200325,Emil Ruusuvuori,719,43,0.0,0.0,FIN,27,atp_rankings_2026_04_06.csv
2026-04-06,123993,Lucas Gerch,720,43,0.0,0.0,GER,31,atp_rankings_2026_04_06.csv
2026-04-06,207181,Govind Nanda,721,42,-7.0,-42.0,USA,25,atp_rankings_2026_04_06.csv
2026-04-06,211524,Abel Forger,722,42,0.0,2.0,NED,20,atp_rankings_2026_04_06.csv
2026-04-06,206923,Shinji Hazawa,723,42,8.0,82.0,JPN,26,atp_rankings_2026_04_06.csv
2026-04-06,212603,Benjamin Torrealba,724,42,2.0,27.0,CHI,20,atp_rankings_2026_04_06.csv
2026-04-06,202346,Ben Jones,725,42,0.0,2.0,GBR,27,atp_rankings_2026_04_06.csv
2026-04-06,211758,Matthew Summers,726,42,0.0,-1.0,GBR,27,atp_rankings_2026_04_06.csv
2026-04-06,207776,William Grant,727,42,0.0,-1.0,USA,25,atp_rankings_2026_04_06.csv
2026-04-06,212160,Ryan Fishback,728,42,1.0,11.0,USA,23,atp_rankings_2026_04_06.csv
2026-04-06,208819,Max Hans Rehberg,729,41,0.0,1.0,GER,22,atp_rankings_2026_04_06.csv
2026-04-06,202277,Damien Wenger,730,41,-1.0,-7.0,SUI,26,atp_rankings_2026_04_06.csv
2026-04-06,209394,Anton Shepp,731,41,0.0,1.0,NZL,23,atp_rankings_2026_04_06.csv
2026-04-06,209867,Daniil Ostapenkov,732,41,0.0,1.0,BLR,22,atp_rankings_2026_04_06.csv
2026-04-06,132017,Mwendwa Mbithi,733,41,0.0,1.0,USA,28,atp_rankings_2026_04_06.csv
2026-04-06,210629,Alejandro Juan Mano,734,41,-3.0,-16.0,ESP,21,atp_rankings_2026_04_06.csv
2026-04-06,202230,Maxence Bertimon,735,41,0.0,1.0,FRA,26,atp_rankings_2026_04_06.csv
2026-04-06,208386,Matt Kuhar,736,41,0.0,1.0,USA,29,atp_rankings_2026_04_06.csv
2026-04-06,210200,Yanaki Milev,737,41,0.0,3.0,BUL,21,atp_rankings_2026_04_06.csv
2026-04-06,200632,Evan Zhu,738,41,4.0,34.0,USA,27,atp_rankings_2026_04_06.csv
2026-04-06,109739,Maximilian Marterer,739,40,0.0,3.0,GER,30,atp_rankings_2026_04_06.csv
2026-04-06,134794,Alexis Gautier,740,40,0.0,4.0,FRA,28,atp_rankings_2026_04_06.csv
2026-04-06,105700,Jose Pereira,741,40,0.0,7.0,BRA,35,atp_rankings_2026_04_06.csv
2026-04-06,202418,Stijn Slump,742,40,-4.0,-26.0,NED,27,atp_rankings_2026_04_06.csv
2026-04-06,207134,Fitriadi M Rifqi,743,40,0.0,6.0,INA,27,atp_rankings_2026_04_06.csv
2026-04-06,208265,Pierre Delage,744,40,2.0,22.0,FRA,25,atp_rankings_2026_04_06.csv
2026-04-06,207535,Marlon Vankan,745,40,-1.0,-10.0,GER,25,atp_rankings_2026_04_06.csv
2026-04-06,210604,Loann Massard,746,40,-9.0,-62.0,FRA,20,atp_rankings_2026_04_06.csv
2026-04-06,209128,Diego Augusto Barreto Sanchez,747,40,0.0,5.0,ESP,23,atp_rankings_2026_04_06.csv
2026-04-06,134389,Tim Handel,748,40,-1.0,-7.0,GER,29,atp_rankings_2026_04_06.csv
2026-04-06,202089,Aleksandr Braynin,749,40,1.0,8.0,UKR,26,atp_rankings_2026_04_06.csv
2026-04-06,105948,Federico Coria,750,39,-13.0,-95.0,ARG,34,atp_rankings_2026_04_06.csv
2026-04-06,210048,Pierre Yves Bailly,751,39,0.0,2.0,BEL,22,atp_rankings_2026_04_06.csv
2026-04-06,209124,Blu Baker,752,39,-1.0,-7.0,GBR,24,atp_rankings_2026_04_06.csv
2026-04-06,210513,Tuncay Duran,753,39,1.0,6.0,TUR,21,atp_rankings_2026_04_06.csv
2026-04-06,209038,Linang Xiao,754,39,1.0,10.0,CHN,26,atp_rankings_2026_04_06.csv
2026-04-06,208861,Keisuke Saitoh,755,39,0.0,0.0,JPN,24,atp_rankings_2026_04_06.csv
2026-04-06,132999,Kai Wehnelt,756,39,0.0,0.0,GER,30,atp_rankings_2026_04_06.csv
2026-04-06,210537,Josip Simundza,757,39,-2.0,-19.0,CRO,21,atp_rankings_2026_04_06.csv
2026-04-06,121264,Oscar Jose Gutierrez,758,39,2.0,18.0,BRA,32,atp_rankings_2026_04_06.csv
2026-04-06,212248,Fryderyk Lechno Wasiutynski,759,38,0.0,-1.0,POL,21,atp_rankings_2026_04_06.csv
2026-04-06,106227,Ji Sung Nam,760,38,3.0,29.0,KOR,32,atp_rankings_2026_04_06.csv
2026-04-06,213760,Pavel Lagutin,761,38,7.0,69.0,RUS,21,atp_rankings_2026_04_06.csv
2026-04-06,210494,Theo Papamalamis,762,38,0.0,-2.0,FRA,20,atp_rankings_2026_04_06.csv
2026-04-06,200538,Matyas Fuele,763,38,2.0,19.0,HUN,27,atp_rankings_2026_04_06.csv
2026-04-06,206922,Luca Wiedenmann,764,38,0.0,-2.0,GER,27,atp_rankings_2026_04_06.csv
2026-04-06,208078,Tomas Farjat,765,38,0.0,-2.0,ARG,25,atp_rankings_2026_04_06.csv
2026-04-06,104932,Kenny De Schepper,766,38,0.0,1.0,FRA,38,atp_rankings_2026_04_06.csv
2026-04-06,207660,Nicholas David Ionel,767,38,-14.0,-103.0,ROU,23,atp_rankings_2026_04_06.csv
2026-04-06,105952,Renzo Olivo,768,37,0.0,1.0,ARG,34,atp_rankings_2026_04_06.csv
2026-04-06,209904,Alejandro Manzanera Pertusa,769,37,-1.0,-8.0,ESP,22,atp_rankings_2026_04_06.csv
2026-04-06,213062,Nikolai Barsukov,770,37,-1.0,-5.0,GER,,atp_rankings_2026_04_06.csv
2026-04-06,144748,Kris Van Wyk,771,37,0.0,-1.0,RSA,29,atp_rankings_2026_04_06.csv
2026-04-06,210507,Nicolas Villalon,772,37,0.0,-1.0,CHI,22,atp_rankings_2026_04_06.csv
2026-04-06,213713,Melios Efstathiou,773,37,0.0,1.0,CYP,,atp_rankings_2026_04_06.csv
2026-04-06,210145,John Sperle,774,37,0.0,-1.0,GER,24,atp_rankings_2026_04_06.csv
2026-04-06,212830,Samuel Alejandro Linde Palacios,775,37,0.0,0.0,COL,18,atp_rankings_2026_04_06.csv
2026-04-06,208267,Oscar Weightman,776,36,0.0,1.0,GBR,24,atp_rankings_2026_04_06.csv
2026-04-06,210294,Jack Anthrop,777,36,0.0,1.0,USA,22,atp_rankings_2026_04_06.csv
2026-04-06,214590,Nikita Belozertsev,778,36,0.0,1.0,UZB,17,atp_rankings_2026_04_06.csv
2026-04-06,211355,Oskar Brostrom Poulsen,779,36,2.0,19.0,DEN,24,atp_rankings_2026_04_06.csv
2026-04-06,110602,Dennis Novak,780,36,0.0,3.0,AUT,32,atp_rankings_2026_04_06.csv
2026-04-06,126185,Evgenii Tiurnev,781,36,0.0,0.0,RUS,28,atp_rankings_2026_04_06.csv
2026-04-06,200270,Alex Knaff,782,36,-4.0,-35.0,LUX,28,atp_rankings_2026_04_06.csv
2026-04-06,210236,Attila Boros,783,36,0.0,1.0,HUN,22,atp_rankings_2026_04_06.csv
2026-04-06,210086,Lorenzo Angelini,784,36,0.0,1.0,ITA,20,atp_rankings_2026_04_06.csv
2026-04-06,209337,Luca Castagnola,785,36,0.0,1.0,ITA,23,atp_rankings_2026_04_06.csv
2026-04-06,111505,Enzo Couacaud,786,35,-6.0,-57.0,FRA,31,atp_rankings_2026_04_06.csv
2026-04-06,212455,Lucas Andrade Da Silva,787,35,0.0,0.0,BRA,21,atp_rankings_2026_04_06.csv
2026-04-06,210488,Roger Pascual Ferra,788,35,0.0,0.0,ESP,20,atp_rankings_2026_04_06.csv
2026-04-06,106075,Jozef Kovalik,789,35,0.0,1.0,SVK,33,atp_rankings_2026_04_06.csv
2026-04-06,210242,Ryan Colby,790,35,0.0,2.0,USA,22,atp_rankings_2026_04_06.csv
2026-04-06,211566,Patrick Schoen,791,35,4.0,40.0,SUI,20,atp_rankings_2026_04_06.csv
2026-04-06,206921,Scott Jones,792,35,4.0,40.0,AUS,28,atp_rankings_2026_04_06.csv
2026-04-06,210553,Jacob Bradshaw,793,35,2.0,17.0,AUS,23,atp_rankings_2026_04_06.csv
2026-04-06,209247,Axel Garcian,794,35,0.0,-1.0,FRA,23,atp_rankings_2026_04_06.csv
2026-04-06,212244,Gabriel Ghetu,795,35,-8.0,-73.0,ROU,18,atp_rankings_2026_04_06.csv
2026-04-06,200228,Felix Corwin,796,35,0.0,-2.0,USA,29,atp_rankings_2026_04_06.csv
2026-04-06,209164,Lorenzo Rottoli,797,35,0.0,-1.0,ITA,24,atp_rankings_2026_04_06.csv
2026-04-06,209985,Amaury Raynel,798,35,0.0,-1.0,FRA,23,atp_rankings_2026_04_06.csv
2026-04-06,212221,Tianhui Zhang,799,35,0.0,-4.0,CHN,20,atp_rankings_2026_04_06.csv
2026-04-06,209067,Hunter Heck,800,34,2.0,20.0,USA,23,atp_rankings_2026_04_06.csv
2026-04-06,109946,Pedro Rodrigues,801,34,-1.0,-10.0,BRA,20,atp_rankings_2026_04_06.csv
2026-04-06,126939,Khumoun Sultanov,802,34,-6.0,-56.0,UZB,27,atp_rankings_2026_04_06.csv
2026-04-06,209198,Gian Luca Tanner,803,34,0.0,-4.0,SUI,25,atp_rankings_2026_04_06.csv
2026-04-06,202327,Marko Miladinovic,804,34,0.0,-4.0,SRB,25,atp_rankings_2026_04_06.csv
2026-04-06,209416,Juan Carlos Aguilar,805,34,-5.0,-51.0,CAN,27,atp_rankings_2026_04_06.csv
2026-04-06,210328,Matt Ponchet,806,34,0.0,-5.0,FRA,21,atp_rankings_2026_04_06.csv
2026-04-06,144915,Mikalai Haliak,807,34,0.0,-5.0,BLR,27,atp_rankings_2026_04_06.csv
2026-04-06,208094,Jorge Plans,808,34,0.0,-4.0,ESP,24,atp_rankings_2026_04_06.csv
2026-04-06,212025,Yannik Kelm,809,34,0.0,-6.0,GER,21,atp_rankings_2026_04_06.csv
2026-04-06,208285,Fausto Tabacco,810,34,2.0,15.0,ITA,23,atp_rankings_2026_04_06.csv
2026-04-06,200330,Tomas Curras Abasolo,811,34,1.0,5.0,ESP,25,atp_rankings_2026_04_06.csv
2026-04-06,212285,Albert Pedrico Kravtsov,812,33,0.0,-5.0,ESP,20,atp_rankings_2026_04_06.csv
2026-04-06,210203,Pedro Rodenas,813,33,0.0,-5.0,ESP,22,atp_rankings_2026_04_06.csv
2026-04-06,207736,Arklon Huertas Del Pino,814,33,2.0,15.0,PER,31,atp_rankings_2026_04_06.csv
2026-04-06,207456,Dong Ju Kim,815,33,0.0,-6.0,KOR,23,atp_rankings_2026_04_06.csv
2026-04-06,209278,Alec Beckley,816,33,0.0,-5.0,RSA,24,atp_rankings_2026_04_06.csv
2026-04-06,209099,Kristijan Juhas,817,33,1.0,4.0,SRB,24,atp_rankings_2026_04_06.csv
2026-04-06,210577,Alejandro Turriziani Alvarez,818,33,0.0,-6.0,ESP,23,atp_rankings_2026_04_06.csv
2026-04-06,200176,Manish Sureshkumar,819,33,2.0,15.0,IND,26,atp_rankings_2026_04_06.csv
2026-04-06,208302,Nikola Slavic,820,33,0.0,-7.0,SWE,25,atp_rankings_2026_04_06.csv
2026-04-06,212978,Izan Almazan Valiente,821,33,0.0,-7.0,ESP,20,atp_rankings_2026_04_06.csv
2026-04-06,211707,Amit Vales,822,33,-1.0,-16.0,ISR,20,atp_rankings_2026_04_06.csv
2026-04-06,208532,Thiago Cigarran,823,33,0.0,-8.0,ARG,26,atp_rankings_2026_04_06.csv
2026-04-06,209095,Francisco Rocha,824,33,2.0,17.0,POR,26,atp_rankings_2026_04_06.csv
2026-04-06,208147,Alexandre Aubriot,825,33,0.0,-7.0,FRA,26,atp_rankings_2026_04_06.csv
2026-04-06,106397,Wishaya Trongcharoenchaikul,826,33,0.0,-7.0,THA,30,atp_rankings_2026_04_06.csv
2026-04-06,209330,Bautista Vilicich,827,32,0.0,-5.0,ARG,24,atp_rankings_2026_04_06.csv
2026-04-06,207592,Martin Van Der Meerschen,828,32,0.0,-4.0,BEL,25,atp_rankings_2026_04_06.csv
2026-04-06,206916,Joshua Charlton,829,32,2.0,18.0,AUS,26,atp_rankings_2026_04_06.csv
2026-04-06,209923,Romain Faucon,830,32,0.0,-3.0,BEL,23,atp_rankings_2026_04_06.csv
2026-04-06,208925,John Hallquist Lithen,831,32,-1.0,-14.0,SWE,24,atp_rankings_2026_04_06.csv
2026-04-06,209253,Andrea Fiorentini,832,32,4.0,39.0,ITA,25,atp_rankings_2026_04_06.csv
2026-04-06,214004,Michael Antonius,833,31,1.0,10.0,USA,,atp_rankings_2026_04_06.csv
2026-04-06,212275,Thijs Boogaard,834,31,1.0,10.0,NED,17,atp_rankings_2026_04_06.csv
2026-04-06,132310,Tiago Cacao,835,31,0.0,-2.0,POR,28,atp_rankings_2026_04_06.csv
2026-04-06,208372,Natan Rodrigues,836,31,0.0,-1.0,BRA,24,atp_rankings_2026_04_06.csv
2026-04-06,210143,Maximilian Homberg,837,31,0.0,2.0,GER,23,atp_rankings_2026_04_06.csv
2026-04-06,212071,Kasra Rahmani,838,31,2.0,17.0,IRI,19,atp_rankings_2026_04_06.csv
2026-04-06,212306,Ignacio Parisca,839,31,0.0,1.0,VEN,20,atp_rankings_2026_04_06.csv
2026-04-06,105868,Wilson Leite,840,31,0.0,-2.0,BRA,34,atp_rankings_2026_04_06.csv
2026-04-06,208051,Axel Nefve,841,31,1.0,8.0,USA,25,atp_rankings_2026_04_06.csv
2026-04-06,210052,Nicolas Zanellato,842,31,2.0,17.0,BRA,24,atp_rankings_2026_04_06.csv
2026-04-06,210652,Dragos Nicolae Cazacu,843,31,-1.0,-15.0,ROU,22,atp_rankings_2026_04_06.csv
2026-04-06,209360,Samir Hamza Reguig,844,31,0.0,-2.0,ALG,24,atp_rankings_2026_04_06.csv
2026-04-06,210254,Adrien Gobat,845,30,0.0,1.0,FRA,24,atp_rankings_2026_04_06.csv
2026-04-06,117353,Duck Hee Lee,846,30,-1.0,-9.0,KOR,27,atp_rankings_2026_04_06.csv
2026-04-06,200595,Lorenzo Bocchi,847,30,4.0,32.0,ITA,28,atp_rankings_2026_04_06.csv
2026-04-06,210623,Jakub Filip,848,30,2.0,20.0,CZE,20,atp_rankings_2026_04_06.csv
2026-04-06,208277,Taiyo Yamanaka,849,30,-2.0,-23.0,JPN,24,atp_rankings_2026_04_06.csv
2026-04-06,211391,Iannis Miletich,850,30,-8.0,-82.0,ITA,20,atp_rankings_2026_04_06.csv
2026-04-06,207383,Taisei Ichikawa,851,30,1.0,9.0,JPN,25,atp_rankings_2026_04_06.csv
2026-04-06,106296,Gregoire Barrere,852,29,0.0,-1.0,FRA,32,atp_rankings_2026_04_06.csv
2026-04-06,144841,Christian Sigsgaard,853,29,0.0,-1.0,DEN,29,atp_rankings_2026_04_06.csv
2026-04-06,209882,Jeffrey Von Der Schulenburg,854,29,0.0,-1.0,SUI,24,atp_rankings_2026_04_06.csv
2026-04-06,209914,Andreja Petrovic,855,29,1.0,10.0,NOR,26,atp_rankings_2026_04_06.csv
2026-04-06,212288,Vincent Marysko,856,29,0.0,-2.0,GER,20,atp_rankings_2026_04_06.csv
2026-04-06,202369,Daniel Salazar Martinez,857,29,0.0,0.0,COL,25,atp_rankings_2026_04_06.csv
2026-04-06,207788,Thanapet Chanta,858,29,1.0,9.0,THA,26,atp_rankings_2026_04_06.csv
2026-04-06,208533,Joao Victor Couto Loureiro,859,29,0.0,-1.0,BRA,23,atp_rankings_2026_04_06.csv
2026-04-06,208264,Carles Hernandez,860,29,1.0,9.0,ESP,24,atp_rankings_2026_04_06.csv
2026-04-06,210099,Dinko Dinev,861,29,-1.0,-11.0,BUL,22,atp_rankings_2026_04_06.csv
2026-04-06,212115,Hoyoung Roh,862,28,0.0,-1.0,KOR,19,atp_rankings_2026_04_06.csv
2026-04-06,213010,Marc Van Der Merwe,863,28,0.0,-1.0,RSA,31,atp_rankings_2026_04_06.csv
2026-04-06,213194,Jack Kennedy,864,28,0.0,-1.0,USA,17,atp_rankings_2026_04_06.csv
2026-04-06,208166,Xiaofei Wang,865,28,0.0,-1.0,CHN,23,atp_rankings_2026_04_06.csv
2026-04-06,202258,Rafael Izquierdo Luque,866,28,0.0,0.0,ESP,26,atp_rankings_2026_04_06.csv
2026-04-06,210098,Victor Lilov,867,28,-1.0,-11.0,USA,22,atp_rankings_2026_04_06.csv
2026-04-06,210477,Artur Kukasian,868,28,0.0,2.0,RUS,22,atp_rankings_2026_04_06.csv
2026-04-06,210252,Seydina Andre,869,28,1.0,6.0,SEN,22,atp_rankings_2026_04_06.csv
2026-04-06,211479,Gustavo Ribeiro De Almeida,870,27,-3.0,-25.0,BRA,19,atp_rankings_2026_04_06.csv
2026-04-06,210523,Luca Pow,871,27,0.0,1.0,GBR,21,atp_rankings_2026_04_06.csv
2026-04-06,106249,Joao Domingues,872,27,0.0,1.0,POR,32,atp_rankings_2026_04_06.csv
2026-04-06,202065,Petros Tsitsipas,873,27,-4.0,-37.0,GRE,25,atp_rankings_2026_04_06.csv
2026-04-06,208152,Gabriele Bosio,874,27,8.0,95.0,ITA,25,atp_rankings_2026_04_06.csv
2026-04-06,212748,Anas Mazdrashki,875,27,0.0,-1.0,BUL,,atp_rankings_2026_04_06.csv
2026-04-06,148674,Emon Van Loben Sels,876,26,0.0,0.0,USA,21,atp_rankings_2026_04_06.csv
2026-04-06,211649,Fernando Cavallo,877,26,0.0,3.0,ARG,20,atp_rankings_2026_04_06.csv
2026-04-06,210424,Michel Hopp,878,26,-4.0,-30.0,GER,27,atp_rankings_2026_04_06.csv
2026-04-06,134276,Jacob Brumm,879,26,0.0,2.0,USA,27,atp_rankings_2026_04_06.csv
2026-04-06,208466,Evan Bynoe,880,26,0.0,3.0,USA,26,atp_rankings_2026_04_06.csv
2026-04-06,206749,Niccolo Catini,881,26,0.0,3.0,ITA,28,atp_rankings_2026_04_06.csv
2026-04-06,208818,Finn Murgett,882,26,0.0,3.0,GBR,24,atp_rankings_2026_04_06.csv
2026-04-06,212171,Nicolas Jadoun,883,26,1.0,15.0,FRA,23,atp_rankings_2026_04_06.csv
2026-04-06,106423,Thanasi Kokkinakis,884,25,0.0,2.0,AUS,29,atp_rankings_2026_04_06.csv
2026-04-06,211708,Manuel Plunger,885,25,0.0,2.0,ITA,23,atp_rankings_2026_04_06.csv
2026-04-06,149842,Nicolas Ian Kotzen,886,25,0.0,2.0,USA,23,atp_rankings_2026_04_06.csv
2026-04-06,134087,Johannes Ingildsen,887,25,0.0,2.0,DEN,28,atp_rankings_2026_04_06.csv
2026-04-06,144707,Mikael Ymer,888,25,0.0,2.0,SWE,27,atp_rankings_2026_04_06.csv
2026-04-06,211394,Patrick Brady,889,25,0.0,2.0,GBR,21,atp_rankings_2026_04_06.csv
2026-04-06,211651,Alexander Vasilev,890,25,0.0,2.0,BUL,18,atp_rankings_2026_04_06.csv
2026-04-06,212235,Noah Zamora,891,25,2.0,23.0,USA,23,atp_rankings_2026_04_06.csv
2026-04-06,212127,Charlie Robertson,892,25,0.0,2.0,GBR,19,atp_rankings_2026_04_06.csv
2026-04-06,104729,Ivan Nedelko,893,25,-1.0,-15.0,RUS,39,atp_rankings_2026_04_06.csv
2026-04-06,209937,Giorgio Tabacco,894,25,0.0,1.0,ITA,22,atp_rankings_2026_04_06.csv
2026-04-06,212203,Luca Preda,895,25,-7.0,-72.0,ROU,20,atp_rankings_2026_04_06.csv
2026-04-06,206556,Lautaro Agustin Falabella,896,25,0.0,0.0,ARG,28,atp_rankings_2026_04_06.csv
2026-04-06,212269,Marc Majdandzic,897,25,1.0,6.0,GER,21,atp_rankings_2026_04_06.csv
2026-04-06,125833,Mert Naci Turker,898,25,1.0,6.0,TUR,27,atp_rankings_2026_04_06.csv
2026-04-06,202125,Benjamin Pietri,899,25,0.0,-2.0,FRA,29,atp_rankings_2026_04_06.csv
2026-04-06,209943,Ilya Snitari,900,24,0.0,-1.0,MDA,24,atp_rankings_2026_04_06.csv
2026-04-06,210132,Julio Cesar Porras,901,24,-1.0,-8.0,ARG,28,atp_rankings_2026_04_06.csv
2026-04-06,200671,Daisuke Sumizawa,902,24,0.0,-1.0,JPN,27,atp_rankings_2026_04_06.csv
2026-04-06,126135,Jumpei Yamasaki,903,24,0.0,-1.0,JPN,28,atp_rankings_2026_04_06.csv
2026-04-06,200125,Mykyta Mashtakov,904,24,0.0,1.0,UKR,27,atp_rankings_2026_04_06.csv
2026-04-06,126971,Marcus Walters,905,24,-2.0,-23.0,GBR,28,atp_rankings_2026_04_06.csv
2026-04-06,207794,Younes Lalami Laaroussi,906,24,0.0,0.0,MAR,24,atp_rankings_2026_04_06.csv
2026-04-06,202275,Fermin Tenti,907,24,0.0,0.0,ARG,28,atp_rankings_2026_04_06.csv
2026-04-06,202334,Jesse Delaney,908,24,0.0,0.0,AUS,27,atp_rankings_2026_04_06.csv
2026-04-06,213965,Andrew Johnson,909,23,3.0,35.0,USA,16,atp_rankings_2026_04_06.csv
2026-04-06,212733,Matthew Forbes,910,23,0.0,1.0,USA,20,atp_rankings_2026_04_06.csv
2026-04-06,213932,Theodore Dean,911,23,0.0,1.0,USA,24,atp_rankings_2026_04_06.csv
2026-04-06,126165,Aoran Wang,912,23,0.0,1.0,CHN,29,atp_rankings_2026_04_06.csv
2026-04-06,209166,Calvin Mueller,913,23,0.0,2.0,GER,25,atp_rankings_2026_04_06.csv
2026-04-06,209905,Shunsuke Nakagawa,914,23,0.0,2.0,JPN,26,atp_rankings_2026_04_06.csv
2026-04-06,212780,Enzo Kohlmann De Freitas,915,23,0.0,2.0,BRA,19,atp_rankings_2026_04_06.csv
2026-04-06,208320,Christopher Li,916,23,0.0,2.0,PER,22,atp_rankings_2026_04_06.csv
2026-04-06,213059,Carles Cordoba,917,23,0.0,2.0,ESP,20,atp_rankings_2026_04_06.csv
2026-04-06,210683,Peter Buldorini,918,23,1.0,13.0,ITA,21,atp_rankings_2026_04_06.csv
2026-04-06,210483,Yaojie Zeng,919,23,0.0,1.0,CHN,24,atp_rankings_2026_04_06.csv
2026-04-06,210531,Paul Inchauspe,920,22,0.0,5.0,FRA,22,atp_rankings_2026_04_06.csv
2026-04-06,214018,Jamie Mackenzie,921,22,0.0,5.0,GER,,atp_rankings_2026_04_06.csv
2026-04-06,208237,Aleksa Ciric,922,22,0.0,5.0,SRB,25,atp_rankings_2026_04_06.csv
2026-04-06,210265,Aleksandr Lobanov,923,22,-2.0,-23.0,RUS,25,atp_rankings_2026_04_06.csv
2026-04-06,212311,Stijn Paardekooper,924,22,0.0,4.0,NED,22,atp_rankings_2026_04_06.csv
2026-04-06,212832,Salvador Price,925,22,0.0,4.0,COL,21,atp_rankings_2026_04_06.csv
2026-04-06,208055,Ajeet Rai,926,22,0.0,4.0,NZL,27,atp_rankings_2026_04_06.csv
2026-04-06,210429,Pietro Romeo Scomparin,927,22,0.0,5.0,ITA,24,atp_rankings_2026_04_06.csv
2026-04-06,208229,Qian Sun,928,22,2.0,25.0,CHN,24,atp_rankings_2026_04_06.csv
2026-04-06,144925,Nitin Kumar Sinha,929,22,-1.0,-7.0,IND,27,atp_rankings_2026_04_06.csv
2026-04-06,209956,Dev Javia,930,22,-1.0,-7.0,IND,24,atp_rankings_2026_04_06.csv
2026-04-06,212259,Benjamin Thomas George,931,22,0.0,2.0,CAN,23,atp_rankings_2026_04_06.csv
2026-04-06,200276,Niklas Schell,932,22,0.0,3.0,GER,27,atp_rankings_2026_04_06.csv
2026-04-06,208250,Mihai Razvan Marinescu,933,22,0.0,3.0,ROU,24,atp_rankings_2026_04_06.csv
2026-04-06,202124,Kosuke Ogura,934,22,-2.0,-25.0,JPN,30,atp_rankings_2026_04_06.csv
2026-04-06,200441,Grigoriy Lomakin,935,22,1.0,8.0,KAZ,28,atp_rankings_2026_04_06.csv
2026-04-06,212076,Zoran Ludoski,936,21,0.0,1.0,SRB,20,atp_rankings_2026_04_06.csv
2026-04-06,209334,Micah Braswell,937,21,0.0,1.0,USA,24,atp_rankings_2026_04_06.csv
2026-04-06,211658,Tomas Martinez,938,21,4.0,64.0,ARG,22,atp_rankings_2026_04_06.csv
2026-04-06,207404,Miles Jones,939,21,1.0,16.0,USA,25,atp_rankings_2026_04_06.csv
2026-04-06,208806,Stefano Dagostino,940,21,-2.0,-19.0,ITA,22,atp_rankings_2026_04_06.csv
2026-04-06,109694,Pedro Araujo,941,21,0.0,0.0,POR,24,atp_rankings_2026_04_06.csv
2026-04-06,211897,Naoya Honda,942,21,-2.0,-18.0,JPN,20,atp_rankings_2026_04_06.csv
2026-04-06,212461,Daniele Rapagnetta,943,21,-1.0,-9.0,ITA,19,atp_rankings_2026_04_06.csv
2026-04-06,212816,Lucca Helguera Casado,944,21,1.0,14.0,ESP,20,atp_rankings_2026_04_06.csv
2026-04-06,210093,Sander Jong,945,20,0.0,0.0,NED,25,atp_rankings_2026_04_06.csv
2026-04-06,212958,Spencer Johnson,946,20,0.0,1.0,USA,23,atp_rankings_2026_04_06.csv
2026-04-06,210759,Gianluca Brunkow,947,20,0.0,-1.0,USA,23,atp_rankings_2026_04_06.csv
2026-04-06,148673,Dominique Rolland,948,20,0.0,0.0,USA,21,atp_rankings_2026_04_06.csv
2026-04-06,126283,Yunseong Chung,949,20,0.0,0.0,KOR,28,atp_rankings_2026_04_06.csv
2026-04-06,208653,Isaac Becroft,950,20,0.0,1.0,NZL,25,atp_rankings_2026_04_06.csv
2026-04-06,212478,William Rejchtman Vinciguerra,951,20,0.0,1.0,SWE,19,atp_rankings_2026_04_06.csv
2026-04-06,202077,Ewen Lumsden,952,20,0.0,1.0,GBR,26,atp_rankings_2026_04_06.csv
2026-04-06,208132,Noah Schachter,953,20,0.0,3.0,USA,26,atp_rankings_2026_04_06.csv
2026-04-06,212639,Yuto Oki,954,20,4.0,72.0,JPN,,atp_rankings_2026_04_06.csv
2026-04-06,126536,David Pichler,955,19,0.0,5.0,AUT,30,atp_rankings_2026_04_06.csv
2026-04-06,210028,Ozan Baris,956,19,0.0,6.0,USA,22,atp_rankings_2026_04_06.csv
2026-04-06,210727,Taym Al Azmeh,957,19,0.0,6.0,GER,22,atp_rankings_2026_04_06.csv
2026-04-06,210091,Filip Pieczonka,958,19,0.0,6.0,POL,21,atp_rankings_2026_04_06.csv
2026-04-06,106078,Egor Gerasimov,959,19,0.0,6.0,BLR,33,atp_rankings_2026_04_06.csv
2026-04-06,212852,Kacper Szymkowiak,960,19,0.0,6.0,POL,21,atp_rankings_2026_04_06.csv
2026-04-06,131910,Lucas Bouquet,961,19,-2.0,-22.0,FRA,28,atp_rankings_2026_04_06.csv
2026-04-06,212202,Alvin Nicholas Tudorica,962,19,-2.0,-22.0,CAN,24,atp_rankings_2026_04_06.csv
2026-04-06,209171,Thantub Suksumrarn,963,19,0.0,4.0,THA,24,atp_rankings_2026_04_06.csv
2026-04-06,210535,Maxim Shin,964,19,0.0,4.0,UZB,22,atp_rankings_2026_04_06.csv
2026-04-06,212574,Egor Pleshivtsev,965,19,4.0,80.0,RUS,,atp_rankings_2026_04_06.csv
2026-04-06,213143,Sydney Zick,966,19,2.0,41.0,GER,19,atp_rankings_2026_04_06.csv
2026-04-06,212888,Rares Teodor Pieleanu,967,19,0.0,3.0,ROU,19,atp_rankings_2026_04_06.csv
2026-04-06,122294,Gabriele Maria Noce,968,19,-1.0,-11.0,ITA,30,atp_rankings_2026_04_06.csv
2026-04-06,210047,Lorenzo Lorusso,969,19,0.0,2.0,ITA,26,atp_rankings_2026_04_06.csv
2026-04-06,202244,Jeremy Gschwendtner,970,19,-1.0,-11.0,GBR,27,atp_rankings_2026_04_06.csv
2026-04-06,208401,Giannicola Misasi,971,19,0.0,1.0,ITA,25,atp_rankings_2026_04_06.csv
2026-04-06,111568,Michael Zhu,972,19,1.0,15.0,USA,33,atp_rankings_2026_04_06.csv
2026-04-06,212022,Daniil Sarksian,973,19,2.0,37.0,RUS,19,atp_rankings_2026_04_06.csv
2026-04-06,104905,Nicolas Barrientos,974,18,0.0,-1.0,COL,38,atp_rankings_2026_04_06.csv
2026-04-06,210157,Dylan Dietrich,975,18,0.0,-1.0,SUI,21,atp_rankings_2026_04_06.csv
2026-04-06,106234,Aslan Karatsev,976,18,0.0,-1.0,RUS,32,atp_rankings_2026_04_06.csv
2026-04-06,206573,Trey Hilderbrand,977,18,0.0,-1.0,USA,25,atp_rankings_2026_04_06.csv
2026-04-06,211585,Alex Kuperstein,978,18,0.0,-1.0,USA,27,atp_rankings_2026_04_06.csv
2026-04-06,213838,Ronit Karki,979,18,14.0,523.0,USA,18,atp_rankings_2026_04_06.csv
2026-04-06,209928,Kalin Ivanovski,980,18,-8.0,-103.0,MKD,21,atp_rankings_2026_04_06.csv
2026-04-06,109334,Bastian Malla,981,18,8.0,175.0,CHI,29,atp_rankings_2026_04_06.csv
2026-04-06,133014,Enzo Wallart,982,18,0.0,-3.0,FRA,29,atp_rankings_2026_04_06.csv
2026-04-06,211774,Ryotaro Taguchi,983,18,-2.0,-33.0,JPN,25,atp_rankings_2026_04_06.csv
2026-04-06,211646,Louis Larue,984,18,1.0,16.0,FRA,21,atp_rankings_2026_04_06.csv
2026-04-06,126581,Juan Sebastian Osorio,985,18,0.0,-5.0,COL,28,atp_rankings_2026_04_06.csv
2026-04-06,200418,Karl Friberg,986,18,0.0,-5.0,SWE,27,atp_rankings_2026_04_06.csv
2026-04-06,207676,Adan Freire Da Silva,987,18,-3.0,-45.0,FRA,26,atp_rankings_2026_04_06.csv
2026-04-06,211564,Brian Bozemoj,988,18,0.0,-5.0,NED,22,atp_rankings_2026_04_06.csv
2026-04-06,208057,Diego Fernandez Flores,989,18,0.0,-4.0,CHI,25,atp_rankings_2026_04_06.csv
2026-04-06,200220,Ezekiel Clark,990,18,0.0,-6.0,USA,27,atp_rankings_2026_04_06.csv
2026-04-06,202305,Franco Ribero,991,18,2.0,37.0,ARG,26,atp_rankings_2026_04_06.csv
2026-04-06,212725,Alaa Trifi,992,18,0.0,-6.0,TUN,19,atp_rankings_2026_04_06.csv
2026-04-06,207595,Mateo Barreiros Reyes,993,17,0.0,-5.0,BRA,25,atp_rankings_2026_04_06.csv
2026-04-06,211674,Kuang Qing Xu,994,17,0.0,-5.0,CHN,19,atp_rankings_2026_04_06.csv
2026-04-06,212926,Andrew Delgado,995,17,0.0,-5.0,USA,20,atp_rankings_2026_04_06.csv
2026-04-06,213677,Dante Pagani,996,17,0.0,-5.0,ARG,,atp_rankings_2026_04_06.csv
2026-04-06,212949,Ziga Sesko,997,17,0.0,-5.0,SLO,17,atp_rankings_2026_04_06.csv
2026-04-06,209064,Suk Hyun Choo,998,17,0.0,-5.0,KOR,24,atp_rankings_2026_04_06.csv
2026-04-06,207682,Lorenzo Gagliardo,999,17,0.0,-5.0,ITA,25,atp_rankings_2026_04_06.csv
2026-04-06,212308,Markus Malaszszak,1000,17,0.0,-4.0,GER,21,atp_rankings_2026_04_06.csv
2026-04-06,202419,Justin Schlageter,1001,17,0.0,-3.0,GER,25,atp_rankings_2026_04_06.csv
2026-04-06,212059,Zach Stephens,1002,17,0.0,-5.0,GBR,19,atp_rankings_2026_04_06.csv
2026-04-06,206216,Tom Zeuch,1003,17,0.0,-4.0,GER,26,atp_rankings_2026_04_06.csv
2026-04-06,208003,Bekkhan Atlangeriev,1004,17,0.0,-3.0,RUS,25,atp_rankings_2026_04_06.csv
2026-04-06,126216,Alexander Klintcharov,1005,17,0.0,-2.0,NZL,29,atp_rankings_2026_04_06.csv
2026-04-06,212199,Tymur Bieldiugin,1006,17,0.0,-2.0,UKR,20,atp_rankings_2026_04_06.csv
2026-04-06,213046,Pieter De Lange,1007,17,2.0,35.0,NED,,atp_rankings_2026_04_06.csv
2026-04-06,211700,Ruslan Tiukaev,1008,17,0.0,0.0,RUS,20,atp_rankings_2026_04_06.csv
2026-04-06,211317,Chen Dong,1009,17,0.0,0.0,AUS,23,atp_rankings_2026_04_06.csv
2026-04-06,213987,Vignesh Gogineni,1010,16,0.0,1.0,USA,,atp_rankings_2026_04_06.csv
2026-04-06,211664,Nicolas Oliveira,1011,16,0.0,1.0,BRA,19,atp_rankings_2026_04_06.csv
2026-04-06,202342,Ryan Seggerman,1012,16,0.0,2.0,USA,26,atp_rankings_2026_04_06.csv
2026-04-06,211675,Keegan Rice,1013,16,0.0,2.0,CAN,19,atp_rankings_2026_04_06.csv
2026-04-06,127087,Dominik Recek,1014,16,0.0,2.0,CZE,31,atp_rankings_2026_04_06.csv
2026-04-06,206746,Benjamin Winter Lopez,1015,16,0.0,3.0,ESP,27,atp_rankings_2026_04_06.csv
2026-04-06,212839,Oliver Bonding,1016,16,-1.0,-22.0,GBR,18,atp_rankings_2026_04_06.csv
2026-04-06,212944,Ryo Tabata,1017,16,-2.0,-39.0,JPN,18,atp_rankings_2026_04_06.csv
2026-04-06,208467,Alexander Kotzen,1018,16,0.0,1.0,USA,25,atp_rankings_2026_04_06.csv
2026-04-06,212142,Maxwell Exsted,1019,16,0.0,1.0,USA,19,atp_rankings_2026_04_06.csv
2026-04-06,212086,Grigory Shebekin,1020,16,1.0,18.0,RUS,20,atp_rankings_2026_04_06.csv
2026-04-06,213014,Simeon Stankovic,1021,16,0.0,0.0,SRB,,atp_rankings_2026_04_06.csv
2026-04-06,208130,Geun Jun Kim,1022,16,1.0,17.0,KOR,24,atp_rankings_2026_04_06.csv
2026-04-06,213969,Joao Vitor Scramin Do Lago,1023,16,0.0,-1.0,BRA,19,atp_rankings_2026_04_06.csv
2026-04-06,132374,Jesse Flores,1024,16,-1.0,-19.0,CRC,31,atp_rankings_2026_04_06.csv
2026-04-06,210003,Chirag Duhan,1025,16,-2.0,-43.0,IND,22,atp_rankings_2026_04_06.csv
2026-04-06,206600,Zura Tkemaladze,1026,16,0.0,-3.0,GEO,25,atp_rankings_2026_04_06.csv
2026-04-06,209203,Evgeny Philippov,1027,16,1.0,16.0,RUS,24,atp_rankings_2026_04_06.csv
2026-04-06,212972,Andrea De Marchi,1028,16,-1.0,-22.0,ITA,19,atp_rankings_2026_04_06.csv
2026-04-06,208160,Sam Ryan Ziegann,1028,16,0.0,-4.0,AUS,27,atp_rankings_2026_04_06.csv
2026-04-06,208613,Ezequiel Monferrer,1030,16,0.0,-5.0,ARG,22,atp_rankings_2026_04_06.csv
2026-04-06,209233,Pietro Marino,1031,16,0.0,-4.0,ITA,24,atp_rankings_2026_04_06.csv
2026-04-06,210409,Pavlos Tsitsipas,1032,16,0.0,-3.0,GRE,20,atp_rankings_2026_04_06.csv
2026-04-06,200670,J J Wolf,1033,15,0.0,-3.0,USA,27,atp_rankings_2026_04_06.csv
2026-04-06,126197,Orlando Luz,1034,15,0.0,-3.0,BRA,28,atp_rankings_2026_04_06.csv
2026-04-06,117356,Cem Ilkel,1035,15,-1.0,-22.0,TUR,30,atp_rankings_2026_04_06.csv
2026-04-06,106214,Oscar Otte,1036,15,0.0,-3.0,GER,32,atp_rankings_2026_04_06.csv
2026-04-06,202361,Simon Reveniau,1037,15,0.0,-5.0,FRA,28,atp_rankings_2026_04_06.csv
2026-04-06,213360,Niels Mcdonald,1038,15,0.0,-4.0,GER,18,atp_rankings_2026_04_06.csv
2026-04-06,200331,Leonardo Aboian,1039,15,0.0,-4.0,ARG,27,atp_rankings_2026_04_06.csv
2026-04-06,106167,Joris De Loore,1040,15,0.0,-4.0,BEL,32,atp_rankings_2026_04_06.csv
2026-04-06,105332,Benoit Paire,1041,15,0.0,-4.0,FRA,36,atp_rankings_2026_04_06.csv
2026-04-06,208424,Julian Cundom,1042,15,1.0,13.0,ARG,24,atp_rankings_2026_04_06.csv
2026-04-06,207331,Vladislav Melnic,1043,15,0.0,-3.0,ROU,26,atp_rankings_2026_04_06.csv
2026-04-06,200050,Finn Bass,1044,15,0.0,-3.0,GBR,26,atp_rankings_2026_04_06.csv
2026-04-06,208844,Keshav Chopra,1045,15,0.0,1.0,USA,24,atp_rankings_2026_04_06.csv
2026-04-06,210554,Marko Maksimovic,1046,15,0.0,1.0,SRB,20,atp_rankings_2026_04_06.csv
2026-04-06,212246,Volodymyr Iakubenko,1047,15,0.0,1.0,UKR,20,atp_rankings_2026_04_06.csv
2026-04-06,212552,Nicolas Ifi,1048,15,0.0,1.0,BEL,27,atp_rankings_2026_04_06.csv
2026-04-06,211484,Jangjun Kim,1049,14,0.0,1.0,KOR,19,atp_rankings_2026_04_06.csv
2026-04-06,207649,Savriyan Danilov,1050,14,0.0,1.0,RUS,25,atp_rankings_2026_04_06.csv
2026-04-06,144932,Kristjan Tamm,1051,14,-1.0,-7.0,EST,27,atp_rankings_2026_04_06.csv
2026-04-06,207343,Hanyi Liu,1052,14,2.0,48.0,CHN,24,atp_rankings_2026_04_06.csv
2026-04-06,213591,Billy Suarez,1053,14,0.0,6.0,USA,,atp_rankings_2026_04_06.csv
2026-04-06,211761,Valentin Basel,1054,14,0.0,6.0,ARG,21,atp_rankings_2026_04_06.csv
2026-04-06,210456,Karim Ibrahim,1055,14,0.0,6.0,EGY,22,atp_rankings_2026_04_06.csv
2026-04-06,211676,Saveliy Ivanov,1056,14,1.0,23.0,RUS,21,atp_rankings_2026_04_06.csv
2026-04-06,210038,Matias Ponce De Leon Gomila,1057,13,0.0,6.0,ESP,22,atp_rankings_2026_04_06.csv
2026-04-06,105359,Jason Jung,1058,13,0.0,6.0,TPE,36,atp_rankings_2026_04_06.csv
2026-04-06,210274,Sebastian Dominko,1059,13,0.0,7.0,SLO,22,atp_rankings_2026_04_06.csv
2026-04-06,209115,Oliver Okonkwo,1060,13,0.0,7.0,GBR,25,atp_rankings_2026_04_06.csv
2026-04-06,212530,Mikael Arseneault,1061,13,-1.0,-5.0,CAN,19,atp_rankings_2026_04_06.csv
2026-04-06,213210,Maan Kesharwani,1062,13,1.0,31.0,IND,,atp_rankings_2026_04_06.csv
2026-04-06,211329,James Van Herzeele,1062,13,0.0,6.0,THA,,atp_rankings_2026_04_06.csv
2026-04-06,208518,Hazem Naw,1064,13,1.0,30.0,SYR,26,atp_rankings_2026_04_06.csv
2026-04-06,134405,Koray Kirci,1065,13,0.0,4.0,TUR,27,atp_rankings_2026_04_06.csv
2026-04-06,200289,Mathieu Scaglia,1066,13,0.0,5.0,FRA,27,atp_rankings_2026_04_06.csv
2026-04-06,210166,Mika Lipp,1067,13,0.0,5.0,GER,22,atp_rankings_2026_04_06.csv
2026-04-06,210182,Mateo Del Pino,1068,13,0.0,5.0,ARG,22,atp_rankings_2026_04_06.csv
2026-04-06,144937,Nicolas Parizzia,1069,13,1.0,33.0,SUI,27,atp_rankings_2026_04_06.csv
2026-04-06,117352,Oliver Anderson,1070,13,2.0,61.0,AUS,27,atp_rankings_2026_04_06.csv
2026-04-06,205825,Joao Vitor Goncalves Ceolin,1071,13,-1.0,-13.0,BRA,26,atp_rankings_2026_04_06.csv
2026-04-06,211334,Aljaz Jeran,1072,13,4.0,131.0,SLO,22,atp_rankings_2026_04_06.csv
2026-04-06,206782,Demetris Azoides,1073,13,1.0,30.0,GRE,25,atp_rankings_2026_04_06.csv
2026-04-06,208867,Tomas Luis,1074,13,0.0,2.0,POR,24,atp_rankings_2026_04_06.csv
2026-04-06,145008,Hugo Pierre,1075,13,0.0,2.0,FRA,30,atp_rankings_2026_04_06.csv
2026-04-06,211323,Jacopo Bilardo,1076,13,0.0,2.0,ITA,21,atp_rankings_2026_04_06.csv
2026-04-06,210745,Matthias Ujvary,1077,13,1.0,30.0,AUT,21,atp_rankings_2026_04_06.csv
2026-04-06,104810,Zhe Li,1078,12,0.0,2.0,CHN,39,atp_rankings_2026_04_06.csv
2026-04-06,209280,Devin Badenhorst,1079,12,0.0,2.0,RSA,21,atp_rankings_2026_04_06.csv
2026-04-06,209917,Benito Sanchez Martinez,1080,12,0.0,2.0,GER,23,atp_rankings_2026_04_06.csv
2026-04-06,106398,Pedro Cachin,1081,12,-7.0,-120.0,ARG,30,atp_rankings_2026_04_06.csv
2026-04-06,149115,Adam Jilly,1082,12,0.0,1.0,HUN,19,atp_rankings_2026_04_06.csv
2026-04-06,124001,Gergely Madarasz,1083,12,-1.0,-18.0,HUN,31,atp_rankings_2026_04_06.csv
2026-04-06,212892,Vlado Jankanj,1084,12,0.0,0.0,SRB,,atp_rankings_2026_04_06.csv
2026-04-06,200456,Martin Borisiouk,1085,12,0.0,0.0,BLR,25,atp_rankings_2026_04_06.csv
2026-04-06,106348,Evgeny Karlovskiy,1086,12,0.0,1.0,RUS,31,atp_rankings_2026_04_06.csv
2026-04-06,212930,Mario Martinez Serrano,1087,12,0.0,-1.0,ESP,21,atp_rankings_2026_04_06.csv
2026-04-06,212885,Cezar Gabriel Papoe,1088,12,0.0,0.0,ROU,18,atp_rankings_2026_04_06.csv
2026-04-06,214206,Thiago Agustin Pernas,1089,12,0.0,0.0,ARG,24,atp_rankings_2026_04_06.csv
2026-04-06,210002,Rohan Mehra,1090,12,1.0,24.0,IND,23,atp_rankings_2026_04_06.csv
2026-04-06,210736,Shu Matsuoka,1091,12,0.0,-1.0,JPN,22,atp_rankings_2026_04_06.csv
2026-04-06,202090,Adrian Andreev,1092,12,0.0,0.0,BUL,24,atp_rankings_2026_04_06.csv
2026-04-06,210705,Matt Hulme,1093,12,2.0,60.0,AUS,27,atp_rankings_2026_04_06.csv
2026-04-06,210185,Alen Mujakic,1094,12,0.0,-3.0,GER,22,atp_rankings_2026_04_06.csv
2026-04-06,210436,Hayden Jones,1095,12,-2.0,-38.0,AUS,19,atp_rankings_2026_04_06.csv
2026-04-06,209997,Marcello Serafini,1096,12,-1.0,-26.0,ITA,23,atp_rankings_2026_04_06.csv
2026-04-06,210163,Elgin Khoeblal,1097,12,0.0,1.0,NED,24,atp_rankings_2026_04_06.csv
2026-04-06,213356,Michele Mecarelli,1098,12,2.0,62.0,ITA,18,atp_rankings_2026_04_06.csv
2026-04-06,211491,Robert Guna,1099,12,0.0,-3.0,ROU,20,atp_rankings_2026_04_06.csv
2026-04-06,211497,Rocco Piatti,1100,12,0.0,-3.0,MON,21,atp_rankings_2026_04_06.csv
2026-04-06,212149,Nikola Djosic,1101,12,0.0,-6.0,SUI,18,atp_rankings_2026_04_06.csv
2026-04-06,213007,Tristan Stringer,1102,12,1.0,19.0,USA,20,atp_rankings_2026_04_06.csv
2026-04-06,208908,Rafael De Alba,1103,12,0.0,-4.0,MEX,,atp_rankings_2026_04_06.csv
2026-04-06,207864,Noel Larwig,1104,12,0.0,-3.0,GER,24,atp_rankings_2026_04_06.csv
2026-04-06,207183,Ishaque Eqbal,1105,12,-1.0,-31.0,IND,28,atp_rankings_2026_04_06.csv
2026-04-06,205831,Ammar Alhogbani,1106,12,0.0,-2.0,USA,27,atp_rankings_2026_04_06.csv
2026-04-06,212871,Piet Luis Pinter,1107,12,0.0,-2.0,AUT,20,atp_rankings_2026_04_06.csv
2026-04-06,202106,Juan Bautista Otegui,1108,12,1.0,26.0,ARG,27,atp_rankings_2026_04_06.csv
2026-04-06,211480,Aleksander Chayka,1109,12,0.0,-3.0,RUS,21,atp_rankings_2026_04_06.csv
2026-04-06,212616,Yuta Tomida,1110,12,2.0,61.0,JPN,19,atp_rankings_2026_04_06.csv
2026-04-06,202220,Nicolas Bruna,1111,12,-2.0,-49.0,CHI,27,atp_rankings_2026_04_06.csv
2026-04-06,209852,Zsombor Velcz,1112,11,0.0,-4.0,HUN,23,atp_rankings_2026_04_06.csv
2026-04-06,208262,Alejo Lorenzo Lingua Lavallen,1113,11,-3.0,-60.0,ARG,25,atp_rankings_2026_04_06.csv
2026-04-06,133880,Thomas Deschamps,1114,11,0.0,-4.0,FRA,27,atp_rankings_2026_04_06.csv
2026-04-06,212110,Mathis Bondaz,1115,11,0.0,-4.0,FRA,,atp_rankings_2026_04_06.csv
2026-04-06,111569,Gage Brymer,1116,11,0.0,-4.0,USA,31,atp_rankings_2026_04_06.csv
2026-04-06,126878,David Poljak,1117,11,0.0,-4.0,CZE,29,atp_rankings_2026_04_06.csv
2026-04-06,207172,Connor Thomson,1118,11,0.0,-4.0,GBR,25,atp_rankings_2026_04_06.csv
2026-04-06,211790,Rudy Quan,1119,11,0.0,-3.0,USA,20,atp_rankings_2026_04_06.csv
2026-04-06,213935,Daniil Kakhniuk,1120,11,1.0,31.0,BLR,,atp_rankings_2026_04_06.csv
2026-04-06,212481,Federico Aguilar Cardozo,1121,11,0.0,-3.0,URU,20,atp_rankings_2026_04_06.csv
2026-04-06,213174,Mickael Kaouk,1122,11,0.0,-3.0,FRA,,atp_rankings_2026_04_06.csv
2026-04-06,212280,Giulio Perego,1123,11,1.0,34.0,ITA,22,atp_rankings_2026_04_06.csv
2026-04-06,212284,Pengyu Lu,1124,11,0.0,-4.0,CHN,24,atp_rankings_2026_04_06.csv
2026-04-06,212260,Rocco Valente,1125,11,8.0,530.0,ARG,21,atp_rankings_2026_04_06.csv
2026-04-06,209999,Leonardo Malgaroli,1126,11,0.0,-5.0,ITA,23,atp_rankings_2026_04_06.csv
2026-04-06,210514,Edison Ambarzumjan,1127,11,0.0,-4.0,GER,29,atp_rankings_2026_04_06.csv
2026-04-06,212649,Seung Woo Cho,1128,11,0.0,-4.0,KOR,27,atp_rankings_2026_04_06.csv
2026-04-06,136648,Jefferson Wendler Filho,1128,11,0.0,-4.0,BRA,30,atp_rankings_2026_04_06.csv
2026-04-06,212834,Nicolas Garcia Longo,1130,11,0.0,-4.0,ARG,20,atp_rankings_2026_04_06.csv
2026-04-06,210155,Jasza Szajrych,1130,11,1.0,33.0,POL,23,atp_rankings_2026_04_06.csv
2026-04-06,200024,Makoto Ochi,1132,11,0.0,-4.0,JPN,29,atp_rankings_2026_04_06.csv
2026-04-06,202293,Charles Bertimon,1133,11,0.0,-4.0,FRA,26,atp_rankings_2026_04_06.csv
2026-04-06,209921,Ali Habib,1134,11,0.0,-4.0,GBR,23,atp_rankings_2026_04_06.csv
2026-04-06,208006,Rafael Tosetto,1135,11,0.0,-3.0,BRA,26,atp_rankings_2026_04_06.csv
2026-04-06,200166,Stefan Vujic,1136,11,0.0,-3.0,AUS,28,atp_rankings_2026_04_06.csv
2026-04-06,212726,Sungbeen Sim,1137,11,0.0,-2.0,KOR,28,atp_rankings_2026_04_06.csv
2026-04-06,212084,Denis Petak,1138,11,0.0,-2.0,CZE,19,atp_rankings_2026_04_06.csv
2026-04-06,211904,Maximilian Figl,1139,11,1.0,30.0,ITA,22,atp_rankings_2026_04_06.csv
2026-04-06,210684,Niccolo Ciavarella,1140,11,0.0,-2.0,ITA,22,atp_rankings_2026_04_06.csv
2026-04-06,208864,Leyton Rivera,1141,11,1.0,32.0,NOR,24,atp_rankings_2026_04_06.csv
2026-04-06,105334,Luis David Martinez,1142,10,0.0,-2.0,VEN,36,atp_rankings_2026_04_06.csv
2026-04-06,105373,Martin Klizan,1143,10,-13.0,-233.0,SVK,36,atp_rankings_2026_04_06.csv
2026-04-06,207996,Siddhant Banthia,1144,10,0.0,-3.0,IND,25,atp_rankings_2026_04_06.csv
2026-04-06,212276,Stian Klaassen,1144,10,0.0,-3.0,NED,22,atp_rankings_2026_04_06.csv
2026-04-06,208151,Filippo Speziali,1144,10,0.0,-3.0,ITA,25,atp_rankings_2026_04_06.csv
2026-04-06,213977,Cosme Rolland De Ravel,1147,10,0.0,-3.0,FRA,21,atp_rankings_2026_04_06.csv
2026-04-06,210323,Luis Felipe Miguel,1148,10,0.0,-3.0,BRA,22,atp_rankings_2026_04_06.csv
2026-04-06,212857,Cooper Woestendick,1149,10,0.0,-3.0,USA,19,atp_rankings_2026_04_06.csv
2026-04-06,212300,Sasha Rozin,1150,10,0.0,-3.0,CAN,20,atp_rankings_2026_04_06.csv
2026-04-06,200457,Jannik Opitz,1151,10,0.0,-3.0,GER,27,atp_rankings_2026_04_06.csv
2026-04-06,200598,Isaiah Strode,1152,10,0.0,0.0,USA,28,atp_rankings_2026_04_06.csv
2026-04-06,126953,Chan Yeong Oh,1153,10,-1.0,-36.0,KOR,27,atp_rankings_2026_04_06.csv
2026-04-06,213603,Joaquin Guilleme,1154,10,0.0,-4.0,NIC,,atp_rankings_2026_04_06.csv
2026-04-06,212064,Duje Markovina,1155,10,0.0,-6.0,CRO,18,atp_rankings_2026_04_06.csv
2026-04-06,212820,Martin Sabas,1156,10,0.0,-1.0,FRA,24,atp_rankings_2026_04_06.csv
2026-04-06,207927,Thando Longwe Smit,1157,10,0.0,1.0,RSA,24,atp_rankings_2026_04_06.csv
2026-04-06,133291,Ryota Tanuma,1158,10,0.0,-4.0,JPN,30,atp_rankings_2026_04_06.csv
2026-04-06,213580,Leonardo Primucci,1159,10,0.0,0.0,ITA,,atp_rankings_2026_04_06.csv
2026-04-06,110751,Sebastian Fanselow,1160,10,0.0,1.0,GER,34,atp_rankings_2026_04_06.csv
2026-04-06,202190,Gregor Ramskogler,1161,10,0.0,1.0,AUT,27,atp_rankings_2026_04_06.csv
2026-04-06,106175,Ricardo Rodriguez,1162,10,-1.0,-36.0,VEN,32,atp_rankings_2026_04_06.csv
2026-04-06,200036,Abhinav Sanjeev Shanmugam,1163,10,0.0,1.0,IND,27,atp_rankings_2026_04_06.csv
2026-04-06,208866,Leonid Sheyngezikht,1164,10,0.0,2.0,BUL,25,atp_rankings_2026_04_06.csv
2026-04-06,212263,Xing Dao Chen,1165,10,0.0,0.0,CHN,22,atp_rankings_2026_04_06.csv
2026-04-06,124099,Mohamed Nazim Makhlouf,1166,10,0.0,1.0,ALG,29,atp_rankings_2026_04_06.csv
2026-04-06,132054,Nathan Ponwith,1166,10,-1.0,-29.0,USA,27,atp_rankings_2026_04_06.csv
2026-04-06,200197,Boris Butulija,1168,10,0.0,2.0,SRB,27,atp_rankings_2026_04_06.csv
2026-04-06,212935,Ferdinand Livet Novkirichka,1169,10,1.0,36.0,FRA,,atp_rankings_2026_04_06.csv
2026-04-06,210455,Noah Perfetti,1170,10,-1.0,-31.0,ITA,24,atp_rankings_2026_04_06.csv
2026-04-06,144730,Tomohiro Masabayashi,1171,10,1.0,37.0,JPN,28,atp_rankings_2026_04_06.csv
2026-04-06,208186,Preston Brown,1172,10,0.0,0.0,USA,24,atp_rankings_2026_04_06.csv
2026-04-06,126149,Gianluca Mager,1173,9,0.0,1.0,ITA,31,atp_rankings_2026_04_06.csv
2026-04-06,208370,Keenan Mayo,1174,9,1.0,36.0,USA,25,atp_rankings_2026_04_06.csv
2026-04-06,210613,Derek Pham,1174,9,0.0,1.0,AUS,22,atp_rankings_2026_04_06.csv
2026-04-06,149277,Andrea Meduri,1176,9,0.0,0.0,ITA,21,atp_rankings_2026_04_06.csv
2026-04-06,105633,Mohamed Safwat,1176,9,0.0,0.0,EGY,35,atp_rankings_2026_04_06.csv
2026-04-06,213956,Andrej Loncarevic,1178,9,0.0,1.0,FRA,20,atp_rankings_2026_04_06.csv
2026-04-06,126120,Nino Serdarusic,1179,9,0.0,1.0,CRO,29,atp_rankings_2026_04_06.csv
2026-04-06,106262,Boris Arias,1180,9,0.0,1.0,BOL,32,atp_rankings_2026_04_06.csv
2026-04-06,106368,Ramkumar Ramanathan,1180,9,0.0,1.0,IND,31,atp_rankings_2026_04_06.csv
2026-04-06,213802,Mustafa Ege Sik,1182,9,0.0,1.0,TUR,16,atp_rankings_2026_04_06.csv
2026-04-06,209060,Alexander Bernard,1183,9,0.0,1.0,USA,22,atp_rankings_2026_04_06.csv
2026-04-06,149272,Tudor Batin,1184,9,0.0,1.0,ROU,19,atp_rankings_2026_04_06.csv
2026-04-06,211655,Julian  Alonso,1185,9,0.0,2.0,ESP,21,atp_rankings_2026_04_06.csv
2026-04-06,213036,Luis Guto Miguel,1186,9,0.0,2.0,BRA,17,atp_rankings_2026_04_06.csv
2026-04-06,213996,Anton Arzhankin,1187,9,0.0,2.0,RUS,,atp_rankings_2026_04_06.csv
2026-04-06,214043,Lachlan James Mcfadzean,1187,9,0.0,-1.0,AUS,19,atp_rankings_2026_04_06.csv
2026-04-06,210039,Orel Kimhi,1189,9,0.0,1.0,ISR,22,atp_rankings_2026_04_06.csv
2026-04-06,211505,Denis Constantin Spiridon,1190,9,0.0,2.0,ITA,23,atp_rankings_2026_04_06.csv
2026-04-06,209516,Valentin Lapalu,1191,9,0.0,2.0,FRA,24,atp_rankings_2026_04_06.csv
2026-04-06,207452,Matthew Thomson,1192,9,0.0,2.0,USA,25,atp_rankings_2026_04_06.csv
2026-04-06,210742,Phillip Jordan,1193,9,0.0,2.0,USA,25,atp_rankings_2026_04_06.csv
2026-04-06,208249,Gian Marco Ortenzi,1194,9,0.0,4.0,ITA,26,atp_rankings_2026_04_06.csv
2026-04-06,210198,George Lazarov,1195,9,0.0,-4.0,BUL,21,atp_rankings_2026_04_06.csv
2026-04-06,209955,Mikail Alimli,1196,9,0.0,3.0,FRA,22,atp_rankings_2026_04_06.csv
2026-04-06,212533,Markus Molder,1197,9,0.0,0.0,EST,20,atp_rankings_2026_04_06.csv
2026-04-06,210754,Jan Hrazdil,1198,9,0.0,-2.0,CZE,21,atp_rankings_2026_04_06.csv
2026-04-06,210183,Marcel Kamrowski,1199,9,1.0,35.0,POL,23,atp_rankings_2026_04_06.csv
2026-04-06,212631,David Eichenseher,1200,9,1.0,36.0,GER,20,atp_rankings_2026_04_06.csv
2026-04-06,213103,Viktor Frydrych,1200,9,0.0,1.0,GBR,,atp_rankings_2026_04_06.csv
2026-04-06,211467,Aditya Vishal Balsekar,1202,9,1.0,36.0,IND,23,atp_rankings_2026_04_06.csv
2026-04-06,212295,Enzo Camargo Lima,1203,9,-4.0,-128.0,BRA,22,atp_rankings_2026_04_06.csv
2026-04-06,206736,Benjamin O'Connell,1204,9,0.0,0.0,AUS,27,atp_rankings_2026_04_06.csv
2026-04-06,211532,Nicolo Toffanin,1205,9,1.0,36.0,ITA,23,atp_rankings_2026_04_06.csv
2026-04-06,209118,Niklas Waldner,1206,9,-1.0,-38.0,AUT,24,atp_rankings_2026_04_06.csv
2026-04-06,106132,Toby Martin,1207,9,0.0,-1.0,GBR,33,atp_rankings_2026_04_06.csv
2026-04-06,208581,Noah Thurner,1208,9,0.0,-1.0,GER,26,atp_rankings_2026_04_06.csv
2026-04-06,144672,Duarte Vale,1209,8,0.0,0.0,POR,27,atp_rankings_2026_04_06.csv
2026-04-06,208871,Takeru Yuzuki,1210,8,0.0,2.0,JPN,27,atp_rankings_2026_04_06.csv
2026-04-06,210645,Ofek Shimanov,1211,8,0.0,2.0,ISR,20,atp_rankings_2026_04_06.csv
2026-04-06,133835,Gijs Brouwer,1212,8,0.0,-1.0,NED,30,atp_rankings_2026_04_06.csv
2026-04-06,134384,Sebastian Prechtel,1213,8,0.0,1.0,GER,29,atp_rankings_2026_04_06.csv
2026-04-06,104510,Stefan Seifert,1214,8,0.0,1.0,GER,41,atp_rankings_2026_04_06.csv
2026-04-06,212769,Leo Lagarrigue,1215,8,3.0,163.0,FRA,19,atp_rankings_2026_04_06.csv
2026-04-06,202247,Simon Beaupain,1216,8,0.0,0.0,BEL,26,atp_rankings_2026_04_06.csv
2026-04-06,,Jea Moon Lee,1217,8,-8.0,-200.0,,,atp_rankings_2026_04_06.csv
2026-04-06,130493,Tiago Silva,1218,8,0.0,-1.0,POR,21,atp_rankings_2026_04_06.csv
2026-04-06,213825,Keaton Hance,1219,8,0.0,0.0,USA,18,atp_rankings_2026_04_06.csv
2026-04-06,213889,Arjun Rathi,1220,8,4.0,274.0,IND,,atp_rankings_2026_04_06.csv
2026-04-06,211610,Andreas Timini,1221,8,0.0,0.0,CYP,19,atp_rankings_2026_04_06.csv
2026-04-06,211638,Jack Loutit,1222,8,0.0,-2.0,NZL,21,atp_rankings_2026_04_06.csv
2026-04-06,207408,Niklas Guttau,1223,8,1.0,38.0,GER,26,atp_rankings_2026_04_06.csv
2026-04-06,209913,Fons Van Sambeek,1224,8,0.0,-2.0,NED,24,atp_rankings_2026_04_06.csv
2026-04-06,208382,Herman Hoeyeraal,1225,8,0.0,-2.0,NOR,24,atp_rankings_2026_04_06.csv
2026-04-06,207236,Taketo Takamisawa,1226,8,0.0,-2.0,JPN,27,atp_rankings_2026_04_06.csv
2026-04-06,144744,Kazuki Nishiwaki,1227,8,0.0,-2.0,JPN,31,atp_rankings_2026_04_06.csv
2026-04-06,207831,Ignacio Antonio Becerra Otarola,1228,8,0.0,-2.0,CHI,25,atp_rankings_2026_04_06.csv
2026-04-06,209889,Thomas Braithwaite,1229,8,0.0,-2.0,AUS,26,atp_rankings_2026_04_06.csv
2026-04-06,213772,Lorenzo Comino,1229,8,0.0,-2.0,ITA,20,atp_rankings_2026_04_06.csv
2026-04-06,213701,Tobia Costanzo Baragiola Mordini,1231,8,0.0,1.0,ITA,,atp_rankings_2026_04_06.csv
2026-04-06,210605,Liam Branger,1232,8,0.0,-5.0,FRA,25,atp_rankings_2026_04_06.csv
2026-04-06,212770,Timeo Trufelli,1232,8,0.0,-5.0,FRA,18,atp_rankings_2026_04_06.csv
2026-04-06,209973,Edouard Villoslada,1232,8,0.0,-1.0,FRA,26,atp_rankings_2026_04_06.csv
2026-04-06,210740,Liam Krall,1235,8,0.0,-2.0,USA,23,atp_rankings_2026_04_06.csv
2026-04-06,211662,Gabriel Schenekenberg,1236,8,0.0,-1.0,BRA,21,atp_rankings_2026_04_06.csv
2026-04-06,211645,Christian Djonov,1237,8,0.0,2.0,GER,26,atp_rankings_2026_04_06.csv
2026-04-06,210532,Giacomo Crisostomo,1238,8,-1.0,-36.0,ITA,22,atp_rankings_2026_04_06.csv
2026-04-06,212134,Maxence Rivet,1239,8,0.0,1.0,FRA,22,atp_rankings_2026_04_06.csv
2026-04-06,149267,Andrea Colombo,1240,8,0.0,-3.0,ITA,23,atp_rankings_2026_04_06.csv
2026-04-06,212183,Yuquan Jin,1241,8,0.0,1.0,CHN,25,atp_rankings_2026_04_06.csv
2026-04-06,144955,Yuichiro Inui,1242,8,0.0,1.0,JPN,31,atp_rankings_2026_04_06.csv
2026-04-06,202081,Diogo Marques,1243,8,0.0,2.0,POR,26,atp_rankings_2026_04_06.csv
2026-04-06,214433,Tanishk Konduri,1244,7,,,USA,17,atp_rankings_2026_04_06.csv
2026-04-06,106005,Constant Lestienne,1245,7,0.0,1.0,FRA,33,atp_rankings_2026_04_06.csv
2026-04-06,212992,Niels Ratiu,1246,7,0.0,1.0,BEL,20,atp_rankings_2026_04_06.csv
2026-04-06,144081,Alex Chang,1247,7,0.0,1.0,USA,39,atp_rankings_2026_04_06.csv
2026-04-06,209910,Szymon Kielan,1248,7,0.0,1.0,POL,23,atp_rankings_2026_04_06.csv
2026-04-06,106425,Blake Mott,1249,7,-4.0,-140.0,AUS,29,atp_rankings_2026_04_06.csv
2026-04-06,210538,Noa Vukadin,1249,7,0.0,1.0,CRO,21,atp_rankings_2026_04_06.csv
2026-04-06,210475,Preston Stearns,1251,7,0.0,0.0,USA,22,atp_rankings_2026_04_06.csv
2026-04-06,208485,Kiranpal Pannu,1252,7,0.0,0.0,NZL,29,atp_rankings_2026_04_06.csv
2026-04-06,210722,Viktor Markov,1253,7,0.0,0.0,BUL,20,atp_rankings_2026_04_06.csv
2026-04-06,210486,Nicholas Godsick,1254,7,0.0,0.0,USA,21,atp_rankings_2026_04_06.csv
2026-04-06,105985,Darian King,1255,7,0.0,0.0,BAR,33,atp_rankings_2026_04_06.csv
2026-04-06,210473,Fnu Nidunjianzan,1255,7,0.0,0.0,CHN,22,atp_rankings_2026_04_06.csv
2026-04-06,213619,Oskari Paldanius,1257,7,0.0,0.0,FIN,,atp_rankings_2026_04_06.csv
2026-04-06,209887,Liam Gavrielides,1258,7,0.0,0.0,GER,22,atp_rankings_2026_04_06.csv
2026-04-06,212896,Melvin Kumar,1259,7,0.0,1.0,SWE,19,atp_rankings_2026_04_06.csv
2026-04-06,210458,Bernardo Munk Mesa,1260,7,0.0,2.0,ESP,20,atp_rankings_2026_04_06.csv
2026-04-06,214231,Johan Oscar Lien,1261,7,0.0,2.0,NOR,18,atp_rankings_2026_04_06.csv
2026-04-06,212606,Leonardo Borrelli,1262,7,1.0,69.0,ITA,20,atp_rankings_2026_04_06.csv
2026-04-06,212894,Patrik Munkhammar,1263,7,0.0,1.0,SWE,18,atp_rankings_2026_04_06.csv
2026-04-06,213923,Gilberto Ravasio,1263,7,0.0,1.0,ITA,21,atp_rankings_2026_04_06.csv
2026-04-06,213766,Enrique Carrascosa Diaz,1265,7,0.0,1.0,ESP,,atp_rankings_2026_04_06.csv
2026-04-06,134490,Justin Roberts,1265,7,0.0,1.0,BAH,29,atp_rankings_2026_04_06.csv
2026-04-06,211387,Jonas Pelle Hartenstein,1267,7,0.0,6.0,GER,24,atp_rankings_2026_04_06.csv
2026-04-06,208840,Daniel Bagnolini,1268,7,0.0,1.0,ITA,23,atp_rankings_2026_04_06.csv
2026-04-06,202192,Kuzey Cekirge,1268,7,0.0,1.0,TUR,25,atp_rankings_2026_04_06.csv
2026-04-06,209255,Vladan Tadic,1268,7,0.0,1.0,BIH,25,atp_rankings_2026_04_06.csv
2026-04-06,104986,Vishnu Vardhan,1271,7,0.0,-5.0,IND,38,atp_rankings_2026_04_06.csv
2026-04-06,213138,Alexander Wagner,1271,7,0.0,1.0,AUT,19,atp_rankings_2026_04_06.csv
2026-04-06,149162,Xiaoyin Yang,1273,7,1.0,66.0,CHN,21,atp_rankings_2026_04_06.csv
2026-04-06,212934,Antoni Fabre,1274,7,1.0,73.0,FRA,,atp_rankings_2026_04_06.csv
2026-04-06,200474,Ivan Denisov,1275,7,0.0,-1.0,RUS,25,atp_rankings_2026_04_06.csv
2026-04-06,105060,Aldin Setkic,1276,7,0.0,-1.0,BIH,38,atp_rankings_2026_04_06.csv
2026-04-06,213717,Sebastiano Cocola,1277,7,0.0,-1.0,ITA,,atp_rankings_2026_04_06.csv
2026-04-06,208873,Nikola Basic,1278,7,0.0,1.0,CRO,24,atp_rankings_2026_04_06.csv
2026-04-06,149124,Oskar Grzegorzewski,1279,7,0.0,-2.0,POL,21,atp_rankings_2026_04_06.csv
2026-04-06,208365,Amador Salazar,1280,7,0.0,-1.0,CHI,25,atp_rankings_2026_04_06.csv
2026-04-06,210732,Miha Vetrih,1280,7,0.0,-1.0,SLO,23,atp_rankings_2026_04_06.csv
2026-04-06,211450,Alessio Basile,1282,7,0.0,0.0,BEL,21,atp_rankings_2026_04_06.csv
2026-04-06,149152,Aaron Gil Garcia,1282,7,0.0,0.0,LUX,22,atp_rankings_2026_04_06.csv
2026-04-06,149843,Conor Gannon,1284,7,0.0,-6.0,IRL,23,atp_rankings_2026_04_06.csv
2026-04-06,213048,Alan Wazny,1285,7,0.0,6.0,POL,,atp_rankings_2026_04_06.csv
2026-04-06,211574,Ethan Cook,1286,7,0.0,-1.0,AUS,23,atp_rankings_2026_04_06.csv
2026-04-06,208039,Ronald Hohmann,1286,7,-2.0,-86.0,USA,24,atp_rankings_2026_04_06.csv
2026-04-06,212889,Daniel Uta,1288,7,0.0,1.0,ROU,19,atp_rankings_2026_04_06.csv
2026-04-06,144788,Louis Tessa,1289,7,0.0,1.0,FRA,28,atp_rankings_2026_04_06.csv
2026-04-06,213131,Luke Hooper,1290,7,0.0,-6.0,GBR,,atp_rankings_2026_04_06.csv
2026-04-06,212762,Victor Hugo Remondy Pagotto,1291,7,0.0,-6.0,BRA,20,atp_rankings_2026_04_06.csv
2026-04-06,200234,Joshua Peck,1292,7,0.0,3.0,CAN,27,atp_rankings_2026_04_06.csv
2026-04-06,211388,Felipe De Dios,1293,7,0.0,-5.0,ARG,22,atp_rankings_2026_04_06.csv
2026-04-06,212903,Melih Anavatan,1294,7,0.0,-3.0,TUR,,atp_rankings_2026_04_06.csv
2026-04-06,209391,Corban Crowther,1294,7,0.0,-3.0,NZL,22,atp_rankings_2026_04_06.csv
2026-04-06,122234,Alp Horoz,1296,7,0.0,0.0,TUR,30,atp_rankings_2026_04_06.csv
2026-04-06,210192,Lucca Pinto,1296,7,0.0,-2.0,BRA,23,atp_rankings_2026_04_06.csv
2026-04-06,212624,Nikola Jovic,1298,7,0.0,0.0,SRB,19,atp_rankings_2026_04_06.csv
2026-04-06,209967,Antoine Berger,1299,7,0.0,0.0,FRA,27,atp_rankings_2026_04_06.csv
2026-04-06,210632,Vadym Konovchuk,1299,7,0.0,3.0,UKR,22,atp_rankings_2026_04_06.csv
2026-04-06,212210,Filippo Mazzola,1299,7,0.0,-3.0,ITA,20,atp_rankings_2026_04_06.csv
2026-04-06,212030,Kerem Yilmaz,1299,7,2.0,141.0,TUR,19,atp_rankings_2026_04_06.csv
2026-04-06,212465,Charles Chen,1303,7,0.0,-4.0,CHN,18,atp_rankings_2026_04_06.csv
2026-04-06,211390,Sergi Fita Juan,1304,7,0.0,0.0,ESP,,atp_rankings_2026_04_06.csv
2026-04-06,213361,Ivan Gretskiy,1305,7,0.0,-4.0,RUS,20,atp_rankings_2026_04_06.csv
2026-04-06,213064,Samuele Seghetti,1306,7,-1.0,-62.0,ITA,19,atp_rankings_2026_04_06.csv
2026-04-06,212218,Rohan  Murali,1307,6,0.0,-2.0,USA,21,atp_rankings_2026_04_06.csv
2026-04-06,211635,Segundo Goity Zapico,1308,6,0.0,-2.0,ARG,20,atp_rankings_2026_04_06.csv
2026-04-06,212847,Alejandro Hayen,1309,6,0.0,-2.0,MEX,27,atp_rankings_2026_04_06.csv
2026-04-06,211609,Max Dahlin,1310,6,0.0,-2.0,SWE,20,atp_rankings_2026_04_06.csv
2026-04-06,105156,Federico Zeballos,1310,6,0.0,-2.0,BOL,37,atp_rankings_2026_04_06.csv
2026-04-06,210037,Mehdi Benchakroun,1312,6,0.0,-2.0,MAR,22,atp_rankings_2026_04_06.csv
2026-04-06,144874,Ryan James Storrie,1313,6,0.0,-2.0,GBR,28,atp_rankings_2026_04_06.csv
2026-04-06,212153,Filip Gustafsson,1314,6,0.0,-2.0,SWE,21,atp_rankings_2026_04_06.csv
2026-04-06,213654,Noah Johnston,1314,6,0.0,2.0,USA,,atp_rankings_2026_04_06.csv
2026-04-06,209204,Iiro Vasa,1314,6,0.0,-2.0,FIN,23,atp_rankings_2026_04_06.csv
2026-04-06,212075,Rodrigo Fernandes,1317,6,0.0,-3.0,POR,19,atp_rankings_2026_04_06.csv
2026-04-06,200681,Adil Kalyanpur,1318,6,0.0,0.0,IND,26,atp_rankings_2026_04_06.csv
2026-04-06,126193,Mark Whitehouse,1318,6,0.0,-3.0,GBR,32,atp_rankings_2026_04_06.csv
2026-04-06,213806,Kriish Tyagi,1320,6,-8.0,-269.0,IND,18,atp_rankings_2026_04_06.csv
2026-04-06,209932,Michal Novansky,1321,6,0.0,-5.0,SVK,23,atp_rankings_2026_04_06.csv
2026-04-06,207809,Khololwam Montsi,1322,6,0.0,-4.0,RSA,23,atp_rankings_2026_04_06.csv
2026-04-06,214589,Yannick Theodor Alexandrescou,1323,6,0.0,-3.0,FRA,18,atp_rankings_2026_04_06.csv
2026-04-06,211670,Marko Mesarovic,1323,6,0.0,-3.0,USA,,atp_rankings_2026_04_06.csv
2026-04-06,213836,Gavin Goode,1325,6,0.0,-3.0,USA,,atp_rankings_2026_04_06.csv
2026-04-06,210697,Harold Huens,1326,6,0.0,-2.0,BEL,23,atp_rankings_2026_04_06.csv
2026-04-06,212148,Novak Novakovic,1326,6,0.0,-2.0,SRB,25,atp_rankings_2026_04_06.csv
2026-04-06,212196,Yua Taka,1326,6,0.0,-2.0,JPN,,atp_rankings_2026_04_06.csv
2026-04-06,202128,Louis Dussin,1329,6,0.0,-2.0,FRA,26,atp_rankings_2026_04_06.csv
2026-04-06,207616,Oscar Moraing,1330,6,-1.0,-71.0,GER,26,atp_rankings_2026_04_06.csv
2026-04-06,212250,James Connel,1331,6,0.0,-3.0,GBR,23,atp_rankings_2026_04_06.csv
2026-04-06,214112,Remy Dugardin,1332,6,0.0,-10.0,FRA,,atp_rankings_2026_04_06.csv
2026-04-06,,Gilbert Klier Junior,1333,6,-8.0,-279.0,,,atp_rankings_2026_04_06.csv
2026-04-06,212683,Theo Herrmann,1334,6,0.0,-6.0,FRA,21,atp_rankings_2026_04_06.csv
2026-04-06,212231,Junhyeon Lee,1335,6,0.0,-5.0,KOR,,atp_rankings_2026_04_06.csv
2026-04-06,106245,Rodolfo Jauregui Sainz De Rozas,1336,6,0.0,-4.0,MEX,32,atp_rankings_2026_04_06.csv
2026-04-06,210733,Arthur Bonnaud,1337,6,0.0,2.0,FRA,29,atp_rankings_2026_04_06.csv
2026-04-06,210364,Mateo Castañeda,1338,6,0.0,-4.0,COL,20,atp_rankings_2026_04_06.csv
2026-04-06,213092,Jonas Kucera,1338,6,0.0,4.0,CZE,19,atp_rankings_2026_04_06.csv
2026-04-06,213632,Glib Sekachov,1338,6,0.0,-4.0,UKR,,atp_rankings_2026_04_06.csv
2026-04-06,213175,Lucca Liu,1341,6,0.0,-5.0,USA,22,atp_rankings_2026_04_06.csv
2026-04-06,213882,Gray Voelzke,1341,6,0.0,-5.0,USA,23,atp_rankings_2026_04_06.csv
2026-04-06,211474,Pablo Trochu,1343,6,0.0,-4.0,FRA,22,atp_rankings_2026_04_06.csv
2026-04-06,213614,Dmitry Bessonov,1344,6,0.0,-8.0,RUS,,atp_rankings_2026_04_06.csv
2026-04-06,213579,Jan Klimas,1344,6,0.0,-1.0,CZE,,atp_rankings_2026_04_06.csv
2026-04-06,212069,Kabir Hans,1346,6,0.0,-1.0,IND,24,atp_rankings_2026_04_06.csv
2026-04-06,212460,Yan Cheng Chen,1347,6,0.0,-1.0,TPE,23,atp_rankings_2026_04_06.csv
2026-04-06,212752,Filippo Alberti,1348,6,0.0,0.0,ITA,22,atp_rankings_2026_04_06.csv
2026-04-06,212106,Noah Lopez Cherubino,1348,6,0.0,0.0,ESP,,atp_rankings_2026_04_06.csv
2026-04-06,210735,Radovan Michalik,1350,6,0.0,0.0,SVK,22,atp_rankings_2026_04_06.csv
2026-04-06,213198,Kacper Knitter,1351,6,1.0,71.0,POL,18,atp_rankings_2026_04_06.csv
2026-04-06,209392,Reece Falck,1352,6,0.0,-1.0,NZL,23,atp_rankings_2026_04_06.csv
2026-04-06,211411,Tyler Stice,1353,6,0.0,1.0,USA,25,atp_rankings_2026_04_06.csv
2026-04-06,213180,Leonardo Cattaneo,1354,6,0.0,-2.0,ITA,20,atp_rankings_2026_04_06.csv
2026-04-06,209314,Jan Kupcic,1354,6,-1.0,-67.0,SLO,24,atp_rankings_2026_04_06.csv
2026-04-06,214013,Fanming Meng,1354,6,0.0,-2.0,CHN,,atp_rankings_2026_04_06.csv
2026-04-06,212536,James Beaven,1357,6,0.0,-2.0,GBR,21,atp_rankings_2026_04_06.csv
2026-04-06,212841,Lucas Marionneau,1358,6,0.0,-2.0,FRA,19,atp_rankings_2026_04_06.csv
2026-04-06,207738,Brandon Perez,1359,6,0.0,-1.0,VEN,26,atp_rankings_2026_04_06.csv
2026-04-06,213848,Nicholas Roberts,1360,6,0.0,-3.0,FRA,19,atp_rankings_2026_04_06.csv
2026-04-06,209977,Matas Vasiliauskas,1360,6,0.0,-1.0,LTU,24,atp_rankings_2026_04_06.csv
2026-04-06,210076,Ioannis Kountourakis,1362,6,2.0,179.0,GRE,23,atp_rankings_2026_04_06.csv
2026-04-06,210394,Nikita Ianin,1363,6,1.0,77.0,RUS,24,atp_rankings_2026_04_06.csv
2026-04-06,208816,Jeremy Schifris,1364,6,-1.0,-62.0,GER,24,atp_rankings_2026_04_06.csv
2026-04-06,134310,Alexey Aleshchev,1365,6,1.0,78.0,RUS,27,atp_rankings_2026_04_06.csv
2026-04-06,205885,Joao Graa,1366,6,0.0,-6.0,POR,25,atp_rankings_2026_04_06.csv
2026-04-06,208603,Cleeve Harper,1367,5,0.0,-6.0,CAN,25,atp_rankings_2026_04_06.csv
2026-04-06,200611,Elliot Benchetrit,1368,5,0.0,-5.0,MAR,27,atp_rankings_2026_04_06.csv
2026-04-06,210352,Santiago  Lora,1368,5,0.0,-6.0,BOL,18,atp_rankings_2026_04_06.csv
2026-04-06,209855,James Hopper,1370,5,0.0,-7.0,GBR,24,atp_rankings_2026_04_06.csv
2026-04-06,210438,Jeremy Jin,1370,5,0.0,-7.0,AUS,21,atp_rankings_2026_04_06.csv
2026-04-06,211647,Jaden Weekes,1370,5,0.0,-7.0,CAN,21,atp_rankings_2026_04_06.csv
2026-04-06,209879,Luc Koenig,1373,5,0.0,-6.0,GBR,22,atp_rankings_2026_04_06.csv
2026-04-06,209925,Thijmen Loof,1373,5,2.0,183.0,NED,23,atp_rankings_2026_04_06.csv
2026-04-06,210667,Edoardo Cherie Ligniere,1375,5,0.0,-7.0,ITA,21,atp_rankings_2026_04_06.csv
2026-04-06,211740,Jeremy Zhang,1375,5,0.0,-7.0,AUS,20,atp_rankings_2026_04_06.csv
2026-04-06,210474,Alexander Frusina,1377,5,0.0,2.0,USA,20,atp_rankings_2026_04_06.csv
2026-04-06,211551,Asahi Harazaki,1377,5,0.0,-7.0,JPN,,atp_rankings_2026_04_06.csv
2026-04-06,109318,Pawel Cias,1377,5,0.0,-7.0,POL,32,atp_rankings_2026_04_06.csv
2026-04-06,207507,Stefan Latinovic,1380,5,0.0,-8.0,SRB,26,atp_rankings_2026_04_06.csv
2026-04-06,213830,Saki Tange,1380,5,0.0,-8.0,JPN,22,atp_rankings_2026_04_06.csv
2026-04-06,213141,Georgi Georgiev,1382,5,0.0,-8.0,BUL,19,atp_rankings_2026_04_06.csv
2026-04-06,211386,Alessio Vasquez Gehrke,1382,5,0.0,-8.0,GER,22,atp_rankings_2026_04_06.csv
2026-04-06,212647,Jaesung Choe,1384,5,0.0,-8.0,KOR,26,atp_rankings_2026_04_06.csv
2026-04-06,200105,Frazier Rengifo,1384,5,0.0,-8.0,COL,27,atp_rankings_2026_04_06.csv
2026-04-06,210117,William Jansen,1386,5,0.0,-6.0,GBR,21,atp_rankings_2026_04_06.csv
2026-04-06,212037,Amir Milushev,1386,5,0.0,-6.0,UZB,20,atp_rankings_2026_04_06.csv
2026-04-06,213818,William Mirarchi,1386,5,0.0,-6.0,ITA,19,atp_rankings_2026_04_06.csv
2026-04-06,209982,Konstantin Zhzhenov,1386,5,0.0,5.0,RUS,21,atp_rankings_2026_04_06.csv
2026-04-06,210444,Charlelie Cosnet,1390,5,0.0,-7.0,FRA,23,atp_rankings_2026_04_06.csv
2026-04-06,213066,Stefan Horia Haita,1390,5,0.0,-7.0,ROU,18,atp_rankings_2026_04_06.csv
2026-04-06,210055,Noah Lopez,1390,5,0.0,-7.0,SUI,24,atp_rankings_2026_04_06.csv
2026-04-06,207230,Damien Salvestre,1390,5,0.0,-7.0,FRA,24,atp_rankings_2026_04_06.csv
2026-04-06,214192,Ymerali Ibraimi,1394,5,1.0,76.0,AUS,17,atp_rankings_2026_04_06.csv
2026-04-06,138104,Stefan Cooper,1395,5,0.0,-8.0,GBR,29,atp_rankings_2026_04_06.csv
2026-04-06,206790,Alexis Gurmendi,1396,5,0.0,-7.0,ARG,28,atp_rankings_2026_04_06.csv
2026-04-06,214038,Laurence Teunissen,1397,5,0.0,-7.0,NED,,atp_rankings_2026_04_06.csv
2026-04-06,212937,Achilles Belkovics,1398,5,0.0,-7.0,HUN,,atp_rankings_2026_04_06.csv
2026-04-06,111436,Nick Chappell,1398,5,0.0,1.0,USA,33,atp_rankings_2026_04_06.csv
2026-04-06,213600,Dillon Beckles,1400,5,0.0,-6.0,USA,,atp_rankings_2026_04_06.csv
2026-04-06,207772,Yuttana Charoenphon,1400,5,0.0,1.0,THA,25,atp_rankings_2026_04_06.csv
2026-04-06,210602,Peetu Pohjola,1400,5,0.0,-6.0,FIN,25,atp_rankings_2026_04_06.csv
2026-04-06,213215,Bill Chan,1403,5,0.0,-6.0,SGP,,atp_rankings_2026_04_06.csv
2026-04-06,105590,Uladzimir Ignatik,1404,5,0.0,-6.0,BLR,35,atp_rankings_2026_04_06.csv
2026-04-06,212604,Diego Jarry Fillol,1404,5,0.0,-17.0,USA,23,atp_rankings_2026_04_06.csv
2026-04-06,144927,Siddharth Vishwakarma,1404,5,-3.0,-186.0,IND,31,atp_rankings_2026_04_06.csv
2026-04-06,213721,Pierre Antoine Faut,1407,5,0.0,-8.0,FRA,,atp_rankings_2026_04_06.csv
2026-04-06,212499,Vardan Manukyan,1407,5,0.0,-16.0,RUS,21,atp_rankings_2026_04_06.csv
2026-04-06,210348,Jarno Jans,1409,5,-1.0,-77.0,NED,25,atp_rankings_2026_04_06.csv
2026-04-06,213151,Flynn Thomas,1409,5,0.0,-15.0,SUI,,atp_rankings_2026_04_06.csv
2026-04-06,206669,Hugo Maia,1411,5,0.0,-9.0,POR,25,atp_rankings_2026_04_06.csv
2026-04-06,207209,Raghav Jaisinghani,1412,5,0.0,-9.0,IND,28,atp_rankings_2026_04_06.csv
2026-04-06,213218,Elias Julian Werner,1413,5,0.0,-9.0,GER,,atp_rankings_2026_04_06.csv
2026-04-06,210140,Ioan Alexandru Chirita,1414,5,0.0,-8.0,ROU,23,atp_rankings_2026_04_06.csv
2026-04-06,213829,Mac Visser,1415,5,0.0,-7.0,NED,21,atp_rankings_2026_04_06.csv
2026-04-06,213201,Valentino Grippo,1416,5,2.0,226.0,ARG,,atp_rankings_2026_04_06.csv
2026-04-06,149278,Daniel Khazime,1417,5,-1.0,-73.0,RUS,21,atp_rankings_2026_04_06.csv
2026-04-06,212078,Riku Takahata,1417,5,0.0,-1.0,JPN,24,atp_rankings_2026_04_06.csv
2026-04-06,149153,Gabriele Volpi,1417,5,0.0,-7.0,ITA,29,atp_rankings_2026_04_06.csv
2026-04-06,211690,Toprak Avcibasi,1420,5,0.0,-9.0,TUR,21,atp_rankings_2026_04_06.csv
2026-04-06,211516,Lorenzo Beraldo,1420,5,0.0,-9.0,ITA,19,atp_rankings_2026_04_06.csv
2026-04-06,212786,Victor Braga,1420,5,0.0,-9.0,BRA,21,atp_rankings_2026_04_06.csv
2026-04-06,213004,Arthur Bellegy,1423,5,0.0,-9.0,FRA,,atp_rankings_2026_04_06.csv
2026-04-06,212767,Aryan Lakshmanan,1423,5,0.0,-9.0,IND,20,atp_rankings_2026_04_06.csv
2026-04-06,211366,Vuk Radjenovic,1425,5,0.0,-9.0,SRB,20,atp_rankings_2026_04_06.csv
2026-04-06,212109,Antonio Voljavec,1425,5,0.0,-9.0,CRO,20,atp_rankings_2026_04_06.csv
2026-04-06,213898,Richard Antoni,1427,5,0.0,-7.0,GER,,atp_rankings_2026_04_06.csv
2026-04-06,212130,Mariano Tammaro,1427,5,0.0,-7.0,ITA,22,atp_rankings_2026_04_06.csv
2026-04-06,149266,Fadi Bidan,1429,5,0.0,-7.0,LBN,20,atp_rankings_2026_04_06.csv
2026-04-06,149130,Joe Leather,1429,5,0.0,-7.0,GBR,,atp_rankings_2026_04_06.csv
2026-04-06,210284,Pijus Vaitiekunas,1429,5,1.0,93.0,LTU,23,atp_rankings_2026_04_06.csv
2026-04-06,208855,Christopher Papa,1432,5,0.0,-5.0,USA,24,atp_rankings_2026_04_06.csv
2026-04-06,213557,Alessandro Battiston,1433,5,0.0,-1.0,ITA,,atp_rankings_2026_04_06.csv
2026-04-06,213043,Hiromasa Koyama,1433,5,0.0,-1.0,JPN,18,atp_rankings_2026_04_06.csv
2026-04-06,212589,Luka Talan Lopatic,1435,5,0.0,-4.0,SLO,18,atp_rankings_2026_04_06.csv
2026-04-06,212757,Jack Bruce Smith,1436,5,0.0,-8.0,AUS,24,atp_rankings_2026_04_06.csv
2026-04-06,213927,Gabriele Crivellaro,1436,5,0.0,-8.0,ITA,19,atp_rankings_2026_04_06.csv
2026-04-06,209417,Alan Bojarski,1438,5,0.0,-3.0,POL,22,atp_rankings_2026_04_06.csv
2026-04-06,211495,Andrin Casanova,1438,5,0.0,-3.0,SUI,21,atp_rankings_2026_04_06.csv
2026-04-06,211667,Matteo Fondriest,1440,5,0.0,-5.0,ITA,21,atp_rankings_2026_04_06.csv
2026-04-06,213800,Ty Host,1441,5,1.0,96.0,AUS,18,atp_rankings_2026_04_06.csv
2026-04-06,206646,Louis Van Herck,1441,5,0.0,-7.0,LUX,26,atp_rankings_2026_04_06.csv
2026-04-06,208185,Michael Gloeckler,1443,5,0.0,-4.0,AUT,27,atp_rankings_2026_04_06.csv
2026-04-06,111197,Jonathan Mridha,1443,5,0.0,-8.0,SWE,30,atp_rankings_2026_04_06.csv
2026-04-06,211407,Andrea Bacaloni,1445,5,0.0,-2.0,ITA,24,atp_rankings_2026_04_06.csv
2026-04-06,213585,Roman Kharlamov,1446,5,0.0,-4.0,RUS,,atp_rankings_2026_04_06.csv
2026-04-06,208164,Yassine Smiej,1447,5,0.0,-4.0,MAR,26,atp_rankings_2026_04_06.csv
2026-04-06,122474,Guy Orly Iradukunda,1448,4,0.0,-2.0,BDI,30,atp_rankings_2026_04_06.csv
2026-04-06,208358,Aleksi Lofman,1448,4,0.0,-2.0,FIN,24,atp_rankings_2026_04_06.csv
2026-04-06,212575,Amirkhamza Nasridinov,1448,4,0.0,-2.0,RUS,20,atp_rankings_2026_04_06.csv
2026-04-06,144682,Kaito Uesugi,1448,4,0.0,-2.0,JPN,30,atp_rankings_2026_04_06.csv
2026-04-06,212648,Theodore Winegar,1448,4,,,USA,24,atp_rankings_2026_04_06.csv
2026-04-06,207836,Muzammil Murtaza,1453,4,0.0,0.0,PAK,26,atp_rankings_2026_04_06.csv
2026-04-06,208190,Davide Tortora,1453,4,0.0,-3.0,ITA,25,atp_rankings_2026_04_06.csv
2026-04-06,213098,Hugo Car,1455,4,0.0,-4.0,FRA,23,atp_rankings_2026_04_06.csv
2026-04-06,131951,Daniel Cukierman,1456,4,0.0,-4.0,ISR,30,atp_rankings_2026_04_06.csv
2026-04-06,213042,Hugo Coquelin,1457,4,0.0,-4.0,GBR,20,atp_rankings_2026_04_06.csv
2026-04-06,210569,Sebastian Eriksson,1457,4,0.0,-4.0,SWE,20,atp_rankings_2026_04_06.csv
2026-04-06,210405,Azuma Visaya,1457,4,0.0,-4.0,USA,22,atp_rankings_2026_04_06.csv
2026-04-06,212914,Corey Craig,1460,4,0.0,-3.0,USA,22,atp_rankings_2026_04_06.csv
2026-04-06,105731,Steven Diez,1460,4,0.0,-3.0,CAN,35,atp_rankings_2026_04_06.csv
2026-04-06,213784,Guillermo Tunas,1460,4,0.0,-3.0,MEX,25,atp_rankings_2026_04_06.csv
2026-04-06,211570,Cesar Cruz,1463,4,0.0,-2.0,ESA,19,atp_rankings_2026_04_06.csv
2026-04-06,210416,Bryce Nakashima,1463,4,0.0,-2.0,USA,22,atp_rankings_2026_04_06.csv
2026-04-06,210746,Paul Barbier Gazeu,1465,4,0.0,-2.0,FRA,20,atp_rankings_2026_04_06.csv
2026-04-06,105335,Sho Katayama,1465,4,0.0,-2.0,JPN,36,atp_rankings_2026_04_06.csv
2026-04-06,209355,Timo Legout,1465,4,0.0,-2.0,FRA,24,atp_rankings_2026_04_06.csv
2026-04-06,212068,Stepan Baum,1468,4,0.0,-2.0,CZE,22,atp_rankings_2026_04_06.csv
2026-04-06,202195,Maxime Cressy,1469,4,0.0,5.0,USA,28,atp_rankings_2026_04_06.csv
2026-04-06,212899,Moritz Kudernatsch,1469,4,0.0,-2.0,GER,20,atp_rankings_2026_04_06.csv
2026-04-06,208206,Walid Ahouda,1471,4,0.0,-3.0,MAR,22,atp_rankings_2026_04_06.csv
2026-04-06,130247,Anton Chekhov,1471,4,0.0,-3.0,RUS,33,atp_rankings_2026_04_06.csv
2026-04-06,133667,Congsup Congcar,1471,4,0.0,7.0,THA,29,atp_rankings_2026_04_06.csv
2026-04-06,211330,Vasco Leote Prata,1474,4,0.0,-4.0,POR,22,atp_rankings_2026_04_06.csv
2026-04-06,207439,Dax Donders,1475,4,0.0,-3.0,NED,25,atp_rankings_2026_04_06.csv
2026-04-06,202165,Alberto Lim,1475,4,0.0,-3.0,PHI,26,atp_rankings_2026_04_06.csv
2026-04-06,210743,Pranav Kumar,1477,4,0.0,-3.0,USA,26,atp_rankings_2026_04_06.csv
2026-04-06,206580,Nicola Rispoli,1477,4,0.0,-3.0,ITA,28,atp_rankings_2026_04_06.csv
2026-04-06,209273,Romain Gales,1479,4,0.0,-1.0,FRA,21,atp_rankings_2026_04_06.csv
2026-04-06,208007,Karlo Kajin,1479,4,2.0,262.0,CRO,26,atp_rankings_2026_04_06.csv
2026-04-06,213785,Toshiki Karigyo,1479,4,0.0,-1.0,JPN,24,atp_rankings_2026_04_06.csv
2026-04-06,123843,Davide Pontoglio,1479,4,0.0,-1.0,ITA,33,atp_rankings_2026_04_06.csv
2026-04-06,212459,Kai I Wang,1479,4,0.0,-1.0,TPE,21,atp_rankings_2026_04_06.csv
2026-04-06,213814,Gustavo Albieri,1484,4,0.0,6.0,BRA,18,atp_rankings_2026_04_06.csv
2026-04-06,213815,Sergey Petrov,1485,4,0.0,-11.0,RUS,,atp_rankings_2026_04_06.csv
2026-04-06,120545,Ko Suzuki,1485,4,0.0,-2.0,JPN,34,atp_rankings_2026_04_06.csv
2026-04-06,207233,Nemanja Malesevic,1487,4,0.0,5.0,BIH,24,atp_rankings_2026_04_06.csv
2026-04-06,127143,Jirat Navasirisomboon,1487,4,0.0,-3.0,THA,29,atp_rankings_2026_04_06.csv
2026-04-06,208933,Dian Nedev,1487,4,0.0,-3.0,BUL,25,atp_rankings_2026_04_06.csv
2026-04-06,209974,Aleksander Orlikowski,1487,4,0.0,-3.0,POL,22,atp_rankings_2026_04_06.csv
2026-04-06,212617,Shu Muto,1491,4,0.0,-4.0,JPN,,atp_rankings_2026_04_06.csv
2026-04-06,213204,Zane Stevens,1491,4,0.0,-4.0,AUS,19,atp_rankings_2026_04_06.csv
2026-04-06,206789,Lingxi Zhao,1491,4,0.0,-4.0,CHN,26,atp_rankings_2026_04_06.csv
2026-04-06,210105,Martyn Pawelski,1494,4,0.0,6.0,POL,21,atp_rankings_2026_04_06.csv
2026-04-06,210301,Benjamin Ignacio Torres Fernandez,1495,4,0.0,-3.0,CHI,22,atp_rankings_2026_04_06.csv
2026-04-06,134545,Alexis Canter,1496,4,0.0,-2.0,GBR,27,atp_rankings_2026_04_06.csv
2026-04-06,212864,Valentin Garay,1496,4,-1.0,-92.0,ARG,19,atp_rankings_2026_04_06.csv
2026-04-06,208381,Nicolas Esteban Rico Arias,1496,4,0.0,-2.0,COL,25,atp_rankings_2026_04_06.csv
2026-04-06,212840,Thomas Gerbaud,1499,4,0.0,-2.0,FRA,21,atp_rankings_2026_04_06.csv
2026-04-06,209258,Alexandre Reco,1499,4,-1.0,-93.0,FRA,26,atp_rankings_2026_04_06.csv
2026-04-06,208890,Richard Zusman,1499,4,0.0,-2.0,USA,25,atp_rankings_2026_04_06.csv
2026-04-06,211539,Gabor Hornung,1502,4,0.0,-2.0,HUN,20,atp_rankings_2026_04_06.csv
2026-04-06,213045,Manvydas Balciunas,1503,4,0.0,-1.0,NED,20,atp_rankings_2026_04_06.csv
2026-04-06,149134,Matei Florin Breazu,1503,4,0.0,-1.0,ROU,17,atp_rankings_2026_04_06.csv
2026-04-06,208216,Alberto Bronzetti,1503,4,-1.0,-94.0,ITA,27,atp_rankings_2026_04_06.csv
2026-04-06,210601,Oskari Eerola,1503,4,0.0,-1.0,FIN,24,atp_rankings_2026_04_06.csv
2026-04-06,212900,Andrea Paolini,1503,4,0.0,7.0,ITA,23,atp_rankings_2026_04_06.csv
2026-04-06,207248,Naoki Tajima,1503,4,0.0,7.0,JPN,25,atp_rankings_2026_04_06.csv
2026-04-06,208835,Rafael Giotis,1509,4,0.0,0.0,GER,25,atp_rankings_2026_04_06.csv
2026-04-06,213667,Valentin Guadagno,1509,4,1.0,110.0,ARG,,atp_rankings_2026_04_06.csv
2026-04-06,213624,Kosuke Shibano,1509,4,0.0,8.0,JPN,,atp_rankings_2026_04_06.csv
2026-04-06,213648,Udit Kamboj,1512,4,0.0,-15.0,IND,,atp_rankings_2026_04_06.csv
2026-04-06,214016,Bautista De La Pena,1513,4,0.0,-11.0,BRA,16,atp_rankings_2026_04_06.csv
2026-04-06,202217,Vito Dellelba,1513,4,0.0,-3.0,ITA,27,atp_rankings_2026_04_06.csv
2026-04-06,213026,Amine Jamji,1513,4,0.0,-3.0,MAR,,atp_rankings_2026_04_06.csv
2026-04-06,212963,Sebastian Grundtvig Jorgensen,1513,4,0.0,-3.0,DEN,25,atp_rankings_2026_04_06.csv
2026-04-06,211762,David Naharro,1513,4,0.0,-11.0,ESP,22,atp_rankings_2026_04_06.csv
2026-04-06,212262,Kylian Collignon,1518,4,0.0,-1.0,BEL,20,atp_rankings_2026_04_06.csv
2026-04-06,210570,Kevin Edengren,1518,4,0.0,-1.0,SWE,20,atp_rankings_2026_04_06.csv
2026-04-06,214229,Mathys Picard,1518,4,0.0,-1.0,FRA,18,atp_rankings_2026_04_06.csv
2026-04-06,213536,Sergio Planella Hernandez,1518,4,0.0,-1.0,ESP,,atp_rankings_2026_04_06.csv
2026-04-06,211322,Lasse Poertner,1518,4,-1.0,-102.0,GER,20,atp_rankings_2026_04_06.csv
2026-04-06,213765,Weiwen Pan,1523,4,0.0,-13.0,CHN,20,atp_rankings_2026_04_06.csv
2026-04-06,210651,Vlad Cristian Breazu,1524,4,0.0,-1.0,ROU,22,atp_rankings_2026_04_06.csv
2026-04-06,212797,Hitesh Chauhan,1524,4,1.0,118.0,IND,18,atp_rankings_2026_04_06.csv
2026-04-06,213391,Silvio Mencaglia,1524,4,0.0,-1.0,ITA,21,atp_rankings_2026_04_06.csv
2026-04-06,200310,Alexander Zgirovsky,1524,4,0.0,-1.0,BLR,24,atp_rankings_2026_04_06.csv
2026-04-06,212310,Pepijn Bastiaansen,1528,4,0.0,0.0,NED,20,atp_rankings_2026_04_06.csv
2026-04-06,210423,Alessandro Coccioli,1528,4,0.0,0.0,ITA,23,atp_rankings_2026_04_06.csv
2026-04-06,211503,Nico Hipfl,1528,4,-1.0,-102.0,AUT,20,atp_rankings_2026_04_06.csv
2026-04-06,212119,Nik Mikovic,1528,4,0.0,-5.0,SLO,21,atp_rankings_2026_04_06.csv
2026-04-06,211455,Oren Vasser,1528,4,0.0,3.0,USA,26,atp_rankings_2026_04_06.csv
2026-04-06,214015,Xavi Palomar,1533,4,0.0,-3.0,ESP,,atp_rankings_2026_04_06.csv
2026-04-06,133224,Francesco Ferrari,1534,4,0.0,-2.0,ITA,28,atp_rankings_2026_04_06.csv
2026-04-06,202323,Arjun Mehrotra,1534,4,0.0,-7.0,AUS,29,atp_rankings_2026_04_06.csv
2026-04-06,213791,Fumin Jiang,1536,4,0.0,-4.0,CHN,,atp_rankings_2026_04_06.csv
2026-04-06,211490,Daniel Verbeek,1536,4,0.0,-4.0,NED,21,atp_rankings_2026_04_06.csv
2026-04-06,209346,Stijn Pel,1538,4,0.0,-3.0,NED,23,atp_rankings_2026_04_06.csv
2026-04-06,211364,Mihai Alexandru Coman,1539,4,0.0,-3.0,ROU,21,atp_rankings_2026_04_06.csv
2026-04-06,212630,Aaron Funk,1540,4,0.0,-3.0,GER,20,atp_rankings_2026_04_06.csv
2026-04-06,206447,Daniel Batista,1541,4,0.0,-2.0,POR,27,atp_rankings_2026_04_06.csv
2026-04-06,212738,Manel Lazaro Juncadella,1541,4,0.0,-2.0,ESP,20,atp_rankings_2026_04_06.csv
2026-04-06,212745,Tadeo Meneo,1543,4,0.0,-1.0,ARG,20,atp_rankings_2026_04_06.csv
2026-04-06,210756,Loren Thomas Byers,1544,3,0.0,-1.0,USA,24,atp_rankings_2026_04_06.csv
2026-04-06,131905,Manuel Guinard,1544,3,0.0,-1.0,FRA,30,atp_rankings_2026_04_06.csv
2026-04-06,108766,Samir Iftikhar,1544,3,0.0,-1.0,PAK,34,atp_rankings_2026_04_06.csv
2026-04-06,207839,Yousaf Khalil,1544,3,0.0,-1.0,PAK,27,atp_rankings_2026_04_06.csv
2026-04-06,202417,Siphosothando Montsi,1544,3,0.0,-1.0,RSA,26,atp_rankings_2026_04_06.csv
2026-04-06,126609,Patrik Niklas Salminen,1544,3,0.0,-1.0,FIN,29,atp_rankings_2026_04_06.csv
2026-04-06,134256,Reese Stalder,1544,3,0.0,-1.0,USA,29,atp_rankings_2026_04_06.csv
2026-04-06,212642,Patrik Trhac,1544,3,0.0,-1.0,USA,27,atp_rankings_2026_04_06.csv
2026-04-06,206805,Luciano Carraro,1552,3,0.0,0.0,ITA,27,atp_rankings_2026_04_06.csv
2026-04-06,213985,Kelly Giese,1552,3,0.0,0.0,USA,21,atp_rankings_2026_04_06.csv
2026-04-06,208123,Tom Hands,1552,3,0.0,0.0,GBR,29,atp_rankings_2026_04_06.csv
2026-04-06,209972,Adit Sinha,1552,3,0.0,0.0,USA,22,atp_rankings_2026_04_06.csv
2026-04-06,202269,Justin Barki,1556,3,0.0,0.0,INA,25,atp_rankings_2026_04_06.csv
2026-04-06,208178,Samuel Brosset,1556,3,0.0,0.0,FRA,28,atp_rankings_2026_04_06.csv
2026-04-06,212859,Matisse Farzam,1556,3,0.0,0.0,USA,19,atp_rankings_2026_04_06.csv
2026-04-06,212158,Will Mayew,1556,3,0.0,0.0,USA,21,atp_rankings_2026_04_06.csv
2026-04-06,210312,Oliver Ojakaar,1556,3,0.0,0.0,EST,21,atp_rankings_2026_04_06.csv
2026-04-06,213957,Daniel Phillips,1556,3,0.0,0.0,BER,21,atp_rankings_2026_04_06.csv
2026-04-06,214483,Harrison Satara,1556,3,2.0,304.0,AUS,18,atp_rankings_2026_04_06.csv
2026-04-06,207609,Alexey Zakharov,1556,3,0.0,0.0,RUS,25,atp_rankings_2026_04_06.csv
2026-04-06,214001,Damien Clerc,1564,3,0.0,0.0,FRA,,atp_rankings_2026_04_06.csv
2026-04-06,111515,Thai Son Kwiatkowski,1564,3,0.0,0.0,USA,31,atp_rankings_2026_04_06.csv
2026-04-06,210230,Wissam Abderrahman,1566,3,0.0,1.0,TUN,22,atp_rankings_2026_04_06.csv
2026-04-06,214280,Fantino Alberca,1566,3,2.0,385.0,ARG,21,atp_rankings_2026_04_06.csv
2026-04-06,213058,Weiyi Kong,1566,3,0.0,1.0,CHN,,atp_rankings_2026_04_06.csv
2026-04-06,213771,Dominick Mosejczuk,1566,3,0.0,9.0,USA,19,atp_rankings_2026_04_06.csv
2026-04-06,212491,Alexander Razeghi,1566,3,0.0,1.0,USA,19,atp_rankings_2026_04_06.csv
2026-04-06,210693,Hudson Rivera,1566,3,0.0,1.0,USA,21,atp_rankings_2026_04_06.csv
2026-04-06,210571,Isac Stroemberg,1566,3,0.0,1.0,SWE,23,atp_rankings_2026_04_06.csv
2026-04-06,214341,Oscar Brown,1573,3,0.0,0.0,GBR,23,atp_rankings_2026_04_06.csv
2026-04-06,214390,Antonin Witz,1573,3,0.0,0.0,FRA,17,atp_rankings_2026_04_06.csv
2026-04-06,208334,Deney Wassermann,1575,3,0.0,-11.0,NED,25,atp_rankings_2026_04_06.csv
2026-04-06,212291,Siwanat Auytayakul,1576,3,0.0,-1.0,THA,21,atp_rankings_2026_04_06.csv
2026-04-06,213011,John Bothma,1576,3,0.0,-1.0,RSA,18,atp_rankings_2026_04_06.csv
2026-04-06,214029,Ye Chen,1576,3,0.0,-1.0,CHN,,atp_rankings_2026_04_06.csv
2026-04-06,213840,Teodor Davidov,1576,3,0.0,-1.0,USA,,atp_rankings_2026_04_06.csv
2026-04-06,212912,Mathys Domenc,1576,3,0.0,-1.0,FRA,16,atp_rankings_2026_04_06.csv
2026-04-06,120922,Maciej Rajski,1576,3,0.0,-1.0,POL,34,atp_rankings_2026_04_06.csv
2026-04-06,214210,Vincent Reisach,1576,3,0.0,-1.0,GER,17,atp_rankings_2026_04_06.csv
2026-04-06,210190,Timofey Stepanov,1576,3,0.0,-1.0,SUI,22,atp_rankings_2026_04_06.csv
2026-04-06,214246,Nikolas Stoot,1576,3,0.0,-1.0,USA,18,atp_rankings_2026_04_06.csv
2026-04-06,212854,Felipe Virgili Berini,1576,3,0.0,15.0,ITA,21,atp_rankings_2026_04_06.csv
2026-04-06,213920,Nathan Cox,1586,3,0.0,-1.0,USA,,atp_rankings_2026_04_06.csv
2026-04-06,212880,Ilyas Milad Fahim,1586,3,0.0,-1.0,MAR,20,atp_rankings_2026_04_06.csv
2026-04-06,211406,Yazid Lahjomri,1586,3,0.0,-1.0,MAR,20,atp_rankings_2026_04_06.csv
2026-04-06,212750,Clement Lemire,1586,3,0.0,-1.0,FRA,19,atp_rankings_2026_04_06.csv
2026-04-06,211660,Ryan Augusto Dos Santos,1590,3,0.0,1.0,BRA,22,atp_rankings_2026_04_06.csv
2026-04-06,207761,Julien De Cuyper,1590,3,2.0,553.0,FRA,26,atp_rankings_2026_04_06.csv
2026-04-06,206895,Alex Kobelt,1590,3,0.0,1.0,USA,28,atp_rankings_2026_04_06.csv
2026-04-06,211677,Matthew Rankin,1590,3,0.0,1.0,GBR,21,atp_rankings_2026_04_06.csv
2026-04-06,207973,Ainius Sabaliauskas,1590,3,0.0,1.0,LTU,22,atp_rankings_2026_04_06.csv
2026-04-06,210526,Niccolo Baroni,1595,3,0.0,1.0,ITA,22,atp_rankings_2026_04_06.csv
2026-04-06,213678,Felipe Dreer,1595,3,0.0,-10.0,ARG,,atp_rankings_2026_04_06.csv
2026-04-06,213069,Gasper Matijasic,1595,3,0.0,-10.0,SLO,,atp_rankings_2026_04_06.csv
2026-04-06,125843,Ren Nakamura,1595,3,1.0,146.0,JPN,31,atp_rankings_2026_04_06.csv
2026-04-06,213196,Rihards Neimanis,1595,3,0.0,1.0,LAT,18,atp_rankings_2026_04_06.csv
2026-04-06,212953,Ilija Palavestra,1595,3,0.0,1.0,USA,,atp_rankings_2026_04_06.csv
2026-04-06,200205,Valentin Vanta,1595,3,0.0,1.0,ROU,28,atp_rankings_2026_04_06.csv
2026-04-06,213584,Artem Bogomolov,1602,3,0.0,1.0,RUS,,atp_rankings_2026_04_06.csv
2026-04-06,211684,Emirhan Bulut,1602,3,0.0,1.0,TUR,19,atp_rankings_2026_04_06.csv
2026-04-06,213801,Jake Dembo,1602,3,0.0,1.0,AUS,,atp_rankings_2026_04_06.csv
2026-04-06,213200,Juan Ignacio Gallego,1602,3,1.0,163.0,ARG,,atp_rankings_2026_04_06.csv
2026-04-06,210598,Nicolas Hollender,1602,3,0.0,1.0,ARG,24,atp_rankings_2026_04_06.csv
2026-04-06,212632,Peter Alam,1607,3,0.0,-11.0,GBR,23,atp_rankings_2026_04_06.csv
2026-04-06,214156,Mahmoud Chetouane,1607,3,0.0,1.0,TUN,17,atp_rankings_2026_04_06.csv
2026-04-06,202439,Sean Hodkin,1607,3,0.0,1.0,GBR,27,atp_rankings_2026_04_06.csv
2026-04-06,210115,Yunseok Jang,1607,3,0.0,1.0,KOR,22,atp_rankings_2026_04_06.csv
2026-04-06,209986,Viktor Jovic,1607,3,0.0,1.0,SRB,24,atp_rankings_2026_04_06.csv
2026-04-06,213980,Arnav Paparkar,1607,3,0.0,-11.0,IND,18,atp_rankings_2026_04_06.csv
2026-04-06,209877,Stevan Popovic,1607,3,0.0,1.0,GER,24,atp_rankings_2026_04_06.csv
2026-04-06,213532,Stefan Storch,1607,3,1.0,163.0,AUS,,atp_rankings_2026_04_06.csv
2026-04-06,149268,Gabriele Vulpitta,1615,3,0.0,0.0,ITA,20,atp_rankings_2026_04_06.csv
2026-04-06,213393,Breno Braga,1616,3,0.0,0.0,BRA,21,atp_rankings_2026_04_06.csv
2026-04-06,212924,Emanuel Ivanisevic,1616,3,-1.0,-114.0,CRO,18,atp_rankings_2026_04_06.csv
2026-04-06,214214,Daniel Jovanovski,1616,3,1.0,175.0,AUS,18,atp_rankings_2026_04_06.csv
2026-04-06,211589,Tilen Kovac,1616,3,0.0,0.0,SLO,23,atp_rankings_2026_04_06.csv
2026-04-06,212167,Darius Florin Pop,1616,3,0.0,0.0,ROU,21,atp_rankings_2026_04_06.csv
2026-04-06,210205,Edoardo Zanada,1616,3,0.0,-13.0,ITA,25,atp_rankings_2026_04_06.csv
2026-04-06,213798,Noah Brownrigg,1622,3,0.0,-3.0,AUS,19,atp_rankings_2026_04_06.csv
2026-04-06,200419,Jonas Eriksson Ziverts,1622,3,1.0,174.0,SWE,27,atp_rankings_2026_04_06.csv
2026-04-06,210408,Luca Fantini,1622,3,0.0,-3.0,ITA,25,atp_rankings_2026_04_06.csv
2026-04-06,210153,David Fix,1622,3,0.0,6.0,GER,21,atp_rankings_2026_04_06.csv
2026-04-06,149139,Arthur Laborde,1622,3,0.0,-14.0,SUI,21,atp_rankings_2026_04_06.csv
2026-04-06,208841,Zekai Li,1622,3,0.0,-3.0,CHN,26,atp_rankings_2026_04_06.csv
2026-04-06,213916,Ashton Mcleod,1622,3,0.0,-14.0,AUS,18,atp_rankings_2026_04_06.csv
2026-04-06,122536,Juan Pablo Paz,1622,3,0.0,-3.0,ARG,31,atp_rankings_2026_04_06.csv
2026-04-06,210011,Aristarkh Safonov,1622,3,0.0,6.0,RUS,23,atp_rankings_2026_04_06.csv
2026-04-06,207541,Michalis Sakellaridis,1622,3,0.0,-3.0,GRE,25,atp_rankings_2026_04_06.csv
2026-04-06,105419,Patricio Alvarado,1632,3,0.0,-7.0,ECU,36,atp_rankings_2026_04_06.csv
2026-04-06,144665,Ryotero Matsumura,1632,3,0.0,-7.0,JPN,29,atp_rankings_2026_04_06.csv
2026-04-06,213930,Zangar Nurlanuly,1632,3,0.0,-7.0,KAZ,17,atp_rankings_2026_04_06.csv
2026-04-06,212965,Juan Jose Bianchi,1635,3,0.0,-7.0,VEN,25,atp_rankings_2026_04_06.csv
2026-04-06,213628,Volodymyr Gurenko,1635,3,0.0,-7.0,CAN,,atp_rankings_2026_04_06.csv
2026-04-06,213298,Carl Holder,1635,3,0.0,-7.0,FRA,19,atp_rankings_2026_04_06.csv
2026-04-06,213114,Chun Chien Hou,1635,3,0.0,-7.0,TPE,20,atp_rankings_2026_04_06.csv
2026-04-06,213640,Stephane Pierre Jo Kamendje,1635,3,0.0,-7.0,CAN,,atp_rankings_2026_04_06.csv
2026-04-06,211787,Matteo Lavizzari,1635,3,0.0,-7.0,SUI,21,atp_rankings_2026_04_06.csv
2026-04-06,213461,Andrea Mchich,1635,3,0.0,-7.0,FRA,20,atp_rankings_2026_04_06.csv
2026-04-06,213617,Mattia Nannelli,1635,3,0.0,-7.0,ITA,,atp_rankings_2026_04_06.csv
2026-04-06,210420,Gheorghe Claudiu Schinteie,1635,3,0.0,-7.0,ROU,24,atp_rankings_2026_04_06.csv
2026-04-06,212498,Benoit Torcq,1635,3,0.0,-7.0,BEL,20,atp_rankings_2026_04_06.csv
2026-04-06,213637,Daniel Domingos,1645,3,0.0,-5.0,AGO,,atp_rankings_2026_04_06.csv
2026-04-06,209979,Madhwin Kamath,1645,3,-1.0,-135.0,IND,24,atp_rankings_2026_04_06.csv
2026-04-06,209282,Ian Luca Cervantes Tomas,1647,3,0.0,-5.0,MEX,22,atp_rankings_2026_04_06.csv
2026-04-06,210229,Aleksa Pisaric,1647,3,0.0,-5.0,SRB,20,atp_rankings_2026_04_06.csv
2026-04-06,207367,Bora Sengul,1647,3,0.0,-5.0,TUR,24,atp_rankings_2026_04_06.csv
2026-04-06,207559,Darrshan Suresh,1647,3,0.0,-5.0,MAS,25,atp_rankings_2026_04_06.csv
2026-04-06,212806,Benjamin Gusic Wan,1651,3,0.0,-11.0,GBR,18,atp_rankings_2026_04_06.csv
2026-04-06,210191,Gian Gruenig,1652,3,-2.0,-230.0,SUI,26,atp_rankings_2026_04_06.csv
2026-04-06,212981,Jonas Gundacker,1652,3,0.0,-4.0,AUT,23,atp_rankings_2026_04_06.csv
2026-04-06,212932,Noah Karma,1652,3,0.0,-4.0,SUI,,atp_rankings_2026_04_06.csv
2026-04-06,212289,Tom Sickenberger,1652,3,0.0,-4.0,GER,,atp_rankings_2026_04_06.csv
2026-04-06,211454,Federico Valle,1652,3,1.0,190.0,ITA,26,atp_rankings_2026_04_06.csv
2026-04-06,132018,Drew Van Orderlain,1657,3,0.0,-4.0,USA,31,atp_rankings_2026_04_06.csv
2026-04-06,144813,Benjamin Hannestad,1658,3,-2.0,-230.0,DEN,29,atp_rankings_2026_04_06.csv
2026-04-06,209103,Haoyuan Huang,1658,3,0.0,-10.0,CHN,23,atp_rankings_2026_04_06.csv
2026-04-06,211601,Alvaro Peiro Serrano,1658,3,0.0,-3.0,ESP,22,atp_rankings_2026_04_06.csv
2026-04-06,212875,Zhengyu Sun,1658,3,0.0,-6.0,CHN,19,atp_rankings_2026_04_06.csv
2026-04-06,149142,Tanguy Genier,1662,3,0.0,-3.0,SUI,28,atp_rankings_2026_04_06.csv
2026-04-06,212067,Ye Hongyu,1662,3,0.0,-7.0,CHN,21,atp_rankings_2026_04_06.csv
2026-04-06,213774,Dmitry Kopilevich,1662,3,0.0,-3.0,SLO,19,atp_rankings_2026_04_06.csv
2026-04-06,213075,Alejandro Lopez Escribano,1662,3,0.0,-7.0,ESP,19,atp_rankings_2026_04_06.csv
2026-04-06,210032,Pierre Antoine Tailleu,1662,3,1.0,192.0,FRA,22,atp_rankings_2026_04_06.csv
2026-04-06,207478,Zhenxiong Dong,1667,3,0.0,-6.0,CHN,27,atp_rankings_2026_04_06.csv
2026-04-06,124045,Lawrence Bataljin,1668,3,0.0,-6.0,AUS,29,atp_rankings_2026_04_06.csv
2026-04-06,209885,Gokberk Saritas,1668,3,0.0,-6.0,TUR,22,atp_rankings_2026_04_06.csv
2026-04-06,211537,Alfred Almasi,1670,2,0.0,-6.0,SVK,,atp_rankings_2026_04_06.csv
2026-04-06,212678,David Bakonyi,1670,2,0.0,-6.0,HUN,19,atp_rankings_2026_04_06.csv
2026-04-06,213913,Casper Christensen,1670,2,0.0,-6.0,NOR,23,atp_rankings_2026_04_06.csv
2026-04-06,214331,Valentino Conte,1670,2,0.0,-6.0,ARG,21,atp_rankings_2026_04_06.csv
2026-04-06,213691,Connor Doig,1670,2,0.0,-6.0,RSA,,atp_rankings_2026_04_06.csv
2026-04-06,213552,Jagger Leach,1670,2,0.0,-6.0,USA,18,atp_rankings_2026_04_06.csv
2026-04-06,126630,Ivan Liutarevich,1670,2,0.0,-6.0,BLR,30,atp_rankings_2026_04_06.csv
2026-04-06,212916,Marko Milosavljevic,1670,2,0.0,-6.0,SRB,,atp_rankings_2026_04_06.csv
2026-04-06,214329,Diego Eduardo Munoz Navia,1670,2,0.0,-6.0,BOL,20,atp_rankings_2026_04_06.csv
2026-04-06,208254,Ignacio Novo,1670,2,0.0,-6.0,ARG,25,atp_rankings_2026_04_06.csv
2026-04-06,207547,Bruno Pujol Navarro,1670,2,0.0,-6.0,ESP,24,atp_rankings_2026_04_06.csv
2026-04-06,105578,Cristian Rodriguez,1670,2,0.0,-6.0,COL,35,atp_rankings_2026_04_06.csv
2026-04-06,214327,Oliver Andre Solis Encinas,1670,2,0.0,-6.0,BOL,,atp_rankings_2026_04_06.csv
2026-04-06,208874,Seita Watanabe,1670,2,0.0,-6.0,JPN,25,atp_rankings_2026_04_06.csv
2026-04-06,213523,Milan Welte,1670,2,0.0,-6.0,GER,24,atp_rankings_2026_04_06.csv
2026-04-06,214270,Tomas Zurmendi,1670,2,0.0,-6.0,URU,17,atp_rankings_2026_04_06.csv
2026-04-06,210504,Billy Blaydes,1686,2,0.0,-6.0,GBR,22,atp_rankings_2026_04_06.csv
2026-04-06,212570,Nikita Filin,1686,2,0.0,-6.0,USA,19,atp_rankings_2026_04_06.csv
2026-04-06,214337,Eudald Gonzalez,1686,2,0.0,-6.0,ESP,17,atp_rankings_2026_04_06.csv
2026-04-06,144848,Sergio Luis Hernandez Ramirez,1686,2,0.0,-6.0,COL,26,atp_rankings_2026_04_06.csv
2026-04-06,212782,Saahith Jayaraman,1686,2,0.0,-6.0,USA,,atp_rankings_2026_04_06.csv
2026-04-06,109737,Markos Kalovelonis,1686,2,0.0,-6.0,GRE,31,atp_rankings_2026_04_06.csv
2026-04-06,214269,Marcel Latak,1686,2,0.0,-6.0,USA,17,atp_rankings_2026_04_06.csv
2026-04-06,211622,Loan Lestir,1686,2,0.0,-6.0,FRA,20,atp_rankings_2026_04_06.csv
2026-04-06,207505,Mario Mansilla Diez,1686,2,0.0,-6.0,ESP,23,atp_rankings_2026_04_06.csv
2026-04-06,210102,Neo Niedner,1686,2,0.0,-6.0,GER,22,atp_rankings_2026_04_06.csv
2026-04-06,214332,Henrique Ortenblad Nogueira,1686,2,0.0,-6.0,BRA,23,atp_rankings_2026_04_06.csv
2026-04-06,213738,Jack Satterfield,1686,2,0.0,-6.0,USA,,atp_rankings_2026_04_06.csv
2026-04-06,210376,Max  Sheldon,1686,2,0.0,-6.0,USA,22,atp_rankings_2026_04_06.csv
2026-04-06,211333,Vito Tonejc,1686,2,-2.0,-226.0,CRO,26,atp_rankings_2026_04_06.csv
2026-04-06,214054,Baltazar Wiger Nordas,1686,2,0.0,-6.0,NOR,22,atp_rankings_2026_04_06.csv
2026-04-06,214138,Bastian Berenz,1701,2,0.0,-6.0,AUT,,atp_rankings_2026_04_06.csv
2026-04-06,212863,Benjamin Chelia,1701,2,0.0,-6.0,ARG,17,atp_rankings_2026_04_06.csv
2026-04-06,214292,Ignacio De Armas,1701,2,0.0,-6.0,VEN,17,atp_rankings_2026_04_06.csv
2026-04-06,209294,Diego Duran,1701,2,0.0,-6.0,ESA,,atp_rankings_2026_04_06.csv
2026-04-06,210188,Petar Jovanovic,1701,2,0.0,-6.0,MNE,22,atp_rankings_2026_04_06.csv
2026-04-06,212139,Vit Kalina,1701,2,0.0,-6.0,CZE,20,atp_rankings_2026_04_06.csv
2026-04-06,214276,Min Ho Ko,1701,2,0.0,-6.0,KOR,18,atp_rankings_2026_04_06.csv
2026-04-06,212476,Noritaka Koizumi,1701,2,0.0,-6.0,JPN,22,atp_rankings_2026_04_06.csv
2026-04-06,212023,Oscar Lacides,1701,2,0.0,-6.0,GUD,21,atp_rankings_2026_04_06.csv
2026-04-06,109734,Skander Mansouri,1701,2,1.0,159.0,TUN,30,atp_rankings_2026_04_06.csv
2026-04-06,105011,Illya Marchenko,1701,2,0.0,-6.0,UKR,38,atp_rankings_2026_04_06.csv
2026-04-06,106138,Yaraslav Shyla,1701,2,0.0,-6.0,BLR,33,atp_rankings_2026_04_06.csv
2026-04-06,213999,Leon Sloboda,1701,2,0.0,-6.0,SVK,,atp_rankings_2026_04_06.csv
2026-04-06,208589,Nikita Volonski,1701,2,0.0,-6.0,AUS,24,atp_rankings_2026_04_06.csv
2026-04-06,211741,Anthony Wright,1701,2,0.0,-6.0,GBR,21,atp_rankings_2026_04_06.csv
2026-04-06,209206,Antonio Caruso,1716,2,0.0,-7.0,ITA,26,atp_rankings_2026_04_06.csv
2026-04-06,208821,Ondrej Horak,1716,2,0.0,-7.0,CZE,23,atp_rankings_2026_04_06.csv
2026-04-06,208027,Alex Jones,1716,2,0.0,-7.0,USA,27,atp_rankings_2026_04_06.csv
2026-04-06,213367,Emiliano Jorquera,1716,2,0.0,-7.0,CAN,22,atp_rankings_2026_04_06.csv
2026-04-06,144896,Hao Sheng Koay,1716,2,0.0,-7.0,MAS,27,atp_rankings_2026_04_06.csv
2026-04-06,210631,Linus Lagerbohm,1716,2,0.0,-7.0,FIN,18,atp_rankings_2026_04_06.csv
2026-04-06,202345,Arvid Nordquist,1716,2,0.0,-7.0,SWE,27,atp_rankings_2026_04_06.csv
2026-04-06,213955,Santiago Pesino,1716,2,,,ARG,19,atp_rankings_2026_04_06.csv
2026-04-06,122649,Photos Photiades,1716,2,0.0,21.0,CYP,22,atp_rankings_2026_04_06.csv
2026-04-06,213274,Eli Stephenson,1716,2,0.0,-7.0,USA,21,atp_rankings_2026_04_06.csv
2026-04-06,211396,Vladimir Bazilevskiy,1726,2,0.0,15.0,ISR,20,atp_rankings_2026_04_06.csv
2026-04-06,214377,Tito Chavez,1726,2,0.0,-9.0,ESP,18,atp_rankings_2026_04_06.csv
2026-04-06,212883,Andres Delgadillo,1726,2,0.0,-9.0,MEX,,atp_rankings_2026_04_06.csv
2026-04-06,126573,Thomas Fancutt,1726,2,0.0,-9.0,AUS,31,atp_rankings_2026_04_06.csv
2026-04-06,210711,Francisco Tomas Geschwind,1726,2,0.0,-9.0,ARG,23,atp_rankings_2026_04_06.csv
2026-04-06,211634,Tobia Grandinetti,1726,2,1.0,225.0,ARG,22,atp_rankings_2026_04_06.csv
2026-04-06,213823,Federico Guarducci,1726,2,0.0,-9.0,ITA,22,atp_rankings_2026_04_06.csv
2026-04-06,202155,Yeongseok Jeong,1726,2,0.0,-9.0,KOR,26,atp_rankings_2026_04_06.csv
2026-04-06,212669,Botond Kisantal,1726,2,0.0,-9.0,HUN,20,atp_rankings_2026_04_06.csv
2026-04-06,206673,Bharath Nishok Kumaran,1726,2,0.0,15.0,IND,28,atp_rankings_2026_04_06.csv
2026-04-06,212851,Espen Lagarde,1726,2,0.0,-9.0,FRA,24,atp_rankings_2026_04_06.csv
2026-04-06,207431,Lewie Lane,1726,2,0.0,15.0,GER,25,atp_rankings_2026_04_06.csv
2026-04-06,116985,Petr Michnev,1726,2,0.0,-9.0,CZE,36,atp_rankings_2026_04_06.csv
2026-04-06,211587,Diogo Morais,1726,2,0.0,-9.0,POR,21,atp_rankings_2026_04_06.csv
2026-04-06,210081,Viacheslav Ovchinnikov,1726,2,0.0,-9.0,RUS,23,atp_rankings_2026_04_06.csv
2026-04-06,213964,Bengt Johan Reinhard,1726,2,0.0,-9.0,GER,19,atp_rankings_2026_04_06.csv
2026-04-06,207587,Martins Rocens,1726,2,0.0,-9.0,LAT,25,atp_rankings_2026_04_06.csv
2026-04-06,213173,Nicola Senn,1726,2,0.0,-9.0,SUI,,atp_rankings_2026_04_06.csv
2026-04-06,104908,Mikal Oliver Statham,1726,2,0.0,-9.0,NZL,38,atp_rankings_2026_04_06.csv
2026-04-06,207586,Justas Trainauskas,1726,2,0.0,-9.0,LTU,24,atp_rankings_2026_04_06.csv
2026-04-06,212098,Iker Urribarrens Ramirez,1726,2,0.0,15.0,ESP,22,atp_rankings_2026_04_06.csv
2026-04-06,212099,Benjamin Vitter,1726,2,0.0,-9.0,FRA,23,atp_rankings_2026_04_06.csv
2026-04-06,213907,Christian Wedel,1726,2,0.0,-9.0,GER,,atp_rankings_2026_04_06.csv
2026-04-06,213120,Lorenzo Berto,1749,2,0.0,-12.0,ITA,18,atp_rankings_2026_04_06.csv
2026-04-06,212089,Kane Bonsach Ganley,1749,2,0.0,16.0,DEN,21,atp_rankings_2026_04_06.csv
2026-04-06,207370,Ryusuke Horiuchi,1749,2,0.0,-12.0,JPN,27,atp_rankings_2026_04_06.csv
2026-04-06,213873,Benjamin Perez,1749,2,0.0,-12.0,CHI,18,atp_rankings_2026_04_06.csv
2026-04-06,214198,Daniel Aleksandar Amarandei,1753,2,0.0,-12.0,ITA,18,atp_rankings_2026_04_06.csv
2026-04-06,105871,Sekou Bangoura,1753,2,0.0,17.0,USA,34,atp_rankings_2026_04_06.csv
2026-04-06,212462,Evan Burnett,1753,2,0.0,-12.0,USA,20,atp_rankings_2026_04_06.csv
2026-04-06,,Hugo Cardinaud,1753,2,0.0,-12.0,,,atp_rankings_2026_04_06.csv
2026-04-06,214209,Lenny Couturier,1753,2,1.0,299.0,FRA,17,atp_rankings_2026_04_06.csv
2026-04-06,212129,Mariano Dedura Palomero,1753,2,0.0,-12.0,GER,20,atp_rankings_2026_04_06.csv
2026-04-06,212929,Nikola Djukic Valera,1753,2,0.0,-12.0,ESP,,atp_rankings_2026_04_06.csv
2026-04-06,200622,Hernando Jose Escurra Isnardi,1753,2,0.0,-12.0,PAR,28,atp_rankings_2026_04_06.csv
2026-04-06,212720,Juan Carlos Fuentes Vasquez,1753,2,0.0,-12.0,ESA,20,atp_rankings_2026_04_06.csv
2026-04-06,212150,Oskar Jansson,1753,2,0.0,-12.0,SWE,21,atp_rankings_2026_04_06.csv
2026-04-06,207256,Admir Kalender,1753,2,0.0,-12.0,CRO,25,atp_rankings_2026_04_06.csv
2026-04-06,210248,Jakub Kroslak,1753,2,0.0,-12.0,SVK,22,atp_rankings_2026_04_06.csv
2026-04-06,212545,Henry Lieberman,1753,2,0.0,-12.0,USA,25,atp_rankings_2026_04_06.csv
2026-04-06,214436,Simone Massellani,1753,2,0.0,-12.0,ITA,18,atp_rankings_2026_04_06.csv
2026-04-06,134113,Cing Yang Meng,1753,2,0.0,-12.0,TPE,27,atp_rankings_2026_04_06.csv
2026-04-06,210060,Aleksandar Mihailovic,1753,2,0.0,-12.0,SRB,23,atp_rankings_2026_04_06.csv
2026-04-06,210170,Noah Schlagenhauf,1753,2,0.0,-12.0,GER,23,atp_rankings_2026_04_06.csv
2026-04-06,213553,Dmytro Shirokyi,1753,2,0.0,-12.0,UKR,19,atp_rankings_2026_04_06.csv
2026-04-06,212092,Yu Tanaka,1753,2,-1.0,-157.0,JPN,22,atp_rankings_2026_04_06.csv
2026-04-06,210704,Kian Vakili,1753,2,0.0,-12.0,USA,22,atp_rankings_2026_04_06.csv
2026-04-06,209199,Ilias Zimmermann,1753,2,0.0,-12.0,SUI,,atp_rankings_2026_04_06.csv
2026-04-06,209117,Marco Furlanetto,1774,2,0.0,-9.0,ITA,25,atp_rankings_2026_04_06.csv
2026-04-06,214264,Jerrid Gaines,1774,2,0.0,-9.0,USA,16,atp_rankings_2026_04_06.csv
2026-04-06,212951,Mak Mikovic,1774,2,0.0,-9.0,SLO,19,atp_rankings_2026_04_06.csv
2026-04-06,213278,Leonardo Angeloni,1777,2,0.0,-7.0,ITA,21,atp_rankings_2026_04_06.csv
2026-04-06,123847,Bogdan Bobrov,1777,2,0.0,19.0,RUS,28,atp_rankings_2026_04_06.csv
2026-04-06,212876,Pedro Andre De Almeida Santos,1777,2,0.0,-7.0,BRA,21,atp_rankings_2026_04_06.csv
2026-04-06,210403,Ivan Dreycopp,1777,2,0.0,-7.0,ARG,22,atp_rankings_2026_04_06.csv
2026-04-06,210729,Hamza El Amine,1777,2,0.0,-7.0,MAR,21,atp_rankings_2026_04_06.csv
2026-04-06,208197,Ammar Elamin,1777,2,0.0,-7.0,IRL,23,atp_rankings_2026_04_06.csv
2026-04-06,212798,Shanker Heisnam,1777,2,1.0,336.0,IND,,atp_rankings_2026_04_06.csv
2026-04-06,149104,Patrik Homola,1777,2,0.0,-7.0,CZE,22,atp_rankings_2026_04_06.csv
2026-04-06,213576,Matt Kleiman,1777,2,0.0,-7.0,USA,,atp_rankings_2026_04_06.csv
2026-04-06,211701,Jules Leroux,1777,2,0.0,-7.0,FRA,20,atp_rankings_2026_04_06.csv
2026-04-06,213931,Jun Hao Luo,1777,2,1.0,336.0,CHN,18,atp_rankings_2026_04_06.csv
2026-04-06,213287,Diego Ortiz Gamonsl,1777,2,0.0,-7.0,CHI,22,atp_rankings_2026_04_06.csv
2026-04-06,207972,Minjong Park,1777,2,0.0,19.0,KOR,24,atp_rankings_2026_04_06.csv
2026-04-06,210114,Julien Penzlin,1777,2,0.0,-7.0,GER,23,atp_rankings_2026_04_06.csv
2026-04-06,214266,Stefan Ilie Bogdan Petre,1777,2,0.0,-7.0,ROU,17,atp_rankings_2026_04_06.csv
2026-04-06,213186,David Petrovic,1777,2,0.0,-7.0,GER,21,atp_rankings_2026_04_06.csv
2026-04-06,207958,Roman Postolka,1777,2,0.0,-7.0,CZE,26,atp_rankings_2026_04_06.csv
2026-04-06,209870,Gunawan Trismuwantara,1777,2,0.0,-7.0,INA,23,atp_rankings_2026_04_06.csv
2026-04-06,106210,Jiri Vesely,1777,2,0.0,-7.0,CZE,32,atp_rankings_2026_04_06.csv
2026-04-06,212180,Shaoyun Liu,1796,2,0.0,-5.0,CHN,24,atp_rankings_2026_04_06.csv
2026-04-06,209035,Mikel Martinez,1796,2,0.0,-5.0,ESP,25,atp_rankings_2026_04_06.csv
2026-04-06,208315,Javier Molino,1796,2,0.0,-5.0,ESP,24,atp_rankings_2026_04_06.csv
2026-04-06,208052,Matthew Segura,1796,2,0.0,-5.0,USA,25,atp_rankings_2026_04_06.csv
2026-04-06,208154,Laurin Aerne,1800,2,0.0,-4.0,SUI,27,atp_rankings_2026_04_06.csv
2026-04-06,210101,Simone Agostini,1800,2,0.0,-4.0,ITA,29,atp_rankings_2026_04_06.csv
2026-04-06,212473,Miles Clark,1800,2,0.0,-4.0,USA,,atp_rankings_2026_04_06.csv
2026-04-06,213885,Nav Dayal,1800,2,0.0,-4.0,USA,,atp_rankings_2026_04_06.csv
2026-04-06,210396,Dmitry Dolzhenkov,1800,2,0.0,-4.0,RUS,21,atp_rankings_2026_04_06.csv
2026-04-06,200187,Luc Fomba,1800,2,0.0,-4.0,FRA,27,atp_rankings_2026_04_06.csv
2026-04-06,210092,Filiberto Fumagalli,1800,2,0.0,-4.0,ITA,23,atp_rankings_2026_04_06.csv
2026-04-06,210649,Giammarco Gandolfi,1800,2,0.0,-4.0,ITA,22,atp_rankings_2026_04_06.csv
2026-04-06,214202,Gus Grumet,1800,2,0.0,-30.0,USA,18,atp_rankings_2026_04_06.csv
2026-04-06,214139,Nicola Ion,1800,2,0.0,-4.0,CAN,,atp_rankings_2026_04_06.csv
2026-04-06,212232,Yeonsu Jeong,1800,2,0.0,-4.0,KOR,,atp_rankings_2026_04_06.csv
2026-04-06,213185,Makar Krivoshchekov,1800,2,0.0,23.0,RUS,20,atp_rankings_2026_04_06.csv
2026-04-06,211742,Daniel Lara Salmeron,1800,2,0.0,-4.0,ESP,24,atp_rankings_2026_04_06.csv
2026-04-06,214082,Justin Lenders,1800,2,0.0,-4.0,SUI,,atp_rankings_2026_04_06.csv
2026-04-06,213373,William Nolan,1800,2,0.0,-4.0,GBR,22,atp_rankings_2026_04_06.csv
2026-04-06,213810,Alex Santino Nunez Vera,1800,2,0.0,-4.0,PAR,18,atp_rankings_2026_04_06.csv
2026-04-06,212923,Hugo Ouzilou,1800,2,0.0,23.0,SUI,22,atp_rankings_2026_04_06.csv
2026-04-06,213979,Kunanan Pantaratorn,1800,2,0.0,-4.0,THA,17,atp_rankings_2026_04_06.csv
2026-04-06,210287,Noah Regas Luis,1800,2,0.0,-30.0,ESP,21,atp_rankings_2026_04_06.csv
2026-04-06,213716,Yoshka Sborowsky,1800,2,0.0,-4.0,FRA,,atp_rankings_2026_04_06.csv
2026-04-06,213135,Ruslan Serazhetdinov,1800,2,0.0,-30.0,RUS,21,atp_rankings_2026_04_06.csv
2026-04-06,200479,Luke Simkiss,1800,2,0.0,-4.0,GBR,27,atp_rankings_2026_04_06.csv
2026-04-06,138467,Marvin Bernardo Becker Spiering,1800,2,0.0,-4.0,BRA,28,atp_rankings_2026_04_06.csv
2026-04-06,213588,Esteban Talavera Cortes,1800,2,0.0,-4.0,ESP,,atp_rankings_2026_04_06.csv
2026-04-06,202357,Bang Shuo Yin,1800,2,0.0,-4.0,TPE,27,atp_rankings_2026_04_06.csv
2026-04-06,209946,Maikel De Boes,1825,2,0.0,-4.0,BEL,23,atp_rankings_2026_04_06.csv
2026-04-06,209238,Sebastian Dominguez,1825,2,0.0,-4.0,GUA,23,atp_rankings_2026_04_06.csv
2026-04-06,105029,Sergey Betov,1827,2,0.0,-4.0,BLR,38,atp_rankings_2026_04_06.csv
2026-04-06,212860,Dakotah Bobo,1827,2,0.0,-4.0,USA,23,atp_rankings_2026_04_06.csv
2026-04-06,211457,Sven Corbinais,1827,2,0.0,-4.0,FRA,23,atp_rankings_2026_04_06.csv
2026-04-06,210454,Jesse De Jager,1827,2,0.0,-4.0,NED,24,atp_rankings_2026_04_06.csv
2026-04-06,212529,Alex Finkelstein,1827,2,0.0,-4.0,USA,23,atp_rankings_2026_04_06.csv
2026-04-06,213376,Jeffrey Fradkin,1827,2,0.0,-4.0,USA,24,atp_rankings_2026_04_06.csv
2026-04-06,214111,Tomas Jordi Leston,1827,2,0.0,-4.0,ARG,,atp_rankings_2026_04_06.csv
2026-04-06,210341,Ajay Malik,1827,2,0.0,-4.0,IND,23,atp_rankings_2026_04_06.csv
2026-04-06,210204,Drazen Petrovic,1827,2,0.0,-4.0,BIH,23,atp_rankings_2026_04_06.csv
2026-04-06,212294,Matei Todoran,1827,2,0.0,-4.0,ROU,,atp_rankings_2026_04_06.csv
2026-04-06,210666,Ha Minh Duc Vu,1827,2,0.0,-4.0,VIE,22,atp_rankings_2026_04_06.csv
2026-04-06,212890,Caheer Warik,1827,2,0.0,-31.0,IND,,atp_rankings_2026_04_06.csv
2026-04-06,214037,Jan Wygona,1827,2,0.0,-31.0,POL,,atp_rankings_2026_04_06.csv
2026-04-06,208542,Linghao Zhang,1827,2,0.0,-4.0,CHN,23,atp_rankings_2026_04_06.csv
2026-04-06,210315,Pietro Pampanin,1841,2,0.0,-4.0,ITA,23,atp_rankings_2026_04_06.csv
2026-04-06,209847,Dorian Tremblay,1841,2,0.0,-4.0,FRA,24,atp_rankings_2026_04_06.csv
2026-04-06,213653,Benjamin Willwerth,1841,2,0.0,-4.0,USA,,atp_rankings_2026_04_06.csv
2026-04-06,213777,Savva Rybkin,1844,2,0.0,-2.0,RUS,,atp_rankings_2026_04_06.csv
2026-04-06,206827,Alan Sau Franco,1844,2,0.0,-4.0,MEX,25,atp_rankings_2026_04_06.csv
2026-04-06,210331,Alessandro Spadola,1844,2,0.0,-4.0,ITA,23,atp_rankings_2026_04_06.csv
2026-04-06,212724,Anas Bennour Dit Sahli,1847,2,0.0,-5.0,TUN,19,atp_rankings_2026_04_06.csv
2026-04-06,210595,Jiri Cizek,1847,2,0.0,-5.0,CZE,20,atp_rankings_2026_04_06.csv
2026-04-06,,Alvaro Jimenez,1847,2,0.0,-5.0,,,atp_rankings_2026_04_06.csv
2026-04-06,210670,Sasa Markovic,1847,2,0.0,-5.0,SRB,20,atp_rankings_2026_04_06.csv
2026-04-06,213049,Mateya Stanisavljevic,1847,2,0.0,-5.0,SRB,19,atp_rankings_2026_04_06.csv
2026-04-06,209267,Vesa Ahti,1852,2,0.0,-1.0,FIN,26,atp_rankings_2026_04_06.csv
2026-04-06,212919,Ivan Biletic,1852,2,0.0,-10.0,BIH,19,atp_rankings_2026_04_06.csv
2026-04-06,212711,Daniel Jade,1852,2,0.0,-1.0,FRA,17,atp_rankings_2026_04_06.csv
2026-04-06,124074,Kazuma Kawachi,1852,2,0.0,-10.0,JPN,31,atp_rankings_2026_04_06.csv
2026-04-06,149108,Loic Namigandet Tenguere,1852,2,0.0,-1.0,FRA,27,atp_rankings_2026_04_06.csv
2026-04-06,210110,Alessandro Bellifemine,1857,2,-1.0,-204.0,ITA,24,atp_rankings_2026_04_06.csv
2026-04-06,202314,Parth Aggarwal,1858,2,0.0,-3.0,IND,28,atp_rankings_2026_04_06.csv
2026-04-06,210103,Luca Parenti,1858,2,1.0,364.0,ITA,22,atp_rankings_2026_04_06.csv
2026-04-06,200045,Anthony Susanto,1860,2,0.0,-5.0,INA,28,atp_rankings_2026_04_06.csv
2026-04-06,207463,Sheng Tang,1860,2,0.0,-5.0,CHN,26,atp_rankings_2026_04_06.csv
2026-04-06,,Ignasi Forcano Aparicio,1862,2,0.0,-4.0,,,atp_rankings_2026_04_06.csv
2026-04-06,213037,Luis Garcia Paez,1863,2,0.0,-4.0,ESP,20,atp_rankings_2026_04_06.csv
2026-04-06,214385,Motoharu Abe,1864,1,0.0,-4.0,JPN,17,atp_rankings_2026_04_06.csv
2026-04-06,126732,Eric Ahren Moonga,1864,1,0.0,-4.0,SWE,30,atp_rankings_2026_04_06.csv
2026-04-06,213849,Artur Aiukhanov,1864,1,0.0,-4.0,RUS,20,atp_rankings_2026_04_06.csv
2026-04-06,105618,Juan Samuel Arauzo Martinez,1864,1,0.0,-4.0,ESP,35,atp_rankings_2026_04_06.csv
2026-04-06,211458,Nathan Anthony Barki,1864,1,0.0,-4.0,INA,21,atp_rankings_2026_04_06.csv
2026-04-06,214283,Juan Ignacio Barraza,1864,1,0.0,-4.0,ARG,25,atp_rankings_2026_04_06.csv
2026-04-06,213966,Jerry Barton,1864,1,0.0,-4.0,USA,22,atp_rankings_2026_04_06.csv
2026-04-06,212712,Alexis Berquier,1864,1,0.0,-4.0,FRA,,atp_rankings_2026_04_06.csv
2026-04-06,209093,Juliusz Bienkiewicz,1864,1,0.0,-4.0,POL,,atp_rankings_2026_04_06.csv
2026-04-06,213942,Tighe Brunetti,1864,1,0.0,-4.0,USA,22,atp_rankings_2026_04_06.csv
2026-04-06,132456,Vasilios Caripi,1864,1,0.0,-4.0,RSA,34,atp_rankings_2026_04_06.csv
2026-04-06,214301,Matthew Carroll,1864,1,0.0,-4.0,GBR,,atp_rankings_2026_04_06.csv
2026-04-06,209991,Hanamichi Carvajal,1864,1,0.0,-4.0,CHI,23,atp_rankings_2026_04_06.csv
2026-04-06,212517,Marcos Castro Fabra,1864,1,0.0,-4.0,ESP,19,atp_rankings_2026_04_06.csv
2026-04-06,213115,Elijah Cham,1864,1,0.0,-4.0,AUS,,atp_rankings_2026_04_06.csv
2026-04-06,211730,Sandesh Dattatray Kurale,1864,1,0.0,-4.0,IND,,atp_rankings_2026_04_06.csv
2026-04-06,214218,Malanqi Du,1864,1,0.0,-4.0,CHN,23,atp_rankings_2026_04_06.csv
2026-04-06,214308,Tomas Dummer Macedo,1864,1,0.0,-4.0,BRA,17,atp_rankings_2026_04_06.csv
2026-04-06,211685,Birtan Duran,1864,1,0.0,-4.0,TUR,21,atp_rankings_2026_04_06.csv
2026-04-06,214353,Gian Durrer,1864,1,0.0,-4.0,SUI,21,atp_rankings_2026_04_06.csv
2026-04-06,210035,Karim El Feky,1864,1,0.0,-4.0,EGY,24,atp_rankings_2026_04_06.csv
2026-04-06,212072,Samyar Elyasi,1864,1,0.0,-4.0,IRI,21,atp_rankings_2026_04_06.csv
2026-04-06,214472,Finn Emslie Robson,1864,1,0.0,-4.0,NZL,21,atp_rankings_2026_04_06.csv
2026-04-06,213671,Roberto Ferrer Guimaraes,1864,1,0.0,-4.0,USA,,atp_rankings_2026_04_06.csv
2026-04-06,213904,Xavier Ferrer Mateo,1864,1,0.0,-4.0,ESP,19,atp_rankings_2026_04_06.csv
2026-04-06,214248,Oriol Font,1864,1,0.0,-4.0,ESP,20,atp_rankings_2026_04_06.csv
2026-04-06,214312,Rafael Augusto Garcia Finetto,1864,1,0.0,-4.0,BRA,18,atp_rankings_2026_04_06.csv
2026-04-06,214310,Pietro Gava,1864,1,0.0,-4.0,BRA,16,atp_rankings_2026_04_06.csv
2026-04-06,213263,Christoph Gayk,1864,1,0.0,-4.0,GER,20,atp_rankings_2026_04_06.csv
2026-04-06,206625,Daniil Golubev,1864,1,0.0,-4.0,RUS,24,atp_rankings_2026_04_06.csv
2026-04-06,213868,Maxim Groysman,1864,1,0.0,-4.0,USA,,atp_rankings_2026_04_06.csv
2026-04-06,213028,Kornel Halmos,1864,1,0.0,-4.0,HUN,20,atp_rankings_2026_04_06.csv
2026-04-06,214467,Zac Hamill,1864,1,0.0,-4.0,AUS,20,atp_rankings_2026_04_06.csv
2026-04-06,213142,Bryan Hernandez Cortes,1864,1,0.0,-4.0,ESP,19,atp_rankings_2026_04_06.csv
2026-04-06,213342,David Jeanne Grandinot,1864,1,0.0,-4.0,FRA,23,atp_rankings_2026_04_06.csv
2026-04-06,212758,Jarrod Joyce,1864,1,0.0,-4.0,AUS,19,atp_rankings_2026_04_06.csv
2026-04-06,127195,Hamza Karmoussi,1864,1,0.0,-4.0,MAR,,atp_rankings_2026_04_06.csv
2026-04-06,213601,Pranav Karthik,1864,1,,,IND,,atp_rankings_2026_04_06.csv
2026-04-06,211608,Nicolas Kobelt,1864,1,0.0,-4.0,SUI,21,atp_rankings_2026_04_06.csv
2026-04-06,212521,Thomas Kostka,1864,1,0.0,-4.0,FRA,22,atp_rankings_2026_04_06.csv
2026-04-06,210159,Tomas Lanik,1864,1,0.0,-4.0,SVK,23,atp_rankings_2026_04_06.csv
2026-04-06,214333,Woong Bi Lee,1864,1,0.0,-4.0,KOR,20,atp_rankings_2026_04_06.csv
2026-04-06,214233,Woong Chan Lee,1864,1,0.0,-4.0,KOR,17,atp_rankings_2026_04_06.csv
2026-04-06,214455,Liangxuan Lu,1864,1,0.0,-4.0,CHN,15,atp_rankings_2026_04_06.csv
2026-04-06,214294,Augusto Mateo Lucarelli,1864,1,0.0,-4.0,ARG,19,atp_rankings_2026_04_06.csv
2026-04-06,148678,Cyrus Mahjoob,1864,1,0.0,-4.0,USA,20,atp_rankings_2026_04_06.csv
2026-04-06,214251,Noah Martens,1864,1,0.0,-4.0,BEL,24,atp_rankings_2026_04_06.csv
2026-04-06,214099,Kaspar Mathes,1864,1,0.0,-4.0,GER,,atp_rankings_2026_04_06.csv
2026-04-06,144988,Joel Meda,1864,1,0.0,-4.0,CIV,31,atp_rankings_2026_04_06.csv
2026-04-06,212707,Moein Moazam,1864,1,0.0,-4.0,IRI,23,atp_rankings_2026_04_06.csv
2026-04-06,204737,Alejandro Moreno,1864,1,0.0,-4.0,MEX,36,atp_rankings_2026_04_06.csv
2026-04-06,214306,Juan Francisco Munoz,1864,1,0.0,-4.0,MEX,18,atp_rankings_2026_04_06.csv
2026-04-06,149283,Freddy Murray,1864,1,0.0,-4.0,IRL,22,atp_rankings_2026_04_06.csv
2026-04-06,208718,Mason Naumovski,1864,1,0.0,-4.0,AUS,25,atp_rankings_2026_04_06.csv
2026-04-06,214100,Niklas Niggemann,1864,1,0.0,-4.0,GER,23,atp_rankings_2026_04_06.csv
2026-04-06,212909,Dingzheng Nima,1864,1,0.0,-4.0,CHN,22,atp_rankings_2026_04_06.csv
2026-04-06,213934,Ricard Novell,1864,1,0.0,-4.0,ESP,,atp_rankings_2026_04_06.csv
2026-04-06,210133,Valdemar Frederik Pape,1864,1,0.0,-4.0,DEN,22,atp_rankings_2026_04_06.csv
2026-04-06,123896,Matija Pecotic,1864,1,0.0,-4.0,CRO,36,atp_rankings_2026_04_06.csv
2026-04-06,214254,Roberto Perez Socas,1864,1,0.0,-4.0,ESP,18,atp_rankings_2026_04_06.csv
2026-04-06,209865,Peter Benjamin Privara,1864,1,0.0,-4.0,SVK,21,atp_rankings_2026_04_06.csv
2026-04-06,214426,Felix Raser,1864,1,0.0,-4.0,AUT,16,atp_rankings_2026_04_06.csv
2026-04-06,214160,Henry Ren,1864,1,0.0,-4.0,CAN,22,atp_rankings_2026_04_06.csv
2026-04-06,200100,Tomas Rengel Sierra,1864,1,0.0,-4.0,ARG,29,atp_rankings_2026_04_06.csv
2026-04-06,213302,Rodrigo Reyna,1864,1,0.0,-4.0,MEX,27,atp_rankings_2026_04_06.csv
2026-04-06,209880,Carl Roothman,1864,1,0.0,-4.0,RSA,23,atp_rankings_2026_04_06.csv
2026-04-06,213837,Agassi Rusher,1864,1,0.0,-4.0,USA,,atp_rankings_2026_04_06.csv
2026-04-06,134423,Leevi Saatela,1864,1,0.0,-4.0,FIN,30,atp_rankings_2026_04_06.csv
2026-04-06,213651,Agustin Salazar Salazar,1864,1,0.0,-4.0,MEX,22,atp_rankings_2026_04_06.csv
2026-04-06,105816,Batyr Sapaev,1864,1,0.0,-4.0,UZB,34,atp_rankings_2026_04_06.csv
2026-04-06,214024,Djordje Sapic,1864,1,0.0,-4.0,SRB,,atp_rankings_2026_04_06.csv
2026-04-06,214271,Mauricio Schtulmann Gasca,1864,1,0.0,-4.0,MEX,17,atp_rankings_2026_04_06.csv
2026-04-06,209948,Jan Sebesta,1864,1,0.0,-4.0,SUI,23,atp_rankings_2026_04_06.csv
2026-04-06,213761,Jack Secord,1864,1,0.0,-4.0,USA,,atp_rankings_2026_04_06.csv
2026-04-06,214372,Rajat Shirur,1864,1,0.0,-4.0,USA,18,atp_rankings_2026_04_06.csv
2026-04-06,212636,Maxime St Hilaire,1864,1,0.0,-4.0,CAN,22,atp_rankings_2026_04_06.csv
2026-04-06,210162,Harry Thursfield,1864,1,0.0,-4.0,GBR,25,atp_rankings_2026_04_06.csv
2026-04-06,208329,Maximilian Todorov,1864,1,0.0,-4.0,GER,26,atp_rankings_2026_04_06.csv
2026-04-06,214045,Ryan Torres,1864,1,0.0,-4.0,PHI,,atp_rankings_2026_04_06.csv
2026-04-06,214077,Vaal Urankar,1864,1,0.0,-4.0,SLO,20,atp_rankings_2026_04_06.csv
2026-04-06,210356,Andres Urquiola Montellano,1864,1,0.0,-4.0,BOL,22,atp_rankings_2026_04_06.csv
2026-04-06,214458,Adria Velazquez Farre,1864,1,0.0,-4.0,ESP,16,atp_rankings_2026_04_06.csv
2026-04-06,125804,Brandon Walkin,1864,1,0.0,-4.0,GBR,31,atp_rankings_2026_04_06.csv
2026-04-06,214307,Ids Waterbolk,1864,1,0.0,-4.0,NED,25,atp_rankings_2026_04_06.csv
2026-04-06,213937,Dawid Wisniewski,1864,1,0.0,-4.0,POL,,atp_rankings_2026_04_06.csv
2026-04-06,127894,Yusuke Yoshikawa,1864,1,0.0,-4.0,JPN,31,atp_rankings_2026_04_06.csv
2026-04-06,214132,William Zhang,1864,1,0.0,-4.0,USA,,atp_rankings_2026_04_06.csv
2026-04-06,214010,Shixun Zhu,1864,1,0.0,-4.0,CHN,,atp_rankings_2026_04_06.csv
2026-04-06,124126,Sarp Agabigun,1952,1,-1.0,-235.0,TUR,28,atp_rankings_2026_04_06.csv
2026-04-06,206738,Bader Alabdullah,1952,1,0.0,-1.0,KUW,24,atp_rankings_2026_04_06.csv
2026-04-06,212493,Ramiro Amarilla,1952,1,0.0,-1.0,ARG,24,atp_rankings_2026_04_06.csv
2026-04-06,144727,Joao Antonio,1952,1,0.0,-1.0,POR,26,atp_rankings_2026_04_06.csv
2026-04-06,149100,Romeo Arcuschin,1952,1,0.0,-1.0,ARG,,atp_rankings_2026_04_06.csv
2026-04-06,214008,David Asenov,1952,1,0.0,-1.0,CAN,,atp_rankings_2026_04_06.csv
2026-04-06,212123,Sergio Badini,1952,1,0.0,-1.0,ITA,21,atp_rankings_2026_04_06.csv
2026-04-06,213950,Nicolas Baena,1952,1,0.0,-1.0,PER,18,atp_rankings_2026_04_06.csv
2026-04-06,214232,Lorenzo Balducci,1952,1,0.0,-1.0,ITA,18,atp_rankings_2026_04_06.csv
2026-04-06,214211,Arian Barbic,1952,1,0.0,-1.0,GER,17,atp_rankings_2026_04_06.csv
2026-04-06,211640,Victor Barrere,1952,1,0.0,-1.0,FRA,,atp_rankings_2026_04_06.csv
2026-04-06,212601,Luka Bojicic Ono,1952,1,0.0,-1.0,BRA,21,atp_rankings_2026_04_06.csv
2026-04-06,213663,Maximilian Borisov,1952,1,0.0,-1.0,BUL,,atp_rankings_2026_04_06.csv
2026-04-06,210440,Federico Bove,1952,1,0.0,-1.0,ITA,27,atp_rankings_2026_04_06.csv
2026-04-06,212668,Tyler Bowers,1952,1,0.0,-1.0,USA,23,atp_rankings_2026_04_06.csv
2026-04-06,210308,Stylianos Christodoulou,1952,1,-1.0,-235.0,CYP,21,atp_rankings_2026_04_06.csv
2026-04-06,213711,Dario Alexandru Ciobotaru,1952,1,0.0,-1.0,ROU,,atp_rankings_2026_04_06.csv
2026-04-06,208672,Jose Luis Claro,1952,1,0.0,-1.0,PER,22,atp_rankings_2026_04_06.csv
2026-04-06,214154,Enrique Collar,1952,1,0.0,-1.0,ESP,18,atp_rankings_2026_04_06.csv
2026-04-06,214241,Sasha Colleu,1952,1,0.0,-1.0,FRA,,atp_rankings_2026_04_06.csv
2026-04-06,213736,Martin Doskocil,1952,1,0.0,-1.0,CZE,,atp_rankings_2026_04_06.csv
2026-04-06,127140,Alessandro Dragoni,1952,1,,,ITA,28,atp_rankings_2026_04_06.csv
2026-04-06,211402,Mikhail Dubrouski,1952,1,0.0,-1.0,BLR,,atp_rankings_2026_04_06.csv
2026-04-06,210260,Gabriel Elicha Navas,1952,1,0.0,-1.0,ESP,23,atp_rankings_2026_04_06.csv
2026-04-06,214131,Edward Etty,1952,1,0.0,-1.0,NED,24,atp_rankings_2026_04_06.csv
2026-04-06,214133,Wen Bo Fan,1952,1,0.0,-1.0,CHN,18,atp_rankings_2026_04_06.csv
2026-04-06,211353,Thomas Nicholas Gadecki,1952,1,0.0,-1.0,AUS,20,atp_rankings_2026_04_06.csv
2026-04-06,214017,Jon Gamble,1952,1,0.0,-1.0,USA,,atp_rankings_2026_04_06.csv
2026-04-06,202307,Alejandro Garcia,1952,1,0.0,-1.0,ESP,24,atp_rankings_2026_04_06.csv
2026-04-06,212996,Iker Gaztambide Arrastia,1952,1,0.0,-1.0,ESP,22,atp_rankings_2026_04_06.csv
2026-04-06,213767,Alexander Glomb,1952,1,0.0,-1.0,GER,,atp_rankings_2026_04_06.csv
2026-04-06,210478,Sebastian Gorzny,1952,1,0.0,-1.0,USA,22,atp_rankings_2026_04_06.csv
2026-04-06,214364,Alexander Gschiel,1952,1,0.0,-1.0,AUT,18,atp_rankings_2026_04_06.csv
2026-04-06,214083,Thomas Gunzinger,1952,1,0.0,-1.0,SUI,,atp_rankings_2026_04_06.csv
2026-04-06,210151,Mark Havlicek,1952,1,0.0,-1.0,CZE,22,atp_rankings_2026_04_06.csv
2026-04-06,206716,Lukas Hellum Lilleengen,1952,1,0.0,-1.0,NOR,25,atp_rankings_2026_04_06.csv
2026-04-06,213917,Yuya Hirose,1952,1,0.0,-1.0,JPN,,atp_rankings_2026_04_06.csv
2026-04-06,214263,Matic Hribar,1952,1,0.0,-1.0,SLO,19,atp_rankings_2026_04_06.csv
2026-04-06,214078,Leonardo Iemmi,1952,1,0.0,-1.0,ITA,20,atp_rankings_2026_04_06.csv
2026-04-06,213959,Ilya Ignatov,1952,1,0.0,-1.0,UZB,20,atp_rankings_2026_04_06.csv
2026-04-06,205905,Sergio Ingles Garre,1952,1,0.0,-1.0,ESP,26,atp_rankings_2026_04_06.csv
2026-04-06,208878,Ryder Jackson,1952,1,0.0,-1.0,USA,20,atp_rankings_2026_04_06.csv
2026-04-06,212990,Alejandro Jacome Jaramillo,1952,1,0.0,-1.0,ECU,,atp_rankings_2026_04_06.csv
2026-04-06,211472,Oliver Johansson,1952,1,0.0,-1.0,SWE,,atp_rankings_2026_04_06.csv
2026-04-06,214011,Kaigaoge Kang,1952,1,0.0,-1.0,CHN,,atp_rankings_2026_04_06.csv
2026-04-06,207739,Yusuf Khamis,1952,1,-2.0,-385.0,EGY,26,atp_rankings_2026_04_06.csv
2026-04-06,210112,Veljko Krstic,1952,1,0.0,-1.0,SRB,22,atp_rankings_2026_04_06.csv
2026-04-06,214216,Anes Latifovic,1952,1,0.0,-1.0,GER,20,atp_rankings_2026_04_06.csv
2026-04-06,214265,Jordan Lee,1952,1,0.0,-1.0,USA,15,atp_rankings_2026_04_06.csv
2026-04-06,210548,Tim Loosen,1952,1,0.0,-1.0,GER,24,atp_rankings_2026_04_06.csv
2026-04-06,208848,Mikolaj Lorens,1952,1,0.0,-1.0,POL,24,atp_rankings_2026_04_06.csv
2026-04-06,209328,Martin Maldonado,1952,1,0.0,-1.0,ECU,,atp_rankings_2026_04_06.csv
2026-04-06,213971,Tomas Marin,1952,1,0.0,-1.0,COL,,atp_rankings_2026_04_06.csv
2026-04-06,214367,Marco Migliorati,1952,1,0.0,-1.0,ITA,22,atp_rankings_2026_04_06.csv
2026-04-06,212278,Milos Mikovic,1952,1,0.0,-1.0,SRB,20,atp_rankings_2026_04_06.csv
2026-04-06,213005,Ali Missoum,1952,1,0.0,-1.0,MAR,17,atp_rankings_2026_04_06.csv
2026-04-06,149157,Luis Jose Nakamine,1952,1,0.0,-1.0,PER,20,atp_rankings_2026_04_06.csv
2026-04-06,211545,Seiya Nakanishi,1952,1,0.0,-1.0,JPN,29,atp_rankings_2026_04_06.csv
2026-04-06,214373,Pierre Ngijol Carre,1952,1,0.0,-1.0,FRA,,atp_rankings_2026_04_06.csv
2026-04-06,211489,Maximilian Oezcelik,1952,1,0.0,-1.0,GER,,atp_rankings_2026_04_06.csv
2026-04-06,214600,Alexander Ikenna Okonkwo,1952,1,0.0,-1.0,GBR,21,atp_rankings_2026_04_06.csv
2026-04-06,200075,Yshai Oliel,1952,1,0.0,-1.0,ISR,26,atp_rankings_2026_04_06.csv
2026-04-06,212230,Seungmin Park,1952,1,0.0,-1.0,KOR,20,atp_rankings_2026_04_06.csv
2026-04-06,200703,Bogdan Pavel,1952,1,0.0,-1.0,ROU,26,atp_rankings_2026_04_06.csv
2026-04-06,144731,Kody Pearson,1952,1,0.0,-1.0,AUS,26,atp_rankings_2026_04_06.csv
2026-04-06,210212,Alexander Petrov,1952,1,0.0,-1.0,BUL,24,atp_rankings_2026_04_06.csv
2026-04-06,214172,Mattias Pisanu,1952,1,0.0,-1.0,ITA,18,atp_rankings_2026_04_06.csv
2026-04-06,211592,Tadija Radovanovic,1952,1,0.0,-1.0,SRB,25,atp_rankings_2026_04_06.csv
2026-04-06,211604,Yannik Rahman,1952,1,0.0,-1.0,USA,,atp_rankings_2026_04_06.csv
2026-04-06,,Philippe Renard,1952,1,0.0,-1.0,,,atp_rankings_2026_04_06.csv
2026-04-06,211603,Freddie Ridout,1952,1,0.0,-1.0,GBR,,atp_rankings_2026_04_06.csv
2026-04-06,,Pablo Robledo,1952,1,0.0,-1.0,,,atp_rankings_2026_04_06.csv
2026-04-06,212542,Jerry Roddick,1952,1,0.0,-1.0,USA,23,atp_rankings_2026_04_06.csv
2026-04-06,200012,Tim Ruehl,1952,1,0.0,-1.0,GER,28,atp_rankings_2026_04_06.csv
2026-04-06,214087,Jan Sadzik,1952,1,0.0,-1.0,POL,17,atp_rankings_2026_04_06.csv
2026-04-06,202363,Fabien Salle,1952,1,0.0,-1.0,FRA,26,atp_rankings_2026_04_06.csv
2026-04-06,105688,Manuel Sanchez,1952,1,0.0,-1.0,MEX,35,atp_rankings_2026_04_06.csv
2026-04-06,208418,Jonas Schaer,1952,1,0.0,-1.0,SUI,25,atp_rankings_2026_04_06.csv
2026-04-06,210467,Rafael Segado Esteve,1952,1,0.0,-1.0,ESP,20,atp_rankings_2026_04_06.csv
2026-04-06,213723,Stephen Slocombe,1952,1,0.0,-1.0,BAR,23,atp_rankings_2026_04_06.csv
2026-04-06,214031,Nicholas Steiglehner,1952,1,0.0,-1.0,USA,21,atp_rankings_2026_04_06.csv
2026-04-06,208301,Gustaf Strom,1952,1,0.0,-1.0,SWE,24,atp_rankings_2026_04_06.csv
2026-04-06,214290,Leonardo Suarez,1952,1,0.0,-1.0,BOL,17,atp_rankings_2026_04_06.csv
2026-04-06,213981,Elias Sumann,1952,1,0.0,-1.0,AUT,20,atp_rankings_2026_04_06.csv
2026-04-06,210702,Jinpeng Tang,1952,1,0.0,-1.0,CHN,19,atp_rankings_2026_04_06.csv
2026-04-06,214068,Daniel Tazabekov,1952,1,0.0,-1.0,KAZ,18,atp_rankings_2026_04_06.csv
2026-04-06,214142,Kai Thompson,1952,1,0.0,-1.0,HKG,,atp_rankings_2026_04_06.csv
2026-04-06,213020,Aadarsh Tripathi,1952,1,0.0,-1.0,USA,22,atp_rankings_2026_04_06.csv
2026-04-06,212705,Nathan Trouve,1952,1,0.0,-1.0,FRA,20,atp_rankings_2026_04_06.csv
2026-04-06,213869,Abdulaziz Usmonjonov,1952,1,0.0,-1.0,UZB,,atp_rankings_2026_04_06.csv
2026-04-06,214297,Julian Valenzuela,1952,1,0.0,-1.0,CHI,18,atp_rankings_2026_04_06.csv
2026-04-06,210206,Jip Van Assendelft,1952,1,0.0,-1.0,NED,24,atp_rankings_2026_04_06.csv
2026-04-06,212869,Franco Ariel Vazquez,1952,1,0.0,-1.0,ARG,,atp_rankings_2026_04_06.csv
2026-04-06,211563,Aaron James Williams,1952,1,0.0,-1.0,GER,22,atp_rankings_2026_04_06.csv
2026-04-06,214358,Finn Willman,1952,1,0.0,-1.0,NZL,18,atp_rankings_2026_04_06.csv
2026-04-06,212102,Maximus Zavier Wong,1952,1,0.0,-1.0,SIN,,atp_rankings_2026_04_06.csv
2026-04-06,214110,Kai An Wu,1952,1,0.0,-1.0,TPE,19,atp_rankings_2026_04_06.csv
2026-04-06,126715,Fernando Yamacita,1952,1,0.0,-1.0,BRA,28,atp_rankings_2026_04_06.csv
2026-04-06,213895,Arturs Zagars,1952,1,0.0,-1.0,LAT,,atp_rankings_2026_04_06.csv
2026-04-06,213845,Carlos Zerega,1952,1,0.0,-1.0,MEX,30,atp_rankings_2026_04_06.csv
2026-04-06,208076,Danielle Abadia,2052,1,0.0,0.0,SGP,24,atp_rankings_2026_04_06.csv
2026-04-06,213193,Damir Abdusamadov,2052,1,0.0,0.0,UZB,19,atp_rankings_2026_04_06.csv
2026-04-06,208892,Mohamed Ali Abibsi,2052,1,0.0,0.0,ALG,23,atp_rankings_2026_04_06.csv
2026-04-06,106339,Felipe Assuncao Garla,2052,1,0.0,0.0,BRA,31,atp_rankings_2026_04_06.csv
2026-04-06,214055,Flavio Bocci,2052,1,0.0,0.0,ITA,,atp_rankings_2026_04_06.csv
2026-04-06,109732,Enrique Bogo,2052,1,0.0,0.0,BRA,30,atp_rankings_2026_04_06.csv
2026-04-06,213051,Thanaphat Boosarawongse,2052,1,0.0,0.0,THA,20,atp_rankings_2026_04_06.csv
2026-04-06,106288,Mathias Bourgue,2052,1,-8.0,-876.0,FRA,32,atp_rankings_2026_04_06.csv
2026-04-06,149161,David Cristian Carteputreda,2052,1,0.0,0.0,ROU,19,atp_rankings_2026_04_06.csv
2026-04-06,144833,Andres Gabriel Ciurletti,2052,1,0.0,0.0,ITA,28,atp_rankings_2026_04_06.csv
2026-04-06,209933,Clement Deleersnyder,2052,1,0.0,0.0,FRA,24,atp_rankings_2026_04_06.csv
2026-04-06,214165,Joao Pedro Didoni Bonini,2052,1,0.0,0.0,BRA,18,atp_rankings_2026_04_06.csv
2026-04-06,212792,Thomas Drayton,2052,1,0.0,0.0,GBR,,atp_rankings_2026_04_06.csv
2026-04-06,213629,Vincent Dullinger,2052,1,0.0,0.0,GER,,atp_rankings_2026_04_06.csv
2026-04-06,213961,Tarek Erlewein,2052,1,0.0,0.0,GER,22,atp_rankings_2026_04_06.csv
2026-04-06,200608,Andres Fernandez Canovas,2052,1,0.0,0.0,ESP,27,atp_rankings_2026_04_06.csv
2026-04-06,207167,Barney Fitzpatrick,2052,1,0.0,0.0,GBR,23,atp_rankings_2026_04_06.csv
2026-04-06,214375,Luis Andres Flores Avila,2052,1,0.0,0.0,MEX,17,atp_rankings_2026_04_06.csv
2026-04-06,209895,Sai Karteek Reddy Ganta,2052,1,0.0,0.0,IND,25,atp_rankings_2026_04_06.csv
2026-04-06,213023,Filippo Francesco Garbero,2052,1,0.0,0.0,ITA,,atp_rankings_2026_04_06.csv
2026-04-06,209316,Anthony Genov,2052,1,0.0,0.0,BUL,24,atp_rankings_2026_04_06.csv
2026-04-06,213680,Javier Guzman,2052,1,0.0,0.0,CHL,,atp_rankings_2026_04_06.csv
2026-04-06,213074,Hugo Hashimoto,2052,1,0.0,0.0,USA,23,atp_rankings_2026_04_06.csv
2026-04-06,213949,Julius Maximilian Haus,2052,1,0.0,0.0,GER,18,atp_rankings_2026_04_06.csv
2026-04-06,103665,Ryan Haviland,2052,1,0.0,0.0,USA,45,atp_rankings_2026_04_06.csv
2026-04-06,214096,llan Hediger,2052,1,0.0,0.0,SUI,19,atp_rankings_2026_04_06.csv
2026-04-06,210388,Kaeri Hernandez Mariona,2052,1,0.0,0.0,GUA,23,atp_rankings_2026_04_06.csv
2026-04-06,200662,Toru Horie,2052,1,0.0,0.0,JPN,26,atp_rankings_2026_04_06.csv
2026-04-06,213199,Dorian Juszczak,2052,1,0.0,0.0,POL,21,atp_rankings_2026_04_06.csv
2026-04-06,214213,Rhys Lawlor,2052,1,0.0,-101.0,GBR,17,atp_rankings_2026_04_06.csv
2026-04-06,213565,Isaac Lhomond,2052,1,0.0,0.0,FRA,,atp_rankings_2026_04_06.csv
2026-04-06,211358,Adam Majchrzak,2052,1,0.0,0.0,POL,20,atp_rankings_2026_04_06.csv
2026-04-06,213850,Aron Janos Major,2052,1,0.0,0.0,HUN,,atp_rankings_2026_04_06.csv
2026-04-06,211699,Franco Marini,2052,1,0.0,0.0,ARG,,atp_rankings_2026_04_06.csv
2026-04-06,149128,Goncalo Marques,2052,1,,,POR,20,atp_rankings_2026_04_06.csv
2026-04-06,212188,Benjamin Martin,2052,1,0.0,0.0,FRA,20,atp_rankings_2026_04_06.csv
2026-04-06,132804,Jordi Mas De Ugarte,2052,1,0.0,0.0,ESP,30,atp_rankings_2026_04_06.csv
2026-04-06,149125,Maciej Matuszczyk,2052,1,0.0,0.0,POL,22,atp_rankings_2026_04_06.csv
2026-04-06,132433,Stefan Menichella,2052,1,0.0,0.0,USA,31,atp_rankings_2026_04_06.csv
2026-04-06,214355,Eyad Reda Ezzat Mohamed Sherif,2052,1,0.0,0.0,EGY,18,atp_rankings_2026_04_06.csv
2026-04-06,213158,Vicente Monge,2052,1,0.0,0.0,PER,19,atp_rankings_2026_04_06.csv
2026-04-06,208204,Francois Musitelli,2052,1,0.0,0.0,FRA,27,atp_rankings_2026_04_06.csv
2026-04-06,212764,Fabrizio Karol Pio Osti,2052,1,0.0,0.0,ITA,20,atp_rankings_2026_04_06.csv
2026-04-06,212633,Tomas Pinho,2052,1,0.0,0.0,POR,23,atp_rankings_2026_04_06.csv
2026-04-06,214404,Oscar Pinto Sansano,2052,1,0.0,0.0,ESP,22,atp_rankings_2026_04_06.csv
2026-04-06,214261,Lautaro Rocha,2052,1,0.0,0.0,ARG,18,atp_rankings_2026_04_06.csv
2026-04-06,213768,Kase Schinnerer,2052,1,0.0,0.0,USA,19,atp_rankings_2026_04_06.csv
2026-04-06,214019,Hidde Schoenmakers,2052,1,0.0,0.0,NED,,atp_rankings_2026_04_06.csv
2026-04-06,213633,Rethin Pranav Senthil Kumar,2052,1,0.0,0.0,IND,,atp_rankings_2026_04_06.csv
2026-04-06,133197,Joao Silva,2052,1,,,POR,18,atp_rankings_2026_04_06.csv
2026-04-06,214328,Andre Souza,2052,1,0.0,0.0,BRA,23,atp_rankings_2026_04_06.csv
2026-04-06,211607,Filip Stidell,2052,1,0.0,0.0,SWE,20,atp_rankings_2026_04_06.csv
2026-04-06,212557,Samuel Stolarik,2052,1,0.0,0.0,SVK,21,atp_rankings_2026_04_06.csv
2026-04-06,210664,Bjorn Swenson,2052,1,0.0,0.0,USA,22,atp_rankings_2026_04_06.csv
2026-04-06,213160,Adam Gabor Szoke,2052,1,0.0,0.0,HUN,21,atp_rankings_2026_04_06.csv
2026-04-06,207725,Niels Peter Van Noord,2052,1,0.0,0.0,CAN,25,atp_rankings_2026_04_06.csv
2026-04-06,210094,Alexander Vikhlyantsev,2052,1,0.0,0.0,RUS,23,atp_rankings_2026_04_06.csv
2026-04-06,213708,Henrik Villanger,2052,1,0.0,0.0,NOR,,atp_rankings_2026_04_06.csv
2026-04-06,,Jakub Vrba,2052,1,0.0,0.0,,,atp_rankings_2026_04_06.csv
2026-04-06,210597,Ahmed Zaki,2052,1,0.0,0.0,EGY,21,atp_rankings_2026_04_06.csv
2026-04-06,212821,Vitaliy Zatsepin,2052,1,0.0,0.0,KAZ,20,atp_rankings_2026_04_06.csv
2026-04-06,212039,Mohammad Alkotop,2113,1,0.0,0.0,JOR,21,atp_rankings_2026_04_06.csv
2026-04-06,213047,Marcin Andrzejczak,2113,1,0.0,0.0,POL,,atp_rankings_2026_04_06.csv
2026-04-06,214094,Penn Charusorn,2113,1,0.0,0.0,THA,18,atp_rankings_2026_04_06.csv
2026-04-06,214070,Jose Freitas,2113,1,0.0,0.0,POR,19,atp_rankings_2026_04_06.csv
2026-04-06,207748,Hong Lin Fu,2113,1,0.0,0.0,TPE,24,atp_rankings_2026_04_06.csv
2026-04-06,213839,Santiago Giamichelle,2113,1,0.0,0.0,ARG,22,atp_rankings_2026_04_06.csv
2026-04-06,210400,Nicolas Rafael Goldberg Alviani,2113,1,0.0,0.0,ESP,23,atp_rankings_2026_04_06.csv
2026-04-06,208243,Seon Yong Han,2113,1,0.0,0.0,KOR,25,atp_rankings_2026_04_06.csv
2026-04-06,208083,Adam Heinonen,2113,1,0.0,0.0,SWE,23,atp_rankings_2026_04_06.csv
2026-04-06,208668,Sean Hess,2113,1,0.0,30.0,ARG,25,atp_rankings_2026_04_06.csv
2026-04-06,208157,Jan Jermar,2113,1,0.0,30.0,CZE,25,atp_rankings_2026_04_06.csv
2026-04-06,210422,Roan Jones,2113,1,0.0,0.0,GBR,22,atp_rankings_2026_04_06.csv
2026-04-06,213168,Patrick Jozwicki,2113,1,0.0,-61.0,AUT,,atp_rankings_2026_04_06.csv
2026-04-06,212701,Ruslan Kastsiukevich,2113,1,0.0,-61.0,BLR,18,atp_rankings_2026_04_06.csv
2026-04-06,213181,Rein Koenders,2113,1,0.0,0.0,NED,,atp_rankings_2026_04_06.csv
2026-04-06,208417,Samuil Konov,2113,1,0.0,0.0,BUL,23,atp_rankings_2026_04_06.csv
2026-04-06,210753,Matic Kriznik,2113,1,0.0,0.0,SLO,20,atp_rankings_2026_04_06.csv
2026-04-06,200455,Aliaksandr Liaonenka,2113,1,0.0,0.0,BLR,27,atp_rankings_2026_04_06.csv
2026-04-06,212754,Norbert Marosik,2113,1,0.0,0.0,SVK,22,atp_rankings_2026_04_06.csv
2026-04-06,214117,Jack Mcgary,2113,1,0.0,0.0,USA,20,atp_rankings_2026_04_06.csv
2026-04-06,212024,Alejandro Melero Kretzer,2113,1,0.0,0.0,ESP,21,atp_rankings_2026_04_06.csv
2026-04-06,210419,Daniele Minighini,2113,1,0.0,30.0,ITA,21,atp_rankings_2026_04_06.csv
2026-04-06,212938,Botond Nagy,2113,1,0.0,0.0,HUN,,atp_rankings_2026_04_06.csv
2026-04-06,212805,Saba George Nanobashvili,2113,1,0.0,0.0,SWE,21,atp_rankings_2026_04_06.csv
2026-04-06,209137,Noppadol Noikor,2113,1,0.0,0.0,THA,26,atp_rankings_2026_04_06.csv
2026-04-06,213783,Oswaldo Alejandro Reyes Tirado,2113,1,0.0,0.0,MEX,18,atp_rankings_2026_04_06.csv
2026-04-06,211493,Calin Teodor Stirbu,2113,1,0.0,0.0,ROU,20,atp_rankings_2026_04_06.csv
2026-04-06,211703,Sarthak Suden,2113,1,0.0,-61.0,IND,,atp_rankings_2026_04_06.csv
2026-04-06,213813,Alexander Ushakov,2113,1,0.0,0.0,RUS,,atp_rankings_2026_04_06.csv
2026-04-06,212751,Raphael Vaksmann,2113,1,-1.0,-343.0,FRA,,atp_rankings_2026_04_06.csv
2026-04-06,214028,Matei Varbanciu,2113,1,0.0,0.0,ROU,,atp_rankings_2026_04_06.csv
2026-04-06,212469,Qiulin Wang,2113,1,0.0,0.0,CHN,23,atp_rankings_2026_04_06.csv
2026-04-06,212220,Weitao Xu,2113,1,0.0,0.0,CHN,20,atp_rankings_2026_04_06.csv
2026-04-06,211554,Suk Ann,2146,1,0.0,-3.0,KOR,,atp_rankings_2026_04_06.csv
2026-04-06,211517,Gregorio Biondolillo,2146,1,0.0,29.0,ITA,26,atp_rankings_2026_04_06.csv
2026-04-06,211738,Jonah Braswell,2146,1,0.0,-3.0,USA,22,atp_rankings_2026_04_06.csv
2026-04-06,210434,Charlie Camus,2146,1,0.0,-3.0,FRA,19,atp_rankings_2026_04_06.csv
2026-04-06,213759,Maxi Carrascosa Diaz,2146,1,0.0,-3.0,ESP,,atp_rankings_2026_04_06.csv
2026-04-06,214014,Pedro Henrique Chabalgoity,2146,1,0.0,-3.0,BRA,,atp_rankings_2026_04_06.csv
2026-04-06,213140,Edoardo De Filippo,2146,1,0.0,-3.0,ITA,21,atp_rankings_2026_04_06.csv
2026-04-06,213859,Andrei Corneliu Gadoiu,2146,1,0.0,-3.0,ROU,17,atp_rankings_2026_04_06.csv
2026-04-06,214124,Matteo Gribaldo,2146,1,0.0,-3.0,ITA,,atp_rankings_2026_04_06.csv
2026-04-06,212925,Alexandru Toubi Hebhang Balan,2146,1,0.0,-3.0,CAN,,atp_rankings_2026_04_06.csv
2026-04-06,214005,Ludvig Fredrik Hede,2146,1,,,SWE,19,atp_rankings_2026_04_06.csv
2026-04-06,127999,Petr Iamachkine,2146,1,,,PER,30,atp_rankings_2026_04_06.csv
2026-04-06,213928,Reid Jarvis,2146,1,0.0,-3.0,USA,,atp_rankings_2026_04_06.csv
2026-04-06,208558,Rafael Kis Balazs,2146,1,0.0,-3.0,HUN,24,atp_rankings_2026_04_06.csv
2026-04-06,200690,Yuhei Kono,2146,1,0.0,-3.0,JPN,30,atp_rankings_2026_04_06.csv
2026-04-06,212293,Karl Kazuma Lee,2146,1,0.0,-3.0,USA,23,atp_rankings_2026_04_06.csv
2026-04-06,213060,Adam Lynch,2146,1,0.0,-3.0,USA,,atp_rankings_2026_04_06.csv
2026-04-06,213831,Vicente Freda,2146,1,0.0,-3.0,BRA,18,atp_rankings_2026_04_06.csv
2026-04-06,213329,Matteo Mesaglio,2146,1,0.0,-3.0,ITA,21,atp_rankings_2026_04_06.csv
2026-04-06,214260,Salvador Monteiro,2146,1,0.0,-3.0,POR,18,atp_rankings_2026_04_06.csv
2026-04-06,213958,Ramazan Kaan Oktay,2146,1,0.0,-3.0,TUR,,atp_rankings_2026_04_06.csv
2026-04-06,,Daniil Piatrouski,2146,1,0.0,-3.0,,,atp_rankings_2026_04_06.csv
2026-04-06,213415,Glauco Pinheiro Da Cruz Junior,2146,1,0.0,-3.0,BRA,20,atp_rankings_2026_04_06.csv
2026-04-06,207685,Peter Sallay,2146,1,0.0,-3.0,HUN,25,atp_rankings_2026_04_06.csv
2026-04-06,214123,Elijah Sanogo,2146,1,0.0,-3.0,FRA,17,atp_rankings_2026_04_06.csv
2026-04-06,214126,Matteo Sciahbasi,2146,1,0.0,-3.0,ITA,18,atp_rankings_2026_04_06.csv
2026-04-06,131999,Kyle Seelig,2146,1,0.0,-3.0,USA,28,atp_rankings_2026_04_06.csv
2026-04-06,213992,Lev Seidman,2146,1,0.0,-3.0,USA,18,atp_rankings_2026_04_06.csv
2026-04-06,210453,Cedric Stanke,2146,1,0.0,-33.0,GER,27,atp_rankings_2026_04_06.csv
2026-04-06,212087,Dmitrii Vasilev,2146,1,0.0,-3.0,RUS,24,atp_rankings_2026_04_06.csv
2026-04-06,208726,Alberto Odiseo Alvarado Berrospi,2176,1,0.0,-1.0,PER,25,atp_rankings_2026_04_06.csv
2026-04-06,213410,Romain Andres,2176,1,0.0,-1.0,FRA,19,atp_rankings_2026_04_06.csv
2026-04-06,213758,Pablo Aunion,2176,1,0.0,-1.0,ESP,18,atp_rankings_2026_04_06.csv
2026-04-06,208559,Rahul Dhokia,2176,1,0.0,-1.0,GBR,25,atp_rankings_2026_04_06.csv
2026-04-06,212571,Jim Hendrikx,2176,1,0.0,-1.0,NED,24,atp_rankings_2026_04_06.csv
2026-04-06,210723,Liam Hignett,2176,1,0.0,-1.0,GBR,26,atp_rankings_2026_04_06.csv
2026-04-06,213664,Vladimir Holban,2176,1,0.0,-1.0,GRE,,atp_rankings_2026_04_06.csv
2026-04-06,213970,Nicolas Hurtado Novoa,2176,1,0.0,-1.0,COL,,atp_rankings_2026_04_06.csv
2026-04-06,210575,Jack Karlsson Wistrand,2176,1,0.0,-33.0,SWE,23,atp_rankings_2026_04_06.csv
2026-04-06,211573,Lucky Candra Kurniawan,2176,1,0.0,-1.0,INA,22,atp_rankings_2026_04_06.csv
2026-04-06,212272,Nikos Lehmann,2176,1,0.0,-1.0,ARG,20,atp_rankings_2026_04_06.csv
2026-04-06,125848,Niels Lootsma,2176,1,0.0,-1.0,NED,31,atp_rankings_2026_04_06.csv
2026-04-06,212825,Cian Maguire,2176,1,0.0,-1.0,IRL,26,atp_rankings_2026_04_06.csv
2026-04-06,148670,Karol Malirz,2176,1,0.0,-1.0,POL,23,atp_rankings_2026_04_06.csv
2026-04-06,208897,Pablo Masjuan Ginel,2176,1,0.0,-1.0,ESP,23,atp_rankings_2026_04_06.csv
2026-04-06,214207,Thomas Enrique Menzel Piccioli,2176,1,0.0,-1.0,CHI,18,atp_rankings_2026_04_06.csv
2026-04-06,213770,Andreas Messis,2176,1,0.0,-1.0,GRE,,atp_rankings_2026_04_06.csv
2026-04-06,208239,Zhou Mingzhou,2176,1,0.0,-1.0,CHN,25,atp_rankings_2026_04_06.csv
2026-04-06,200233,Nicaise Muamba,2176,1,-3.0,-686.0,CAN,25,atp_rankings_2026_04_06.csv
2026-04-06,207178,Joe Tyler,2176,1,0.0,-1.0,GBR,27,atp_rankings_2026_04_06.csv
2026-04-06,202413,Lazar Vojinovic,2176,1,0.0,-1.0,SRB,27,atp_rankings_2026_04_06.csv
2026-04-06,208504,Daiki Yoshimura,2176,1,0.0,-1.0,JPN,24,atp_rankings_2026_04_06.csv
2026-04-06,212103,Zhan Zheng,2176,1,0.0,-1.0,CHN,23,atp_rankings_2026_04_06.csv
2026-04-06,211766,Zachary Adam Gedge,2199,1,,,AUS,,atp_rankings_2026_04_06.csv
2026-04-06,213612,Daniil Bogatov,2199,1,0.0,-1.0,RUS,,atp_rankings_2026_04_06.csv
2026-04-06,212497,Alvaro Bueno Gil,2199,1,0.0,-1.0,ESP,25,atp_rankings_2026_04_06.csv
2026-04-06,208853,Adrien Burdet,2199,1,0.0,10.0,SUI,24,atp_rankings_2026_04_06.csv
2026-04-06,212472,Xirui Han,2199,1,0.0,-1.0,CHN,20,atp_rankings_2026_04_06.csv
2026-04-06,212638,Gregor Hausberger,2199,1,0.0,-1.0,AUT,22,atp_rankings_2026_04_06.csv
2026-04-06,111772,Krittin Koaykul,2199,1,0.0,10.0,THA,31,atp_rankings_2026_04_06.csv
2026-04-06,213819,Andrei Kunitsyn,2199,1,0.0,-1.0,RUS,21,atp_rankings_2026_04_06.csv
2026-04-06,211389,Manuel Mouilleron Salvo,2199,1,0.0,-1.0,ARG,23,atp_rankings_2026_04_06.csv
2026-04-06,212716,Kyle Overmyer,2199,1,0.0,-1.0,USA,22,atp_rankings_2026_04_06.csv
2026-04-06,214170,Cagan Efe Tufecki,2199,1,0.0,-1.0,TUR,22,atp_rankings_2026_04_06.csv
2026-04-06,214159,Yassin Ahmed Wageh,2199,1,0.0,-1.0,EGY,18,atp_rankings_2026_04_06.csv
2026-04-06,212471,Minghui Zhang,2199,1,0.0,-1.0,CHN,21,atp_rankings_2026_04_06.csv
2026-04-06,212094,Liam Delicata,2212,1,0.0,-3.0,MLT,24,atp_rankings_2026_04_06.csv
2026-04-06,210068,Lorenzo Ferri,2212,1,0.0,-14.0,ITA,22,atp_rankings_2026_04_06.csv
2026-04-06,211600,Carlos Giraldi,2212,1,0.0,-3.0,ESP,20,atp_rankings_2026_04_06.csv
2026-04-06,213024,Ivan Iutkin,2212,1,0.0,-3.0,RUS,19,atp_rankings_2026_04_06.csv
2026-04-06,212593,Filip Krolo,2212,1,0.0,-3.0,GER,24,atp_rankings_2026_04_06.csv
2026-04-06,210751,Isaac Nortey,2212,1,0.0,-3.0,GHA,26,atp_rankings_2026_04_06.csv
2026-04-06,212945,Yong Joon Park,2212,1,0.0,-3.0,KOR,24,atp_rankings_2026_04_06.csv
2026-04-06,206739,Essa Qabazard,2212,1,0.0,6.0,KUW,24,atp_rankings_2026_04_06.csv
2026-04-06,212164,Breno Rossetto Urvaneja,2212,1,0.0,-3.0,BRA,21,atp_rankings_2026_04_06.csv
2026-04-06,213775,Mateo Carballo,2221,1,0.0,-3.0,ARG,,atp_rankings_2026_04_06.csv
2026-04-06,212971,Tsz Fu Wong,2221,1,0.0,-3.0,HKG,20,atp_rankings_2026_04_06.csv
2026-04-06,210417,Adrian Arcon,2223,1,0.0,-5.0,AUS,24,atp_rankings_2026_04_06.csv
2026-04-06,210174,Matic Dimic,2223,1,0.0,-1.0,SLO,24,atp_rankings_2026_04_06.csv
2026-04-06,110773,Issei Okamura,2223,1,0.0,2.0,JPN,33,atp_rankings_2026_04_06.csv
2026-04-06,208780,Kaya Arinc,2226,1,0.0,0.0,TUR,26,atp_rankings_2026_04_06.csv
2026-04-06,209046,Atharva Sharma,2227,1,0.0,-1.0,IND,25,atp_rankings_2026_04_06.csv
2026-04-06,213378,Adam Farag Cao,2228,1,0.0,0.0,CAN,18,atp_rankings_2026_04_06.csv
2026-04-06,213494,Bogdan Seleznev,2229,1,0.0,0.0,RUS,23,atp_rankings_2026_04_06.csv
