ranking_date,player_id,player_name,atp_rank,atp_points,atp_points_change,atp_rank_change,country,age,source_file
2026-03-30,207989,Carlos Alcaraz,1,13590,40.0,0.0,ESP,22,atp_rankings_2026_03_30.csv
2026-03-30,206173,Jannik Sinner,2,12400,1000.0,0.0,ITA,24,atp_rankings_2026_03_30.csv
2026-03-30,100644,Alexander Zverev,3,5205,300.0,1.0,GER,28,atp_rankings_2026_03_30.csv
2026-03-30,104925,Novak Djokovic,4,4720,-650.0,-1.0,SRB,38,atp_rankings_2026_03_30.csv
2026-03-30,207518,Lorenzo Musetti,5,4265,-100.0,0.0,ITA,24,atp_rankings_2026_03_30.csv
2026-03-30,200282,Alex De Minaur,6,4095,-90.0,0.0,AUS,27,atp_rankings_2026_03_30.csv
2026-03-30,200000,Felix Auger Aliassime,7,4000,0.0,1.0,CAN,25,atp_rankings_2026_03_30.csv
2026-03-30,126203,Taylor Fritz,8,3870,-300.0,-1.0,USA,28,atp_rankings_2026_03_30.csv
2026-03-30,210097,Ben Shelton,9,3860,0.0,0.0,USA,23,atp_rankings_2026_03_30.csv
2026-03-30,106421,Daniil Medvedev,10,3610,0.0,0.0,RUS,30,atp_rankings_2026_03_30.csv
2026-03-30,122330,Alexander Bublik,11,3345,-40.0,0.0,KAZ,28,atp_rankings_2026_03_30.csv
2026-03-30,134770,Casper Ruud,12,2625,-90.0,0.0,NOR,27,atp_rankings_2026_03_30.csv
2026-03-30,207925,Flavio Cobolli,13,2520,0.0,1.0,ITA,23,atp_rankings_2026_03_30.csv
2026-03-30,208103,Jiri Lehecka,14,2490,640.0,8.0,CZE,24,atp_rankings_2026_03_30.csv
2026-03-30,111575,Karen Khachanov,15,2410,0.0,0.0,RUS,29,atp_rankings_2026_03_30.csv
2026-03-30,126094,Andrey Rublev,16,2400,0.0,0.0,RUS,28,atp_rankings_2026_03_30.csv
2026-03-30,200221,Alejandro Davidovich Fokina,17,2220,-40.0,0.0,ESP,26,atp_rankings_2026_03_30.csv
2026-03-30,126207,Frances Tiafoe,18,2070,150.0,2.0,USA,28,atp_rankings_2026_03_30.csv
2026-03-30,209260,Luciano Darderi,19,2050,-34.0,-1.0,ITA,24,atp_rankings_2026_03_30.csv
2026-03-30,202103,Francisco Cerundolo,20,2020,0.0,-1.0,ARG,27,atp_rankings_2026_03_30.csv
2026-03-30,126205,Tommy Paul,21,1915,150.0,2.0,USA,28,atp_rankings_2026_03_30.csv
2026-03-30,210530,Learner Tien,22,1845,-15.0,-1.0,USA,20,atp_rankings_2026_03_30.csv
2026-03-30,200473,Valentin Vacherot,23,1831,90.0,2.0,MON,27,atp_rankings_2026_03_30.csv
2026-03-30,111815,Cameron Norrie,24,1753,0.0,0.0,GBR,30,atp_rankings_2026_03_30.csv
2026-03-30,207733,Jack Draper,25,1710,0.0,1.0,GBR,24,atp_rankings_2026_03_30.csv
2026-03-30,210084,Jakub Mensik,26,1700,-950.0,-13.0,CZE,20,atp_rankings_2026_03_30.csv
2026-03-30,126239,Arthur Rinderknech,27,1651,-6.0,0.0,FRA,30,atp_rankings_2026_03_30.csv
2026-03-30,209950,Arthur Fils,28,1640,200.0,3.0,FRA,21,atp_rankings_2026_03_30.csv
2026-03-30,208029,Holger Rune,29,1630,-10.0,-1.0,DEN,22,atp_rankings_2026_03_30.csv
2026-03-30,134868,Tallon Griekspoor,30,1585,0.0,-1.0,NED,29,atp_rankings_2026_03_30.csv
2026-03-30,144869,Tomas Martin Etcheverry,31,1500,70.0,1.0,ARG,26,atp_rankings_2026_03_30.csv
2026-03-30,144895,Corentin Moutet,32,1403,20.0,1.0,FRA,26,atp_rankings_2026_03_30.csv
2026-03-30,206909,Brandon Nakashima,33,1395,-90.0,-3.0,USA,24,atp_rankings_2026_03_30.csv
2026-03-30,200005,Ugo Humbert,34,1320,75.0,0.0,FRA,27,atp_rankings_2026_03_30.csv
2026-03-30,210506,Alex Michelsen,35,1225,90.0,5.0,USA,21,atp_rankings_2026_03_30.csv
2026-03-30,209113,Gabriel Diallo,36,1175,-10.0,1.0,CAN,24,atp_rankings_2026_03_30.csv
2026-03-30,144719,Jaume Munar,37,1175,-50.0,-2.0,ESP,28,atp_rankings_2026_03_30.csv
2026-03-30,133430,Denis Shapovalov,38,1120,-40.0,0.0,CAN,26,atp_rankings_2026_03_30.csv
2026-03-30,126214,Alejandro Tabilo,39,1118,0.0,2.0,CHI,28,atp_rankings_2026_03_30.csv
2026-03-30,211663,Joao Fonseca,40,1115,-20.0,-1.0,BRA,19,atp_rankings_2026_03_30.csv
2026-03-30,202385,Jenson Brooksby,41,1115,0.0,1.0,USA,25,atp_rankings_2026_03_30.csv
2026-03-30,200624,Sebastian Korda,42,1100,-100.0,-6.0,USA,25,atp_rankings_2026_03_30.csv
2026-03-30,105173,Adrian Mannarino,43,1082,22.0,0.0,FRA,37,atp_rankings_2026_03_30.csv
2026-03-30,209279,Terence Atmane,44,1058,90.0,9.0,FRA,24,atp_rankings_2026_03_30.csv
2026-03-30,200615,Alexei Popyrin,45,1010,0.0,2.0,AUS,26,atp_rankings_2026_03_30.csv
2026-03-30,200267,Zizou Bergs,46,1010,-20.0,-1.0,BEL,26,atp_rankings_2026_03_30.csv
2026-03-30,206681,Fabian Marozsan,47,1005,-15.0,-1.0,HUN,26,atp_rankings_2026_03_30.csv
2026-03-30,132686,Nuno Borges,48,995,0.0,2.0,POR,29,atp_rankings_2026_03_30.csv
2026-03-30,126774,Stefanos Tsitsipas,49,995,0.0,2.0,GRE,27,atp_rankings_2026_03_30.csv
2026-03-30,202104,Sebastian Baez,50,980,0.0,2.0,ARG,25,atp_rankings_2026_03_30.csv
2026-03-30,105916,Marton Fucsovics,51,977,18.0,3.0,HUN,34,atp_rankings_2026_03_30.csv
2026-03-30,127157,Daniel Altmaier,52,960,54.0,3.0,GER,27,atp_rankings_2026_03_30.csv
2026-03-30,111794,Kamil Majchrzak,53,955,50.0,4.0,POL,30,atp_rankings_2026_03_30.csv
2026-03-30,105227,Marin Cilic,54,950,-50.0,-5.0,CRO,37,atp_rankings_2026_03_30.csv
2026-03-30,207830,Tomas Machac,55,930,-70.0,-7.0,CZE,25,atp_rankings_2026_03_30.csv
2026-03-30,210319,Ethan Quinn,56,926,20.0,0.0,USA,22,atp_rankings_2026_03_30.csv
2026-03-30,208659,Giovanni Mpetshi Perricard,57,890,0.0,2.0,FRA,22,atp_rankings_2026_03_30.csv
2026-03-30,200175,Miomir Kecmanovic,58,875,-20.0,0.0,SRB,26,atp_rankings_2026_03_30.csv
2026-03-30,209860,Ignacio Buse,59,864,28.0,4.0,PER,22,atp_rankings_2026_03_30.csv
2026-03-30,208363,Mariano Navone,60,860,5.0,1.0,ARG,25,atp_rankings_2026_03_30.csv
2026-03-30,105870,Yannick Hanfmann,61,857,22.0,3.0,GER,34,atp_rankings_2026_03_30.csv
2026-03-30,122298,Botic Van De Zandschulp,62,841,18.0,3.0,NED,30,atp_rankings_2026_03_30.csv
2026-03-30,132283,Lorenzo Sonego,63,810,-30.0,-1.0,ITA,30,atp_rankings_2026_03_30.csv
2026-03-30,124187,Reilly Opelka,64,803,0.0,3.0,USA,28,atp_rankings_2026_03_30.csv
2026-03-30,209920,Raphael Collignon,65,802,34.0,7.0,BEL,24,atp_rankings_2026_03_30.csv
2026-03-30,106218,Marcos Giron,66,790,0.0,4.0,USA,32,atp_rankings_2026_03_30.csv
2026-03-30,200116,Camilo Ugo Carabelli,67,780,-30.0,-1.0,ARG,26,atp_rankings_2026_03_30.csv
2026-03-30,209070,Arthur Cazaux,68,777,23.0,5.0,FRA,23,atp_rankings_2026_03_30.csv
2026-03-30,207678,Juan Manuel Cerundolo,69,776,-10.0,2.0,ARG,24,atp_rankings_2026_03_30.csv
2026-03-30,200240,Vit Kopriva,70,763,-113.0,-10.0,CZE,28,atp_rankings_2026_03_30.csv
2026-03-30,208316,Valentin Royer,71,761,-34.0,-2.0,FRA,24,atp_rankings_2026_03_30.csv
2026-03-30,128034,Hubert Hurkacz,72,745,10.0,3.0,POL,29,atp_rankings_2026_03_30.csv
2026-03-30,208233,Mattia Bellucci,73,740,20.0,4.0,ITA,24,atp_rankings_2026_03_30.csv
2026-03-30,106000,Damir Dzumhur,74,731,8.0,2.0,BIH,33,atp_rankings_2026_03_30.csv
2026-03-30,105526,Jan Lennard Struff,75,719,0.0,3.0,GER,35,atp_rankings_2026_03_30.csv
2026-03-30,207686,Alexander Shevchenko,76,716,37.0,8.0,KAZ,25,atp_rankings_2026_03_30.csv
2026-03-30,208882,Roman Andres Burruchaga,77,703,84.0,25.0,ARG,24,atp_rankings_2026_03_30.csv
2026-03-30,124116,Sebastian Ofner,78,694,23.0,8.0,AUT,29,atp_rankings_2026_03_30.csv
2026-03-30,208118,Eliot Spizzirri,79,688,-30.0,0.0,USA,24,atp_rankings_2026_03_30.csv
2026-03-30,105138,Roberto Bautista Agut,80,685,17.0,9.0,ESP,37,atp_rankings_2026_03_30.csv
2026-03-30,209098,Hamad Medjedovic,81,680,115.0,34.0,SRB,22,atp_rankings_2026_03_30.csv
2026-03-30,208260,Zachary Svajda,82,674,30.0,14.0,USA,23,atp_rankings_2026_03_30.csv
2026-03-30,202058,Thiago Agustin Tirante,83,673,-18.0,-2.0,ARG,24,atp_rankings_2026_03_30.csv
2026-03-30,126846,Aleksandar Vukic,84,663,7.0,9.0,AUS,29,atp_rankings_2026_03_30.csv
2026-03-30,206499,Aleksandar Kovacevic,85,661,0.0,7.0,USA,27,atp_rankings_2026_03_30.csv
2026-03-30,209209,Filip Misolic,86,660,-11.0,1.0,AUT,24,atp_rankings_2026_03_30.csv
2026-03-30,207681,Francisco Comesana,87,659,-20.0,-5.0,ARG,25,atp_rankings_2026_03_30.csv
2026-03-30,105807,Pablo Carreno Busta,88,659,98.0,29.0,ESP,34,atp_rankings_2026_03_30.csv
2026-03-30,212588,Rafael Jodar,89,652,64.0,20.0,ESP,19,atp_rankings_2026_03_30.csv
2026-03-30,111460,Quentin Halys,90,650,70.0,21.0,FRA,29,atp_rankings_2026_03_30.csv
2026-03-30,126610,Matteo Berrettini,91,650,-150.0,-23.0,ITA,29,atp_rankings_2026_03_30.csv
2026-03-30,210696,Alexander Blockx,92,649,-20.0,-4.0,BEL,20,atp_rankings_2026_03_30.csv
2026-03-30,105777,Grigor Dimitrov,93,645,-390.0,-49.0,BUL,34,atp_rankings_2026_03_30.csv
2026-03-30,124186,Alexandre Muller,94,645,-20.0,-4.0,FRA,29,atp_rankings_2026_03_30.csv
2026-03-30,105902,James Duckworth,95,640,-54.0,-15.0,AUS,34,atp_rankings_2026_03_30.csv
2026-03-30,200516,Patrick Kypson,96,640,0.0,1.0,USA,26,atp_rankings_2026_03_30.csv
2026-03-30,207985,Jacob Fearnley,97,639,-40.0,-14.0,GBR,24,atp_rankings_2026_03_30.csv
2026-03-30,104527,Stan Wawrinka,98,633,-16.0,-4.0,SUI,41,atp_rankings_2026_03_30.csv
2026-03-30,207411,Jesper De Jong,99,625,-40.0,-8.0,NED,25,atp_rankings_2026_03_30.csv
2026-03-30,106426,Cristian Garin,100,624,-22.0,-5.0,CHI,29,atp_rankings_2026_03_30.csv
2026-03-30,209226,Adolfo Daniel Vallejo,101,621,-16.0,-2.0,PAR,21,atp_rankings_2026_03_30.csv
2026-03-30,208014,Rinky Hijikata,102,619,-18.0,-4.0,AUS,25,atp_rankings_2026_03_30.csv
2026-03-30,126127,Benjamin Bonzi,103,616,0.0,0.0,FRA,29,atp_rankings_2026_03_30.csv
2026-03-30,207182,Emilio Nava,104,615,-126.0,-30.0,USA,24,atp_rankings_2026_03_30.csv
2026-03-30,200443,Adam Walton,105,614,-60.0,-20.0,AUS,26,atp_rankings_2026_03_30.csv
2026-03-30,211776,Martin Landaluce,106,607,213.0,45.0,ESP,20,atp_rankings_2026_03_30.csv
2026-03-30,208286,Matteo Arnaldi,107,605,-20.0,-6.0,ITA,25,atp_rankings_2026_03_30.csv
2026-03-30,209147,Vilius Gaubas,108,603,0.0,-3.0,LTU,21,atp_rankings_2026_03_30.csv
2026-03-30,209414,Luca Van Assche,109,601,4.0,-3.0,FRA,21,atp_rankings_2026_03_30.csv
2026-03-30,207494,Dalibor Svrcina,110,591,-35.0,-10.0,CZE,23,atp_rankings_2026_03_30.csv
2026-03-30,200647,Sho Shimabukuro,111,588,4.0,-1.0,JPN,28,atp_rankings_2026_03_30.csv
2026-03-30,209976,Dino Prizmic,112,585,-6.0,-4.0,CRO,20,atp_rankings_2026_03_30.csv
2026-03-30,124079,Pedro Martinez,113,580,4.0,0.0,ESP,28,atp_rankings_2026_03_30.csv
2026-03-30,208353,Francesco Maestrelli,114,577,0.0,-2.0,ITA,23,atp_rankings_2026_03_30.csv
2026-03-30,144642,Tomas Barrios Vera,115,571,20.0,4.0,CHI,28,atp_rankings_2026_03_30.csv
2026-03-30,200384,Hugo Gaston,116,564,-30.0,-9.0,FRA,25,atp_rankings_2026_03_30.csv
2026-03-30,105477,Marco Trungelliti,117,561,-3.0,-1.0,ARG,36,atp_rankings_2026_03_30.csv
2026-03-30,200059,Yibing Wu,118,559,0.0,0.0,CHN,26,atp_rankings_2026_03_30.csv
2026-03-30,209262,Tristan Schoolkate,119,536,-34.0,-5.0,AUS,25,atp_rankings_2026_03_30.csv
2026-03-30,123828,Jan Choinski,120,534,2.0,3.0,GBR,29,atp_rankings_2026_03_30.csv
2026-03-30,126535,Carlos Taberner,121,533,-75.0,-17.0,ESP,28,atp_rankings_2026_03_30.csv
2026-03-30,208169,Titouan Droguet,122,528,0.0,2.0,FRA,24,atp_rankings_2026_03_30.csv
2026-03-30,202261,Otto Virtanen,123,512,0.0,3.0,FIN,24,atp_rankings_2026_03_30.csv
2026-03-30,209409,Coleman Wong,124,503,-40.0,-4.0,HKG,21,atp_rankings_2026_03_30.csv
2026-03-30,111456,Mackenzie Mcdonald,125,501,-17.0,0.0,USA,30,atp_rankings_2026_03_30.csv
2026-03-30,102093,Martin Damm,126,499,30.0,7.0,USA,22,atp_rankings_2026_03_30.csv
2026-03-30,208278,Shintaro Mochizuki,127,495,-2.0,2.0,JPN,22,atp_rankings_2026_03_30.csv
2026-03-30,106331,Christopher Oconnell,128,493,0.0,2.0,AUS,31,atp_rankings_2026_03_30.csv
2026-03-30,105932,Nikoloz Basilashvili,129,493,30.0,5.0,GEO,34,atp_rankings_2026_03_30.csv
2026-03-30,126504,Andrea Pellegrino,130,490,-20.0,-2.0,ITA,29,atp_rankings_2026_03_30.csv
2026-03-30,111442,Jordan Thompson,131,488,-50.0,-10.0,AUS,31,atp_rankings_2026_03_30.csv
2026-03-30,105583,Dusan Lajovic,132,486,-25.0,-5.0,SRB,35,atp_rankings_2026_03_30.csv
2026-03-30,210012,Henrique Rocha,133,483,0.0,-2.0,POR,21,atp_rankings_2026_03_30.csv
2026-03-30,209284,Elmer Moller,134,478,-56.0,-12.0,DEN,22,atp_rankings_2026_03_30.csv
2026-03-30,208013,Dane Sweeny,135,462,-8.0,-3.0,AUS,25,atp_rankings_2026_03_30.csv
2026-03-30,210017,Daniel Merida Aguilar,136,458,0.0,-1.0,ESP,21,atp_rankings_2026_03_30.csv
2026-03-30,210338,Arthur Gea,137,457,40.0,7.0,FRA,21,atp_rankings_2026_03_30.csv
2026-03-30,209957,Jack Pinnington Jones,138,456,0.0,-2.0,GBR,23,atp_rankings_2026_03_30.csv
2026-03-30,127339,Borna Gojo,139,453,120.0,42.0,CRO,28,atp_rankings_2026_03_30.csv
2026-03-30,208134,Luca Nardi,140,444,0.0,-1.0,ITA,22,atp_rankings_2026_03_30.csv
2026-03-30,149282,Nicolai Budkov Kjaer,141,444,-11.0,-4.0,NOR,19,atp_rankings_2026_03_30.csv
2026-03-30,105882,Stefano Travaglia,142,444,71.0,19.0,ITA,34,atp_rankings_2026_03_30.csv
2026-03-30,210262,Jaime Faria,143,443,62.0,14.0,POR,22,atp_rankings_2026_03_30.csv
2026-03-30,121411,Moez Echargui,144,435,-2.0,-3.0,TUN,33,atp_rankings_2026_03_30.csv
2026-03-30,208210,Chris Rodesch,145,434,0.0,-3.0,LUX,24,atp_rankings_2026_03_30.csv
2026-03-30,208859,Francesco Passaro,146,431,0.0,-3.0,ITA,25,atp_rankings_2026_03_30.csv
2026-03-30,208119,Liam Draxl,147,430,24.0,0.0,CAN,24,atp_rankings_2026_03_30.csv
2026-03-30,126129,Billy Harris,148,426,-23.0,-10.0,GBR,31,atp_rankings_2026_03_30.csv
2026-03-30,208021,Kyrian Jacquet,149,423,16.0,-3.0,FRA,24,atp_rankings_2026_03_30.csv
2026-03-30,210116,Michael Zheng,150,414,0.0,-5.0,USA,22,atp_rankings_2026_03_30.csv
2026-03-30,208010,Pablo Llamas Ruiz,151,414,100.0,40.0,ESP,23,atp_rankings_2026_03_30.csv
2026-03-30,144750,Lloyd Harris,152,406,7.0,-3.0,RSA,29,atp_rankings_2026_03_30.csv
2026-03-30,200436,Zsombor Piros,153,396,-6.0,-5.0,HUN,26,atp_rankings_2026_03_30.csv
2026-03-30,111797,Nicolas Jarry,154,391,0.0,-2.0,CHI,30,atp_rankings_2026_03_30.csv
2026-03-30,127760,Lukas Klein,155,386,0.0,0.0,SVK,28,atp_rankings_2026_03_30.csv
2026-03-30,202358,Chun Hsin Tseng,156,383,-58.0,-16.0,TPE,24,atp_rankings_2026_03_30.csv
2026-03-30,200259,Ugo Blanchet,157,382,-7.0,-3.0,FRA,27,atp_rankings_2026_03_30.csv
2026-03-30,207352,Bu Yunchaokete,158,382,-12.0,-8.0,CHN,24,atp_rankings_2026_03_30.csv
2026-03-30,106148,Roberto Carballes Baena,159,379,14.0,6.0,ESP,33,atp_rankings_2026_03_30.csv
2026-03-30,106198,Hugo Dellien,160,378,3.0,-1.0,BOL,32,atp_rankings_2026_03_30.csv
2026-03-30,210136,Mark Lajal,161,377,-2.0,-3.0,EST,22,atp_rankings_2026_03_30.csv
2026-03-30,206748,Giulio Zeppieri,162,374,0.0,-2.0,ITA,24,atp_rankings_2026_03_30.csv
2026-03-30,209259,Arthur Fery,163,372,30.0,11.0,GBR,23,atp_rankings_2026_03_30.csv
2026-03-30,212256,Colton Smith,164,371,0.0,-2.0,USA,23,atp_rankings_2026_03_30.csv
2026-03-30,106109,Alex Bolt,165,369,0.0,-2.0,AUS,33,atp_rankings_2026_03_30.csv
2026-03-30,210536,Rei Sakamoto,166,366,0.0,-2.0,JPN,19,atp_rankings_2026_03_30.csv
2026-03-30,209875,Alex Barrena,167,362,15.0,6.0,ARG,23,atp_rankings_2026_03_30.csv
2026-03-30,209857,Leandro Riedi,168,359,0.0,0.0,SUI,24,atp_rankings_2026_03_30.csv
2026-03-30,126964,Vitaliy Sachko,169,358,35.0,17.0,UKR,28,atp_rankings_2026_03_30.csv
2026-03-30,208843,Jerome Kym,170,354,0.0,0.0,SUI,23,atp_rankings_2026_03_30.csv
2026-03-30,200711,Nicolas Mejia,171,354,29.0,14.0,COL,26,atp_rankings_2026_03_30.csv
2026-03-30,210389,Toby Samuel,172,352,0.0,-1.0,GBR,23,atp_rankings_2026_03_30.csv
2026-03-30,106415,Yoshihito Nishioka,173,351,-10.0,-7.0,JPN,30,atp_rankings_2026_03_30.csv
2026-03-30,210053,Luka Mikrut,174,350,-10.0,-7.0,CRO,21,atp_rankings_2026_03_30.csv
2026-03-30,111200,Elias Ymer,175,349,-6.0,-6.0,SWE,29,atp_rankings_2026_03_30.csv
2026-03-30,209911,Guy Den Ouden,176,341,0.0,-1.0,NED,23,atp_rankings_2026_03_30.csv
2026-03-30,212082,Joel Schwaerzler,177,341,0.0,-1.0,AUT,20,atp_rankings_2026_03_30.csv
2026-03-30,200514,Jurij Rodionov,178,340,0.0,-1.0,AUT,26,atp_rankings_2026_03_30.csv
2026-03-30,105676,David Goffin,179,335,-50.0,-23.0,BEL,35,atp_rankings_2026_03_30.csv
2026-03-30,208004,Harold Mayot,180,335,-12.0,-8.0,FRA,24,atp_rankings_2026_03_30.csv
2026-03-30,206889,Clement Chidekh,181,334,0.0,-1.0,FRA,24,atp_rankings_2026_03_30.csv
2026-03-30,144870,Federico Agustin Gomez,182,331,0.0,0.0,ARG,29,atp_rankings_2026_03_30.csv
2026-03-30,144645,Zdenek Kolar,183,331,0.0,0.0,CZE,29,atp_rankings_2026_03_30.csv
2026-03-30,206750,Daniil Glinka,184,328,0.0,0.0,EST,25,atp_rankings_2026_03_30.csv
2026-03-30,126652,Jay Clarke,185,320,-14.0,-6.0,GBR,27,atp_rankings_2026_03_30.csv
2026-03-30,211514,Justin Engel,186,317,2.0,4.0,GER,18,atp_rankings_2026_03_30.csv
2026-03-30,202127,Clement Tabur,187,316,0.0,2.0,FRA,26,atp_rankings_2026_03_30.csv
2026-03-30,106065,Marco Cecchinato,188,316,10.0,11.0,ITA,33,atp_rankings_2026_03_30.csv
2026-03-30,144684,Alex Molcan,189,314,12.0,11.0,SVK,28,atp_rankings_2026_03_30.csv
2026-03-30,106071,Bernard Tomic,190,314,-9.0,-3.0,AUS,33,atp_rankings_2026_03_30.csv
2026-03-30,200416,August Holmgren,191,311,4.0,6.0,DEN,27,atp_rankings_2026_03_30.csv
2026-03-30,209261,Matteo Gigante,192,310,0.0,1.0,ITA,24,atp_rankings_2026_03_30.csv
2026-03-30,210460,Nishesh Basavareddy,193,306,0.0,5.0,USA,20,atp_rankings_2026_03_30.csv
2026-03-30,105732,Pierre Hugues Herbert,194,304,-16.0,-6.0,FRA,35,atp_rankings_2026_03_30.csv
2026-03-30,210178,Juan Carlos Prado Angelo,195,303,15.0,11.0,BOL,21,atp_rankings_2026_03_30.csv
2026-03-30,200008,Alexis Galarneau,196,301,16.0,13.0,CAN,27,atp_rankings_2026_03_30.csv
2026-03-30,105554,Daniel Evans,197,300,0.0,4.0,GBR,35,atp_rankings_2026_03_30.csv
2026-03-30,126663,Juan Pablo Ficovich,198,298,12.0,10.0,ARG,29,atp_rankings_2026_03_30.csv
2026-03-30,212063,Matej Dodig,199,297,26.0,15.0,CRO,20,atp_rankings_2026_03_30.csv
2026-03-30,200385,Dan Added,200,297,0.0,4.0,FRA,26,atp_rankings_2026_03_30.csv
2026-03-30,144821,Genaro Alberto Olivieri,201,293,-19.0,-9.0,ARG,27,atp_rankings_2026_03_30.csv
2026-03-30,207608,Timofey Skatov,202,292,-18.0,-7.0,KAZ,25,atp_rankings_2026_03_30.csv
2026-03-30,104792,Gael Monfils,203,290,-100.0,-50.0,FRA,39,atp_rankings_2026_03_30.csv
2026-03-30,111513,Laslo Djere,204,288,0.0,1.0,SRB,30,atp_rankings_2026_03_30.csv
2026-03-30,211451,Gilles Arnaud Bailly,205,288,8.0,7.0,BEL,20,atp_rankings_2026_03_30.csv
2026-03-30,208293,Gonzalo Bueno,206,287,8.0,7.0,PER,21,atp_rankings_2026_03_30.csv
2026-03-30,200329,Remy Bertola,207,286,4.0,3.0,SUI,27,atp_rankings_2026_03_30.csv
2026-03-30,210748,Federico Cina,208,285,-14.0,-5.0,ITA,19,atp_rankings_2026_03_30.csv
2026-03-30,202146,Luka Pavlovic,209,284,25.0,10.0,FRA,26,atp_rankings_2026_03_30.csv
2026-03-30,105841,Lorenzo Giustino,210,283,-17.0,-8.0,ITA,34,atp_rankings_2026_03_30.csv
2026-03-30,208223,Alvaro Guillen Meza,211,282,-5.0,-4.0,ECU,23,atp_rankings_2026_03_30.csv
2026-03-30,206307,Joao Lucas Reis Da Silva,212,281,0.0,-1.0,BRA,26,atp_rankings_2026_03_30.csv
2026-03-30,126409,Hugo Grenier,213,280,-30.0,-19.0,FRA,30,atp_rankings_2026_03_30.csv
2026-03-30,200610,Oliver Crawford,214,272,-37.0,-18.0,GBR,26,atp_rankings_2026_03_30.csv
2026-03-30,200677,Rio Noguchi,215,271,46.0,30.0,JPN,27,atp_rankings_2026_03_30.csv
2026-03-30,200318,Yu Hsiou Hsu,216,271,3.0,-1.0,TPE,26,atp_rankings_2026_03_30.csv
2026-03-30,210297,Lautaro Midon,217,268,18.0,8.0,ARG,22,atp_rankings_2026_03_30.csv
2026-03-30,200748,Andres Andrade,218,259,4.0,5.0,ECU,27,atp_rankings_2026_03_30.csv
2026-03-30,144817,Marc Andrea Huesler,219,258,-4.0,-2.0,SUI,29,atp_rankings_2026_03_30.csv
2026-03-30,209899,Ilia Simakin,220,257,-3.0,-2.0,RUS,22,atp_rankings_2026_03_30.csv
2026-03-30,106432,Borna Coric,221,255,-83.0,-43.0,CRO,29,atp_rankings_2026_03_30.csv
2026-03-30,207680,Facundo Diaz Acosta,222,255,7.0,4.0,ARG,25,atp_rankings_2026_03_30.csv
2026-03-30,212044,Yi Zhou,223,255,-3.0,-2.0,CHN,21,atp_rankings_2026_03_30.csv
2026-03-30,209903,Lukas Neumayer,224,253,6.0,3.0,AUT,23,atp_rankings_2026_03_30.csv
2026-03-30,208852,Stefanos Sakellaridis,225,252,-7.0,-5.0,GRE,21,atp_rankings_2026_03_30.csv
2026-03-30,144973,Santiago Fa Rodriguez Taverna,226,248,4.0,3.0,ARG,26,atp_rankings_2026_03_30.csv
2026-03-30,211533,Gianluca Cadenasso,227,244,71.0,73.0,ITA,21,atp_rankings_2026_03_30.csv
2026-03-30,210167,Tom Gentzsch,228,244,23.0,20.0,GER,22,atp_rankings_2026_03_30.csv
2026-03-30,126128,Roman Safiullin,229,242,-25.0,-13.0,RUS,28,atp_rankings_2026_03_30.csv
2026-03-30,106186,Jason Kubler,230,240,-5.0,-2.0,AUS,32,atp_rankings_2026_03_30.csv
2026-03-30,105911,Andrea Collarini,231,238,0.0,2.0,ARG,34,atp_rankings_2026_03_30.csv
2026-03-30,106293,Kimmer Coppejans,232,237,11.0,12.0,BEL,32,atp_rankings_2026_03_30.csv
2026-03-30,133297,Yosuke Watanuki,233,233,0.0,2.0,JPN,27,atp_rankings_2026_03_30.csv
2026-03-30,208279,Alejandro Moro Canas,234,233,2.0,5.0,ESP,25,atp_rankings_2026_03_30.csv
2026-03-30,111187,Kaichi Uchida,235,233,0.0,1.0,JPN,31,atp_rankings_2026_03_30.csv
2026-03-30,207785,George Loffhagen,236,231,-25.0,-14.0,GBR,24,atp_rankings_2026_03_30.csv
2026-03-30,106393,Frederico Ferreira Silva,237,231,0.0,1.0,POR,31,atp_rankings_2026_03_30.csv
2026-03-30,208069,Max Houkes,238,231,14.0,13.0,NED,25,atp_rankings_2026_03_30.csv
2026-03-30,210317,James Mccabe,239,230,8.0,7.0,AUS,22,atp_rankings_2026_03_30.csv
2026-03-30,208046,Pedro Boscardin Dias,240,229,0.0,1.0,BRA,23,atp_rankings_2026_03_30.csv
2026-03-30,207729,Tristan Boyer,241,228,-10.0,-9.0,USA,24,atp_rankings_2026_03_30.csv
2026-03-30,208269,Felix Gill,242,228,12.0,10.0,GBR,23,atp_rankings_2026_03_30.csv
2026-03-30,123755,Daniel Elahi Galan,243,226,-24.0,-19.0,COL,29,atp_rankings_2026_03_30.csv
2026-03-30,200277,Charles Broom,244,223,13.0,13.0,GBR,27,atp_rankings_2026_03_30.csv
2026-03-30,205734,Thiago Seyboth Wild,245,222,-10.0,-8.0,BRA,26,atp_rankings_2026_03_30.csv
2026-03-30,202262,Filip Cristian Jianu,246,219,-8.0,-3.0,ROU,24,atp_rankings_2026_03_30.csv
2026-03-30,206904,Gauthier Onclin,247,218,17.0,20.0,BEL,25,atp_rankings_2026_03_30.csv
2026-03-30,123983,Nerman Fatic,248,216,-21.0,-14.0,BIH,31,atp_rankings_2026_03_30.csv
2026-03-30,209326,Murphy Cassone,249,216,2.0,7.0,USA,23,atp_rankings_2026_03_30.csv
2026-03-30,211346,Andres Martin,250,215,22.0,23.0,USA,24,atp_rankings_2026_03_30.csv
2026-03-30,106283,Mitchell Krueger,251,214,0.0,3.0,USA,32,atp_rankings_2026_03_30.csv
2026-03-30,111806,Fajing Sun,252,214,12.0,12.0,CHN,29,atp_rankings_2026_03_30.csv
2026-03-30,210464,Darwin Blanch,253,213,20.0,19.0,USA,18,atp_rankings_2026_03_30.csv
2026-03-30,200587,Brandon Holt,254,213,-30.0,-24.0,USA,27,atp_rankings_2026_03_30.csv
2026-03-30,202260,Henri Squire,255,213,6.0,3.0,GER,25,atp_rankings_2026_03_30.csv
2026-03-30,111581,Michael Mmoh,256,211,75.0,95.0,USA,28,atp_rankings_2026_03_30.csv
2026-03-30,209916,Marko Topo,257,210,-4.0,-2.0,GER,22,atp_rankings_2026_03_30.csv
2026-03-30,209849,Sascha Gueymard Wayenburg,258,210,14.0,11.0,FRA,22,atp_rankings_2026_03_30.csv
2026-03-30,207784,Harry Wendelken,259,209,-11.0,-9.0,GBR,24,atp_rankings_2026_03_30.csv
2026-03-30,111578,Stefan Kozlov,260,207,6.0,5.0,USA,28,atp_rankings_2026_03_30.csv
2026-03-30,207663,Nikolas Sanchez Izquierdo,261,206,0.0,-1.0,ESP,27,atp_rankings_2026_03_30.csv
2026-03-30,209992,Juncheng Shang,262,205,0.0,-1.0,CHN,21,atp_rankings_2026_03_30.csv
2026-03-30,111190,Zhizhen Zhang,263,205,10.0,7.0,CHN,29,atp_rankings_2026_03_30.csv
2026-03-30,212309,Diego Dedura Palomero,264,205,-2.0,-5.0,GER,18,atp_rankings_2026_03_30.csv
2026-03-30,207415,Daniel Michalski,265,205,4.0,1.0,POL,26,atp_rankings_2026_03_30.csv
2026-03-30,123809,Ivan Gakhov,266,203,-18.0,-17.0,RUS,29,atp_rankings_2026_03_30.csv
2026-03-30,208364,Franco Roncadelli,267,200,50.0,65.0,URU,26,atp_rankings_2026_03_30.csv
2026-03-30,207546,Pol Martin Tiffon,268,199,-16.0,-15.0,ESP,26,atp_rankings_2026_03_30.csv
2026-03-30,210220,Edas Butvilas,269,199,14.0,10.0,LTU,21,atp_rankings_2026_03_30.csv
2026-03-30,207815,Guido Ivan Justo,270,198,13.0,10.0,ARG,28,atp_rankings_2026_03_30.csv
2026-03-30,122669,Juan Pablo Varillas,271,196,17.0,19.0,PER,30,atp_rankings_2026_03_30.csv
2026-03-30,208902,Johannus Monday,272,196,-25.0,-25.0,GBR,24,atp_rankings_2026_03_30.csv
2026-03-30,202147,Florent Bax,273,192,-8.0,-5.0,FRA,26,atp_rankings_2026_03_30.csv
2026-03-30,207732,Miguel Damas,274,192,0.0,0.0,ESP,26,atp_rankings_2026_03_30.csv
2026-03-30,106329,Thiago Monteiro,275,191,-37.0,-33.0,BRA,31,atp_rankings_2026_03_30.csv
2026-03-30,106034,Yasutaka Uchiyama,276,191,25.0,32.0,JPN,33,atp_rankings_2026_03_30.csv
2026-03-30,211617,Maxim Mrva,277,189,-6.0,-6.0,CZE,18,atp_rankings_2026_03_30.csv
2026-03-30,106281,Liam Broady,278,188,6.0,4.0,GBR,32,atp_rankings_2026_03_30.csv
2026-03-30,105062,Mikhail Kukushkin,279,187,6.0,6.0,KAZ,38,atp_rankings_2026_03_30.csv
2026-03-30,210202,Rodrigo Pacheco Mendez,280,186,16.0,23.0,MEX,20,atp_rankings_2026_03_30.csv
2026-03-30,111576,Sumit Nagal,281,185,0.0,-3.0,IND,28,atp_rankings_2026_03_30.csv
2026-03-30,209131,Eliakim Coulibaly,282,185,4.0,4.0,CIV,23,atp_rankings_2026_03_30.csv
2026-03-30,106162,Franco Agamenone,283,184,-7.0,-7.0,ITA,32,atp_rankings_2026_03_30.csv
2026-03-30,206703,Paul Jubb,284,184,3.0,3.0,GBR,26,atp_rankings_2026_03_30.csv
2026-03-30,208361,Gustavo Heide,285,181,0.0,-1.0,BRA,24,atp_rankings_2026_03_30.csv
2026-03-30,209850,Robin Bertrand,286,181,0.0,2.0,FRA,23,atp_rankings_2026_03_30.csv
2026-03-30,210119,Andrej Nedic,287,180,6.0,9.0,BIH,21,atp_rankings_2026_03_30.csv
2026-03-30,126106,Ryan Peniston,288,180,-25.0,-26.0,GBR,30,atp_rankings_2026_03_30.csv
2026-03-30,211500,Tiago Pereira,289,180,-12.0,-14.0,POR,21,atp_rankings_2026_03_30.csv
2026-03-30,127108,Igor Ribeiro Marcondes,290,179,0.0,1.0,BRA,28,atp_rankings_2026_03_30.csv
2026-03-30,207969,Stefan Dostanic,291,177,25.0,37.0,USA,24,atp_rankings_2026_03_30.csv
2026-03-30,208421,Lilian Marmousez,292,177,-2.0,-3.0,FRA,24,atp_rankings_2026_03_30.csv
2026-03-30,207213,Duje Ajdukovic,293,177,16.0,22.0,CRO,25,atp_rankings_2026_03_30.csv
2026-03-30,207130,Matias Soto,294,177,22.0,29.0,CHI,26,atp_rankings_2026_03_30.csv
2026-03-30,105613,Norbert Gombos,295,174,0.0,2.0,SVK,35,atp_rankings_2026_03_30.csv
2026-03-30,210558,Hynek Barton,296,173,13.0,20.0,CZE,21,atp_rankings_2026_03_30.csv
2026-03-30,126107,Michael Geerts,297,172,-5.0,-4.0,BEL,31,atp_rankings_2026_03_30.csv
2026-03-30,200303,Pavel Kotov,298,171,-10.0,-15.0,RUS,27,atp_rankings_2026_03_30.csv
2026-03-30,209405,Daniel Rincon,299,171,-6.0,-7.0,ESP,23,atp_rankings_2026_03_30.csv
2026-03-30,209406,Abedallah Shelbayh,300,170,2.0,6.0,JOR,22,atp_rankings_2026_03_30.csv
2026-03-30,202333,Keegan Smith,301,170,-3.0,0.0,USA,27,atp_rankings_2026_03_30.csv
2026-03-30,208182,Saba Purtseladze,302,170,-14.0,-21.0,GEO,24,atp_rankings_2026_03_30.csv
2026-03-30,109303,Stefano Napolitano,303,168,-5.0,-4.0,ITA,30,atp_rankings_2026_03_30.csv
2026-03-30,209890,Mili Poljicak,304,168,49.0,92.0,CRO,21,atp_rankings_2026_03_30.csv
2026-03-30,106057,Facundo Mena,305,168,17.0,24.0,ARG,33,atp_rankings_2026_03_30.csv
2026-03-30,206589,Gabi Adrian Boitan,306,167,0.0,1.0,ROU,26,atp_rankings_2026_03_30.csv
2026-03-30,202235,Jacopo Berrettini,307,166,-3.0,-3.0,ITA,27,atp_rankings_2026_03_30.csv
2026-03-30,207491,Sandro Kopp,308,165,-4.0,-3.0,AUT,25,atp_rankings_2026_03_30.csv
2026-03-30,123961,Murkel Alejandro Dellien Velasco,309,164,-10.0,-11.0,BOL,28,atp_rankings_2026_03_30.csv
2026-03-30,210557,Petr Brunclik,310,163,-24.0,-33.0,CZE,19,atp_rankings_2026_03_30.csv
2026-03-30,200346,Mats Rosenkranz,311,163,0.0,2.0,GER,27,atp_rankings_2026_03_30.csv
2026-03-30,106220,Dimitar Kuzmanov,312,162,-2.0,0.0,BUL,32,atp_rankings_2026_03_30.csv
2026-03-30,209407,Max Basing,313,161,0.0,1.0,GBR,23,atp_rankings_2026_03_30.csv
2026-03-30,133975,Benjamin Hassan,314,157,-18.0,-20.0,LBN,31,atp_rankings_2026_03_30.csv
2026-03-30,211577,Antoine Ghibaudo,315,157,3.0,11.0,FRA,21,atp_rankings_2026_03_30.csv
2026-03-30,202475,Philip Henning,316,157,3.0,11.0,RSA,25,atp_rankings_2026_03_30.csv
2026-03-30,144972,Geoffrey Blancaneaux,317,157,0.0,2.0,FRA,27,atp_rankings_2026_03_30.csv
2026-03-30,210382,Maximus Jones,318,156,-2.0,-1.0,THA,21,atp_rankings_2026_03_30.csv
2026-03-30,208144,Giles Hussey,319,156,0.0,1.0,GBR,28,atp_rankings_2026_03_30.csv
2026-03-30,126337,Renta Tokuda,320,155,-2.0,-2.0,JPN,28,atp_rankings_2026_03_30.csv
2026-03-30,208342,Tyler Zink,321,155,5.0,10.0,USA,25,atp_rankings_2026_03_30.csv
2026-03-30,210682,Federico Bondioli,322,155,49.0,115.0,ITA,20,atp_rankings_2026_03_30.csv
2026-03-30,105649,Cedrik Marcel Stebe,323,154,0.0,2.0,GER,35,atp_rankings_2026_03_30.csv
2026-03-30,200335,Felipe Meligeni Alves,324,153,-76.0,-84.0,BRA,28,atp_rankings_2026_03_30.csv
2026-03-30,209874,Maks Kasnikowski,325,153,7.0,12.0,POL,22,atp_rankings_2026_03_30.csv
2026-03-30,207797,Jonas Forejtek,326,153,11.0,18.0,CZE,25,atp_rankings_2026_03_30.csv
2026-03-30,208913,Juan Bautista Torres,327,153,7.0,11.0,ARG,23,atp_rankings_2026_03_30.csv
2026-03-30,213608,Moise Kouame,328,151,29.0,57.0,FRA,17,atp_rankings_2026_03_30.csv
2026-03-30,117361,Akira Santillan,329,151,-13.0,-18.0,AUS,28,atp_rankings_2026_03_30.csv
2026-03-30,200188,Matteo Martineau,330,151,12.0,18.0,FRA,27,atp_rankings_2026_03_30.csv
2026-03-30,209322,Martin Krumich,331,151,3.0,4.0,CZE,23,atp_rankings_2026_03_30.csv
2026-03-30,210472,Oliver Tarvet,332,150,0.0,-2.0,GBR,22,atp_rankings_2026_03_30.csv
2026-03-30,126952,Soon Woo Kwon,333,150,8.0,10.0,KOR,28,atp_rankings_2026_03_30.csv
2026-03-30,208502,Dominic Stricker,334,150,3.0,2.0,SUI,23,atp_rankings_2026_03_30.csv
2026-03-30,209952,Sean Cuenin,335,149,0.0,-2.0,FRA,22,atp_rankings_2026_03_30.csv
2026-03-30,200672,Sergey Fomin,336,148,0.0,-2.0,UZB,25,atp_rankings_2026_03_30.csv
2026-03-30,209951,Petr Bar Biryukov,337,148,-7.0,-13.0,RUS,24,atp_rankings_2026_03_30.csv
2026-03-30,123921,Calvin Hemery,338,147,-8.0,-16.0,FRA,31,atp_rankings_2026_03_30.csv
2026-03-30,106044,Nicolas Kicker,339,146,-58.0,-76.0,ARG,33,atp_rankings_2026_03_30.csv
2026-03-30,106121,Taro Daniel,340,144,44.0,111.0,JPN,33,atp_rankings_2026_03_30.csv
2026-03-30,126206,Alex Rybakov,341,144,-31.0,-46.0,USA,29,atp_rankings_2026_03_30.csv
2026-03-30,207231,Mathys Erhard,342,144,2.0,3.0,FRA,24,atp_rankings_2026_03_30.csv
2026-03-30,200273,Hady Habib,343,143,0.0,-1.0,LIB,27,atp_rankings_2026_03_30.csv
2026-03-30,209512,Tom Paris,344,143,3.0,2.0,FRA,23,atp_rankings_2026_03_30.csv
2026-03-30,208540,Inaki Montes De La Torre,345,142,23.0,50.0,ESP,23,atp_rankings_2026_03_30.csv
2026-03-30,117360,Marc Polmans,346,142,12.0,16.0,AUS,28,atp_rankings_2026_03_30.csv
2026-03-30,202199,Carlos Sanchez Jover,347,142,-3.0,-7.0,ESP,25,atp_rankings_2026_03_30.csv
2026-03-30,210318,Andre Ilagan,348,142,6.0,6.0,USA,25,atp_rankings_2026_03_30.csv
2026-03-30,208389,James Trotter,349,141,-4.0,-10.0,JPN,26,atp_rankings_2026_03_30.csv
2026-03-30,212020,Michele Ribecai,350,140,19.0,39.0,ITA,23,atp_rankings_2026_03_30.csv
2026-03-30,208257,Fabrizio Andaloro,351,139,-25.0,-42.0,ITA,25,atp_rankings_2026_03_30.csv
2026-03-30,209354,Ioannis Xilas,352,139,0.0,-5.0,GRE,24,atp_rankings_2026_03_30.csv
2026-03-30,202320,Beibit Zhukayev,353,137,-35.0,-51.0,KAZ,25,atp_rankings_2026_03_30.csv
2026-03-30,200495,Eduardo Ribeiro,354,137,6.0,5.0,BRA,28,atp_rankings_2026_03_30.csv
2026-03-30,210412,Juan Manuel La Serna,355,136,-7.0,-14.0,ARG,22,atp_rankings_2026_03_30.csv
2026-03-30,144716,Oleg Prihodko,356,136,0.0,-4.0,UKR,28,atp_rankings_2026_03_30.csv
2026-03-30,207799,Matheus Pucinelli De Almeida,357,136,-28.0,-47.0,BRA,24,atp_rankings_2026_03_30.csv
2026-03-30,126555,Tung Lin Wu,358,136,0.0,-5.0,TPE,27,atp_rankings_2026_03_30.csv
2026-03-30,207527,Buvaysar Gadamauri,359,136,11.0,18.0,BEL,25,atp_rankings_2026_03_30.csv
2026-03-30,210042,Gabriele Piraino,360,135,0.0,-4.0,ITA,22,atp_rankings_2026_03_30.csv
2026-03-30,210340,Philip Sekulic,361,134,50.0,142.0,AUS,22,atp_rankings_2026_03_30.csv
2026-03-30,202239,Florian Broska,362,133,-2.0,-7.0,GER,28,atp_rankings_2026_03_30.csv
2026-03-30,200321,San Hui Sin,363,132,0.0,-5.0,KOR,29,atp_rankings_2026_03_30.csv
2026-03-30,202400,Alastair Gray,364,131,-1.0,-7.0,GBR,27,atp_rankings_2026_03_30.csv
2026-03-30,209983,Mika Brunold,365,131,3.0,3.0,SUI,21,atp_rankings_2026_03_30.csv
2026-03-30,211627,Hayato Matsuoka,366,131,6.0,10.0,JPN,21,atp_rankings_2026_03_30.csv
2026-03-30,105180,Daniel Dutra Da Silva,367,131,-25.0,-46.0,BRA,37,atp_rankings_2026_03_30.csv
2026-03-30,208143,Garrett Johns,368,131,-8.0,-19.0,USA,25,atp_rankings_2026_03_30.csv
2026-03-30,109054,Daniel Masur,369,130,0.0,-9.0,GER,31,atp_rankings_2026_03_30.csv
2026-03-30,206470,Cezar Cretu,370,130,0.0,-9.0,ROU,24,atp_rankings_2026_03_30.csv
2026-03-30,207368,Mert Alkaya,371,130,7.0,11.0,TUR,25,atp_rankings_2026_03_30.csv
2026-03-30,212251,Daniel Milavsky,372,130,0.0,-9.0,USA,24,atp_rankings_2026_03_30.csv
2026-03-30,202122,Yuta Shimizu,373,129,8.0,14.0,JPN,26,atp_rankings_2026_03_30.csv
2026-03-30,211542,Filippo Romano,374,129,5.0,4.0,ITA,20,atp_rankings_2026_03_30.csv
2026-03-30,212241,Carlo Alberto Caniato,375,129,11.0,24.0,ITA,20,atp_rankings_2026_03_30.csv
2026-03-30,200266,Javier Barranco Cosano,376,128,0.0,-7.0,ESP,27,atp_rankings_2026_03_30.csv
2026-03-30,209080,Blaise Bicknell,377,128,0.0,-7.0,JAM,24,atp_rankings_2026_03_30.csv
2026-03-30,208024,Max Alcala Gurri,378,128,3.0,-3.0,ESP,23,atp_rankings_2026_03_30.csv
2026-03-30,134840,Raul Brancaccio,379,128,4.0,1.0,ITA,28,atp_rankings_2026_03_30.csv
2026-03-30,122554,David Jorda Sanchis,380,127,3.0,1.0,ESP,31,atp_rankings_2026_03_30.csv
2026-03-30,106380,Gonzalo Villanueva,381,127,-2.0,-15.0,ARG,31,atp_rankings_2026_03_30.csv
2026-03-30,200462,Andrea Guerrieri,382,126,11.0,27.0,ITA,27,atp_rankings_2026_03_30.csv
2026-03-30,129911,Marat Sharipov,383,126,-11.0,-33.0,RUS,23,atp_rankings_2026_03_30.csv
2026-03-30,104755,Richard Gasquet,384,125,0.0,-12.0,FRA,39,atp_rankings_2026_03_30.csv
2026-03-30,202075,Adria Soriano Barrera,385,125,0.0,-12.0,COL,26,atp_rankings_2026_03_30.csv
2026-03-30,207171,Hamish Stewart,386,125,0.0,-12.0,GBR,26,atp_rankings_2026_03_30.csv
2026-03-30,202297,Dan Martin,387,124,3.0,-1.0,CAN,26,atp_rankings_2026_03_30.csv
2026-03-30,212216,Trevor Svajda,388,124,-3.0,-17.0,USA,19,atp_rankings_2026_03_30.csv
2026-03-30,208649,Andrew Fenty,389,124,18.0,47.0,USA,26,atp_rankings_2026_03_30.csv
2026-03-30,210377,Luciano Emanuel Ambrogi,390,124,7.0,12.0,ARG,22,atp_rankings_2026_03_30.csv
2026-03-30,206867,Tommaso Compagnucci,391,122,15.0,39.0,ITA,26,atp_rankings_2026_03_30.csv
2026-03-30,209167,Olle Wallin,392,122,-1.0,-8.0,SWE,24,atp_rankings_2026_03_30.csv
2026-03-30,202359,Marvin Moeller,393,122,22.0,61.0,GER,27,atp_rankings_2026_03_30.csv
2026-03-30,207129,Yanki Erel,394,121,0.0,-6.0,TUR,25,atp_rankings_2026_03_30.csv
2026-03-30,200666,Jie Cui,395,121,9.0,24.0,CHN,28,atp_rankings_2026_03_30.csv
2026-03-30,122352,Christoph Negritu,396,121,12.0,28.0,GER,32,atp_rankings_2026_03_30.csv
2026-03-30,105487,Facundo Bagnis,397,120,0.0,-7.0,ARG,36,atp_rankings_2026_03_30.csv
2026-03-30,210085,Lui Maxted,398,120,0.0,-6.0,GBR,22,atp_rankings_2026_03_30.csv
2026-03-30,106187,Denis Yevseyev,399,120,-10.0,-35.0,KAZ,32,atp_rankings_2026_03_30.csv
2026-03-30,131911,Lucas Poullain,400,120,0.0,-7.0,FRA,30,atp_rankings_2026_03_30.csv
2026-03-30,106177,Oriol Roca Batalla,401,119,0.0,-7.0,ESP,32,atp_rankings_2026_03_30.csv
2026-03-30,144656,Corentin Denolly,402,119,0.0,-5.0,FRA,28,atp_rankings_2026_03_30.csv
2026-03-30,200452,Patrick Zahraj,403,119,3.0,2.0,GER,26,atp_rankings_2026_03_30.csv
2026-03-30,209907,Viacheslav Bielinskyi,404,118,-10.0,-37.0,UKR,22,atp_rankings_2026_03_30.csv
2026-03-30,132573,Luca Castelnuovo,405,118,5.0,8.0,SUI,29,atp_rankings_2026_03_30.csv
2026-03-30,207502,Stefan Palosi,406,118,0.0,-6.0,ROU,26,atp_rankings_2026_03_30.csv
2026-03-30,208104,Andrea Picchione,407,117,0.0,-6.0,ITA,27,atp_rankings_2026_03_30.csv
2026-03-30,212222,Raphael Perot,408,117,-12.0,-43.0,FRA,24,atp_rankings_2026_03_30.csv
2026-03-30,211661,Juan Estevez,409,117,11.0,26.0,ARG,20,atp_rankings_2026_03_30.csv
2026-03-30,209898,Dali Blanch,410,117,10.0,23.0,USA,23,atp_rankings_2026_03_30.csv
2026-03-30,209079,Samir Banerjee,411,116,0.0,-8.0,USA,22,atp_rankings_2026_03_30.csv
2026-03-30,209984,Milos Karol,412,116,2.0,-1.0,SVK,23,atp_rankings_2026_03_30.csv
2026-03-30,210000,Karan Singh,413,116,13.0,32.0,IND,22,atp_rankings_2026_03_30.csv
2026-03-30,211325,Aryan Shah,414,115,2.0,0.0,IND,20,atp_rankings_2026_03_30.csv
2026-03-30,207186,Arthur Weber,415,114,-1.0,-7.0,FRA,33,atp_rankings_2026_03_30.csv
2026-03-30,212225,Thomas Faurel,416,114,-2.0,-10.0,FRA,20,atp_rankings_2026_03_30.csv
2026-03-30,105453,Kei Nishikori,417,113,0.0,-5.0,JPN,36,atp_rankings_2026_03_30.csv
2026-03-30,208937,Kasidit Samrej,418,113,1.0,3.0,THA,25,atp_rankings_2026_03_30.csv
2026-03-30,105077,Albert Ramos,419,112,-6.0,-21.0,ESP,38,atp_rankings_2026_03_30.csv
2026-03-30,111153,Christopher Eubanks,420,112,-8.0,-29.0,USA,29,atp_rankings_2026_03_30.csv
2026-03-30,211711,Braden Shick,421,112,0.0,-5.0,USA,22,atp_rankings_2026_03_30.csv
2026-03-30,208025,Alex Martinez,422,112,0.0,-2.0,ESP,25,atp_rankings_2026_03_30.csv
2026-03-30,105413,Andrej Martin,423,111,-4.0,-16.0,SVK,36,atp_rankings_2026_03_30.csv
2026-03-30,111454,Li Tu,424,111,4.0,4.0,AUS,29,atp_rankings_2026_03_30.csv
2026-03-30,212207,Ognjen Milic,425,111,-1.0,-8.0,SRB,18,atp_rankings_2026_03_30.csv
2026-03-30,126340,Viktor Durasovic,426,111,11.0,26.0,NOR,29,atp_rankings_2026_03_30.csv
2026-03-30,210005,Kilian Feldbausch,427,110,7.0,15.0,SUI,20,atp_rankings_2026_03_30.csv
2026-03-30,106203,Pedro Sakamoto,428,110,0.0,-5.0,BRA,32,atp_rankings_2026_03_30.csv
2026-03-30,206467,Federico Arnaboldi,429,110,-14.0,-50.0,ITA,25,atp_rankings_2026_03_30.csv
2026-03-30,200484,Rudolf Molleker,430,109,1.0,-5.0,GER,25,atp_rankings_2026_03_30.csv
2026-03-30,134068,Vadym Ursu,431,109,-2.0,-9.0,UKR,29,atp_rankings_2026_03_30.csv
2026-03-30,122078,Dmitry Popko,432,108,-131.0,-201.0,KAZ,29,atp_rankings_2026_03_30.csv
2026-03-30,210221,Jay Dylan Hara Friend,433,107,0.0,-6.0,JPN,22,atp_rankings_2026_03_30.csv
2026-03-30,106292,Hernan Casanova,434,107,0.0,-5.0,ARG,32,atp_rankings_2026_03_30.csv
2026-03-30,106362,Laurent Lokoli,435,107,4.0,6.0,FRA,31,atp_rankings_2026_03_30.csv
2026-03-30,209274,Carl Emil Overbeck,436,107,18.0,53.0,DEN,24,atp_rankings_2026_03_30.csv
2026-03-30,132041,Alfredo Perez,437,107,-5.0,-19.0,USA,28,atp_rankings_2026_03_30.csv
2026-03-30,206553,Luca Potenza,438,107,-1.0,-12.0,ITA,25,atp_rankings_2026_03_30.csv
2026-03-30,200184,Andrey Chepelev,439,107,-6.0,-24.0,RUS,27,atp_rankings_2026_03_30.csv
2026-03-30,202420,Aidan Mchugh,440,106,-8.0,-30.0,GBR,25,atp_rankings_2026_03_30.csv
2026-03-30,200309,Marek Gengel,441,105,-2.0,-10.0,CZE,30,atp_rankings_2026_03_30.csv
2026-03-30,210214,Joao Eduardo Schiessl,442,105,8.0,25.0,BRA,21,atp_rankings_2026_03_30.csv
2026-03-30,207992,Cannon Kingsley,443,104,3.0,6.0,USA,24,atp_rankings_2026_03_30.csv
2026-03-30,211504,Jack Loge,444,104,0.0,-4.0,BEL,21,atp_rankings_2026_03_30.csv
2026-03-30,106072,Alexey Vatutin,445,103,-1.0,-7.0,RUS,33,atp_rankings_2026_03_30.csv
2026-03-30,209318,Petr Nesterov,446,103,1.0,2.0,BUL,23,atp_rankings_2026_03_30.csv
2026-03-30,207484,Neil Oberleitner,447,103,0.0,-3.0,AUT,26,atp_rankings_2026_03_30.csv
2026-03-30,144814,Eero Vasa,448,102,0.0,-1.0,FIN,29,atp_rankings_2026_03_30.csv
2026-03-30,209403,Faris Zakaryia,449,101,7.0,30.0,EGY,24,atp_rankings_2026_03_30.csv
2026-03-30,125847,Jelle Sels,450,101,0.0,0.0,NED,30,atp_rankings_2026_03_30.csv
2026-03-30,210399,Edward Winter,451,100,1.0,6.0,AUS,21,atp_rankings_2026_03_30.csv
2026-03-30,208328,Max Wiskandt,452,100,3.0,13.0,GER,24,atp_rankings_2026_03_30.csv
2026-03-30,133872,Enrico Dalla Valle,453,99,5.0,22.0,ITA,28,atp_rankings_2026_03_30.csv
2026-03-30,211768,Manas Dhamne,454,99,0.0,6.0,IND,18,atp_rankings_2026_03_30.csv
2026-03-30,117357,Omar Jasika,455,99,-24.0,-72.0,AUS,28,atp_rankings_2026_03_30.csv
2026-03-30,209931,Lukas Pokorny,456,97,0.0,7.0,SVK,24,atp_rankings_2026_03_30.csv
2026-03-30,105655,Hiroki Moriya,457,97,0.0,5.0,JPN,35,atp_rankings_2026_03_30.csv
2026-03-30,207993,Justin Boulais,458,97,3.0,19.0,CAN,24,atp_rankings_2026_03_30.csv
2026-03-30,207669,Robert Strombachs,459,97,-2.0,0.0,LAT,26,atp_rankings_2026_03_30.csv
2026-03-30,208189,Gianmarco Ferrari,460,97,0.0,9.0,ITA,25,atp_rankings_2026_03_30.csv
2026-03-30,209088,Quinn Vandecasteele,461,97,13.0,45.0,USA,23,atp_rankings_2026_03_30.csv
2026-03-30,207200,Cyril Vandermeersch,462,96,-3.0,-4.0,FRA,26,atp_rankings_2026_03_30.csv
2026-03-30,207728,Moerani Bouzige,463,96,0.0,7.0,AUS,26,atp_rankings_2026_03_30.csv
2026-03-30,105430,Radu Albot,464,95,-7.0,-18.0,MDA,36,atp_rankings_2026_03_30.csv
2026-03-30,212077,Lorenzo Carboni,465,95,2.0,18.0,ITA,20,atp_rankings_2026_03_30.csv
2026-03-30,106232,Roberto Cid,466,94,0.0,7.0,DOM,32,atp_rankings_2026_03_30.csv
2026-03-30,202290,Dhakshineswar Suresh,467,94,0.0,7.0,IND,26,atp_rankings_2026_03_30.csv
2026-03-30,200374,Nicolas Alvarez Varona,468,94,-4.0,-7.0,ESP,24,atp_rankings_2026_03_30.csv
2026-03-30,105938,Antoine Escoffier,469,94,-1.0,3.0,FRA,34,atp_rankings_2026_03_30.csv
2026-03-30,211902,Henry Searle,470,94,6.0,23.0,GBR,20,atp_rankings_2026_03_30.csv
2026-03-30,210142,Olaf Pieczkowski,471,93,6.0,26.0,POL,21,atp_rankings_2026_03_30.csv
2026-03-30,201987,Masamichi Imamura,472,93,9.0,33.0,JPN,27,atp_rankings_2026_03_30.csv
2026-03-30,210285,Sebastian Sorger,473,93,0.0,9.0,AUT,20,atp_rankings_2026_03_30.csv
2026-03-30,210129,Samuele Pieri,474,93,5.0,20.0,ITA,24,atp_rankings_2026_03_30.csv
2026-03-30,132052,Christian Langmo,475,93,-7.0,-20.0,USA,29,atp_rankings_2026_03_30.csv
2026-03-30,212219,Mees Rottgering,476,92,15.0,52.0,NED,18,atp_rankings_2026_03_30.csv
2026-03-30,208240,Alexandr Binda,477,92,-5.0,-9.0,ITA,24,atp_rankings_2026_03_30.csv
2026-03-30,106290,Filip Peliwo,478,92,1.0,8.0,POL,32,atp_rankings_2026_03_30.csv
2026-03-30,202271,Lorenzo Joaquin Rodriguez,479,91,7.0,28.0,ARG,26,atp_rankings_2026_03_30.csv
2026-03-30,144826,Aziz Dougaz,480,90,-16.0,-46.0,TUN,29,atp_rankings_2026_03_30.csv
2026-03-30,207878,James Story,481,90,-7.0,-15.0,GBR,25,atp_rankings_2026_03_30.csv
2026-03-30,202113,Hikaru Shiraishi,482,90,-17.0,-50.0,JPN,25,atp_rankings_2026_03_30.csv
2026-03-30,208092,Filippo Moroni,483,89,0.0,5.0,ITA,25,atp_rankings_2026_03_30.csv
2026-03-30,211530,Tomasz Berkieta,484,89,-2.0,1.0,POL,19,atp_rankings_2026_03_30.csv
2026-03-30,211636,Lucio Ratti,485,89,17.0,64.0,ARG,22,atp_rankings_2026_03_30.csv
2026-03-30,207708,Dusan Obradovic,486,89,0.0,4.0,SRB,25,atp_rankings_2026_03_30.csv
2026-03-30,135753,Patrick Maloney,487,88,-6.0,-11.0,USA,26,atp_rankings_2026_03_30.csv
2026-03-30,210393,Maxim Zhukov,488,88,9.0,32.0,RUS,21,atp_rankings_2026_03_30.csv
2026-03-30,207834,Juan Alejandro Hernandez Serrano,489,88,-16.0,-50.0,MEX,26,atp_rankings_2026_03_30.csv
2026-03-30,209362,Aristotelis Thanos,490,87,0.0,6.0,GRE,24,atp_rankings_2026_03_30.csv
2026-03-30,210714,Robin Catry,491,87,2.0,8.0,FRA,24,atp_rankings_2026_03_30.csv
2026-03-30,202356,Tsung Hao Huang,492,87,-1.0,0.0,TPE,26,atp_rankings_2026_03_30.csv
2026-03-30,111202,Hyeon Chung,493,86,-30.0,-89.0,KOR,29,atp_rankings_2026_03_30.csv
2026-03-30,209264,Pietro Fellin,494,86,-14.0,-41.0,ITA,24,atp_rankings_2026_03_30.csv
2026-03-30,207764,Ryan Nijboer,495,86,-2.0,0.0,NED,26,atp_rankings_2026_03_30.csv
2026-03-30,202354,Matthew Dellavedova,496,86,2.0,12.0,AUS,25,atp_rankings_2026_03_30.csv
2026-03-30,105671,Gastao Elias,497,85,-8.0,-17.0,POR,35,atp_rankings_2026_03_30.csv
2026-03-30,210250,Erik Arutiunian,498,85,-8.0,-17.0,BLR,21,atp_rankings_2026_03_30.csv
2026-03-30,200366,Olukayode Alafia Damina Ayeni,499,85,17.0,68.0,USA,26,atp_rankings_2026_03_30.csv
2026-03-30,207490,Carlos Lopez Montagud,500,85,0.0,0.0,ESP,25,atp_rankings_2026_03_30.csv
2026-03-30,148679,Henry Bernet,501,84,0.0,1.0,SUI,19,atp_rankings_2026_03_30.csv
2026-03-30,126208,Yusuke Takahashi,502,84,0.0,2.0,JPN,28,atp_rankings_2026_03_30.csv
2026-03-30,101495,Miguel Tobon,503,84,15.0,60.0,COL,19,atp_rankings_2026_03_30.csv
2026-03-30,127123,Mateus Alves,504,84,3.0,10.0,BRA,25,atp_rankings_2026_03_30.csv
2026-03-30,117359,Jake Delaney,505,84,-1.0,-4.0,AUS,28,atp_rankings_2026_03_30.csv
2026-03-30,207605,Jakub Paul,506,83,5.0,16.0,SUI,27,atp_rankings_2026_03_30.csv
2026-03-30,208044,Etienne Donnet,507,83,-16.0,-51.0,FRA,25,atp_rankings_2026_03_30.csv
2026-03-30,213635,Jacopo Vasami,508,83,12.0,46.0,ITA,18,atp_rankings_2026_03_30.csv
2026-03-30,210107,Bor Artnak,509,83,-8.0,-25.0,SLO,21,atp_rankings_2026_03_30.csv
2026-03-30,209254,Valerio Aboian,510,83,-14.0,-46.0,ARG,23,atp_rankings_2026_03_30.csv
2026-03-30,208457,Radu Mihai Papoe,511,83,15.0,55.0,ROU,23,atp_rankings_2026_03_30.csv
2026-03-30,212090,Sergio Callejon Hernando,512,83,0.0,-1.0,ESP,21,atp_rankings_2026_03_30.csv
2026-03-30,207998,Takuya Kumasaka,513,83,-11.0,-35.0,JPN,27,atp_rankings_2026_03_30.csv
2026-03-30,209506,Francesco Forti,514,82,20.0,86.0,ITA,26,atp_rankings_2026_03_30.csv
2026-03-30,211621,Arthur Nagel,515,82,5.0,14.0,FRA,22,atp_rankings_2026_03_30.csv
2026-03-30,210425,Svyatoslav Gulin,516,81,-22.0,-73.0,RUS,23,atp_rankings_2026_03_30.csv
2026-03-30,209518,Tibo Colson,517,81,7.0,21.0,BEL,25,atp_rankings_2026_03_30.csv
2026-03-30,126627,Johan Nikles,518,81,8.0,28.0,SUI,29,atp_rankings_2026_03_30.csv
2026-03-30,210470,Tai Sach,519,81,6.0,15.0,AUS,23,atp_rankings_2026_03_30.csv
2026-03-30,207657,Tristan Mccormick,520,81,-1.0,-7.0,USA,26,atp_rankings_2026_03_30.csv
2026-03-30,200070,Kirill Kivattsev,521,81,14.0,59.0,RUS,28,atp_rankings_2026_03_30.csv
2026-03-30,105806,Mirza Basic,522,80,-3.0,-13.0,BIH,34,atp_rankings_2026_03_30.csv
2026-03-30,126183,Mariano Kestelboim,523,80,-10.0,-36.0,ARG,30,atp_rankings_2026_03_30.csv
2026-03-30,208230,Alibek Kachmazov,524,79,0.0,-5.0,RUS,23,atp_rankings_2026_03_30.csv
2026-03-30,207760,Anton Matusevich,525,79,7.0,22.0,GBR,24,atp_rankings_2026_03_30.csv
2026-03-30,208158,Dominik Palan,526,79,-1.0,-9.0,CZE,25,atp_rankings_2026_03_30.csv
2026-03-30,210034,Shunsuke Mitsui,527,78,0.0,-3.0,JPN,23,atp_rankings_2026_03_30.csv
2026-03-30,211639,Alejo Sanchez Quilez,528,78,1.0,-1.0,ESP,20,atp_rankings_2026_03_30.csv
2026-03-30,200550,Vladyslav Orlov,529,78,-4.0,-17.0,UKR,30,atp_rankings_2026_03_30.csv
2026-03-30,206325,Pedro Vives Marcos,530,77,0.0,-5.0,ESP,24,atp_rankings_2026_03_30.csv
2026-03-30,206912,Stuart Parker,531,77,-1.0,-8.0,GBR,28,atp_rankings_2026_03_30.csv
2026-03-30,211628,Koki Matsuda,532,77,1.0,-2.0,JPN,25,atp_rankings_2026_03_30.csv
2026-03-30,106172,Maxime Chazal,533,76,2.0,4.0,FRA,32,atp_rankings_2026_03_30.csv
2026-03-30,207987,Ryuki Matsuda,534,76,-1.0,-8.0,JPN,26,atp_rankings_2026_03_30.csv
2026-03-30,124154,Sasi Kumar Mukund,535,76,3.0,10.0,IND,29,atp_rankings_2026_03_30.csv
2026-03-30,209863,Leo Borg,536,76,12.0,56.0,SWE,22,atp_rankings_2026_03_30.csv
2026-03-30,208322,Eric Vanshelboim,537,76,0.0,-6.0,UKR,24,atp_rankings_2026_03_30.csv
2026-03-30,212268,Max Schoenhaus,538,75,0.0,-6.0,GER,18,atp_rankings_2026_03_30.csv
2026-03-30,200216,Giovanni Fonio,539,75,-5.0,-24.0,ITA,27,atp_rankings_2026_03_30.csv
2026-03-30,202326,Ivan Marrero Curbelo,540,75,1.0,-1.0,ESP,27,atp_rankings_2026_03_30.csv
2026-03-30,208431,Semen Pankin,541,75,3.0,7.0,RUS,26,atp_rankings_2026_03_30.csv
2026-03-30,208297,Maxwell Mckennon,542,75,1.0,1.0,USA,23,atp_rankings_2026_03_30.csv
2026-03-30,133997,Sergi Perez Contri,543,75,8.0,35.0,ESP,28,atp_rankings_2026_03_30.csv
2026-03-30,134457,Nicolas Moreno De Alboran,544,74,0.0,-9.0,USA,28,atp_rankings_2026_03_30.csv
2026-03-30,211898,Mae Malige,545,74,-13.0,-47.0,FRA,20,atp_rankings_2026_03_30.csv
2026-03-30,212785,Carlos Maria Zarate,546,74,7.0,29.0,ARG,,atp_rankings_2026_03_30.csv
2026-03-30,208253,Niels Visker,547,74,0.0,-3.0,NED,24,atp_rankings_2026_03_30.csv
2026-03-30,126125,Maxime Janvier,548,73,1.0,2.0,FRA,29,atp_rankings_2026_03_30.csv
2026-03-30,210650,Stefan Adrian Andreescu,549,72,-7.0,-28.0,ROU,24,atp_rankings_2026_03_30.csv
2026-03-30,209302,Peter Fajta,550,71,0.0,5.0,HUN,23,atp_rankings_2026_03_30.csv
2026-03-30,212051,Joaquin  Aguilar Cardozo,551,71,-3.0,-11.0,URU,20,atp_rankings_2026_03_30.csv
2026-03-30,209191,Oleksandr Ovcharenko,552,71,-3.0,-10.0,UKR,24,atp_rankings_2026_03_30.csv
2026-03-30,209871,Amr Elsayed Abdou Ahmed Mohamed,553,71,-1.0,-2.0,EGY,27,atp_rankings_2026_03_30.csv
2026-03-30,210121,Kokoro Isomura,554,71,0.0,3.0,JPN,23,atp_rankings_2026_03_30.csv
2026-03-30,210730,Reda Bennani,555,70,1.0,6.0,MAR,19,atp_rankings_2026_03_30.csv
2026-03-30,210731,Filip Jeff Planinsek,556,70,0.0,3.0,SLO,24,atp_rankings_2026_03_30.csv
2026-03-30,212531,Nicolas Arseneault,557,69,-10.0,-39.0,CAN,19,atp_rankings_2026_03_30.csv
2026-03-30,200661,Yuki Mochizuki,558,69,-2.0,-2.0,JPN,28,atp_rankings_2026_03_30.csv
2026-03-30,132744,Alberto Barroso Campos,559,69,0.0,5.0,ESP,29,atp_rankings_2026_03_30.csv
2026-03-30,207803,Igor Gimenez,560,69,-1.0,0.0,BRA,26,atp_rankings_2026_03_30.csv
2026-03-30,144970,Constantin Bittoun Kouzmine,561,69,0.0,4.0,FRA,27,atp_rankings_2026_03_30.csv
2026-03-30,209251,Stefan Popovic,562,69,-3.0,-10.0,SRB,22,atp_rankings_2026_03_30.csv
2026-03-30,126523,Bernabe Zapata Miralles,563,68,-20.0,-72.0,ESP,29,atp_rankings_2026_03_30.csv
2026-03-30,126762,Aleksandre Bakshi,564,68,3.0,20.0,GEO,28,atp_rankings_2026_03_30.csv
2026-03-30,206662,Georgii Kravchenko,565,68,-6.0,-24.0,UKR,25,atp_rankings_2026_03_30.csv
2026-03-30,144923,Louis Wessels,566,68,4.0,28.0,GER,27,atp_rankings_2026_03_30.csv
2026-03-30,106310,Alexander Ritschard,567,67,0.0,4.0,SUI,32,atp_rankings_2026_03_30.csv
2026-03-30,207907,Arda Azkara,568,67,0.0,4.0,TUR,23,atp_rankings_2026_03_30.csv
2026-03-30,200214,Alan Fernando Rubio Fierros,569,67,0.0,4.0,MEX,27,atp_rankings_2026_03_30.csv
2026-03-30,202398,Michael Vrbensky,570,67,-1.0,-2.0,CZE,26,atp_rankings_2026_03_30.csv
2026-03-30,106168,Sidharth Rawat,571,67,18.0,109.0,IND,32,atp_rankings_2026_03_30.csv
2026-03-30,212305,Juan Cruz Martin Manzano,572,67,6.0,34.0,ITA,21,atp_rankings_2026_03_30.csv
2026-03-30,210668,Massimo Giunta,573,67,0.0,4.0,ITA,21,atp_rankings_2026_03_30.csv
2026-03-30,209142,Sebastian Gima,574,67,0.0,5.0,ROU,23,atp_rankings_2026_03_30.csv
2026-03-30,200572,Nick Hardt,575,66,-2.0,-6.0,DOM,25,atp_rankings_2026_03_30.csv
2026-03-30,200014,Digvijaypratap Singh,576,66,0.0,5.0,IND,25,atp_rankings_2026_03_30.csv
2026-03-30,207202,Karl Poling,577,66,-2.0,-7.0,USA,26,atp_rankings_2026_03_30.csv
2026-03-30,105944,Juan Sebastian Gomez,578,65,0.0,4.0,COL,34,atp_rankings_2026_03_30.csv
2026-03-30,110618,Elmar Ejupovic,579,65,-5.0,-21.0,GER,33,atp_rankings_2026_03_30.csv
2026-03-30,200096,Dragos Nicolae Madaras,580,65,0.0,3.0,SWE,28,atp_rankings_2026_03_30.csv
2026-03-30,144985,Ergi Kirkin,581,65,5.0,27.0,TUR,27,atp_rankings_2026_03_30.csv
2026-03-30,210025,Branko Djuric,582,65,-15.0,-66.0,SRB,21,atp_rankings_2026_03_30.csv
2026-03-30,208605,Mario Gonzalez Fernandez,583,65,0.0,6.0,ESP,23,atp_rankings_2026_03_30.csv
2026-03-30,210029,Bruno Kuzuhara,584,65,0.0,6.0,USA,21,atp_rankings_2026_03_30.csv
2026-03-30,212174,Enzo Aguiard,585,64,25.0,175.0,AUS,23,atp_rankings_2026_03_30.csv
2026-03-30,210054,Matthew William Donald,586,64,-1.0,2.0,CZE,21,atp_rankings_2026_03_30.csv
2026-03-30,207220,Taha Baadi,587,64,0.0,6.0,CAN,24,atp_rankings_2026_03_30.csv
2026-03-30,208063,Paulo Andre Saraiva Dos Santos,588,64,1.0,10.0,BRA,25,atp_rankings_2026_03_30.csv
2026-03-30,202150,Dan Alexandru Tomescu,589,63,0.0,6.0,ROU,27,atp_rankings_2026_03_30.csv
2026-03-30,207884,Arthur Bouquier,590,63,0.0,6.0,FRA,25,atp_rankings_2026_03_30.csv
2026-03-30,207601,Manuel Mazza,591,63,-4.0,-17.0,ITA,26,atp_rankings_2026_03_30.csv
2026-03-30,208071,Oleksii Krutykh,592,63,5.0,27.0,UKR,26,atp_rankings_2026_03_30.csv
2026-03-30,211727,Pavle Marinkov,593,63,-12.0,-60.0,AUS,20,atp_rankings_2026_03_30.csv
2026-03-30,200713,Federico Iannaccone,594,63,2.0,13.0,ITA,27,atp_rankings_2026_03_30.csv
2026-03-30,134329,Blake Ellis,595,62,-33.0,-124.0,AUS,27,atp_rankings_2026_03_30.csv
2026-03-30,207793,Alec Deckers,596,62,1.0,9.0,NED,25,atp_rankings_2026_03_30.csv
2026-03-30,212258,Adhithya Ganesan,597,62,0.0,4.0,USA,20,atp_rankings_2026_03_30.csv
2026-03-30,213149,Felix Balshaw,598,62,0.0,5.0,FRA,19,atp_rankings_2026_03_30.csv
2026-03-30,210498,Gerard Campana Lee,599,62,0.0,5.0,KOR,21,atp_rankings_2026_03_30.csv
2026-03-30,208586,Joshua Sheehy,600,61,-10.0,-47.0,USA,29,atp_rankings_2026_03_30.csv
2026-03-30,209185,Alessandro Pecci,601,61,16.0,111.0,ITA,25,atp_rankings_2026_03_30.csv
2026-03-30,207704,Alex Marti Pujolras,602,61,-8.0,-40.0,ESP,27,atp_rankings_2026_03_30.csv
2026-03-30,212788,Amir Omarkhanov,603,61,23.0,168.0,KAZ,18,atp_rankings_2026_03_30.csv
2026-03-30,212190,Karol Filar,604,60,2.0,16.0,POL,27,atp_rankings_2026_03_30.csv
2026-03-30,126723,Denys Klok,605,60,0.0,5.0,RUS,27,atp_rankings_2026_03_30.csv
2026-03-30,211756,Michal Krajci,606,60,-7.0,-30.0,SVK,21,atp_rankings_2026_03_30.csv
2026-03-30,131934,Andrea Vavassori,607,59,0.0,4.0,ITA,30,atp_rankings_2026_03_30.csv
2026-03-30,210545,Luis Carlos Alvarez,608,59,0.0,4.0,MEX,21,atp_rankings_2026_03_30.csv
2026-03-30,105575,Ricardas Berankis,609,59,0.0,4.0,LTU,35,atp_rankings_2026_03_30.csv
2026-03-30,208854,Aidan Mayo,610,59,-3.0,-11.0,USA,22,atp_rankings_2026_03_30.csv
2026-03-30,200255,Alexander Weis,611,59,0.0,3.0,ITA,28,atp_rankings_2026_03_30.csv
2026-03-30,210687,Pawit Sornlaksup,612,59,-6.0,-25.0,THA,26,atp_rankings_2026_03_30.csv
2026-03-30,202209,Imanol Lopez Morillo,613,59,1.0,10.0,ESP,26,atp_rankings_2026_03_30.csv
2026-03-30,209338,Daniel Siniakov,614,58,1.0,12.0,CZE,23,atp_rankings_2026_03_30.csv
2026-03-30,210083,Jakub Nicod,615,58,1.0,12.0,CZE,21,atp_rankings_2026_03_30.csv
2026-03-30,209120,Yassine Dlimi,616,58,0.0,-1.0,MAR,22,atp_rankings_2026_03_30.csv
2026-03-30,208876,Egor Agafonov,617,58,0.0,1.0,RUS,23,atp_rankings_2026_03_30.csv
2026-03-30,209866,Karlis Ozolins,618,58,15.0,111.0,LAT,23,atp_rankings_2026_03_30.csv
2026-03-30,207239,Nikolay Vylegzhanin,619,58,-25.0,-109.0,RUS,25,atp_rankings_2026_03_30.csv
2026-03-30,133794,S D Prajwal Dev,620,58,-4.0,-18.0,IND,29,atp_rankings_2026_03_30.csv
2026-03-30,134120,Kuan Yi Lee,621,58,0.0,0.0,TPE,29,atp_rankings_2026_03_30.csv
2026-03-30,209510,Nino Ehrenschneider,622,58,0.0,0.0,GER,24,atp_rankings_2026_03_30.csv
2026-03-30,144907,Adrian Oetzbach,623,58,3.0,15.0,GER,28,atp_rankings_2026_03_30.csv
2026-03-30,124040,Colin Sinclair,624,58,14.0,99.0,NMI,31,atp_rankings_2026_03_30.csv
2026-03-30,200297,Aziz Ouakaa,625,58,0.0,-1.0,TUN,26,atp_rankings_2026_03_30.csv
2026-03-30,200218,Mate Valkusz,626,57,0.0,-1.0,HUN,27,atp_rankings_2026_03_30.csv
2026-03-30,210726,Cesar Bouchelaghem,627,57,0.0,1.0,FRA,21,atp_rankings_2026_03_30.csv
2026-03-30,202366,Tadeas Paroulek,628,57,-8.0,-42.0,CZE,26,atp_rankings_2026_03_30.csv
2026-03-30,200445,Maxence Beauge,629,57,0.0,0.0,FRA,25,atp_rankings_2026_03_30.csv
2026-03-30,212598,Emilien Demanet,630,57,0.0,0.0,BEL,20,atp_rankings_2026_03_30.csv
2026-03-30,208153,Giuseppe La Vela,631,57,0.0,0.0,ITA,25,atp_rankings_2026_03_30.csv
2026-03-30,211501,Kenta Miyoshi,632,56,0.0,0.0,JPN,22,atp_rankings_2026_03_30.csv
2026-03-30,212749,Andres Santamarta Roig,633,56,-2.0,-16.0,ESP,19,atp_rankings_2026_03_30.csv
2026-03-30,211543,Lorenzo Sciahbasi,634,56,0.0,-1.0,ITA,20,atp_rankings_2026_03_30.csv
2026-03-30,207664,Luca Staeheli,635,56,0.0,-1.0,SUI,26,atp_rankings_2026_03_30.csv
2026-03-30,105339,Yan Bai,636,55,-19.0,-100.0,CHN,36,atp_rankings_2026_03_30.csv
2026-03-30,208426,Tiago Torres,637,55,2.0,14.0,POR,23,atp_rankings_2026_03_30.csv
2026-03-30,209959,Woobin Shin,638,55,-10.0,-53.0,KOR,22,atp_rankings_2026_03_30.csv
2026-03-30,105814,Maximilian Neuchrist,639,55,-5.0,-30.0,AUT,34,atp_rankings_2026_03_30.csv
2026-03-30,209971,Michael Bassem Sobhy,640,55,3.0,19.0,EGY,21,atp_rankings_2026_03_30.csv
2026-03-30,122113,Yurii Dzhavakian,641,55,1.0,7.0,UKR,32,atp_rankings_2026_03_30.csv
2026-03-30,208343,Andrew Paulson,642,54,0.0,-3.0,CZE,24,atp_rankings_2026_03_30.csv
2026-03-30,211550,Yusuke Kusuhara,643,54,0.0,-2.0,JPN,28,atp_rankings_2026_03_30.csv
2026-03-30,213001,Mika Petkovic,644,54,0.0,1.0,GER,19,atp_rankings_2026_03_30.csv
2026-03-30,132831,Giovanni Oradini,645,54,0.0,1.0,ITA,28,atp_rankings_2026_03_30.csv
2026-03-30,208909,Johan Alexander Rodriguez Rodriguez,646,53,0.0,3.0,COL,22,atp_rankings_2026_03_30.csv
2026-03-30,106264,Karue Sell,647,53,0.0,3.0,BRA,32,atp_rankings_2026_03_30.csv
2026-03-30,200665,Yuta Kawahashi,648,53,-2.0,-11.0,JPN,28,atp_rankings_2026_03_30.csv
2026-03-30,211618,Jan Kumstat,649,53,-1.0,-7.0,CZE,19,atp_rankings_2026_03_30.csv
2026-03-30,209517,Igor Kudriashov,650,53,0.0,2.0,RUS,22,atp_rankings_2026_03_30.csv
2026-03-30,212157,Timofei Derepasko,651,53,2.0,13.0,RUS,19,atp_rankings_2026_03_30.csv
2026-03-30,125806,Dominik Kellovsky,652,53,-1.0,-9.0,CZE,29,atp_rankings_2026_03_30.csv
2026-03-30,210218,Bruno Fernandez,653,53,7.0,50.0,BRA,21,atp_rankings_2026_03_30.csv
2026-03-30,211901,Yanis Ghazouani Durand,654,53,2.0,12.0,FRA,25,atp_rankings_2026_03_30.csv
2026-03-30,105948,Federico Coria,655,52,0.0,-1.0,ARG,34,atp_rankings_2026_03_30.csv
2026-03-30,210320,Kyle Kang,656,52,0.0,-1.0,USA,21,atp_rankings_2026_03_30.csv
2026-03-30,210077,Aidan Kim,657,52,0.0,-1.0,USA,21,atp_rankings_2026_03_30.csv
2026-03-30,106137,Tristan Lamasine,658,52,-3.0,-23.0,FRA,33,atp_rankings_2026_03_30.csv
2026-03-30,212886,Radu David Turcanu,659,52,0.0,-1.0,ROU,20,atp_rankings_2026_03_30.csv
2026-03-30,209163,Emile Hudd,660,52,4.0,24.0,GBR,25,atp_rankings_2026_03_30.csv
2026-03-30,207893,Daniel De Jonge,661,52,2.0,8.0,NED,26,atp_rankings_2026_03_30.csv
2026-03-30,210599,Ryan Dickerson,662,52,0.0,-2.0,USA,28,atp_rankings_2026_03_30.csv
2026-03-30,211324,Mitsuki Wei Kang Leong,663,52,0.0,-2.0,MAS,21,atp_rankings_2026_03_30.csv
2026-03-30,207660,Nicholas David Ionel,664,52,-2.0,-17.0,ROU,23,atp_rankings_2026_03_30.csv
2026-03-30,211673,Duncan Chan,665,51,0.0,-3.0,CAN,20,atp_rankings_2026_03_30.csv
2026-03-30,211767,James Watt,666,51,0.0,-3.0,NZL,25,atp_rankings_2026_03_30.csv
2026-03-30,210721,Iliyan Radulov,667,51,-13.0,-76.0,BUL,20,atp_rankings_2026_03_30.csv
2026-03-30,111788,Naoki Nakagawa,668,51,2.0,10.0,JPN,29,atp_rankings_2026_03_30.csv
2026-03-30,212029,Dimitris Sakellaridis,669,51,0.0,-2.0,GRE,19,atp_rankings_2026_03_30.csv
2026-03-30,212405,Gavin Young,670,50,0.0,-2.0,USA,23,atp_rankings_2026_03_30.csv
2026-03-30,122495,Shintaro Imai,671,50,-4.0,-31.0,JPN,32,atp_rankings_2026_03_30.csv
2026-03-30,144751,Rigele Te,672,50,5.0,38.0,CHN,28,atp_rankings_2026_03_30.csv
2026-03-30,209043,Yuta Kikuchi,673,50,4.0,27.0,JPN,26,atp_rankings_2026_03_30.csv
2026-03-30,208411,Daniel Antonio Nunez,674,50,3.0,20.0,CHI,24,atp_rankings_2026_03_30.csv
2026-03-30,207994,Chase Ferguson,675,50,0.0,-5.0,AUS,27,atp_rankings_2026_03_30.csv
2026-03-30,209140,Millen Hurrion,676,50,1.0,5.0,GBR,26,atp_rankings_2026_03_30.csv
2026-03-30,200086,Toufik Sahtali,677,50,0.0,-4.0,ALG,27,atp_rankings_2026_03_30.csv
2026-03-30,208168,Nicolas Tepmahc,678,50,0.0,-4.0,FRA,24,atp_rankings_2026_03_30.csv
2026-03-30,207181,Govind Nanda,679,49,0.0,-3.0,USA,25,atp_rankings_2026_03_30.csv
2026-03-30,213003,Pierluigi Basile,680,49,0.0,-3.0,ITA,19,atp_rankings_2026_03_30.csv
2026-03-30,125802,Ilya Ivashka,681,49,3.0,17.0,BLR,32,atp_rankings_2026_03_30.csv
2026-03-30,210686,Michael Agwi,682,49,1.0,1.0,IRL,22,atp_rankings_2026_03_30.csv
2026-03-30,210505,Marcel Zielinski,683,49,-1.0,-12.0,POL,25,atp_rankings_2026_03_30.csv
2026-03-30,210604,Loann Massard,684,49,-2.0,-19.0,FRA,20,atp_rankings_2026_03_30.csv
2026-03-30,208126,John Echeverria,685,48,1.0,10.0,ESP,24,atp_rankings_2026_03_30.csv
2026-03-30,207557,Maik Steiner,686,48,0.0,0.0,GER,31,atp_rankings_2026_03_30.csv
2026-03-30,212070,Ali Yazdani,687,48,0.0,0.0,IRI,22,atp_rankings_2026_03_30.csv
2026-03-30,202148,Michiel De Krom,688,48,-1.0,-6.0,NED,27,atp_rankings_2026_03_30.csv
2026-03-30,210223,Leonardo Rossi,689,48,0.0,-1.0,ITA,23,atp_rankings_2026_03_30.csv
2026-03-30,207407,Peter Makk,690,47,0.0,1.0,HUN,24,atp_rankings_2026_03_30.csv
2026-03-30,126209,Peter Bertran,691,47,3.0,27.0,DOM,30,atp_rankings_2026_03_30.csv
2026-03-30,205842,Arthur Reymond,692,47,0.0,0.0,FRA,26,atp_rankings_2026_03_30.csv
2026-03-30,209385,Samuel Vincent Ruggeri,693,47,6.0,52.0,ITA,23,atp_rankings_2026_03_30.csv
2026-03-30,200030,Facundo Juarez,694,47,-2.0,-15.0,ITA,28,atp_rankings_2026_03_30.csv
2026-03-30,126335,Sora Fukuda,695,47,2.0,18.0,JPN,28,atp_rankings_2026_03_30.csv
2026-03-30,208099,Santiago De La Fuente,696,47,2.0,15.0,ARG,24,atp_rankings_2026_03_30.csv
2026-03-30,210744,Kaylan Bigun,697,47,0.0,-4.0,USA,19,atp_rankings_2026_03_30.csv
2026-03-30,212784,Maximo Zeitune,698,47,3.0,21.0,ARG,19,atp_rankings_2026_03_30.csv
2026-03-30,210447,Leo Raquillet,699,47,-1.0,-14.0,FRA,20,atp_rankings_2026_03_30.csv
2026-03-30,133820,Ignacio Monzon,700,47,6.0,50.0,ARG,28,atp_rankings_2026_03_30.csv
2026-03-30,126177,Strong Kirchheimer,701,47,1.0,5.0,USA,30,atp_rankings_2026_03_30.csv
2026-03-30,210672,Leo Vithoontien,702,47,1.0,3.0,JPN,26,atp_rankings_2026_03_30.csv
2026-03-30,210295,Cooper Williams,703,46,0.0,-7.0,USA,20,atp_rankings_2026_03_30.csv
2026-03-30,200574,Alexander Donski,704,46,0.0,-7.0,BUL,27,atp_rankings_2026_03_30.csv
2026-03-30,208931,Toby Alex Kodat,705,46,-6.0,-48.0,USA,23,atp_rankings_2026_03_30.csv
2026-03-30,210063,Matyas Cerny,706,46,4.0,29.0,CZE,24,atp_rankings_2026_03_30.csv
2026-03-30,211409,Guillaume Dalmasso,707,46,1.0,10.0,FRA,23,atp_rankings_2026_03_30.csv
2026-03-30,106378,Kyle Edmund,708,45,0.0,-1.0,GBR,31,atp_rankings_2026_03_30.csv
2026-03-30,212104,Pablo Martinez Gomez,709,45,0.0,-1.0,ESP,20,atp_rankings_2026_03_30.csv
2026-03-30,212969,Matisse Bobichon,710,45,0.0,-1.0,FRA,24,atp_rankings_2026_03_30.csv
2026-03-30,210715,Yaroslav Demin,711,45,-1.0,-12.0,RUS,20,atp_rankings_2026_03_30.csv
2026-03-30,202154,Uisung Park,712,45,0.0,2.0,KOR,25,atp_rankings_2026_03_30.csv
2026-03-30,149145,Matteo Covato,713,45,1.0,11.0,ITA,20,atp_rankings_2026_03_30.csv
2026-03-30,212286,Rodrigo Alujas,714,45,0.0,2.0,MEX,23,atp_rankings_2026_03_30.csv
2026-03-30,202168,Ye Cong Mo,715,44,-9.0,-62.0,CHN,25,atp_rankings_2026_03_30.csv
2026-03-30,202418,Stijn Slump,716,44,0.0,4.0,NED,27,atp_rankings_2026_03_30.csv
2026-03-30,210398,Gabriele Pennaforti,717,44,-2.0,-15.0,ITA,25,atp_rankings_2026_03_30.csv
2026-03-30,210629,Alejandro Juan Mano,718,44,0.0,3.0,ESP,21,atp_rankings_2026_03_30.csv
2026-03-30,200325,Emil Ruusuvuori,719,43,0.0,6.0,FIN,26,atp_rankings_2026_03_30.csv
2026-03-30,123993,Lucas Gerch,720,43,0.0,8.0,GER,31,atp_rankings_2026_03_30.csv
2026-03-30,213178,Cruz Hewitt,721,43,8.0,68.0,AUS,17,atp_rankings_2026_03_30.csv
2026-03-30,212244,Gabriel Ghetu,722,43,-2.0,-7.0,ROU,18,atp_rankings_2026_03_30.csv
2026-03-30,202277,Damien Wenger,723,42,-16.0,-107.0,SUI,26,atp_rankings_2026_03_30.csv
2026-03-30,211524,Abel Forger,724,42,-4.0,-23.0,NED,20,atp_rankings_2026_03_30.csv
2026-03-30,211758,Matthew Summers,725,42,0.0,16.0,GBR,27,atp_rankings_2026_03_30.csv
2026-03-30,207776,William Grant,726,42,-12.0,-82.0,USA,25,atp_rankings_2026_03_30.csv
2026-03-30,202346,Ben Jones,727,42,0.0,15.0,GBR,27,atp_rankings_2026_03_30.csv
2026-03-30,212831,Samuel Heredia,728,42,0.0,15.0,COL,19,atp_rankings_2026_03_30.csv
2026-03-30,111505,Enzo Couacaud,729,41,-6.0,-40.0,FRA,31,atp_rankings_2026_03_30.csv
2026-03-30,208819,Max Hans Rehberg,730,41,-8.0,-55.0,GER,22,atp_rankings_2026_03_30.csv
2026-03-30,211558,Karim Bennani,731,41,1.0,24.0,MAR,18,atp_rankings_2026_03_30.csv
2026-03-30,209394,Anton Shepp,732,41,15.0,151.0,NZL,23,atp_rankings_2026_03_30.csv
2026-03-30,209867,Daniil Ostapenkov,733,41,0.0,13.0,BLR,22,atp_rankings_2026_03_30.csv
2026-03-30,132017,Mwendwa Mbithi,734,41,0.0,13.0,USA,28,atp_rankings_2026_03_30.csv
2026-03-30,207535,Marlon Vankan,735,41,-2.0,-5.0,GER,25,atp_rankings_2026_03_30.csv
2026-03-30,202230,Maxence Bertimon,736,41,-3.0,-14.0,FRA,26,atp_rankings_2026_03_30.csv
2026-03-30,208386,Matt Kuhar,737,41,-1.0,2.0,USA,29,atp_rankings_2026_03_30.csv
2026-03-30,210537,Josip Simundza,738,41,-1.0,2.0,CRO,21,atp_rankings_2026_03_30.csv
2026-03-30,212160,Ryan Fishback,739,41,1.0,18.0,USA,23,atp_rankings_2026_03_30.csv
2026-03-30,210200,Yanaki Milev,740,41,0.0,9.0,BUL,21,atp_rankings_2026_03_30.csv
2026-03-30,134389,Tim Handel,741,41,0.0,11.0,GER,29,atp_rankings_2026_03_30.csv
2026-03-30,109739,Maximilian Marterer,742,40,0.0,11.0,GER,30,atp_rankings_2026_03_30.csv
2026-03-30,138485,Conner Huertas Del Pino,743,40,-2.0,-10.0,PER,30,atp_rankings_2026_03_30.csv
2026-03-30,134794,Alexis Gautier,744,40,0.0,10.0,FRA,28,atp_rankings_2026_03_30.csv
2026-03-30,209124,Blu Baker,745,40,-3.0,-18.0,GBR,24,atp_rankings_2026_03_30.csv
2026-03-30,126939,Khumoun Sultanov,746,40,0.0,10.0,UZB,27,atp_rankings_2026_03_30.csv
2026-03-30,200270,Alex Knaff,747,40,-23.0,-150.0,LUX,28,atp_rankings_2026_03_30.csv
2026-03-30,105700,Jose Pereira,748,40,-2.0,-12.0,BRA,35,atp_rankings_2026_03_30.csv
2026-03-30,207134,Fitriadi M Rifqi,749,40,1.0,14.0,INA,27,atp_rankings_2026_03_30.csv
2026-03-30,209246,Alan Magadan,750,40,8.0,68.0,MEX,24,atp_rankings_2026_03_30.csv
2026-03-30,212603,Benjamin Torrealba,751,40,-3.0,-19.0,CHI,20,atp_rankings_2026_03_30.csv
2026-03-30,209128,Diego Augusto Barreto Sanchez,752,40,-1.0,-1.0,ESP,23,atp_rankings_2026_03_30.csv
2026-03-30,210048,Pierre Yves Bailly,753,39,0.0,6.0,BEL,22,atp_rankings_2026_03_30.csv
2026-03-30,209416,Juan Carlos Aguilar,754,39,0.0,8.0,CAN,27,atp_rankings_2026_03_30.csv
2026-03-30,208861,Keisuke Saitoh,755,39,-3.0,-17.0,JPN,24,atp_rankings_2026_03_30.csv
2026-03-30,132999,Kai Wehnelt,756,39,0.0,8.0,GER,30,atp_rankings_2026_03_30.csv
2026-03-30,202089,Aleksandr Braynin,757,39,-1.0,1.0,UKR,26,atp_rankings_2026_03_30.csv
2026-03-30,212248,Fryderyk Lechno Wasiutynski,758,38,0.0,7.0,POL,21,atp_rankings_2026_03_30.csv
2026-03-30,210513,Tuncay Duran,759,38,-1.0,2.0,TUR,21,atp_rankings_2026_03_30.csv
2026-03-30,210494,Theo Papamalamis,760,38,0.0,6.0,FRA,20,atp_rankings_2026_03_30.csv
2026-03-30,209904,Alejandro Manzanera Pertusa,761,38,-4.0,-27.0,ESP,22,atp_rankings_2026_03_30.csv
2026-03-30,206922,Luca Wiedenmann,762,38,8.0,77.0,GER,27,atp_rankings_2026_03_30.csv
2026-03-30,208078,Tomas Farjat,763,38,0.0,4.0,ARG,25,atp_rankings_2026_03_30.csv
2026-03-30,209038,Linang Xiao,764,38,5.0,42.0,CHN,26,atp_rankings_2026_03_30.csv
2026-03-30,213062,Nikolai Barsukov,765,38,0.0,4.0,GER,,atp_rankings_2026_03_30.csv
2026-03-30,208265,Pierre Delage,766,38,-8.0,-62.0,FRA,25,atp_rankings_2026_03_30.csv
2026-03-30,104932,Kenny De Schepper,767,38,0.0,3.0,FRA,38,atp_rankings_2026_03_30.csv
2026-03-30,211391,Iannis Miletich,768,38,3.0,23.0,ITA,20,atp_rankings_2026_03_30.csv
2026-03-30,105952,Renzo Olivo,769,37,-18.0,-133.0,ARG,34,atp_rankings_2026_03_30.csv
2026-03-30,144748,Kris Van Wyk,770,37,2.0,20.0,RSA,29,atp_rankings_2026_03_30.csv
2026-03-30,210507,Nicolas Villalon,771,37,15.0,160.0,CHI,22,atp_rankings_2026_03_30.csv
2026-03-30,200632,Evan Zhu,772,37,-4.0,-24.0,USA,27,atp_rankings_2026_03_30.csv
2026-03-30,210145,John Sperle,773,37,5.0,49.0,GER,24,atp_rankings_2026_03_30.csv
2026-03-30,213713,Melios Efstathiou,774,37,0.0,1.0,CYP,,atp_rankings_2026_03_30.csv
2026-03-30,212830,Samuel Alejandro Linde Palacios,775,37,-1.0,-3.0,COL,18,atp_rankings_2026_03_30.csv
2026-03-30,121264,Oscar Jose Gutierrez,776,37,0.0,0.0,BRA,32,atp_rankings_2026_03_30.csv
2026-03-30,208267,Oscar Weightman,777,36,0.0,0.0,GBR,24,atp_rankings_2026_03_30.csv
2026-03-30,210294,Jack Anthrop,778,36,0.0,0.0,USA,22,atp_rankings_2026_03_30.csv
2026-03-30,214590,Nikita Belozertsev,779,36,2.0,14.0,UZB,17,atp_rankings_2026_03_30.csv
2026-03-30,129814,Ivan Ivanov,780,36,0.0,0.0,BUL,17,atp_rankings_2026_03_30.csv
2026-03-30,126185,Evgenii Tiurnev,781,36,0.0,-2.0,RUS,28,atp_rankings_2026_03_30.csv
2026-03-30,200538,Matyas Fuele,782,36,1.0,6.0,HUN,27,atp_rankings_2026_03_30.csv
2026-03-30,110602,Dennis Novak,783,36,0.0,-2.0,AUT,32,atp_rankings_2026_03_30.csv
2026-03-30,210236,Attila Boros,784,36,0.0,-2.0,HUN,22,atp_rankings_2026_03_30.csv
2026-03-30,210086,Lorenzo Angelini,785,36,1.0,7.0,ITA,20,atp_rankings_2026_03_30.csv
2026-03-30,209337,Luca Castagnola,786,36,-14.0,-114.0,ITA,23,atp_rankings_2026_03_30.csv
2026-03-30,212455,Lucas Andrade Da Silva,787,35,0.0,-2.0,BRA,21,atp_rankings_2026_03_30.csv
2026-03-30,210488,Roger Pascual Ferra,788,35,0.0,-2.0,ESP,20,atp_rankings_2026_03_30.csv
2026-03-30,106227,Ji Sung Nam,789,35,-6.0,-45.0,KOR,32,atp_rankings_2026_03_30.csv
2026-03-30,106075,Jozef Kovalik,790,35,-12.0,-100.0,SVK,33,atp_rankings_2026_03_30.csv
2026-03-30,109946,Pedro Rodrigues,791,35,-8.0,-65.0,BRA,19,atp_rankings_2026_03_30.csv
2026-03-30,210242,Ryan Colby,792,35,1.0,2.0,USA,22,atp_rankings_2026_03_30.csv
2026-03-30,209247,Axel Garcian,793,35,-3.0,-25.0,FRA,23,atp_rankings_2026_03_30.csv
2026-03-30,200228,Felix Corwin,794,35,-7.0,-57.0,USA,29,atp_rankings_2026_03_30.csv
2026-03-30,212221,Tianhui Zhang,795,35,-1.0,-12.0,CHN,20,atp_rankings_2026_03_30.csv
2026-03-30,209164,Lorenzo Rottoli,796,35,-1.0,-12.0,ITA,24,atp_rankings_2026_03_30.csv
2026-03-30,209985,Amaury Raynel,797,35,-8.0,-66.0,FRA,23,atp_rankings_2026_03_30.csv
2026-03-30,211355,Oskar Brostrom Poulsen,798,34,0.0,-3.0,DEN,24,atp_rankings_2026_03_30.csv
2026-03-30,209198,Gian Luca Tanner,799,34,4.0,38.0,SUI,25,atp_rankings_2026_03_30.csv
2026-03-30,202327,Marko Miladinovic,800,34,0.0,-4.0,SRB,25,atp_rankings_2026_03_30.csv
2026-03-30,210328,Matt Ponchet,801,34,0.0,-4.0,FRA,21,atp_rankings_2026_03_30.csv
2026-03-30,144915,Mikalai Haliak,802,34,-3.0,-29.0,BLR,27,atp_rankings_2026_03_30.csv
2026-03-30,212025,Yannik Kelm,803,34,1.0,6.0,GER,21,atp_rankings_2026_03_30.csv
2026-03-30,208094,Jorge Plans,804,34,0.0,-2.0,ESP,24,atp_rankings_2026_03_30.csv
2026-03-30,206923,Shinji Hazawa,805,34,1.0,3.0,JPN,26,atp_rankings_2026_03_30.csv
2026-03-30,211707,Amit Vales,806,34,5.0,49.0,ISR,20,atp_rankings_2026_03_30.csv
2026-03-30,212285,Albert Pedrico Kravtsov,807,33,0.0,-4.0,ESP,20,atp_rankings_2026_03_30.csv
2026-03-30,210203,Pedro Rodenas,808,33,0.0,-3.0,ESP,22,atp_rankings_2026_03_30.csv
2026-03-30,207456,Dong Ju Kim,809,33,0.0,-5.0,KOR,23,atp_rankings_2026_03_30.csv
2026-03-30,210553,Jacob Bradshaw,810,33,1.0,5.0,AUS,23,atp_rankings_2026_03_30.csv
2026-03-30,209278,Alec Beckley,811,33,-1.0,-13.0,RSA,24,atp_rankings_2026_03_30.csv
2026-03-30,210577,Alejandro Turriziani Alvarez,812,33,0.0,-5.0,ESP,23,atp_rankings_2026_03_30.csv
2026-03-30,208302,Nikola Slavic,813,33,2.0,14.0,SWE,25,atp_rankings_2026_03_30.csv
2026-03-30,212978,Izan Almazan Valiente,814,33,2.0,17.0,ESP,20,atp_rankings_2026_03_30.csv
2026-03-30,208532,Thiago Cigarran,815,33,3.0,31.0,ARG,26,atp_rankings_2026_03_30.csv
2026-03-30,200330,Tomas Curras Abasolo,816,33,1.0,8.0,ESP,25,atp_rankings_2026_03_30.csv
2026-03-30,208925,John Hallquist Lithen,817,33,0.0,-6.0,SWE,24,atp_rankings_2026_03_30.csv
2026-03-30,208147,Alexandre Aubriot,818,33,0.0,-5.0,FRA,26,atp_rankings_2026_03_30.csv
2026-03-30,106397,Wishaya Trongcharoenchaikul,819,33,0.0,-5.0,THA,30,atp_rankings_2026_03_30.csv
2026-03-30,209067,Hunter Heck,820,32,23.0,359.0,USA,23,atp_rankings_2026_03_30.csv
2026-03-30,209099,Kristijan Juhas,821,32,2.0,17.0,SRB,24,atp_rankings_2026_03_30.csv
2026-03-30,209330,Bautista Vilicich,822,32,0.0,-6.0,ARG,24,atp_rankings_2026_03_30.csv
2026-03-30,212203,Luca Preda,823,32,0.0,-6.0,ROU,20,atp_rankings_2026_03_30.csv
2026-03-30,207592,Martin Van Der Meerschen,824,32,-2.0,-25.0,BEL,25,atp_rankings_2026_03_30.csv
2026-03-30,208285,Fausto Tabacco,825,32,1.0,7.0,ITA,23,atp_rankings_2026_03_30.csv
2026-03-30,208277,Taiyo Yamanaka,826,32,0.0,-3.0,JPN,24,atp_rankings_2026_03_30.csv
2026-03-30,209923,Romain Faucon,827,32,0.0,-6.0,BEL,23,atp_rankings_2026_03_30.csv
2026-03-30,210652,Dragos Nicolae Cazacu,828,32,-1.0,-16.0,ROU,22,atp_rankings_2026_03_30.csv
2026-03-30,207736,Arklon Huertas Del Pino,829,31,4.0,37.0,PER,31,atp_rankings_2026_03_30.csv
2026-03-30,213760,Pavel Lagutin,830,31,0.0,-5.0,RUS,21,atp_rankings_2026_03_30.csv
2026-03-30,211566,Patrick Schoen,831,31,2.0,18.0,SUI,20,atp_rankings_2026_03_30.csv
2026-03-30,206921,Scott Jones,832,31,1.0,8.0,AUS,28,atp_rankings_2026_03_30.csv
2026-03-30,132310,Tiago Cacao,833,31,1.0,8.0,POR,28,atp_rankings_2026_03_30.csv
2026-03-30,200176,Manish Sureshkumar,834,31,2.0,16.0,IND,26,atp_rankings_2026_03_30.csv
2026-03-30,208372,Natan Rodrigues,835,31,1.0,7.0,BRA,24,atp_rankings_2026_03_30.csv
2026-03-30,202065,Petros Tsitsipas,836,31,0.0,-10.0,GRE,25,atp_rankings_2026_03_30.csv
2026-03-30,117353,Duck Hee Lee,837,31,0.0,-9.0,KOR,27,atp_rankings_2026_03_30.csv
2026-03-30,105868,Wilson Leite,838,31,0.0,-8.0,BRA,34,atp_rankings_2026_03_30.csv
2026-03-30,210143,Maximilian Homberg,839,31,0.0,-10.0,GER,23,atp_rankings_2026_03_30.csv
2026-03-30,212306,Ignacio Parisca,840,31,-3.0,-39.0,VEN,20,atp_rankings_2026_03_30.csv
2026-03-30,209095,Francisco Rocha,841,31,-6.0,-67.0,POR,26,atp_rankings_2026_03_30.csv
2026-03-30,209360,Samir Hamza Reguig,842,31,0.0,-8.0,ALG,24,atp_rankings_2026_03_30.csv
2026-03-30,214004,Michael Antonius,843,30,25.0,535.0,USA,,atp_rankings_2026_03_30.csv
2026-03-30,212275,Thijs Boogaard,844,30,0.0,-8.0,NED,17,atp_rankings_2026_03_30.csv
2026-03-30,211479,Gustavo Ribeiro De Almeida,845,30,-5.0,-58.0,BRA,19,atp_rankings_2026_03_30.csv
2026-03-30,210254,Adrien Gobat,846,30,0.0,-3.0,FRA,24,atp_rankings_2026_03_30.csv
2026-03-30,206916,Joshua Charlton,847,30,-2.0,-27.0,AUS,26,atp_rankings_2026_03_30.csv
2026-03-30,210424,Michel Hopp,848,30,0.0,-3.0,GER,27,atp_rankings_2026_03_30.csv
2026-03-30,208051,Axel Nefve,849,30,-3.0,-39.0,USA,25,atp_rankings_2026_03_30.csv
2026-03-30,210099,Dinko Dinev,850,30,-1.0,-17.0,BUL,22,atp_rankings_2026_03_30.csv
2026-03-30,106296,Gregoire Barrere,851,29,0.0,-3.0,FRA,32,atp_rankings_2026_03_30.csv
2026-03-30,144841,Christian Sigsgaard,852,29,0.0,-5.0,DEN,29,atp_rankings_2026_03_30.csv
2026-03-30,209882,Jeffrey Von Der Schulenburg,853,29,0.0,-1.0,SUI,24,atp_rankings_2026_03_30.csv
2026-03-30,212288,Vincent Marysko,854,29,0.0,-1.0,GER,20,atp_rankings_2026_03_30.csv
2026-03-30,212071,Kasra Rahmani,855,29,6.0,61.0,IRI,19,atp_rankings_2026_03_30.csv
2026-03-30,210098,Victor Lilov,856,29,-3.0,-37.0,USA,22,atp_rankings_2026_03_30.csv
2026-03-30,202369,Daniel Salazar Martinez,857,29,11.0,129.0,COL,25,atp_rankings_2026_03_30.csv
2026-03-30,208533,Joao Victor Couto Loureiro,858,29,1.0,6.0,BRA,23,atp_rankings_2026_03_30.csv
2026-03-30,210052,Nicolas Zanellato,859,29,4.0,39.0,BRA,24,atp_rankings_2026_03_30.csv
2026-03-30,207383,Taisei Ichikawa,860,29,2.0,18.0,JPN,25,atp_rankings_2026_03_30.csv
2026-03-30,212115,Hoyoung Roh,861,28,0.0,-4.0,KOR,19,atp_rankings_2026_03_30.csv
2026-03-30,213010,Marc Van Der Merwe,862,28,0.0,-4.0,RSA,31,atp_rankings_2026_03_30.csv
2026-03-30,213194,Jack Kennedy,863,28,0.0,-3.0,USA,17,atp_rankings_2026_03_30.csv
2026-03-30,208166,Xiaofei Wang,864,28,0.0,-3.0,CHN,23,atp_rankings_2026_03_30.csv
2026-03-30,209914,Andreja Petrovic,865,28,0.0,-3.0,NOR,26,atp_rankings_2026_03_30.csv
2026-03-30,202258,Rafael Izquierdo Luque,866,28,-1.0,-12.0,ESP,26,atp_rankings_2026_03_30.csv
2026-03-30,207788,Thanapet Chanta,867,28,-6.0,-67.0,THA,26,atp_rankings_2026_03_30.csv
2026-03-30,210623,Jakub Filip,868,28,0.0,-5.0,CZE,20,atp_rankings_2026_03_30.csv
2026-03-30,208264,Carles Hernandez,869,28,1.0,6.0,ESP,24,atp_rankings_2026_03_30.csv
2026-03-30,210477,Artur Kukasian,870,28,-1.0,-14.0,RUS,22,atp_rankings_2026_03_30.csv
2026-03-30,209253,Andrea Fiorentini,871,28,1.0,8.0,ITA,25,atp_rankings_2026_03_30.csv
2026-03-30,210523,Luca Pow,872,27,0.0,-7.0,GBR,21,atp_rankings_2026_03_30.csv
2026-03-30,106249,Joao Domingues,873,27,0.0,-5.0,POR,32,atp_rankings_2026_03_30.csv
2026-03-30,212748,Anas Mazdrashki,874,27,0.0,-2.0,BUL,,atp_rankings_2026_03_30.csv
2026-03-30,210252,Seydina Andre,875,27,3.0,32.0,SEN,22,atp_rankings_2026_03_30.csv
2026-03-30,148674,Emon Van Loben Sels,876,26,0.0,5.0,USA,21,atp_rankings_2026_03_30.csv
2026-03-30,209928,Kalin Ivanovski,877,26,0.0,5.0,MKD,21,atp_rankings_2026_03_30.csv
2026-03-30,104729,Ivan Nedelko,878,26,0.0,6.0,RUS,39,atp_rankings_2026_03_30.csv
2026-03-30,200595,Lorenzo Bocchi,879,26,0.0,7.0,ITA,28,atp_rankings_2026_03_30.csv
2026-03-30,211649,Fernando Cavallo,880,26,4.0,48.0,ARG,20,atp_rankings_2026_03_30.csv
2026-03-30,134276,Jacob Brumm,881,26,-1.0,-7.0,USA,27,atp_rankings_2026_03_30.csv
2026-03-30,126971,Marcus Walters,882,26,2.0,23.0,GBR,27,atp_rankings_2026_03_30.csv
2026-03-30,208466,Evan Bynoe,883,26,-1.0,-7.0,USA,26,atp_rankings_2026_03_30.csv
2026-03-30,206749,Niccolo Catini,884,26,-1.0,-7.0,ITA,28,atp_rankings_2026_03_30.csv
2026-03-30,208818,Finn Murgett,885,26,1.0,14.0,GBR,24,atp_rankings_2026_03_30.csv
2026-03-30,106423,Thanasi Kokkinakis,886,25,0.0,4.0,AUS,29,atp_rankings_2026_03_30.csv
2026-03-30,211708,Manuel Plunger,887,25,0.0,4.0,ITA,23,atp_rankings_2026_03_30.csv
2026-03-30,149842,Nicolas Ian Kotzen,888,25,0.0,4.0,USA,23,atp_rankings_2026_03_30.csv
2026-03-30,134087,Johannes Ingildsen,889,25,6.0,65.0,DEN,28,atp_rankings_2026_03_30.csv
2026-03-30,144707,Mikael Ymer,890,25,0.0,3.0,SWE,27,atp_rankings_2026_03_30.csv
2026-03-30,211394,Patrick Brady,891,25,0.0,3.0,GBR,21,atp_rankings_2026_03_30.csv
2026-03-30,211651,Alexander Vasilev,892,25,8.0,103.0,BUL,18,atp_rankings_2026_03_30.csv
2026-03-30,210132,Julio Cesar Porras,893,25,-3.0,-34.0,ARG,28,atp_rankings_2026_03_30.csv
2026-03-30,212127,Charlie Robertson,894,25,-2.0,-25.0,GBR,19,atp_rankings_2026_03_30.csv
2026-03-30,209937,Giorgio Tabacco,895,25,-4.0,-44.0,ITA,22,atp_rankings_2026_03_30.csv
2026-03-30,206556,Lautaro Agustin Falabella,896,25,-2.0,-25.0,ARG,28,atp_rankings_2026_03_30.csv
2026-03-30,202125,Benjamin Pietri,897,25,1.0,6.0,FRA,29,atp_rankings_2026_03_30.csv
2026-03-30,212171,Nicolas Jadoun,898,25,0.0,2.0,FRA,23,atp_rankings_2026_03_30.csv
2026-03-30,209943,Ilya Snitari,899,24,0.0,2.0,MDA,24,atp_rankings_2026_03_30.csv
2026-03-30,210265,Aleksandr Lobanov,900,24,-1.0,-5.0,RUS,24,atp_rankings_2026_03_30.csv
2026-03-30,200671,Daisuke Sumizawa,901,24,-1.0,-5.0,JPN,27,atp_rankings_2026_03_30.csv
2026-03-30,126135,Jumpei Yamasaki,902,24,-2.0,-17.0,JPN,28,atp_rankings_2026_03_30.csv
2026-03-30,212269,Marc Majdandzic,903,24,1.0,11.0,GER,21,atp_rankings_2026_03_30.csv
2026-03-30,125833,Mert Naci Turker,904,24,0.0,0.0,TUR,27,atp_rankings_2026_03_30.csv
2026-03-30,200125,Mykyta Mashtakov,905,24,0.0,1.0,UKR,27,atp_rankings_2026_03_30.csv
2026-03-30,207794,Younes Lalami Laaroussi,906,24,3.0,33.0,MAR,24,atp_rankings_2026_03_30.csv
2026-03-30,202275,Fermin Tenti,907,24,1.0,11.0,ARG,28,atp_rankings_2026_03_30.csv
2026-03-30,202334,Jesse Delaney,908,24,1.0,11.0,AUS,27,atp_rankings_2026_03_30.csv
2026-03-30,202124,Kosuke Ogura,909,24,-2.0,-21.0,JPN,30,atp_rankings_2026_03_30.csv
2026-03-30,105373,Martin Klizan,910,23,-3.0,-30.0,SVK,36,atp_rankings_2026_03_30.csv
2026-03-30,212733,Matthew Forbes,911,23,0.0,-3.0,USA,19,atp_rankings_2026_03_30.csv
2026-03-30,213932,Theodore Dean,912,23,0.0,-3.0,USA,24,atp_rankings_2026_03_30.csv
2026-03-30,126165,Aoran Wang,913,23,0.0,-2.0,CHN,29,atp_rankings_2026_03_30.csv
2026-03-30,212235,Noah Zamora,914,23,8.0,122.0,USA,23,atp_rankings_2026_03_30.csv
2026-03-30,209166,Calvin Mueller,915,23,0.0,-3.0,GER,25,atp_rankings_2026_03_30.csv
2026-03-30,209905,Shunsuke Nakagawa,916,23,-1.0,-14.0,JPN,26,atp_rankings_2026_03_30.csv
2026-03-30,212780,Enzo Kohlmann De Freitas,917,23,0.0,-4.0,BRA,19,atp_rankings_2026_03_30.csv
2026-03-30,208320,Christopher Li,918,23,7.0,99.0,PER,22,atp_rankings_2026_03_30.csv
2026-03-30,213059,Carles Cordoba,919,23,3.0,29.0,ESP,20,atp_rankings_2026_03_30.csv
2026-03-30,210483,Yaojie Zeng,920,23,0.0,-5.0,CHN,24,atp_rankings_2026_03_30.csv
2026-03-30,208806,Stefano Dagostino,921,23,-2.0,-24.0,ITA,22,atp_rankings_2026_03_30.csv
2026-03-30,144925,Nitin Kumar Sinha,922,23,-4.0,-49.0,IND,27,atp_rankings_2026_03_30.csv
2026-03-30,209956,Dev Javia,923,23,1.0,6.0,IND,24,atp_rankings_2026_03_30.csv
2026-03-30,211897,Naoya Honda,924,23,5.0,61.0,JPN,20,atp_rankings_2026_03_30.csv
2026-03-30,210531,Paul Inchauspe,925,22,0.0,-4.0,FRA,22,atp_rankings_2026_03_30.csv
2026-03-30,214018,Jamie Mackenzie,926,22,7.0,108.0,GER,,atp_rankings_2026_03_30.csv
2026-03-30,208237,Aleksa Ciric,927,22,3.0,30.0,SRB,25,atp_rankings_2026_03_30.csv
2026-03-30,212311,Stijn Paardekooper,928,22,0.0,-4.0,NED,22,atp_rankings_2026_03_30.csv
2026-03-30,212832,Salvador Price,929,22,0.0,-4.0,COL,21,atp_rankings_2026_03_30.csv
2026-03-30,208055,Ajeet Rai,930,22,-4.0,-43.0,NZL,27,atp_rankings_2026_03_30.csv
2026-03-30,210683,Peter Buldorini,931,22,4.0,53.0,ITA,21,atp_rankings_2026_03_30.csv
2026-03-30,210429,Pietro Romeo Scomparin,932,22,3.0,27.0,ITA,24,atp_rankings_2026_03_30.csv
2026-03-30,212259,Benjamin Thomas George,933,22,1.0,7.0,CAN,23,atp_rankings_2026_03_30.csv
2026-03-30,212461,Daniele Rapagnetta,934,22,1.0,7.0,ITA,19,atp_rankings_2026_03_30.csv
2026-03-30,200276,Niklas Schell,935,22,-4.0,-46.0,GER,27,atp_rankings_2026_03_30.csv
2026-03-30,208250,Mihai Razvan Marinescu,936,22,0.0,-4.0,ROU,24,atp_rankings_2026_03_30.csv
2026-03-30,212076,Zoran Ludoski,937,21,0.0,-3.0,SRB,20,atp_rankings_2026_03_30.csv
2026-03-30,209334,Micah Braswell,938,21,0.0,-3.0,USA,24,atp_rankings_2026_03_30.csv
2026-03-30,131910,Lucas Bouquet,939,21,0.0,-3.0,FRA,28,atp_rankings_2026_03_30.csv
2026-03-30,212202,Alvin Nicholas Tudorica,940,21,-6.0,-70.0,CAN,24,atp_rankings_2026_03_30.csv
2026-03-30,109694,Pedro Araujo,941,21,-9.0,-97.0,POR,24,atp_rankings_2026_03_30.csv
2026-03-30,207676,Adan Freire Da Silva,942,21,0.0,-4.0,FRA,26,atp_rankings_2026_03_30.csv
2026-03-30,200441,Grigoriy Lomakin,943,21,-1.0,-10.0,KAZ,28,atp_rankings_2026_03_30.csv
2026-03-30,213965,Andrew Johnson,944,20,0.0,-2.0,USA,16,atp_rankings_2026_03_30.csv
2026-03-30,210093,Sander Jong,945,20,0.0,-2.0,NED,25,atp_rankings_2026_03_30.csv
2026-03-30,210759,Gianluca Brunkow,946,20,7.0,117.0,USA,23,atp_rankings_2026_03_30.csv
2026-03-30,212958,Spencer Johnson,947,20,0.0,-2.0,USA,23,atp_rankings_2026_03_30.csv
2026-03-30,148673,Dominique Rolland,948,20,3.0,49.0,USA,21,atp_rankings_2026_03_30.csv
2026-03-30,126283,Yunseong Chung,949,20,0.0,-3.0,KOR,28,atp_rankings_2026_03_30.csv
2026-03-30,211774,Ryotaro Taguchi,950,20,-2.0,-24.0,JPN,25,atp_rankings_2026_03_30.csv
2026-03-30,208653,Isaac Becroft,951,20,2.0,27.0,NZL,25,atp_rankings_2026_03_30.csv
2026-03-30,212478,William Rejchtman Vinciguerra,952,20,2.0,28.0,SWE,19,atp_rankings_2026_03_30.csv
2026-03-30,202077,Ewen Lumsden,953,20,1.0,8.0,GBR,26,atp_rankings_2026_03_30.csv
2026-03-30,208229,Qian Sun,953,20,0.0,-4.0,CHN,24,atp_rankings_2026_03_30.csv
2026-03-30,207404,Miles Jones,955,20,-1.0,-18.0,USA,25,atp_rankings_2026_03_30.csv
2026-03-30,208132,Noah Schachter,956,20,-2.0,-29.0,USA,26,atp_rankings_2026_03_30.csv
2026-03-30,122294,Gabriele Maria Noce,957,20,-2.0,-27.0,ITA,30,atp_rankings_2026_03_30.csv
2026-03-30,212816,Lucca Helguera Casado,958,20,1.0,8.0,ESP,20,atp_rankings_2026_03_30.csv
2026-03-30,202244,Jeremy Gschwendtner,959,20,2.0,30.0,GBR,27,atp_rankings_2026_03_30.csv
2026-03-30,126536,David Pichler,960,19,0.0,-7.0,AUT,30,atp_rankings_2026_03_30.csv
2026-03-30,106398,Pedro Cachin,961,19,-4.0,-51.0,ARG,30,atp_rankings_2026_03_30.csv
2026-03-30,210028,Ozan Baris,962,19,0.0,-7.0,USA,21,atp_rankings_2026_03_30.csv
2026-03-30,210727,Taym Al Azmeh,963,19,0.0,-7.0,GER,21,atp_rankings_2026_03_30.csv
2026-03-30,210091,Filip Pieczonka,964,19,4.0,72.0,POL,21,atp_rankings_2026_03_30.csv
2026-03-30,106078,Egor Gerasimov,965,19,-8.0,-98.0,BLR,33,atp_rankings_2026_03_30.csv
2026-03-30,212852,Kacper Szymkowiak,966,19,4.0,76.0,POL,21,atp_rankings_2026_03_30.csv
2026-03-30,209171,Thantub Suksumrarn,967,19,0.0,-7.0,THA,24,atp_rankings_2026_03_30.csv
2026-03-30,210535,Maxim Shin,968,19,0.0,-5.0,UZB,22,atp_rankings_2026_03_30.csv
2026-03-30,208152,Gabriele Bosio,969,19,-1.0,-19.0,ITA,25,atp_rankings_2026_03_30.csv
2026-03-30,212888,Rares Teodor Pieleanu,970,19,1.0,17.0,ROU,19,atp_rankings_2026_03_30.csv
2026-03-30,210047,Lorenzo Lorusso,971,19,0.0,-4.0,ITA,26,atp_rankings_2026_03_30.csv
2026-03-30,208401,Giannicola Misasi,972,19,1.0,18.0,ITA,25,atp_rankings_2026_03_30.csv
2026-03-30,104905,Nicolas Barrientos,973,18,0.0,-4.0,COL,38,atp_rankings_2026_03_30.csv
2026-03-30,210157,Dylan Dietrich,974,18,0.0,-4.0,SUI,21,atp_rankings_2026_03_30.csv
2026-03-30,106234,Aslan Karatsev,975,18,0.0,-4.0,RUS,32,atp_rankings_2026_03_30.csv
2026-03-30,206573,Trey Hilderbrand,976,18,-4.0,-54.0,USA,25,atp_rankings_2026_03_30.csv
2026-03-30,211585,Alex Kuperstein,977,18,0.0,-4.0,USA,27,atp_rankings_2026_03_30.csv
2026-03-30,212944,Ryo Tabata,978,18,-2.0,-31.0,JPN,18,atp_rankings_2026_03_30.csv
2026-03-30,133014,Enzo Wallart,979,18,0.0,0.0,FRA,29,atp_rankings_2026_03_30.csv
2026-03-30,126581,Juan Sebastian Osorio,980,18,1.0,23.0,COL,28,atp_rankings_2026_03_30.csv
2026-03-30,200418,Karl Friberg,981,18,0.0,2.0,SWE,27,atp_rankings_2026_03_30.csv
2026-03-30,210003,Chirag Duhan,982,18,1.0,23.0,IND,22,atp_rankings_2026_03_30.csv
2026-03-30,211564,Brian Bozemoj,983,18,-1.0,-19.0,NED,22,atp_rankings_2026_03_30.csv
2026-03-30,200220,Ezekiel Clark,984,18,-5.0,-64.0,USA,27,atp_rankings_2026_03_30.csv
2026-03-30,208057,Diego Fernandez Flores,985,18,-1.0,-17.0,CHI,25,atp_rankings_2026_03_30.csv
2026-03-30,212725,Alaa Trifi,986,18,1.0,23.0,TUN,19,atp_rankings_2026_03_30.csv
2026-03-30,111568,Michael Zhu,987,18,-2.0,-35.0,USA,33,atp_rankings_2026_03_30.csv
2026-03-30,207595,Mateo Barreiros Reyes,988,17,0.0,6.0,BRA,25,atp_rankings_2026_03_30.csv
2026-03-30,211674,Kuang Qing Xu,989,17,0.0,4.0,CHN,19,atp_rankings_2026_03_30.csv
2026-03-30,212926,Andrew Delgado,990,17,0.0,1.0,USA,20,atp_rankings_2026_03_30.csv
2026-03-30,213677,Dante Pagani,991,17,-1.0,-18.0,ARG,,atp_rankings_2026_03_30.csv
2026-03-30,212949,Ziga Sesko,992,17,0.0,0.0,SLO,17,atp_rankings_2026_03_30.csv
2026-03-30,209064,Suk Hyun Choo,993,17,0.0,3.0,KOR,24,atp_rankings_2026_03_30.csv
2026-03-30,212839,Oliver Bonding,994,17,-1.0,-19.0,GBR,18,atp_rankings_2026_03_30.csv
2026-03-30,207682,Lorenzo Gagliardo,994,17,0.0,4.0,ITA,25,atp_rankings_2026_03_30.csv
2026-03-30,212308,Markus Malaszszak,996,17,-1.0,-19.0,GER,21,atp_rankings_2026_03_30.csv
2026-03-30,212059,Zach Stephens,997,17,0.0,4.0,GBR,19,atp_rankings_2026_03_30.csv
2026-03-30,202419,Justin Schlageter,998,17,-1.0,-17.0,GER,25,atp_rankings_2026_03_30.csv
2026-03-30,206216,Tom Zeuch,999,17,1.0,19.0,GER,26,atp_rankings_2026_03_30.csv
2026-03-30,211646,Louis Larue,1000,17,0.0,2.0,FRA,21,atp_rankings_2026_03_30.csv
2026-03-30,208003,Bekkhan Atlangeriev,1001,17,2.0,44.0,RUS,25,atp_rankings_2026_03_30.csv
2026-03-30,211658,Tomas Martinez,1002,17,-1.0,-20.0,ARG,22,atp_rankings_2026_03_30.csv
2026-03-30,126216,Alexander Klintcharov,1003,17,-3.0,-52.0,NZL,29,atp_rankings_2026_03_30.csv
2026-03-30,212199,Tymur Bieldiugin,1004,17,0.0,0.0,UKR,20,atp_rankings_2026_03_30.csv
2026-03-30,132374,Jesse Flores,1005,17,-2.0,-43.0,CRC,30,atp_rankings_2026_03_30.csv
2026-03-30,212972,Andrea De Marchi,1006,17,0.0,1.0,ITA,19,atp_rankings_2026_03_30.csv
2026-03-30,213143,Sydney Zick,1007,17,0.0,-1.0,GER,19,atp_rankings_2026_03_30.csv
2026-03-30,211700,Ruslan Tiukaev,1008,17,-1.0,-20.0,RUS,20,atp_rankings_2026_03_30.csv
2026-03-30,211317,Chen Dong,1009,17,0.0,-1.0,AUS,23,atp_rankings_2026_03_30.csv
2026-03-30,212022,Daniil Sarksian,1010,17,1.0,19.0,RUS,19,atp_rankings_2026_03_30.csv
2026-03-30,213987,Vignesh Gogineni,1011,16,0.0,-1.0,USA,,atp_rankings_2026_03_30.csv
2026-03-30,211664,Nicolas Oliveira,1012,16,0.0,-1.0,BRA,19,atp_rankings_2026_03_30.csv
2026-03-30,117356,Cem Ilkel,1013,16,-2.0,-41.0,TUR,30,atp_rankings_2026_03_30.csv
2026-03-30,202342,Ryan Seggerman,1014,16,0.0,-2.0,USA,26,atp_rankings_2026_03_30.csv
2026-03-30,211675,Keegan Rice,1015,16,0.0,-1.0,CAN,19,atp_rankings_2026_03_30.csv
2026-03-30,127087,Dominik Recek,1016,16,0.0,-3.0,CZE,31,atp_rankings_2026_03_30.csv
2026-03-30,,Jea Moon Lee,1017,16,-3.0,-59.0,,,atp_rankings_2026_03_30.csv
2026-03-30,206746,Benjamin Winter Lopez,1018,16,-1.0,-18.0,ESP,27,atp_rankings_2026_03_30.csv
2026-03-30,208467,Alexander Kotzen,1019,16,0.0,-4.0,USA,25,atp_rankings_2026_03_30.csv
2026-03-30,212142,Maxwell Exsted,1020,16,0.0,-4.0,USA,19,atp_rankings_2026_03_30.csv
2026-03-30,213014,Simeon Stankovic,1021,16,0.0,-1.0,SRB,,atp_rankings_2026_03_30.csv
2026-03-30,213969,Joao Vitor Scramin Do Lago,1022,16,0.0,-3.0,BRA,19,atp_rankings_2026_03_30.csv
2026-03-30,206600,Zura Tkemaladze,1023,16,0.0,-1.0,GEO,25,atp_rankings_2026_03_30.csv
2026-03-30,208160,Sam Ryan Ziegann,1024,16,0.0,-1.0,AUS,27,atp_rankings_2026_03_30.csv
2026-03-30,208613,Ezequiel Monferrer,1025,16,-3.0,-60.0,ARG,22,atp_rankings_2026_03_30.csv
2026-03-30,212639,Yuto Oki,1026,16,1.0,23.0,JPN,,atp_rankings_2026_03_30.csv
2026-03-30,209233,Pietro Marino,1027,16,0.0,-2.0,ITA,24,atp_rankings_2026_03_30.csv
2026-03-30,202305,Franco Ribero,1028,16,3.0,49.0,ARG,26,atp_rankings_2026_03_30.csv
2026-03-30,210409,Pavlos Tsitsipas,1029,16,0.0,-1.0,GRE,20,atp_rankings_2026_03_30.csv
2026-03-30,200670,J J Wolf,1030,15,0.0,0.0,USA,27,atp_rankings_2026_03_30.csv
2026-03-30,126197,Orlando Luz,1031,15,0.0,0.0,BRA,28,atp_rankings_2026_03_30.csv
2026-03-30,202361,Simon Reveniau,1032,15,0.0,1.0,FRA,27,atp_rankings_2026_03_30.csv
2026-03-30,106214,Oscar Otte,1033,15,0.0,-1.0,GER,32,atp_rankings_2026_03_30.csv
2026-03-30,213360,Niels Mcdonald,1034,15,0.0,1.0,GER,18,atp_rankings_2026_03_30.csv
2026-03-30,200331,Leonardo Aboian,1035,15,0.0,5.0,ARG,27,atp_rankings_2026_03_30.csv
2026-03-30,106167,Joris De Loore,1036,15,-3.0,-60.0,BEL,32,atp_rankings_2026_03_30.csv
2026-03-30,105332,Benoit Paire,1037,15,0.0,4.0,FRA,36,atp_rankings_2026_03_30.csv
2026-03-30,212086,Grigory Shebekin,1038,15,0.0,5.0,RUS,20,atp_rankings_2026_03_30.csv
2026-03-30,208130,Geun Jun Kim,1039,15,0.0,5.0,KOR,24,atp_rankings_2026_03_30.csv
2026-03-30,207331,Vladislav Melnic,1040,15,0.0,8.0,ROU,26,atp_rankings_2026_03_30.csv
2026-03-30,200050,Finn Bass,1041,15,0.0,10.0,GBR,26,atp_rankings_2026_03_30.csv
2026-03-30,213046,Pieter De Lange,1042,15,1.0,15.0,NED,,atp_rankings_2026_03_30.csv
2026-03-30,209203,Evgeny Philippov,1043,15,4.0,92.0,RUS,24,atp_rankings_2026_03_30.csv
2026-03-30,144932,Kristjan Tamm,1044,15,0.0,6.0,EST,27,atp_rankings_2026_03_30.csv
2026-03-30,212574,Egor Pleshivtsev,1045,15,0.0,7.0,RUS,,atp_rankings_2026_03_30.csv
2026-03-30,208844,Keshav Chopra,1046,15,-1.0,-22.0,USA,24,atp_rankings_2026_03_30.csv
2026-03-30,210554,Marko Maksimovic,1047,15,-8.0,-130.0,SRB,20,atp_rankings_2026_03_30.csv
2026-03-30,212246,Volodymyr Iakubenko,1048,15,2.0,27.0,UKR,20,atp_rankings_2026_03_30.csv
2026-03-30,212552,Nicolas Ifi,1049,15,-1.0,-22.0,BEL,27,atp_rankings_2026_03_30.csv
2026-03-30,211484,Jangjun Kim,1050,14,0.0,3.0,KOR,19,atp_rankings_2026_03_30.csv
2026-03-30,207649,Savriyan Danilov,1051,14,0.0,3.0,RUS,25,atp_rankings_2026_03_30.csv
2026-03-30,213806,Kriish Tyagi,1051,14,0.0,4.0,IND,18,atp_rankings_2026_03_30.csv
2026-03-30,208262,Alejo Lorenzo Lingua Lavallen,1053,14,1.0,8.0,ARG,25,atp_rankings_2026_03_30.csv
2026-03-30,,Gilbert Klier Junior,1054,14,-1.0,-16.0,,,atp_rankings_2026_03_30.csv
2026-03-30,208424,Julian Cundom,1055,14,1.0,13.0,ARG,24,atp_rankings_2026_03_30.csv
2026-03-30,212530,Mikael Arseneault,1056,14,-1.0,-10.0,CAN,19,atp_rankings_2026_03_30.csv
2026-03-30,210436,Hayden Jones,1057,14,0.0,-1.0,AUS,19,atp_rankings_2026_03_30.csv
2026-03-30,205825,Joao Vitor Goncalves Ceolin,1058,14,3.0,79.0,BRA,26,atp_rankings_2026_03_30.csv
2026-03-30,213591,Billy Suarez,1059,14,0.0,-1.0,USA,,atp_rankings_2026_03_30.csv
2026-03-30,211761,Valentin Basel,1060,14,2.0,51.0,ARG,21,atp_rankings_2026_03_30.csv
2026-03-30,210456,Karim Ibrahim,1061,14,-2.0,-35.0,EGY,22,atp_rankings_2026_03_30.csv
2026-03-30,202220,Nicolas Bruna,1062,14,1.0,16.0,CHI,27,atp_rankings_2026_03_30.csv
2026-03-30,210038,Matias Ponce De Leon Gomila,1063,13,0.0,-3.0,ESP,22,atp_rankings_2026_03_30.csv
2026-03-30,105359,Jason Jung,1064,13,0.0,-2.0,TPE,36,atp_rankings_2026_03_30.csv
2026-03-30,124001,Gergely Madarasz,1065,13,-2.0,-26.0,HUN,31,atp_rankings_2026_03_30.csv
2026-03-30,210274,Sebastian Dominko,1066,13,0.0,-1.0,SLO,22,atp_rankings_2026_03_30.csv
2026-03-30,209115,Oliver Okonkwo,1067,13,0.0,-3.0,GBR,25,atp_rankings_2026_03_30.csv
2026-03-30,211329,James Van Herzeele,1068,13,1.0,26.0,THA,,atp_rankings_2026_03_30.csv
2026-03-30,134405,Koray Kirci,1069,13,-2.0,-22.0,TUR,27,atp_rankings_2026_03_30.csv
2026-03-30,209997,Marcello Serafini,1070,13,1.0,28.0,ITA,23,atp_rankings_2026_03_30.csv
2026-03-30,200289,Mathieu Scaglia,1071,13,0.0,0.0,FRA,27,atp_rankings_2026_03_30.csv
2026-03-30,210166,Mika Lipp,1072,13,0.0,0.0,GER,22,atp_rankings_2026_03_30.csv
2026-03-30,210182,Mateo Del Pino,1073,13,1.0,29.0,ARG,22,atp_rankings_2026_03_30.csv
2026-03-30,207183,Ishaque Eqbal,1074,13,-3.0,-53.0,IND,28,atp_rankings_2026_03_30.csv
2026-03-30,212295,Enzo Camargo Lima,1075,13,0.0,-2.0,BRA,22,atp_rankings_2026_03_30.csv
2026-03-30,208867,Tomas Luis,1076,13,-1.0,-17.0,POR,24,atp_rankings_2026_03_30.csv
2026-03-30,145008,Hugo Pierre,1077,13,0.0,-1.0,FRA,30,atp_rankings_2026_03_30.csv
2026-03-30,211323,Jacopo Bilardo,1078,13,1.0,35.0,ITA,21,atp_rankings_2026_03_30.csv
2026-03-30,211676,Saveliy Ivanov,1079,13,2.0,63.0,RUS,21,atp_rankings_2026_03_30.csv
2026-03-30,104810,Zhe Li,1080,12,0.0,1.0,CHN,39,atp_rankings_2026_03_30.csv
2026-03-30,209280,Devin Badenhorst,1081,12,0.0,1.0,RSA,21,atp_rankings_2026_03_30.csv
2026-03-30,209917,Benito Sanchez Martinez,1082,12,0.0,1.0,GER,23,atp_rankings_2026_03_30.csv
2026-03-30,149115,Adam Jilly,1083,12,0.0,1.0,HUN,19,atp_rankings_2026_03_30.csv
2026-03-30,212892,Vlado Jankanj,1084,12,0.0,1.0,SRB,,atp_rankings_2026_03_30.csv
2026-03-30,200456,Martin Borisiouk,1085,12,0.0,2.0,BLR,25,atp_rankings_2026_03_30.csv
2026-03-30,212930,Mario Martinez Serrano,1086,12,0.0,2.0,ESP,21,atp_rankings_2026_03_30.csv
2026-03-30,106348,Evgeny Karlovskiy,1087,12,-1.0,-22.0,RUS,31,atp_rankings_2026_03_30.csv
2026-03-30,212885,Cezar Gabriel Papoe,1088,12,0.0,1.0,ROU,18,atp_rankings_2026_03_30.csv
2026-03-30,214206,Thiago Agustin Pernas,1089,12,1.0,29.0,ARG,24,atp_rankings_2026_03_30.csv
2026-03-30,210736,Shu Matsuoka,1090,12,0.0,2.0,JPN,22,atp_rankings_2026_03_30.csv
2026-03-30,210185,Alen Mujakic,1091,12,0.0,2.0,GER,22,atp_rankings_2026_03_30.csv
2026-03-30,202090,Adrian Andreev,1092,12,0.0,4.0,BUL,24,atp_rankings_2026_03_30.csv
2026-03-30,213210,Maan Kesharwani,1093,12,0.0,2.0,IND,,atp_rankings_2026_03_30.csv
2026-03-30,208518,Hazem Naw,1094,12,3.0,100.0,SYR,26,atp_rankings_2026_03_30.csv
2026-03-30,212149,Nikola Djosic,1095,12,0.0,2.0,SUI,18,atp_rankings_2026_03_30.csv
2026-03-30,211491,Robert Guna,1096,12,0.0,4.0,ROU,20,atp_rankings_2026_03_30.csv
2026-03-30,211497,Rocco Piatti,1097,12,1.0,30.0,MON,21,atp_rankings_2026_03_30.csv
2026-03-30,210163,Elgin Khoeblal,1098,12,3.0,105.0,NED,24,atp_rankings_2026_03_30.csv
2026-03-30,208908,Rafael De Alba,1099,12,0.0,2.0,MEX,,atp_rankings_2026_03_30.csv
2026-03-30,207343,Hanyi Liu,1100,12,0.0,4.0,CHN,24,atp_rankings_2026_03_30.csv
2026-03-30,207864,Noel Larwig,1101,12,0.0,8.0,GER,24,atp_rankings_2026_03_30.csv
2026-03-30,144937,Nicolas Parizzia,1102,12,0.0,4.0,SUI,27,atp_rankings_2026_03_30.csv
2026-03-30,206782,Demetris Azoides,1103,12,0.0,2.0,GRE,25,atp_rankings_2026_03_30.csv
2026-03-30,205831,Ammar Alhogbani,1104,12,0.0,3.0,USA,27,atp_rankings_2026_03_30.csv
2026-03-30,212871,Piet Luis Pinter,1105,12,0.0,3.0,AUT,20,atp_rankings_2026_03_30.csv
2026-03-30,211480,Aleksander Chayka,1106,12,0.0,4.0,RUS,21,atp_rankings_2026_03_30.csv
2026-03-30,210745,Matthias Ujvary,1107,12,-1.0,-28.0,AUT,21,atp_rankings_2026_03_30.csv
2026-03-30,209852,Zsombor Velcz,1108,11,0.0,7.0,HUN,23,atp_rankings_2026_03_30.csv
2026-03-30,106425,Blake Mott,1109,11,0.0,7.0,AUS,29,atp_rankings_2026_03_30.csv
2026-03-30,133880,Thomas Deschamps,1110,11,0.0,7.0,FRA,27,atp_rankings_2026_03_30.csv
2026-03-30,212110,Mathis Bondaz,1111,11,0.0,8.0,FRA,,atp_rankings_2026_03_30.csv
2026-03-30,111569,Gage Brymer,1112,11,-1.0,-22.0,USA,31,atp_rankings_2026_03_30.csv
2026-03-30,126878,David Poljak,1113,11,-1.0,-22.0,CZE,29,atp_rankings_2026_03_30.csv
2026-03-30,210002,Rohan Mehra,1114,11,0.0,6.0,IND,23,atp_rankings_2026_03_30.csv
2026-03-30,207172,Connor Thomson,1114,11,0.0,6.0,GBR,25,atp_rankings_2026_03_30.csv
2026-03-30,211790,Rudy Quan,1116,11,0.0,6.0,USA,20,atp_rankings_2026_03_30.csv
2026-03-30,126953,Chan Yeong Oh,1117,11,-2.0,-50.0,KOR,27,atp_rankings_2026_03_30.csv
2026-03-30,212481,Federico Aguilar Cardozo,1118,11,-2.0,-49.0,URU,20,atp_rankings_2026_03_30.csv
2026-03-30,213174,Mickael Kaouk,1119,11,0.0,5.0,FRA,,atp_rankings_2026_03_30.csv
2026-03-30,212284,Pengyu Lu,1120,11,-2.0,-50.0,CHN,24,atp_rankings_2026_03_30.csv
2026-03-30,209999,Leonardo Malgaroli,1121,11,0.0,7.0,ITA,23,atp_rankings_2026_03_30.csv
2026-03-30,213007,Tristan Stringer,1121,11,1.0,39.0,USA,20,atp_rankings_2026_03_30.csv
2026-03-30,210514,Edison Ambarzumjan,1123,11,0.0,6.0,GER,29,atp_rankings_2026_03_30.csv
2026-03-30,212649,Seung Woo Cho,1124,11,1.0,39.0,KOR,27,atp_rankings_2026_03_30.csv
2026-03-30,136648,Jefferson Wendler Filho,1124,11,0.0,6.0,BRA,30,atp_rankings_2026_03_30.csv
2026-03-30,212834,Nicolas Garcia Longo,1126,11,0.0,6.0,ARG,20,atp_rankings_2026_03_30.csv
2026-03-30,106175,Ricardo Rodriguez,1126,11,0.0,8.0,VEN,32,atp_rankings_2026_03_30.csv
2026-03-30,200024,Makoto Ochi,1128,11,0.0,5.0,JPN,29,atp_rankings_2026_03_30.csv
2026-03-30,202293,Charles Bertimon,1129,11,0.0,6.0,FRA,26,atp_rankings_2026_03_30.csv
2026-03-30,209921,Ali Habib,1130,11,-1.0,-27.0,GBR,23,atp_rankings_2026_03_30.csv
2026-03-30,117352,Oliver Anderson,1131,11,1.0,36.0,AUS,27,atp_rankings_2026_03_30.csv
2026-03-30,208006,Rafael Tosetto,1132,11,4.0,171.0,BRA,26,atp_rankings_2026_03_30.csv
2026-03-30,200166,Stefan Vujic,1133,11,0.0,5.0,AUS,27,atp_rankings_2026_03_30.csv
2026-03-30,202106,Juan Bautista Otegui,1134,11,-2.0,-60.0,ARG,27,atp_rankings_2026_03_30.csv
2026-03-30,212726,Sungbeen Sim,1135,11,-1.0,-24.0,KOR,28,atp_rankings_2026_03_30.csv
2026-03-30,212084,Denis Petak,1136,11,0.0,4.0,CZE,19,atp_rankings_2026_03_30.csv
2026-03-30,132054,Nathan Ponwith,1137,11,1.0,33.0,USA,27,atp_rankings_2026_03_30.csv
2026-03-30,210684,Niccolo Ciavarella,1138,11,0.0,3.0,ITA,22,atp_rankings_2026_03_30.csv
2026-03-30,210455,Noah Perfetti,1139,11,-1.0,-25.0,ITA,24,atp_rankings_2026_03_30.csv
2026-03-30,105334,Luis David Martinez,1140,10,0.0,3.0,VEN,36,atp_rankings_2026_03_30.csv
2026-03-30,207996,Siddhant Banthia,1141,10,0.0,7.0,IND,25,atp_rankings_2026_03_30.csv
2026-03-30,212276,Stian Klaassen,1141,10,0.0,3.0,NED,22,atp_rankings_2026_03_30.csv
2026-03-30,208151,Filippo Speziali,1141,10,0.0,3.0,ITA,25,atp_rankings_2026_03_30.csv
2026-03-30,213977,Cosme Rolland De Ravel,1144,10,0.0,2.0,FRA,21,atp_rankings_2026_03_30.csv
2026-03-30,210323,Luis Felipe Miguel,1145,10,0.0,2.0,BRA,22,atp_rankings_2026_03_30.csv
2026-03-30,212857,Cooper Woestendick,1146,10,0.0,3.0,USA,19,atp_rankings_2026_03_30.csv
2026-03-30,212300,Sasha Rozin,1147,10,0.0,5.0,CAN,20,atp_rankings_2026_03_30.csv
2026-03-30,200457,Jannik Opitz,1148,10,0.0,5.0,GER,27,atp_rankings_2026_03_30.csv
2026-03-30,212064,Duje Markovina,1149,10,-1.0,-26.0,CRO,18,atp_rankings_2026_03_30.csv
2026-03-30,213603,Joaquin Guilleme,1150,10,0.0,4.0,NIC,,atp_rankings_2026_03_30.csv
2026-03-30,213935,Daniil Kakhniuk,1151,10,4.0,176.0,BLR,,atp_rankings_2026_03_30.csv
2026-03-30,200598,Isaiah Strode,1152,10,-12.0,-229.0,USA,28,atp_rankings_2026_03_30.csv
2026-03-30,210705,Matt Hulme,1153,10,-1.0,-27.0,AUS,27,atp_rankings_2026_03_30.csv
2026-03-30,133291,Ryota Tanuma,1154,10,0.0,1.0,JPN,30,atp_rankings_2026_03_30.csv
2026-03-30,212820,Martin Sabas,1155,10,0.0,1.0,FRA,24,atp_rankings_2026_03_30.csv
2026-03-30,109334,Bastian Malla,1156,10,1.0,34.0,CHI,29,atp_rankings_2026_03_30.csv
2026-03-30,212280,Giulio Perego,1157,10,2.0,67.0,ITA,22,atp_rankings_2026_03_30.csv
2026-03-30,207927,Thando Longwe Smit,1158,10,0.0,-1.0,RSA,24,atp_rankings_2026_03_30.csv
2026-03-30,213580,Leonardo Primucci,1159,10,1.0,32.0,ITA,,atp_rankings_2026_03_30.csv
2026-03-30,213356,Michele Mecarelli,1160,10,0.0,1.0,ITA,18,atp_rankings_2026_03_30.csv
2026-03-30,110751,Sebastian Fanselow,1161,10,0.0,1.0,GER,34,atp_rankings_2026_03_30.csv
2026-03-30,202190,Gregor Ramskogler,1162,10,-1.0,-31.0,AUT,27,atp_rankings_2026_03_30.csv
2026-03-30,210155,Jasza Szajrych,1163,10,0.0,2.0,POL,23,atp_rankings_2026_03_30.csv
2026-03-30,200036,Abhinav Sanjeev Shanmugam,1164,10,2.0,71.0,IND,27,atp_rankings_2026_03_30.csv
2026-03-30,212263,Xing Dao Chen,1165,10,0.0,3.0,CHN,22,atp_rankings_2026_03_30.csv
2026-03-30,208866,Leonid Sheyngezikht,1166,10,-1.0,-28.0,BUL,25,atp_rankings_2026_03_30.csv
2026-03-30,124099,Mohamed Nazim Makhlouf,1167,10,0.0,3.0,ALG,29,atp_rankings_2026_03_30.csv
2026-03-30,209118,Niklas Waldner,1168,10,0.0,1.0,AUT,24,atp_rankings_2026_03_30.csv
2026-03-30,211904,Maximilian Figl,1169,10,0.0,1.0,ITA,22,atp_rankings_2026_03_30.csv
2026-03-30,200197,Boris Butulija,1170,10,0.0,5.0,SRB,27,atp_rankings_2026_03_30.csv
2026-03-30,212616,Yuta Tomida,1171,10,0.0,2.0,JPN,19,atp_rankings_2026_03_30.csv
2026-03-30,208186,Preston Brown,1172,10,0.0,4.0,USA,24,atp_rankings_2026_03_30.csv
2026-03-30,208864,Leyton Rivera,1173,10,0.0,4.0,NOR,24,atp_rankings_2026_03_30.csv
2026-03-30,126149,Gianluca Mager,1174,9,0.0,4.0,ITA,31,atp_rankings_2026_03_30.csv
2026-03-30,210613,Derek Pham,1175,9,0.0,4.0,AUS,21,atp_rankings_2026_03_30.csv
2026-03-30,106288,Mathias Bourgue,1176,9,-1.0,-27.0,FRA,32,atp_rankings_2026_03_30.csv
2026-03-30,149277,Andrea Meduri,1176,9,0.0,9.0,ITA,21,atp_rankings_2026_03_30.csv
2026-03-30,105633,Mohamed Safwat,1176,9,0.0,5.0,EGY,35,atp_rankings_2026_03_30.csv
2026-03-30,213956,Andrej Loncarevic,1179,9,0.0,3.0,FRA,20,atp_rankings_2026_03_30.csv
2026-03-30,126120,Nino Serdarusic,1180,9,0.0,3.0,CRO,29,atp_rankings_2026_03_30.csv
2026-03-30,106262,Boris Arias,1181,9,6.0,373.0,BOL,32,atp_rankings_2026_03_30.csv
2026-03-30,106368,Ramkumar Ramanathan,1181,9,0.0,3.0,IND,31,atp_rankings_2026_03_30.csv
2026-03-30,213802,Mustafa Ege Sik,1183,9,-1.0,-34.0,TUR,16,atp_rankings_2026_03_30.csv
2026-03-30,209060,Alexander Bernard,1184,9,0.0,2.0,USA,22,atp_rankings_2026_03_30.csv
2026-03-30,149272,Tudor Batin,1185,9,0.0,2.0,ROU,19,atp_rankings_2026_03_30.csv
2026-03-30,214043,Lachlan James Mcfadzean,1186,9,1.0,32.0,AUS,19,atp_rankings_2026_03_30.csv
2026-03-30,211655,Julian  Alonso,1187,9,0.0,2.0,ESP,21,atp_rankings_2026_03_30.csv
2026-03-30,213036,Luis Guto Miguel,1188,9,0.0,0.0,BRA,17,atp_rankings_2026_03_30.csv
2026-03-30,213996,Anton Arzhankin,1189,9,1.0,29.0,RUS,,atp_rankings_2026_03_30.csv
2026-03-30,210039,Orel Kimhi,1190,9,0.0,2.0,ISR,22,atp_rankings_2026_03_30.csv
2026-03-30,210198,George Lazarov,1191,9,0.0,2.0,BUL,21,atp_rankings_2026_03_30.csv
2026-03-30,211505,Denis Constantin Spiridon,1192,9,2.0,79.0,ITA,23,atp_rankings_2026_03_30.csv
2026-03-30,209516,Valentin Lapalu,1193,9,-1.0,-34.0,FRA,24,atp_rankings_2026_03_30.csv
2026-03-30,207452,Matthew Thomson,1194,9,0.0,3.0,USA,25,atp_rankings_2026_03_30.csv
2026-03-30,210742,Phillip Jordan,1195,9,0.0,5.0,USA,25,atp_rankings_2026_03_30.csv
2026-03-30,210754,Jan Hrazdil,1196,9,0.0,2.0,CZE,21,atp_rankings_2026_03_30.csv
2026-03-30,212533,Markus Molder,1197,9,0.0,3.0,EST,20,atp_rankings_2026_03_30.csv
2026-03-30,208249,Gian Marco Ortenzi,1198,9,-1.0,-34.0,ITA,26,atp_rankings_2026_03_30.csv
2026-03-30,209955,Mikail Alimli,1199,9,0.0,3.0,FRA,22,atp_rankings_2026_03_30.csv
2026-03-30,208039,Ronald Hohmann,1200,9,-1.0,-34.0,USA,24,atp_rankings_2026_03_30.csv
2026-03-30,213103,Viktor Frydrych,1201,9,0.0,4.0,GBR,,atp_rankings_2026_03_30.csv
2026-03-30,210532,Giacomo Crisostomo,1202,9,0.0,4.0,ITA,22,atp_rankings_2026_03_30.csv
2026-03-30,211334,Aljaz Jeran,1203,9,0.0,1.0,SLO,22,atp_rankings_2026_03_30.csv
2026-03-30,206736,Benjamin O'Connell,1204,9,1.0,37.0,AUS,26,atp_rankings_2026_03_30.csv
2026-03-30,212935,Ferdinand Livet Novkirichka,1205,9,1.0,37.0,FRA,,atp_rankings_2026_03_30.csv
2026-03-30,106132,Toby Martin,1206,9,-1.0,-32.0,GBR,33,atp_rankings_2026_03_30.csv
2026-03-30,208581,Noah Thurner,1207,9,0.0,2.0,GER,26,atp_rankings_2026_03_30.csv
2026-03-30,144730,Tomohiro Masabayashi,1208,9,-4.0,-128.0,JPN,28,atp_rankings_2026_03_30.csv
2026-03-30,144672,Duarte Vale,1209,8,0.0,1.0,POR,27,atp_rankings_2026_03_30.csv
2026-03-30,208370,Keenan Mayo,1210,8,0.0,1.0,USA,25,atp_rankings_2026_03_30.csv
2026-03-30,133835,Gijs Brouwer,1211,8,0.0,2.0,NED,30,atp_rankings_2026_03_30.csv
2026-03-30,208871,Takeru Yuzuki,1212,8,4.0,242.0,JPN,27,atp_rankings_2026_03_30.csv
2026-03-30,210645,Ofek Shimanov,1213,8,0.0,1.0,ISR,20,atp_rankings_2026_03_30.csv
2026-03-30,134384,Sebastian Prechtel,1214,8,0.0,1.0,GER,29,atp_rankings_2026_03_30.csv
2026-03-30,104510,Stefan Seifert,1215,8,2.0,102.0,GER,41,atp_rankings_2026_03_30.csv
2026-03-30,202247,Simon Beaupain,1216,8,0.0,0.0,BEL,26,atp_rankings_2026_03_30.csv
2026-03-30,130493,Tiago Silva,1217,8,0.0,0.0,POR,21,atp_rankings_2026_03_30.csv
2026-03-30,144927,Siddharth Vishwakarma,1218,8,-3.0,-93.0,IND,31,atp_rankings_2026_03_30.csv
2026-03-30,213825,Keaton Hance,1219,8,0.0,-1.0,USA,18,atp_rankings_2026_03_30.csv
2026-03-30,211638,Jack Loutit,1220,8,0.0,3.0,NZL,21,atp_rankings_2026_03_30.csv
2026-03-30,211610,Andreas Timini,1221,8,-1.0,-27.0,CYP,19,atp_rankings_2026_03_30.csv
2026-03-30,209913,Fons Van Sambeek,1222,8,4.0,290.0,NED,24,atp_rankings_2026_03_30.csv
2026-03-30,208382,Herman Hoeyeraal,1223,8,1.0,41.0,NOR,24,atp_rankings_2026_03_30.csv
2026-03-30,207236,Taketo Takamisawa,1224,8,0.0,-3.0,JPN,27,atp_rankings_2026_03_30.csv
2026-03-30,144744,Kazuki Nishiwaki,1225,8,0.0,3.0,JPN,31,atp_rankings_2026_03_30.csv
2026-03-30,207831,Ignacio Antonio Becerra Otarola,1226,8,0.0,0.0,CHI,25,atp_rankings_2026_03_30.csv
2026-03-30,209889,Thomas Braithwaite,1227,8,-4.0,-128.0,AUS,26,atp_rankings_2026_03_30.csv
2026-03-30,210605,Liam Branger,1227,8,1.0,46.0,FRA,25,atp_rankings_2026_03_30.csv
2026-03-30,213772,Lorenzo Comino,1227,8,0.0,0.0,ITA,20,atp_rankings_2026_03_30.csv
2026-03-30,212770,Timeo Trufelli,1227,8,1.0,43.0,FRA,18,atp_rankings_2026_03_30.csv
2026-03-30,209973,Edouard Villoslada,1231,8,0.0,-2.0,FRA,26,atp_rankings_2026_03_30.csv
2026-03-30,213701,Tobia Costanzo Baragiola Mordini,1232,8,0.0,-2.0,ITA,,atp_rankings_2026_03_30.csv
2026-03-30,210740,Liam Krall,1233,8,0.0,-2.0,USA,23,atp_rankings_2026_03_30.csv
2026-03-30,210183,Marcel Kamrowski,1234,8,1.0,45.0,POL,23,atp_rankings_2026_03_30.csv
2026-03-30,211662,Gabriel Schenekenberg,1235,8,1.0,46.0,BRA,21,atp_rankings_2026_03_30.csv
2026-03-30,212631,David Eichenseher,1236,8,0.0,-2.0,GER,20,atp_rankings_2026_03_30.csv
2026-03-30,149267,Andrea Colombo,1237,8,0.0,0.0,ITA,23,atp_rankings_2026_03_30.csv
2026-03-30,211467,Aditya Vishal Balsekar,1238,8,0.0,-7.0,IND,23,atp_rankings_2026_03_30.csv
2026-03-30,211645,Christian Djonov,1239,8,0.0,-1.0,GER,26,atp_rankings_2026_03_30.csv
2026-03-30,212134,Maxence Rivet,1240,8,0.0,2.0,FRA,22,atp_rankings_2026_03_30.csv
2026-03-30,211532,Nicolo Toffanin,1241,8,0.0,-1.0,ITA,23,atp_rankings_2026_03_30.csv
2026-03-30,212183,Yuquan Jin,1242,8,0.0,3.0,CHN,25,atp_rankings_2026_03_30.csv
2026-03-30,144955,Yuichiro Inui,1243,8,0.0,1.0,JPN,30,atp_rankings_2026_03_30.csv
2026-03-30,213064,Samuele Seghetti,1244,8,0.0,2.0,ITA,19,atp_rankings_2026_03_30.csv
2026-03-30,202081,Diogo Marques,1245,8,-1.0,-37.0,POR,26,atp_rankings_2026_03_30.csv
2026-03-30,106005,Constant Lestienne,1246,7,0.0,4.0,FRA,33,atp_rankings_2026_03_30.csv
2026-03-30,212992,Niels Ratiu,1247,7,0.0,0.0,BEL,20,atp_rankings_2026_03_30.csv
2026-03-30,144081,Alex Chang,1248,7,0.0,0.0,USA,39,atp_rankings_2026_03_30.csv
2026-03-30,209910,Szymon Kielan,1249,7,0.0,3.0,POL,23,atp_rankings_2026_03_30.csv
2026-03-30,210538,Noa Vukadin,1250,7,0.0,-1.0,CRO,21,atp_rankings_2026_03_30.csv
2026-03-30,210475,Preston Stearns,1251,7,0.0,0.0,USA,22,atp_rankings_2026_03_30.csv
2026-03-30,208485,Kiranpal Pannu,1252,7,-5.0,-166.0,NZL,29,atp_rankings_2026_03_30.csv
2026-03-30,210722,Viktor Markov,1253,7,0.0,1.0,BUL,20,atp_rankings_2026_03_30.csv
2026-03-30,210486,Nicholas Godsick,1254,7,0.0,1.0,USA,21,atp_rankings_2026_03_30.csv
2026-03-30,105985,Darian King,1255,7,0.0,1.0,BAR,33,atp_rankings_2026_03_30.csv
2026-03-30,210473,Fnu Nidunjianzan,1255,7,0.0,1.0,CHN,22,atp_rankings_2026_03_30.csv
2026-03-30,213619,Oskari Paldanius,1257,7,-10.0,-259.0,FIN,,atp_rankings_2026_03_30.csv
2026-03-30,209887,Liam Gavrielides,1258,7,0.0,0.0,GER,22,atp_rankings_2026_03_30.csv
2026-03-30,207616,Oscar Moraing,1259,7,-1.0,-38.0,GER,26,atp_rankings_2026_03_30.csv
2026-03-30,212896,Melvin Kumar,1260,7,0.0,-1.0,SWE,19,atp_rankings_2026_03_30.csv
2026-03-30,207408,Niklas Guttau,1261,7,0.0,-1.0,GER,26,atp_rankings_2026_03_30.csv
2026-03-30,210458,Bernardo Munk Mesa,1262,7,0.0,-1.0,ESP,20,atp_rankings_2026_03_30.csv
2026-03-30,214231,Johan Oscar Lien,1263,7,0.0,-1.0,NOR,18,atp_rankings_2026_03_30.csv
2026-03-30,212894,Patrik Munkhammar,1264,7,0.0,3.0,SWE,18,atp_rankings_2026_03_30.csv
2026-03-30,213923,Gilberto Ravasio,1264,7,0.0,3.0,ITA,21,atp_rankings_2026_03_30.csv
2026-03-30,213766,Enrique Carrascosa Diaz,1266,7,0.0,3.0,ESP,,atp_rankings_2026_03_30.csv
2026-03-30,134490,Justin Roberts,1266,7,0.0,-4.0,BAH,29,atp_rankings_2026_03_30.csv
2026-03-30,104986,Vishnu Vardhan,1266,7,-2.0,-72.0,IND,38,atp_rankings_2026_03_30.csv
2026-03-30,208840,Daniel Bagnolini,1269,7,0.0,-4.0,ITA,23,atp_rankings_2026_03_30.csv
2026-03-30,202192,Kuzey Cekirge,1269,7,0.0,-4.0,TUR,25,atp_rankings_2026_03_30.csv
2026-03-30,209255,Vladan Tadic,1269,7,1.0,67.0,BIH,25,atp_rankings_2026_03_30.csv
2026-03-30,213138,Alexander Wagner,1272,7,0.0,-1.0,AUT,19,atp_rankings_2026_03_30.csv
2026-03-30,211387,Jonas Pelle Hartenstein,1273,7,0.0,0.0,GER,24,atp_rankings_2026_03_30.csv
2026-03-30,200474,Ivan Denisov,1274,7,-2.0,-76.0,RUS,25,atp_rankings_2026_03_30.csv
2026-03-30,105060,Aldin Setkic,1275,7,0.0,8.0,BIH,38,atp_rankings_2026_03_30.csv
2026-03-30,213717,Sebastiano Cocola,1276,7,0.0,1.0,ITA,,atp_rankings_2026_03_30.csv
2026-03-30,149124,Oskar Grzegorzewski,1277,7,0.0,4.0,POL,21,atp_rankings_2026_03_30.csv
2026-03-30,149843,Conor Gannon,1278,7,0.0,5.0,IRL,23,atp_rankings_2026_03_30.csv
2026-03-30,208873,Nikola Basic,1279,7,-1.0,-46.0,CRO,24,atp_rankings_2026_03_30.csv
2026-03-30,208365,Amador Salazar,1279,7,0.0,7.0,CHI,25,atp_rankings_2026_03_30.csv
2026-03-30,210732,Miha Vetrih,1279,7,0.0,7.0,SLO,23,atp_rankings_2026_03_30.csv
2026-03-30,211450,Alessio Basile,1282,7,0.0,6.0,BEL,21,atp_rankings_2026_03_30.csv
2026-03-30,149152,Aaron Gil Garcia,1282,7,0.0,6.0,LUX,22,atp_rankings_2026_03_30.csv
2026-03-30,213131,Luke Hooper,1284,7,0.0,6.0,GBR,,atp_rankings_2026_03_30.csv
2026-03-30,211574,Ethan Cook,1285,7,-1.0,-46.0,AUS,23,atp_rankings_2026_03_30.csv
2026-03-30,212762,Victor Hugo Remondy Pagotto,1285,7,1.0,68.0,BRA,20,atp_rankings_2026_03_30.csv
2026-03-30,209314,Jan Kupcic,1287,7,-1.0,-52.0,SLO,24,atp_rankings_2026_03_30.csv
2026-03-30,211388,Felipe De Dios,1288,7,1.0,64.0,ARG,22,atp_rankings_2026_03_30.csv
2026-03-30,212889,Daniel Uta,1289,7,0.0,2.0,ROU,19,atp_rankings_2026_03_30.csv
2026-03-30,144788,Louis Tessa,1290,7,-2.0,-83.0,FRA,27,atp_rankings_2026_03_30.csv
2026-03-30,212903,Melih Anavatan,1291,7,0.0,4.0,TUR,,atp_rankings_2026_03_30.csv
2026-03-30,209391,Corban Crowther,1291,7,0.0,2.0,NZL,22,atp_rankings_2026_03_30.csv
2026-03-30,213048,Alan Wazny,1291,7,0.0,1.0,POL,,atp_rankings_2026_03_30.csv
2026-03-30,210192,Lucca Pinto,1294,7,2.0,148.0,BRA,23,atp_rankings_2026_03_30.csv
2026-03-30,200234,Joshua Peck,1295,7,1.0,63.0,CAN,27,atp_rankings_2026_03_30.csv
2026-03-30,122234,Alp Horoz,1296,7,0.0,3.0,TUR,30,atp_rankings_2026_03_30.csv
2026-03-30,212210,Filippo Mazzola,1296,7,2.0,144.0,ITA,20,atp_rankings_2026_03_30.csv
2026-03-30,212624,Nikola Jovic,1298,7,0.0,0.0,SRB,19,atp_rankings_2026_03_30.csv
2026-03-30,209967,Antoine Berger,1299,7,0.0,0.0,FRA,27,atp_rankings_2026_03_30.csv
2026-03-30,212465,Charles Chen,1299,7,0.0,0.0,CHN,18,atp_rankings_2026_03_30.csv
2026-03-30,213361,Ivan Gretskiy,1301,7,0.0,1.0,RUS,20,atp_rankings_2026_03_30.csv
2026-03-30,210632,Vadym Konovchuk,1302,7,0.0,3.0,UKR,22,atp_rankings_2026_03_30.csv
2026-03-30,208816,Jeremy Schifris,1302,7,1.0,60.0,GER,24,atp_rankings_2026_03_30.csv
2026-03-30,211390,Sergi Fita Juan,1304,7,0.0,-1.0,ESP,,atp_rankings_2026_03_30.csv
2026-03-30,212218,Rohan  Murali,1305,6,0.0,1.0,USA,21,atp_rankings_2026_03_30.csv
2026-03-30,211635,Segundo Goity Zapico,1306,6,0.0,1.0,ARG,20,atp_rankings_2026_03_30.csv
2026-03-30,212847,Alejandro Hayen,1307,6,,,MEX,27,atp_rankings_2026_03_30.csv
2026-03-30,211609,Max Dahlin,1308,6,0.0,0.0,SWE,20,atp_rankings_2026_03_30.csv
2026-03-30,105156,Federico Zeballos,1308,6,0.0,0.0,BOL,37,atp_rankings_2026_03_30.csv
2026-03-30,210037,Mehdi Benchakroun,1310,6,0.0,0.0,MAR,22,atp_rankings_2026_03_30.csv
2026-03-30,144874,Ryan James Storrie,1311,6,0.0,0.0,GBR,28,atp_rankings_2026_03_30.csv
2026-03-30,212153,Filip Gustafsson,1312,6,0.0,1.0,SWE,21,atp_rankings_2026_03_30.csv
2026-03-30,209204,Iiro Vasa,1312,6,1.0,55.0,FIN,23,atp_rankings_2026_03_30.csv
2026-03-30,212075,Rodrigo Fernandes,1314,6,0.0,0.0,POR,19,atp_rankings_2026_03_30.csv
2026-03-30,126193,Mark Whitehouse,1315,6,0.0,0.0,GBR,32,atp_rankings_2026_03_30.csv
2026-03-30,213654,Noah Johnston,1316,6,0.0,1.0,USA,,atp_rankings_2026_03_30.csv
2026-03-30,209932,Michal Novansky,1316,6,0.0,1.0,SVK,23,atp_rankings_2026_03_30.csv
2026-03-30,200681,Adil Kalyanpur,1318,6,0.0,2.0,IND,26,atp_rankings_2026_03_30.csv
2026-03-30,207809,Khololwam Montsi,1318,6,0.0,2.0,RSA,23,atp_rankings_2026_03_30.csv
2026-03-30,214589,Yannick Theodor Alexandrescou,1320,6,-1.0,-67.0,FRA,18,atp_rankings_2026_03_30.csv
2026-03-30,211670,Marko Mesarovic,1320,6,0.0,2.0,USA,,atp_rankings_2026_03_30.csv
2026-03-30,214112,Remy Dugardin,1322,6,0.0,3.0,FRA,,atp_rankings_2026_03_30.csv
2026-03-30,213836,Gavin Goode,1322,6,0.0,3.0,USA,,atp_rankings_2026_03_30.csv
2026-03-30,210697,Harold Huens,1324,6,0.0,3.0,BEL,23,atp_rankings_2026_03_30.csv
2026-03-30,212148,Novak Novakovic,1324,6,0.0,3.0,SRB,25,atp_rankings_2026_03_30.csv
2026-03-30,212196,Yua Taka,1324,6,0.0,7.0,JPN,,atp_rankings_2026_03_30.csv
2026-03-30,202128,Louis Dussin,1327,6,0.0,6.0,FRA,26,atp_rankings_2026_03_30.csv
2026-03-30,212250,James Connel,1328,6,1.0,50.0,GBR,23,atp_rankings_2026_03_30.csv
2026-03-30,212683,Theo Herrmann,1328,6,0.0,2.0,FRA,21,atp_rankings_2026_03_30.csv
2026-03-30,212231,Junhyeon Lee,1330,6,-2.0,-105.0,KOR,,atp_rankings_2026_03_30.csv
2026-03-30,212606,Leonardo Borrelli,1331,6,0.0,3.0,ITA,20,atp_rankings_2026_03_30.csv
2026-03-30,210348,Jarno Jans,1332,6,0.0,3.0,NED,25,atp_rankings_2026_03_30.csv
2026-03-30,106245,Rodolfo Jauregui Sainz De Rozas,1332,6,0.0,7.0,MEX,32,atp_rankings_2026_03_30.csv
2026-03-30,210364,Mateo Castañeda,1334,6,0.0,8.0,COL,20,atp_rankings_2026_03_30.csv
2026-03-30,213632,Glib Sekachov,1334,6,0.0,4.0,UKR,,atp_rankings_2026_03_30.csv
2026-03-30,213614,Dmitry Bessonov,1336,6,-1.0,-63.0,RUS,,atp_rankings_2026_03_30.csv
2026-03-30,213175,Lucca Liu,1336,6,1.0,71.0,USA,22,atp_rankings_2026_03_30.csv
2026-03-30,213882,Gray Voelzke,1336,6,0.0,3.0,USA,23,atp_rankings_2026_03_30.csv
2026-03-30,210733,Arthur Bonnaud,1339,6,0.0,8.0,FRA,29,atp_rankings_2026_03_30.csv
2026-03-30,211474,Pablo Trochu,1339,6,0.0,2.0,FRA,22,atp_rankings_2026_03_30.csv
2026-03-30,149162,Xiaoyin Yang,1339,6,0.0,-2.0,CHN,21,atp_rankings_2026_03_30.csv
2026-03-30,213092,Jonas Kucera,1342,6,-1.0,-63.0,CZE,19,atp_rankings_2026_03_30.csv
2026-03-30,213579,Jan Klimas,1343,6,0.0,1.0,CZE,,atp_rankings_2026_03_30.csv
2026-03-30,149278,Daniel Khazime,1344,6,0.0,1.0,RUS,21,atp_rankings_2026_03_30.csv
2026-03-30,212069,Kabir Hans,1345,6,-1.0,-68.0,IND,24,atp_rankings_2026_03_30.csv
2026-03-30,212460,Yan Cheng Chen,1346,6,0.0,0.0,TPE,23,atp_rankings_2026_03_30.csv
2026-03-30,212934,Antoni Fabre,1347,6,0.0,1.0,FRA,,atp_rankings_2026_03_30.csv
2026-03-30,212752,Filippo Alberti,1348,6,0.0,1.0,ITA,22,atp_rankings_2026_03_30.csv
2026-03-30,212106,Noah Lopez Cherubino,1348,6,0.0,1.0,ESP,,atp_rankings_2026_03_30.csv
2026-03-30,210735,Radovan Michalik,1350,6,0.0,1.0,SVK,22,atp_rankings_2026_03_30.csv
2026-03-30,209392,Reece Falck,1351,6,-1.0,-68.0,NZL,23,atp_rankings_2026_03_30.csv
2026-03-30,213180,Leonardo Cattaneo,1352,6,0.0,3.0,ITA,20,atp_rankings_2026_03_30.csv
2026-03-30,214013,Fanming Meng,1352,6,1.0,76.0,CHN,,atp_rankings_2026_03_30.csv
2026-03-30,211411,Tyler Stice,1354,6,-1.0,-61.0,USA,25,atp_rankings_2026_03_30.csv
2026-03-30,212536,James Beaven,1355,6,0.0,2.0,GBR,21,atp_rankings_2026_03_30.csv
2026-03-30,212841,Lucas Marionneau,1356,6,-1.0,-60.0,FRA,19,atp_rankings_2026_03_30.csv
2026-03-30,213848,Nicholas Roberts,1357,6,0.0,2.0,FRA,19,atp_rankings_2026_03_30.csv
2026-03-30,207738,Brandon Perez,1358,6,0.0,2.0,VEN,26,atp_rankings_2026_03_30.csv
2026-03-30,209977,Matas Vasiliauskas,1359,6,-1.0,-62.0,LTU,24,atp_rankings_2026_03_30.csv
2026-03-30,205885,Joao Graa,1360,6,0.0,3.0,POR,25,atp_rankings_2026_03_30.csv
2026-03-30,208603,Cleeve Harper,1361,5,0.0,3.0,CAN,25,atp_rankings_2026_03_30.csv
2026-03-30,210352,Santiago  Lora,1362,5,0.0,3.0,BOL,18,atp_rankings_2026_03_30.csv
2026-03-30,200611,Elliot Benchetrit,1363,5,0.0,9.0,MAR,27,atp_rankings_2026_03_30.csv
2026-03-30,209855,James Hopper,1363,5,0.0,4.0,GBR,24,atp_rankings_2026_03_30.csv
2026-03-30,210438,Jeremy Jin,1363,5,0.0,4.0,AUS,21,atp_rankings_2026_03_30.csv
2026-03-30,211647,Jaden Weekes,1363,5,0.0,4.0,CAN,21,atp_rankings_2026_03_30.csv
2026-03-30,209879,Luc Koenig,1367,5,0.0,4.0,GBR,22,atp_rankings_2026_03_30.csv
2026-03-30,210667,Edoardo Cherie Ligniere,1368,5,0.0,4.0,ITA,21,atp_rankings_2026_03_30.csv
2026-03-30,211740,Jeremy Zhang,1368,5,0.0,4.0,AUS,20,atp_rankings_2026_03_30.csv
2026-03-30,211551,Asahi Harazaki,1370,5,0.0,6.0,JPN,,atp_rankings_2026_03_30.csv
2026-03-30,109318,Pawel Cias,1370,5,0.0,6.0,POL,32,atp_rankings_2026_03_30.csv
2026-03-30,207507,Stefan Latinovic,1372,5,0.0,6.0,SRB,26,atp_rankings_2026_03_30.csv
2026-03-30,213830,Saki Tange,1372,5,0.0,6.0,JPN,22,atp_rankings_2026_03_30.csv
2026-03-30,213141,Georgi Georgiev,1374,5,-1.0,-50.0,BUL,19,atp_rankings_2026_03_30.csv
2026-03-30,211386,Alessio Vasquez Gehrke,1374,5,0.0,8.0,GER,22,atp_rankings_2026_03_30.csv
2026-03-30,212647,Jaesung Choe,1376,5,0.0,7.0,KOR,26,atp_rankings_2026_03_30.csv
2026-03-30,200105,Frazier Rengifo,1376,5,0.0,-4.0,COL,27,atp_rankings_2026_03_30.csv
2026-03-30,212769,Leo Lagarrigue,1378,5,0.0,6.0,FRA,19,atp_rankings_2026_03_30.csv
2026-03-30,210474,Alexander Frusina,1379,5,0.0,6.0,USA,20,atp_rankings_2026_03_30.csv
2026-03-30,210117,William Jansen,1380,5,0.0,6.0,GBR,21,atp_rankings_2026_03_30.csv
2026-03-30,212037,Amir Milushev,1380,5,0.0,6.0,UZB,20,atp_rankings_2026_03_30.csv
2026-03-30,213818,William Mirarchi,1380,5,0.0,6.0,ITA,19,atp_rankings_2026_03_30.csv
2026-03-30,210444,Charlelie Cosnet,1383,5,0.0,6.0,FRA,23,atp_rankings_2026_03_30.csv
2026-03-30,213066,Stefan Horia Haita,1383,5,0.0,6.0,ROU,18,atp_rankings_2026_03_30.csv
2026-03-30,210055,Noah Lopez,1383,5,0.0,6.0,SUI,24,atp_rankings_2026_03_30.csv
2026-03-30,207230,Damien Salvestre,1383,5,0.0,6.0,FRA,24,atp_rankings_2026_03_30.csv
2026-03-30,138104,Stefan Cooper,1387,5,-1.0,-56.0,GBR,29,atp_rankings_2026_03_30.csv
2026-03-30,212604,Diego Jarry Fillol,1387,5,1.0,84.0,USA,23,atp_rankings_2026_03_30.csv
2026-03-30,206790,Alexis Gurmendi,1389,5,0.0,4.0,ARG,28,atp_rankings_2026_03_30.csv
2026-03-30,214038,Laurence Teunissen,1390,5,0.0,4.0,NED,,atp_rankings_2026_03_30.csv
2026-03-30,212937,Achilles Belkovics,1391,5,0.0,4.0,HUN,,atp_rankings_2026_03_30.csv
2026-03-30,212499,Vardan Manukyan,1391,5,0.0,13.0,RUS,21,atp_rankings_2026_03_30.csv
2026-03-30,209982,Konstantin Zhzhenov,1391,5,0.0,4.0,RUS,21,atp_rankings_2026_03_30.csv
2026-03-30,213600,Dillon Beckles,1394,5,0.0,3.0,USA,,atp_rankings_2026_03_30.csv
2026-03-30,210602,Peetu Pohjola,1394,5,0.0,3.0,FIN,25,atp_rankings_2026_03_30.csv
2026-03-30,213151,Flynn Thomas,1394,5,0.0,3.0,SUI,,atp_rankings_2026_03_30.csv
2026-03-30,213215,Bill Chan,1397,5,0.0,5.0,SGP,,atp_rankings_2026_03_30.csv
2026-03-30,105590,Uladzimir Ignatik,1398,5,0.0,5.0,BLR,35,atp_rankings_2026_03_30.csv
2026-03-30,111436,Nick Chappell,1399,5,0.0,13.0,USA,33,atp_rankings_2026_03_30.csv
2026-03-30,213721,Pierre Antoine Faut,1399,5,0.0,5.0,FRA,,atp_rankings_2026_03_30.csv
2026-03-30,207772,Yuttana Charoenphon,1401,5,0.0,6.0,THA,25,atp_rankings_2026_03_30.csv
2026-03-30,206669,Hugo Maia,1402,5,0.0,4.0,POR,24,atp_rankings_2026_03_30.csv
2026-03-30,207209,Raghav Jaisinghani,1403,5,0.0,-6.0,IND,28,atp_rankings_2026_03_30.csv
2026-03-30,212864,Valentin Garay,1404,5,1.0,101.0,ARG,19,atp_rankings_2026_03_30.csv
2026-03-30,213218,Elias Julian Werner,1404,5,0.0,5.0,GER,,atp_rankings_2026_03_30.csv
2026-03-30,210140,Ioan Alexandru Chirita,1406,5,0.0,4.0,ROU,23,atp_rankings_2026_03_30.csv
2026-03-30,209258,Alexandre Reco,1406,5,0.0,4.0,FRA,26,atp_rankings_2026_03_30.csv
2026-03-30,213829,Mac Visser,1408,5,0.0,4.0,NED,21,atp_rankings_2026_03_30.csv
2026-03-30,208216,Alberto Bronzetti,1409,5,-5.0,-251.0,ITA,27,atp_rankings_2026_03_30.csv
2026-03-30,149153,Gabriele Volpi,1410,5,0.0,5.0,ITA,29,atp_rankings_2026_03_30.csv
2026-03-30,211690,Toprak Avcibasi,1411,5,0.0,5.0,TUR,21,atp_rankings_2026_03_30.csv
2026-03-30,211516,Lorenzo Beraldo,1411,5,-2.0,-135.0,ITA,19,atp_rankings_2026_03_30.csv
2026-03-30,212786,Victor Braga,1411,5,4.0,809.0,BRA,21,atp_rankings_2026_03_30.csv
2026-03-30,213004,Arthur Bellegy,1414,5,0.0,3.0,FRA,,atp_rankings_2026_03_30.csv
2026-03-30,212767,Aryan Lakshmanan,1414,5,0.0,3.0,IND,20,atp_rankings_2026_03_30.csv
2026-03-30,211322,Lasse Poertner,1416,5,0.0,4.0,GER,20,atp_rankings_2026_03_30.csv
2026-03-30,211366,Vuk Radjenovic,1416,5,0.0,4.0,SRB,20,atp_rankings_2026_03_30.csv
2026-03-30,212078,Riku Takahata,1416,5,1.0,100.0,JPN,24,atp_rankings_2026_03_30.csv
2026-03-30,212109,Antonio Voljavec,1416,5,1.0,105.0,CRO,20,atp_rankings_2026_03_30.csv
2026-03-30,213898,Richard Antoni,1420,5,0.0,-3.0,GER,,atp_rankings_2026_03_30.csv
2026-03-30,212130,Mariano Tammaro,1420,5,3.0,432.0,ITA,22,atp_rankings_2026_03_30.csv
2026-03-30,149266,Fadi Bidan,1422,5,0.0,2.0,LBN,20,atp_rankings_2026_03_30.csv
2026-03-30,210191,Gian Gruenig,1422,5,0.0,2.0,SUI,26,atp_rankings_2026_03_30.csv
2026-03-30,213198,Kacper Knitter,1422,5,0.0,2.0,POL,18,atp_rankings_2026_03_30.csv
2026-03-30,149130,Joe Leather,1422,5,0.0,2.0,GBR,,atp_rankings_2026_03_30.csv
2026-03-30,211503,Nico Hipfl,1426,5,-1.0,-71.0,AUT,19,atp_rankings_2026_03_30.csv
2026-03-30,208855,Christopher Papa,1427,5,0.0,-4.0,USA,24,atp_rankings_2026_03_30.csv
2026-03-30,212757,Jack Bruce Smith,1428,5,1.0,100.0,AUS,24,atp_rankings_2026_03_30.csv
2026-03-30,213927,Gabriele Crivellaro,1428,5,0.0,1.0,ITA,18,atp_rankings_2026_03_30.csv
2026-03-30,144813,Benjamin Hannestad,1428,5,0.0,1.0,DEN,29,atp_rankings_2026_03_30.csv
2026-03-30,212589,Luka Talan Lopatic,1431,5,0.0,0.0,SLO,18,atp_rankings_2026_03_30.csv
2026-03-30,213557,Alessandro Battiston,1432,5,-1.0,-79.0,ITA,,atp_rankings_2026_03_30.csv
2026-03-30,213043,Hiromasa Koyama,1432,5,0.0,0.0,JPN,18,atp_rankings_2026_03_30.csv
2026-03-30,206646,Louis Van Herck,1434,5,0.0,1.0,LUX,26,atp_rankings_2026_03_30.csv
2026-03-30,209417,Alan Bojarski,1435,5,0.0,-2.0,POL,22,atp_rankings_2026_03_30.csv
2026-03-30,211495,Andrin Casanova,1435,5,-1.0,-74.0,SUI,21,atp_rankings_2026_03_30.csv
2026-03-30,211667,Matteo Fondriest,1435,5,0.0,-2.0,ITA,21,atp_rankings_2026_03_30.csv
2026-03-30,111197,Jonathan Mridha,1435,5,1.0,96.0,SWE,30,atp_rankings_2026_03_30.csv
2026-03-30,208185,Michael Gloeckler,1439,5,0.0,1.0,AUT,27,atp_rankings_2026_03_30.csv
2026-03-30,210394,Nikita Ianin,1440,5,0.0,4.0,RUS,24,atp_rankings_2026_03_30.csv
2026-03-30,212030,Kerem Yilmaz,1440,5,0.0,4.0,TUR,18,atp_rankings_2026_03_30.csv
2026-03-30,213585,Roman Kharlamov,1442,5,0.0,-7.0,RUS,,atp_rankings_2026_03_30.csv
2026-03-30,134310,Alexey Aleshchev,1443,5,0.0,1.0,RUS,27,atp_rankings_2026_03_30.csv
2026-03-30,211407,Andrea Bacaloni,1443,5,0.0,-1.0,ITA,23,atp_rankings_2026_03_30.csv
2026-03-30,208164,Yassine Smiej,1443,5,0.0,1.0,MAR,26,atp_rankings_2026_03_30.csv
2026-03-30,122474,Guy Orly Iradukunda,1446,4,0.0,2.0,BDI,30,atp_rankings_2026_03_30.csv
2026-03-30,208358,Aleksi Lofman,1446,4,0.0,2.0,FIN,24,atp_rankings_2026_03_30.csv
2026-03-30,212575,Amirkhamza Nasridinov,1446,4,0.0,2.0,RUS,20,atp_rankings_2026_03_30.csv
2026-03-30,144682,Kaito Uesugi,1446,4,0.0,2.0,JPN,30,atp_rankings_2026_03_30.csv
2026-03-30,208190,Davide Tortora,1450,4,0.0,2.0,ITA,25,atp_rankings_2026_03_30.csv
2026-03-30,213098,Hugo Car,1451,4,0.0,2.0,FRA,23,atp_rankings_2026_03_30.csv
2026-03-30,131951,Daniel Cukierman,1452,4,-2.0,-140.0,ISR,30,atp_rankings_2026_03_30.csv
2026-03-30,213042,Hugo Coquelin,1453,4,0.0,2.0,GBR,20,atp_rankings_2026_03_30.csv
2026-03-30,210569,Sebastian Eriksson,1453,4,0.0,2.0,SWE,20,atp_rankings_2026_03_30.csv
2026-03-30,207836,Muzammil Murtaza,1453,4,0.0,2.0,PAK,26,atp_rankings_2026_03_30.csv
2026-03-30,210405,Azuma Visaya,1453,4,0.0,2.0,USA,22,atp_rankings_2026_03_30.csv
2026-03-30,212914,Corey Craig,1457,4,0.0,2.0,USA,22,atp_rankings_2026_03_30.csv
2026-03-30,105731,Steven Diez,1457,4,-2.0,-135.0,CAN,35,atp_rankings_2026_03_30.csv
2026-03-30,213784,Guillermo Tunas,1457,4,3.0,596.0,MEX,25,atp_rankings_2026_03_30.csv
2026-03-30,211333,Vito Tonejc,1460,4,-2.0,-144.0,CRO,26,atp_rankings_2026_03_30.csv
2026-03-30,211570,Cesar Cruz,1461,4,0.0,-1.0,ESA,19,atp_rankings_2026_03_30.csv
2026-03-30,210416,Bryce Nakashima,1461,4,0.0,-1.0,USA,22,atp_rankings_2026_03_30.csv
2026-03-30,210746,Paul Barbier Gazeu,1463,4,0.0,-1.0,FRA,20,atp_rankings_2026_03_30.csv
2026-03-30,105335,Sho Katayama,1463,4,0.0,-1.0,JPN,36,atp_rankings_2026_03_30.csv
2026-03-30,209355,Timo Legout,1463,4,0.0,-1.0,FRA,24,atp_rankings_2026_03_30.csv
2026-03-30,212068,Stepan Baum,1466,4,0.0,-1.0,CZE,22,atp_rankings_2026_03_30.csv
2026-03-30,212899,Moritz Kudernatsch,1467,4,0.0,-1.0,GER,20,atp_rankings_2026_03_30.csv
2026-03-30,208206,Walid Ahouda,1468,4,0.0,0.0,MAR,22,atp_rankings_2026_03_30.csv
2026-03-30,130247,Anton Chekhov,1468,4,0.0,0.0,RUS,33,atp_rankings_2026_03_30.csv
2026-03-30,214192,Ymerali Ibraimi,1470,4,1.0,101.0,AUS,17,atp_rankings_2026_03_30.csv
2026-03-30,211330,Vasco Leote Prata,1470,4,0.0,0.0,POR,22,atp_rankings_2026_03_30.csv
2026-03-30,207439,Dax Donders,1472,4,0.0,-1.0,NED,25,atp_rankings_2026_03_30.csv
2026-03-30,202165,Alberto Lim,1472,4,0.0,-1.0,PHI,26,atp_rankings_2026_03_30.csv
2026-03-30,202195,Maxime Cressy,1474,4,0.0,0.0,USA,28,atp_rankings_2026_03_30.csv
2026-03-30,210743,Pranav Kumar,1474,4,0.0,9.0,USA,26,atp_rankings_2026_03_30.csv
2026-03-30,213815,Sergey Petrov,1474,4,0.0,0.0,RUS,,atp_rankings_2026_03_30.csv
2026-03-30,206580,Nicola Rispoli,1474,4,0.0,0.0,ITA,28,atp_rankings_2026_03_30.csv
2026-03-30,133667,Congsup Congcar,1478,4,0.0,-1.0,THA,29,atp_rankings_2026_03_30.csv
2026-03-30,209273,Romain Gales,1478,4,0.0,-1.0,FRA,21,atp_rankings_2026_03_30.csv
2026-03-30,213785,Toshiki Karigyo,1478,4,-1.0,-81.0,JPN,24,atp_rankings_2026_03_30.csv
2026-03-30,123843,Davide Pontoglio,1478,4,0.0,-1.0,ITA,33,atp_rankings_2026_03_30.csv
2026-03-30,212459,Kai I Wang,1478,4,0.0,-1.0,TPE,21,atp_rankings_2026_03_30.csv
2026-03-30,120545,Ko Suzuki,1483,4,0.0,0.0,JPN,34,atp_rankings_2026_03_30.csv
2026-03-30,127143,Jirat Navasirisomboon,1484,4,0.0,16.0,THA,29,atp_rankings_2026_03_30.csv
2026-03-30,208933,Dian Nedev,1484,4,0.0,1.0,BUL,25,atp_rankings_2026_03_30.csv
2026-03-30,209974,Aleksander Orlikowski,1484,4,0.0,1.0,POL,22,atp_rankings_2026_03_30.csv
2026-03-30,212617,Shu Muto,1487,4,0.0,2.0,JPN,,atp_rankings_2026_03_30.csv
2026-03-30,213204,Zane Stevens,1487,4,0.0,2.0,AUS,19,atp_rankings_2026_03_30.csv
2026-03-30,206789,Lingxi Zhao,1487,4,0.0,9.0,CHN,26,atp_rankings_2026_03_30.csv
2026-03-30,213814,Gustavo Albieri,1490,4,0.0,1.0,BRA,18,atp_rankings_2026_03_30.csv
2026-03-30,200233,Nicaise Muamba,1490,4,0.0,1.0,CAN,25,atp_rankings_2026_03_30.csv
2026-03-30,207233,Nemanja Malesevic,1492,4,-1.0,-78.0,BIH,24,atp_rankings_2026_03_30.csv
2026-03-30,210301,Benjamin Ignacio Torres Fernandez,1492,4,0.0,8.0,CHI,22,atp_rankings_2026_03_30.csv
2026-03-30,134545,Alexis Canter,1494,4,0.0,11.0,GBR,27,atp_rankings_2026_03_30.csv
2026-03-30,213889,Arjun Rathi,1494,4,0.0,-13.0,IND,,atp_rankings_2026_03_30.csv
2026-03-30,208381,Nicolas Esteban Rico Arias,1494,4,0.0,11.0,COL,25,atp_rankings_2026_03_30.csv
2026-03-30,212840,Thomas Gerbaud,1497,4,0.0,-6.0,FRA,21,atp_rankings_2026_03_30.csv
2026-03-30,213648,Udit Kamboj,1497,4,0.0,-15.0,IND,,atp_rankings_2026_03_30.csv
2026-03-30,208890,Richard Zusman,1497,4,0.0,2.0,USA,25,atp_rankings_2026_03_30.csv
2026-03-30,211539,Gabor Hornung,1500,4,0.0,10.0,HUN,20,atp_rankings_2026_03_30.csv
2026-03-30,210105,Martyn Pawelski,1500,4,0.0,10.0,POL,21,atp_rankings_2026_03_30.csv
2026-03-30,213045,Manvydas Balciunas,1502,4,0.0,10.0,NED,20,atp_rankings_2026_03_30.csv
2026-03-30,149134,Matei Florin Breazu,1502,4,0.0,-2.0,ROU,17,atp_rankings_2026_03_30.csv
2026-03-30,214016,Bautista De La Pena,1502,4,0.0,-8.0,BRA,16,atp_rankings_2026_03_30.csv
2026-03-30,210601,Oskari Eerola,1502,4,0.0,-17.0,FIN,23,atp_rankings_2026_03_30.csv
2026-03-30,212924,Emanuel Ivanisevic,1502,4,0.0,-17.0,CRO,18,atp_rankings_2026_03_30.csv
2026-03-30,213838,Ronit Karki,1502,4,0.0,-2.0,USA,18,atp_rankings_2026_03_30.csv
2026-03-30,211762,David Naharro,1502,4,0.0,-8.0,ESP,22,atp_rankings_2026_03_30.csv
2026-03-30,208835,Rafael Giotis,1509,4,0.0,-4.0,GER,25,atp_rankings_2026_03_30.csv
2026-03-30,202217,Vito Dellelba,1510,4,1.0,117.0,ITA,27,atp_rankings_2026_03_30.csv
2026-03-30,213026,Amine Jamji,1510,4,1.0,103.0,MAR,,atp_rankings_2026_03_30.csv
2026-03-30,212963,Sebastian Grundtvig Jorgensen,1510,4,0.0,-10.0,DEN,24,atp_rankings_2026_03_30.csv
2026-03-30,209979,Madhwin Kamath,1510,4,-2.0,-168.0,IND,24,atp_rankings_2026_03_30.csv
2026-03-30,213765,Weiwen Pan,1510,4,0.0,2.0,CHN,20,atp_rankings_2026_03_30.csv
2026-03-30,212900,Andrea Paolini,1510,4,0.0,2.0,ITA,23,atp_rankings_2026_03_30.csv
2026-03-30,207248,Naoki Tajima,1510,4,0.0,10.0,JPN,25,atp_rankings_2026_03_30.csv
2026-03-30,212262,Kylian Collignon,1517,4,-1.0,-97.0,BEL,20,atp_rankings_2026_03_30.csv
2026-03-30,210570,Kevin Edengren,1517,4,0.0,-1.0,SWE,20,atp_rankings_2026_03_30.csv
2026-03-30,214229,Mathys Picard,1517,4,0.0,-21.0,FRA,18,atp_rankings_2026_03_30.csv
2026-03-30,213536,Sergio Planella Hernandez,1517,4,0.0,-1.0,ESP,,atp_rankings_2026_03_30.csv
2026-03-30,213624,Kosuke Shibano,1517,4,1.0,113.0,JPN,,atp_rankings_2026_03_30.csv
2026-03-30,210284,Pijus Vaitiekunas,1522,4,1.0,105.0,LTU,23,atp_rankings_2026_03_30.csv
2026-03-30,210651,Vlad Cristian Breazu,1523,4,0.0,-2.0,ROU,22,atp_rankings_2026_03_30.csv
2026-03-30,213391,Silvio Mencaglia,1523,4,1.0,107.0,ITA,21,atp_rankings_2026_03_30.csv
2026-03-30,212119,Nik Mikovic,1523,4,1.0,107.0,SLO,21,atp_rankings_2026_03_30.csv
2026-03-30,200310,Alexander Zgirovsky,1523,4,0.0,-2.0,BLR,24,atp_rankings_2026_03_30.csv
2026-03-30,202323,Arjun Mehrotra,1527,4,2.0,325.0,AUS,28,atp_rankings_2026_03_30.csv
2026-03-30,212310,Pepijn Bastiaansen,1528,4,0.0,-3.0,NED,20,atp_rankings_2026_03_30.csv
2026-03-30,210423,Alessandro Coccioli,1528,4,0.0,-12.0,ITA,23,atp_rankings_2026_03_30.csv
2026-03-30,214015,Xavi Palomar,1530,4,0.0,-3.0,ESP,,atp_rankings_2026_03_30.csv
2026-03-30,211455,Oren Vasser,1531,4,0.0,0.0,USA,26,atp_rankings_2026_03_30.csv
2026-03-30,133224,Francesco Ferrari,1532,4,-1.0,-97.0,ITA,28,atp_rankings_2026_03_30.csv
2026-03-30,213791,Fumin Jiang,1532,4,0.0,3.0,CHN,,atp_rankings_2026_03_30.csv
2026-03-30,211490,Daniel Verbeek,1532,4,0.0,-2.0,NED,21,atp_rankings_2026_03_30.csv
2026-03-30,209346,Stijn Pel,1535,4,1.0,121.0,NED,23,atp_rankings_2026_03_30.csv
2026-03-30,211364,Mihai Alexandru Coman,1536,4,0.0,-2.0,ROU,21,atp_rankings_2026_03_30.csv
2026-03-30,212630,Aaron Funk,1537,4,-1.0,-102.0,GER,20,atp_rankings_2026_03_30.csv
2026-03-30,213800,Ty Host,1537,4,0.0,-2.0,AUS,18,atp_rankings_2026_03_30.csv
2026-03-30,206447,Daniel Batista,1539,4,0.0,-2.0,POR,27,atp_rankings_2026_03_30.csv
2026-03-30,212738,Manel Lazaro Juncadella,1539,4,0.0,0.0,ESP,20,atp_rankings_2026_03_30.csv
2026-03-30,210076,Ioannis Kountourakis,1541,4,-1.0,-106.0,GRE,23,atp_rankings_2026_03_30.csv
2026-03-30,212745,Tadeo Meneo,1542,4,0.0,-5.0,ARG,20,atp_rankings_2026_03_30.csv
2026-03-30,210756,Loren Thomas Byers,1543,3,0.0,-3.0,USA,24,atp_rankings_2026_03_30.csv
2026-03-30,131905,Manuel Guinard,1543,3,0.0,-3.0,FRA,30,atp_rankings_2026_03_30.csv
2026-03-30,108766,Samir Iftikhar,1543,3,0.0,-3.0,PAK,34,atp_rankings_2026_03_30.csv
2026-03-30,207839,Yousaf Khalil,1543,3,0.0,-3.0,PAK,26,atp_rankings_2026_03_30.csv
2026-03-30,202417,Siphosothando Montsi,1543,3,0.0,-3.0,RSA,26,atp_rankings_2026_03_30.csv
2026-03-30,126609,Patrik Niklas Salminen,1543,3,0.0,-3.0,FIN,29,atp_rankings_2026_03_30.csv
2026-03-30,134256,Reese Stalder,1543,3,0.0,-3.0,USA,29,atp_rankings_2026_03_30.csv
2026-03-30,212642,Patrik Trhac,1543,3,0.0,-3.0,USA,27,atp_rankings_2026_03_30.csv
2026-03-30,210329,Antoine Vincent,1543,3,0.0,-3.0,FRA,27,atp_rankings_2026_03_30.csv
2026-03-30,206805,Luciano Carraro,1552,3,0.0,-12.0,ITA,27,atp_rankings_2026_03_30.csv
2026-03-30,213985,Kelly Giese,1552,3,0.0,-1.0,USA,21,atp_rankings_2026_03_30.csv
2026-03-30,208123,Tom Hands,1552,3,0.0,-1.0,GBR,29,atp_rankings_2026_03_30.csv
2026-03-30,209972,Adit Sinha,1552,3,0.0,-1.0,USA,22,atp_rankings_2026_03_30.csv
2026-03-30,202269,Justin Barki,1556,3,0.0,-2.0,INA,25,atp_rankings_2026_03_30.csv
2026-03-30,208178,Samuel Brosset,1556,3,0.0,-2.0,FRA,28,atp_rankings_2026_03_30.csv
2026-03-30,212859,Matisse Farzam,1556,3,0.0,-2.0,USA,19,atp_rankings_2026_03_30.csv
2026-03-30,209925,Thijmen Loof,1556,3,0.0,-2.0,NED,23,atp_rankings_2026_03_30.csv
2026-03-30,212158,Will Mayew,1556,3,0.0,-2.0,USA,21,atp_rankings_2026_03_30.csv
2026-03-30,210312,Oliver Ojakaar,1556,3,0.0,-2.0,EST,21,atp_rankings_2026_03_30.csv
2026-03-30,213957,Daniel Phillips,1556,3,0.0,-2.0,BER,21,atp_rankings_2026_03_30.csv
2026-03-30,207609,Alexey Zakharov,1556,3,0.0,-2.0,RUS,25,atp_rankings_2026_03_30.csv
2026-03-30,214001,Damien Clerc,1564,3,0.0,-1.0,FRA,,atp_rankings_2026_03_30.csv
2026-03-30,111515,Thai Son Kwiatkowski,1564,3,0.0,-1.0,USA,31,atp_rankings_2026_03_30.csv
2026-03-30,208334,Deney Wassermann,1564,3,0.0,10.0,NED,25,atp_rankings_2026_03_30.csv
2026-03-30,210230,Wissam Abderrahman,1567,3,0.0,-2.0,TUN,22,atp_rankings_2026_03_30.csv
2026-03-30,207739,Yusuf Khamis,1567,3,0.0,-2.0,EGY,26,atp_rankings_2026_03_30.csv
2026-03-30,213058,Weiyi Kong,1567,3,0.0,-2.0,CHN,,atp_rankings_2026_03_30.csv
2026-03-30,212491,Alexander Razeghi,1567,3,0.0,-2.0,USA,19,atp_rankings_2026_03_30.csv
2026-03-30,210693,Hudson Rivera,1567,3,0.0,-2.0,USA,21,atp_rankings_2026_03_30.csv
2026-03-30,210571,Isac Stroemberg,1567,3,0.0,-2.0,SWE,23,atp_rankings_2026_03_30.csv
2026-03-30,214341,Oscar Brown,1573,3,0.0,-2.0,GBR,23,atp_rankings_2026_03_30.csv
2026-03-30,214390,Antonin Witz,1573,3,0.0,-2.0,FRA,17,atp_rankings_2026_03_30.csv
2026-03-30,212291,Siwanat Auytayakul,1575,3,0.0,0.0,THA,21,atp_rankings_2026_03_30.csv
2026-03-30,213011,John Bothma,1575,3,0.0,0.0,RSA,18,atp_rankings_2026_03_30.csv
2026-03-30,214029,Ye Chen,1575,3,0.0,0.0,CHN,,atp_rankings_2026_03_30.csv
2026-03-30,213840,Teodor Davidov,1575,3,0.0,0.0,USA,,atp_rankings_2026_03_30.csv
2026-03-30,212912,Mathys Domenc,1575,3,0.0,0.0,FRA,16,atp_rankings_2026_03_30.csv
2026-03-30,213771,Dominick Mosejczuk,1575,3,0.0,16.0,USA,19,atp_rankings_2026_03_30.csv
2026-03-30,120922,Maciej Rajski,1575,3,0.0,0.0,POL,34,atp_rankings_2026_03_30.csv
2026-03-30,214210,Vincent Reisach,1575,3,0.0,0.0,GER,17,atp_rankings_2026_03_30.csv
2026-03-30,210190,Timofey Stepanov,1575,3,0.0,0.0,SUI,22,atp_rankings_2026_03_30.csv
2026-03-30,214246,Nikolas Stoot,1575,3,0.0,0.0,USA,18,atp_rankings_2026_03_30.csv
2026-03-30,213920,Nathan Cox,1585,3,0.0,1.0,USA,,atp_rankings_2026_03_30.csv
2026-03-30,213678,Felipe Dreer,1585,3,0.0,1.0,ARG,,atp_rankings_2026_03_30.csv
2026-03-30,212880,Ilyas Milad Fahim,1585,3,0.0,1.0,MAR,20,atp_rankings_2026_03_30.csv
2026-03-30,211406,Yazid Lahjomri,1585,3,0.0,1.0,MAR,20,atp_rankings_2026_03_30.csv
2026-03-30,212750,Clement Lemire,1585,3,0.0,1.0,FRA,19,atp_rankings_2026_03_30.csv
2026-03-30,213069,Gasper Matijasic,1585,3,1.0,136.0,SLO,,atp_rankings_2026_03_30.csv
2026-03-30,211660,Ryan Augusto Dos Santos,1591,3,0.0,0.0,BRA,22,atp_rankings_2026_03_30.csv
2026-03-30,206895,Alex Kobelt,1591,3,0.0,-16.0,USA,28,atp_rankings_2026_03_30.csv
2026-03-30,211677,Matthew Rankin,1591,3,0.0,0.0,GBR,21,atp_rankings_2026_03_30.csv
2026-03-30,207973,Ainius Sabaliauskas,1591,3,0.0,0.0,LTU,22,atp_rankings_2026_03_30.csv
2026-03-30,212854,Felipe Virgili Berini,1591,3,1.0,149.0,ITA,21,atp_rankings_2026_03_30.csv
2026-03-30,212632,Peter Alam,1596,3,0.0,7.0,GBR,23,atp_rankings_2026_03_30.csv
2026-03-30,210526,Niccolo Baroni,1596,3,0.0,0.0,ITA,22,atp_rankings_2026_03_30.csv
2026-03-30,213196,Rihards Neimanis,1596,3,0.0,0.0,LAT,18,atp_rankings_2026_03_30.csv
2026-03-30,212953,Ilija Palavestra,1596,3,1.0,146.0,USA,,atp_rankings_2026_03_30.csv
2026-03-30,213980,Arnav Paparkar,1596,3,1.0,146.0,IND,18,atp_rankings_2026_03_30.csv
2026-03-30,212092,Yu Tanaka,1596,3,0.0,0.0,JPN,22,atp_rankings_2026_03_30.csv
2026-03-30,200205,Valentin Vanta,1596,3,0.0,0.0,ROU,28,atp_rankings_2026_03_30.csv
2026-03-30,213584,Artem Bogomolov,1603,3,0.0,10.0,RUS,,atp_rankings_2026_03_30.csv
2026-03-30,211684,Emirhan Bulut,1603,3,0.0,10.0,TUR,19,atp_rankings_2026_03_30.csv
2026-03-30,213801,Jake Dembo,1603,3,0.0,10.0,AUS,,atp_rankings_2026_03_30.csv
2026-03-30,210598,Nicolas Hollender,1603,3,0.0,-1.0,ARG,24,atp_rankings_2026_03_30.csv
2026-03-30,210205,Edoardo Zanada,1603,3,0.0,10.0,ITA,25,atp_rankings_2026_03_30.csv
2026-03-30,214156,Mahmoud Chetouane,1608,3,0.0,-5.0,TUN,17,atp_rankings_2026_03_30.csv
2026-03-30,202439,Sean Hodkin,1608,3,0.0,-5.0,GBR,27,atp_rankings_2026_03_30.csv
2026-03-30,210115,Yunseok Jang,1608,3,-1.0,-112.0,KOR,22,atp_rankings_2026_03_30.csv
2026-03-30,209986,Viktor Jovic,1608,3,0.0,-5.0,SRB,24,atp_rankings_2026_03_30.csv
2026-03-30,149139,Arthur Laborde,1608,3,0.0,-5.0,SUI,21,atp_rankings_2026_03_30.csv
2026-03-30,213916,Ashton Mcleod,1608,3,2.0,505.0,AUS,18,atp_rankings_2026_03_30.csv
2026-03-30,209877,Stevan Popovic,1608,3,0.0,-5.0,GER,24,atp_rankings_2026_03_30.csv
2026-03-30,149268,Gabriele Vulpitta,1615,3,0.0,-3.0,ITA,20,atp_rankings_2026_03_30.csv
2026-03-30,213393,Breno Braga,1616,3,2.0,564.0,BRA,21,atp_rankings_2026_03_30.csv
2026-03-30,211589,Tilen Kovac,1616,3,0.0,-3.0,SLO,23,atp_rankings_2026_03_30.csv
2026-03-30,212167,Darius Florin Pop,1616,3,0.0,-3.0,ROU,21,atp_rankings_2026_03_30.csv
2026-03-30,213798,Noah Brownrigg,1619,3,-1.0,-114.0,AUS,19,atp_rankings_2026_03_30.csv
2026-03-30,210408,Luca Fantini,1619,3,0.0,25.0,ITA,25,atp_rankings_2026_03_30.csv
2026-03-30,213667,Valentin Guadagno,1619,3,0.0,2.0,ARG,,atp_rankings_2026_03_30.csv
2026-03-30,208841,Zekai Li,1619,3,0.0,2.0,CHN,26,atp_rankings_2026_03_30.csv
2026-03-30,122536,Juan Pablo Paz,1619,3,0.0,2.0,ARG,31,atp_rankings_2026_03_30.csv
2026-03-30,207541,Michalis Sakellaridis,1619,3,0.0,2.0,GRE,25,atp_rankings_2026_03_30.csv
2026-03-30,105419,Patricio Alvarado,1625,3,0.0,17.0,ECU,36,atp_rankings_2026_03_30.csv
2026-03-30,144665,Ryotero Matsumura,1625,3,0.0,17.0,JPN,29,atp_rankings_2026_03_30.csv
2026-03-30,213930,Zangar Nurlanuly,1625,3,0.0,2.0,KAZ,17,atp_rankings_2026_03_30.csv
2026-03-30,212965,Juan Jose Bianchi,1628,3,0.0,16.0,VEN,25,atp_rankings_2026_03_30.csv
2026-03-30,210153,David Fix,1628,3,0.0,2.0,GER,21,atp_rankings_2026_03_30.csv
2026-03-30,213628,Volodymyr Gurenko,1628,3,1.0,191.0,CAN,,atp_rankings_2026_03_30.csv
2026-03-30,213298,Carl Holder,1628,3,0.0,2.0,FRA,19,atp_rankings_2026_03_30.csv
2026-03-30,213114,Chun Chien Hou,1628,3,0.0,2.0,TPE,20,atp_rankings_2026_03_30.csv
2026-03-30,213640,Stephane Pierre Jo Kamendje,1628,3,0.0,2.0,CAN,,atp_rankings_2026_03_30.csv
2026-03-30,211787,Matteo Lavizzari,1628,3,0.0,2.0,SUI,21,atp_rankings_2026_03_30.csv
2026-03-30,213461,Andrea Mchich,1628,3,0.0,-7.0,FRA,20,atp_rankings_2026_03_30.csv
2026-03-30,213617,Mattia Nannelli,1628,3,0.0,2.0,ITA,,atp_rankings_2026_03_30.csv
2026-03-30,210011,Aristarkh Safonov,1628,3,0.0,16.0,RUS,23,atp_rankings_2026_03_30.csv
2026-03-30,210420,Gheorghe Claudiu Schinteie,1628,3,0.0,2.0,ROU,24,atp_rankings_2026_03_30.csv
2026-03-30,212498,Benoit Torcq,1628,3,1.0,191.0,BEL,20,atp_rankings_2026_03_30.csv
2026-03-30,213637,Daniel Domingos,1640,3,0.0,15.0,AGO,,atp_rankings_2026_03_30.csv
2026-03-30,212806,Benjamin Gusic Wan,1640,3,0.0,-27.0,GBR,18,atp_rankings_2026_03_30.csv
2026-03-30,209282,Ian Luca Cervantes Tomas,1642,3,-1.0,-117.0,MEX,22,atp_rankings_2026_03_30.csv
2026-03-30,212797,Hitesh Chauhan,1642,3,0.0,2.0,IND,18,atp_rankings_2026_03_30.csv
2026-03-30,213201,Valentino Grippo,1642,3,0.0,2.0,ARG,,atp_rankings_2026_03_30.csv
2026-03-30,210229,Aleksa Pisaric,1642,3,0.0,2.0,SRB,20,atp_rankings_2026_03_30.csv
2026-03-30,207367,Bora Sengul,1642,3,-1.0,-121.0,TUR,24,atp_rankings_2026_03_30.csv
2026-03-30,207559,Darrshan Suresh,1642,3,0.0,-12.0,MAS,25,atp_rankings_2026_03_30.csv
2026-03-30,212981,Jonas Gundacker,1648,3,0.0,3.0,AUT,23,atp_rankings_2026_03_30.csv
2026-03-30,209103,Haoyuan Huang,1648,3,0.0,3.0,CHN,23,atp_rankings_2026_03_30.csv
2026-03-30,212932,Noah Karma,1648,3,0.0,-18.0,SUI,,atp_rankings_2026_03_30.csv
2026-03-30,212289,Tom Sickenberger,1648,3,0.0,3.0,GER,,atp_rankings_2026_03_30.csv
2026-03-30,212875,Zhengyu Sun,1652,3,0.0,5.0,CHN,19,atp_rankings_2026_03_30.csv
2026-03-30,210110,Alessandro Bellifemine,1653,3,0.0,8.0,ITA,24,atp_rankings_2026_03_30.csv
2026-03-30,132018,Drew Van Orderlain,1653,3,-1.0,-125.0,USA,31,atp_rankings_2026_03_30.csv
2026-03-30,212067,Ye Hongyu,1655,3,0.0,2.0,CHN,21,atp_rankings_2026_03_30.csv
2026-03-30,213075,Alejandro Lopez Escribano,1655,3,-1.0,-124.0,ESP,19,atp_rankings_2026_03_30.csv
2026-03-30,211601,Alvaro Peiro Serrano,1655,3,0.0,2.0,ESP,22,atp_rankings_2026_03_30.csv
2026-03-30,212260,Rocco Valente,1655,3,1.0,202.0,ARG,21,atp_rankings_2026_03_30.csv
2026-03-30,149142,Tanguy Genier,1659,3,0.0,-2.0,SUI,28,atp_rankings_2026_03_30.csv
2026-03-30,213774,Dmitry Kopilevich,1659,3,0.0,3.0,SLO,19,atp_rankings_2026_03_30.csv
2026-03-30,207478,Zhenxiong Dong,1661,3,0.0,1.0,CHN,27,atp_rankings_2026_03_30.csv
2026-03-30,124045,Lawrence Bataljin,1662,3,0.0,3.0,AUS,29,atp_rankings_2026_03_30.csv
2026-03-30,209885,Gokberk Saritas,1662,3,0.0,2.0,TUR,22,atp_rankings_2026_03_30.csv
2026-03-30,211537,Alfred Almasi,1664,2,0.0,2.0,SVK,,atp_rankings_2026_03_30.csv
2026-03-30,212678,David Bakonyi,1664,2,0.0,2.0,HUN,19,atp_rankings_2026_03_30.csv
2026-03-30,213913,Casper Christensen,1664,2,0.0,2.0,NOR,23,atp_rankings_2026_03_30.csv
2026-03-30,214331,Valentino Conte,1664,2,0.0,2.0,ARG,21,atp_rankings_2026_03_30.csv
2026-03-30,213691,Connor Doig,1664,2,0.0,2.0,RSA,,atp_rankings_2026_03_30.csv
2026-03-30,213552,Jagger Leach,1664,2,-3.0,-298.0,USA,18,atp_rankings_2026_03_30.csv
2026-03-30,126630,Ivan Liutarevich,1664,2,0.0,2.0,BLR,30,atp_rankings_2026_03_30.csv
2026-03-30,212916,Marko Milosavljevic,1664,2,0.0,2.0,SRB,,atp_rankings_2026_03_30.csv
2026-03-30,214329,Diego Eduardo Munoz Navia,1664,2,0.0,2.0,BOL,20,atp_rankings_2026_03_30.csv
2026-03-30,208254,Ignacio Novo,1664,2,0.0,2.0,ARG,25,atp_rankings_2026_03_30.csv
2026-03-30,207547,Bruno Pujol Navarro,1664,2,0.0,2.0,ESP,24,atp_rankings_2026_03_30.csv
2026-03-30,105578,Cristian Rodriguez,1664,2,0.0,2.0,COL,35,atp_rankings_2026_03_30.csv
2026-03-30,214327,Oliver Andre Solis Encinas,1664,2,0.0,2.0,BOL,,atp_rankings_2026_03_30.csv
2026-03-30,208874,Seita Watanabe,1664,2,0.0,2.0,JPN,25,atp_rankings_2026_03_30.csv
2026-03-30,213523,Milan Welte,1664,2,0.0,2.0,GER,24,atp_rankings_2026_03_30.csv
2026-03-30,214270,Tomas Zurmendi,1664,2,0.0,2.0,URU,17,atp_rankings_2026_03_30.csv
2026-03-30,210504,Billy Blaydes,1680,2,0.0,2.0,GBR,22,atp_rankings_2026_03_30.csv
2026-03-30,212570,Nikita Filin,1680,2,0.0,2.0,USA,19,atp_rankings_2026_03_30.csv
2026-03-30,214337,Eudald Gonzalez,1680,2,0.0,32.0,ESP,17,atp_rankings_2026_03_30.csv
2026-03-30,144848,Sergio Luis Hernandez Ramirez,1680,2,0.0,-14.0,COL,26,atp_rankings_2026_03_30.csv
2026-03-30,212782,Saahith Jayaraman,1680,2,0.0,2.0,USA,,atp_rankings_2026_03_30.csv
2026-03-30,109737,Markos Kalovelonis,1680,2,0.0,2.0,GRE,31,atp_rankings_2026_03_30.csv
2026-03-30,214269,Marcel Latak,1680,2,0.0,2.0,USA,17,atp_rankings_2026_03_30.csv
2026-03-30,211622,Loan Lestir,1680,2,0.0,2.0,FRA,20,atp_rankings_2026_03_30.csv
2026-03-30,207505,Mario Mansilla Diez,1680,2,0.0,2.0,ESP,23,atp_rankings_2026_03_30.csv
2026-03-30,210102,Neo Niedner,1680,2,0.0,2.0,GER,22,atp_rankings_2026_03_30.csv
2026-03-30,214332,Henrique Ortenblad Nogueira,1680,2,0.0,2.0,BRA,23,atp_rankings_2026_03_30.csv
2026-03-30,213738,Jack Satterfield,1680,2,0.0,2.0,USA,,atp_rankings_2026_03_30.csv
2026-03-30,210376,Max  Sheldon,1680,2,0.0,2.0,USA,22,atp_rankings_2026_03_30.csv
2026-03-30,210565,Elijah Strode,1680,2,-2.0,-214.0,USA,24,atp_rankings_2026_03_30.csv
2026-03-30,214054,Baltazar Wiger Nordas,1680,2,0.0,2.0,NOR,22,atp_rankings_2026_03_30.csv
2026-03-30,214138,Bastian Berenz,1695,2,0.0,0.0,AUT,,atp_rankings_2026_03_30.csv
2026-03-30,212863,Benjamin Chelia,1695,2,0.0,26.0,ARG,17,atp_rankings_2026_03_30.csv
2026-03-30,214292,Ignacio De Armas,1695,2,0.0,0.0,VEN,17,atp_rankings_2026_03_30.csv
2026-03-30,209294,Diego Duran,1695,2,0.0,0.0,ESA,,atp_rankings_2026_03_30.csv
2026-03-30,210188,Petar Jovanovic,1695,2,0.0,0.0,MNE,22,atp_rankings_2026_03_30.csv
2026-03-30,212139,Vit Kalina,1695,2,0.0,0.0,CZE,20,atp_rankings_2026_03_30.csv
2026-03-30,214276,Min Ho Ko,1695,2,0.0,0.0,KOR,18,atp_rankings_2026_03_30.csv
2026-03-30,212476,Noritaka Koizumi,1695,2,0.0,0.0,JPN,22,atp_rankings_2026_03_30.csv
2026-03-30,212023,Oscar Lacides,1695,2,0.0,0.0,GUD,21,atp_rankings_2026_03_30.csv
2026-03-30,105011,Illya Marchenko,1695,2,0.0,0.0,UKR,38,atp_rankings_2026_03_30.csv
2026-03-30,106138,Yaraslav Shyla,1695,2,0.0,0.0,BLR,33,atp_rankings_2026_03_30.csv
2026-03-30,213999,Leon Sloboda,1695,2,0.0,0.0,SVK,,atp_rankings_2026_03_30.csv
2026-03-30,208589,Nikita Volonski,1695,2,0.0,0.0,AUS,24,atp_rankings_2026_03_30.csv
2026-03-30,211741,Anthony Wright,1695,2,0.0,0.0,GBR,21,atp_rankings_2026_03_30.csv
2026-03-30,209206,Antonio Caruso,1709,2,0.0,3.0,ITA,26,atp_rankings_2026_03_30.csv
2026-03-30,208821,Ondrej Horak,1709,2,0.0,3.0,CZE,23,atp_rankings_2026_03_30.csv
2026-03-30,208027,Alex Jones,1709,2,0.0,3.0,USA,27,atp_rankings_2026_03_30.csv
2026-03-30,213367,Emiliano Jorquera,1709,2,0.0,3.0,CAN,22,atp_rankings_2026_03_30.csv
2026-03-30,144896,Hao Sheng Koay,1709,2,0.0,3.0,MAS,27,atp_rankings_2026_03_30.csv
2026-03-30,210631,Linus Lagerbohm,1709,2,0.0,3.0,FIN,18,atp_rankings_2026_03_30.csv
2026-03-30,202345,Arvid Nordquist,1709,2,0.0,3.0,SWE,27,atp_rankings_2026_03_30.csv
2026-03-30,213274,Eli Stephenson,1709,2,0.0,3.0,USA,21,atp_rankings_2026_03_30.csv
2026-03-30,124126,Sarp Agabigun,1717,2,0.0,4.0,TUR,28,atp_rankings_2026_03_30.csv
2026-03-30,214377,Tito Chavez,1717,2,0.0,4.0,ESP,18,atp_rankings_2026_03_30.csv
2026-03-30,210308,Stylianos Christodoulou,1717,2,0.0,49.0,CYP,21,atp_rankings_2026_03_30.csv
2026-03-30,212883,Andres Delgadillo,1717,2,0.0,25.0,MEX,,atp_rankings_2026_03_30.csv
2026-03-30,126573,Thomas Fancutt,1717,2,0.0,-22.0,AUS,31,atp_rankings_2026_03_30.csv
2026-03-30,210711,Francisco Tomas Geschwind,1717,2,0.0,4.0,ARG,23,atp_rankings_2026_03_30.csv
2026-03-30,213823,Federico Guarducci,1717,2,0.0,4.0,ITA,22,atp_rankings_2026_03_30.csv
2026-03-30,202155,Yeongseok Jeong,1717,2,0.0,4.0,KOR,26,atp_rankings_2026_03_30.csv
2026-03-30,212669,Botond Kisantal,1717,2,0.0,4.0,HUN,20,atp_rankings_2026_03_30.csv
2026-03-30,212851,Espen Lagarde,1717,2,0.0,4.0,FRA,24,atp_rankings_2026_03_30.csv
2026-03-30,116985,Petr Michnev,1717,2,0.0,4.0,CZE,36,atp_rankings_2026_03_30.csv
2026-03-30,211587,Diogo Morais,1717,2,0.0,4.0,POR,21,atp_rankings_2026_03_30.csv
2026-03-30,210081,Viacheslav Ovchinnikov,1717,2,0.0,4.0,RUS,23,atp_rankings_2026_03_30.csv
2026-03-30,213964,Bengt Johan Reinhard,1717,2,0.0,4.0,GER,19,atp_rankings_2026_03_30.csv
2026-03-30,207587,Martins Rocens,1717,2,0.0,4.0,LAT,25,atp_rankings_2026_03_30.csv
2026-03-30,213173,Nicola Senn,1717,2,0.0,4.0,SUI,,atp_rankings_2026_03_30.csv
2026-03-30,104908,Mikal Oliver Statham,1717,2,1.0,231.0,NZL,38,atp_rankings_2026_03_30.csv
2026-03-30,207586,Justas Trainauskas,1717,2,1.0,148.0,LTU,24,atp_rankings_2026_03_30.csv
2026-03-30,212099,Benjamin Vitter,1717,2,0.0,4.0,FRA,23,atp_rankings_2026_03_30.csv
2026-03-30,213907,Christian Wedel,1717,2,0.0,4.0,GER,,atp_rankings_2026_03_30.csv
2026-03-30,213120,Lorenzo Berto,1737,2,,,ITA,18,atp_rankings_2026_03_30.csv
2026-03-30,207370,Ryusuke Horiuchi,1737,2,0.0,52.0,JPN,27,atp_rankings_2026_03_30.csv
2026-03-30,213873,Benjamin Perez,1737,2,0.0,3.0,CHI,18,atp_rankings_2026_03_30.csv
2026-03-30,122649,Photos Photiades,1737,2,0.0,52.0,CYP,22,atp_rankings_2026_03_30.csv
2026-03-30,214198,Daniel Aleksandar Amarandei,1741,2,1.0,312.0,ITA,18,atp_rankings_2026_03_30.csv
2026-03-30,211396,Vladimir Bazilevskiy,1741,2,0.0,25.0,ISR,20,atp_rankings_2026_03_30.csv
2026-03-30,212462,Evan Burnett,1741,2,0.0,1.0,USA,20,atp_rankings_2026_03_30.csv
2026-03-30,,Hugo Cardinaud,1741,2,0.0,1.0,,,atp_rankings_2026_03_30.csv
2026-03-30,212129,Mariano Dedura Palomero,1741,2,0.0,1.0,GER,20,atp_rankings_2026_03_30.csv
2026-03-30,212929,Nikola Djukic Valera,1741,2,0.0,1.0,ESP,,atp_rankings_2026_03_30.csv
2026-03-30,200622,Hernando Jose Escurra Isnardi,1741,2,0.0,25.0,PAR,28,atp_rankings_2026_03_30.csv
2026-03-30,212720,Juan Carlos Fuentes Vasquez,1741,2,0.0,1.0,ESA,20,atp_rankings_2026_03_30.csv
2026-03-30,212150,Oskar Jansson,1741,2,0.0,1.0,SWE,21,atp_rankings_2026_03_30.csv
2026-03-30,208007,Karlo Kajin,1741,2,1.0,372.0,CRO,26,atp_rankings_2026_03_30.csv
2026-03-30,207256,Admir Kalender,1741,2,0.0,1.0,CRO,25,atp_rankings_2026_03_30.csv
2026-03-30,210248,Jakub Kroslak,1741,2,0.0,1.0,SVK,22,atp_rankings_2026_03_30.csv
2026-03-30,206673,Bharath Nishok Kumaran,1741,2,-1.0,-145.0,IND,28,atp_rankings_2026_03_30.csv
2026-03-30,207431,Lewie Lane,1741,2,0.0,1.0,GER,25,atp_rankings_2026_03_30.csv
2026-03-30,212545,Henry Lieberman,1741,2,0.0,1.0,USA,25,atp_rankings_2026_03_30.csv
2026-03-30,214436,Simone Massellani,1741,2,0.0,-46.0,ITA,18,atp_rankings_2026_03_30.csv
2026-03-30,134113,Cing Yang Meng,1741,2,0.0,1.0,TPE,27,atp_rankings_2026_03_30.csv
2026-03-30,210060,Aleksandar Mihailovic,1741,2,0.0,1.0,SRB,23,atp_rankings_2026_03_30.csv
2026-03-30,125843,Ren Nakamura,1741,2,0.0,-20.0,JPN,31,atp_rankings_2026_03_30.csv
2026-03-30,210170,Noah Schlagenhauf,1741,2,0.0,1.0,GER,23,atp_rankings_2026_03_30.csv
2026-03-30,213553,Dmytro Shirokyi,1741,2,0.0,1.0,UKR,19,atp_rankings_2026_03_30.csv
2026-03-30,212098,Iker Urribarrens Ramirez,1741,2,-1.0,-138.0,ESP,22,atp_rankings_2026_03_30.csv
2026-03-30,210704,Kian Vakili,1741,2,0.0,25.0,USA,22,atp_rankings_2026_03_30.csv
2026-03-30,209199,Ilias Zimmermann,1741,2,0.0,1.0,SUI,,atp_rankings_2026_03_30.csv
2026-03-30,212089,Kane Bonsach Ganley,1765,2,0.0,52.0,DEN,21,atp_rankings_2026_03_30.csv
2026-03-30,209117,Marco Furlanetto,1765,2,0.0,-2.0,ITA,25,atp_rankings_2026_03_30.csv
2026-03-30,214264,Jerrid Gaines,1765,2,0.0,-2.0,USA,16,atp_rankings_2026_03_30.csv
2026-03-30,213200,Juan Ignacio Gallego,1765,2,,,ARG,,atp_rankings_2026_03_30.csv
2026-03-30,212951,Mak Mikovic,1765,2,-1.0,-174.0,SLO,19,atp_rankings_2026_03_30.csv
2026-03-30,213278,Leonardo Angeloni,1770,2,-1.0,-167.0,ITA,21,atp_rankings_2026_03_30.csv
2026-03-30,105871,Sekou Bangoura,1770,2,-1.0,-167.0,USA,34,atp_rankings_2026_03_30.csv
2026-03-30,212876,Pedro Andre De Almeida Santos,1770,2,0.0,-4.0,BRA,21,atp_rankings_2026_03_30.csv
2026-03-30,210403,Ivan Dreycopp,1770,2,0.0,-4.0,ARG,22,atp_rankings_2026_03_30.csv
2026-03-30,210729,Hamza El Amine,1770,2,0.0,-4.0,MAR,21,atp_rankings_2026_03_30.csv
2026-03-30,208197,Ammar Elamin,1770,2,0.0,-4.0,IRL,23,atp_rankings_2026_03_30.csv
2026-03-30,214202,Gus Grumet,1770,2,0.0,-28.0,USA,18,atp_rankings_2026_03_30.csv
2026-03-30,149104,Patrik Homola,1770,2,-1.0,-174.0,CZE,22,atp_rankings_2026_03_30.csv
2026-03-30,213576,Matt Kleiman,1770,2,0.0,-4.0,USA,,atp_rankings_2026_03_30.csv
2026-03-30,211701,Jules Leroux,1770,2,0.0,-4.0,FRA,20,atp_rankings_2026_03_30.csv
2026-03-30,213287,Diego Ortiz Gamonsl,1770,2,0.0,-4.0,CHI,22,atp_rankings_2026_03_30.csv
2026-03-30,210114,Julien Penzlin,1770,2,0.0,-4.0,GER,23,atp_rankings_2026_03_30.csv
2026-03-30,214266,Stefan Ilie Bogdan Petre,1770,2,0.0,-4.0,ROU,17,atp_rankings_2026_03_30.csv
2026-03-30,213186,David Petrovic,1770,2,0.0,-4.0,GER,21,atp_rankings_2026_03_30.csv
2026-03-30,207958,Roman Postolka,1770,2,0.0,-4.0,CZE,26,atp_rankings_2026_03_30.csv
2026-03-30,210287,Noah Regas Luis,1770,2,0.0,-4.0,ESP,21,atp_rankings_2026_03_30.csv
2026-03-30,213135,Ruslan Serazhetdinov,1770,2,0.0,-4.0,RUS,21,atp_rankings_2026_03_30.csv
2026-03-30,213532,Stefan Storch,1770,2,0.0,25.0,AUS,,atp_rankings_2026_03_30.csv
2026-03-30,209870,Gunawan Trismuwantara,1770,2,0.0,-4.0,INA,23,atp_rankings_2026_03_30.csv
2026-03-30,212751,Raphael Vaksmann,1770,2,0.0,-4.0,FRA,,atp_rankings_2026_03_30.csv
2026-03-30,106210,Jiri Vesely,1770,2,0.0,-4.0,CZE,32,atp_rankings_2026_03_30.csv
2026-03-30,214214,Daniel Jovanovski,1791,2,0.0,-28.0,AUS,18,atp_rankings_2026_03_30.csv
2026-03-30,212180,Shaoyun Liu,1791,2,0.0,-2.0,CHN,24,atp_rankings_2026_03_30.csv
2026-03-30,209035,Mikel Martinez,1791,2,0.0,-2.0,ESP,25,atp_rankings_2026_03_30.csv
2026-03-30,208315,Javier Molino,1791,2,0.0,-2.0,ESP,24,atp_rankings_2026_03_30.csv
2026-03-30,208052,Matthew Segura,1791,2,0.0,-2.0,USA,25,atp_rankings_2026_03_30.csv
2026-03-30,208154,Laurin Aerne,1796,2,0.0,-1.0,SUI,27,atp_rankings_2026_03_30.csv
2026-03-30,210101,Simone Agostini,1796,2,0.0,-1.0,ITA,29,atp_rankings_2026_03_30.csv
2026-03-30,123847,Bogdan Bobrov,1796,2,0.0,40.0,RUS,28,atp_rankings_2026_03_30.csv
2026-03-30,212473,Miles Clark,1796,2,0.0,-1.0,USA,,atp_rankings_2026_03_30.csv
2026-03-30,213885,Nav Dayal,1796,2,0.0,-1.0,USA,,atp_rankings_2026_03_30.csv
2026-03-30,210396,Dmitry Dolzhenkov,1796,2,0.0,-1.0,RUS,21,atp_rankings_2026_03_30.csv
2026-03-30,200419,Jonas Eriksson Ziverts,1796,2,0.0,-1.0,SWE,27,atp_rankings_2026_03_30.csv
2026-03-30,200187,Luc Fomba,1796,2,-1.0,-175.0,FRA,27,atp_rankings_2026_03_30.csv
2026-03-30,210092,Filiberto Fumagalli,1796,2,0.0,23.0,ITA,23,atp_rankings_2026_03_30.csv
2026-03-30,210649,Giammarco Gandolfi,1796,2,0.0,-1.0,ITA,22,atp_rankings_2026_03_30.csv
2026-03-30,214139,Nicola Ion,1796,2,0.0,-1.0,CAN,,atp_rankings_2026_03_30.csv
2026-03-30,212232,Yeonsu Jeong,1796,2,0.0,-1.0,KOR,,atp_rankings_2026_03_30.csv
2026-03-30,211742,Daniel Lara Salmeron,1796,2,0.0,-1.0,ESP,24,atp_rankings_2026_03_30.csv
2026-03-30,214082,Justin Lenders,1796,2,0.0,-1.0,SUI,,atp_rankings_2026_03_30.csv
2026-03-30,213373,William Nolan,1796,2,0.0,-1.0,GBR,22,atp_rankings_2026_03_30.csv
2026-03-30,213810,Alex Santino Nunez Vera,1796,2,0.0,23.0,PAR,18,atp_rankings_2026_03_30.csv
2026-03-30,213979,Kunanan Pantaratorn,1796,2,0.0,-1.0,THA,17,atp_rankings_2026_03_30.csv
2026-03-30,207972,Minjong Park,1796,2,0.0,-1.0,KOR,24,atp_rankings_2026_03_30.csv
2026-03-30,213716,Yoshka Sborowsky,1796,2,0.0,-1.0,FRA,,atp_rankings_2026_03_30.csv
2026-03-30,200479,Luke Simkiss,1796,2,0.0,-1.0,GBR,27,atp_rankings_2026_03_30.csv
2026-03-30,138467,Marvin Bernardo Becker Spiering,1796,2,0.0,-1.0,BRA,28,atp_rankings_2026_03_30.csv
2026-03-30,213588,Esteban Talavera Cortes,1796,2,0.0,-1.0,ESP,,atp_rankings_2026_03_30.csv
2026-03-30,212890,Caheer Warik,1796,2,0.0,-30.0,IND,,atp_rankings_2026_03_30.csv
2026-03-30,214037,Jan Wygona,1796,2,0.0,-30.0,POL,,atp_rankings_2026_03_30.csv
2026-03-30,202357,Bang Shuo Yin,1796,2,0.0,-1.0,TPE,27,atp_rankings_2026_03_30.csv
2026-03-30,209946,Maikel De Boes,1821,2,0.0,13.0,BEL,23,atp_rankings_2026_03_30.csv
2026-03-30,209238,Sebastian Dominguez,1821,2,0.0,-4.0,GUA,23,atp_rankings_2026_03_30.csv
2026-03-30,105029,Sergey Betov,1823,2,0.0,-4.0,BLR,38,atp_rankings_2026_03_30.csv
2026-03-30,212860,Dakotah Bobo,1823,2,0.0,-4.0,USA,23,atp_rankings_2026_03_30.csv
2026-03-30,211457,Sven Corbinais,1823,2,0.0,13.0,FRA,23,atp_rankings_2026_03_30.csv
2026-03-30,210454,Jesse De Jager,1823,2,0.0,-4.0,NED,23,atp_rankings_2026_03_30.csv
2026-03-30,212529,Alex Finkelstein,1823,2,0.0,-4.0,USA,23,atp_rankings_2026_03_30.csv
2026-03-30,213376,Jeffrey Fradkin,1823,2,0.0,-4.0,USA,24,atp_rankings_2026_03_30.csv
2026-03-30,213185,Makar Krivoshchekov,1823,2,0.0,-28.0,RUS,20,atp_rankings_2026_03_30.csv
2026-03-30,214111,Tomas Jordi Leston,1823,2,0.0,-4.0,ARG,,atp_rankings_2026_03_30.csv
2026-03-30,210341,Ajay Malik,1823,2,-1.0,-179.0,IND,23,atp_rankings_2026_03_30.csv
2026-03-30,212923,Hugo Ouzilou,1823,2,0.0,13.0,SUI,22,atp_rankings_2026_03_30.csv
2026-03-30,210204,Drazen Petrovic,1823,2,0.0,-28.0,BIH,23,atp_rankings_2026_03_30.csv
2026-03-30,212294,Matei Todoran,1823,2,0.0,-4.0,ROU,,atp_rankings_2026_03_30.csv
2026-03-30,210666,Ha Minh Duc Vu,1823,2,0.0,-4.0,VIE,22,atp_rankings_2026_03_30.csv
2026-03-30,208542,Linghao Zhang,1823,2,0.0,-4.0,CHN,23,atp_rankings_2026_03_30.csv
2026-03-30,210315,Pietro Pampanin,1837,2,0.0,6.0,ITA,23,atp_rankings_2026_03_30.csv
2026-03-30,209847,Dorian Tremblay,1837,2,,,FRA,24,atp_rankings_2026_03_30.csv
2026-03-30,213653,Benjamin Willwerth,1837,2,0.0,-3.0,USA,,atp_rankings_2026_03_30.csv
2026-03-30,206827,Alan Sau Franco,1840,2,0.0,-4.0,MEX,25,atp_rankings_2026_03_30.csv
2026-03-30,210331,Alessandro Spadola,1840,2,0.0,-4.0,ITA,23,atp_rankings_2026_03_30.csv
2026-03-30,212724,Anas Bennour Dit Sahli,1842,2,0.0,2.0,TUN,19,atp_rankings_2026_03_30.csv
2026-03-30,212919,Ivan Biletic,1842,2,0.0,2.0,BIH,19,atp_rankings_2026_03_30.csv
2026-03-30,210595,Jiri Cizek,1842,2,-1.0,-191.0,CZE,20,atp_rankings_2026_03_30.csv
2026-03-30,,Alvaro Jimenez,1842,2,0.0,2.0,,,atp_rankings_2026_03_30.csv
2026-03-30,124074,Kazuma Kawachi,1842,2,1.0,386.0,JPN,31,atp_rankings_2026_03_30.csv
2026-03-30,210670,Sasa Markovic,1842,2,0.0,2.0,SRB,20,atp_rankings_2026_03_30.csv
2026-03-30,213777,Savva Rybkin,1842,2,0.0,2.0,RUS,,atp_rankings_2026_03_30.csv
2026-03-30,213049,Mateya Stanisavljevic,1842,2,0.0,2.0,SRB,19,atp_rankings_2026_03_30.csv
2026-03-30,211454,Federico Valle,1842,2,0.0,2.0,ITA,25,atp_rankings_2026_03_30.csv
2026-03-30,209267,Vesa Ahti,1851,2,0.0,0.0,FIN,26,atp_rankings_2026_03_30.csv
2026-03-30,212711,Daniel Jade,1851,2,0.0,-15.0,FRA,17,atp_rankings_2026_03_30.csv
2026-03-30,149108,Loic Namigandet Tenguere,1851,2,0.0,1.0,FRA,27,atp_rankings_2026_03_30.csv
2026-03-30,210032,Pierre Antoine Tailleu,1854,2,0.0,-2.0,FRA,22,atp_rankings_2026_03_30.csv
2026-03-30,202314,Parth Aggarwal,1855,2,0.0,5.0,IND,28,atp_rankings_2026_03_30.csv
2026-03-30,200045,Anthony Susanto,1855,2,0.0,2.0,INA,28,atp_rankings_2026_03_30.csv
2026-03-30,207463,Sheng Tang,1855,2,0.0,8.0,CHN,26,atp_rankings_2026_03_30.csv
2026-03-30,,Ignasi Forcano Aparicio,1858,2,0.0,-1.0,,,atp_rankings_2026_03_30.csv
2026-03-30,213037,Luis Garcia Paez,1859,2,0.0,5.0,ESP,20,atp_rankings_2026_03_30.csv
2026-03-30,214385,Motoharu Abe,1860,1,0.0,5.0,JPN,17,atp_rankings_2026_03_30.csv
2026-03-30,126732,Eric Ahren Moonga,1860,1,0.0,5.0,SWE,30,atp_rankings_2026_03_30.csv
2026-03-30,213849,Artur Aiukhanov,1860,1,0.0,5.0,RUS,20,atp_rankings_2026_03_30.csv
2026-03-30,105618,Juan Samuel Arauzo Martinez,1860,1,0.0,5.0,ESP,35,atp_rankings_2026_03_30.csv
2026-03-30,211458,Nathan Anthony Barki,1860,1,0.0,5.0,INA,21,atp_rankings_2026_03_30.csv
2026-03-30,214283,Juan Ignacio Barraza,1860,1,0.0,5.0,ARG,25,atp_rankings_2026_03_30.csv
2026-03-30,213966,Jerry Barton,1860,1,0.0,5.0,USA,22,atp_rankings_2026_03_30.csv
2026-03-30,212712,Alexis Berquier,1860,1,0.0,5.0,FRA,,atp_rankings_2026_03_30.csv
2026-03-30,209093,Juliusz Bienkiewicz,1860,1,0.0,5.0,POL,,atp_rankings_2026_03_30.csv
2026-03-30,210211,Omar Brigida,1860,1,0.0,5.0,ITA,27,atp_rankings_2026_03_30.csv
2026-03-30,213942,Tighe Brunetti,1860,1,0.0,5.0,USA,22,atp_rankings_2026_03_30.csv
2026-03-30,132456,Vasilios Caripi,1860,1,0.0,5.0,RSA,34,atp_rankings_2026_03_30.csv
2026-03-30,214301,Matthew Carroll,1860,1,0.0,5.0,GBR,,atp_rankings_2026_03_30.csv
2026-03-30,209991,Hanamichi Carvajal,1860,1,0.0,5.0,CHI,23,atp_rankings_2026_03_30.csv
2026-03-30,212517,Marcos Castro Fabra,1860,1,0.0,5.0,ESP,19,atp_rankings_2026_03_30.csv
2026-03-30,213115,Elijah Cham,1860,1,0.0,5.0,AUS,,atp_rankings_2026_03_30.csv
2026-03-30,211730,Sandesh Dattatray Kurale,1860,1,0.0,5.0,IND,,atp_rankings_2026_03_30.csv
2026-03-30,214218,Malanqi Du,1860,1,0.0,5.0,CHN,23,atp_rankings_2026_03_30.csv
2026-03-30,214308,Tomas Dummer Macedo,1860,1,0.0,5.0,BRA,17,atp_rankings_2026_03_30.csv
2026-03-30,211685,Birtan Duran,1860,1,0.0,5.0,TUR,21,atp_rankings_2026_03_30.csv
2026-03-30,214353,Gian Durrer,1860,1,0.0,5.0,SUI,21,atp_rankings_2026_03_30.csv
2026-03-30,210035,Karim El Feky,1860,1,,,EGY,24,atp_rankings_2026_03_30.csv
2026-03-30,212072,Samyar Elyasi,1860,1,0.0,5.0,IRI,21,atp_rankings_2026_03_30.csv
2026-03-30,214472,Finn Emslie Robson,1860,1,,,NZL,21,atp_rankings_2026_03_30.csv
2026-03-30,213671,Roberto Ferrer Guimaraes,1860,1,0.0,5.0,USA,,atp_rankings_2026_03_30.csv
2026-03-30,213904,Xavier Ferrer Mateo,1860,1,0.0,5.0,ESP,19,atp_rankings_2026_03_30.csv
2026-03-30,214248,Oriol Font,1860,1,0.0,5.0,ESP,20,atp_rankings_2026_03_30.csv
2026-03-30,214312,Rafael Augusto Garcia Finetto,1860,1,0.0,5.0,BRA,18,atp_rankings_2026_03_30.csv
2026-03-30,214310,Pietro Gava,1860,1,0.0,5.0,BRA,16,atp_rankings_2026_03_30.csv
2026-03-30,213263,Christoph Gayk,1860,1,0.0,5.0,GER,20,atp_rankings_2026_03_30.csv
2026-03-30,206625,Daniil Golubev,1860,1,0.0,5.0,RUS,24,atp_rankings_2026_03_30.csv
2026-03-30,213868,Maxim Groysman,1860,1,0.0,5.0,USA,,atp_rankings_2026_03_30.csv
2026-03-30,213028,Kornel Halmos,1860,1,0.0,5.0,HUN,20,atp_rankings_2026_03_30.csv
2026-03-30,214467,Zac Hamill,1860,1,,,AUS,20,atp_rankings_2026_03_30.csv
2026-03-30,213142,Bryan Hernandez Cortes,1860,1,0.0,5.0,ESP,19,atp_rankings_2026_03_30.csv
2026-03-30,213342,David Jeanne Grandinot,1860,1,0.0,5.0,FRA,23,atp_rankings_2026_03_30.csv
2026-03-30,212758,Jarrod Joyce,1860,1,-1.0,-139.0,AUS,19,atp_rankings_2026_03_30.csv
2026-03-30,127195,Hamza Karmoussi,1860,1,0.0,5.0,MAR,,atp_rankings_2026_03_30.csv
2026-03-30,211608,Nicolas Kobelt,1860,1,0.0,5.0,SUI,21,atp_rankings_2026_03_30.csv
2026-03-30,212521,Thomas Kostka,1860,1,0.0,5.0,FRA,22,atp_rankings_2026_03_30.csv
2026-03-30,213780,Alexander Krylov,1860,1,0.0,88.0,RUS,22,atp_rankings_2026_03_30.csv
2026-03-30,210159,Tomas Lanik,1860,1,0.0,5.0,SVK,23,atp_rankings_2026_03_30.csv
2026-03-30,214333,Woong Bi Lee,1860,1,0.0,5.0,KOR,20,atp_rankings_2026_03_30.csv
2026-03-30,214233,Woong Chan Lee,1860,1,0.0,5.0,KOR,17,atp_rankings_2026_03_30.csv
2026-03-30,214455,Liangxuan Lu,1860,1,,,CHN,15,atp_rankings_2026_03_30.csv
2026-03-30,214294,Augusto Mateo Lucarelli,1860,1,0.0,5.0,ARG,19,atp_rankings_2026_03_30.csv
2026-03-30,148678,Cyrus Mahjoob,1860,1,0.0,5.0,USA,20,atp_rankings_2026_03_30.csv
2026-03-30,109734,Skander Mansouri,1860,1,,,TUN,30,atp_rankings_2026_03_30.csv
2026-03-30,214251,Noah Martens,1860,1,0.0,5.0,BEL,23,atp_rankings_2026_03_30.csv
2026-03-30,214099,Kaspar Mathes,1860,1,0.0,5.0,GER,,atp_rankings_2026_03_30.csv
2026-03-30,144988,Joel Meda,1860,1,0.0,5.0,CIV,31,atp_rankings_2026_03_30.csv
2026-03-30,212707,Moein Moazam,1860,1,0.0,5.0,IRI,23,atp_rankings_2026_03_30.csv
2026-03-30,204737,Alejandro Moreno,1860,1,0.0,5.0,MEX,36,atp_rankings_2026_03_30.csv
2026-03-30,214306,Juan Francisco Munoz,1860,1,0.0,5.0,MEX,18,atp_rankings_2026_03_30.csv
2026-03-30,149283,Freddy Murray,1860,1,0.0,5.0,IRL,22,atp_rankings_2026_03_30.csv
2026-03-30,208718,Mason Naumovski,1860,1,0.0,5.0,AUS,25,atp_rankings_2026_03_30.csv
2026-03-30,214100,Niklas Niggemann,1860,1,0.0,5.0,GER,23,atp_rankings_2026_03_30.csv
2026-03-30,212909,Dingzheng Nima,1860,1,0.0,5.0,CHN,22,atp_rankings_2026_03_30.csv
2026-03-30,213934,Ricard Novell,1860,1,0.0,5.0,ESP,,atp_rankings_2026_03_30.csv
2026-03-30,210133,Valdemar Frederik Pape,1860,1,0.0,5.0,DEN,22,atp_rankings_2026_03_30.csv
2026-03-30,123896,Matija Pecotic,1860,1,0.0,5.0,CRO,36,atp_rankings_2026_03_30.csv
2026-03-30,214254,Roberto Perez Socas,1860,1,0.0,5.0,ESP,18,atp_rankings_2026_03_30.csv
2026-03-30,209865,Peter Benjamin Privara,1860,1,0.0,5.0,SVK,21,atp_rankings_2026_03_30.csv
2026-03-30,214426,Felix Raser,1860,1,0.0,5.0,AUT,16,atp_rankings_2026_03_30.csv
2026-03-30,214160,Henry Ren,1860,1,0.0,5.0,CAN,22,atp_rankings_2026_03_30.csv
2026-03-30,200100,Tomas Rengel Sierra,1860,1,0.0,5.0,ARG,29,atp_rankings_2026_03_30.csv
2026-03-30,213302,Rodrigo Reyna,1860,1,0.0,5.0,MEX,27,atp_rankings_2026_03_30.csv
2026-03-30,209880,Carl Roothman,1860,1,0.0,5.0,RSA,23,atp_rankings_2026_03_30.csv
2026-03-30,213837,Agassi Rusher,1860,1,0.0,5.0,USA,,atp_rankings_2026_03_30.csv
2026-03-30,134423,Leevi Saatela,1860,1,0.0,5.0,FIN,30,atp_rankings_2026_03_30.csv
2026-03-30,213651,Agustin Salazar Salazar,1860,1,0.0,88.0,MEX,22,atp_rankings_2026_03_30.csv
2026-03-30,105816,Batyr Sapaev,1860,1,0.0,5.0,UZB,34,atp_rankings_2026_03_30.csv
2026-03-30,214024,Djordje Sapic,1860,1,0.0,5.0,SRB,,atp_rankings_2026_03_30.csv
2026-03-30,214483,Harrison Satara,1860,1,,,AUS,18,atp_rankings_2026_03_30.csv
2026-03-30,214271,Mauricio Schtulmann Gasca,1860,1,0.0,5.0,MEX,17,atp_rankings_2026_03_30.csv
2026-03-30,209948,Jan Sebesta,1860,1,0.0,5.0,SUI,23,atp_rankings_2026_03_30.csv
2026-03-30,213761,Jack Secord,1860,1,0.0,5.0,USA,,atp_rankings_2026_03_30.csv
2026-03-30,214372,Rajat Shirur,1860,1,0.0,5.0,USA,18,atp_rankings_2026_03_30.csv
2026-03-30,212636,Maxime St Hilaire,1860,1,,,CAN,22,atp_rankings_2026_03_30.csv
2026-03-30,210162,Harry Thursfield,1860,1,0.0,5.0,GBR,25,atp_rankings_2026_03_30.csv
2026-03-30,208329,Maximilian Todorov,1860,1,0.0,5.0,GER,26,atp_rankings_2026_03_30.csv
2026-03-30,214045,Ryan Torres,1860,1,0.0,5.0,PHI,,atp_rankings_2026_03_30.csv
2026-03-30,214077,Vaal Urankar,1860,1,0.0,5.0,SLO,20,atp_rankings_2026_03_30.csv
2026-03-30,210356,Andres Urquiola Montellano,1860,1,0.0,5.0,BOL,22,atp_rankings_2026_03_30.csv
2026-03-30,214458,Adria Velazquez Farre,1860,1,0.0,5.0,ESP,16,atp_rankings_2026_03_30.csv
2026-03-30,125804,Brandon Walkin,1860,1,0.0,5.0,GBR,31,atp_rankings_2026_03_30.csv
2026-03-30,214307,Ids Waterbolk,1860,1,0.0,5.0,NED,25,atp_rankings_2026_03_30.csv
2026-03-30,213937,Dawid Wisniewski,1860,1,0.0,5.0,POL,,atp_rankings_2026_03_30.csv
2026-03-30,127894,Yusuke Yoshikawa,1860,1,0.0,5.0,JPN,31,atp_rankings_2026_03_30.csv
2026-03-30,214132,William Zhang,1860,1,0.0,5.0,USA,,atp_rankings_2026_03_30.csv
2026-03-30,214010,Shixun Zhu,1860,1,0.0,5.0,CHN,,atp_rankings_2026_03_30.csv
2026-03-30,206738,Bader Alabdullah,1951,1,0.0,-3.0,KUW,24,atp_rankings_2026_03_30.csv
2026-03-30,214280,Fantino Alberca,1951,1,0.0,-3.0,ARG,21,atp_rankings_2026_03_30.csv
2026-03-30,212493,Ramiro Amarilla,1951,1,0.0,-3.0,ARG,24,atp_rankings_2026_03_30.csv
2026-03-30,144727,Joao Antonio,1951,1,0.0,-3.0,POR,26,atp_rankings_2026_03_30.csv
2026-03-30,149100,Romeo Arcuschin,1951,1,0.0,-3.0,ARG,,atp_rankings_2026_03_30.csv
2026-03-30,214008,David Asenov,1951,1,0.0,-3.0,CAN,,atp_rankings_2026_03_30.csv
2026-03-30,212123,Sergio Badini,1951,1,0.0,-3.0,ITA,21,atp_rankings_2026_03_30.csv
2026-03-30,213950,Nicolas Baena,1951,1,0.0,-3.0,PER,18,atp_rankings_2026_03_30.csv
2026-03-30,214232,Lorenzo Balducci,1951,1,0.0,-3.0,ITA,18,atp_rankings_2026_03_30.csv
2026-03-30,214211,Arian Barbic,1951,1,0.0,-3.0,GER,17,atp_rankings_2026_03_30.csv
2026-03-30,211640,Victor Barrere,1951,1,0.0,-3.0,FRA,,atp_rankings_2026_03_30.csv
2026-03-30,212601,Luka Bojicic Ono,1951,1,0.0,-3.0,BRA,21,atp_rankings_2026_03_30.csv
2026-03-30,213663,Maximilian Borisov,1951,1,0.0,-3.0,BUL,,atp_rankings_2026_03_30.csv
2026-03-30,210440,Federico Bove,1951,1,0.0,-3.0,ITA,27,atp_rankings_2026_03_30.csv
2026-03-30,212668,Tyler Bowers,1951,1,0.0,-3.0,USA,23,atp_rankings_2026_03_30.csv
2026-03-30,213711,Dario Alexandru Ciobotaru,1951,1,0.0,-3.0,ROU,,atp_rankings_2026_03_30.csv
2026-03-30,208672,Jose Luis Claro,1951,1,0.0,-3.0,PER,22,atp_rankings_2026_03_30.csv
2026-03-30,214154,Enrique Collar,1951,1,0.0,-3.0,ESP,18,atp_rankings_2026_03_30.csv
2026-03-30,214241,Sasha Colleu,1951,1,0.0,-3.0,FRA,,atp_rankings_2026_03_30.csv
2026-03-30,213736,Martin Doskocil,1951,1,0.0,-3.0,CZE,,atp_rankings_2026_03_30.csv
2026-03-30,211402,Mikhail Dubrouski,1951,1,0.0,-3.0,BLR,,atp_rankings_2026_03_30.csv
2026-03-30,210260,Gabriel Elicha Navas,1951,1,0.0,-3.0,ESP,23,atp_rankings_2026_03_30.csv
2026-03-30,214131,Edward Etty,1951,1,0.0,-3.0,NED,24,atp_rankings_2026_03_30.csv
2026-03-30,214133,Wen Bo Fan,1951,1,0.0,-3.0,CHN,18,atp_rankings_2026_03_30.csv
2026-03-30,211353,Thomas Nicholas Gadecki,1951,1,0.0,-3.0,AUS,20,atp_rankings_2026_03_30.csv
2026-03-30,214017,Jon Gamble,1951,1,0.0,-3.0,USA,,atp_rankings_2026_03_30.csv
2026-03-30,202307,Alejandro Garcia,1951,1,0.0,-3.0,ESP,24,atp_rankings_2026_03_30.csv
2026-03-30,212996,Iker Gaztambide Arrastia,1951,1,0.0,-3.0,ESP,22,atp_rankings_2026_03_30.csv
2026-03-30,213767,Alexander Glomb,1951,1,0.0,102.0,GER,,atp_rankings_2026_03_30.csv
2026-03-30,210478,Sebastian Gorzny,1951,1,0.0,-3.0,USA,22,atp_rankings_2026_03_30.csv
2026-03-30,211634,Tobia Grandinetti,1951,1,0.0,-3.0,ARG,22,atp_rankings_2026_03_30.csv
2026-03-30,214364,Alexander Gschiel,1951,1,0.0,-3.0,AUT,18,atp_rankings_2026_03_30.csv
2026-03-30,214083,Thomas Gunzinger,1951,1,0.0,-3.0,SUI,,atp_rankings_2026_03_30.csv
2026-03-30,210151,Mark Havlicek,1951,1,0.0,-3.0,CZE,22,atp_rankings_2026_03_30.csv
2026-03-30,206716,Lukas Hellum Lilleengen,1951,1,0.0,-3.0,NOR,25,atp_rankings_2026_03_30.csv
2026-03-30,213917,Yuya Hirose,1951,1,0.0,-3.0,JPN,,atp_rankings_2026_03_30.csv
2026-03-30,214263,Matic Hribar,1951,1,0.0,-3.0,SLO,19,atp_rankings_2026_03_30.csv
2026-03-30,214078,Leonardo Iemmi,1951,1,0.0,-3.0,ITA,20,atp_rankings_2026_03_30.csv
2026-03-30,213959,Ilya Ignatov,1951,1,0.0,-3.0,UZB,20,atp_rankings_2026_03_30.csv
2026-03-30,205905,Sergio Ingles Garre,1951,1,0.0,-3.0,ESP,26,atp_rankings_2026_03_30.csv
2026-03-30,208878,Ryder Jackson,1951,1,0.0,-3.0,USA,20,atp_rankings_2026_03_30.csv
2026-03-30,212990,Alejandro Jacome Jaramillo,1951,1,0.0,-3.0,ECU,,atp_rankings_2026_03_30.csv
2026-03-30,211472,Oliver Johansson,1951,1,0.0,-3.0,SWE,,atp_rankings_2026_03_30.csv
2026-03-30,214011,Kaigaoge Kang,1951,1,0.0,-3.0,CHN,,atp_rankings_2026_03_30.csv
2026-03-30,210112,Veljko Krstic,1951,1,0.0,-3.0,SRB,22,atp_rankings_2026_03_30.csv
2026-03-30,214216,Anes Latifovic,1951,1,0.0,-3.0,GER,20,atp_rankings_2026_03_30.csv
2026-03-30,214213,Rhys Lawlor,1951,1,0.0,-3.0,GBR,17,atp_rankings_2026_03_30.csv
2026-03-30,214265,Jordan Lee,1951,1,0.0,-3.0,USA,15,atp_rankings_2026_03_30.csv
2026-03-30,210548,Tim Loosen,1951,1,0.0,-3.0,GER,24,atp_rankings_2026_03_30.csv
2026-03-30,208848,Mikolaj Lorens,1951,1,0.0,-3.0,POL,24,atp_rankings_2026_03_30.csv
2026-03-30,209328,Martin Maldonado,1951,1,0.0,-3.0,ECU,,atp_rankings_2026_03_30.csv
2026-03-30,213971,Tomas Marin,1951,1,0.0,-3.0,COL,,atp_rankings_2026_03_30.csv
2026-03-30,214367,Marco Migliorati,1951,1,0.0,-3.0,ITA,22,atp_rankings_2026_03_30.csv
2026-03-30,212278,Milos Mikovic,1951,1,0.0,-3.0,SRB,20,atp_rankings_2026_03_30.csv
2026-03-30,213005,Ali Missoum,1951,1,0.0,-3.0,MAR,17,atp_rankings_2026_03_30.csv
2026-03-30,149157,Luis Jose Nakamine,1951,1,0.0,-3.0,PER,19,atp_rankings_2026_03_30.csv
2026-03-30,211545,Seiya Nakanishi,1951,1,0.0,-3.0,JPN,29,atp_rankings_2026_03_30.csv
2026-03-30,214373,Pierre Ngijol Carre,1951,1,0.0,-3.0,FRA,,atp_rankings_2026_03_30.csv
2026-03-30,211489,Maximilian Oezcelik,1951,1,0.0,-3.0,GER,,atp_rankings_2026_03_30.csv
2026-03-30,214600,Alexander Ikenna Okonkwo,1951,1,0.0,-3.0,GBR,21,atp_rankings_2026_03_30.csv
2026-03-30,200075,Yshai Oliel,1951,1,0.0,-3.0,ISR,26,atp_rankings_2026_03_30.csv
2026-03-30,212230,Seungmin Park,1951,1,0.0,162.0,KOR,20,atp_rankings_2026_03_30.csv
2026-03-30,200703,Bogdan Pavel,1951,1,0.0,102.0,ROU,26,atp_rankings_2026_03_30.csv
2026-03-30,144731,Kody Pearson,1951,1,0.0,-3.0,AUS,26,atp_rankings_2026_03_30.csv
2026-03-30,210212,Alexander Petrov,1951,1,0.0,-3.0,BUL,24,atp_rankings_2026_03_30.csv
2026-03-30,214172,Mattias Pisanu,1951,1,0.0,-3.0,ITA,18,atp_rankings_2026_03_30.csv
2026-03-30,211592,Tadija Radovanovic,1951,1,0.0,-3.0,SRB,25,atp_rankings_2026_03_30.csv
2026-03-30,211604,Yannik Rahman,1951,1,0.0,-3.0,USA,,atp_rankings_2026_03_30.csv
2026-03-30,205941,Rishi Reddy,1951,1,0.0,102.0,IND,27,atp_rankings_2026_03_30.csv
2026-03-30,,Philippe Renard,1951,1,0.0,-3.0,,,atp_rankings_2026_03_30.csv
2026-03-30,211603,Freddie Ridout,1951,1,0.0,-3.0,GBR,,atp_rankings_2026_03_30.csv
2026-03-30,,Pablo Robledo,1951,1,0.0,-3.0,,,atp_rankings_2026_03_30.csv
2026-03-30,212542,Jerry Roddick,1951,1,0.0,-3.0,USA,23,atp_rankings_2026_03_30.csv
2026-03-30,212882,Jackson Ross,1951,1,0.0,102.0,USA,25,atp_rankings_2026_03_30.csv
2026-03-30,200012,Tim Ruehl,1951,1,0.0,-3.0,GER,27,atp_rankings_2026_03_30.csv
2026-03-30,214087,Jan Sadzik,1951,1,0.0,-3.0,POL,17,atp_rankings_2026_03_30.csv
2026-03-30,202363,Fabien Salle,1951,1,-1.0,-209.0,FRA,26,atp_rankings_2026_03_30.csv
2026-03-30,105688,Manuel Sanchez,1951,1,0.0,-3.0,MEX,35,atp_rankings_2026_03_30.csv
2026-03-30,208418,Jonas Schaer,1951,1,0.0,-3.0,SUI,25,atp_rankings_2026_03_30.csv
2026-03-30,210467,Rafael Segado Esteve,1951,1,0.0,-3.0,ESP,20,atp_rankings_2026_03_30.csv
2026-03-30,213723,Stephen Slocombe,1951,1,0.0,-3.0,BAR,22,atp_rankings_2026_03_30.csv
2026-03-30,214031,Nicholas Steiglehner,1951,1,0.0,-3.0,USA,21,atp_rankings_2026_03_30.csv
2026-03-30,208301,Gustaf Strom,1951,1,0.0,-3.0,SWE,24,atp_rankings_2026_03_30.csv
2026-03-30,214290,Leonardo Suarez,1951,1,0.0,-3.0,BOL,17,atp_rankings_2026_03_30.csv
2026-03-30,213981,Elias Sumann,1951,1,0.0,-3.0,AUT,20,atp_rankings_2026_03_30.csv
2026-03-30,210702,Jinpeng Tang,1951,1,0.0,-3.0,CHN,19,atp_rankings_2026_03_30.csv
2026-03-30,214068,Daniel Tazabekov,1951,1,0.0,-3.0,KAZ,18,atp_rankings_2026_03_30.csv
2026-03-30,214142,Kai Thompson,1951,1,0.0,-3.0,HKG,,atp_rankings_2026_03_30.csv
2026-03-30,213020,Aadarsh Tripathi,1951,1,0.0,-3.0,USA,22,atp_rankings_2026_03_30.csv
2026-03-30,212705,Nathan Trouve,1951,1,0.0,-3.0,FRA,20,atp_rankings_2026_03_30.csv
2026-03-30,213869,Abdulaziz Usmonjonov,1951,1,0.0,-3.0,UZB,,atp_rankings_2026_03_30.csv
2026-03-30,214297,Julian Valenzuela,1951,1,0.0,-3.0,CHI,18,atp_rankings_2026_03_30.csv
2026-03-30,210206,Jip Van Assendelft,1951,1,0.0,-3.0,NED,24,atp_rankings_2026_03_30.csv
2026-03-30,212869,Franco Ariel Vazquez,1951,1,0.0,-3.0,ARG,,atp_rankings_2026_03_30.csv
2026-03-30,211563,Aaron James Williams,1951,1,0.0,-3.0,GER,22,atp_rankings_2026_03_30.csv
2026-03-30,214358,Finn Willman,1951,1,0.0,-3.0,NZL,18,atp_rankings_2026_03_30.csv
2026-03-30,212102,Maximus Zavier Wong,1951,1,0.0,-3.0,SIN,,atp_rankings_2026_03_30.csv
2026-03-30,214110,Kai An Wu,1951,1,0.0,-3.0,TPE,19,atp_rankings_2026_03_30.csv
2026-03-30,126715,Fernando Yamacita,1951,1,0.0,-3.0,BRA,28,atp_rankings_2026_03_30.csv
2026-03-30,213895,Arturs Zagars,1951,1,0.0,-3.0,LAT,,atp_rankings_2026_03_30.csv
2026-03-30,213845,Carlos Zerega,1951,1,0.0,-3.0,MEX,30,atp_rankings_2026_03_30.csv
2026-03-30,208076,Danielle Abadia,2052,1,0.0,1.0,SGP,24,atp_rankings_2026_03_30.csv
2026-03-30,213193,Damir Abdusamadov,2052,1,0.0,1.0,UZB,19,atp_rankings_2026_03_30.csv
2026-03-30,208892,Mohamed Ali Abibsi,2052,1,0.0,1.0,ALG,23,atp_rankings_2026_03_30.csv
2026-03-30,106339,Felipe Assuncao Garla,2052,1,0.0,1.0,BRA,31,atp_rankings_2026_03_30.csv
2026-03-30,214055,Flavio Bocci,2052,1,0.0,1.0,ITA,,atp_rankings_2026_03_30.csv
2026-03-30,109732,Enrique Bogo,2052,1,0.0,1.0,BRA,30,atp_rankings_2026_03_30.csv
2026-03-30,213051,Thanaphat Boosarawongse,2052,1,0.0,1.0,THA,20,atp_rankings_2026_03_30.csv
2026-03-30,149161,David Cristian Carteputreda,2052,1,0.0,1.0,ROU,19,atp_rankings_2026_03_30.csv
2026-03-30,144833,Andres Gabriel Ciurletti,2052,1,0.0,1.0,ITA,28,atp_rankings_2026_03_30.csv
2026-03-30,214209,Lenny Couturier,2052,1,0.0,-104.0,FRA,17,atp_rankings_2026_03_30.csv
2026-03-30,209933,Clement Deleersnyder,2052,1,0.0,-187.0,FRA,24,atp_rankings_2026_03_30.csv
2026-03-30,214165,Joao Pedro Didoni Bonini,2052,1,0.0,-104.0,BRA,18,atp_rankings_2026_03_30.csv
2026-03-30,212792,Thomas Drayton,2052,1,0.0,1.0,GBR,,atp_rankings_2026_03_30.csv
2026-03-30,213629,Vincent Dullinger,2052,1,0.0,1.0,GER,,atp_rankings_2026_03_30.csv
2026-03-30,213961,Tarek Erlewein,2052,1,0.0,1.0,GER,22,atp_rankings_2026_03_30.csv
2026-03-30,200608,Andres Fernandez Canovas,2052,1,0.0,61.0,ESP,27,atp_rankings_2026_03_30.csv
2026-03-30,207167,Barney Fitzpatrick,2052,1,0.0,1.0,GBR,23,atp_rankings_2026_03_30.csv
2026-03-30,214375,Luis Andres Flores Avila,2052,1,0.0,1.0,MEX,17,atp_rankings_2026_03_30.csv
2026-03-30,209895,Sai Karteek Reddy Ganta,2052,1,0.0,1.0,IND,25,atp_rankings_2026_03_30.csv
2026-03-30,213023,Filippo Francesco Garbero,2052,1,0.0,1.0,ITA,,atp_rankings_2026_03_30.csv
2026-03-30,209316,Anthony Genov,2052,1,0.0,1.0,BUL,24,atp_rankings_2026_03_30.csv
2026-03-30,213680,Javier Guzman,2052,1,0.0,1.0,CHL,,atp_rankings_2026_03_30.csv
2026-03-30,213074,Hugo Hashimoto,2052,1,0.0,1.0,USA,23,atp_rankings_2026_03_30.csv
2026-03-30,213949,Julius Maximilian Haus,2052,1,0.0,1.0,GER,18,atp_rankings_2026_03_30.csv
2026-03-30,103665,Ryan Haviland,2052,1,0.0,-104.0,USA,45,atp_rankings_2026_03_30.csv
2026-03-30,214096,llan Hediger,2052,1,0.0,1.0,SUI,19,atp_rankings_2026_03_30.csv
2026-03-30,210388,Kaeri Hernandez Mariona,2052,1,0.0,1.0,GUA,23,atp_rankings_2026_03_30.csv
2026-03-30,200662,Toru Horie,2052,1,-1.0,-310.0,JPN,26,atp_rankings_2026_03_30.csv
2026-03-30,213168,Patrick Jozwicki,2052,1,0.0,1.0,AUT,,atp_rankings_2026_03_30.csv
2026-03-30,213199,Dorian Juszczak,2052,1,0.0,1.0,POL,21,atp_rankings_2026_03_30.csv
2026-03-30,212701,Ruslan Kastsiukevich,2052,1,,,BLR,18,atp_rankings_2026_03_30.csv
2026-03-30,213565,Isaac Lhomond,2052,1,0.0,1.0,FRA,,atp_rankings_2026_03_30.csv
2026-03-30,211358,Adam Majchrzak,2052,1,0.0,1.0,POL,20,atp_rankings_2026_03_30.csv
2026-03-30,213850,Aron Janos Major,2052,1,0.0,1.0,HUN,,atp_rankings_2026_03_30.csv
2026-03-30,211699,Franco Marini,2052,1,0.0,1.0,ARG,,atp_rankings_2026_03_30.csv
2026-03-30,212188,Benjamin Martin,2052,1,0.0,1.0,FRA,20,atp_rankings_2026_03_30.csv
2026-03-30,132804,Jordi Mas De Ugarte,2052,1,0.0,1.0,ESP,30,atp_rankings_2026_03_30.csv
2026-03-30,149125,Maciej Matuszczyk,2052,1,0.0,1.0,POL,22,atp_rankings_2026_03_30.csv
2026-03-30,132433,Stefan Menichella,2052,1,0.0,61.0,USA,31,atp_rankings_2026_03_30.csv
2026-03-30,214355,Eyad Reda Ezzat Mohamed Sherif,2052,1,0.0,1.0,EGY,18,atp_rankings_2026_03_30.csv
2026-03-30,213158,Vicente Monge,2052,1,0.0,1.0,PER,19,atp_rankings_2026_03_30.csv
2026-03-30,208204,Francois Musitelli,2052,1,0.0,1.0,FRA,27,atp_rankings_2026_03_30.csv
2026-03-30,212764,Fabrizio Karol Pio Osti,2052,1,0.0,61.0,ITA,20,atp_rankings_2026_03_30.csv
2026-03-30,212633,Tomas Pinho,2052,1,0.0,1.0,POR,23,atp_rankings_2026_03_30.csv
2026-03-30,214404,Oscar Pinto Sansano,2052,1,0.0,1.0,ESP,22,atp_rankings_2026_03_30.csv
2026-03-30,214261,Lautaro Rocha,2052,1,0.0,-104.0,ARG,18,atp_rankings_2026_03_30.csv
2026-03-30,213768,Kase Schinnerer,2052,1,-2.0,-477.0,USA,19,atp_rankings_2026_03_30.csv
2026-03-30,214019,Hidde Schoenmakers,2052,1,0.0,1.0,NED,,atp_rankings_2026_03_30.csv
2026-03-30,213633,Rethin Pranav Senthil Kumar,2052,1,0.0,1.0,IND,,atp_rankings_2026_03_30.csv
2026-03-30,214328,Andre Souza,2052,1,0.0,1.0,BRA,23,atp_rankings_2026_03_30.csv
2026-03-30,211607,Filip Stidell,2052,1,0.0,1.0,SWE,20,atp_rankings_2026_03_30.csv
2026-03-30,212557,Samuel Stolarik,2052,1,0.0,1.0,SVK,21,atp_rankings_2026_03_30.csv
2026-03-30,211703,Sarthak Suden,2052,1,0.0,1.0,IND,,atp_rankings_2026_03_30.csv
2026-03-30,210664,Bjorn Swenson,2052,1,0.0,1.0,USA,22,atp_rankings_2026_03_30.csv
2026-03-30,213160,Adam Gabor Szoke,2052,1,0.0,1.0,HUN,21,atp_rankings_2026_03_30.csv
2026-03-30,207725,Niels Peter Van Noord,2052,1,0.0,1.0,CAN,25,atp_rankings_2026_03_30.csv
2026-03-30,210094,Alexander Vikhlyantsev,2052,1,0.0,1.0,RUS,23,atp_rankings_2026_03_30.csv
2026-03-30,213708,Henrik Villanger,2052,1,0.0,1.0,NOR,,atp_rankings_2026_03_30.csv
2026-03-30,,Jakub Vrba,2052,1,0.0,1.0,,,atp_rankings_2026_03_30.csv
2026-03-30,210597,Ahmed Zaki,2052,1,0.0,1.0,EGY,21,atp_rankings_2026_03_30.csv
2026-03-30,212821,Vitaliy Zatsepin,2052,1,0.0,1.0,KAZ,20,atp_rankings_2026_03_30.csv
2026-03-30,212039,Mohammad Alkotop,2113,1,0.0,0.0,JOR,21,atp_rankings_2026_03_30.csv
2026-03-30,213047,Marcin Andrzejczak,2113,1,0.0,0.0,POL,,atp_rankings_2026_03_30.csv
2026-03-30,214094,Penn Charusorn,2113,1,0.0,0.0,THA,18,atp_rankings_2026_03_30.csv
2026-03-30,214070,Jose Freitas,2113,1,0.0,0.0,POR,19,atp_rankings_2026_03_30.csv
2026-03-30,207748,Hong Lin Fu,2113,1,0.0,0.0,TPE,24,atp_rankings_2026_03_30.csv
2026-03-30,213839,Santiago Giamichelle,2113,1,0.0,0.0,ARG,22,atp_rankings_2026_03_30.csv
2026-03-30,210400,Nicolas Rafael Goldberg Alviani,2113,1,0.0,0.0,ESP,23,atp_rankings_2026_03_30.csv
2026-03-30,208243,Seon Yong Han,2113,1,0.0,0.0,KOR,25,atp_rankings_2026_03_30.csv
2026-03-30,208083,Adam Heinonen,2113,1,0.0,0.0,SWE,23,atp_rankings_2026_03_30.csv
2026-03-30,212798,Shanker Heisnam,2113,1,,,IND,,atp_rankings_2026_03_30.csv
2026-03-30,210422,Roan Jones,2113,1,0.0,0.0,GBR,22,atp_rankings_2026_03_30.csv
2026-03-30,213181,Rein Koenders,2113,1,0.0,0.0,NED,,atp_rankings_2026_03_30.csv
2026-03-30,208417,Samuil Konov,2113,1,0.0,0.0,BUL,23,atp_rankings_2026_03_30.csv
2026-03-30,210753,Matic Kriznik,2113,1,0.0,0.0,SLO,20,atp_rankings_2026_03_30.csv
2026-03-30,200455,Aliaksandr Liaonenka,2113,1,0.0,0.0,BLR,27,atp_rankings_2026_03_30.csv
2026-03-30,213931,Jun Hao Luo,2113,1,0.0,-60.0,CHN,18,atp_rankings_2026_03_30.csv
2026-03-30,212754,Norbert Marosik,2113,1,0.0,0.0,SVK,22,atp_rankings_2026_03_30.csv
2026-03-30,210139,Gabriel Matuszewski,2113,1,0.0,0.0,POL,21,atp_rankings_2026_03_30.csv
2026-03-30,214117,Jack Mcgary,2113,1,0.0,0.0,USA,20,atp_rankings_2026_03_30.csv
2026-03-30,212024,Alejandro Melero Kretzer,2113,1,0.0,0.0,ESP,21,atp_rankings_2026_03_30.csv
2026-03-30,212938,Botond Nagy,2113,1,0.0,0.0,HUN,,atp_rankings_2026_03_30.csv
2026-03-30,212805,Saba George Nanobashvili,2113,1,0.0,0.0,SWE,21,atp_rankings_2026_03_30.csv
2026-03-30,209137,Noppadol Noikor,2113,1,0.0,0.0,THA,26,atp_rankings_2026_03_30.csv
2026-03-30,213783,Oswaldo Alejandro Reyes Tirado,2113,1,0.0,34.0,MEX,18,atp_rankings_2026_03_30.csv
2026-03-30,210453,Cedric Stanke,2113,1,0.0,34.0,GER,27,atp_rankings_2026_03_30.csv
2026-03-30,211493,Calin Teodor Stirbu,2113,1,0.0,0.0,ROU,20,atp_rankings_2026_03_30.csv
2026-03-30,213813,Alexander Ushakov,2113,1,0.0,0.0,RUS,,atp_rankings_2026_03_30.csv
2026-03-30,214028,Matei Varbanciu,2113,1,0.0,0.0,ROU,,atp_rankings_2026_03_30.csv
2026-03-30,212469,Qiulin Wang,2113,1,0.0,0.0,CHN,23,atp_rankings_2026_03_30.csv
2026-03-30,212220,Weitao Xu,2113,1,0.0,0.0,CHN,20,atp_rankings_2026_03_30.csv
2026-03-30,211554,Suk Ann,2143,1,0.0,4.0,KOR,,atp_rankings_2026_03_30.csv
2026-03-30,211738,Jonah Braswell,2143,1,0.0,4.0,USA,22,atp_rankings_2026_03_30.csv
2026-03-30,210434,Charlie Camus,2143,1,0.0,37.0,FRA,19,atp_rankings_2026_03_30.csv
2026-03-30,213759,Maxi Carrascosa Diaz,2143,1,0.0,4.0,ESP,,atp_rankings_2026_03_30.csv
2026-03-30,214014,Pedro Henrique Chabalgoity,2143,1,0.0,4.0,BRA,,atp_rankings_2026_03_30.csv
2026-03-30,207761,Julien De Cuyper,2143,1,0.0,4.0,FRA,26,atp_rankings_2026_03_30.csv
2026-03-30,213140,Edoardo De Filippo,2143,1,0.0,4.0,ITA,21,atp_rankings_2026_03_30.csv
2026-03-30,213859,Andrei Corneliu Gadoiu,2143,1,0.0,4.0,ROU,17,atp_rankings_2026_03_30.csv
2026-03-30,214124,Matteo Gribaldo,2143,1,0.0,-30.0,ITA,,atp_rankings_2026_03_30.csv
2026-03-30,212925,Alexandru Toubi Hebhang Balan,2143,1,0.0,4.0,CAN,,atp_rankings_2026_03_30.csv
2026-03-30,208668,Sean Hess,2143,1,0.0,54.0,ARG,24,atp_rankings_2026_03_30.csv
2026-03-30,213928,Reid Jarvis,2143,1,0.0,4.0,USA,,atp_rankings_2026_03_30.csv
2026-03-30,208157,Jan Jermar,2143,1,0.0,4.0,CZE,25,atp_rankings_2026_03_30.csv
2026-03-30,210575,Jack Karlsson Wistrand,2143,1,0.0,4.0,SWE,23,atp_rankings_2026_03_30.csv
2026-03-30,208558,Rafael Kis Balazs,2143,1,0.0,4.0,HUN,24,atp_rankings_2026_03_30.csv
2026-03-30,200690,Yuhei Kono,2143,1,0.0,4.0,JPN,30,atp_rankings_2026_03_30.csv
2026-03-30,212576,Valentin Kopeikin,2143,1,0.0,4.0,RUS,24,atp_rankings_2026_03_30.csv
2026-03-30,212293,Karl Kazuma Lee,2143,1,0.0,4.0,USA,23,atp_rankings_2026_03_30.csv
2026-03-30,213060,Adam Lynch,2143,1,0.0,4.0,USA,,atp_rankings_2026_03_30.csv
2026-03-30,213831,Vicente Freda,2143,1,0.0,4.0,BRA,18,atp_rankings_2026_03_30.csv
2026-03-30,213329,Matteo Mesaglio,2143,1,0.0,4.0,ITA,21,atp_rankings_2026_03_30.csv
2026-03-30,210419,Daniele Minighini,2143,1,0.0,-30.0,ITA,21,atp_rankings_2026_03_30.csv
2026-03-30,214260,Salvador Monteiro,2143,1,0.0,4.0,POR,18,atp_rankings_2026_03_30.csv
2026-03-30,213958,Ramazan Kaan Oktay,2143,1,0.0,4.0,TUR,,atp_rankings_2026_03_30.csv
2026-03-30,,Daniil Piatrouski,2143,1,0.0,4.0,,,atp_rankings_2026_03_30.csv
2026-03-30,213415,Glauco Pinheiro Da Cruz Junior,2143,1,0.0,4.0,BRA,20,atp_rankings_2026_03_30.csv
2026-03-30,207685,Peter Sallay,2143,1,0.0,4.0,HUN,25,atp_rankings_2026_03_30.csv
2026-03-30,214123,Elijah Sanogo,2143,1,0.0,4.0,FRA,17,atp_rankings_2026_03_30.csv
2026-03-30,214126,Matteo Sciahbasi,2143,1,0.0,4.0,ITA,18,atp_rankings_2026_03_30.csv
2026-03-30,131999,Kyle Seelig,2143,1,0.0,4.0,USA,28,atp_rankings_2026_03_30.csv
2026-03-30,213992,Lev Seidman,2143,1,0.0,4.0,USA,18,atp_rankings_2026_03_30.csv
2026-03-30,212087,Dmitrii Vasilev,2143,1,0.0,4.0,RUS,24,atp_rankings_2026_03_30.csv
2026-03-30,208726,Alberto Odiseo Alvarado Berrospi,2175,1,-1.0,-356.0,PER,25,atp_rankings_2026_03_30.csv
2026-03-30,213410,Romain Andres,2175,1,0.0,-28.0,FRA,19,atp_rankings_2026_03_30.csv
2026-03-30,213758,Pablo Aunion,2175,1,0.0,5.0,ESP,18,atp_rankings_2026_03_30.csv
2026-03-30,211517,Gregorio Biondolillo,2175,1,0.0,5.0,ITA,25,atp_rankings_2026_03_30.csv
2026-03-30,208559,Rahul Dhokia,2175,1,0.0,5.0,GBR,25,atp_rankings_2026_03_30.csv
2026-03-30,212571,Jim Hendrikx,2175,1,0.0,-28.0,NED,24,atp_rankings_2026_03_30.csv
2026-03-30,210723,Liam Hignett,2175,1,0.0,5.0,GBR,26,atp_rankings_2026_03_30.csv
2026-03-30,213664,Vladimir Holban,2175,1,0.0,-28.0,GRE,,atp_rankings_2026_03_30.csv
2026-03-30,213970,Nicolas Hurtado Novoa,2175,1,0.0,5.0,COL,,atp_rankings_2026_03_30.csv
2026-03-30,211573,Lucky Candra Kurniawan,2175,1,0.0,5.0,INA,22,atp_rankings_2026_03_30.csv
2026-03-30,212272,Nikos Lehmann,2175,1,-1.0,-356.0,ARG,20,atp_rankings_2026_03_30.csv
2026-03-30,125848,Niels Lootsma,2175,1,0.0,5.0,NED,31,atp_rankings_2026_03_30.csv
2026-03-30,212825,Cian Maguire,2175,1,0.0,5.0,IRL,26,atp_rankings_2026_03_30.csv
2026-03-30,148670,Karol Malirz,2175,1,0.0,5.0,POL,23,atp_rankings_2026_03_30.csv
2026-03-30,208897,Pablo Masjuan Ginel,2175,1,-19.0,-1231.0,ESP,23,atp_rankings_2026_03_30.csv
2026-03-30,214207,Thomas Enrique Menzel Piccioli,2175,1,0.0,5.0,CHI,18,atp_rankings_2026_03_30.csv
2026-03-30,213770,Andreas Messis,2175,1,0.0,5.0,GRE,,atp_rankings_2026_03_30.csv
2026-03-30,208239,Zhou Mingzhou,2175,1,0.0,5.0,CHN,25,atp_rankings_2026_03_30.csv
2026-03-30,210476,Enmanuel Munoz,2175,1,0.0,22.0,DOM,21,atp_rankings_2026_03_30.csv
2026-03-30,207178,Joe Tyler,2175,1,0.0,5.0,GBR,27,atp_rankings_2026_03_30.csv
2026-03-30,202413,Lazar Vojinovic,2175,1,0.0,5.0,SRB,27,atp_rankings_2026_03_30.csv
2026-03-30,208504,Daiki Yoshimura,2175,1,-1.0,-339.0,JPN,24,atp_rankings_2026_03_30.csv
2026-03-30,212103,Zhan Zheng,2175,1,0.0,22.0,CHN,23,atp_rankings_2026_03_30.csv
2026-03-30,213612,Daniil Bogatov,2198,1,0.0,-1.0,RUS,,atp_rankings_2026_03_30.csv
2026-03-30,212497,Alvaro Bueno Gil,2198,1,0.0,-1.0,ESP,25,atp_rankings_2026_03_30.csv
2026-03-30,210068,Lorenzo Ferri,2198,1,0.0,-1.0,ITA,22,atp_rankings_2026_03_30.csv
2026-03-30,212472,Xirui Han,2198,1,0.0,22.0,CHN,20,atp_rankings_2026_03_30.csv
2026-03-30,212638,Gregor Hausberger,2198,1,0.0,-1.0,AUT,22,atp_rankings_2026_03_30.csv
2026-03-30,213819,Andrei Kunitsyn,2198,1,0.0,-1.0,RUS,21,atp_rankings_2026_03_30.csv
2026-03-30,211389,Manuel Mouilleron Salvo,2198,1,0.0,-1.0,ARG,22,atp_rankings_2026_03_30.csv
2026-03-30,212716,Kyle Overmyer,2198,1,0.0,12.0,USA,22,atp_rankings_2026_03_30.csv
2026-03-30,214170,Cagan Efe Tufecki,2198,1,0.0,-1.0,TUR,22,atp_rankings_2026_03_30.csv
2026-03-30,214159,Yassin Ahmed Wageh,2198,1,0.0,-1.0,EGY,18,atp_rankings_2026_03_30.csv
2026-03-30,212471,Minghui Zhang,2198,1,0.0,-18.0,CHN,21,atp_rankings_2026_03_30.csv
2026-03-30,208853,Adrien Burdet,2209,1,0.0,1.0,SUI,24,atp_rankings_2026_03_30.csv
2026-03-30,212094,Liam Delicata,2209,1,0.0,1.0,MLT,24,atp_rankings_2026_03_30.csv
2026-03-30,211600,Carlos Giraldi,2209,1,0.0,1.0,ESP,20,atp_rankings_2026_03_30.csv
2026-03-30,213024,Ivan Iutkin,2209,1,0.0,1.0,RUS,19,atp_rankings_2026_03_30.csv
2026-03-30,111772,Krittin Koaykul,2209,1,0.0,1.0,THA,30,atp_rankings_2026_03_30.csv
2026-03-30,212593,Filip Krolo,2209,1,0.0,11.0,GER,24,atp_rankings_2026_03_30.csv
2026-03-30,210751,Isaac Nortey,2209,1,0.0,11.0,GHA,26,atp_rankings_2026_03_30.csv
2026-03-30,212945,Yong Joon Park,2209,1,0.0,1.0,KOR,24,atp_rankings_2026_03_30.csv
2026-03-30,212164,Breno Rossetto Urvaneja,2209,1,0.0,1.0,BRA,21,atp_rankings_2026_03_30.csv
2026-03-30,210417,Adrian Arcon,2218,1,0.0,2.0,AUS,24,atp_rankings_2026_03_30.csv
2026-03-30,213775,Mateo Carballo,2218,1,0.0,2.0,ARG,,atp_rankings_2026_03_30.csv
2026-03-30,206739,Essa Qabazard,2218,1,0.0,2.0,KUW,24,atp_rankings_2026_03_30.csv
2026-03-30,212971,Tsz Fu Wong,2218,1,0.0,-8.0,HKG,20,atp_rankings_2026_03_30.csv
2026-03-30,210174,Matic Dimic,2222,1,,,SLO,24,atp_rankings_2026_03_30.csv
2026-03-30,213582,Andrea Motta,2222,1,0.0,8.0,ITA,,atp_rankings_2026_03_30.csv
2026-03-30,210103,Luca Parenti,2222,1,0.0,6.0,ITA,22,atp_rankings_2026_03_30.csv
2026-03-30,110773,Issei Okamura,2225,1,-1.0,-365.0,JPN,33,atp_rankings_2026_03_30.csv
2026-03-30,208780,Kaya Arinc,2226,1,0.0,6.0,TUR,26,atp_rankings_2026_03_30.csv
2026-03-30,209046,Atharva Sharma,2226,1,0.0,4.0,IND,25,atp_rankings_2026_03_30.csv
2026-03-30,213378,Adam Farag Cao,2228,1,-1.0,-368.0,CAN,18,atp_rankings_2026_03_30.csv
2026-03-30,213494,Bogdan Seleznev,2229,1,0.0,4.0,RUS,23,atp_rankings_2026_03_30.csv
