ranking_date,player_id,player_name,atp_rank,atp_points,atp_points_change,atp_rank_change,country,age,source_file
2026-06-22,206173,Jannik Sinner,1,13450,-50.0,0.0,ITA,24,atp_rankings_2026_06_22.csv
2026-06-22,207989,Carlos Alcaraz,2,9460,-500.0,0.0,ESP,23,atp_rankings_2026_06_22.csv
2026-06-22,100644,Alexander Zverev,3,7190,0.0,0.0,GER,29,atp_rankings_2026_06_22.csv
2026-06-22,200000,Felix Auger Aliassime,4,4440,50.0,0.0,CAN,25,atp_rankings_2026_06_22.csv
2026-06-22,210097,Ben Shelton,5,4160,90.0,0.0,USA,23,atp_rankings_2026_06_22.csv
2026-06-22,200282,Alex De Minaur,6,4110,50.0,0.0,AUS,27,atp_rankings_2026_06_22.csv
2026-06-22,126203,Taylor Fritz,7,3915,280.0,2.0,USA,28,atp_rankings_2026_06_22.csv
2026-06-22,104925,Novak Djokovic,8,3760,0.0,0.0,SRB,39,atp_rankings_2026_06_22.csv
2026-06-22,106421,Daniil Medvedev,9,3580,-230.0,-2.0,RUS,30,atp_rankings_2026_06_22.csv
2026-06-22,207925,Flavio Cobolli,10,3460,-80.0,0.0,ITA,24,atp_rankings_2026_06_22.csv
2026-06-22,122330,Alexander Bublik,11,2620,-400.0,0.0,KAZ,29,atp_rankings_2026_06_22.csv
2026-06-22,134770,Casper Ruud,12,2425,0.0,2.0,NOR,27,atp_rankings_2026_06_22.csv
2026-06-22,126094,Andrey Rublev,13,2420,-40.0,0.0,RUS,28,atp_rankings_2026_06_22.csv
2026-06-22,208103,Jiri Lehecka,14,2360,-280.0,-2.0,CZE,24,atp_rankings_2026_06_22.csv
2026-06-22,207518,Lorenzo Musetti,15,2325,10.0,0.0,ITA,24,atp_rankings_2026_06_22.csv
2026-06-22,209260,Luciano Darderi,16,2300,0.0,1.0,ITA,24,atp_rankings_2026_06_22.csv
2026-06-22,210084,Jakub Mensik,17,2295,-5.0,-1.0,CZE,20,atp_rankings_2026_06_22.csv
2026-06-22,210530,Learner Tien,18,2290,20.0,1.0,USA,20,atp_rankings_2026_06_22.csv
2026-06-22,126207,Frances Tiafoe,19,2180,450.0,7.0,USA,28,atp_rankings_2026_06_22.csv
2026-06-22,200473,Valentin Vacherot,20,2138,0.0,0.0,MON,27,atp_rankings_2026_06_22.csv
2026-06-22,202103,Francisco Cerundolo,21,2110,450.0,6.0,ARG,27,atp_rankings_2026_06_22.csv
2026-06-22,111575,Karen Khachanov,22,2080,-200.0,-4.0,RUS,30,atp_rankings_2026_06_22.csv
2026-06-22,209950,Arthur Fils,23,1940,0.0,-2.0,FRA,22,atp_rankings_2026_06_22.csv
2026-06-22,126205,Tommy Paul,24,1925,280.0,4.0,USA,29,atp_rankings_2026_06_22.csv
2026-06-22,200221,Alejandro Davidovich Fokina,25,1910,50.0,-3.0,ESP,27,atp_rankings_2026_06_22.csv
2026-06-22,212588,Rafael Jodar,26,1849,0.0,-3.0,ESP,19,atp_rankings_2026_06_22.csv
2026-06-22,211663,Joao Fonseca,27,1735,0.0,-2.0,BRA,19,atp_rankings_2026_06_22.csv
2026-06-22,126239,Arthur Rinderknech,28,1688,-88.0,-4.0,FRA,30,atp_rankings_2026_06_22.csv
2026-06-22,111815,Cameron Norrie,29,1595,0.0,0.0,GBR,30,atp_rankings_2026_06_22.csv
2026-06-22,200005,Ugo Humbert,30,1510,150.0,3.0,FRA,27,atp_rankings_2026_06_22.csv
2026-06-22,206909,Brandon Nakashima,31,1485,100.0,1.0,USA,24,atp_rankings_2026_06_22.csv
2026-06-22,144869,Tomas Martin Etcheverry,32,1460,-50.0,-2.0,ARG,26,atp_rankings_2026_06_22.csv
2026-06-22,126214,Alejandro Tabilo,33,1428,0.0,-2.0,CHI,29,atp_rankings_2026_06_22.csv
2026-06-22,209860,Ignacio Buse,34,1360,44.0,1.0,PER,22,atp_rankings_2026_06_22.csv
2026-06-22,208286,Matteo Arnaldi,35,1336,0.0,-1.0,ITA,25,atp_rankings_2026_06_22.csv
2026-06-22,144895,Corentin Moutet,36,1278,-5.0,0.0,FRA,27,atp_rankings_2026_06_22.csv
2026-06-22,210696,Alexander Blockx,37,1275,0.0,0.0,BEL,21,atp_rankings_2026_06_22.csv
2026-06-22,208363,Mariano Navone,38,1165,0.0,1.0,ARG,25,atp_rankings_2026_06_22.csv
2026-06-22,134868,Tallon Griekspoor,39,1165,0.0,1.0,NED,29,atp_rankings_2026_06_22.csv
2026-06-22,105173,Adrian Mannarino,40,1139,40.0,4.0,FRA,37,atp_rankings_2026_06_22.csv
2026-06-22,133430,Denis Shapovalov,41,1130,0.0,0.0,CAN,27,atp_rankings_2026_06_22.csv
2026-06-22,210506,Alex Michelsen,42,1115,-90.0,-4.0,USA,21,atp_rankings_2026_06_22.csv
2026-06-22,209920,Raphael Collignon,43,1069,103.0,8.0,BEL,24,atp_rankings_2026_06_22.csv
2026-06-22,144719,Jaume Munar,44,1065,-40.0,-1.0,ESP,29,atp_rankings_2026_06_22.csv
2026-06-22,207678,Juan Manuel Cerundolo,45,1055,0.0,0.0,ARG,24,atp_rankings_2026_06_22.csv
2026-06-22,111794,Kamil Majchrzak,46,1032,0.0,1.0,POL,30,atp_rankings_2026_06_22.csv
2026-06-22,207830,Tomas Machac,47,1020,-100.0,-5.0,CZE,25,atp_rankings_2026_06_22.csv
2026-06-22,200267,Zizou Bergs,48,1010,0.0,0.0,BEL,27,atp_rankings_2026_06_22.csv
2026-06-22,126610,Matteo Berrettini,49,985,0.0,0.0,ITA,30,atp_rankings_2026_06_22.csv
2026-06-22,209279,Terence Atmane,50,982,34.0,3.0,FRA,24,atp_rankings_2026_06_22.csv
2026-06-22,200175,Miomir Kecmanovic,51,980,0.0,-1.0,SRB,26,atp_rankings_2026_06_22.csv
2026-06-22,122298,Botic Van De Zandschulp,52,969,34.0,4.0,NED,30,atp_rankings_2026_06_22.csv
2026-06-22,132686,Nuno Borges,53,945,0.0,1.0,POR,29,atp_rankings_2026_06_22.csv
2026-06-22,202058,Thiago Agustin Tirante,54,944,-17.0,-2.0,ARG,25,atp_rankings_2026_06_22.csv
2026-06-22,105870,Yannick Hanfmann,55,940,25.0,4.0,GER,34,atp_rankings_2026_06_22.csv
2026-06-22,202104,Sebastian Baez,56,935,0.0,1.0,ARG,25,atp_rankings_2026_06_22.csv
2026-06-22,200116,Camilo Ugo Carabelli,57,930,0.0,1.0,ARG,27,atp_rankings_2026_06_22.csv
2026-06-22,211776,Martin Landaluce,58,926,-10.0,-3.0,ESP,20,atp_rankings_2026_06_22.csv
2026-06-22,127157,Daniel Altmaier,59,924,184.0,22.0,GER,27,atp_rankings_2026_06_22.csv
2026-06-22,105227,Marin Cilic,60,911,-125.0,-14.0,CRO,37,atp_rankings_2026_06_22.csv
2026-06-22,200624,Sebastian Korda,61,900,0.0,-1.0,USA,25,atp_rankings_2026_06_22.csv
2026-06-22,206681,Fabian Marozsan,62,895,0.0,-1.0,HUN,26,atp_rankings_2026_06_22.csv
2026-06-22,210319,Ethan Quinn,63,894,40.0,3.0,USA,22,atp_rankings_2026_06_22.csv
2026-06-22,209098,Hamad Medjedovic,64,894,50.0,3.0,SRB,22,atp_rankings_2026_06_22.csv
2026-06-22,208233,Mattia Bellucci,65,876,62.0,9.0,ITA,25,atp_rankings_2026_06_22.csv
2026-06-22,208882,Roman Andres Burruchaga,66,875,0.0,-4.0,ARG,24,atp_rankings_2026_06_22.csv
2026-06-22,202385,Jenson Brooksby,67,867,50.0,6.0,USA,25,atp_rankings_2026_06_22.csv
2026-06-22,200240,Vit Kopriva,68,856,0.0,-4.0,CZE,29,atp_rankings_2026_06_22.csv
2026-06-22,208260,Zachary Svajda,69,848,13.0,0.0,USA,23,atp_rankings_2026_06_22.csv
2026-06-22,206499,Aleksandar Kovacevic,70,837,0.0,-2.0,USA,27,atp_rankings_2026_06_22.csv
2026-06-22,105807,Pablo Carreno Busta,71,834,0.0,-1.0,ESP,34,atp_rankings_2026_06_22.csv
2026-06-22,132283,Lorenzo Sonego,72,833,-22.0,-7.0,ITA,31,atp_rankings_2026_06_22.csv
2026-06-22,209226,Adolfo Daniel Vallejo,73,828,0.0,-2.0,PAR,22,atp_rankings_2026_06_22.csv
2026-06-22,207411,Jesper De Jong,74,808,-13.0,-2.0,NED,26,atp_rankings_2026_06_22.csv
2026-06-22,208316,Valentin Royer,75,798,0.0,0.0,FRA,25,atp_rankings_2026_06_22.csv
2026-06-22,105916,Marton Fucsovics,76,781,0.0,0.0,HUN,34,atp_rankings_2026_06_22.csv
2026-06-22,105526,Jan Lennard Struff,77,779,0.0,0.0,GER,36,atp_rankings_2026_06_22.csv
2026-06-22,105902,James Duckworth,78,776,0.0,0.0,AUS,34,atp_rankings_2026_06_22.csv
2026-06-22,208029,Holger Rune,79,760,-100.0,-16.0,DEN,23,atp_rankings_2026_06_22.csv
2026-06-22,209070,Arthur Cazaux,80,757,0.0,-1.0,FRA,23,atp_rankings_2026_06_22.csv
2026-06-22,209976,Dino Prizmic,81,735,0.0,1.0,CRO,20,atp_rankings_2026_06_22.csv
2026-06-22,209414,Luca Van Assche,82,735,109.0,18.0,FRA,22,atp_rankings_2026_06_22.csv
2026-06-22,208014,Rinky Hijikata,83,717,112.0,21.0,AUS,25,atp_rankings_2026_06_22.csv
2026-06-22,208659,Giovanni Mpetshi Perricard,84,710,15.0,3.0,FRA,22,atp_rankings_2026_06_22.csv
2026-06-22,210017,Daniel Merida Aguilar,85,706,-8.0,-2.0,ESP,21,atp_rankings_2026_06_22.csv
2026-06-22,106218,Marcos Giron,86,705,0.0,0.0,USA,32,atp_rankings_2026_06_22.csv
2026-06-22,207182,Emilio Nava,87,704,-3.0,-2.0,USA,24,atp_rankings_2026_06_22.csv
2026-06-22,126774,Stefanos Tsitsipas,88,700,-40.0,-8.0,GRE,27,atp_rankings_2026_06_22.csv
2026-06-22,200647,Sho Shimabukuro,89,691,40.0,8.0,JPN,28,atp_rankings_2026_06_22.csv
2026-06-22,207681,Francisco Comesana,90,688,0.0,-2.0,ARG,25,atp_rankings_2026_06_22.csv
2026-06-22,209113,Gabriel Diallo,91,685,-25.0,-7.0,CAN,24,atp_rankings_2026_06_22.csv
2026-06-22,200443,Adam Walton,92,676,-3.0,-1.0,AUS,27,atp_rankings_2026_06_22.csv
2026-06-22,126127,Benjamin Bonzi,93,673,-9.0,-4.0,FRA,30,atp_rankings_2026_06_22.csv
2026-06-22,105477,Marco Trungelliti,94,670,0.0,-2.0,ARG,36,atp_rankings_2026_06_22.csv
2026-06-22,128034,Hubert Hurkacz,95,665,50.0,8.0,POL,29,atp_rankings_2026_06_22.csv
2026-06-22,208118,Eliot Spizzirri,96,662,0.0,-1.0,USA,24,atp_rankings_2026_06_22.csv
2026-06-22,210262,Jaime Faria,97,660,-8.0,-4.0,POR,22,atp_rankings_2026_06_22.csv
2026-06-22,207686,Alexander Shevchenko,98,658,0.0,-2.0,KAZ,25,atp_rankings_2026_06_22.csv
2026-06-22,200059,Yibing Wu,99,634,8.0,0.0,CHN,26,atp_rankings_2026_06_22.csv
2026-06-22,200615,Alexei Popyrin,100,630,-50.0,-10.0,AUS,26,atp_rankings_2026_06_22.csv
2026-06-22,111460,Quentin Halys,101,626,-40.0,-7.0,FRA,29,atp_rankings_2026_06_22.csv
2026-06-22,144684,Alex Molcan,102,626,0.0,-1.0,SVK,28,atp_rankings_2026_06_22.csv
2026-06-22,126846,Aleksandar Vukic,103,614,-12.0,-5.0,AUS,30,atp_rankings_2026_06_22.csv
2026-06-22,106000,Damir Dzumhur,104,604,0.0,1.0,BIH,34,atp_rankings_2026_06_22.csv
2026-06-22,102093,Martin Damm,105,603,17.0,3.0,USA,22,atp_rankings_2026_06_22.csv
2026-06-22,123828,Jan Choinski,106,601,1.0,0.0,GBR,30,atp_rankings_2026_06_22.csv
2026-06-22,207352,Bu Yunchaokete,107,598,0.0,0.0,CHN,24,atp_rankings_2026_06_22.csv
2026-06-22,209409,Coleman Wong,108,584,0.0,1.0,HKG,22,atp_rankings_2026_06_22.csv
2026-06-22,124187,Reilly Opelka,109,571,-50.0,-7.0,USA,28,atp_rankings_2026_06_22.csv
2026-06-22,104527,Stan Wawrinka,110,563,0.0,1.0,SUI,41,atp_rankings_2026_06_22.csv
2026-06-22,124116,Sebastian Ofner,111,557,39.0,12.0,AUT,30,atp_rankings_2026_06_22.csv
2026-06-22,105932,Nikoloz Basilashvili,112,554,25.0,6.0,GEO,34,atp_rankings_2026_06_22.csv
2026-06-22,207494,Dalibor Svrcina,113,550,-25.0,-3.0,CZE,23,atp_rankings_2026_06_22.csv
2026-06-22,200516,Patrick Kypson,114,548,0.0,0.0,USA,26,atp_rankings_2026_06_22.csv
2026-06-22,208169,Titouan Droguet,115,534,-28.0,-3.0,FRA,25,atp_rankings_2026_06_22.csv
2026-06-22,209857,Leandro Riedi,116,533,0.0,0.0,SUI,24,atp_rankings_2026_06_22.csv
2026-06-22,200384,Hugo Gaston,117,533,0.0,0.0,FRA,25,atp_rankings_2026_06_22.csv
2026-06-22,209259,Arthur Fery,118,528,87.0,22.0,GBR,23,atp_rankings_2026_06_22.csv
2026-06-22,208010,Pablo Llamas Ruiz,119,525,0.0,1.0,ESP,23,atp_rankings_2026_06_22.csv
2026-06-22,207680,Facundo Diaz Acosta,120,525,44.0,7.0,ARG,25,atp_rankings_2026_06_22.csv
2026-06-22,149282,Nicolai Budkov Kjaer,121,522,0.0,0.0,NOR,19,atp_rankings_2026_06_22.csv
2026-06-22,210012,Henrique Rocha,122,519,0.0,0.0,POR,22,atp_rankings_2026_06_22.csv
2026-06-22,106331,Christopher Oconnell,123,505,112.0,31.0,AUS,32,atp_rankings_2026_06_22.csv
2026-06-22,106426,Cristian Garin,124,504,-25.0,-5.0,CHI,30,atp_rankings_2026_06_22.csv
2026-06-22,124186,Alexandre Muller,125,494,0.0,0.0,FRA,29,atp_rankings_2026_06_22.csv
2026-06-22,208013,Dane Sweeny,126,493,0.0,0.0,AUS,25,atp_rankings_2026_06_22.csv
2026-06-22,126128,Roman Safiullin,127,483,16.0,4.0,RUS,28,atp_rankings_2026_06_22.csv
2026-06-22,208353,Francesco Maestrelli,128,480,-16.0,-4.0,ITA,23,atp_rankings_2026_06_22.csv
2026-06-22,209147,Vilius Gaubas,129,474,0.0,0.0,LTU,21,atp_rankings_2026_06_22.csv
2026-06-22,105882,Stefano Travaglia,130,464,2.0,2.0,ITA,34,atp_rankings_2026_06_22.csv
2026-06-22,126504,Andrea Pellegrino,131,457,0.0,2.0,ITA,29,atp_rankings_2026_06_22.csv
2026-06-22,210338,Arthur Gea,132,457,4.0,3.0,FRA,21,atp_rankings_2026_06_22.csv
2026-06-22,210460,Nishesh Basavareddy,133,453,0.0,1.0,USA,21,atp_rankings_2026_06_22.csv
2026-06-22,124079,Pedro Martinez,134,451,0.0,2.0,ESP,29,atp_rankings_2026_06_22.csv
2026-06-22,144642,Tomas Barrios Vera,135,442,-8.0,2.0,CHI,28,atp_rankings_2026_06_22.csv
2026-06-22,208021,Kyrian Jacquet,136,433,22.0,9.0,FRA,25,atp_rankings_2026_06_22.csv
2026-06-22,202261,Otto Virtanen,137,432,64.0,23.0,FIN,25,atp_rankings_2026_06_22.csv
2026-06-22,208361,Gustavo Heide,138,430,100.0,49.0,BRA,24,atp_rankings_2026_06_22.csv
2026-06-22,200514,Jurij Rodionov,139,426,30.0,13.0,AUT,27,atp_rankings_2026_06_22.csv
2026-06-22,126129,Billy Harris,140,425,9.0,2.0,GBR,31,atp_rankings_2026_06_22.csv
2026-06-22,200416,August Holmgren,141,423,8.0,2.0,DEN,28,atp_rankings_2026_06_22.csv
2026-06-22,210389,Toby Samuel,142,414,0.0,2.0,GBR,23,atp_rankings_2026_06_22.csv
2026-06-22,210116,Michael Zheng,143,410,0.0,3.0,USA,22,atp_rankings_2026_06_22.csv
2026-06-22,111456,Mackenzie Mcdonald,144,409,-67.0,-16.0,USA,31,atp_rankings_2026_06_22.csv
2026-06-22,209957,Jack Pinnington Jones,145,409,0.0,2.0,GBR,23,atp_rankings_2026_06_22.csv
2026-06-22,208852,Stefanos Sakellaridis,146,404,8.0,7.0,GRE,21,atp_rankings_2026_06_22.csv
2026-06-22,209262,Tristan Schoolkate,147,403,0.0,2.0,AUS,25,atp_rankings_2026_06_22.csv
2026-06-22,210536,Rei Sakamoto,148,403,-2.0,0.0,JPN,19,atp_rankings_2026_06_22.csv
2026-06-22,209284,Elmer Moller,149,400,0.0,2.0,DEN,22,atp_rankings_2026_06_22.csv
2026-06-22,208278,Shintaro Mochizuki,150,397,-48.0,-12.0,JPN,23,atp_rankings_2026_06_22.csv
2026-06-22,106109,Alex Bolt,151,381,-12.0,4.0,AUS,33,atp_rankings_2026_06_22.csv
2026-06-22,207985,Jacob Fearnley,152,380,-92.0,-22.0,GBR,24,atp_rankings_2026_06_22.csv
2026-06-22,105583,Dusan Lajovic,153,378,-64.0,-14.0,SRB,35,atp_rankings_2026_06_22.csv
2026-06-22,144645,Zdenek Kolar,154,378,-4.0,2.0,CZE,29,atp_rankings_2026_06_22.csv
2026-06-22,121411,Moez Echargui,155,376,-25.0,-5.0,TUN,33,atp_rankings_2026_06_22.csv
2026-06-22,210178,Juan Carlos Prado Angelo,156,374,-1.0,1.0,BOL,21,atp_rankings_2026_06_22.csv
2026-06-22,111442,Jordan Thompson,157,373,0.0,1.0,AUS,32,atp_rankings_2026_06_22.csv
2026-06-22,208119,Liam Draxl,158,368,0.0,1.0,CAN,24,atp_rankings_2026_06_22.csv
2026-06-22,106065,Marco Cecchinato,159,361,10.0,8.0,ITA,33,atp_rankings_2026_06_22.csv
2026-06-22,207733,Jack Draper,160,360,-200.0,-47.0,GBR,24,atp_rankings_2026_06_22.csv
2026-06-22,144750,Lloyd Harris,161,359,-8.0,0.0,RSA,29,atp_rankings_2026_06_22.csv
2026-06-22,111190,Zhizhen Zhang,162,359,40.0,27.0,CHN,29,atp_rankings_2026_06_22.csv
2026-06-22,105138,Roberto Bautista Agut,163,358,-184.0,-48.0,ESP,38,atp_rankings_2026_06_22.csv
2026-06-22,105777,Grigor Dimitrov,164,357,12.0,5.0,BUL,35,atp_rankings_2026_06_22.csv
2026-06-22,106198,Hugo Dellien,165,357,0.0,-2.0,BOL,33,atp_rankings_2026_06_22.csv
2026-06-22,106148,Roberto Carballes Baena,166,353,9.0,6.0,ESP,33,atp_rankings_2026_06_22.csv
2026-06-22,210136,Mark Lajal,167,352,0.0,-1.0,EST,23,atp_rankings_2026_06_22.csv
2026-06-22,200711,Nicolas Mejia,168,352,-2.0,-4.0,COL,26,atp_rankings_2026_06_22.csv
2026-06-22,208134,Luca Nardi,169,348,5.0,4.0,ITA,22,atp_rankings_2026_06_22.csv
2026-06-22,209903,Lukas Neumayer,170,345,-8.0,-5.0,AUT,23,atp_rankings_2026_06_22.csv
2026-06-22,206750,Daniil Glinka,171,345,0.0,-1.0,EST,26,atp_rankings_2026_06_22.csv
2026-06-22,200436,Zsombor Piros,172,342,0.0,3.0,HUN,26,atp_rankings_2026_06_22.csv
2026-06-22,200259,Ugo Blanchet,173,341,-3.0,-2.0,FRA,27,atp_rankings_2026_06_22.csv
2026-06-22,212082,Joel Schwaerzler,174,341,-2.0,0.0,AUT,20,atp_rankings_2026_06_22.csv
2026-06-22,208293,Gonzalo Bueno,175,341,8.0,8.0,PER,22,atp_rankings_2026_06_22.csv
2026-06-22,210053,Luka Mikrut,176,340,-8.0,-8.0,CRO,22,atp_rankings_2026_06_22.csv
2026-06-22,127760,Lukas Klein,177,335,0.0,3.0,SVK,28,atp_rankings_2026_06_22.csv
2026-06-22,207608,Timofey Skatov,178,335,-7.0,-2.0,KAZ,25,atp_rankings_2026_06_22.csv
2026-06-22,208210,Chris Rodesch,179,334,-3.0,0.0,LUX,24,atp_rankings_2026_06_22.csv
2026-06-22,210748,Federico Cina,180,333,0.0,1.0,ITA,19,atp_rankings_2026_06_22.csv
2026-06-22,127339,Borna Gojo,181,332,0.0,3.0,CRO,28,atp_rankings_2026_06_22.csv
2026-06-22,106415,Yoshihito Nishioka,182,331,0.0,3.0,JPN,30,atp_rankings_2026_06_22.csv
2026-06-22,206904,Gauthier Onclin,183,331,0.0,3.0,BEL,25,atp_rankings_2026_06_22.csv
2026-06-22,200008,Alexis Galarneau,184,328,5.0,4.0,CAN,27,atp_rankings_2026_06_22.csv
2026-06-22,111200,Elias Ymer,185,312,-21.0,-3.0,SWE,30,atp_rankings_2026_06_22.csv
2026-06-22,122554,David Jorda Sanchis,186,312,0.0,4.0,ESP,32,atp_rankings_2026_06_22.csv
2026-06-22,200329,Remy Bertola,187,311,15.0,10.0,SUI,27,atp_rankings_2026_06_22.csv
2026-06-22,212256,Colton Smith,188,309,-32.0,-11.0,USA,23,atp_rankings_2026_06_22.csv
2026-06-22,106071,Bernard Tomic,189,309,0.0,3.0,AUS,33,atp_rankings_2026_06_22.csv
2026-06-22,208859,Francesco Passaro,190,304,-35.0,-12.0,ITA,25,atp_rankings_2026_06_22.csv
2026-06-22,202127,Clement Tabur,191,303,6.0,5.0,FRA,26,atp_rankings_2026_06_22.csv
2026-06-22,211533,Gianluca Cadenasso,192,303,0.0,2.0,ITA,21,atp_rankings_2026_06_22.csv
2026-06-22,207729,Tristan Boyer,193,302,-8.0,-2.0,USA,25,atp_rankings_2026_06_22.csv
2026-06-22,111581,Michael Mmoh,194,301,0.0,1.0,USA,28,atp_rankings_2026_06_22.csv
2026-06-22,206748,Giulio Zeppieri,195,296,-8.0,-2.0,ITA,24,atp_rankings_2026_06_22.csv
2026-06-22,126535,Carlos Taberner,196,295,-125.0,-55.0,ESP,28,atp_rankings_2026_06_22.csv
2026-06-22,208843,Jerome Kym,197,291,6.0,4.0,SUI,23,atp_rankings_2026_06_22.csv
2026-06-22,126663,Juan Pablo Ficovich,198,291,0.0,0.0,ARG,29,atp_rankings_2026_06_22.csv
2026-06-22,126964,Vitaliy Sachko,199,291,0.0,0.0,UKR,28,atp_rankings_2026_06_22.csv
2026-06-22,144821,Genaro Alberto Olivieri,200,288,3.0,2.0,ARG,27,atp_rankings_2026_06_22.csv
2026-06-22,208004,Harold Mayot,201,284,0.0,2.0,FRA,24,atp_rankings_2026_06_22.csv
2026-06-22,126952,Soon Woo Kwon,202,280,3.0,6.0,KOR,28,atp_rankings_2026_06_22.csv
2026-06-22,207784,Harry Wendelken,203,280,22.0,21.0,GBR,24,atp_rankings_2026_06_22.csv
2026-06-22,106121,Taro Daniel,204,279,0.0,2.0,JPN,33,atp_rankings_2026_06_22.csv
2026-06-22,206889,Clement Chidekh,205,277,-13.0,-5.0,FRA,25,atp_rankings_2026_06_22.csv
2026-06-22,200318,Yu Hsiou Hsu,206,274,2.0,7.0,TPE,27,atp_rankings_2026_06_22.csv
2026-06-22,210317,James Mccabe,207,273,-8.0,-2.0,AUS,22,atp_rankings_2026_06_22.csv
2026-06-22,211451,Gilles Arnaud Bailly,208,273,3.0,7.0,BEL,20,atp_rankings_2026_06_22.csv
2026-06-22,212063,Matej Dodig,209,272,0.0,3.0,CRO,20,atp_rankings_2026_06_22.csv
2026-06-22,106281,Liam Broady,210,272,-2.0,-1.0,GBR,32,atp_rankings_2026_06_22.csv
2026-06-22,111797,Nicolas Jarry,211,270,-13.0,-7.0,CHI,30,atp_rankings_2026_06_22.csv
2026-06-22,144870,Federico Agustin Gomez,212,270,0.0,2.0,ARG,29,atp_rankings_2026_06_22.csv
2026-06-22,111513,Laslo Djere,213,266,10.0,12.0,SRB,31,atp_rankings_2026_06_22.csv
2026-06-22,200677,Rio Noguchi,214,266,4.0,4.0,JPN,27,atp_rankings_2026_06_22.csv
2026-06-22,207663,Nikolas Sanchez Izquierdo,215,266,0.0,1.0,ESP,27,atp_rankings_2026_06_22.csv
2026-06-22,213608,Moise Kouame,216,265,0.0,1.0,FRA,17,atp_rankings_2026_06_22.csv
2026-06-22,210167,Tom Gentzsch,217,263,9.0,11.0,GER,22,atp_rankings_2026_06_22.csv
2026-06-22,202146,Luka Pavlovic,218,261,0.0,1.0,FRA,26,atp_rankings_2026_06_22.csv
2026-06-22,207546,Pol Martin Tiffon,219,261,0.0,1.0,ESP,26,atp_rankings_2026_06_22.csv
2026-06-22,208269,Felix Gill,220,260,0.0,2.0,GBR,24,atp_rankings_2026_06_22.csv
2026-06-22,209209,Filip Misolic,221,259,-100.0,-59.0,AUT,24,atp_rankings_2026_06_22.csv
2026-06-22,106293,Kimmer Coppejans,222,258,-3.0,-1.0,BEL,32,atp_rankings_2026_06_22.csv
2026-06-22,202358,Chun Hsin Tseng,223,254,16.0,11.0,TPE,24,atp_rankings_2026_06_22.csv
2026-06-22,126409,Hugo Grenier,224,254,-5.0,-1.0,FRA,30,atp_rankings_2026_06_22.csv
2026-06-22,210464,Darwin Blanch,225,253,-19.0,-14.0,USA,18,atp_rankings_2026_06_22.csv
2026-06-22,210220,Edas Butvilas,226,253,0.0,3.0,LTU,21,atp_rankings_2026_06_22.csv
2026-06-22,210297,Lautaro Midon,227,251,-4.0,0.0,ARG,22,atp_rankings_2026_06_22.csv
2026-06-22,105841,Lorenzo Giustino,228,251,-23.0,-18.0,ITA,34,atp_rankings_2026_06_22.csv
2026-06-22,200462,Andrea Guerrieri,229,248,0.0,1.0,ITA,27,atp_rankings_2026_06_22.csv
2026-06-22,106393,Frederico Ferreira Silva,230,246,1.0,2.0,POR,31,atp_rankings_2026_06_22.csv
2026-06-22,208069,Max Houkes,231,245,0.0,0.0,NED,25,atp_rankings_2026_06_22.csv
2026-06-22,200610,Oliver Crawford,232,243,6.0,6.0,GBR,27,atp_rankings_2026_06_22.csv
2026-06-22,208279,Alejandro Moro Canas,233,242,-2.0,0.0,ESP,25,atp_rankings_2026_06_22.csv
2026-06-22,208024,Max Alcala Gurri,234,240,46.0,38.0,ESP,23,atp_rankings_2026_06_22.csv
2026-06-22,202260,Henri Squire,235,238,0.0,0.0,GER,25,atp_rankings_2026_06_22.csv
2026-06-22,206307,Joao Lucas Reis Da Silva,236,238,0.0,1.0,BRA,26,atp_rankings_2026_06_22.csv
2026-06-22,200385,Dan Added,237,237,2.0,3.0,FRA,27,atp_rankings_2026_06_22.csv
2026-06-22,207815,Guido Ivan Justo,238,237,10.0,10.0,ARG,28,atp_rankings_2026_06_22.csv
2026-06-22,212044,Yi Zhou,239,234,15.0,14.0,CHN,21,atp_rankings_2026_06_22.csv
2026-06-22,105676,David Goffin,240,233,0.0,2.0,BEL,35,atp_rankings_2026_06_22.csv
2026-06-22,109303,Stefano Napolitano,241,233,3.0,4.0,ITA,31,atp_rankings_2026_06_22.csv
2026-06-22,209911,Guy Den Ouden,242,232,0.0,1.0,NED,24,atp_rankings_2026_06_22.csv
2026-06-22,208364,Franco Roncadelli,243,232,-23.0,-17.0,URU,26,atp_rankings_2026_06_22.csv
2026-06-22,208046,Pedro Boscardin Dias,244,231,-3.0,-3.0,BRA,23,atp_rankings_2026_06_22.csv
2026-06-22,126652,Jay Clarke,245,230,7.0,5.0,GBR,27,atp_rankings_2026_06_22.csv
2026-06-22,202333,Keegan Smith,246,229,0.0,0.0,USA,27,atp_rankings_2026_06_22.csv
2026-06-22,209875,Alex Barrena,247,228,-50.0,-40.0,ARG,23,atp_rankings_2026_06_22.csv
2026-06-22,134840,Raul Brancaccio,248,227,-11.0,-12.0,ITA,29,atp_rankings_2026_06_22.csv
2026-06-22,200303,Pavel Kotov,249,226,4.0,2.0,RUS,27,atp_rankings_2026_06_22.csv
2026-06-22,105732,Pierre Hugues Herbert,250,224,0.0,-1.0,FRA,35,atp_rankings_2026_06_22.csv
2026-06-22,200748,Andres Andrade,251,223,-14.0,-12.0,ECU,27,atp_rankings_2026_06_22.csv
2026-06-22,202475,Philip Henning,252,219,0.0,0.0,RSA,25,atp_rankings_2026_06_22.csv
2026-06-22,207527,Buvaysar Gadamauri,253,219,9.0,7.0,BEL,25,atp_rankings_2026_06_22.csv
2026-06-22,210558,Hynek Barton,254,219,-9.0,-7.0,CZE,22,atp_rankings_2026_06_22.csv
2026-06-22,111187,Kaichi Uchida,255,218,0.0,-1.0,JPN,31,atp_rankings_2026_06_22.csv
2026-06-22,209405,Daniel Rincon,256,215,19.0,15.0,ESP,23,atp_rankings_2026_06_22.csv
2026-06-22,202147,Florent Bax,257,215,-1.0,-1.0,FRA,27,atp_rankings_2026_06_22.csv
2026-06-22,210318,Andre Ilagan,258,215,0.0,-1.0,USA,25,atp_rankings_2026_06_22.csv
2026-06-22,212020,Michele Ribecai,259,211,23.0,24.0,ITA,23,atp_rankings_2026_06_22.csv
2026-06-22,104792,Gael Monfils,260,210,0.0,-1.0,FRA,39,atp_rankings_2026_06_22.csv
2026-06-22,111806,Fajing Sun,261,209,0.0,0.0,CHN,29,atp_rankings_2026_06_22.csv
2026-06-22,212309,Diego Dedura Palomero,262,209,0.0,0.0,GER,18,atp_rankings_2026_06_22.csv
2026-06-22,211902,Henry Searle,263,206,62.0,91.0,GBR,20,atp_rankings_2026_06_22.csv
2026-06-22,209992,Juncheng Shang,264,205,0.0,-1.0,CHN,21,atp_rankings_2026_06_22.csv
2026-06-22,106162,Franco Agamenone,265,205,0.0,-1.0,ITA,33,atp_rankings_2026_06_22.csv
2026-06-22,207969,Stefan Dostanic,266,204,0.0,-1.0,USA,24,atp_rankings_2026_06_22.csv
2026-06-22,208223,Alvaro Guillen Meza,267,204,0.0,-1.0,ECU,23,atp_rankings_2026_06_22.csv
2026-06-22,202400,Alastair Gray,268,203,5.0,2.0,GBR,28,atp_rankings_2026_06_22.csv
2026-06-22,202262,Filip Cristian Jianu,269,203,0.0,-2.0,ROU,24,atp_rankings_2026_06_22.csv
2026-06-22,200572,Nick Hardt,270,202,50.0,70.0,DOM,25,atp_rankings_2026_06_22.csv
2026-06-22,207732,Miguel Damas,271,202,0.0,-2.0,ESP,26,atp_rankings_2026_06_22.csv
2026-06-22,211514,Justin Engel,272,201,-13.0,-14.0,GER,18,atp_rankings_2026_06_22.csv
2026-06-22,209874,Maks Kasnikowski,273,195,4.0,6.0,POL,22,atp_rankings_2026_06_22.csv
2026-06-22,200277,Charles Broom,274,195,1.0,-1.0,GBR,28,atp_rankings_2026_06_22.csv
2026-06-22,209951,Petr Bar Biryukov,275,194,0.0,-1.0,RUS,24,atp_rankings_2026_06_22.csv
2026-06-22,207785,George Loffhagen,276,192,0.0,0.0,GBR,25,atp_rankings_2026_06_22.csv
2026-06-22,210119,Andrej Nedic,277,192,-24.0,-22.0,BIH,21,atp_rankings_2026_06_22.csv
2026-06-22,209849,Sascha Gueymard Wayenburg,278,192,0.0,0.0,FRA,22,atp_rankings_2026_06_22.csv
2026-06-22,210005,Kilian Feldbausch,279,191,6.0,11.0,SUI,20,atp_rankings_2026_06_22.csv
2026-06-22,209322,Martin Krumich,280,191,-11.0,-12.0,CZE,23,atp_rankings_2026_06_22.csv
2026-06-22,208913,Juan Bautista Torres,281,190,-1.0,-1.0,ARG,24,atp_rankings_2026_06_22.csv
2026-06-22,123921,Calvin Hemery,282,189,-4.0,-7.0,FRA,31,atp_rankings_2026_06_22.csv
2026-06-22,207213,Duje Ajdukovic,283,189,1.0,-1.0,CRO,25,atp_rankings_2026_06_22.csv
2026-06-22,209850,Robin Bertrand,284,188,0.0,0.0,FRA,23,atp_rankings_2026_06_22.csv
2026-06-22,111576,Sumit Nagal,285,187,-5.0,-8.0,IND,28,atp_rankings_2026_06_22.csv
2026-06-22,106329,Thiago Monteiro,286,187,0.0,-1.0,BRA,32,atp_rankings_2026_06_22.csv
2026-06-22,206470,Cezar Cretu,287,186,0.0,1.0,ROU,25,atp_rankings_2026_06_22.csv
2026-06-22,133297,Yosuke Watanuki,288,185,0.0,1.0,JPN,28,atp_rankings_2026_06_22.csv
2026-06-22,209898,Dali Blanch,289,185,0.0,2.0,USA,23,atp_rankings_2026_06_22.csv
2026-06-22,211617,Maxim Mrva,290,185,-2.0,-3.0,CZE,18,atp_rankings_2026_06_22.csv
2026-06-22,209326,Murphy Cassone,291,184,0.0,1.0,USA,23,atp_rankings_2026_06_22.csv
2026-06-22,205734,Thiago Seyboth Wild,292,183,4.0,5.0,BRA,26,atp_rankings_2026_06_22.csv
2026-06-22,208144,Giles Hussey,293,183,1.0,0.0,GBR,29,atp_rankings_2026_06_22.csv
2026-06-22,123755,Daniel Elahi Galan,294,181,8.0,18.0,COL,30,atp_rankings_2026_06_22.csv
2026-06-22,208902,Johannus Monday,295,181,0.0,-1.0,GBR,24,atp_rankings_2026_06_22.csv
2026-06-22,200672,Sergey Fomin,296,181,0.0,-1.0,UZB,25,atp_rankings_2026_06_22.csv
2026-06-22,105554,Daniel Evans,297,180,-50.0,-53.0,GBR,36,atp_rankings_2026_06_22.csv
2026-06-22,210412,Juan Manuel La Serna,298,180,-7.0,-12.0,ARG,22,atp_rankings_2026_06_22.csv
2026-06-22,209406,Abedallah Shelbayh,299,180,0.0,-3.0,JOR,22,atp_rankings_2026_06_22.csv
2026-06-22,207130,Matias Soto,300,179,8.0,17.0,CHI,27,atp_rankings_2026_06_22.csv
2026-06-22,211542,Filippo Romano,301,178,0.0,-3.0,ITA,20,atp_rankings_2026_06_22.csv
2026-06-22,209899,Ilia Simakin,302,177,0.0,-3.0,RUS,22,atp_rankings_2026_06_22.csv
2026-06-22,211577,Antoine Ghibaudo,303,177,0.0,-3.0,FRA,21,atp_rankings_2026_06_22.csv
2026-06-22,105062,Mikhail Kukushkin,304,177,0.0,-2.0,KAZ,38,atp_rankings_2026_06_22.csv
2026-06-22,207171,Hamish Stewart,305,177,0.0,-4.0,GBR,26,atp_rankings_2026_06_22.csv
2026-06-22,123961,Murkel Alejandro Dellien Velasco,306,177,0.0,-2.0,BOL,28,atp_rankings_2026_06_22.csv
2026-06-22,212225,Thomas Faurel,307,176,2.0,3.0,FRA,20,atp_rankings_2026_06_22.csv
2026-06-22,208421,Lilian Marmousez,308,176,1.0,-1.0,FRA,24,atp_rankings_2026_06_22.csv
2026-06-22,122669,Juan Pablo Varillas,309,176,0.0,-4.0,PER,30,atp_rankings_2026_06_22.csv
2026-06-22,117361,Akira Santillan,310,176,0.0,-4.0,AUS,29,atp_rankings_2026_06_22.csv
2026-06-22,144817,Marc Andrea Huesler,311,175,0.0,-3.0,SUI,29,atp_rankings_2026_06_22.csv
2026-06-22,208540,Inaki Montes De La Torre,312,174,-1.0,-3.0,ESP,23,atp_rankings_2026_06_22.csv
2026-06-22,209131,Eliakim Coulibaly,313,174,0.0,-2.0,CIV,24,atp_rankings_2026_06_22.csv
2026-06-22,207797,Jonas Forejtek,314,172,0.0,1.0,CZE,25,atp_rankings_2026_06_22.csv
2026-06-22,211346,Andres Martin,315,172,0.0,-1.0,USA,24,atp_rankings_2026_06_22.csv
2026-06-22,106177,Oriol Roca Batalla,316,171,2.0,4.0,ESP,33,atp_rankings_2026_06_22.csv
2026-06-22,208025,Alex Martinez,317,171,-2.0,-4.0,ESP,25,atp_rankings_2026_06_22.csv
2026-06-22,209080,Blaise Bicknell,318,171,0.0,-2.0,JAM,24,atp_rankings_2026_06_22.csv
2026-06-22,202320,Beibit Zhukayev,319,170,0.0,-1.0,KAZ,25,atp_rankings_2026_06_22.csv
2026-06-22,213149,Felix Balshaw,320,170,3.0,2.0,FRA,20,atp_rankings_2026_06_22.csv
2026-06-22,207415,Daniel Michalski,321,170,-7.0,-18.0,POL,26,atp_rankings_2026_06_22.csv
2026-06-22,111578,Stefan Kozlov,322,169,0.0,-3.0,USA,28,atp_rankings_2026_06_22.csv
2026-06-22,210377,Luciano Emanuel Ambrogi,323,169,4.0,1.0,ARG,22,atp_rankings_2026_06_22.csv
2026-06-22,210340,Philip Sekulic,324,168,0.0,-3.0,AUS,22,atp_rankings_2026_06_22.csv
2026-06-22,105911,Andrea Collarini,325,167,0.0,-2.0,ARG,34,atp_rankings_2026_06_22.csv
2026-06-22,207491,Sandro Kopp,326,166,11.0,11.0,AUT,26,atp_rankings_2026_06_22.csv
2026-06-22,106034,Yasutaka Uchiyama,327,164,0.0,-2.0,JPN,33,atp_rankings_2026_06_22.csv
2026-06-22,211500,Tiago Pereira,328,164,0.0,-2.0,POR,22,atp_rankings_2026_06_22.csv
2026-06-22,127108,Igor Ribeiro Marcondes,329,163,0.0,-2.0,BRA,29,atp_rankings_2026_06_22.csv
2026-06-22,211711,Braden Shick,330,163,0.0,-2.0,USA,22,atp_rankings_2026_06_22.csv
2026-06-22,209407,Max Basing,331,162,0.0,-1.0,GBR,23,atp_rankings_2026_06_22.csv
2026-06-22,207368,Mert Alkaya,332,162,0.0,-1.0,TUR,26,atp_rankings_2026_06_22.csv
2026-06-22,208342,Tyler Zink,333,162,0.0,-1.0,USA,25,atp_rankings_2026_06_22.csv
2026-06-22,206703,Paul Jubb,334,161,-2.0,-5.0,GBR,26,atp_rankings_2026_06_22.csv
2026-06-22,213635,Jacopo Vasami,335,159,8.0,10.0,ITA,18,atp_rankings_2026_06_22.csv
2026-06-22,126107,Michael Geerts,336,159,0.0,-1.0,BEL,31,atp_rankings_2026_06_22.csv
2026-06-22,210557,Petr Brunclik,337,158,-1.0,-3.0,CZE,19,atp_rankings_2026_06_22.csv
2026-06-22,212268,Max Schoenhaus,338,158,0.0,-2.0,GER,18,atp_rankings_2026_06_22.csv
2026-06-22,200188,Matteo Martineau,339,157,-4.0,-6.0,FRA,27,atp_rankings_2026_06_22.csv
2026-06-22,106044,Nicolas Kicker,340,156,4.0,3.0,ARG,33,atp_rankings_2026_06_22.csv
2026-06-22,210202,Rodrigo Pacheco Mendez,341,155,-35.0,-60.0,MEX,21,atp_rankings_2026_06_22.csv
2026-06-22,207129,Yanki Erel,342,153,0.0,-4.0,TUR,25,atp_rankings_2026_06_22.csv
2026-06-22,211661,Juan Estevez,343,153,24.0,43.0,ARG,20,atp_rankings_2026_06_22.csv
2026-06-22,105649,Cedrik Marcel Stebe,344,152,0.0,-5.0,GER,35,atp_rankings_2026_06_22.csv
2026-06-22,209890,Mili Poljicak,345,152,0.0,-4.0,CRO,21,atp_rankings_2026_06_22.csv
2026-06-22,126555,Tung Lin Wu,346,152,0.0,-4.0,TPE,28,atp_rankings_2026_06_22.csv
2026-06-22,211627,Hayato Matsuoka,347,150,0.0,-1.0,JPN,21,atp_rankings_2026_06_22.csv
2026-06-22,208502,Dominic Stricker,348,149,0.0,-1.0,SUI,23,atp_rankings_2026_06_22.csv
2026-06-22,210472,Oliver Tarvet,349,147,-4.0,-5.0,GBR,22,atp_rankings_2026_06_22.csv
2026-06-22,106283,Mitchell Krueger,350,147,0.0,-1.0,USA,32,atp_rankings_2026_06_22.csv
2026-06-22,202239,Florian Broska,351,147,18.0,31.0,GER,28,atp_rankings_2026_06_22.csv
2026-06-22,200346,Mats Rosenkranz,352,145,-2.0,-4.0,GER,27,atp_rankings_2026_06_22.csv
2026-06-22,106057,Facundo Mena,353,145,0.0,-3.0,ARG,33,atp_rankings_2026_06_22.csv
2026-06-22,212241,Carlo Alberto Caniato,354,145,0.0,-3.0,ITA,20,atp_rankings_2026_06_22.csv
2026-06-22,212251,Daniel Milavsky,355,145,0.0,-3.0,USA,24,atp_rankings_2026_06_22.csv
2026-06-22,209952,Sean Cuenin,356,144,15.0,27.0,FRA,22,atp_rankings_2026_06_22.csv
2026-06-22,202122,Yuta Shimizu,357,144,0.0,-4.0,JPN,27,atp_rankings_2026_06_22.csv
2026-06-22,208457,Radu Mihai Papoe,358,144,15.0,26.0,ROU,23,atp_rankings_2026_06_22.csv
2026-06-22,210682,Federico Bondioli,359,144,0.0,-4.0,ITA,21,atp_rankings_2026_06_22.csv
2026-06-22,132573,Luca Castelnuovo,360,143,1.0,-4.0,SUI,29,atp_rankings_2026_06_22.csv
2026-06-22,202354,Matthew Dellavedova,361,143,12.0,15.0,AUS,26,atp_rankings_2026_06_22.csv
2026-06-22,209354,Ioannis Xilas,362,142,0.0,-5.0,GRE,25,atp_rankings_2026_06_22.csv
2026-06-22,133872,Enrico Dalla Valle,363,141,11.0,14.0,ITA,28,atp_rankings_2026_06_22.csv
2026-06-22,209916,Marko Topo,364,140,0.0,-6.0,GER,22,atp_rankings_2026_06_22.csv
2026-06-22,105613,Norbert Gombos,365,140,9.0,8.0,SVK,35,atp_rankings_2026_06_22.csv
2026-06-22,117360,Marc Polmans,366,140,0.0,-6.0,AUS,29,atp_rankings_2026_06_22.csv
2026-06-22,202199,Carlos Sanchez Jover,367,140,7.0,4.0,ESP,25,atp_rankings_2026_06_22.csv
2026-06-22,202359,Marvin Moeller,368,139,0.0,-6.0,GER,27,atp_rankings_2026_06_22.csv
2026-06-22,200184,Andrey Chepelev,369,139,22.0,49.0,RUS,27,atp_rankings_2026_06_22.csv
2026-06-22,212207,Ognjen Milic,370,137,-3.0,-11.0,SRB,19,atp_rankings_2026_06_22.csv
2026-06-22,123809,Ivan Gakhov,371,136,-4.0,-10.0,RUS,29,atp_rankings_2026_06_22.csv
2026-06-22,200309,Marek Gengel,372,136,0.0,-7.0,CZE,30,atp_rankings_2026_06_22.csv
2026-06-22,210042,Gabriele Piraino,373,134,7.0,17.0,ITA,22,atp_rankings_2026_06_22.csv
2026-06-22,206867,Tommaso Compagnucci,374,134,1.0,-4.0,ITA,26,atp_rankings_2026_06_22.csv
2026-06-22,123983,Nerman Fatic,375,133,0.0,-6.0,BIH,31,atp_rankings_2026_06_22.csv
2026-06-22,200495,Eduardo Ribeiro,376,133,4.0,5.0,BRA,28,atp_rankings_2026_06_22.csv
2026-06-22,207760,Anton Matusevich,377,133,4.0,8.0,GBR,25,atp_rankings_2026_06_22.csv
2026-06-22,208143,Garrett Johns,378,133,-1.0,-11.0,USA,25,atp_rankings_2026_06_22.csv
2026-06-22,209506,Francesco Forti,379,132,0.0,-7.0,ITA,26,atp_rankings_2026_06_22.csv
2026-06-22,109054,Daniel Masur,380,131,0.0,-6.0,GER,31,atp_rankings_2026_06_22.csv
2026-06-22,129911,Marat Sharipov,381,131,4.0,10.0,RUS,23,atp_rankings_2026_06_22.csv
2026-06-22,211768,Manas Dhamne,382,130,0.0,-4.0,IND,18,atp_rankings_2026_06_22.csv
2026-06-22,208649,Andrew Fenty,383,130,5.0,11.0,USA,26,atp_rankings_2026_06_22.csv
2026-06-22,207231,Mathys Erhard,384,130,0.0,-5.0,FRA,24,atp_rankings_2026_06_22.csv
2026-06-22,208937,Kasidit Samrej,385,130,0.0,-5.0,THA,25,atp_rankings_2026_06_22.csv
2026-06-22,126106,Ryan Peniston,386,129,-8.0,-23.0,GBR,30,atp_rankings_2026_06_22.csv
2026-06-22,207993,Justin Boulais,387,129,-8.0,-23.0,CAN,24,atp_rankings_2026_06_22.csv
2026-06-22,144972,Geoffrey Blancaneaux,388,129,0.0,-1.0,FRA,27,atp_rankings_2026_06_22.csv
2026-06-22,209512,Tom Paris,389,128,-7.0,-23.0,FRA,23,atp_rankings_2026_06_22.csv
2026-06-22,134068,Vadym Ursu,390,128,0.0,-2.0,UKR,29,atp_rankings_2026_06_22.csv
2026-06-22,212222,Raphael Perot,391,127,8.0,19.0,FRA,24,atp_rankings_2026_06_22.csv
2026-06-22,144973,Santiago Fa Rodriguez Taverna,392,127,4.0,7.0,ARG,26,atp_rankings_2026_06_22.csv
2026-06-22,126206,Alex Rybakov,393,126,0.0,-1.0,USA,29,atp_rankings_2026_06_22.csv
2026-06-22,126337,Renta Tokuda,394,126,0.0,-1.0,JPN,28,atp_rankings_2026_06_22.csv
2026-06-22,211636,Lucio Ratti,395,125,12.0,32.0,ARG,22,atp_rankings_2026_06_22.csv
2026-06-22,209318,Petr Nesterov,396,124,0.0,0.0,BUL,23,atp_rankings_2026_06_22.csv
2026-06-22,106380,Gonzalo Villanueva,397,124,0.0,0.0,ARG,31,atp_rankings_2026_06_22.csv
2026-06-22,207186,Arthur Weber,398,122,0.0,2.0,FRA,34,atp_rankings_2026_06_22.csv
2026-06-22,200452,Patrick Zahraj,399,122,0.0,2.0,GER,26,atp_rankings_2026_06_22.csv
2026-06-22,105413,Andrej Martin,400,121,-3.0,-5.0,SVK,36,atp_rankings_2026_06_22.csv
2026-06-22,211621,Arthur Nagel,401,121,0.0,3.0,FRA,23,atp_rankings_2026_06_22.csv
2026-06-22,210085,Lui Maxted,402,120,0.0,3.0,GBR,22,atp_rankings_2026_06_22.csv
2026-06-22,210129,Samuele Pieri,403,120,-1.0,0.0,ITA,24,atp_rankings_2026_06_22.csv
2026-06-22,210221,Jay Dylan Hara Friend,404,119,0.0,3.0,JPN,22,atp_rankings_2026_06_22.csv
2026-06-22,209983,Mika Brunold,405,119,-14.0,-37.0,SUI,21,atp_rankings_2026_06_22.csv
2026-06-22,106292,Hernan Casanova,406,119,4.0,15.0,ARG,32,atp_rankings_2026_06_22.csv
2026-06-22,202326,Ivan Marrero Curbelo,407,119,15.0,45.0,ESP,27,atp_rankings_2026_06_22.csv
2026-06-22,206589,Gabi Adrian Boitan,408,119,0.0,0.0,ROU,26,atp_rankings_2026_06_22.csv
2026-06-22,207799,Matheus Pucinelli De Almeida,409,119,0.0,0.0,BRA,25,atp_rankings_2026_06_22.csv
2026-06-22,144716,Oleg Prihodko,410,118,-5.0,-12.0,UKR,28,atp_rankings_2026_06_22.csv
2026-06-22,212785,Carlos Maria Zarate,411,118,0.0,1.0,ARG,,atp_rankings_2026_06_22.csv
2026-06-22,117359,Jake Delaney,412,118,0.0,1.0,AUS,29,atp_rankings_2026_06_22.csv
2026-06-22,105180,Daniel Dutra Da Silva,413,118,1.0,4.0,BRA,37,atp_rankings_2026_06_22.csv
2026-06-22,213194,Jack Kennedy,414,117,0.0,0.0,USA,18,atp_rankings_2026_06_22.csv
2026-06-22,207200,Cyril Vandermeersch,415,117,0.0,0.0,FRA,27,atp_rankings_2026_06_22.csv
2026-06-22,209079,Samir Banerjee,416,116,0.0,3.0,USA,22,atp_rankings_2026_06_22.csv
2026-06-22,207502,Stefan Palosi,417,116,-2.0,-6.0,ROU,26,atp_rankings_2026_06_22.csv
2026-06-22,144656,Corentin Denolly,418,115,1.0,4.0,FRA,29,atp_rankings_2026_06_22.csv
2026-06-22,208431,Semen Pankin,419,115,-2.0,-3.0,RUS,26,atp_rankings_2026_06_22.csv
2026-06-22,208389,James Trotter,420,114,-5.0,-14.0,JPN,26,atp_rankings_2026_06_22.csv
2026-06-22,111454,Li Tu,421,114,-13.0,-32.0,AUS,30,atp_rankings_2026_06_22.csv
2026-06-22,207834,Juan Alejandro Hernandez Serrano,422,114,11.0,33.0,MEX,26,atp_rankings_2026_06_22.csv
2026-06-22,200266,Javier Barranco Cosano,423,113,0.0,1.0,ESP,27,atp_rankings_2026_06_22.csv
2026-06-22,126627,Johan Nikles,424,113,0.0,1.0,SUI,29,atp_rankings_2026_06_22.csv
2026-06-22,206553,Luca Potenza,425,113,0.0,1.0,ITA,25,atp_rankings_2026_06_22.csv
2026-06-22,210382,Maximus Jones,426,113,1.0,8.0,THA,21,atp_rankings_2026_06_22.csv
2026-06-22,211504,Jack Loge,427,113,0.0,1.0,BEL,21,atp_rankings_2026_06_22.csv
2026-06-22,207992,Cannon Kingsley,428,112,0.0,3.0,USA,25,atp_rankings_2026_06_22.csv
2026-06-22,131911,Lucas Poullain,429,112,-2.0,-6.0,FRA,30,atp_rankings_2026_06_22.csv
2026-06-22,200666,Jie Cui,430,111,-1.0,3.0,CHN,28,atp_rankings_2026_06_22.csv
2026-06-22,201987,Masamichi Imamura,431,111,0.0,5.0,JPN,27,atp_rankings_2026_06_22.csv
2026-06-22,210399,Edward Winter,432,110,0.0,5.0,AUS,21,atp_rankings_2026_06_22.csv
2026-06-22,208189,Gianmarco Ferrari,433,110,-1.0,2.0,ITA,25,atp_rankings_2026_06_22.csv
2026-06-22,200587,Brandon Holt,434,109,0.0,5.0,USA,28,atp_rankings_2026_06_22.csv
2026-06-22,202075,Adria Soriano Barrera,435,109,0.0,5.0,COL,27,atp_rankings_2026_06_22.csv
2026-06-22,210107,Bor Artnak,436,109,0.0,5.0,SLO,22,atp_rankings_2026_06_22.csv
2026-06-22,209274,Carl Emil Overbeck,437,109,-1.0,1.0,DEN,24,atp_rankings_2026_06_22.csv
2026-06-22,133975,Benjamin Hassan,438,109,0.0,4.0,LBN,31,atp_rankings_2026_06_22.csv
2026-06-22,210668,Massimo Giunta,439,109,0.0,4.0,ITA,21,atp_rankings_2026_06_22.csv
2026-06-22,105487,Facundo Bagnis,440,108,0.0,4.0,ARG,36,atp_rankings_2026_06_22.csv
2026-06-22,105430,Radu Albot,441,108,0.0,5.0,MDA,36,atp_rankings_2026_06_22.csv
2026-06-22,212090,Sergio Callejon Hernando,442,108,0.0,6.0,ESP,21,atp_rankings_2026_06_22.csv
2026-06-22,106220,Dimitar Kuzmanov,443,108,-23.0,-68.0,BUL,32,atp_rankings_2026_06_22.csv
2026-06-22,209518,Tibo Colson,444,107,0.0,5.0,BEL,25,atp_rankings_2026_06_22.csv
2026-06-22,207728,Moerani Bouzige,445,107,-15.0,-43.0,AUS,26,atp_rankings_2026_06_22.csv
2026-06-22,200366,Olukayode Alafia Damina Ayeni,446,106,-2.0,-1.0,USA,26,atp_rankings_2026_06_22.csv
2026-06-22,209167,Olle Wallin,447,106,-6.0,-15.0,SWE,24,atp_rankings_2026_06_22.csv
2026-06-22,209984,Milos Karol,448,105,3.0,13.0,SVK,23,atp_rankings_2026_06_22.csv
2026-06-22,101495,Miguel Tobon,449,105,3.0,15.0,COL,20,atp_rankings_2026_06_22.csv
2026-06-22,208257,Fabrizio Andaloro,450,104,-8.0,-20.0,ITA,25,atp_rankings_2026_06_22.csv
2026-06-22,200321,San Hui Sin,451,104,0.0,2.0,KOR,29,atp_rankings_2026_06_22.csv
2026-06-22,210214,Joao Eduardo Schiessl,452,103,-4.0,-2.0,BRA,21,atp_rankings_2026_06_22.csv
2026-06-22,207669,Robert Strombachs,453,103,0.0,4.0,LAT,26,atp_rankings_2026_06_22.csv
2026-06-22,122352,Christoph Negritu,454,103,0.0,2.0,GER,32,atp_rankings_2026_06_22.csv
2026-06-22,208253,Niels Visker,455,103,0.0,3.0,NED,24,atp_rankings_2026_06_22.csv
2026-06-22,202271,Lorenzo Joaquin Rodriguez,456,103,0.0,3.0,ARG,26,atp_rankings_2026_06_22.csv
2026-06-22,106187,Denis Yevseyev,457,102,0.0,6.0,KAZ,33,atp_rankings_2026_06_22.csv
2026-06-22,209088,Quinn Vandecasteele,458,102,2.0,8.0,USA,23,atp_rankings_2026_06_22.csv
2026-06-22,208104,Andrea Picchione,459,101,0.0,6.0,ITA,28,atp_rankings_2026_06_22.csv
2026-06-22,127123,Mateus Alves,460,101,-2.0,-6.0,BRA,25,atp_rankings_2026_06_22.csv
2026-06-22,200374,Nicolas Alvarez Varona,461,100,-2.0,-1.0,ESP,25,atp_rankings_2026_06_22.csv
2026-06-22,210285,Sebastian Sorger,462,100,-8.0,-15.0,AUT,20,atp_rankings_2026_06_22.csv
2026-06-22,144814,Eero Vasa,463,100,-2.0,-1.0,FIN,29,atp_rankings_2026_06_22.csv
2026-06-22,209254,Valerio Aboian,464,99,0.0,3.0,ARG,24,atp_rankings_2026_06_22.csv
2026-06-22,202420,Aidan Mchugh,465,98,0.0,3.0,GBR,25,atp_rankings_2026_06_22.csv
2026-06-22,202235,Jacopo Berrettini,466,98,0.0,3.0,ITA,27,atp_rankings_2026_06_22.csv
2026-06-22,207704,Alex Marti Pujolras,467,98,0.0,3.0,ESP,27,atp_rankings_2026_06_22.csv
2026-06-22,202113,Hikaru Shiraishi,468,98,0.0,3.0,JPN,26,atp_rankings_2026_06_22.csv
2026-06-22,106186,Jason Kubler,469,97,0.0,3.0,AUS,33,atp_rankings_2026_06_22.csv
2026-06-22,212216,Trevor Svajda,470,97,-15.0,-41.0,USA,20,atp_rankings_2026_06_22.csv
2026-06-22,148679,Henry Bernet,471,97,7.0,19.0,SUI,19,atp_rankings_2026_06_22.csv
2026-06-22,206662,Georgii Kravchenko,472,97,13.0,42.0,UKR,25,atp_rankings_2026_06_22.csv
2026-06-22,133997,Sergi Perez Contri,473,97,11.0,35.0,ESP,28,atp_rankings_2026_06_22.csv
2026-06-22,132052,Christian Langmo,474,97,0.0,1.0,USA,30,atp_rankings_2026_06_22.csv
2026-06-22,212219,Mees Rottgering,475,96,6.0,14.0,NED,18,atp_rankings_2026_06_22.csv
2026-06-22,212077,Lorenzo Carboni,476,95,0.0,1.0,ITA,20,atp_rankings_2026_06_22.csv
2026-06-22,202290,Dhakshineswar Suresh,477,94,0.0,1.0,IND,26,atp_rankings_2026_06_22.csv
2026-06-22,106362,Laurent Lokoli,478,94,-3.0,-5.0,FRA,31,atp_rankings_2026_06_22.csv
2026-06-22,209338,Daniel Siniakov,479,94,2.0,3.0,CZE,23,atp_rankings_2026_06_22.csv
2026-06-22,200484,Rudolf Molleker,480,94,-1.0,-4.0,GER,25,atp_rankings_2026_06_22.csv
2026-06-22,106290,Filip Peliwo,481,94,4.0,11.0,POL,32,atp_rankings_2026_06_22.csv
2026-06-22,208240,Alexandr Binda,482,94,0.0,-2.0,ITA,24,atp_rankings_2026_06_22.csv
2026-06-22,209907,Viacheslav Bielinskyi,483,93,-13.0,-32.0,UKR,22,atp_rankings_2026_06_22.csv
2026-06-22,211628,Koki Matsuda,484,92,0.0,-1.0,JPN,25,atp_rankings_2026_06_22.csv
2026-06-22,210054,Matthew William Donald,485,92,0.0,0.0,CZE,21,atp_rankings_2026_06_22.csv
2026-06-22,207998,Takuya Kumasaka,486,92,-1.0,-5.0,JPN,27,atp_rankings_2026_06_22.csv
2026-06-22,208322,Eric Vanshelboim,487,92,0.0,-1.0,UKR,24,atp_rankings_2026_06_22.csv
2026-06-22,210000,Karan Singh,488,92,0.0,-1.0,IND,22,atp_rankings_2026_06_22.csv
2026-06-22,106172,Maxime Chazal,489,91,0.0,-1.0,FRA,33,atp_rankings_2026_06_22.csv
2026-06-22,105655,Hiroki Moriya,490,91,-25.0,-70.0,JPN,35,atp_rankings_2026_06_22.csv
2026-06-22,209264,Pietro Fellin,491,91,1.0,0.0,ITA,24,atp_rankings_2026_06_22.csv
2026-06-22,106423,Thanasi Kokkinakis,492,90,4.0,11.0,AUS,30,atp_rankings_2026_06_22.csv
2026-06-22,126340,Viktor Durasovic,493,90,-7.0,-19.0,NOR,29,atp_rankings_2026_06_22.csv
2026-06-22,200550,Vladyslav Orlov,494,90,7.0,22.0,UKR,31,atp_rankings_2026_06_22.csv
2026-06-22,212305,Juan Cruz Martin Manzano,495,90,4.0,11.0,ITA,21,atp_rankings_2026_06_22.csv
2026-06-22,106203,Pedro Sakamoto,496,90,1.0,0.0,BRA,32,atp_rankings_2026_06_22.csv
2026-06-22,202297,Dan Martin,497,89,0.0,-4.0,CAN,27,atp_rankings_2026_06_22.csv
2026-06-22,212174,Enzo Aguiard,498,89,7.0,21.0,AUS,23,atp_rankings_2026_06_22.csv
2026-06-22,211639,Alejo Sanchez Quilez,499,89,-5.0,-20.0,ESP,20,atp_rankings_2026_06_22.csv
2026-06-22,208158,Dominik Palan,500,89,0.0,-5.0,CZE,25,atp_rankings_2026_06_22.csv
2026-06-22,125847,Jelle Sels,501,89,0.0,-4.0,NED,30,atp_rankings_2026_06_22.csv
2026-06-22,134329,Blake Ellis,502,88,1.0,-2.0,AUS,27,atp_rankings_2026_06_22.csv
2026-06-22,208063,Paulo Andre Saraiva Dos Santos,503,88,0.0,-4.0,BRA,25,atp_rankings_2026_06_22.csv
2026-06-22,124040,Colin Sinclair,504,88,-1.0,-6.0,NMI,31,atp_rankings_2026_06_22.csv
2026-06-22,208153,Giuseppe La Vela,505,87,0.0,-4.0,ITA,25,atp_rankings_2026_06_22.csv
2026-06-22,213001,Mika Petkovic,506,87,0.0,-4.0,GER,19,atp_rankings_2026_06_22.csv
2026-06-22,207202,Karl Poling,507,87,1.0,0.0,USA,26,atp_rankings_2026_06_22.csv
2026-06-22,210744,Kaylan Bigun,508,86,15.0,51.0,USA,20,atp_rankings_2026_06_22.csv
2026-06-22,210470,Tai Sach,509,85,0.0,0.0,AUS,23,atp_rankings_2026_06_22.csv
2026-06-22,208819,Max Hans Rehberg,510,84,4.0,16.0,GER,22,atp_rankings_2026_06_22.csv
2026-06-22,209120,Yassine Dlimi,511,84,0.0,-1.0,MAR,23,atp_rankings_2026_06_22.csv
2026-06-22,207490,Carlos Lopez Montagud,512,84,0.0,-1.0,ESP,25,atp_rankings_2026_06_22.csv
2026-06-22,209394,Anton Shepp,513,84,2.0,9.0,NZL,23,atp_rankings_2026_06_22.csv
2026-06-22,208426,Tiago Torres,514,84,0.0,-1.0,POR,23,atp_rankings_2026_06_22.csv
2026-06-22,209403,Faris Zakaryia,515,83,0.0,2.0,EGY,25,atp_rankings_2026_06_22.csv
2026-06-22,207708,Dusan Obradovic,516,83,-1.0,-1.0,SRB,25,atp_rankings_2026_06_22.csv
2026-06-22,210393,Maxim Zhukov,517,82,0.0,3.0,RUS,21,atp_rankings_2026_06_22.csv
2026-06-22,211558,Karim Bennani,518,82,0.0,3.0,MAR,18,atp_rankings_2026_06_22.csv
2026-06-22,207220,Taha Baadi,519,82,0.0,4.0,CAN,24,atp_rankings_2026_06_22.csv
2026-06-22,209163,Emile Hudd,520,82,3.0,11.0,GBR,26,atp_rankings_2026_06_22.csv
2026-06-22,209261,Matteo Gigante,521,81,-5.0,-17.0,ITA,24,atp_rankings_2026_06_22.csv
2026-06-22,210425,Svyatoslav Gulin,522,81,-11.0,-38.0,RUS,23,atp_rankings_2026_06_22.csv
2026-06-22,209863,Leo Borg,523,81,-2.0,-5.0,SWE,23,atp_rankings_2026_06_22.csv
2026-06-22,210726,Cesar Bouchelaghem,524,80,15.0,60.0,FRA,21,atp_rankings_2026_06_22.csv
2026-06-22,106168,Sidharth Rawat,525,80,-1.0,-1.0,IND,33,atp_rankings_2026_06_22.csv
2026-06-22,207605,Jakub Paul,526,79,3.0,15.0,SUI,27,atp_rankings_2026_06_22.csv
2026-06-22,200574,Alexander Donski,527,79,2.0,11.0,BUL,27,atp_rankings_2026_06_22.csv
2026-06-22,210730,Reda Bennani,528,79,0.0,-1.0,MAR,19,atp_rankings_2026_06_22.csv
2026-06-22,209971,Michael Bassem Sobhy,529,79,0.0,-1.0,EGY,22,atp_rankings_2026_06_22.csv
2026-06-22,211727,Pavle Marinkov,530,79,1.0,5.0,AUS,20,atp_rankings_2026_06_22.csv
2026-06-22,117357,Omar Jasika,531,79,0.0,1.0,AUS,29,atp_rankings_2026_06_22.csv
2026-06-22,200070,Kirill Kivattsev,532,79,0.0,1.0,RUS,28,atp_rankings_2026_06_22.csv
2026-06-22,200086,Toufik Sahtali,533,78,0.0,3.0,ALG,27,atp_rankings_2026_06_22.csv
2026-06-22,206325,Pedro Vives Marcos,534,77,0.0,3.0,ESP,25,atp_rankings_2026_06_22.csv
2026-06-22,209867,Daniil Ostapenkov,535,77,0.0,5.0,BLR,23,atp_rankings_2026_06_22.csv
2026-06-22,208328,Max Wiskandt,536,77,3.0,15.0,GER,24,atp_rankings_2026_06_22.csv
2026-06-22,209142,Sebastian Gima,537,77,1.0,7.0,ROU,24,atp_rankings_2026_06_22.csv
2026-06-22,105806,Mirza Basic,538,76,0.0,4.0,BIH,34,atp_rankings_2026_06_22.csv
2026-06-22,208126,John Echeverria,539,76,2.0,11.0,ESP,24,atp_rankings_2026_06_22.csv
2026-06-22,144970,Constantin Bittoun Kouzmine,540,76,0.0,5.0,FRA,27,atp_rankings_2026_06_22.csv
2026-06-22,125802,Ilya Ivashka,541,75,0.0,6.0,BLR,32,atp_rankings_2026_06_22.csv
2026-06-22,211566,Patrick Schoen,542,75,0.0,6.0,SUI,21,atp_rankings_2026_06_22.csv
2026-06-22,207764,Ryan Nijboer,543,75,-4.0,-14.0,NED,26,atp_rankings_2026_06_22.csv
2026-06-22,211898,Mae Malige,544,75,-1.0,-1.0,FRA,20,atp_rankings_2026_06_22.csv
2026-06-22,124154,Sasi Kumar Mukund,545,75,-4.0,-15.0,IND,29,atp_rankings_2026_06_22.csv
2026-06-22,208909,Johan Alexander Rodriguez Rodriguez,546,74,-1.0,0.0,COL,22,atp_rankings_2026_06_22.csv
2026-06-22,208854,Aidan Mayo,547,74,-3.0,-8.0,USA,23,atp_rankings_2026_06_22.csv
2026-06-22,111202,Hyeon Chung,548,74,-1.0,1.0,KOR,30,atp_rankings_2026_06_22.csv
2026-06-22,211324,Mitsuki Wei Kang Leong,549,74,0.0,3.0,MAS,21,atp_rankings_2026_06_22.csv
2026-06-22,207878,James Story,550,73,0.0,3.0,GBR,25,atp_rankings_2026_06_22.csv
2026-06-22,209278,Alec Beckley,551,73,-16.0,-57.0,RSA,25,atp_rankings_2026_06_22.csv
2026-06-22,207793,Alec Deckers,552,73,0.0,2.0,NED,26,atp_rankings_2026_06_22.csv
2026-06-22,210731,Filip Jeff Planinsek,553,73,-8.0,-28.0,SLO,24,atp_rankings_2026_06_22.csv
2026-06-22,208297,Maxwell Mckennon,554,73,7.0,27.0,USA,24,atp_rankings_2026_06_22.csv
2026-06-22,209251,Stefan Popovic,555,73,0.0,0.0,SRB,23,atp_rankings_2026_06_22.csv
2026-06-22,200014,Digvijaypratap Singh,556,72,0.0,1.0,IND,26,atp_rankings_2026_06_22.csv
2026-06-22,210121,Kokoro Isomura,557,72,3.0,12.0,JPN,23,atp_rankings_2026_06_22.csv
2026-06-22,131934,Andrea Vavassori,558,71,0.0,0.0,ITA,31,atp_rankings_2026_06_22.csv
2026-06-22,105944,Juan Sebastian Gomez,559,71,4.0,18.0,COL,34,atp_rankings_2026_06_22.csv
2026-06-22,209871,Amr Elsayed Abdou Ahmed Mohamed,560,71,-1.0,-4.0,EGY,27,atp_rankings_2026_06_22.csv
2026-06-22,211409,Guillaume Dalmasso,561,71,14.0,66.0,FRA,23,atp_rankings_2026_06_22.csv
2026-06-22,202209,Imanol Lopez Morillo,562,71,0.0,-2.0,ESP,26,atp_rankings_2026_06_22.csv
2026-06-22,209931,Lukas Pokorny,563,70,0.0,-2.0,SVK,24,atp_rankings_2026_06_22.csv
2026-06-22,207407,Peter Makk,564,70,1.0,2.0,HUN,24,atp_rankings_2026_06_22.csv
2026-06-22,212104,Pablo Martinez Gomez,565,69,25.0,155.0,ESP,20,atp_rankings_2026_06_22.csv
2026-06-22,210295,Cooper Williams,566,69,0.0,-4.0,USA,21,atp_rankings_2026_06_22.csv
2026-06-22,211530,Tomasz Berkieta,567,69,-15.0,-55.0,POL,19,atp_rankings_2026_06_22.csv
2026-06-22,126125,Maxime Janvier,568,69,0.0,-1.0,FRA,29,atp_rankings_2026_06_22.csv
2026-06-22,212025,Yannik Kelm,569,69,15.0,81.0,GER,21,atp_rankings_2026_06_22.csv
2026-06-22,210505,Marcel Zielinski,570,69,4.0,17.0,POL,25,atp_rankings_2026_06_22.csv
2026-06-22,200297,Aziz Ouakaa,571,69,0.0,-1.0,TUN,26,atp_rankings_2026_06_22.csv
2026-06-22,209362,Aristotelis Thanos,572,68,-18.0,-67.0,GRE,25,atp_rankings_2026_06_22.csv
2026-06-22,208605,Mario Gonzalez Fernandez,573,68,0.0,0.0,ESP,24,atp_rankings_2026_06_22.csv
2026-06-22,209510,Nino Ehrenschneider,574,68,0.0,0.0,GER,25,atp_rankings_2026_06_22.csv
2026-06-22,209923,Romain Faucon,575,68,0.0,0.0,BEL,23,atp_rankings_2026_06_22.csv
2026-06-22,106310,Alexander Ritschard,576,67,0.0,0.0,SUI,32,atp_rankings_2026_06_22.csv
2026-06-22,207601,Manuel Mazza,577,67,-2.0,-12.0,ITA,27,atp_rankings_2026_06_22.csv
2026-06-22,210714,Robin Catry,578,67,0.0,1.0,FRA,24,atp_rankings_2026_06_22.csv
2026-06-22,105938,Antoine Escoffier,579,66,-3.0,-16.0,FRA,34,atp_rankings_2026_06_22.csv
2026-06-22,208044,Etienne Donnet,580,66,0.0,0.0,FRA,25,atp_rankings_2026_06_22.csv
2026-06-22,210142,Olaf Pieczkowski,581,66,-1.0,-3.0,POL,22,atp_rankings_2026_06_22.csv
2026-06-22,212051,Joaquin  Aguilar Cardozo,582,66,4.0,16.0,URU,21,atp_rankings_2026_06_22.csv
2026-06-22,212598,Emilien Demanet,583,66,7.0,32.0,BEL,21,atp_rankings_2026_06_22.csv
2026-06-22,208586,Joshua Sheehy,584,65,0.0,-2.0,USA,29,atp_rankings_2026_06_22.csv
2026-06-22,200096,Dragos Nicolae Madaras,585,65,0.0,-2.0,SWE,28,atp_rankings_2026_06_22.csv
2026-06-22,206467,Federico Arnaboldi,586,65,0.0,-1.0,ITA,26,atp_rankings_2026_06_22.csv
2026-06-22,207664,Luca Staeheli,587,65,0.0,-1.0,SUI,26,atp_rankings_2026_06_22.csv
2026-06-22,212190,Karol Filar,588,65,2.0,8.0,POL,27,atp_rankings_2026_06_22.csv
2026-06-22,200214,Alan Fernando Rubio Fierros,589,64,3.0,14.0,MEX,27,atp_rankings_2026_06_22.csv
2026-06-22,209185,Alessandro Pecci,590,64,0.0,-1.0,ITA,25,atp_rankings_2026_06_22.csv
2026-06-22,210553,Jacob Bradshaw,591,64,0.0,-1.0,AUS,23,atp_rankings_2026_06_22.csv
2026-06-22,210599,Ryan Dickerson,592,64,0.0,1.0,USA,29,atp_rankings_2026_06_22.csv
2026-06-22,210498,Gerard Campana Lee,593,64,8.0,43.0,KOR,21,atp_rankings_2026_06_22.csv
2026-06-22,210034,Shunsuke Mitsui,594,63,-15.0,-60.0,JPN,24,atp_rankings_2026_06_22.csv
2026-06-22,207907,Arda Azkara,595,62,-1.0,-1.0,TUR,23,atp_rankings_2026_06_22.csv
2026-06-22,200273,Hady Habib,596,62,0.0,1.0,LIB,27,atp_rankings_2026_06_22.csv
2026-06-22,144985,Ergi Kirkin,597,62,0.0,3.0,TUR,27,atp_rankings_2026_06_22.csv
2026-06-22,132831,Giovanni Oradini,598,62,0.0,3.0,ITA,28,atp_rankings_2026_06_22.csv
2026-06-22,208168,Nicolas Tepmahc,599,62,-3.0,-11.0,FRA,25,atp_rankings_2026_06_22.csv
2026-06-22,208343,Andrew Paulson,600,61,0.0,2.0,CZE,24,atp_rankings_2026_06_22.csv
2026-06-22,106249,Joao Domingues,601,61,14.0,94.0,POR,32,atp_rankings_2026_06_22.csv
2026-06-22,132041,Alfredo Perez,602,61,-1.0,-3.0,USA,29,atp_rankings_2026_06_22.csv
2026-06-22,202356,Tsung Hao Huang,603,61,-2.0,-8.0,TPE,26,atp_rankings_2026_06_22.csv
2026-06-22,207657,Tristan Mccormick,604,61,-3.0,-12.0,USA,27,atp_rankings_2026_06_22.csv
2026-06-22,206922,Luca Wiedenmann,605,61,5.0,25.0,GER,28,atp_rankings_2026_06_22.csv
2026-06-22,213178,Cruz Hewitt,606,61,1.0,6.0,AUS,17,atp_rankings_2026_06_22.csv
2026-06-22,210029,Bruno Kuzuhara,607,61,0.0,-2.0,USA,22,atp_rankings_2026_06_22.csv
2026-06-22,210223,Leonardo Rossi,608,61,4.0,20.0,ITA,23,atp_rankings_2026_06_22.csv
2026-06-22,106072,Alexey Vatutin,609,60,0.0,-1.0,RUS,33,atp_rankings_2026_06_22.csv
2026-06-22,211651,Alexander Vasilev,610,60,0.0,-4.0,BUL,19,atp_rankings_2026_06_22.csv
2026-06-22,210250,Erik Arutiunian,611,60,0.0,-4.0,BLR,21,atp_rankings_2026_06_22.csv
2026-06-22,207484,Neil Oberleitner,612,60,-8.0,-41.0,AUT,26,atp_rankings_2026_06_22.csv
2026-06-22,134120,Kuan Yi Lee,613,60,0.0,-2.0,TPE,29,atp_rankings_2026_06_22.csv
2026-06-22,210218,Bruno Fernandez,614,60,-1.0,-10.0,BRA,21,atp_rankings_2026_06_22.csv
2026-06-22,207803,Igor Gimenez,615,59,0.0,-2.0,BRA,26,atp_rankings_2026_06_22.csv
2026-06-22,211618,Jan Kumstat,616,59,6.0,44.0,CZE,19,atp_rankings_2026_06_22.csv
2026-06-22,211325,Aryan Shah,617,59,-1.0,-7.0,IND,20,atp_rankings_2026_06_22.csv
2026-06-22,132744,Alberto Barroso Campos,618,59,-5.0,-27.0,ESP,30,atp_rankings_2026_06_22.csv
2026-06-22,207893,Daniel De Jonge,619,59,0.0,-5.0,NED,26,atp_rankings_2026_06_22.csv
2026-06-22,213360,Niels Mcdonald,620,58,25.0,200.0,GER,18,atp_rankings_2026_06_22.csv
2026-06-22,209866,Karlis Ozolins,621,58,0.0,-4.0,LAT,24,atp_rankings_2026_06_22.csv
2026-06-22,209191,Oleksandr Ovcharenko,622,58,0.0,-4.0,UKR,24,atp_rankings_2026_06_22.csv
2026-06-22,200595,Lorenzo Bocchi,623,58,0.0,-4.0,ITA,28,atp_rankings_2026_06_22.csv
2026-06-22,208099,Santiago De La Fuente,624,58,1.0,1.0,ARG,24,atp_rankings_2026_06_22.csv
2026-06-22,212784,Maximo Zeitune,625,58,3.0,17.0,ARG,19,atp_rankings_2026_06_22.csv
2026-06-22,210650,Stefan Adrian Andreescu,626,58,2.0,7.0,ROU,24,atp_rankings_2026_06_22.csv
2026-06-22,209246,Alan Magadan,627,58,4.0,25.0,MEX,25,atp_rankings_2026_06_22.csv
2026-06-22,211901,Yanis Ghazouani Durand,628,58,0.0,-7.0,FRA,25,atp_rankings_2026_06_22.csv
2026-06-22,208092,Filippo Moroni,629,57,0.0,-7.0,ITA,25,atp_rankings_2026_06_22.csv
2026-06-22,200255,Alexander Weis,630,57,2.0,10.0,ITA,29,atp_rankings_2026_06_22.csv
2026-06-22,207884,Arthur Bouquier,631,57,0.0,-8.0,FRA,25,atp_rankings_2026_06_22.csv
2026-06-22,126939,Khumoun Sultanov,632,57,0.0,-8.0,UZB,27,atp_rankings_2026_06_22.csv
2026-06-22,208071,Oleksii Krutykh,633,57,25.0,201.0,UKR,26,atp_rankings_2026_06_22.csv
2026-06-22,200713,Federico Iannaccone,634,57,0.0,-8.0,ITA,27,atp_rankings_2026_06_22.csv
2026-06-22,208285,Fausto Tabacco,635,57,11.0,75.0,ITA,24,atp_rankings_2026_06_22.csv
2026-06-22,212788,Amir Omarkhanov,636,56,0.0,-5.0,KAZ,18,atp_rankings_2026_06_22.csv
2026-06-22,210537,Josip Simundza,637,56,-2.0,-17.0,CRO,21,atp_rankings_2026_06_22.csv
2026-06-22,111153,Christopher Eubanks,638,55,0.0,-1.0,USA,30,atp_rankings_2026_06_22.csv
2026-06-22,138485,Conner Huertas Del Pino,639,55,17.0,127.0,PER,30,atp_rankings_2026_06_22.csv
2026-06-22,212275,Thijs Boogaard,640,55,0.0,-1.0,NED,17,atp_rankings_2026_06_22.csv
2026-06-22,212258,Adhithya Ganesan,641,55,1.0,7.0,USA,20,atp_rankings_2026_06_22.csv
2026-06-22,210447,Leo Raquillet,642,55,8.0,57.0,FRA,20,atp_rankings_2026_06_22.csv
2026-06-22,212978,Izan Almazan Valiente,643,55,0.0,-2.0,ESP,20,atp_rankings_2026_06_22.csv
2026-06-22,208182,Saba Purtseladze,644,55,0.0,0.0,GEO,24,atp_rankings_2026_06_22.csv
2026-06-22,212830,Samuel Alejandro Linde Palacios,645,55,-1.0,-10.0,COL,18,atp_rankings_2026_06_22.csv
2026-06-22,211673,Duncan Chan,646,54,3.0,30.0,CAN,20,atp_rankings_2026_06_22.csv
2026-06-22,210721,Iliyan Radulov,647,54,0.0,-2.0,BUL,21,atp_rankings_2026_06_22.csv
2026-06-22,209517,Igor Kudriashov,648,54,0.0,-1.0,RUS,22,atp_rankings_2026_06_22.csv
2026-06-22,133794,S D Prajwal Dev,649,54,1.0,12.0,IND,30,atp_rankings_2026_06_22.csv
2026-06-22,129814,Ivan Ivanov,650,54,0.0,-1.0,BUL,17,atp_rankings_2026_06_22.csv
2026-06-22,209140,Millen Hurrion,651,54,-15.0,-83.0,GBR,27,atp_rankings_2026_06_22.csv
2026-06-22,126177,Strong Kirchheimer,652,54,0.0,1.0,USA,31,atp_rankings_2026_06_22.csv
2026-06-22,212029,Dimitris Sakellaridis,653,54,0.0,1.0,GRE,20,atp_rankings_2026_06_22.csv
2026-06-22,200218,Mate Valkusz,654,53,-2.0,-16.0,HUN,27,atp_rankings_2026_06_22.csv
2026-06-22,202342,Ryan Seggerman,655,53,13.0,95.0,USA,26,atp_rankings_2026_06_22.csv
2026-06-22,212248,Fryderyk Lechno Wasiutynski,656,53,0.0,-1.0,POL,21,atp_rankings_2026_06_22.csv
2026-06-22,210077,Aidan Kim,657,53,-3.0,-28.0,USA,21,atp_rankings_2026_06_22.csv
2026-06-22,202398,Michael Vrbensky,658,53,0.0,-2.0,CZE,26,atp_rankings_2026_06_22.csv
2026-06-22,126762,Aleksandre Bakshi,659,53,0.0,0.0,GEO,28,atp_rankings_2026_06_22.csv
2026-06-22,210242,Ryan Colby,660,53,0.0,-2.0,USA,22,atp_rankings_2026_06_22.csv
2026-06-22,210236,Attila Boros,661,53,7.0,46.0,HUN,22,atp_rankings_2026_06_22.csv
2026-06-22,209302,Peter Fajta,662,53,-15.0,-90.0,HUN,24,atp_rankings_2026_06_22.csv
2026-06-22,126208,Yusuke Takahashi,663,53,0.0,-1.0,JPN,28,atp_rankings_2026_06_22.csv
2026-06-22,210507,Nicolas Villalon,664,53,-1.0,-13.0,CHI,22,atp_rankings_2026_06_22.csv
2026-06-22,122113,Yurii Dzhavakian,665,53,0.0,-2.0,UKR,33,atp_rankings_2026_06_22.csv
2026-06-22,105671,Gastao Elias,666,52,0.0,-1.0,POR,35,atp_rankings_2026_06_22.csv
2026-06-22,210715,Yaroslav Demin,667,52,3.0,19.0,RUS,20,atp_rankings_2026_06_22.csv
2026-06-22,208411,Daniel Antonio Nunez,668,52,0.0,2.0,CHI,25,atp_rankings_2026_06_22.csv
2026-06-22,209043,Yuta Kikuchi,669,52,0.0,0.0,JPN,26,atp_rankings_2026_06_22.csv
2026-06-22,126723,Denys Klok,670,52,-4.0,-38.0,RUS,28,atp_rankings_2026_06_22.csv
2026-06-22,208861,Keisuke Saitoh,671,52,0.0,0.0,JPN,25,atp_rankings_2026_06_22.csv
2026-06-22,213713,Melios Efstathiou,672,52,0.0,0.0,CYP,,atp_rankings_2026_06_22.csv
2026-06-22,210320,Kyle Kang,673,51,-1.0,-9.0,USA,21,atp_rankings_2026_06_22.csv
2026-06-22,211767,James Watt,674,51,3.0,13.0,NZL,26,atp_rankings_2026_06_22.csv
2026-06-22,122078,Dmitry Popko,675,51,3.0,14.0,KAZ,29,atp_rankings_2026_06_22.csv
2026-06-22,207994,Chase Ferguson,676,51,0.0,1.0,AUS,27,atp_rankings_2026_06_22.csv
2026-06-22,200632,Evan Zhu,677,51,-1.0,-4.0,USA,27,atp_rankings_2026_06_22.csv
2026-06-22,210672,Leo Vithoontien,678,51,0.0,1.0,JPN,26,atp_rankings_2026_06_22.csv
2026-06-22,212531,Nicolas Arseneault,679,50,-1.0,-4.0,CAN,19,atp_rankings_2026_06_22.csv
2026-06-22,210545,Luis Carlos Alvarez,680,50,-8.0,-64.0,MEX,21,atp_rankings_2026_06_22.csv
2026-06-22,212405,Gavin Young,681,50,0.0,0.0,USA,23,atp_rankings_2026_06_22.csv
2026-06-22,200665,Yuta Kawahashi,682,50,-2.0,-15.0,JPN,28,atp_rankings_2026_06_22.csv
2026-06-22,210063,Matyas Cerny,683,50,-2.0,-17.0,CZE,24,atp_rankings_2026_06_22.csv
2026-06-22,208876,Egor Agafonov,684,50,0.0,-2.0,RUS,23,atp_rankings_2026_06_22.csv
2026-06-22,210687,Pawit Sornlaksup,685,50,8.0,53.0,THA,26,atp_rankings_2026_06_22.csv
2026-06-22,144907,Adrian Oetzbach,686,50,0.0,-3.0,GER,28,atp_rankings_2026_06_22.csv
2026-06-22,210513,Tuncay Duran,687,48,-1.0,-2.0,TUR,22,atp_rankings_2026_06_22.csv
2026-06-22,200445,Maxence Beauge,688,48,-4.0,-20.0,FRA,26,atp_rankings_2026_06_22.csv
2026-06-22,126183,Mariano Kestelboim,689,48,0.0,2.0,ARG,30,atp_rankings_2026_06_22.csv
2026-06-22,202154,Uisung Park,690,48,2.0,15.0,KOR,25,atp_rankings_2026_06_22.csv
2026-06-22,200661,Yuki Mochizuki,691,48,0.0,-1.0,JPN,28,atp_rankings_2026_06_22.csv
2026-06-22,132999,Kai Wehnelt,692,48,0.0,0.0,GER,30,atp_rankings_2026_06_22.csv
2026-06-22,144923,Louis Wessels,693,48,-7.0,-50.0,GER,27,atp_rankings_2026_06_22.csv
2026-06-22,211756,Michal Krajci,694,48,0.0,-1.0,SVK,21,atp_rankings_2026_06_22.csv
2026-06-22,133820,Ignacio Monzon,695,48,2.0,17.0,ARG,28,atp_rankings_2026_06_22.csv
2026-06-22,208267,Oscar Weightman,696,47,0.0,-2.0,GBR,24,atp_rankings_2026_06_22.csv
2026-06-22,202168,Ye Cong Mo,697,47,-1.0,-9.0,CHN,25,atp_rankings_2026_06_22.csv
2026-06-22,209385,Samuel Vincent Ruggeri,698,47,1.0,8.0,ITA,24,atp_rankings_2026_06_22.csv
2026-06-22,207592,Martin Van Der Meerschen,699,47,0.0,-3.0,BEL,26,atp_rankings_2026_06_22.csv
2026-06-22,212071,Kasra Rahmani,700,47,0.0,-3.0,IRI,19,atp_rankings_2026_06_22.csv
2026-06-22,209914,Andreja Petrovic,701,47,0.0,-3.0,NOR,26,atp_rankings_2026_06_22.csv
2026-06-22,207557,Maik Steiner,702,47,0.0,-2.0,GER,32,atp_rankings_2026_06_22.csv
2026-06-22,202305,Franco Ribero,703,47,3.0,22.0,ARG,26,atp_rankings_2026_06_22.csv
2026-06-22,206923,Shinji Hazawa,704,47,1.0,5.0,JPN,27,atp_rankings_2026_06_22.csv
2026-06-22,212831,Samuel Heredia,705,47,-5.0,-31.0,COL,20,atp_rankings_2026_06_22.csv
2026-06-22,209360,Samir Hamza Reguig,706,47,0.0,-5.0,ALG,24,atp_rankings_2026_06_22.csv
2026-06-22,210538,Noa Vukadin,707,46,0.0,-5.0,CRO,22,atp_rankings_2026_06_22.csv
2026-06-22,210028,Ozan Baris,708,46,24.0,230.0,USA,22,atp_rankings_2026_06_22.csv
2026-06-22,135753,Patrick Maloney,709,46,0.0,-6.0,USA,26,atp_rankings_2026_06_22.csv
2026-06-22,207736,Arklon Huertas Del Pino,710,46,1.0,4.0,PER,31,atp_rankings_2026_06_22.csv
2026-06-22,200538,Matyas Fuele,711,46,0.0,-7.0,HUN,27,atp_rankings_2026_06_22.csv
2026-06-22,207456,Dong Ju Kim,712,46,2.0,9.0,KOR,24,atp_rankings_2026_06_22.csv
2026-06-22,207134,Fitriadi M Rifqi,713,46,0.0,-5.0,INA,27,atp_rankings_2026_06_22.csv
2026-06-22,210252,Seydina Andre,714,46,0.0,-3.0,SEN,22,atp_rankings_2026_06_22.csv
2026-06-22,105453,Kei Nishikori,715,45,0.0,-2.0,JPN,36,atp_rankings_2026_06_22.csv
2026-06-22,202150,Dan Alexandru Tomescu,716,45,-4.0,-32.0,ROU,27,atp_rankings_2026_06_22.csv
2026-06-22,211543,Lorenzo Sciahbasi,717,45,-8.0,-60.0,ITA,20,atp_rankings_2026_06_22.csv
2026-06-22,212244,Gabriel Ghetu,718,45,-15.0,-109.0,ROU,18,atp_rankings_2026_06_22.csv
2026-06-22,212969,Matisse Bobichon,719,45,0.0,-4.0,FRA,24,atp_rankings_2026_06_22.csv
2026-06-22,200176,Manish Sureshkumar,720,45,0.0,-4.0,IND,26,atp_rankings_2026_06_22.csv
2026-06-22,207535,Marlon Vankan,721,45,2.0,7.0,GER,25,atp_rankings_2026_06_22.csv
2026-06-22,208532,Thiago Cigarran,722,45,0.0,-5.0,ARG,26,atp_rankings_2026_06_22.csv
2026-06-22,211707,Amit Vales,723,45,0.0,-5.0,ISR,21,atp_rankings_2026_06_22.csv
2026-06-22,208152,Gabriele Bosio,724,45,0.0,-5.0,ITA,25,atp_rankings_2026_06_22.csv
2026-06-22,210083,Jakub Nicod,725,44,-25.0,-161.0,CZE,21,atp_rankings_2026_06_22.csv
2026-06-22,202258,Rafael Izquierdo Luque,726,44,6.0,44.0,ESP,26,atp_rankings_2026_06_22.csv
2026-06-22,202346,Ben Jones,727,44,0.0,-4.0,GBR,28,atp_rankings_2026_06_22.csv
2026-06-22,212221,Tianhui Zhang,728,44,0.0,-4.0,CHN,20,atp_rankings_2026_06_22.csv
2026-06-22,210398,Gabriele Pennaforti,729,43,0.0,-3.0,ITA,25,atp_rankings_2026_06_22.csv
2026-06-22,208078,Tomas Farjat,730,43,0.0,-3.0,ARG,25,atp_rankings_2026_06_22.csv
2026-06-22,212886,Radu David Turcanu,731,43,-8.0,-53.0,ROU,20,atp_rankings_2026_06_22.csv
2026-06-22,211649,Fernando Cavallo,732,43,0.0,-3.0,ARG,20,atp_rankings_2026_06_22.csv
2026-06-22,210604,Loann Massard,733,43,0.0,-3.0,FRA,20,atp_rankings_2026_06_22.csv
2026-06-22,210086,Lorenzo Angelini,734,43,1.0,5.0,ITA,20,atp_rankings_2026_06_22.csv
2026-06-22,149145,Matteo Covato,735,43,0.0,-3.0,ITA,21,atp_rankings_2026_06_22.csv
2026-06-22,210093,Sander Jong,736,42,0.0,-2.0,NED,26,atp_rankings_2026_06_22.csv
2026-06-22,211355,Oskar Brostrom Poulsen,737,42,0.0,-2.0,DEN,24,atp_rankings_2026_06_22.csv
2026-06-22,208265,Pierre Delage,738,42,0.0,-1.0,FRA,25,atp_rankings_2026_06_22.csv
2026-06-22,202230,Maxence Bertimon,739,42,0.0,1.0,FRA,26,atp_rankings_2026_06_22.csv
2026-06-22,212603,Benjamin Torrealba,740,42,-1.0,-9.0,CHI,20,atp_rankings_2026_06_22.csv
2026-06-22,213062,Nikolai Barsukov,741,42,0.0,1.0,GER,,atp_rankings_2026_06_22.csv
2026-06-22,110618,Elmar Ejupovic,742,41,-1.0,-9.0,GER,33,atp_rankings_2026_06_22.csv
2026-06-22,211479,Gustavo Ribeiro De Almeida,743,41,3.0,21.0,BRA,20,atp_rankings_2026_06_22.csv
2026-06-22,212711,Daniel Jade,744,41,4.0,32.0,FRA,17,atp_rankings_2026_06_22.csv
2026-06-22,210577,Alejandro Turriziani Alvarez,745,41,-3.0,-23.0,ESP,23,atp_rankings_2026_06_22.csv
2026-06-22,209937,Giorgio Tabacco,746,41,0.0,-1.0,ITA,22,atp_rankings_2026_06_22.csv
2026-06-22,212160,Ryan Fishback,747,41,0.0,0.0,USA,24,atp_rankings_2026_06_22.csv
2026-06-22,208386,Matt Kuhar,748,41,0.0,-2.0,USA,30,atp_rankings_2026_06_22.csv
2026-06-22,212157,Timofei Derepasko,749,41,-15.0,-115.0,RUS,19,atp_rankings_2026_06_22.csv
2026-06-22,210200,Yanaki Milev,750,41,-1.0,-9.0,BUL,22,atp_rankings_2026_06_22.csv
2026-06-22,206916,Joshua Charlton,751,41,0.0,-3.0,AUS,26,atp_rankings_2026_06_22.csv
2026-06-22,202148,Michiel De Krom,752,41,0.0,-3.0,NED,27,atp_rankings_2026_06_22.csv
2026-06-22,121264,Oscar Jose Gutierrez,753,41,4.0,29.0,BRA,33,atp_rankings_2026_06_22.csv
2026-06-22,206912,Stuart Parker,754,40,0.0,-3.0,GBR,28,atp_rankings_2026_06_22.csv
2026-06-22,144826,Aziz Dougaz,755,40,-14.0,-109.0,TUN,29,atp_rankings_2026_06_22.csv
2026-06-22,209067,Hunter Heck,756,40,0.0,-2.0,USA,24,atp_rankings_2026_06_22.csv
2026-06-22,210686,Michael Agwi,757,40,0.0,-2.0,IRL,22,atp_rankings_2026_06_22.csv
2026-06-22,207239,Nikolay Vylegzhanin,758,40,-1.0,-14.0,RUS,26,atp_rankings_2026_06_22.csv
2026-06-22,213760,Pavel Lagutin,759,40,0.0,-3.0,RUS,21,atp_rankings_2026_06_22.csv
2026-06-22,207987,Ryuki Matsuda,760,40,2.0,9.0,JPN,26,atp_rankings_2026_06_22.csv
2026-06-22,212306,Ignacio Parisca,761,40,3.0,19.0,VEN,20,atp_rankings_2026_06_22.csv
2026-06-22,212286,Rodrigo Alujas,762,40,0.0,-4.0,MEX,23,atp_rankings_2026_06_22.csv
2026-06-22,207181,Govind Nanda,763,39,0.0,-4.0,USA,25,atp_rankings_2026_06_22.csv
2026-06-22,134794,Alexis Gautier,764,39,-1.0,-11.0,FRA,29,atp_rankings_2026_06_22.csv
2026-06-22,214590,Nikita Belozertsev,765,39,2.0,12.0,UZB,17,atp_rankings_2026_06_22.csv
2026-06-22,210025,Branko Djuric,766,39,1.0,2.0,SRB,21,atp_rankings_2026_06_22.csv
2026-06-22,105700,Jose Pereira,767,39,-3.0,-31.0,BRA,35,atp_rankings_2026_06_22.csv
2026-06-22,202327,Marko Miladinovic,768,39,0.0,-6.0,SRB,25,atp_rankings_2026_06_22.csv
2026-06-22,210629,Alejandro Juan Mano,769,39,-1.0,-12.0,ESP,21,atp_rankings_2026_06_22.csv
2026-06-22,134389,Tim Handel,770,39,0.0,-7.0,GER,29,atp_rankings_2026_06_22.csv
2026-06-22,213977,Cosme Rolland De Ravel,771,38,28.0,409.0,FRA,22,atp_rankings_2026_06_22.csv
2026-06-22,208230,Alibek Kachmazov,772,38,0.0,-7.0,RUS,23,atp_rankings_2026_06_22.csv
2026-06-22,209198,Gian Luca Tanner,773,38,0.0,-6.0,SUI,25,atp_rankings_2026_06_22.csv
2026-06-22,211897,Naoya Honda,774,38,8.0,75.0,JPN,20,atp_rankings_2026_06_22.csv
2026-06-22,202089,Aleksandr Braynin,775,38,0.0,-3.0,UKR,26,atp_rankings_2026_06_22.csv
2026-06-22,208925,John Hallquist Lithen,776,38,0.0,-5.0,SWE,24,atp_rankings_2026_06_22.csv
2026-06-22,200325,Emil Ruusuvuori,777,37,0.0,-4.0,FIN,27,atp_rankings_2026_06_22.csv
2026-06-22,214004,Michael Antonius,778,37,0.0,-4.0,USA,,atp_rankings_2026_06_22.csv
2026-06-22,126209,Peter Bertran,779,37,-3.0,-27.0,DOM,30,atp_rankings_2026_06_22.csv
2026-06-22,202366,Tadeas Paroulek,780,37,0.0,-2.0,CZE,26,atp_rankings_2026_06_22.csv
2026-06-22,122495,Shintaro Imai,781,37,0.0,-6.0,JPN,32,atp_rankings_2026_06_22.csv
2026-06-22,210328,Matt Ponchet,782,37,2.0,15.0,FRA,22,atp_rankings_2026_06_22.csv
2026-06-22,213996,Anton Arzhankin,783,37,1.0,3.0,RUS,,atp_rankings_2026_06_22.csv
2026-06-22,126335,Sora Fukuda,784,37,1.0,5.0,JPN,28,atp_rankings_2026_06_22.csv
2026-06-22,200125,Mykyta Mashtakov,785,37,1.0,5.0,UKR,27,atp_rankings_2026_06_22.csv
2026-06-22,207660,Nicholas David Ionel,786,37,0.0,-3.0,ROU,23,atp_rankings_2026_06_22.csv
2026-06-22,207383,Taisei Ichikawa,787,37,1.0,6.0,JPN,25,atp_rankings_2026_06_22.csv
2026-06-22,211501,Kenta Miyoshi,788,36,-5.0,-45.0,JPN,22,atp_rankings_2026_06_22.csv
2026-06-22,213965,Andrew Johnson,789,36,8.0,73.0,USA,16,atp_rankings_2026_06_22.csv
2026-06-22,125833,Mert Naci Turker,790,36,-1.0,-9.0,TUR,27,atp_rankings_2026_06_22.csv
2026-06-22,210294,Jack Anthrop,791,35,-1.0,-7.0,USA,22,atp_rankings_2026_06_22.csv
2026-06-22,210488,Roger Pascual Ferra,792,35,4.0,45.0,ESP,20,atp_rankings_2026_06_22.csv
2026-06-22,106075,Jozef Kovalik,793,35,0.0,2.0,SVK,33,atp_rankings_2026_06_22.csv
2026-06-22,200030,Facundo Juarez,794,35,0.0,2.0,ITA,28,atp_rankings_2026_06_22.csv
2026-06-22,211550,Yusuke Kusuhara,795,35,-15.0,-115.0,JPN,28,atp_rankings_2026_06_22.csv
2026-06-22,206921,Scott Jones,796,35,0.0,2.0,AUS,28,atp_rankings_2026_06_22.csv
2026-06-22,211524,Abel Forger,797,35,0.0,3.0,NED,20,atp_rankings_2026_06_22.csv
2026-06-22,212086,Grigory Shebekin,798,35,0.0,3.0,RUS,21,atp_rankings_2026_06_22.csv
2026-06-22,111788,Naoki Nakagawa,799,35,0.0,0.0,JPN,29,atp_rankings_2026_06_22.csv
2026-06-22,105814,Maximilian Neuchrist,800,35,0.0,2.0,AUT,34,atp_rankings_2026_06_22.csv
2026-06-22,105868,Wilson Leite,801,35,0.0,2.0,BRA,34,atp_rankings_2026_06_22.csv
2026-06-22,210052,Nicolas Zanellato,802,35,0.0,3.0,BRA,24,atp_rankings_2026_06_22.csv
2026-06-22,212115,Hoyoung Roh,803,34,0.0,4.0,KOR,20,atp_rankings_2026_06_22.csv
2026-06-22,202277,Damien Wenger,804,34,0.0,4.0,SUI,26,atp_rankings_2026_06_22.csv
2026-06-22,110602,Dennis Novak,805,34,0.0,5.0,AUT,32,atp_rankings_2026_06_22.csv
2026-06-22,200335,Felipe Meligeni Alves,806,34,0.0,3.0,BRA,28,atp_rankings_2026_06_22.csv
2026-06-22,200270,Alex Knaff,807,34,0.0,4.0,LUX,28,atp_rankings_2026_06_22.csv
2026-06-22,132017,Mwendwa Mbithi,808,34,0.0,4.0,USA,28,atp_rankings_2026_06_22.csv
2026-06-22,207776,William Grant,809,34,0.0,6.0,USA,25,atp_rankings_2026_06_22.csv
2026-06-22,208818,Finn Murgett,810,34,0.0,7.0,GBR,24,atp_rankings_2026_06_22.csv
2026-06-22,210652,Dragos Nicolae Cazacu,811,34,0.0,5.0,ROU,22,atp_rankings_2026_06_22.csv
2026-06-22,210157,Dylan Dietrich,812,33,0.0,6.0,SUI,21,atp_rankings_2026_06_22.csv
2026-06-22,210203,Pedro Rodenas,813,33,0.0,6.0,ESP,22,atp_rankings_2026_06_22.csv
2026-06-22,209959,Woobin Shin,814,33,0.0,7.0,KOR,22,atp_rankings_2026_06_22.csv
2026-06-22,213010,Marc Van Der Merwe,815,33,0.0,8.0,RSA,31,atp_rankings_2026_06_22.csv
2026-06-22,125806,Dominik Kellovsky,816,33,-4.0,-37.0,CZE,29,atp_rankings_2026_06_22.csv
2026-06-22,210143,Maximilian Homberg,817,33,0.0,8.0,GER,23,atp_rankings_2026_06_22.csv
2026-06-22,212288,Vincent Marysko,818,33,0.0,6.0,GER,20,atp_rankings_2026_06_22.csv
2026-06-22,208372,Natan Rodrigues,819,33,0.0,7.0,BRA,24,atp_rankings_2026_06_22.csv
2026-06-22,209985,Amaury Raynel,820,33,0.0,7.0,FRA,23,atp_rankings_2026_06_22.csv
2026-06-22,202369,Daniel Salazar Martinez,821,33,-2.0,-17.0,COL,25,atp_rankings_2026_06_22.csv
2026-06-22,208302,Nikola Slavic,822,33,-1.0,-8.0,SWE,25,atp_rankings_2026_06_22.csv
2026-06-22,208094,Jorge Plans,823,33,-3.0,-32.0,ESP,24,atp_rankings_2026_06_22.csv
2026-06-22,213036,Luis Guto Miguel,824,32,0.0,6.0,BRA,17,atp_rankings_2026_06_22.csv
2026-06-22,202418,Stijn Slump,825,32,-1.0,-3.0,NED,27,atp_rankings_2026_06_22.csv
2026-06-22,126581,Juan Sebastian Osorio,826,32,0.0,5.0,COL,28,atp_rankings_2026_06_22.csv
2026-06-22,144748,Kris Van Wyk,827,32,0.0,6.0,RSA,29,atp_rankings_2026_06_22.csv
2026-06-22,212748,Anas Mazdrashki,828,32,7.0,81.0,BUL,,atp_rankings_2026_06_22.csv
2026-06-22,212269,Marc Majdandzic,829,32,-2.0,-16.0,GER,21,atp_rankings_2026_06_22.csv
2026-06-22,208277,Taiyo Yamanaka,830,32,0.0,5.0,JPN,24,atp_rankings_2026_06_22.csv
2026-06-22,210145,John Sperle,831,32,1.0,13.0,GER,24,atp_rankings_2026_06_22.csv
2026-06-22,211758,Matthew Summers,832,32,-4.0,-40.0,GBR,27,atp_rankings_2026_06_22.csv
2026-06-22,209253,Andrea Fiorentini,833,32,-1.0,-5.0,ITA,25,atp_rankings_2026_06_22.csv
2026-06-22,211664,Nicolas Oliveira,834,31,8.0,92.0,BRA,20,atp_rankings_2026_06_22.csv
2026-06-22,212839,Oliver Bonding,835,31,0.0,1.0,GBR,19,atp_rankings_2026_06_22.csv
2026-06-22,210494,Theo Papamalamis,836,31,-5.0,-49.0,FRA,20,atp_rankings_2026_06_22.csv
2026-06-22,200216,Giovanni Fonio,837,31,-5.0,-49.0,ITA,28,atp_rankings_2026_06_22.csv
2026-06-22,213003,Pierluigi Basile,838,31,0.0,0.0,ITA,19,atp_rankings_2026_06_22.csv
2026-06-22,209166,Calvin Mueller,839,31,0.0,0.0,GER,26,atp_rankings_2026_06_22.csv
2026-06-22,200228,Felix Corwin,840,31,0.0,1.0,USA,30,atp_rankings_2026_06_22.csv
2026-06-22,132310,Tiago Cacao,841,31,0.0,-1.0,POR,28,atp_rankings_2026_06_22.csv
2026-06-22,132374,Jesse Flores,842,31,0.0,0.0,CRC,31,atp_rankings_2026_06_22.csv
2026-06-22,208166,Xiaofei Wang,843,31,0.0,0.0,CHN,23,atp_rankings_2026_06_22.csv
2026-06-22,207788,Thanapet Chanta,844,31,2.0,11.0,THA,26,atp_rankings_2026_06_22.csv
2026-06-22,210099,Dinko Dinev,845,31,2.0,13.0,BUL,22,atp_rankings_2026_06_22.csv
2026-06-22,106432,Borna Coric,846,30,0.0,-1.0,CRO,29,atp_rankings_2026_06_22.csv
2026-06-22,212285,Albert Pedrico Kravtsov,847,30,0.0,-1.0,ESP,21,atp_rankings_2026_06_22.csv
2026-06-22,104932,Kenny De Schepper,848,30,-2.0,-16.0,FRA,39,atp_rankings_2026_06_22.csv
2026-06-22,210623,Jakub Filip,849,30,1.0,5.0,CZE,20,atp_rankings_2026_06_22.csv
2026-06-22,207404,Miles Jones,850,30,0.0,-3.0,USA,25,atp_rankings_2026_06_22.csv
2026-06-22,208533,Joao Victor Couto Loureiro,851,30,3.0,30.0,BRA,23,atp_rankings_2026_06_22.csv
2026-06-22,111568,Michael Zhu,852,30,3.0,35.0,USA,33,atp_rankings_2026_06_22.csv
2026-06-22,213066,Stefan Horia Haita,853,29,2.0,20.0,ROU,19,atp_rankings_2026_06_22.csv
2026-06-22,213825,Keaton Hance,854,29,0.0,-3.0,USA,18,atp_rankings_2026_06_22.csv
2026-06-22,209904,Alejandro Manzanera Pertusa,855,29,0.0,-3.0,ESP,23,atp_rankings_2026_06_22.csv
2026-06-22,212235,Noah Zamora,856,29,1.0,8.0,USA,23,atp_rankings_2026_06_22.csv
2026-06-22,208806,Stefano Dagostino,857,29,8.0,108.0,ITA,22,atp_rankings_2026_06_22.csv
2026-06-22,206782,Demetris Azoides,858,29,0.0,-1.0,GRE,25,atp_rankings_2026_06_22.csv
2026-06-22,213059,Carles Cordoba,859,29,4.0,51.0,ESP,20,atp_rankings_2026_06_22.csv
2026-06-22,209095,Francisco Rocha,860,29,-1.0,-12.0,POR,26,atp_rankings_2026_06_22.csv
2026-06-22,126971,Marcus Walters,861,29,2.0,22.0,GBR,28,atp_rankings_2026_06_22.csv
2026-06-22,208147,Alexandre Aubriot,862,29,0.0,-3.0,FRA,27,atp_rankings_2026_06_22.csv
2026-06-22,208264,Carles Hernandez,863,29,1.0,6.0,ESP,25,atp_rankings_2026_06_22.csv
2026-06-22,212171,Nicolas Jadoun,864,29,2.0,21.0,FRA,23,atp_rankings_2026_06_22.csv
2026-06-22,202124,Kosuke Ogura,865,29,0.0,-5.0,JPN,30,atp_rankings_2026_06_22.csv
2026-06-22,134457,Nicolas Moreno De Alboran,866,28,0.0,-5.0,USA,28,atp_rankings_2026_06_22.csv
2026-06-22,211484,Jangjun Kim,867,28,15.0,230.0,KOR,19,atp_rankings_2026_06_22.csv
2026-06-22,126573,Thomas Fancutt,868,28,1.0,4.0,AUS,31,atp_rankings_2026_06_22.csv
2026-06-22,212958,Spencer Johnson,869,28,4.0,47.0,USA,23,atp_rankings_2026_06_22.csv
2026-06-22,211394,Patrick Brady,870,28,0.0,-7.0,GBR,21,atp_rankings_2026_06_22.csv
2026-06-22,212749,Andres Santamarta Roig,871,28,-11.0,-110.0,ESP,19,atp_rankings_2026_06_22.csv
2026-06-22,210254,Adrien Gobat,872,28,-1.0,-19.0,FRA,24,atp_rankings_2026_06_22.csv
2026-06-22,210483,Yaojie Zeng,873,28,-1.0,-17.0,CHN,24,atp_rankings_2026_06_22.csv
2026-06-22,211391,Iannis Miletich,874,28,0.0,-7.0,ITA,20,atp_rankings_2026_06_22.csv
2026-06-22,209337,Luca Castagnola,875,28,0.0,-5.0,ITA,24,atp_rankings_2026_06_22.csv
2026-06-22,212725,Alaa Trifi,876,28,0.0,-5.0,TUN,19,atp_rankings_2026_06_22.csv
2026-06-22,111505,Enzo Couacaud,877,27,-8.0,-83.0,FRA,31,atp_rankings_2026_06_22.csv
2026-06-22,209882,Jeffrey Von Der Schulenburg,878,27,0.0,-2.0,SUI,24,atp_rankings_2026_06_22.csv
2026-06-22,213007,Tristan Stringer,879,27,1.0,15.0,USA,20,atp_rankings_2026_06_22.csv
2026-06-22,144915,Mikalai Haliak,880,27,0.0,-2.0,BLR,27,atp_rankings_2026_06_22.csv
2026-06-22,210424,Michel Hopp,881,27,0.0,-1.0,GER,27,atp_rankings_2026_06_22.csv
2026-06-22,202125,Benjamin Pietri,882,27,0.0,0.0,FRA,29,atp_rankings_2026_06_22.csv
2026-06-22,207794,Younes Lalami Laaroussi,883,27,0.0,1.0,MAR,25,atp_rankings_2026_06_22.csv
2026-06-22,200330,Tomas Curras Abasolo,884,27,0.0,2.0,ESP,26,atp_rankings_2026_06_22.csv
2026-06-22,212455,Lucas Andrade Da Silva,885,26,-8.0,-79.0,BRA,21,atp_rankings_2026_06_22.csv
2026-06-22,211708,Manuel Plunger,886,26,0.0,3.0,ITA,23,atp_rankings_2026_06_22.csv
2026-06-22,105948,Federico Coria,887,26,0.0,3.0,ARG,34,atp_rankings_2026_06_22.csv
2026-06-22,148674,Emon Van Loben Sels,888,26,0.0,3.0,USA,21,atp_rankings_2026_06_22.csv
2026-06-22,144841,Christian Sigsgaard,889,26,2.0,26.0,DEN,29,atp_rankings_2026_06_22.csv
2026-06-22,213932,Theodore Dean,890,26,1.0,13.0,USA,24,atp_rankings_2026_06_22.csv
2026-06-22,209247,Axel Garcian,891,26,0.0,1.0,FRA,24,atp_rankings_2026_06_22.csv
2026-06-22,209124,Blu Baker,892,26,0.0,1.0,GBR,24,atp_rankings_2026_06_22.csv
2026-06-22,212832,Salvador Price,893,26,0.0,2.0,COL,21,atp_rankings_2026_06_22.csv
2026-06-22,212533,Markus Molder,894,26,1.0,10.0,EST,21,atp_rankings_2026_06_22.csv
2026-06-22,211658,Tomas Martinez,895,26,0.0,1.0,ARG,22,atp_rankings_2026_06_22.csv
2026-06-22,208160,Sam Ryan Ziegann,896,26,-1.0,-17.0,AUS,27,atp_rankings_2026_06_22.csv
2026-06-22,206749,Niccolo Catini,897,26,-2.0,-29.0,ITA,28,atp_rankings_2026_06_22.csv
2026-06-22,212461,Daniele Rapagnetta,898,26,0.0,-1.0,ITA,19,atp_rankings_2026_06_22.csv
2026-06-22,200441,Grigoriy Lomakin,899,26,-1.0,-11.0,KAZ,28,atp_rankings_2026_06_22.csv
2026-06-22,106401,Nick Kyrgios,900,25,0.0,-1.0,AUS,31,atp_rankings_2026_06_22.csv
2026-06-22,134087,Johannes Ingildsen,901,25,0.0,0.0,DEN,28,atp_rankings_2026_06_22.csv
2026-06-22,210323,Luis Felipe Miguel,902,25,4.0,55.0,BRA,22,atp_rankings_2026_06_22.csv
2026-06-22,123993,Lucas Gerch,903,25,-11.0,-118.0,GER,31,atp_rankings_2026_06_22.csv
2026-06-22,213838,Ronit Karki,904,25,0.0,1.0,USA,18,atp_rankings_2026_06_22.csv
2026-06-22,207682,Lorenzo Gagliardo,905,25,1.0,13.0,ITA,25,atp_rankings_2026_06_22.csv
2026-06-22,104729,Ivan Nedelko,906,25,0.0,0.0,RUS,40,atp_rankings_2026_06_22.csv
2026-06-22,209099,Kristijan Juhas,907,25,0.0,0.0,SRB,25,atp_rankings_2026_06_22.csv
2026-06-22,208229,Qian Sun,908,25,0.0,0.0,CHN,24,atp_rankings_2026_06_22.csv
2026-06-22,122294,Gabriele Maria Noce,909,25,0.0,2.0,ITA,30,atp_rankings_2026_06_22.csv
2026-06-22,208653,Isaac Becroft,910,25,1.0,12.0,NZL,25,atp_rankings_2026_06_22.csv
2026-06-22,210048,Pierre Yves Bailly,911,24,-15.0,-151.0,BEL,22,atp_rankings_2026_06_22.csv
2026-06-22,214018,Jamie Mackenzie,912,24,0.0,5.0,GER,,atp_rankings_2026_06_22.csv
2026-06-22,212944,Ryo Tabata,913,24,7.0,110.0,JPN,18,atp_rankings_2026_06_22.csv
2026-06-22,208382,Herman Hoeyeraal,914,24,0.0,5.0,NOR,24,atp_rankings_2026_06_22.csv
2026-06-22,144925,Nitin Kumar Sinha,915,24,1.0,16.0,IND,27,atp_rankings_2026_06_22.csv
2026-06-22,208320,Christopher Li,916,24,0.0,4.0,PER,22,atp_rankings_2026_06_22.csv
2026-06-22,209128,Diego Augusto Barreto Sanchez,917,24,-3.0,-40.0,ESP,24,atp_rankings_2026_06_22.csv
2026-06-22,117353,Duck Hee Lee,918,24,0.0,3.0,KOR,28,atp_rankings_2026_06_22.csv
2026-06-22,208051,Axel Nefve,919,24,-4.0,-53.0,USA,25,atp_rankings_2026_06_22.csv
2026-06-22,206216,Tom Zeuch,920,24,2.0,25.0,GER,26,atp_rankings_2026_06_22.csv
2026-06-22,212478,William Rejchtman Vinciguerra,921,24,1.0,11.0,SWE,19,atp_rankings_2026_06_22.csv
2026-06-22,212816,Lucca Helguera Casado,922,24,0.0,1.0,ESP,20,atp_rankings_2026_06_22.csv
2026-06-22,212070,Ali Yazdani,923,24,-1.0,-11.0,IRI,22,atp_rankings_2026_06_22.csv
2026-06-22,212022,Daniil Sarksian,924,24,0.0,0.0,RUS,20,atp_rankings_2026_06_22.csv
2026-06-22,207841,Muhammad Shoaib,925,23,0.0,0.0,PAK,24,atp_rankings_2026_06_22.csv
2026-06-22,200670,J J Wolf,926,23,0.0,1.0,USA,27,atp_rankings_2026_06_22.csv
2026-06-22,212733,Matthew Forbes,927,23,0.0,1.0,USA,20,atp_rankings_2026_06_22.csv
2026-06-22,208931,Toby Alex Kodat,928,23,-4.0,-53.0,USA,23,atp_rankings_2026_06_22.csv
2026-06-22,210039,Orel Kimhi,929,23,0.0,0.0,ISR,22,atp_rankings_2026_06_22.csv
2026-06-22,127087,Dominik Recek,930,23,1.0,9.0,CZE,31,atp_rankings_2026_06_22.csv
2026-06-22,208237,Aleksa Ciric,931,23,0.0,-1.0,SRB,26,atp_rankings_2026_06_22.csv
2026-06-22,207343,Hanyi Liu,932,23,2.0,35.0,CHN,25,atp_rankings_2026_06_22.csv
2026-06-22,209956,Dev Javia,933,23,1.0,14.0,IND,24,atp_rankings_2026_06_22.csv
2026-06-22,212574,Egor Pleshivtsev,934,23,0.0,-1.0,RUS,,atp_rankings_2026_06_22.csv
2026-06-22,149842,Nicolas Ian Kotzen,935,22,-3.0,-35.0,USA,23,atp_rankings_2026_06_22.csv
2026-06-22,210531,Paul Inchauspe,936,22,0.0,-2.0,FRA,22,atp_rankings_2026_06_22.csv
2026-06-22,209943,Ilya Snitari,937,22,0.0,0.0,MDA,24,atp_rankings_2026_06_22.csv
2026-06-22,212311,Stijn Paardekooper,938,22,0.0,2.0,NED,22,atp_rankings_2026_06_22.csv
2026-06-22,212949,Ziga Sesko,939,22,0.0,2.0,SLO,17,atp_rankings_2026_06_22.csv
2026-06-22,212780,Enzo Kohlmann De Freitas,940,22,2.0,37.0,BRA,19,atp_rankings_2026_06_22.csv
2026-06-22,208003,Bekkhan Atlangeriev,941,22,0.0,1.0,RUS,25,atp_rankings_2026_06_22.csv
2026-06-22,208055,Ajeet Rai,942,22,0.0,1.0,NZL,27,atp_rankings_2026_06_22.csv
2026-06-22,210477,Artur Kukasian,943,22,0.0,1.0,RUS,22,atp_rankings_2026_06_22.csv
2026-06-22,211774,Ryotaro Taguchi,944,22,0.0,2.0,JPN,25,atp_rankings_2026_06_22.csv
2026-06-22,212888,Rares Teodor Pieleanu,945,22,0.0,3.0,ROU,19,atp_rankings_2026_06_22.csv
2026-06-22,211646,Louis Larue,946,22,1.0,23.0,FRA,22,atp_rankings_2026_06_22.csv
2026-06-22,209171,Thantub Suksumrarn,947,22,0.0,2.0,THA,25,atp_rankings_2026_06_22.csv
2026-06-22,207676,Adan Freire Da Silva,948,22,1.0,24.0,FRA,27,atp_rankings_2026_06_22.csv
2026-06-22,202244,Jeremy Gschwendtner,949,22,-3.0,-36.0,GBR,27,atp_rankings_2026_06_22.csv
2026-06-22,210456,Karim Ibrahim,950,22,0.0,2.0,EGY,22,atp_rankings_2026_06_22.csv
2026-06-22,202334,Jesse Delaney,951,22,-4.0,-53.0,AUS,27,atp_rankings_2026_06_22.csv
2026-06-22,106397,Wishaya Trongcharoenchaikul,952,22,-8.0,-102.0,THA,31,atp_rankings_2026_06_22.csv
2026-06-22,208401,Giannicola Misasi,953,22,0.0,-1.0,ITA,25,atp_rankings_2026_06_22.csv
2026-06-22,104905,Nicolas Barrientos,954,21,0.0,0.0,COL,39,atp_rankings_2026_06_22.csv
2026-06-22,212076,Zoran Ludoski,955,21,-1.0,-21.0,SRB,21,atp_rankings_2026_06_22.csv
2026-06-22,210478,Sebastian Gorzny,956,21,14.0,332.0,USA,22,atp_rankings_2026_06_22.csv
2026-06-22,106137,Tristan Lamasine,957,21,-1.0,-21.0,FRA,33,atp_rankings_2026_06_22.csv
2026-06-22,202345,Arvid Nordquist,958,21,0.0,-3.0,SWE,28,atp_rankings_2026_06_22.csv
2026-06-22,209355,Timo Legout,959,21,0.0,-3.0,FRA,24,atp_rankings_2026_06_22.csv
2026-06-22,210727,Taym Al Azmeh,960,21,0.0,-2.0,GER,22,atp_rankings_2026_06_22.csv
2026-06-22,214589,Yannick Theodor Alexandrescou,961,21,0.0,-2.0,FRA,18,atp_rankings_2026_06_22.csv
2026-06-22,209334,Micah Braswell,962,21,0.0,-2.0,USA,24,atp_rankings_2026_06_22.csv
2026-06-22,126165,Aoran Wang,963,21,0.0,-2.0,CHN,29,atp_rankings_2026_06_22.csv
2026-06-22,134490,Justin Roberts,964,21,0.0,0.0,BAH,29,atp_rankings_2026_06_22.csv
2026-06-22,209115,Oliver Okonkwo,965,21,3.0,47.0,GBR,26,atp_rankings_2026_06_22.csv
2026-06-22,211497,Rocco Piatti,966,21,0.0,2.0,MON,21,atp_rankings_2026_06_22.csv
2026-06-22,209164,Lorenzo Rottoli,967,21,0.0,3.0,ITA,24,atp_rankings_2026_06_22.csv
2026-06-22,213048,Alan Wazny,968,21,4.0,64.0,POL,,atp_rankings_2026_06_22.csv
2026-06-22,210429,Pietro Romeo Scomparin,969,21,-1.0,-19.0,ITA,25,atp_rankings_2026_06_22.csv
2026-06-22,200418,Karl Friberg,970,21,1.0,15.0,SWE,27,atp_rankings_2026_06_22.csv
2026-06-22,210684,Niccolo Ciavarella,971,21,-1.0,-20.0,ITA,22,atp_rankings_2026_06_22.csv
2026-06-22,208466,Evan Bynoe,972,21,0.0,1.0,USA,27,atp_rankings_2026_06_22.csv
2026-06-22,212259,Benjamin Thomas George,972,21,0.0,-1.0,CAN,23,atp_rankings_2026_06_22.csv
2026-06-22,209280,Devin Badenhorst,974,20,0.0,0.0,RSA,22,atp_rankings_2026_06_22.csv
2026-06-22,207809,Khololwam Montsi,975,20,0.0,0.0,RSA,23,atp_rankings_2026_06_22.csv
2026-06-22,210759,Gianluca Brunkow,976,20,0.0,0.0,USA,23,atp_rankings_2026_06_22.csv
2026-06-22,209905,Shunsuke Nakagawa,977,20,-1.0,-15.0,JPN,26,atp_rankings_2026_06_22.csv
2026-06-22,209204,Iiro Vasa,978,20,1.0,10.0,FIN,23,atp_rankings_2026_06_22.csv
2026-06-22,212852,Kacper Szymkowiak,979,20,-1.0,-16.0,POL,21,atp_rankings_2026_06_22.csv
2026-06-22,126953,Chan Yeong Oh,980,20,4.0,63.0,KOR,27,atp_rankings_2026_06_22.csv
2026-06-22,212203,Luca Preda,981,20,0.0,-3.0,ROU,20,atp_rankings_2026_06_22.csv
2026-06-22,109334,Bastian Malla,982,20,0.0,-3.0,CHI,29,atp_rankings_2026_06_22.csv
2026-06-22,212280,Giulio Perego,983,20,0.0,-3.0,ITA,23,atp_rankings_2026_06_22.csv
2026-06-22,212630,Aaron Funk,984,20,0.0,-1.0,GER,20,atp_rankings_2026_06_22.csv
2026-06-22,213356,Michele Mecarelli,985,20,0.0,-3.0,ITA,19,atp_rankings_2026_06_22.csv
2026-06-22,210554,Marko Maksimovic,986,20,2.0,29.0,SRB,20,atp_rankings_2026_06_22.csv
2026-06-22,211467,Aditya Vishal Balsekar,987,20,0.0,-3.0,IND,23,atp_rankings_2026_06_22.csv
2026-06-22,212616,Yuta Tomida,988,20,0.0,-2.0,JPN,19,atp_rankings_2026_06_22.csv
2026-06-22,202275,Fermin Tenti,989,20,0.0,-2.0,ARG,29,atp_rankings_2026_06_22.csv
2026-06-22,210523,Luca Pow,990,19,-8.0,-116.0,GBR,21,atp_rankings_2026_06_22.csv
2026-06-22,212127,Charlie Robertson,991,19,0.0,1.0,GBR,19,atp_rankings_2026_06_22.csv
2026-06-22,213014,Simeon Stankovic,992,19,0.0,-2.0,SRB,,atp_rankings_2026_06_22.csv
2026-06-22,210683,Peter Buldorini,993,19,0.0,-2.0,ITA,21,atp_rankings_2026_06_22.csv
2026-06-22,206556,Lautaro Agustin Falabella,994,19,-2.0,-28.0,ARG,28,atp_rankings_2026_06_22.csv
2026-06-22,212142,Maxwell Exsted,995,19,2.0,29.0,USA,19,atp_rankings_2026_06_22.csv
2026-06-22,212308,Markus Malaszszak,996,19,0.0,-3.0,GER,21,atp_rankings_2026_06_22.csv
2026-06-22,144751,Rigele Te,997,19,-1.0,-16.0,CHN,28,atp_rankings_2026_06_22.csv
2026-06-22,208132,Noah Schachter,998,19,0.0,-3.0,USA,26,atp_rankings_2026_06_22.csv
2026-06-22,202065,Petros Tsitsipas,999,19,1.0,15.0,GRE,25,atp_rankings_2026_06_22.csv
2026-06-22,208424,Julian Cundom,1000,19,0.0,-6.0,ARG,25,atp_rankings_2026_06_22.csv
2026-06-22,149843,Conor Gannon,1001,19,5.0,88.0,IRL,24,atp_rankings_2026_06_22.csv
2026-06-22,210394,Nikita Ianin,1002,19,0.0,-6.0,RUS,24,atp_rankings_2026_06_22.csv
2026-06-22,212631,David Eichenseher,1003,19,1.0,15.0,GER,20,atp_rankings_2026_06_22.csv
2026-06-22,208613,Ezequiel Monferrer,1004,19,1.0,15.0,ARG,23,atp_rankings_2026_06_22.csv
2026-06-22,213046,Pieter De Lange,1005,19,0.0,-8.0,NED,,atp_rankings_2026_06_22.csv
2026-06-22,200276,Niklas Schell,1006,19,0.0,-8.0,GER,27,atp_rankings_2026_06_22.csv
2026-06-22,213806,Kriish Tyagi,1007,18,0.0,-8.0,IND,19,atp_rankings_2026_06_22.csv
2026-06-22,105575,Ricardas Berankis,1008,18,0.0,-8.0,LTU,36,atp_rankings_2026_06_22.csv
2026-06-22,212476,Noritaka Koizumi,1009,18,0.0,-8.0,JPN,23,atp_rankings_2026_06_22.csv
2026-06-22,106264,Karue Sell,1010,18,0.0,-8.0,BRA,32,atp_rankings_2026_06_22.csv
2026-06-22,210091,Filip Pieczonka,1011,18,0.0,-8.0,POL,22,atp_rankings_2026_06_22.csv
2026-06-22,106227,Ji Sung Nam,1012,18,0.0,-8.0,KOR,32,atp_rankings_2026_06_22.csv
2026-06-22,148673,Dominique Rolland,1013,18,0.0,-8.0,USA,21,atp_rankings_2026_06_22.csv
2026-06-22,211585,Alex Kuperstein,1014,18,0.0,-8.0,USA,27,atp_rankings_2026_06_22.csv
2026-06-22,213677,Dante Pagani,1014,18,0.0,-8.0,ARG,,atp_rankings_2026_06_22.csv
2026-06-22,200671,Daisuke Sumizawa,1016,18,0.0,-6.0,JPN,27,atp_rankings_2026_06_22.csv
2026-06-22,211491,Robert Guna,1017,18,0.0,-6.0,ROU,20,atp_rankings_2026_06_22.csv
2026-06-22,109694,Pedro Araujo,1018,18,0.0,-5.0,POR,24,atp_rankings_2026_06_22.csv
2026-06-22,126135,Jumpei Yamasaki,1019,18,2.0,27.0,JPN,28,atp_rankings_2026_06_22.csv
2026-06-22,209203,Evgeny Philippov,1020,18,0.0,-4.0,RUS,24,atp_rankings_2026_06_22.csv
2026-06-22,213143,Sydney Zick,1021,18,0.0,-4.0,GER,19,atp_rankings_2026_06_22.csv
2026-06-22,209038,Linang Xiao,1022,18,0.0,-2.0,CHN,26,atp_rankings_2026_06_22.csv
2026-06-22,208006,Rafael Tosetto,1023,18,1.0,10.0,BRA,27,atp_rankings_2026_06_22.csv
2026-06-22,212246,Volodymyr Iakubenko,1024,18,2.0,29.0,UKR,20,atp_rankings_2026_06_22.csv
2026-06-22,213603,Joaquin Guilleme,1025,17,8.0,193.0,NIC,,atp_rankings_2026_06_22.csv
2026-06-22,106078,Egor Gerasimov,1026,17,-2.0,-37.0,BLR,33,atp_rankings_2026_06_22.csv
2026-06-22,109946,Pedro Rodrigues,1027,17,1.0,15.0,BRA,20,atp_rankings_2026_06_22.csv
2026-06-22,205842,Arthur Reymond,1028,17,0.0,-6.0,FRA,27,atp_rankings_2026_06_22.csv
2026-06-22,209330,Bautista Vilicich,1029,17,-11.0,-164.0,ARG,24,atp_rankings_2026_06_22.csv
2026-06-22,208039,Ronald Hohmann,1030,17,0.0,-2.0,USA,24,atp_rankings_2026_06_22.csv
2026-06-22,212149,Nikola Djosic,1031,17,0.0,-5.0,SUI,18,atp_rankings_2026_06_22.csv
2026-06-22,212059,Zach Stephens,1032,17,0.0,-5.0,GBR,20,atp_rankings_2026_06_22.csv
2026-06-22,208844,Keshav Chopra,1033,17,2.0,36.0,USA,24,atp_rankings_2026_06_22.csv
2026-06-22,213969,Joao Vitor Scramin Do Lago,1034,17,0.0,-4.0,BRA,20,atp_rankings_2026_06_22.csv
2026-06-22,211334,Aljaz Jeran,1035,17,0.0,-4.0,SLO,22,atp_rankings_2026_06_22.csv
2026-06-22,200166,Stefan Vujic,1036,17,0.0,-2.0,AUS,28,atp_rankings_2026_06_22.csv
2026-06-22,210409,Pavlos Tsitsipas,1037,17,0.0,-1.0,GRE,20,atp_rankings_2026_06_22.csv
2026-06-22,212552,Nicolas Ifi,1038,17,0.0,-1.0,BEL,28,atp_rankings_2026_06_22.csv
2026-06-22,208250,Mihai Razvan Marinescu,1039,17,-1.0,-18.0,ROU,24,atp_rankings_2026_06_22.csv
2026-06-22,105077,Albert Ramos,1040,16,-8.0,-126.0,ESP,38,atp_rankings_2026_06_22.csv
2026-06-22,213987,Vignesh Gogineni,1041,16,0.0,-3.0,USA,,atp_rankings_2026_06_22.csv
2026-06-22,212926,Andrew Delgado,1042,16,0.0,-2.0,USA,21,atp_rankings_2026_06_22.csv
2026-06-22,210132,Julio Cesar Porras,1043,16,0.0,-4.0,ARG,28,atp_rankings_2026_06_22.csv
2026-06-22,126283,Yunseong Chung,1044,16,0.0,0.0,KOR,28,atp_rankings_2026_06_22.csv
2026-06-22,210098,Victor Lilov,1045,16,-1.0,-20.0,USA,22,atp_rankings_2026_06_22.csv
2026-06-22,208130,Geun Jun Kim,1046,16,-1.0,-17.0,KOR,24,atp_rankings_2026_06_22.csv
2026-06-22,212460,Yan Cheng Chen,1047,16,0.0,-2.0,TPE,24,atp_rankings_2026_06_22.csv
2026-06-22,207927,Thando Longwe Smit,1048,16,0.0,-1.0,RSA,25,atp_rankings_2026_06_22.csv
2026-06-22,211700,Ruslan Tiukaev,1049,16,0.0,-1.0,RUS,21,atp_rankings_2026_06_22.csv
2026-06-22,134276,Jacob Brumm,1050,16,0.0,0.0,USA,27,atp_rankings_2026_06_22.csv
2026-06-22,210182,Mateo Del Pino,1051,16,0.0,-2.0,ARG,22,atp_rankings_2026_06_22.csv
2026-06-22,208057,Diego Fernandez Flores,1052,16,2.0,40.0,CHI,25,atp_rankings_2026_06_22.csv
2026-06-22,213591,Billy Suarez,1053,16,0.0,-2.0,USA,,atp_rankings_2026_06_22.csv
2026-06-22,212972,Andrea De Marchi,1054,16,-1.0,-19.0,ITA,19,atp_rankings_2026_06_22.csv
2026-06-22,212030,Kerem Yilmaz,1055,16,1.0,17.0,TUR,19,atp_rankings_2026_06_22.csv
2026-06-22,202220,Nicolas Bruna,1056,16,0.0,-2.0,CHI,27,atp_rankings_2026_06_22.csv
2026-06-22,211323,Jacopo Bilardo,1057,16,2.0,39.0,ITA,21,atp_rankings_2026_06_22.csv
2026-06-22,212760,Joaquim Almeida,1058,15,0.0,-3.0,BRA,24,atp_rankings_2026_06_22.csv
2026-06-22,126536,David Pichler,1059,15,0.0,-3.0,AUT,30,atp_rankings_2026_06_22.csv
2026-06-22,126197,Orlando Luz,1060,15,0.0,-3.0,BRA,28,atp_rankings_2026_06_22.csv
2026-06-22,214558,Pablo Perez Ramos,1061,15,7.0,185.0,ESP,23,atp_rankings_2026_06_22.csv
2026-06-22,206746,Benjamin Winter Lopez,1062,15,-1.0,-21.0,ESP,28,atp_rankings_2026_06_22.csv
2026-06-22,209258,Alexandre Reco,1063,15,1.0,16.0,FRA,27,atp_rankings_2026_06_22.csv
2026-06-22,200050,Finn Bass,1064,15,0.0,-3.0,GBR,26,atp_rankings_2026_06_22.csv
2026-06-22,126216,Alexander Klintcharov,1065,15,0.0,-5.0,NZL,29,atp_rankings_2026_06_22.csv
2026-06-22,133014,Enzo Wallart,1066,15,0.0,-3.0,FRA,29,atp_rankings_2026_06_22.csv
2026-06-22,208855,Christopher Papa,1067,15,0.0,-3.0,USA,25,atp_rankings_2026_06_22.csv
2026-06-22,209913,Fons Van Sambeek,1068,15,0.0,-3.0,NED,24,atp_rankings_2026_06_22.csv
2026-06-22,212064,Duje Markovina,1069,15,0.0,-7.0,CRO,18,atp_rankings_2026_06_22.csv
2026-06-22,208518,Hazem Naw,1070,15,0.0,-4.0,SYR,26,atp_rankings_2026_06_22.csv
2026-06-22,207331,Vladislav Melnic,1071,15,0.0,-3.0,ROU,26,atp_rankings_2026_06_22.csv
2026-06-22,211317,Chen Dong,1072,15,0.0,-2.0,AUS,23,atp_rankings_2026_06_22.csv
2026-06-22,208816,Jeremy Schifris,1073,15,1.0,13.0,GER,24,atp_rankings_2026_06_22.csv
2026-06-22,213103,Viktor Frydrych,1074,15,1.0,17.0,GBR,,atp_rankings_2026_06_22.csv
2026-06-22,205831,Ammar Alhogbani,1075,15,0.0,-4.0,USA,27,atp_rankings_2026_06_22.csv
2026-06-22,124099,Mohamed Nazim Makhlouf,1076,15,1.0,18.0,ALG,29,atp_rankings_2026_06_22.csv
2026-06-22,209233,Pietro Marino,1077,15,0.0,-4.0,ITA,25,atp_rankings_2026_06_22.csv
2026-06-22,144731,Kody Pearson,1078,14,0.0,-4.0,AUS,26,atp_rankings_2026_06_22.csv
2026-06-22,206573,Trey Hilderbrand,1079,14,0.0,-3.0,USA,26,atp_rankings_2026_06_22.csv
2026-06-22,106214,Oscar Otte,1080,14,-1.0,-21.0,GER,32,atp_rankings_2026_06_22.csv
2026-06-22,144932,Kristjan Tamm,1081,14,0.0,-1.0,EST,28,atp_rankings_2026_06_22.csv
2026-06-22,202419,Justin Schlageter,1082,14,0.0,0.0,GER,25,atp_rankings_2026_06_22.csv
2026-06-22,211503,Nico Hipfl,1083,14,0.0,-2.0,AUT,20,atp_rankings_2026_06_22.csv
2026-06-22,212084,Denis Petak,1084,14,7.0,255.0,CZE,19,atp_rankings_2026_06_22.csv
2026-06-22,213043,Hiromasa Koyama,1085,14,0.0,-2.0,JPN,18,atp_rankings_2026_06_22.csv
2026-06-22,206600,Zura Tkemaladze,1086,14,-1.0,-19.0,GEO,26,atp_rankings_2026_06_22.csv
2026-06-22,212889,Daniel Uta,1087,14,0.0,-3.0,ROU,19,atp_rankings_2026_06_22.csv
2026-06-22,208908,Rafael De Alba,1088,14,1.0,22.0,MEX,,atp_rankings_2026_06_22.csv
2026-06-22,211564,Brian Bozemoj,1089,14,0.0,-4.0,NED,22,atp_rankings_2026_06_22.csv
2026-06-22,212834,Nicolas Garcia Longo,1090,14,1.0,23.0,ARG,21,atp_rankings_2026_06_22.csv
2026-06-22,205825,Joao Vitor Goncalves Ceolin,1091,14,0.0,-1.0,BRA,27,atp_rankings_2026_06_22.csv
2026-06-22,209921,Ali Habib,1092,14,0.0,-5.0,GBR,23,atp_rankings_2026_06_22.csv
2026-06-22,214013,Fanming Meng,1092,14,0.0,-5.0,CHN,,atp_rankings_2026_06_22.csv
2026-06-22,212903,Melih Anavatan,1094,14,0.0,1.0,TUR,,atp_rankings_2026_06_22.csv
2026-06-22,212762,Victor Hugo Remondy Pagotto,1095,14,0.0,-2.0,BRA,21,atp_rankings_2026_06_22.csv
2026-06-22,206736,Benjamin O'Connell,1096,14,2.0,47.0,AUS,27,atp_rankings_2026_06_22.csv
2026-06-22,210312,Oliver Ojakaar,1097,13,0.0,1.0,EST,21,atp_rankings_2026_06_22.csv
2026-06-22,202361,Simon Reveniau,1098,13,0.0,1.0,FRA,28,atp_rankings_2026_06_22.csv
2026-06-22,211675,Keegan Rice,1099,13,-1.0,-22.0,CAN,20,atp_rankings_2026_06_22.csv
2026-06-22,212847,Alejandro Hayen,1100,13,0.0,0.0,MEX,28,atp_rankings_2026_06_22.csv
2026-06-22,209064,Suk Hyun Choo,1101,13,0.0,0.0,KOR,25,atp_rankings_2026_06_22.csv
2026-06-22,106167,Joris De Loore,1101,13,-1.0,-23.0,BEL,33,atp_rankings_2026_06_22.csv
2026-06-22,105359,Jason Jung,1103,13,0.0,0.0,TPE,37,atp_rankings_2026_06_22.csv
2026-06-22,200457,Jannik Opitz,1104,13,0.0,-2.0,GER,28,atp_rankings_2026_06_22.csv
2026-06-22,210736,Shu Matsuoka,1105,13,1.0,21.0,JPN,22,atp_rankings_2026_06_22.csv
2026-06-22,213210,Maan Kesharwani,1106,13,0.0,-2.0,IND,,atp_rankings_2026_06_22.csv
2026-06-22,134405,Koray Kirci,1107,13,0.0,-2.0,TUR,27,atp_rankings_2026_06_22.csv
2026-06-22,214231,Johan Oscar Lien,1108,13,0.0,-2.0,NOR,18,atp_rankings_2026_06_22.csv
2026-06-22,214043,Lachlan James Mcfadzean,1109,13,0.0,-2.0,AUS,19,atp_rankings_2026_06_22.csv
2026-06-22,209997,Marcello Serafini,1110,13,0.0,-2.0,ITA,23,atp_rankings_2026_06_22.csv
2026-06-22,200289,Mathieu Scaglia,1111,13,0.0,-2.0,FRA,27,atp_rankings_2026_06_22.csv
2026-06-22,213174,Mickael Kaouk,1112,13,0.0,0.0,FRA,,atp_rankings_2026_06_22.csv
2026-06-22,211329,James Van Herzeele,1113,13,0.0,-2.0,THA,,atp_rankings_2026_06_22.csv
2026-06-22,211761,Valentin Basel,1114,13,1.0,24.0,ARG,22,atp_rankings_2026_06_22.csv
2026-06-22,212649,Seung Woo Cho,1115,13,0.0,-1.0,KOR,28,atp_rankings_2026_06_22.csv
2026-06-22,202081,Diogo Marques,1116,13,0.0,0.0,POR,26,atp_rankings_2026_06_22.csv
2026-06-22,212639,Yuto Oki,1117,13,0.0,-2.0,JPN,,atp_rankings_2026_06_22.csv
2026-06-22,211645,Christian Djonov,1118,13,-3.0,-66.0,GER,26,atp_rankings_2026_06_22.csv
2026-06-22,212295,Enzo Camargo Lima,1119,13,0.0,-2.0,BRA,22,atp_rankings_2026_06_22.csv
2026-06-22,210047,Lorenzo Lorusso,1120,13,0.0,-2.0,ITA,26,atp_rankings_2026_06_22.csv
2026-06-22,211676,Saveliy Ivanov,1121,13,0.0,-2.0,RUS,21,atp_rankings_2026_06_22.csv
2026-06-22,209917,Benito Sanchez Martinez,1122,12,0.0,-2.0,GER,24,atp_rankings_2026_06_22.csv
2026-06-22,210038,Matias Ponce De Leon Gomila,1123,12,-2.0,-48.0,ESP,23,atp_rankings_2026_06_22.csv
2026-06-22,209879,Luc Koenig,1124,12,0.0,-3.0,GBR,22,atp_rankings_2026_06_22.csv
2026-06-22,212542,Jerry Roddick,1125,12,1.0,20.0,USA,24,atp_rankings_2026_06_22.csv
2026-06-22,133835,Gijs Brouwer,1126,12,0.0,-4.0,NED,30,atp_rankings_2026_06_22.csv
2026-06-22,210002,Rohan Mehra,1127,12,0.0,-2.0,IND,24,atp_rankings_2026_06_22.csv
2026-06-22,211655,Julian  Alonso,1128,12,0.0,1.0,ESP,21,atp_rankings_2026_06_22.csv
2026-06-22,212892,Vlado Jankanj,1129,12,0.0,-5.0,SRB,,atp_rankings_2026_06_22.csv
2026-06-22,202090,Adrian Andreev,1130,12,0.0,0.0,BUL,25,atp_rankings_2026_06_22.csv
2026-06-22,104510,Stefan Seifert,1131,12,0.0,-3.0,GER,41,atp_rankings_2026_06_22.csv
2026-06-22,214206,Thiago Agustin Pernas,1132,12,0.0,-1.0,ARG,25,atp_rankings_2026_06_22.csv
2026-06-22,208467,Alexander Kotzen,1133,12,0.0,-1.0,USA,25,atp_rankings_2026_06_22.csv
2026-06-22,117352,Oliver Anderson,1134,12,0.0,1.0,AUS,28,atp_rankings_2026_06_22.csv
2026-06-22,210163,Elgin Khoeblal,1135,12,0.0,-1.0,NED,24,atp_rankings_2026_06_22.csv
2026-06-22,212260,Rocco Valente,1136,12,0.0,0.0,ARG,21,atp_rankings_2026_06_22.csv
2026-06-22,212134,Maxence Rivet,1137,12,4.0,134.0,FRA,22,atp_rankings_2026_06_22.csv
2026-06-22,136648,Jefferson Wendler Filho,1138,12,0.0,-1.0,BRA,30,atp_rankings_2026_06_22.csv
2026-06-22,210532,Giacomo Crisostomo,1139,12,1.0,26.0,ITA,22,atp_rankings_2026_06_22.csv
2026-06-22,213580,Leonardo Primucci,1140,12,1.0,26.0,ITA,,atp_rankings_2026_06_22.csv
2026-06-22,200024,Makoto Ochi,1141,12,0.0,-2.0,JPN,30,atp_rankings_2026_06_22.csv
2026-06-22,210535,Maxim Shin,1142,12,0.0,-2.0,UZB,23,atp_rankings_2026_06_22.csv
2026-06-22,211904,Maximilian Figl,1143,12,0.0,-1.0,ITA,22,atp_rankings_2026_06_22.csv
2026-06-22,208864,Leyton Rivera,1144,12,1.0,32.0,NOR,24,atp_rankings_2026_06_22.csv
2026-06-22,213771,Dominick Mosejczuk,1145,11,8.0,440.0,USA,19,atp_rankings_2026_06_22.csv
2026-06-22,213098,Hugo Car,1146,11,0.0,-2.0,FRA,23,atp_rankings_2026_06_22.csv
2026-06-22,209928,Kalin Ivanovski,1147,11,-4.0,-89.0,MKD,22,atp_rankings_2026_06_22.csv
2026-06-22,212857,Cooper Woestendick,1148,11,1.0,34.0,USA,19,atp_rankings_2026_06_22.csv
2026-06-22,210115,Yunseok Jang,1149,11,0.0,-3.0,KOR,23,atp_rankings_2026_06_22.csv
2026-06-22,212202,Alvin Nicholas Tudorica,1150,11,0.0,1.0,CAN,24,atp_rankings_2026_06_22.csv
2026-06-22,212110,Mathis Bondaz,1151,11,0.0,-2.0,FRA,,atp_rankings_2026_06_22.csv
2026-06-22,214123,Elijah Sanogo,1152,11,0.0,-2.0,FRA,17,atp_rankings_2026_06_22.csv
2026-06-22,207172,Connor Thomson,1153,11,0.0,-1.0,GBR,25,atp_rankings_2026_06_22.csv
2026-06-22,210705,Matt Hulme,1154,11,-1.0,-28.0,AUS,27,atp_rankings_2026_06_22.csv
2026-06-22,212481,Federico Aguilar Cardozo,1155,11,0.0,-2.0,URU,21,atp_rankings_2026_06_22.csv
2026-06-22,209887,Liam Gavrielides,1156,11,0.0,-2.0,GER,22,atp_rankings_2026_06_22.csv
2026-06-22,213935,Daniil Kakhniuk,1157,11,0.0,-2.0,BLR,,atp_rankings_2026_06_22.csv
2026-06-22,210722,Viktor Markov,1158,11,0.0,-2.0,BUL,21,atp_rankings_2026_06_22.csv
2026-06-22,209999,Leonardo Malgaroli,1159,11,0.0,-1.0,ITA,23,atp_rankings_2026_06_22.csv
2026-06-22,210436,Hayden Jones,1160,11,-1.0,-27.0,AUS,19,atp_rankings_2026_06_22.csv
2026-06-22,138104,Stefan Cooper,1161,11,0.0,-2.0,GBR,30,atp_rankings_2026_06_22.csv
2026-06-22,144744,Kazuki Nishiwaki,1162,11,0.0,-2.0,JPN,31,atp_rankings_2026_06_22.csv
2026-06-22,209314,Jan Kupcic,1163,11,0.0,-2.0,SLO,25,atp_rankings_2026_06_22.csv
2026-06-22,210605,Liam Branger,1164,11,0.0,-2.0,FRA,25,atp_rankings_2026_06_22.csv
2026-06-22,209516,Valentin Lapalu,1165,11,1.0,31.0,FRA,24,atp_rankings_2026_06_22.csv
2026-06-22,213772,Lorenzo Comino,1166,11,0.0,-3.0,ITA,20,atp_rankings_2026_06_22.csv
2026-06-22,149267,Andrea Colombo,1167,11,0.0,0.0,ITA,23,atp_rankings_2026_06_22.csv
2026-06-22,212726,Sungbeen Sim,1168,11,0.0,2.0,KOR,29,atp_rankings_2026_06_22.csv
2026-06-22,212871,Piet Luis Pinter,1169,11,0.0,-1.0,AUT,21,atp_rankings_2026_06_22.csv
2026-06-22,211390,Sergi Fita Juan,1170,11,0.0,1.0,ESP,,atp_rankings_2026_06_22.csv
2026-06-22,212210,Filippo Mazzola,1171,11,-1.0,-30.0,ITA,21,atp_rankings_2026_06_22.csv
2026-06-22,144937,Nicolas Parizzia,1172,11,0.0,0.0,SUI,27,atp_rankings_2026_06_22.csv
2026-06-22,211532,Nicolo Toffanin,1173,11,0.0,0.0,ITA,23,atp_rankings_2026_06_22.csv
2026-06-22,106132,Toby Martin,1174,11,0.0,0.0,GBR,33,atp_rankings_2026_06_22.csv
2026-06-22,105334,Luis David Martinez,1175,10,0.0,2.0,VEN,37,atp_rankings_2026_06_22.csv
2026-06-22,207996,Siddhant Banthia,1176,10,0.0,2.0,IND,25,atp_rankings_2026_06_22.csv
2026-06-22,209852,Zsombor Velcz,1176,10,0.0,2.0,HUN,23,atp_rankings_2026_06_22.csv
2026-06-22,213601,Pranav Karthik,1178,10,0.0,3.0,IND,,atp_rankings_2026_06_22.csv
2026-06-22,111569,Gage Brymer,1179,10,-1.0,-33.0,USA,31,atp_rankings_2026_06_22.csv
2026-06-22,214377,Tito Chavez,1179,10,0.0,3.0,ESP,18,atp_rankings_2026_06_22.csv
2026-06-22,126878,David Poljak,1181,10,0.0,4.0,CZE,30,atp_rankings_2026_06_22.csv
2026-06-22,149115,Adam Jilly,1182,10,-1.0,-34.0,HUN,19,atp_rankings_2026_06_22.csv
2026-06-22,212841,Lucas Marionneau,1183,10,2.0,70.0,FRA,19,atp_rankings_2026_06_22.csv
2026-06-22,210667,Edoardo Cherie Ligniere,1184,10,0.0,4.0,ITA,22,atp_rankings_2026_06_22.csv
2026-06-22,211635,Segundo Goity Zapico,1185,10,0.0,1.0,ARG,20,atp_rankings_2026_06_22.csv
2026-06-22,149128,Goncalo Marques,1186,10,0.0,1.0,POR,20,atp_rankings_2026_06_22.csv
2026-06-22,210570,Kevin Edengren,1187,10,-1.0,-30.0,SWE,20,atp_rankings_2026_06_22.csv
2026-06-22,212820,Martin Sabas,1188,10,0.0,1.0,FRA,24,atp_rankings_2026_06_22.csv
2026-06-22,212530,Mikael Arseneault,1189,10,0.0,1.0,CAN,19,atp_rankings_2026_06_22.csv
2026-06-22,210166,Mika Lipp,1190,10,0.0,1.0,GER,22,atp_rankings_2026_06_22.csv
2026-06-22,110751,Sebastian Fanselow,1191,10,0.0,1.0,GER,34,atp_rankings_2026_06_22.csv
2026-06-22,208249,Gian Marco Ortenzi,1192,10,2.0,72.0,ITA,26,atp_rankings_2026_06_22.csv
2026-06-22,126185,Evgenii Tiurnev,1193,10,0.0,0.0,RUS,29,atp_rankings_2026_06_22.csv
2026-06-22,210740,Liam Krall,1194,10,0.0,0.0,USA,24,atp_rankings_2026_06_22.csv
2026-06-22,211574,Ethan Cook,1195,10,0.0,0.0,AUS,23,atp_rankings_2026_06_22.csv
2026-06-22,210514,Edison Ambarzumjan,1196,10,0.0,1.0,GER,29,atp_rankings_2026_06_22.csv
2026-06-22,213198,Kacper Knitter,1196,10,0.0,2.0,POL,18,atp_rankings_2026_06_22.csv
2026-06-22,207864,Noel Larwig,1198,10,-1.0,-34.0,GER,24,atp_rankings_2026_06_22.csv
2026-06-22,210183,Marcel Kamrowski,1199,10,1.0,34.0,POL,23,atp_rankings_2026_06_22.csv
2026-06-22,213701,Tobia Costanzo Baragiola Mordini,1200,10,0.0,-2.0,ITA,,atp_rankings_2026_06_22.csv
2026-06-22,208185,Michael Gloeckler,1201,10,0.0,0.0,AUT,27,atp_rankings_2026_06_22.csv
2026-06-22,145008,Hugo Pierre,1202,10,-1.0,-33.0,FRA,30,atp_rankings_2026_06_22.csv
2026-06-22,213848,Nicholas Roberts,1203,10,0.0,0.0,FRA,19,atp_rankings_2026_06_22.csv
2026-06-22,212935,Ferdinand Livet Novkirichka,1204,10,0.0,0.0,FRA,,atp_rankings_2026_06_22.csv
2026-06-22,208186,Preston Brown,1205,10,-1.0,-30.0,USA,24,atp_rankings_2026_06_22.csv
2026-06-22,208370,Keenan Mayo,1206,9,0.0,0.0,USA,26,atp_rankings_2026_06_22.csv
2026-06-22,210613,Derek Pham,1206,9,0.0,0.0,AUS,22,atp_rankings_2026_06_22.csv
2026-06-22,149277,Andrea Meduri,1208,9,0.0,0.0,ITA,21,atp_rankings_2026_06_22.csv
2026-06-22,210645,Ofek Shimanov,1208,9,0.0,0.0,ISR,20,atp_rankings_2026_06_22.csv
2026-06-22,212880,Ilyas Milad Fahim,1210,9,0.0,0.0,MAR,20,atp_rankings_2026_06_22.csv
2026-06-22,213956,Andrej Loncarevic,1211,9,0.0,0.0,FRA,20,atp_rankings_2026_06_22.csv
2026-06-22,106262,Boris Arias,1212,9,0.0,0.0,BOL,32,atp_rankings_2026_06_22.csv
2026-06-22,209910,Szymon Kielan,1213,9,0.0,0.0,POL,23,atp_rankings_2026_06_22.csv
2026-06-22,200456,Martin Borisiouk,1214,9,0.0,0.0,BLR,25,atp_rankings_2026_06_22.csv
2026-06-22,106348,Evgeny Karlovskiy,1215,9,0.0,0.0,RUS,31,atp_rankings_2026_06_22.csv
2026-06-22,212930,Mario Martinez Serrano,1215,9,-3.0,-92.0,ESP,22,atp_rankings_2026_06_22.csv
2026-06-22,144707,Mikael Ymer,1217,9,-16.0,-315.0,SWE,27,atp_rankings_2026_06_22.csv
2026-06-22,209060,Alexander Bernard,1218,9,0.0,-2.0,USA,22,atp_rankings_2026_06_22.csv
2026-06-22,213802,Mustafa Ege Sik,1218,9,0.0,-2.0,TUR,16,atp_rankings_2026_06_22.csv
2026-06-22,210274,Sebastian Dominko,1220,9,0.0,-1.0,SLO,23,atp_rankings_2026_06_22.csv
2026-06-22,211790,Rudy Quan,1220,9,0.0,-1.0,USA,20,atp_rankings_2026_06_22.csv
2026-06-22,211670,Marko Mesarovic,1222,9,0.0,-1.0,USA,,atp_rankings_2026_06_22.csv
2026-06-22,131910,Lucas Bouquet,1223,9,-9.0,-214.0,FRA,28,atp_rankings_2026_06_22.csv
2026-06-22,212647,Jaesung Choe,1224,9,0.0,-2.0,KOR,26,atp_rankings_2026_06_22.csv
2026-06-22,212250,James Connel,1225,9,0.0,-2.0,GBR,23,atp_rankings_2026_06_22.csv
2026-06-22,213889,Arjun Rathi,1226,9,0.0,-2.0,IND,,atp_rankings_2026_06_22.csv
2026-06-22,207452,Matthew Thomson,1227,9,0.0,-1.0,USA,26,atp_rankings_2026_06_22.csv
2026-06-22,213648,Udit Kamboj,1228,9,0.0,-3.0,IND,,atp_rankings_2026_06_22.csv
2026-06-22,133291,Ryota Tanuma,1229,9,0.0,-2.0,JPN,30,atp_rankings_2026_06_22.csv
2026-06-22,210198,George Lazarov,1230,9,0.0,-1.0,BUL,21,atp_rankings_2026_06_22.csv
2026-06-22,200036,Abhinav Sanjeev Shanmugam,1230,9,0.0,-1.0,IND,27,atp_rankings_2026_06_22.csv
2026-06-22,211505,Denis Constantin Spiridon,1232,9,0.0,-1.0,ITA,23,atp_rankings_2026_06_22.csv
2026-06-22,207183,Ishaque Eqbal,1233,9,0.0,-1.0,IND,28,atp_rankings_2026_06_22.csv
2026-06-22,210185,Alen Mujakic,1234,9,1.0,34.0,GER,22,atp_rankings_2026_06_22.csv
2026-06-22,202106,Juan Bautista Otegui,1235,9,-1.0,-35.0,ARG,27,atp_rankings_2026_06_22.csv
2026-06-22,211480,Aleksander Chayka,1236,9,0.0,-1.0,RUS,21,atp_rankings_2026_06_22.csv
2026-06-22,207236,Taketo Takamisawa,1237,9,-1.0,-35.0,JPN,28,atp_rankings_2026_06_22.csv
2026-06-22,208866,Leonid Sheyngezikht,1238,9,0.0,-2.0,BUL,25,atp_rankings_2026_06_22.csv
2026-06-22,213717,Sebastiano Cocola,1239,9,1.0,35.0,ITA,,atp_rankings_2026_06_22.csv
2026-06-22,211388,Felipe De Dios,1239,9,0.0,1.0,ARG,22,atp_rankings_2026_06_22.csv
2026-06-22,212770,Timeo Trufelli,1241,9,0.0,-4.0,FRA,18,atp_rankings_2026_06_22.csv
2026-06-22,111197,Jonathan Mridha,1242,9,1.0,38.0,SWE,31,atp_rankings_2026_06_22.csv
2026-06-22,211662,Gabriel Schenekenberg,1242,9,0.0,-3.0,BRA,21,atp_rankings_2026_06_22.csv
2026-06-22,210754,Jan Hrazdil,1244,9,0.0,-3.0,CZE,21,atp_rankings_2026_06_22.csv
2026-06-22,213361,Ivan Gretskiy,1245,9,0.0,-2.0,RUS,20,atp_rankings_2026_06_22.csv
2026-06-22,210745,Matthias Ujvary,1246,9,0.0,-2.0,AUT,21,atp_rankings_2026_06_22.csv
2026-06-22,144672,Duarte Vale,1247,8,0.0,-2.0,POR,27,atp_rankings_2026_06_22.csv
2026-06-22,208871,Takeru Yuzuki,1248,8,0.0,-1.0,JPN,27,atp_rankings_2026_06_22.csv
2026-06-22,212300,Sasha Rozin,1249,8,1.0,44.0,CAN,20,atp_rankings_2026_06_22.csv
2026-06-22,210728,Youssef Kadiri Hassani,1250,8,0.0,-2.0,MAR,22,atp_rankings_2026_06_22.csv
2026-06-22,212284,Pengyu Lu,1251,8,0.0,-1.0,CHN,24,atp_rankings_2026_06_22.csv
2026-06-22,202247,Simon Beaupain,1252,8,0.0,-1.0,BEL,27,atp_rankings_2026_06_22.csv
2026-06-22,212075,Rodrigo Fernandes,1253,8,0.0,-4.0,POR,19,atp_rankings_2026_06_22.csv
2026-06-22,213836,Gavin Goode,1254,8,0.0,-2.0,USA,,atp_rankings_2026_06_22.csv
2026-06-22,109734,Skander Mansouri,1255,8,0.0,-2.0,TUN,30,atp_rankings_2026_06_22.csv
2026-06-22,212769,Leo Lagarrigue,1256,8,0.0,-1.0,FRA,19,atp_rankings_2026_06_22.csv
2026-06-22,212604,Diego Jarry Fillol,1257,8,0.0,-1.0,USA,23,atp_rankings_2026_06_22.csv
2026-06-22,149272,Tudor Batin,1258,8,0.0,-1.0,ROU,19,atp_rankings_2026_06_22.csv
2026-06-22,210458,Bernardo Munk Mesa,1259,8,1.0,50.0,ESP,20,atp_rankings_2026_06_22.csv
2026-06-22,214112,Remy Dugardin,1260,8,0.0,-2.0,FRA,,atp_rankings_2026_06_22.csv
2026-06-22,212499,Vardan Manukyan,1261,8,1.0,49.0,RUS,21,atp_rankings_2026_06_22.csv
2026-06-22,208840,Daniel Bagnolini,1262,8,0.0,-3.0,ITA,23,atp_rankings_2026_06_22.csv
2026-06-22,213766,Enrique Carrascosa Diaz,1263,8,1.0,49.0,ESP,,atp_rankings_2026_06_22.csv
2026-06-22,208892,Mohamed Ali Abibsi,1264,8,1.0,51.0,ALG,23,atp_rankings_2026_06_22.csv
2026-06-22,200419,Jonas Eriksson Ziverts,1265,8,0.0,-5.0,SWE,27,atp_rankings_2026_06_22.csv
2026-06-22,210055,Noah Lopez,1266,8,0.0,-3.0,SUI,24,atp_rankings_2026_06_22.csv
2026-06-22,213916,Ashton Mcleod,1267,8,-1.0,-39.0,AUS,18,atp_rankings_2026_06_22.csv
2026-06-22,213653,Benjamin Willwerth,1268,8,0.0,-7.0,USA,,atp_rankings_2026_06_22.csv
2026-06-22,212606,Leonardo Borrelli,1269,8,0.0,-5.0,ITA,21,atp_rankings_2026_06_22.csv
2026-06-22,144788,Louis Tessa,1270,8,0.0,-4.0,FRA,28,atp_rankings_2026_06_22.csv
2026-06-22,212934,Antoni Fabre,1271,8,0.0,-4.0,FRA,,atp_rankings_2026_06_22.csv
2026-06-22,202293,Charles Bertimon,1272,8,-1.0,-38.0,FRA,26,atp_rankings_2026_06_22.csv
2026-06-22,149152,Aaron Gil Garcia,1273,8,0.0,-2.0,LUX,22,atp_rankings_2026_06_22.csv
2026-06-22,132054,Nathan Ponwith,1273,8,0.0,-2.0,USA,28,atp_rankings_2026_06_22.csv
2026-06-22,209392,Reece Falck,1275,8,-1.0,-37.0,NZL,24,atp_rankings_2026_06_22.csv
2026-06-22,213131,Luke Hooper,1276,8,0.0,3.0,GBR,,atp_rankings_2026_06_22.csv
2026-06-22,210192,Lucca Pinto,1277,8,0.0,-1.0,BRA,23,atp_rankings_2026_06_22.csv
2026-06-22,212589,Luka Talan Lopatic,1277,8,1.0,62.0,SLO,18,atp_rankings_2026_06_22.csv
2026-06-22,212536,James Beaven,1279,8,0.0,-3.0,GBR,21,atp_rankings_2026_06_22.csv
2026-06-22,200220,Ezekiel Clark,1279,8,0.0,2.0,USA,27,atp_rankings_2026_06_22.csv
2026-06-22,200197,Boris Butulija,1281,8,1.0,62.0,SRB,27,atp_rankings_2026_06_22.csv
2026-06-22,209118,Niklas Waldner,1282,8,-1.0,-40.0,AUT,24,atp_rankings_2026_06_22.csv
2026-06-22,212199,Tymur Bieldiugin,1283,8,0.0,-2.0,UKR,20,atp_rankings_2026_06_22.csv
2026-06-22,144730,Tomohiro Masabayashi,1284,8,0.0,-1.0,JPN,28,atp_rankings_2026_06_22.csv
2026-06-22,208164,Yassine Smiej,1285,8,0.0,-1.0,MAR,26,atp_rankings_2026_06_22.csv
2026-06-22,208581,Noah Thurner,1286,8,0.0,0.0,GER,26,atp_rankings_2026_06_22.csv
2026-06-22,214433,Tanishk Konduri,1287,7,0.0,0.0,USA,17,atp_rankings_2026_06_22.csv
2026-06-22,106234,Aslan Karatsev,1288,7,0.0,0.0,RUS,32,atp_rankings_2026_06_22.csv
2026-06-22,208603,Cleeve Harper,1289,7,0.0,1.0,CAN,25,atp_rankings_2026_06_22.csv
2026-06-22,207507,Stefan Latinovic,1290,7,0.0,1.0,SRB,26,atp_rankings_2026_06_22.csv
2026-06-22,106296,Gregoire Barrere,1291,7,0.0,1.0,FRA,32,atp_rankings_2026_06_22.csv
2026-06-22,210475,Preston Stearns,1292,7,0.0,5.0,USA,22,atp_rankings_2026_06_22.csv
2026-06-22,212992,Niels Ratiu,1293,7,0.0,1.0,BEL,20,atp_rankings_2026_06_22.csv
2026-06-22,213654,Noah Johnston,1294,7,0.0,1.0,USA,,atp_rankings_2026_06_22.csv
2026-06-22,144081,Alex Chang,1295,7,0.0,1.0,USA,40,atp_rankings_2026_06_22.csv
2026-06-22,210486,Nicholas Godsick,1296,7,0.0,3.0,USA,21,atp_rankings_2026_06_22.csv
2026-06-22,213060,Adam Lynch,1297,7,0.0,1.0,USA,,atp_rankings_2026_06_22.csv
2026-06-22,200331,Leonardo Aboian,1298,7,0.0,2.0,ARG,28,atp_rankings_2026_06_22.csv
2026-06-22,105985,Darian King,1299,7,0.0,2.0,BAR,34,atp_rankings_2026_06_22.csv
2026-06-22,210473,Fnu Nidunjianzan,1299,7,0.0,2.0,CHN,22,atp_rankings_2026_06_22.csv
2026-06-22,208190,Davide Tortora,1301,7,0.0,3.0,ITA,25,atp_rankings_2026_06_22.csv
2026-06-22,106232,Roberto Cid,1302,7,-25.0,-473.0,DOM,32,atp_rankings_2026_06_22.csv
2026-06-22,207233,Nemanja Malesevic,1303,7,0.0,5.0,BIH,24,atp_rankings_2026_06_22.csv
2026-06-22,130493,Tiago Silva,1303,7,0.0,2.0,POR,21,atp_rankings_2026_06_22.csv
2026-06-22,214038,Laurence Teunissen,1303,7,2.0,122.0,NED,,atp_rankings_2026_06_22.csv
2026-06-22,212885,Cezar Gabriel Papoe,1306,7,1.0,61.0,ROU,18,atp_rankings_2026_06_22.csv
2026-06-22,211610,Andreas Timini,1306,7,0.0,0.0,CYP,19,atp_rankings_2026_06_22.csv
2026-06-22,214126,Matteo Sciahbasi,1308,7,2.0,125.0,ITA,19,atp_rankings_2026_06_22.csv
2026-06-22,209955,Mikail Alimli,1309,7,0.0,10.0,FRA,22,atp_rankings_2026_06_22.csv
2026-06-22,213175,Lucca Liu,1309,7,0.0,2.0,USA,22,atp_rankings_2026_06_22.csv
2026-06-22,211366,Vuk Radjenovic,1309,7,0.0,10.0,SRB,21,atp_rankings_2026_06_22.csv
2026-06-22,207831,Ignacio Antonio Becerra Otarola,1312,7,0.0,0.0,CHI,25,atp_rankings_2026_06_22.csv
2026-06-22,213829,Mac Visser,1312,7,0.0,0.0,NED,21,atp_rankings_2026_06_22.csv
2026-06-22,106175,Ricardo Rodriguez,1314,7,-1.0,-53.0,VEN,33,atp_rankings_2026_06_22.csv
2026-06-22,210742,Phillip Jordan,1315,7,0.0,9.0,USA,25,atp_rankings_2026_06_22.csv
2026-06-22,213557,Alessandro Battiston,1316,7,0.0,1.0,ITA,,atp_rankings_2026_06_22.csv
2026-06-22,214246,Nikolas Stoot,1317,7,0.0,4.0,USA,18,atp_rankings_2026_06_22.csv
2026-06-22,104986,Vishnu Vardhan,1317,7,0.0,4.0,IND,38,atp_rankings_2026_06_22.csv
2026-06-22,213619,Oskari Paldanius,1319,7,0.0,-3.0,FIN,,atp_rankings_2026_06_22.csv
2026-06-22,208365,Amador Salazar,1320,7,0.0,5.0,CHI,25,atp_rankings_2026_06_22.csv
2026-06-22,132018,Drew Van Orderlain,1320,7,0.0,5.0,USA,31,atp_rankings_2026_06_22.csv
2026-06-22,211387,Jonas Pelle Hartenstein,1322,7,0.0,6.0,GER,24,atp_rankings_2026_06_22.csv
2026-06-22,213138,Alexander Wagner,1323,7,0.0,2.0,AUT,19,atp_rankings_2026_06_22.csv
2026-06-22,211450,Alessio Basile,1324,7,0.0,8.0,BEL,21,atp_rankings_2026_06_22.csv
2026-06-22,209973,Edouard Villoslada,1324,7,-1.0,-55.0,FRA,26,atp_rankings_2026_06_22.csv
2026-06-22,133224,Francesco Ferrari,1326,7,0.0,6.0,ITA,29,atp_rankings_2026_06_22.csv
2026-06-22,212786,Victor Braga,1327,7,0.0,2.0,BRA,21,atp_rankings_2026_06_22.csv
2026-06-22,210003,Chirag Duhan,1328,7,0.0,2.0,IND,22,atp_rankings_2026_06_22.csv
2026-06-22,213026,Amine Jamji,1328,7,0.0,2.0,MAR,,atp_rankings_2026_06_22.csv
2026-06-22,213882,Gray Voelzke,1330,7,0.0,6.0,USA,23,atp_rankings_2026_06_22.csv
2026-06-22,213536,Sergio Planella Hernandez,1331,7,0.0,6.0,ESP,,atp_rankings_2026_06_22.csv
2026-06-22,212106,Noah Lopez Cherubino,1332,7,0.0,3.0,ESP,,atp_rankings_2026_06_22.csv
2026-06-22,213800,Ty Host,1333,7,0.0,5.0,AUS,19,atp_rankings_2026_06_22.csv
2026-06-22,211667,Matteo Fondriest,1334,7,-1.0,-58.0,ITA,21,atp_rankings_2026_06_22.csv
2026-06-22,212624,Nikola Jovic,1335,7,0.0,6.0,SRB,19,atp_rankings_2026_06_22.csv
2026-06-22,212263,Xing Dao Chen,1336,7,0.0,8.0,CHN,22,atp_rankings_2026_06_22.csv
2026-06-22,213585,Roman Kharlamov,1337,7,0.0,4.0,RUS,,atp_rankings_2026_06_22.csv
2026-06-22,200234,Joshua Peck,1338,7,0.0,7.0,CAN,27,atp_rankings_2026_06_22.csv
2026-06-22,209977,Matas Vasiliauskas,1339,7,0.0,7.0,LTU,24,atp_rankings_2026_06_22.csv
2026-06-22,134310,Alexey Aleshchev,1340,7,0.0,7.0,RUS,27,atp_rankings_2026_06_22.csv
2026-06-22,210455,Noah Perfetti,1340,7,-1.0,-56.0,ITA,25,atp_rankings_2026_06_22.csv
2026-06-22,213119,Landon Ardila,1342,6,0.0,6.0,USA,,atp_rankings_2026_06_22.csv
2026-06-22,214425,Yannik Alvarez,1343,6,0.0,6.0,PUR,17,atp_rankings_2026_06_22.csv
2026-06-22,131951,Daniel Cukierman,1343,6,0.0,6.0,ISR,30,atp_rankings_2026_06_22.csv
2026-06-22,106368,Ramkumar Ramanathan,1343,6,0.0,6.0,IND,31,atp_rankings_2026_06_22.csv
2026-06-22,105156,Federico Zeballos,1343,6,0.0,9.0,BOL,38,atp_rankings_2026_06_22.csv
2026-06-22,211609,Max Dahlin,1347,6,0.0,5.0,SWE,20,atp_rankings_2026_06_22.csv
2026-06-22,144848,Sergio Luis Hernandez Ramirez,1347,6,0.0,5.0,COL,26,atp_rankings_2026_06_22.csv
2026-06-22,210037,Mehdi Benchakroun,1349,6,0.0,6.0,MAR,22,atp_rankings_2026_06_22.csv
2026-06-22,144874,Ryan James Storrie,1350,6,0.0,6.0,GBR,28,atp_rankings_2026_06_22.csv
2026-06-22,212153,Filip Gustafsson,1351,6,0.0,7.0,SWE,21,atp_rankings_2026_06_22.csv
2026-06-22,200681,Adil Kalyanpur,1352,6,0.0,7.0,IND,26,atp_rankings_2026_06_22.csv
2026-06-22,210746,Paul Barbier Gazeu,1353,6,2.0,140.0,FRA,21,atp_rankings_2026_06_22.csv
2026-06-22,213839,Santiago Giamichelle,1354,6,0.0,6.0,ARG,22,atp_rankings_2026_06_22.csv
2026-06-22,209932,Michal Novansky,1354,6,0.0,6.0,SVK,23,atp_rankings_2026_06_22.csv
2026-06-22,212912,Mathys Domenc,1356,6,0.0,6.0,FRA,16,atp_rankings_2026_06_22.csv
2026-06-22,212066,Artem Alekseychuk,1357,6,1.0,51.0,RUS,,atp_rankings_2026_06_22.csv
2026-06-22,210697,Harold Huens,1357,6,0.0,6.0,BEL,24,atp_rankings_2026_06_22.csv
2026-06-22,213632,Glib Sekachov,1359,6,0.0,8.0,UKR,,atp_rankings_2026_06_22.csv
2026-06-22,200105,Frazier Rengifo,1360,6,0.0,4.0,COL,27,atp_rankings_2026_06_22.csv
2026-06-22,212894,Patrik Munkhammar,1361,6,0.0,4.0,SWE,18,atp_rankings_2026_06_22.csv
2026-06-22,210364,Mateo Castañeda,1362,6,0.0,8.0,COL,20,atp_rankings_2026_06_22.csv
2026-06-22,212896,Melvin Kumar,1363,6,-1.0,-56.0,SWE,20,atp_rankings_2026_06_22.csv
2026-06-22,209416,Juan Carlos Aguilar,1364,6,-12.0,-356.0,CAN,27,atp_rankings_2026_06_22.csv
2026-06-22,214266,Stefan Ilie Bogdan Petre,1365,6,0.0,0.0,ROU,18,atp_rankings_2026_06_22.csv
2026-06-22,212937,Achilles Belkovics,1366,6,0.0,1.0,HUN,,atp_rankings_2026_06_22.csv
2026-06-22,214202,Gus Grumet,1366,6,2.0,156.0,USA,18,atp_rankings_2026_06_22.csv
2026-06-22,212683,Theo Herrmann,1366,6,0.0,4.0,FRA,21,atp_rankings_2026_06_22.csv
2026-06-22,202190,Gregor Ramskogler,1369,6,0.0,3.0,AUT,27,atp_rankings_2026_06_22.csv
2026-06-22,213215,Bill Chan,1370,6,0.0,3.0,SGP,,atp_rankings_2026_06_22.csv
2026-06-22,212069,Kabir Hans,1371,6,0.0,3.0,IND,24,atp_rankings_2026_06_22.csv
2026-06-22,213992,Lev Seidman,1371,6,0.0,3.0,USA,18,atp_rankings_2026_06_22.csv
2026-06-22,202192,Kuzey Cekirge,1373,6,-1.0,-56.0,TUR,26,atp_rankings_2026_06_22.csv
2026-06-22,149266,Fadi Bidan,1374,6,1.0,73.0,LBN,20,atp_rankings_2026_06_22.csv
2026-06-22,213092,Jonas Kucera,1374,6,0.0,2.0,CZE,19,atp_rankings_2026_06_22.csv
2026-06-22,210155,Jasza Szajrych,1374,6,-1.0,-53.0,POL,24,atp_rankings_2026_06_22.csv
2026-06-22,208835,Rafael Giotis,1377,6,0.0,2.0,GER,25,atp_rankings_2026_06_22.csv
2026-06-22,209979,Madhwin Kamath,1378,6,0.0,-1.0,IND,24,atp_rankings_2026_06_22.csv
2026-06-22,212471,Minghui Zhang,1379,6,0.0,-1.0,CHN,21,atp_rankings_2026_06_22.csv
2026-06-22,212130,Mariano Tammaro,1380,6,0.0,0.0,ITA,22,atp_rankings_2026_06_22.csv
2026-06-22,213004,Arthur Bellegy,1381,6,0.0,-1.0,FRA,,atp_rankings_2026_06_22.csv
2026-06-22,206669,Hugo Maia,1381,6,0.0,-1.0,POR,25,atp_rankings_2026_06_22.csv
2026-06-22,210732,Miha Vetrih,1383,6,0.0,1.0,SLO,23,atp_rankings_2026_06_22.csv
2026-06-22,207408,Niklas Guttau,1384,6,1.0,67.0,GER,26,atp_rankings_2026_06_22.csv
2026-06-22,213898,Richard Antoni,1385,6,0.0,-5.0,GER,,atp_rankings_2026_06_22.csv
2026-06-22,213765,Weiwen Pan,1386,6,0.0,-1.0,CHN,20,atp_rankings_2026_06_22.csv
2026-06-22,211495,Andrin Casanova,1387,6,0.0,0.0,SUI,21,atp_rankings_2026_06_22.csv
2026-06-22,105060,Aldin Setkic,1387,6,-1.0,-53.0,BIH,38,atp_rankings_2026_06_22.csv
2026-06-22,202314,Parth Aggarwal,1389,6,0.0,-1.0,IND,28,atp_rankings_2026_06_22.csv
2026-06-22,211516,Lorenzo Beraldo,1390,6,1.0,74.0,ITA,19,atp_rankings_2026_06_22.csv
2026-06-22,211364,Mihai Alexandru Coman,1390,6,0.0,2.0,ROU,21,atp_rankings_2026_06_22.csv
2026-06-22,210735,Radovan Michalik,1392,6,0.0,-3.0,SVK,23,atp_rankings_2026_06_22.csv
2026-06-22,213614,Dmitry Bessonov,1393,6,0.0,-2.0,RUS,,atp_rankings_2026_06_22.csv
2026-06-22,213201,Valentino Grippo,1393,6,1.0,72.0,ARG,,atp_rankings_2026_06_22.csv
2026-06-22,206646,Louis Van Herck,1393,6,0.0,0.0,LUX,26,atp_rankings_2026_06_22.csv
2026-06-22,149162,Xiaoyin Yang,1396,6,0.0,-6.0,CHN,21,atp_rankings_2026_06_22.csv
2026-06-22,213064,Samuele Seghetti,1397,6,-2.0,-122.0,ITA,19,atp_rankings_2026_06_22.csv
2026-06-22,212465,Charles Chen,1398,6,0.0,-3.0,CHN,18,atp_rankings_2026_06_22.csv
2026-06-22,210352,Santiago  Lora,1399,5,0.0,-3.0,BOL,18,atp_rankings_2026_06_22.csv
2026-06-22,126609,Patrik Niklas Salminen,1400,5,0.0,-3.0,FIN,29,atp_rankings_2026_06_22.csv
2026-06-22,209855,James Hopper,1401,5,0.0,-3.0,GBR,24,atp_rankings_2026_06_22.csv
2026-06-22,210438,Jeremy Jin,1401,5,0.0,-3.0,AUS,21,atp_rankings_2026_06_22.csv
2026-06-22,207836,Muzammil Murtaza,1403,5,0.0,-5.0,PAK,26,atp_rankings_2026_06_22.csv
2026-06-22,211740,Jeremy Zhang,1403,5,0.0,-1.0,AUS,20,atp_rankings_2026_06_22.csv
2026-06-22,211551,Asahi Harazaki,1405,5,0.0,-2.0,JPN,,atp_rankings_2026_06_22.csv
2026-06-22,109318,Pawel Cias,1405,5,0.0,-2.0,POL,32,atp_rankings_2026_06_22.csv
2026-06-22,213957,Daniel Phillips,1407,5,0.0,-6.0,BER,21,atp_rankings_2026_06_22.csv
2026-06-22,212854,Felipe Virgili Berini,1407,5,0.0,-1.0,ITA,21,atp_rankings_2026_06_22.csv
2026-06-22,210444,Charlelie Cosnet,1409,5,0.0,3.0,FRA,23,atp_rankings_2026_06_22.csv
2026-06-22,211386,Alessio Vasquez Gehrke,1409,5,0.0,-2.0,GER,23,atp_rankings_2026_06_22.csv
2026-06-22,213120,Lorenzo Berto,1411,5,0.0,-1.0,ITA,19,atp_rankings_2026_06_22.csv
2026-06-22,210474,Alexander Frusina,1412,5,0.0,-9.0,USA,20,atp_rankings_2026_06_22.csv
2026-06-22,210170,Noah Schlagenhauf,1412,5,3.0,374.0,GER,23,atp_rankings_2026_06_22.csv
2026-06-22,213818,William Mirarchi,1414,5,0.0,-3.0,ITA,19,atp_rankings_2026_06_22.csv
2026-06-22,207230,Damien Salvestre,1415,5,0.0,-3.0,FRA,24,atp_rankings_2026_06_22.csv
2026-06-22,212863,Benjamin Chelia,1416,5,0.0,-2.0,ARG,18,atp_rankings_2026_06_22.csv
2026-06-22,214192,Ymerali Ibraimi,1416,5,0.0,-2.0,AUS,17,atp_rankings_2026_06_22.csv
2026-06-22,207439,Dax Donders,1418,5,0.0,-2.0,NED,25,atp_rankings_2026_06_22.csv
2026-06-22,213783,Oswaldo Alejandro Reyes Tirado,1418,5,0.0,-2.0,MEX,18,atp_rankings_2026_06_22.csv
2026-06-22,202128,Louis Dussin,1420,5,0.0,0.0,FRA,26,atp_rankings_2026_06_22.csv
2026-06-22,210631,Linus Lagerbohm,1421,5,2.0,203.0,FIN,18,atp_rankings_2026_06_22.csv
2026-06-22,200474,Ivan Denisov,1422,5,0.0,-1.0,RUS,26,atp_rankings_2026_06_22.csv
2026-06-22,212617,Shu Muto,1422,5,0.0,6.0,JPN,,atp_rankings_2026_06_22.csv
2026-06-22,213023,Filippo Francesco Garbero,1424,5,0.0,-8.0,ITA,,atp_rankings_2026_06_22.csv
2026-06-22,105590,Uladzimir Ignatik,1424,5,0.0,0.0,BLR,35,atp_rankings_2026_06_22.csv
2026-06-22,133197,Joao Silva,1426,5,0.0,-1.0,POR,19,atp_rankings_2026_06_22.csv
2026-06-22,208052,Matthew Segura,1427,5,0.0,0.0,USA,25,atp_rankings_2026_06_22.csv
2026-06-22,208197,Ammar Elamin,1428,5,2.0,218.0,IRL,24,atp_rankings_2026_06_22.csv
2026-06-22,210348,Jarno Jans,1428,5,0.0,0.0,NED,26,atp_rankings_2026_06_22.csv
2026-06-22,213785,Toshiki Karigyo,1428,5,0.0,0.0,JPN,24,atp_rankings_2026_06_22.csv
2026-06-22,210229,Aleksa Pisaric,1428,5,0.0,9.0,SRB,20,atp_rankings_2026_06_22.csv
2026-06-22,207248,Naoki Tajima,1428,5,0.0,-7.0,JPN,25,atp_rankings_2026_06_22.csv
2026-06-22,212632,Peter Alam,1433,5,0.0,-1.0,GBR,24,atp_rankings_2026_06_22.csv
2026-06-22,214341,Oscar Brown,1433,5,1.0,84.0,GBR,24,atp_rankings_2026_06_22.csv
2026-06-22,212752,Filippo Alberti,1435,5,0.0,-2.0,ITA,22,atp_rankings_2026_06_22.csv
2026-06-22,210733,Arthur Bonnaud,1435,5,0.0,-2.0,FRA,29,atp_rankings_2026_06_22.csv
2026-06-22,210140,Ioan Alexandru Chirita,1435,5,0.0,8.0,ROU,23,atp_rankings_2026_06_22.csv
2026-06-22,212840,Thomas Gerbaud,1435,5,0.0,8.0,FRA,21,atp_rankings_2026_06_22.csv
2026-06-22,213815,Sergey Petrov,1439,5,0.0,-3.0,RUS,,atp_rankings_2026_06_22.csv
2026-06-22,207772,Yuttana Charoenphon,1440,5,0.0,-3.0,THA,25,atp_rankings_2026_06_22.csv
2026-06-22,106245,Rodolfo Jauregui Sainz De Rozas,1440,5,0.0,-3.0,MEX,32,atp_rankings_2026_06_22.csv
2026-06-22,213151,Flynn Thomas,1440,5,0.0,-3.0,SUI,,atp_rankings_2026_06_22.csv
2026-06-22,212545,Henry Lieberman,1443,5,0.0,-2.0,USA,26,atp_rankings_2026_06_22.csv
2026-06-22,212078,Riku Takahata,1443,5,1.0,83.0,JPN,24,atp_rankings_2026_06_22.csv
2026-06-22,213801,Jake Dembo,1445,5,0.0,0.0,AUS,,atp_rankings_2026_06_22.csv
2026-06-22,213721,Pierre Antoine Faut,1445,5,0.0,0.0,FRA,,atp_rankings_2026_06_22.csv
2026-06-22,213600,Dillon Beckles,1447,5,0.0,0.0,USA,,atp_rankings_2026_06_22.csv
2026-06-22,213218,Elias Julian Werner,1448,5,0.0,-7.0,GER,,atp_rankings_2026_06_22.csv
2026-06-22,149134,Matei Florin Breazu,1449,5,1.0,89.0,ROU,18,atp_rankings_2026_06_22.csv
2026-06-22,210595,Jiri Cizek,1449,5,0.0,2.0,CZE,20,atp_rankings_2026_06_22.csv
2026-06-22,213628,Volodymyr Gurenko,1449,5,0.0,-2.0,CAN,,atp_rankings_2026_06_22.csv
2026-06-22,207209,Raghav Jaisinghani,1449,5,0.0,2.0,IND,28,atp_rankings_2026_06_22.csv
2026-06-22,210284,Pijus Vaitiekunas,1449,5,0.0,2.0,LTU,23,atp_rankings_2026_06_22.csv
2026-06-22,200310,Alexander Zgirovsky,1449,5,0.0,-2.0,BLR,24,atp_rankings_2026_06_22.csv
2026-06-22,208381,Nicolas Esteban Rico Arias,1455,5,1.0,87.0,COL,25,atp_rankings_2026_06_22.csv
2026-06-22,211690,Toprak Avcibasi,1456,5,0.0,0.0,TUR,22,atp_rankings_2026_06_22.csv
2026-06-22,212919,Ivan Biletic,1457,5,3.0,427.0,BIH,19,atp_rankings_2026_06_22.csv
2026-06-22,213121,Lars Goran Verwerft,1458,5,0.0,-1.0,BEL,23,atp_rankings_2026_06_22.csv
2026-06-22,213393,Breno Braga,1459,5,1.0,88.0,BRA,21,atp_rankings_2026_06_22.csv
2026-06-22,214016,Bautista De La Pena,1459,5,1.0,88.0,BRA,17,atp_rankings_2026_06_22.csv
2026-06-22,149130,Joe Leather,1459,5,0.0,-1.0,GBR,,atp_rankings_2026_06_22.csv
2026-06-22,211762,David Naharro,1459,5,0.0,-1.0,ESP,22,atp_rankings_2026_06_22.csv
2026-06-22,214229,Mathys Picard,1463,5,0.0,-3.0,FRA,18,atp_rankings_2026_06_22.csv
2026-06-22,213532,Stefan Storch,1463,5,1.0,88.0,AUS,,atp_rankings_2026_06_22.csv
2026-06-22,213024,Ivan Iutkin,1465,5,0.0,-4.0,RUS,19,atp_rankings_2026_06_22.csv
2026-06-22,209417,Alan Bojarski,1466,5,0.0,-3.0,POL,22,atp_rankings_2026_06_22.csv
2026-06-22,212757,Jack Bruce Smith,1467,5,0.0,-2.0,AUS,24,atp_rankings_2026_06_22.csv
2026-06-22,213927,Gabriele Crivellaro,1467,5,0.0,-2.0,ITA,19,atp_rankings_2026_06_22.csv
2026-06-22,202217,Vito Dellelba,1467,5,0.0,-6.0,ITA,27,atp_rankings_2026_06_22.csv
2026-06-22,212183,Yuquan Jin,1467,5,0.0,1.0,CHN,25,atp_rankings_2026_06_22.csv
2026-06-22,213923,Gilberto Ravasio,1471,5,-3.0,-201.0,ITA,21,atp_rankings_2026_06_22.csv
2026-06-22,202323,Arjun Mehrotra,1472,5,0.0,-4.0,AUS,29,atp_rankings_2026_06_22.csv
2026-06-22,212797,Hitesh Chauhan,1473,5,0.0,0.0,IND,18,atp_rankings_2026_06_22.csv
2026-06-22,202077,Ewen Lumsden,1473,5,0.0,-3.0,GBR,26,atp_rankings_2026_06_22.csv
2026-06-22,209391,Corban Crowther,1475,5,0.0,-4.0,NZL,23,atp_rankings_2026_06_22.csv
2026-06-22,210632,Vadym Konovchuk,1476,5,0.0,-4.0,UKR,22,atp_rankings_2026_06_22.csv
2026-06-22,211407,Andrea Bacaloni,1477,5,0.0,-4.0,ITA,24,atp_rankings_2026_06_22.csv
2026-06-22,208867,Tomas Luis,1477,5,0.0,-1.0,POR,24,atp_rankings_2026_06_22.csv
2026-06-22,144955,Yuichiro Inui,1479,5,0.0,-2.0,JPN,31,atp_rankings_2026_06_22.csv
2026-06-22,122474,Guy Orly Iradukunda,1480,4,0.0,-2.0,BDI,30,atp_rankings_2026_06_22.csv
2026-06-22,212575,Amirkhamza Nasridinov,1480,4,0.0,-2.0,RUS,20,atp_rankings_2026_06_22.csv
2026-06-22,126120,Nino Serdarusic,1480,4,0.0,-2.0,CRO,29,atp_rankings_2026_06_22.csv
2026-06-22,144682,Kaito Uesugi,1480,4,0.0,-2.0,JPN,31,atp_rankings_2026_06_22.csv
2026-06-22,212648,Theodore Winegar,1480,4,0.0,-2.0,USA,24,atp_rankings_2026_06_22.csv
2026-06-22,213626,Angel Veliz,1485,4,0.0,-1.0,ECU,17,atp_rankings_2026_06_22.csv
2026-06-22,210405,Azuma Visaya,1485,4,0.0,2.0,USA,22,atp_rankings_2026_06_22.csv
2026-06-22,200692,Herbert Jody Maginley,1487,4,0.0,-2.0,ANT,31,atp_rankings_2026_06_22.csv
2026-06-22,209925,Thijmen Loof,1488,4,0.0,-2.0,NED,23,atp_rankings_2026_06_22.csv
2026-06-22,210569,Sebastian Eriksson,1489,4,0.0,-2.0,SWE,21,atp_rankings_2026_06_22.csv
2026-06-22,212061,Haydar Cem Gokpinar,1489,4,,,TUR,,atp_rankings_2026_06_22.csv
2026-06-22,212899,Moritz Kudernatsch,1491,4,0.0,-2.0,GER,21,atp_rankings_2026_06_22.csv
2026-06-22,210102,Neo Niedner,1491,4,0.0,-2.0,GER,22,atp_rankings_2026_06_22.csv
2026-06-22,212859,Matisse Farzam,1493,4,1.0,92.0,USA,19,atp_rankings_2026_06_22.csv
2026-06-22,212158,Will Mayew,1493,4,0.0,-2.0,USA,22,atp_rankings_2026_06_22.csv
2026-06-22,214541,Heorhii Shylov,1493,4,1.0,92.0,UKR,18,atp_rankings_2026_06_22.csv
2026-06-22,105335,Sho Katayama,1496,4,0.0,-3.0,JPN,37,atp_rankings_2026_06_22.csv
2026-06-22,202165,Alberto Lim,1496,4,0.0,-3.0,PHI,27,atp_rankings_2026_06_22.csv
2026-06-22,212148,Novak Novakovic,1496,4,-1.0,-88.0,SRB,25,atp_rankings_2026_06_22.csv
2026-06-22,211622,Loan Lestir,1499,4,0.0,-2.0,FRA,20,atp_rankings_2026_06_22.csv
2026-06-22,208206,Walid Ahouda,1500,4,0.0,-2.0,MAR,22,atp_rankings_2026_06_22.csv
2026-06-22,209273,Romain Gales,1500,4,0.0,-2.0,FRA,21,atp_rankings_2026_06_22.csv
2026-06-22,212037,Amir Milushev,1500,4,1.0,109.0,UZB,21,atp_rankings_2026_06_22.csv
2026-06-22,212459,Kai I Wang,1500,4,0.0,-2.0,TPE,21,atp_rankings_2026_06_22.csv
2026-06-22,211330,Vasco Leote Prata,1504,4,0.0,-3.0,POR,22,atp_rankings_2026_06_22.csv
2026-06-22,213042,Hugo Coquelin,1505,4,0.0,4.0,GBR,20,atp_rankings_2026_06_22.csv
2026-06-22,212068,Stepan Baum,1506,4,0.0,-10.0,CZE,22,atp_rankings_2026_06_22.csv
2026-06-22,214213,Rhys Lawlor,1506,4,0.0,-4.0,GBR,17,atp_rankings_2026_06_22.csv
2026-06-22,213011,John Bothma,1508,4,0.0,-5.0,RSA,18,atp_rankings_2026_06_22.csv
2026-06-22,208216,Alberto Bronzetti,1508,4,-1.0,-87.0,ITA,28,atp_rankings_2026_06_22.csv
2026-06-22,200487,Jordan Hasson,1508,4,0.0,-5.0,ISR,26,atp_rankings_2026_06_22.csv
2026-06-22,212232,Yeonsu Jeong,1508,4,0.0,3.0,KOR,,atp_rankings_2026_06_22.csv
2026-06-22,211358,Adam Majchrzak,1508,4,0.0,-5.0,POL,20,atp_rankings_2026_06_22.csv
2026-06-22,123843,Davide Pontoglio,1508,4,0.0,-5.0,ITA,33,atp_rankings_2026_06_22.csv
2026-06-22,212750,Clement Lemire,1514,4,0.0,-6.0,FRA,19,atp_rankings_2026_06_22.csv
2026-06-22,210105,Martyn Pawelski,1515,4,0.0,-5.0,POL,21,atp_rankings_2026_06_22.csv
2026-06-22,133667,Congsup Congcar,1516,4,0.0,-5.0,THA,29,atp_rankings_2026_06_22.csv
2026-06-22,208027,Alex Jones,1516,4,0.0,-5.0,USA,27,atp_rankings_2026_06_22.csv
2026-06-22,208007,Karlo Kajin,1516,4,0.0,-5.0,CRO,26,atp_rankings_2026_06_22.csv
2026-06-22,212231,Junhyeon Lee,1516,4,-1.0,-88.0,KOR,,atp_rankings_2026_06_22.csv
2026-06-22,210526,Niccolo Baroni,1520,4,1.0,108.0,ITA,22,atp_rankings_2026_06_22.csv
2026-06-22,213204,Zane Stevens,1520,4,0.0,-3.0,AUS,20,atp_rankings_2026_06_22.csv
2026-06-22,213814,Gustavo Albieri,1522,4,0.0,-3.0,BRA,18,atp_rankings_2026_06_22.csv
2026-06-22,212767,Aryan Lakshmanan,1522,4,0.0,-3.0,IND,20,atp_rankings_2026_06_22.csv
2026-06-22,206580,Nicola Rispoli,1524,4,0.0,-3.0,ITA,28,atp_rankings_2026_06_22.csv
2026-06-22,210114,Julien Penzlin,1525,4,0.0,-3.0,GER,24,atp_rankings_2026_06_22.csv
2026-06-22,210301,Benjamin Ignacio Torres Fernandez,1525,4,0.0,-3.0,CHI,22,atp_rankings_2026_06_22.csv
2026-06-22,149268,Gabriele Vulpitta,1527,4,0.0,10.0,ITA,20,atp_rankings_2026_06_22.csv
2026-06-22,211660,Ryan Augusto Dos Santos,1528,4,0.0,-6.0,BRA,22,atp_rankings_2026_06_22.csv
2026-06-22,211684,Emirhan Bulut,1528,4,0.0,0.0,TUR,20,atp_rankings_2026_06_22.csv
2026-06-22,206790,Alexis Gurmendi,1528,4,0.0,0.0,ARG,28,atp_rankings_2026_06_22.csv
2026-06-22,212951,Mak Mikovic,1528,4,0.0,0.0,SLO,20,atp_rankings_2026_06_22.csv
2026-06-22,127143,Jirat Navasirisomboon,1528,4,0.0,0.0,THA,29,atp_rankings_2026_06_22.csv
2026-06-22,211322,Lasse Poertner,1528,4,0.0,10.0,GER,20,atp_rankings_2026_06_22.csv
2026-06-22,213667,Valentin Guadagno,1534,4,0.0,-2.0,ARG,,atp_rankings_2026_06_22.csv
2026-06-22,202439,Sean Hodkin,1534,4,0.0,-2.0,GBR,27,atp_rankings_2026_06_22.csv
2026-06-22,213576,Matt Kleiman,1534,4,0.0,-2.0,USA,,atp_rankings_2026_06_22.csv
2026-06-22,210601,Oskari Eerola,1537,4,0.0,1.0,FIN,24,atp_rankings_2026_06_22.csv
2026-06-22,213200,Juan Ignacio Gallego,1537,4,0.0,1.0,ARG,,atp_rankings_2026_06_22.csv
2026-06-22,207367,Bora Sengul,1537,4,0.0,10.0,TUR,24,atp_rankings_2026_06_22.csv
2026-06-22,212262,Kylian Collignon,1540,4,0.0,2.0,BEL,21,atp_rankings_2026_06_22.csv
2026-06-22,212864,Valentin Garay,1540,4,0.0,2.0,ARG,19,atp_rankings_2026_06_22.csv
2026-06-22,212963,Sebastian Grundtvig Jorgensen,1540,4,0.0,2.0,DEN,25,atp_rankings_2026_06_22.csv
2026-06-22,209877,Stevan Popovic,1540,4,0.0,-8.0,GER,24,atp_rankings_2026_06_22.csv
2026-06-22,210420,Gheorghe Claudiu Schinteie,1540,4,0.0,2.0,ROU,24,atp_rankings_2026_06_22.csv
2026-06-22,149153,Gabriele Volpi,1540,4,0.0,-8.0,ITA,30,atp_rankings_2026_06_22.csv
2026-06-22,212924,Emanuel Ivanisevic,1546,4,0.0,1.0,CRO,18,atp_rankings_2026_06_22.csv
2026-06-22,210651,Vlad Cristian Breazu,1547,4,0.0,4.0,ROU,22,atp_rankings_2026_06_22.csv
2026-06-22,210204,Drazen Petrovic,1547,4,1.0,124.0,BIH,23,atp_rankings_2026_06_22.csv
2026-06-22,213624,Kosuke Shibano,1547,4,0.0,4.0,JPN,,atp_rankings_2026_06_22.csv
2026-06-22,212109,Antonio Voljavec,1547,4,-1.0,-92.0,CRO,20,atp_rankings_2026_06_22.csv
2026-06-22,211411,Tyler Stice,1551,4,0.0,6.0,USA,25,atp_rankings_2026_06_22.csv
2026-06-22,149124,Oskar Grzegorzewski,1552,4,-2.0,-167.0,POL,21,atp_rankings_2026_06_22.csv
2026-06-22,212738,Manel Lazaro Juncadella,1552,4,0.0,2.0,ESP,20,atp_rankings_2026_06_22.csv
2026-06-22,148670,Karol Malirz,1552,4,0.0,2.0,POL,23,atp_rankings_2026_06_22.csv
2026-06-22,213391,Silvio Mencaglia,1552,4,0.0,2.0,ITA,21,atp_rankings_2026_06_22.csv
2026-06-22,210417,Adrian Arcon,1556,4,0.0,5.0,AUS,24,atp_rankings_2026_06_22.csv
2026-06-22,207738,Brandon Perez,1557,4,0.0,5.0,VEN,26,atp_rankings_2026_06_22.csv
2026-06-22,212932,Noah Karma,1558,4,0.0,0.0,SUI,,atp_rankings_2026_06_22.csv
2026-06-22,207559,Darrshan Suresh,1558,4,0.0,0.0,MAS,25,atp_rankings_2026_06_22.csv
2026-06-22,206447,Daniel Batista,1560,4,0.0,3.0,POR,27,atp_rankings_2026_06_22.csv
2026-06-22,214015,Xavi Palomar,1561,4,0.0,-1.0,ESP,,atp_rankings_2026_06_22.csv
2026-06-22,209967,Antoine Berger,1562,4,-1.0,-89.0,FRA,28,atp_rankings_2026_06_22.csv
2026-06-22,122234,Alp Horoz,1562,4,-2.0,-169.0,TUR,31,atp_rankings_2026_06_22.csv
2026-06-22,212745,Tadeo Meneo,1564,4,0.0,0.0,ARG,21,atp_rankings_2026_06_22.csv
2026-06-22,213037,Luis Garcia Paez,1565,4,0.0,0.0,ESP,20,atp_rankings_2026_06_22.csv
2026-06-22,210076,Ioannis Kountourakis,1566,4,0.0,1.0,GRE,23,atp_rankings_2026_06_22.csv
2026-06-22,205885,Joao Graa,1567,4,0.0,-1.0,POR,25,atp_rankings_2026_06_22.csv
2026-06-22,214565,Bienvenue Bolangi,1568,3,0.0,0.0,COD,24,atp_rankings_2026_06_22.csv
2026-06-22,122081,Luis Britto,1568,3,0.0,0.0,BRA,32,atp_rankings_2026_06_22.csv
2026-06-22,210756,Loren Thomas Byers,1568,3,0.0,0.0,USA,24,atp_rankings_2026_06_22.csv
2026-06-22,131905,Manuel Guinard,1568,3,0.0,0.0,FRA,30,atp_rankings_2026_06_22.csv
2026-06-22,108766,Samir Iftikhar,1568,3,0.0,0.0,PAK,34,atp_rankings_2026_06_22.csv
2026-06-22,214587,Aradhya Kshitij,1568,3,0.0,0.0,IND,17,atp_rankings_2026_06_22.csv
2026-06-22,144747,Courtney John Lock,1568,3,0.0,0.0,ZIM,29,atp_rankings_2026_06_22.csv
2026-06-22,202417,Siphosothando Montsi,1568,3,0.0,0.0,RSA,26,atp_rankings_2026_06_22.csv
2026-06-22,106425,Blake Mott,1568,3,0.0,0.0,AUS,30,atp_rankings_2026_06_22.csv
2026-06-22,208485,Kiranpal Pannu,1568,3,0.0,0.0,NZL,29,atp_rankings_2026_06_22.csv
2026-06-22,134256,Reese Stalder,1568,3,0.0,0.0,USA,29,atp_rankings_2026_06_22.csv
2026-06-22,212642,Patrik Trhac,1568,3,0.0,0.0,USA,27,atp_rankings_2026_06_22.csv
2026-06-22,126193,Mark Whitehouse,1568,3,0.0,13.0,GBR,33,atp_rankings_2026_06_22.csv
2026-06-22,208123,Tom Hands,1581,3,0.0,0.0,GBR,29,atp_rankings_2026_06_22.csv
2026-06-22,213784,Guillermo Tunas,1581,3,0.0,0.0,MEX,25,atp_rankings_2026_06_22.csv
2026-06-22,202269,Justin Barki,1583,3,0.0,2.0,INA,26,atp_rankings_2026_06_22.csv
2026-06-22,208262,Alejo Lorenzo Lingua Lavallen,1583,3,0.0,2.0,ARG,25,atp_rankings_2026_06_22.csv
2026-06-22,210416,Bryce Nakashima,1583,3,0.0,2.0,USA,22,atp_rankings_2026_06_22.csv
2026-06-22,214483,Harrison Satara,1583,3,0.0,2.0,AUS,19,atp_rankings_2026_06_22.csv
2026-06-22,214001,Damien Clerc,1587,3,0.0,5.0,FRA,,atp_rankings_2026_06_22.csv
2026-06-22,213985,Kelly Giese,1587,3,0.0,5.0,USA,21,atp_rankings_2026_06_22.csv
2026-06-22,207839,Yousaf Khalil,1587,3,0.0,5.0,PAK,27,atp_rankings_2026_06_22.csv
2026-06-22,111515,Thai Son Kwiatkowski,1587,3,0.0,5.0,USA,31,atp_rankings_2026_06_22.csv
2026-06-22,212966,Pablo Perez Navarro,1587,3,0.0,-6.0,ESP,,atp_rankings_2026_06_22.csv
2026-06-22,210230,Wissam Abderrahman,1592,3,0.0,4.0,TUN,22,atp_rankings_2026_06_22.csv
2026-06-22,214280,Fantino Alberca,1592,3,0.0,4.0,ARG,21,atp_rankings_2026_06_22.csv
2026-06-22,209206,Antonio Caruso,1592,3,1.0,130.0,ITA,26,atp_rankings_2026_06_22.csv
2026-06-22,211570,Cesar Cruz,1592,3,0.0,4.0,ESA,19,atp_rankings_2026_06_22.csv
2026-06-22,210117,William Jansen,1592,3,0.0,4.0,GBR,21,atp_rankings_2026_06_22.csv
2026-06-22,212139,Vit Kalina,1592,3,-1.0,-101.0,CZE,20,atp_rankings_2026_06_22.csv
2026-06-22,212950,Vid Mohar,1592,3,0.0,4.0,SLO,20,atp_rankings_2026_06_22.csv
2026-06-22,214332,Henrique Ortenblad Nogueira,1592,3,0.0,4.0,BRA,23,atp_rankings_2026_06_22.csv
2026-06-22,212491,Alexander Razeghi,1592,3,0.0,4.0,USA,20,atp_rankings_2026_06_22.csv
2026-06-22,210571,Isac Stroemberg,1592,3,0.0,4.0,SWE,23,atp_rankings_2026_06_22.csv
2026-06-22,130247,Anton Chekhov,1602,3,0.0,5.0,RUS,33,atp_rankings_2026_06_22.csv
2026-06-22,213862,Robert Watzka,1603,3,0.0,5.0,ESP,20,atp_rankings_2026_06_22.csv
2026-06-22,212291,Siwanat Auytayakul,1604,3,0.0,5.0,THA,21,atp_rankings_2026_06_22.csv
2026-06-22,213840,Teodor Davidov,1604,3,0.0,5.0,USA,,atp_rankings_2026_06_22.csv
2026-06-22,207761,Julien De Cuyper,1604,3,0.0,5.0,FRA,27,atp_rankings_2026_06_22.csv
2026-06-22,214269,Marcel Latak,1604,3,1.0,150.0,USA,17,atp_rankings_2026_06_22.csv
2026-06-22,124001,Gergely Madarasz,1604,3,0.0,5.0,HUN,31,atp_rankings_2026_06_22.csv
2026-06-22,120922,Maciej Rajski,1604,3,0.0,20.0,POL,35,atp_rankings_2026_06_22.csv
2026-06-22,214210,Vincent Reisach,1604,3,0.0,5.0,GER,17,atp_rankings_2026_06_22.csv
2026-06-22,207973,Ainius Sabaliauskas,1604,3,0.0,5.0,LTU,22,atp_rankings_2026_06_22.csv
2026-06-22,213738,Jack Satterfield,1604,3,0.0,-8.0,USA,,atp_rankings_2026_06_22.csv
2026-06-22,212083,Aleksandre Shvangiradze,1604,3,0.0,5.0,GEO,20,atp_rankings_2026_06_22.csv
2026-06-22,200598,Isaiah Strode,1604,3,-1.0,-101.0,USA,28,atp_rankings_2026_06_22.csv
2026-06-22,213830,Saki Tange,1604,3,0.0,-8.0,JPN,22,atp_rankings_2026_06_22.csv
2026-06-22,,James Weber,1604,3,0.0,5.0,,,atp_rankings_2026_06_22.csv
2026-06-22,206888,Zhao Zhao,1604,3,0.0,5.0,CHN,26,atp_rankings_2026_06_22.csv
2026-06-22,209117,Marco Furlanetto,1618,3,1.0,145.0,ITA,25,atp_rankings_2026_06_22.csv
2026-06-22,211406,Yazid Lahjomri,1618,3,0.0,1.0,MAR,21,atp_rankings_2026_06_22.csv
2026-06-22,213069,Gasper Matijasic,1618,3,0.0,1.0,SLO,,atp_rankings_2026_06_22.csv
2026-06-22,214390,Antonin Witz,1618,3,0.0,1.0,FRA,17,atp_rankings_2026_06_22.csv
2026-06-22,208334,Deney Wassermann,1622,3,0.0,0.0,NED,25,atp_rankings_2026_06_22.csv
2026-06-22,208890,Richard Zusman,1622,3,0.0,0.0,USA,25,atp_rankings_2026_06_22.csv
2026-06-22,210602,Peetu Pohjola,1624,3,-1.0,-113.0,FIN,25,atp_rankings_2026_06_22.csv
2026-06-22,212167,Darius Florin Pop,1624,3,0.0,16.0,ROU,22,atp_rankings_2026_06_22.csv
2026-06-22,210711,Francisco Tomas Geschwind,1626,3,0.0,2.0,ARG,23,atp_rankings_2026_06_22.csv
2026-06-22,149278,Daniel Khazime,1626,3,0.0,2.0,RUS,21,atp_rankings_2026_06_22.csv
2026-06-22,210060,Aleksandar Mihailovic,1626,3,0.0,2.0,SRB,23,atp_rankings_2026_06_22.csv
2026-06-22,213196,Rihards Neimanis,1626,3,0.0,2.0,LAT,18,atp_rankings_2026_06_22.csv
2026-06-22,207541,Michalis Sakellaridis,1626,3,0.0,2.0,GRE,25,atp_rankings_2026_06_22.csv
2026-06-22,207586,Justas Trainauskas,1626,3,0.0,2.0,LTU,24,atp_rankings_2026_06_22.csv
2026-06-22,214029,Ye Chen,1632,3,0.0,8.0,CHN,,atp_rankings_2026_06_22.csv
2026-06-22,213074,Hugo Hashimoto,1632,3,0.0,8.0,USA,23,atp_rankings_2026_06_22.csv
2026-06-22,206895,Alex Kobelt,1632,3,0.0,-8.0,USA,29,atp_rankings_2026_06_22.csv
2026-06-22,213058,Weiyi Kong,1632,3,0.0,8.0,CHN,,atp_rankings_2026_06_22.csv
2026-06-22,211638,Jack Loutit,1632,3,-4.0,-329.0,NZL,21,atp_rankings_2026_06_22.csv
2026-06-22,210190,Timofey Stepanov,1632,3,0.0,-8.0,SUI,22,atp_rankings_2026_06_22.csv
2026-06-22,212965,Juan Jose Bianchi,1638,3,0.0,8.0,VEN,25,atp_rankings_2026_06_22.csv
2026-06-22,200622,Hernando Jose Escurra Isnardi,1638,3,0.0,-10.0,PAR,28,atp_rankings_2026_06_22.csv
2026-06-22,125843,Ren Nakamura,1638,3,-1.0,-112.0,JPN,31,atp_rankings_2026_06_22.csv
2026-06-22,213980,Arnav Paparkar,1638,3,0.0,8.0,IND,18,atp_rankings_2026_06_22.csv
2026-06-22,213553,Dmytro Shirokyi,1638,3,0.0,-10.0,UKR,19,atp_rankings_2026_06_22.csv
2026-06-22,105419,Patricio Alvarado,1643,3,0.0,8.0,ECU,36,atp_rankings_2026_06_22.csv
2026-06-22,208873,Nikola Basic,1643,3,0.0,8.0,CRO,24,atp_rankings_2026_06_22.csv
2026-06-22,214264,Jerrid Gaines,1643,3,0.0,8.0,USA,17,atp_rankings_2026_06_22.csv
2026-06-22,213228,Valentin Gonzalez Galino,1643,3,0.0,-3.0,ESP,17,atp_rankings_2026_06_22.csv
2026-06-22,210598,Nicolas Hollender,1643,3,0.0,8.0,ARG,24,atp_rankings_2026_06_22.csv
2026-06-22,214214,Daniel Jovanovski,1643,3,0.0,8.0,AUS,18,atp_rankings_2026_06_22.csv
2026-06-22,213798,Noah Brownrigg,1649,3,0.0,7.0,AUS,19,atp_rankings_2026_06_22.csv
2026-06-22,214156,Mahmoud Chetouane,1649,3,0.0,-3.0,TUN,18,atp_rankings_2026_06_22.csv
2026-06-22,210153,David Fix,1649,3,0.0,7.0,GER,21,atp_rankings_2026_06_22.csv
2026-06-22,212798,Shanker Heisnam,1649,3,0.0,7.0,IND,,atp_rankings_2026_06_22.csv
2026-06-22,213979,Kunanan Pantaratorn,1649,3,0.0,7.0,THA,17,atp_rankings_2026_06_22.csv
2026-06-22,207958,Roman Postolka,1649,3,0.0,-3.0,CZE,27,atp_rankings_2026_06_22.csv
2026-06-22,213716,Yoshka Sborowsky,1649,3,0.0,7.0,FRA,,atp_rankings_2026_06_22.csv
2026-06-22,212180,Shaoyun Liu,1656,3,0.0,7.0,CHN,24,atp_rankings_2026_06_22.csv
2026-06-22,212876,Pedro Andre De Almeida Santos,1657,3,0.0,-1.0,BRA,21,atp_rankings_2026_06_22.csv
2026-06-22,210092,Filiberto Fumagalli,1657,3,0.0,7.0,ITA,23,atp_rankings_2026_06_22.csv
2026-06-22,213640,Stephane Pierre Jo Kamendje,1657,3,0.0,7.0,CAN,,atp_rankings_2026_06_22.csv
2026-06-22,213461,Andrea Mchich,1657,3,0.0,7.0,FRA,20,atp_rankings_2026_06_22.csv
2026-06-22,213617,Mattia Nannelli,1657,3,0.0,7.0,ITA,,atp_rankings_2026_06_22.csv
2026-06-22,211474,Pablo Trochu,1657,3,0.0,7.0,FRA,22,atp_rankings_2026_06_22.csv
2026-06-22,210205,Edoardo Zanada,1657,3,0.0,14.0,ITA,25,atp_rankings_2026_06_22.csv
2026-06-22,210110,Alessandro Bellifemine,1664,3,0.0,5.0,ITA,24,atp_rankings_2026_06_22.csv
2026-06-22,211389,Manuel Mouilleron Salvo,1664,3,0.0,5.0,ARG,23,atp_rankings_2026_06_22.csv
2026-06-22,212310,Pepijn Bastiaansen,1666,3,0.0,5.0,NED,20,atp_rankings_2026_06_22.csv
2026-06-22,211457,Sven Corbinais,1666,3,0.0,5.0,FRA,23,atp_rankings_2026_06_22.csv
2026-06-22,212981,Jonas Gundacker,1666,3,0.0,5.0,AUT,23,atp_rankings_2026_06_22.csv
2026-06-22,144813,Benjamin Hannestad,1666,3,0.0,15.0,DEN,29,atp_rankings_2026_06_22.csv
2026-06-22,213579,Jan Klimas,1666,3,0.0,15.0,CZE,,atp_rankings_2026_06_22.csv
2026-06-22,213637,Daniel Domingos,1671,3,0.0,7.0,AGO,,atp_rankings_2026_06_22.csv
2026-06-22,212806,Benjamin Gusic Wan,1671,3,0.0,7.0,GBR,18,atp_rankings_2026_06_22.csv
2026-06-22,213930,Zangar Nurlanuly,1671,3,0.0,7.0,KAZ,17,atp_rankings_2026_06_22.csv
2026-06-22,212119,Nik Mikovic,1674,3,0.0,7.0,SLO,21,atp_rankings_2026_06_22.csv
2026-06-22,213588,Esteban Talavera Cortes,1674,3,0.0,-3.0,ESP,,atp_rankings_2026_06_22.csv
2026-06-22,212498,Benoit Torcq,1674,3,0.0,7.0,BEL,20,atp_rankings_2026_06_22.csv
2026-06-22,214170,Cagan Efe Tufecki,1674,3,0.0,7.0,TUR,22,atp_rankings_2026_06_22.csv
2026-06-22,213180,Leonardo Cattaneo,1678,3,0.0,8.0,ITA,20,atp_rankings_2026_06_22.csv
2026-06-22,149142,Tanguy Genier,1678,3,0.0,8.0,SUI,28,atp_rankings_2026_06_22.csv
2026-06-22,211601,Alvaro Peiro Serrano,1678,3,0.0,8.0,ESP,22,atp_rankings_2026_06_22.csv
2026-06-22,211454,Federico Valle,1678,3,0.0,8.0,ITA,26,atp_rankings_2026_06_22.csv
2026-06-22,211600,Carlos Giraldi,1682,3,2.0,586.0,ESP,21,atp_rankings_2026_06_22.csv
2026-06-22,210423,Alessandro Coccioli,1683,3,0.0,8.0,ITA,23,atp_rankings_2026_06_22.csv
2026-06-22,212094,Liam Delicata,1683,3,0.0,8.0,MLT,25,atp_rankings_2026_06_22.csv
2026-06-22,213376,Jeffrey Fradkin,1683,3,0.0,3.0,USA,24,atp_rankings_2026_06_22.csv
2026-06-22,213298,Carl Holder,1683,3,0.0,12.0,FRA,19,atp_rankings_2026_06_22.csv
2026-06-22,213075,Alejandro Lopez Escribano,1683,3,0.0,8.0,ESP,20,atp_rankings_2026_06_22.csv
2026-06-22,212289,Tom Sickenberger,1683,3,0.0,8.0,GER,,atp_rankings_2026_06_22.csv
2026-06-22,213692,Karim Mabrouk,1689,3,0.0,6.0,EGY,,atp_rankings_2026_06_22.csv
2026-06-22,200045,Anthony Susanto,1689,3,0.0,6.0,INA,29,atp_rankings_2026_06_22.csv
2026-06-22,210032,Pierre Antoine Tailleu,1689,3,0.0,6.0,FRA,22,atp_rankings_2026_06_22.csv
2026-06-22,211455,Oren Vasser,1689,3,0.0,6.0,USA,26,atp_rankings_2026_06_22.csv
2026-06-22,213378,Adam Farag Cao,1693,3,0.0,7.0,CAN,18,atp_rankings_2026_06_22.csv
2026-06-22,124045,Lawrence Bataljin,1694,3,0.0,7.0,AUS,30,atp_rankings_2026_06_22.csv
2026-06-22,210504,Billy Blaydes,1695,2,0.0,27.0,GBR,22,atp_rankings_2026_06_22.csv
2026-06-22,213691,Connor Doig,1695,2,0.0,7.0,RSA,,atp_rankings_2026_06_22.csv
2026-06-22,212790,Nour Fathalla,1695,2,0.0,7.0,EGY,,atp_rankings_2026_06_22.csv
2026-06-22,200225,Nathaniel Lammons,1695,2,0.0,7.0,USA,32,atp_rankings_2026_06_22.csv
2026-06-22,126630,Ivan Liutarevich,1695,2,0.0,7.0,BLR,30,atp_rankings_2026_06_22.csv
2026-06-22,207505,Mario Mansilla Diez,1695,2,0.0,7.0,ESP,24,atp_rankings_2026_06_22.csv
2026-06-22,211754,Pablo Manzano Lapuerta,1695,2,0.0,7.0,ESP,,atp_rankings_2026_06_22.csv
2026-06-22,214329,Diego Eduardo Munoz Navia,1695,2,0.0,7.0,BOL,20,atp_rankings_2026_06_22.csv
2026-06-22,212218,Rohan  Murali,1695,2,0.0,7.0,USA,21,atp_rankings_2026_06_22.csv
2026-06-22,208254,Ignacio Novo,1695,2,0.0,7.0,ARG,25,atp_rankings_2026_06_22.csv
2026-06-22,122649,Photos Photiades,1695,2,0.0,7.0,CYP,22,atp_rankings_2026_06_22.csv
2026-06-22,207547,Bruno Pujol Navarro,1695,2,0.0,7.0,ESP,24,atp_rankings_2026_06_22.csv
2026-06-22,212913,Pietro Ricci,1695,2,0.0,7.0,ITA,,atp_rankings_2026_06_22.csv
2026-06-22,105578,Cristian Rodriguez,1695,2,0.0,7.0,COL,35,atp_rankings_2026_06_22.csv
2026-06-22,214327,Oliver Andre Solis Encinas,1695,2,0.0,7.0,BOL,,atp_rankings_2026_06_22.csv
2026-06-22,127443,Andres Urrea,1695,2,0.0,7.0,COL,31,atp_rankings_2026_06_22.csv
2026-06-22,208874,Seita Watanabe,1695,2,0.0,7.0,JPN,25,atp_rankings_2026_06_22.csv
2026-06-22,213523,Milan Welte,1695,2,0.0,7.0,GER,24,atp_rankings_2026_06_22.csv
2026-06-22,214270,Tomas Zurmendi,1695,2,0.0,7.0,URU,17,atp_rankings_2026_06_22.csv
2026-06-22,210014,Imran Daniel Abd Hazli,1714,2,0.0,8.0,MAS,21,atp_rankings_2026_06_22.csv
2026-06-22,212678,David Bakonyi,1714,2,0.0,8.0,HUN,19,atp_rankings_2026_06_22.csv
2026-06-22,111436,Nick Chappell,1714,2,0.0,40.0,USA,33,atp_rankings_2026_06_22.csv
2026-06-22,214125,Raffaele Ciurnelli,1714,2,0.0,8.0,ITA,18,atp_rankings_2026_06_22.csv
2026-06-22,214331,Valentino Conte,1714,2,0.0,8.0,ARG,21,atp_rankings_2026_06_22.csv
2026-06-22,212570,Nikita Filin,1714,2,0.0,8.0,USA,20,atp_rankings_2026_06_22.csv
2026-06-22,214337,Eudald Gonzalez,1714,2,0.0,8.0,ESP,18,atp_rankings_2026_06_22.csv
2026-06-22,212782,Saahith Jayaraman,1714,2,0.0,8.0,USA,,atp_rankings_2026_06_22.csv
2026-06-22,109737,Markos Kalovelonis,1714,2,0.0,8.0,GRE,32,atp_rankings_2026_06_22.csv
2026-06-22,213873,Benjamin Perez,1714,2,0.0,8.0,CHI,19,atp_rankings_2026_06_22.csv
2026-06-22,210693,Hudson Rivera,1714,2,-1.0,-118.0,USA,22,atp_rankings_2026_06_22.csv
2026-06-22,213189,Tanakorn Srirat,1714,2,0.0,8.0,THA,,atp_rankings_2026_06_22.csv
2026-06-22,212705,Nathan Trouve,1714,2,,,FRA,20,atp_rankings_2026_06_22.csv
2026-06-22,214054,Baltazar Wiger Nordas,1714,2,0.0,8.0,NOR,22,atp_rankings_2026_06_22.csv
2026-06-22,214138,Bastian Berenz,1728,2,0.0,7.0,AUT,,atp_rankings_2026_06_22.csv
2026-06-22,123847,Bogdan Bobrov,1728,2,0.0,7.0,RUS,28,atp_rankings_2026_06_22.csv
2026-06-22,212914,Corey Craig,1728,2,0.0,7.0,USA,22,atp_rankings_2026_06_22.csv
2026-06-22,214292,Ignacio De Armas,1728,2,0.0,7.0,VEN,17,atp_rankings_2026_06_22.csv
2026-06-22,209294,Diego Duran,1728,2,0.0,7.0,ESA,,atp_rankings_2026_06_22.csv
2026-06-22,213263,Christoph Gayk,1728,2,0.0,7.0,GER,20,atp_rankings_2026_06_22.csv
2026-06-22,213141,Georgi Georgiev,1728,2,0.0,7.0,BUL,19,atp_rankings_2026_06_22.csv
2026-06-22,211472,Oliver Johansson,1728,2,0.0,7.0,SWE,,atp_rankings_2026_06_22.csv
2026-06-22,212669,Botond Kisantal,1728,2,0.0,7.0,HUN,20,atp_rankings_2026_06_22.csv
2026-06-22,212023,Oscar Lacides,1728,2,0.0,7.0,GUD,21,atp_rankings_2026_06_22.csv
2026-06-22,105011,Illya Marchenko,1728,2,0.0,7.0,UKR,38,atp_rankings_2026_06_22.csv
2026-06-22,213651,Agustin Salazar Salazar,1728,2,0.0,7.0,MEX,22,atp_rankings_2026_06_22.csv
2026-06-22,106138,Yaraslav Shyla,1728,2,0.0,7.0,BLR,33,atp_rankings_2026_06_22.csv
2026-06-22,213999,Leon Sloboda,1728,2,0.0,7.0,SVK,,atp_rankings_2026_06_22.csv
2026-06-22,208151,Filippo Speziali,1728,2,0.0,7.0,ITA,26,atp_rankings_2026_06_22.csv
2026-06-22,212099,Benjamin Vitter,1728,2,0.0,7.0,FRA,23,atp_rankings_2026_06_22.csv
2026-06-22,208589,Nikita Volonski,1728,2,0.0,7.0,AUS,24,atp_rankings_2026_06_22.csv
2026-06-22,,Jakub Vrba,1728,2,1.0,244.0,,,atp_rankings_2026_06_22.csv
2026-06-22,214010,Shixun Zhu,1728,2,0.0,7.0,CHN,,atp_rankings_2026_06_22.csv
2026-06-22,105339,Yan Bai,1747,2,0.0,7.0,CHN,37,atp_rankings_2026_06_22.csv
2026-06-22,207649,Savriyan Danilov,1747,2,-4.0,-390.0,RUS,26,atp_rankings_2026_06_22.csv
2026-06-22,208821,Ondrej Horak,1747,2,0.0,33.0,CZE,23,atp_rankings_2026_06_22.csv
2026-06-22,144896,Hao Sheng Koay,1747,2,0.0,7.0,MAS,27,atp_rankings_2026_06_22.csv
2026-06-22,211536,Patrik Meszaros,1747,2,,,HUN,20,atp_rankings_2026_06_22.csv
2026-06-22,212916,Marko Milosavljevic,1747,2,0.0,7.0,SRB,,atp_rankings_2026_06_22.csv
2026-06-22,211732,Kaua Lorenzo Santos Gava,1747,2,0.0,7.0,BRA,22,atp_rankings_2026_06_22.csv
2026-06-22,213274,Eli Stephenson,1747,2,0.0,33.0,USA,21,atp_rankings_2026_06_22.csv
2026-06-22,211333,Vito Tonejc,1747,2,0.0,7.0,CRO,26,atp_rankings_2026_06_22.csv
2026-06-22,209982,Konstantin Zhzhenov,1747,2,0.0,7.0,RUS,22,atp_rankings_2026_06_22.csv
2026-06-22,212796,Tristan Berard,1757,2,0.0,6.0,FRA,,atp_rankings_2026_06_22.csv
2026-06-22,210729,Hamza El Amine,1757,2,0.0,6.0,MAR,22,atp_rankings_2026_06_22.csv
2026-06-22,206893,Piotr Galus,1757,2,0.0,6.0,POL,25,atp_rankings_2026_06_22.csv
2026-06-22,210188,Petar Jovanovic,1757,2,0.0,6.0,MNE,22,atp_rankings_2026_06_22.csv
2026-06-22,214276,Min Ho Ko,1757,2,0.0,6.0,KOR,18,atp_rankings_2026_06_22.csv
2026-06-22,211787,Matteo Lavizzari,1757,2,0.0,6.0,SUI,21,atp_rankings_2026_06_22.csv
2026-06-22,214265,Jordan Lee,1757,2,0.0,6.0,USA,16,atp_rankings_2026_06_22.csv
2026-06-22,116985,Petr Michnev,1757,2,0.0,6.0,CZE,36,atp_rankings_2026_06_22.csv
2026-06-22,211587,Diogo Morais,1757,2,0.0,6.0,POR,21,atp_rankings_2026_06_22.csv
2026-06-22,207972,Minjong Park,1757,2,0.0,6.0,KOR,24,atp_rankings_2026_06_22.csv
2026-06-22,122536,Juan Pablo Paz,1757,2,0.0,29.0,ARG,31,atp_rankings_2026_06_22.csv
2026-06-22,213118,Massimo Pizzigoni,1757,2,1.0,215.0,ITA,20,atp_rankings_2026_06_22.csv
2026-06-22,213964,Bengt Johan Reinhard,1757,2,0.0,6.0,GER,19,atp_rankings_2026_06_22.csv
2026-06-22,207587,Martins Rocens,1757,2,0.0,6.0,LAT,26,atp_rankings_2026_06_22.csv
2026-06-22,104908,Mikal Oliver Statham,1757,2,0.0,6.0,NZL,39,atp_rankings_2026_06_22.csv
2026-06-22,214142,Kai Thompson,1757,2,1.0,215.0,HKG,,atp_rankings_2026_06_22.csv
2026-06-22,207370,Ryusuke Horiuchi,1773,2,0.0,7.0,JPN,27,atp_rankings_2026_06_22.csv
2026-06-22,213213,Hyu Kawanishi,1773,2,0.0,-19.0,JPN,,atp_rankings_2026_06_22.csv
2026-06-22,214607,Kaan Isik Kosaner,1773,2,0.0,7.0,TUR,17,atp_rankings_2026_06_22.csv
2026-06-22,210743,Pranav Kumar,1773,2,0.0,7.0,USA,26,atp_rankings_2026_06_22.csv
2026-06-22,214025,Boxiong Zhang,1773,2,0.0,7.0,CHN,,atp_rankings_2026_06_22.csv
2026-06-22,210101,Simone Agostini,1778,2,0.0,8.0,ITA,29,atp_rankings_2026_06_22.csv
2026-06-22,213051,Thanaphat Boosarawongse,1778,2,1.0,298.0,THA,20,atp_rankings_2026_06_22.csv
2026-06-22,209889,Thomas Braithwaite,1778,2,-1.0,-150.0,AUS,26,atp_rankings_2026_06_22.csv
2026-06-22,212462,Evan Burnett,1778,2,0.0,8.0,USA,20,atp_rankings_2026_06_22.csv
2026-06-22,213885,Nav Dayal,1778,2,0.0,8.0,USA,,atp_rankings_2026_06_22.csv
2026-06-22,212129,Mariano Dedura Palomero,1778,2,-1.0,-150.0,GER,20,atp_rankings_2026_06_22.csv
2026-06-22,133880,Thomas Deschamps,1778,2,-8.0,-596.0,FRA,27,atp_rankings_2026_06_22.csv
2026-06-22,213678,Felipe Dreer,1778,2,0.0,8.0,ARG,,atp_rankings_2026_06_22.csv
2026-06-22,211353,Thomas Nicholas Gadecki,1778,2,0.0,31.0,AUS,20,atp_rankings_2026_06_22.csv
2026-06-22,211634,Tobia Grandinetti,1778,2,0.0,-15.0,ARG,22,atp_rankings_2026_06_22.csv
2026-06-22,214011,Kaigaoge Kang,1778,2,0.0,8.0,CHN,,atp_rankings_2026_06_22.csv
2026-06-22,,Jea Moon Lee,1778,2,0.0,8.0,,,atp_rankings_2026_06_22.csv
2026-06-22,214333,Woong Bi Lee,1778,2,0.0,8.0,KOR,21,atp_rankings_2026_06_22.csv
2026-06-22,214436,Simone Massellani,1778,2,0.0,8.0,ITA,18,atp_rankings_2026_06_22.csv
2026-06-22,134113,Cing Yang Meng,1778,2,0.0,8.0,TPE,27,atp_rankings_2026_06_22.csv
2026-06-22,214355,Eyad Reda Ezzat Mohamed Sherif,1778,2,0.0,8.0,EGY,18,atp_rankings_2026_06_22.csv
2026-06-22,208933,Dian Nedev,1778,2,0.0,8.0,BUL,25,atp_rankings_2026_06_22.csv
2026-06-22,210081,Viacheslav Ovchinnikov,1778,2,0.0,-15.0,RUS,23,atp_rankings_2026_06_22.csv
2026-06-22,212953,Ilija Palavestra,1778,2,0.0,8.0,USA,,atp_rankings_2026_06_22.csv
2026-06-22,212230,Seungmin Park,1778,2,0.0,8.0,KOR,20,atp_rankings_2026_06_22.csv
2026-06-22,214261,Lautaro Rocha,1778,2,0.0,8.0,ARG,19,atp_rankings_2026_06_22.csv
2026-06-22,200205,Valentin Vanta,1778,2,0.0,8.0,ROU,28,atp_rankings_2026_06_22.csv
2026-06-22,213045,Manvydas Balciunas,1800,2,0.0,6.0,NED,20,atp_rankings_2026_06_22.csv
2026-06-22,210265,Aleksandr Lobanov,1800,2,-1.0,-160.0,RUS,25,atp_rankings_2026_06_22.csv
2026-06-22,209035,Mikel Martinez,1800,2,0.0,6.0,ESP,25,atp_rankings_2026_06_22.csv
2026-06-22,213955,Santiago Pesino,1800,2,0.0,6.0,ARG,19,atp_rankings_2026_06_22.csv
2026-06-22,214198,Daniel Aleksandar Amarandei,1804,2,0.0,5.0,ITA,18,atp_rankings_2026_06_22.csv
2026-06-22,213278,Leonardo Angeloni,1804,2,0.0,5.0,ITA,21,atp_rankings_2026_06_22.csv
2026-06-22,214488,Henry Best,1804,2,0.0,-18.0,GBR,19,atp_rankings_2026_06_22.csv
2026-06-22,105029,Sergey Betov,1804,2,0.0,5.0,BLR,38,atp_rankings_2026_06_22.csv
2026-06-22,213920,Nathan Cox,1804,2,-1.0,-176.0,USA,,atp_rankings_2026_06_22.csv
2026-06-22,210403,Ivan Dreycopp,1804,2,0.0,5.0,ARG,22,atp_rankings_2026_06_22.csv
2026-06-22,210753,Matic Kriznik,1804,2,1.0,345.0,SLO,20,atp_rankings_2026_06_22.csv
2026-06-22,212851,Espen Lagarde,1804,2,0.0,5.0,FRA,24,atp_rankings_2026_06_22.csv
2026-06-22,212293,Karl Kazuma Lee,1804,2,1.0,385.0,USA,23,atp_rankings_2026_06_22.csv
2026-06-22,149141,Marko Nikolic,1804,2,0.0,5.0,SRB,21,atp_rankings_2026_06_22.csv
2026-06-22,209974,Aleksander Orlikowski,1804,2,-2.0,-293.0,POL,22,atp_rankings_2026_06_22.csv
2026-06-22,213287,Diego Ortiz Gamonsl,1804,2,0.0,5.0,CHI,22,atp_rankings_2026_06_22.csv
2026-06-22,212923,Hugo Ouzilou,1804,2,0.0,5.0,SUI,22,atp_rankings_2026_06_22.csv
2026-06-22,213186,David Petrovic,1804,2,0.0,5.0,GER,21,atp_rankings_2026_06_22.csv
2026-06-22,213173,Nicola Senn,1804,2,0.0,5.0,SUI,,atp_rankings_2026_06_22.csv
2026-06-22,209870,Gunawan Trismuwantara,1804,2,0.0,5.0,INA,23,atp_rankings_2026_06_22.csv
2026-06-22,202357,Bang Shuo Yin,1804,2,0.0,5.0,TPE,27,atp_rankings_2026_06_22.csv
2026-06-22,206789,Lingxi Zhao,1804,2,0.0,-18.0,CHN,26,atp_rankings_2026_06_22.csv
2026-06-22,209946,Maikel De Boes,1822,2,0.0,20.0,BEL,24,atp_rankings_2026_06_22.csv
2026-06-22,208315,Javier Molino,1822,2,0.0,5.0,ESP,25,atp_rankings_2026_06_22.csv
2026-06-22,211674,Kuang Qing Xu,1822,2,0.0,5.0,CHN,20,atp_rankings_2026_06_22.csv
2026-06-22,208154,Laurin Aerne,1825,2,0.0,20.0,SUI,27,atp_rankings_2026_06_22.csv
2026-06-22,134545,Alexis Canter,1825,2,-1.0,-169.0,GBR,28,atp_rankings_2026_06_22.csv
2026-06-22,,Hugo Cardinaud,1825,2,0.0,4.0,,,atp_rankings_2026_06_22.csv
2026-06-22,213759,Maxi Carrascosa Diaz,1825,2,1.0,364.0,ESP,,atp_rankings_2026_06_22.csv
2026-06-22,214317,Giovanni Ciocca,1825,2,0.0,4.0,ITA,19,atp_rankings_2026_06_22.csv
2026-06-22,212720,Juan Carlos Fuentes Vasquez,1825,2,0.0,4.0,ESA,20,atp_rankings_2026_06_22.csv
2026-06-22,212638,Gregor Hausberger,1825,2,0.0,4.0,AUT,23,atp_rankings_2026_06_22.csv
2026-06-22,149104,Patrik Homola,1825,2,0.0,-16.0,CZE,22,atp_rankings_2026_06_22.csv
2026-06-22,149139,Arthur Laborde,1825,2,0.0,4.0,SUI,22,atp_rankings_2026_06_22.csv
2026-06-22,211742,Daniel Lara Salmeron,1825,2,0.0,4.0,ESP,25,atp_rankings_2026_06_22.csv
2026-06-22,214082,Justin Lenders,1825,2,0.0,4.0,SUI,,atp_rankings_2026_06_22.csv
2026-06-22,211701,Jules Leroux,1825,2,0.0,-16.0,FRA,20,atp_rankings_2026_06_22.csv
2026-06-22,210670,Sasa Markovic,1825,2,0.0,20.0,SRB,20,atp_rankings_2026_06_22.csv
2026-06-22,211677,Matthew Rankin,1825,2,0.0,-16.0,GBR,21,atp_rankings_2026_06_22.csv
2026-06-22,213135,Ruslan Serazhetdinov,1825,2,0.0,4.0,RUS,21,atp_rankings_2026_06_22.csv
2026-06-22,200479,Luke Simkiss,1825,2,0.0,4.0,GBR,27,atp_rankings_2026_06_22.csv
2026-06-22,212196,Yua Taka,1825,2,0.0,-16.0,JPN,,atp_rankings_2026_06_22.csv
2026-06-22,212103,Zhan Zheng,1825,2,0.0,4.0,CHN,23,atp_rankings_2026_06_22.csv
2026-06-22,209199,Ilias Zimmermann,1825,2,0.0,4.0,SUI,,atp_rankings_2026_06_22.csv
2026-06-22,209238,Sebastian Dominguez,1844,2,0.0,-2.0,GUA,24,atp_rankings_2026_06_22.csv
2026-06-22,211539,Gabor Hornung,1844,2,0.0,-2.0,HUN,21,atp_rankings_2026_06_22.csv
2026-06-22,212473,Miles Clark,1846,2,0.0,-1.0,USA,,atp_rankings_2026_06_22.csv
2026-06-22,214209,Lenny Couturier,1846,2,0.0,-17.0,FRA,17,atp_rankings_2026_06_22.csv
2026-06-22,210454,Jesse De Jager,1846,2,0.0,-1.0,NED,24,atp_rankings_2026_06_22.csv
2026-06-22,213629,Vincent Dullinger,1846,2,1.0,371.0,GER,,atp_rankings_2026_06_22.csv
2026-06-22,210191,Gian Gruenig,1846,2,0.0,-1.0,SUI,26,atp_rankings_2026_06_22.csv
2026-06-22,213114,Chun Chien Hou,1846,2,0.0,-1.0,TPE,20,atp_rankings_2026_06_22.csv
2026-06-22,210341,Ajay Malik,1846,2,0.0,-1.0,IND,23,atp_rankings_2026_06_22.csv
2026-06-22,213810,Alex Santino Nunez Vera,1846,2,0.0,-17.0,PAR,18,atp_rankings_2026_06_22.csv
2026-06-22,212900,Andrea Paolini,1846,2,0.0,-1.0,ITA,23,atp_rankings_2026_06_22.csv
2026-06-22,138467,Marvin Bernardo Becker Spiering,1846,2,0.0,-1.0,BRA,28,atp_rankings_2026_06_22.csv
2026-06-22,212294,Matei Todoran,1846,2,0.0,-1.0,ROU,,atp_rankings_2026_06_22.csv
2026-06-22,212753,Allan Gatoto,1857,2,0.0,0.0,BDI,,atp_rankings_2026_06_22.csv
2026-06-22,210315,Pietro Pampanin,1857,2,0.0,0.0,ITA,23,atp_rankings_2026_06_22.csv
2026-06-22,120545,Ko Suzuki,1857,2,0.0,13.0,JPN,34,atp_rankings_2026_06_22.csv
2026-06-22,209847,Dorian Tremblay,1857,2,0.0,0.0,FRA,24,atp_rankings_2026_06_22.csv
2026-06-22,213758,Pablo Aunion,1861,2,0.0,-1.0,ESP,18,atp_rankings_2026_06_22.csv
2026-06-22,211517,Gregorio Biondolillo,1861,2,0.0,-1.0,ITA,26,atp_rankings_2026_06_22.csv
2026-06-22,212860,Dakotah Bobo,1861,2,0.0,-1.0,USA,23,atp_rankings_2026_06_22.csv
2026-06-22,210330,Evangelos Kypriotis,1861,2,0.0,-1.0,GRE,23,atp_rankings_2026_06_22.csv
2026-06-22,214111,Tomas Jordi Leston,1861,2,0.0,-1.0,ARG,,atp_rankings_2026_06_22.csv
2026-06-22,213931,Jun Hao Luo,1861,2,0.0,-1.0,CHN,18,atp_rankings_2026_06_22.csv
2026-06-22,213958,Ramazan Kaan Oktay,1861,2,0.0,-16.0,TUR,,atp_rankings_2026_06_22.csv
2026-06-22,210287,Noah Regas Luis,1861,2,0.0,-1.0,ESP,22,atp_rankings_2026_06_22.csv
2026-06-22,213777,Savva Rybkin,1861,2,0.0,-16.0,RUS,,atp_rankings_2026_06_22.csv
2026-06-22,206827,Alan Sau Franco,1861,2,0.0,-1.0,MEX,25,atp_rankings_2026_06_22.csv
2026-06-22,210666,Ha Minh Duc Vu,1861,2,0.0,-1.0,VIE,23,atp_rankings_2026_06_22.csv
2026-06-22,208853,Adrien Burdet,1872,2,0.0,-1.0,SUI,24,atp_rankings_2026_06_22.csv
2026-06-22,210068,Lorenzo Ferri,1872,2,0.0,6.0,ITA,22,atp_rankings_2026_06_22.csv
2026-06-22,210649,Giammarco Gandolfi,1872,2,-1.0,-201.0,ITA,22,atp_rankings_2026_06_22.csv
2026-06-22,209103,Haoyuan Huang,1872,2,0.0,6.0,CHN,23,atp_rankings_2026_06_22.csv
2026-06-22,214139,Nicola Ion,1872,2,0.0,-1.0,CAN,,atp_rankings_2026_06_22.csv
2026-06-22,,Alvaro Jimenez,1872,2,0.0,-1.0,,,atp_rankings_2026_06_22.csv
2026-06-22,124074,Kazuma Kawachi,1872,2,0.0,6.0,JPN,31,atp_rankings_2026_06_22.csv
2026-06-22,213774,Dmitry Kopilevich,1872,2,0.0,-1.0,SLO,19,atp_rankings_2026_06_22.csv
2026-06-22,214117,Jack Mcgary,1872,2,0.0,-1.0,USA,20,atp_rankings_2026_06_22.csv
2026-06-22,206739,Essa Qabazard,1872,2,0.0,-1.0,KUW,24,atp_rankings_2026_06_22.csv
2026-06-22,209255,Vladan Tadic,1872,2,0.0,6.0,BIH,25,atp_rankings_2026_06_22.csv
2026-06-22,212890,Caheer Warik,1872,2,0.0,-12.0,IND,,atp_rankings_2026_06_22.csv
2026-06-22,214037,Jan Wygona,1872,2,0.0,-1.0,POL,,atp_rankings_2026_06_22.csv
2026-06-22,213791,Fumin Jiang,1885,2,0.0,-7.0,CHN,,atp_rankings_2026_06_22.csv
2026-06-22,213373,William Nolan,1885,2,0.0,-7.0,GBR,23,atp_rankings_2026_06_22.csv
2026-06-22,213819,Andrei Kunitsyn,1887,2,0.0,1.0,RUS,21,atp_rankings_2026_06_22.csv
2026-06-22,212724,Anas Bennour Dit Sahli,1888,2,0.0,-4.0,TUN,19,atp_rankings_2026_06_22.csv
2026-06-22,,Ignasi Forcano Aparicio,1888,2,0.0,1.0,,,atp_rankings_2026_06_22.csv
2026-06-22,210103,Luca Parenti,1888,2,0.0,-4.0,ITA,22,atp_rankings_2026_06_22.csv
2026-06-22,209346,Stijn Pel,1888,2,0.0,-4.0,NED,24,atp_rankings_2026_06_22.csv
2026-06-22,207463,Sheng Tang,1888,2,1.0,376.0,CHN,26,atp_rankings_2026_06_22.csv
2026-06-22,211490,Daniel Verbeek,1893,2,0.0,-2.0,NED,21,atp_rankings_2026_06_22.csv
2026-06-22,214385,Motoharu Abe,1894,1,0.0,-2.0,JPN,17,atp_rankings_2026_06_22.csv
2026-06-22,120792,M Abid Ali Khan Akbar,1894,1,0.0,-2.0,PAK,35,atp_rankings_2026_06_22.csv
2026-06-22,105618,Juan Samuel Arauzo Martinez,1894,1,0.0,-2.0,ESP,35,atp_rankings_2026_06_22.csv
2026-06-22,210616,Jean Baptiste Badon,1894,1,0.0,-2.0,USA,23,atp_rankings_2026_06_22.csv
2026-06-22,211458,Nathan Anthony Barki,1894,1,0.0,-2.0,INA,21,atp_rankings_2026_06_22.csv
2026-06-22,214283,Juan Ignacio Barraza,1894,1,0.0,-2.0,ARG,25,atp_rankings_2026_06_22.csv
2026-06-22,207595,Mateo Barreiros Reyes,1894,1,-1.0,-159.0,BRA,25,atp_rankings_2026_06_22.csv
2026-06-22,213966,Jerry Barton,1894,1,0.0,-2.0,USA,23,atp_rankings_2026_06_22.csv
2026-06-22,212712,Alexis Berquier,1894,1,0.0,-2.0,FRA,,atp_rankings_2026_06_22.csv
2026-06-22,209093,Juliusz Bienkiewicz,1894,1,0.0,-2.0,POL,,atp_rankings_2026_06_22.csv
2026-06-22,212668,Tyler Bowers,1894,1,0.0,-2.0,USA,23,atp_rankings_2026_06_22.csv
2026-06-22,208178,Samuel Brosset,1894,1,0.0,-2.0,FRA,28,atp_rankings_2026_06_22.csv
2026-06-22,213942,Tighe Brunetti,1894,1,0.0,-2.0,USA,22,atp_rankings_2026_06_22.csv
2026-06-22,209991,Hanamichi Carvajal,1894,1,0.0,-2.0,CHI,24,atp_rankings_2026_06_22.csv
2026-06-22,213115,Elijah Cham,1894,1,0.0,-2.0,AUS,,atp_rankings_2026_06_22.csv
2026-06-22,211730,Sandesh Dattatray Kurale,1894,1,0.0,-2.0,IND,,atp_rankings_2026_06_22.csv
2026-06-22,214218,Malanqi Du,1894,1,0.0,-2.0,CHN,23,atp_rankings_2026_06_22.csv
2026-06-22,214353,Gian Durrer,1894,1,0.0,-2.0,SUI,22,atp_rankings_2026_06_22.csv
2026-06-22,214472,Finn Emslie Robson,1894,1,0.0,-2.0,NZL,21,atp_rankings_2026_06_22.csv
2026-06-22,213671,Roberto Ferrer Guimaraes,1894,1,0.0,-2.0,USA,,atp_rankings_2026_06_22.csv
2026-06-22,214502,Kanta Kujisaki,1894,1,0.0,-2.0,JPN,19,atp_rankings_2026_06_22.csv
2026-06-22,214310,Pietro Gava,1894,1,0.0,-2.0,BRA,16,atp_rankings_2026_06_22.csv
2026-06-22,212996,Iker Gaztambide Arrastia,1894,1,0.0,78.0,ESP,22,atp_rankings_2026_06_22.csv
2026-06-22,206625,Daniil Golubev,1894,1,0.0,-2.0,RUS,24,atp_rankings_2026_06_22.csv
2026-06-22,213568,Federico Gaston Gonzalez Benitez,1894,1,,,PRY,,atp_rankings_2026_06_22.csv
2026-06-22,214660,Alexander Guajardo,1894,1,0.0,-2.0,USA,19,atp_rankings_2026_06_22.csv
2026-06-22,214467,Zac Hamill,1894,1,0.0,-2.0,AUS,20,atp_rankings_2026_06_22.csv
2026-06-22,206716,Lukas Hellum Lilleengen,1894,1,0.0,-2.0,NOR,25,atp_rankings_2026_06_22.csv
2026-06-22,213890,Henry Jefferson,1894,1,0.0,-2.0,GBR,,atp_rankings_2026_06_22.csv
2026-06-22,202155,Yeongseok Jeong,1894,1,0.0,-2.0,KOR,26,atp_rankings_2026_06_22.csv
2026-06-22,127195,Hamza Karmoussi,1894,1,0.0,-2.0,MAR,,atp_rankings_2026_06_22.csv
2026-06-22,208397,Barkat Khan,1894,1,0.0,-2.0,PAK,28,atp_rankings_2026_06_22.csv
2026-06-22,212276,Stian Klaassen,1894,1,-8.0,-689.0,NED,23,atp_rankings_2026_06_22.csv
2026-06-22,212521,Thomas Kostka,1894,1,0.0,-2.0,FRA,23,atp_rankings_2026_06_22.csv
2026-06-22,214598,Cem Christopher Kucukhuseyin,1894,1,0.0,-2.0,TUR,19,atp_rankings_2026_06_22.csv
2026-06-22,214233,Woong Chan Lee,1894,1,0.0,-2.0,KOR,17,atp_rankings_2026_06_22.csv
2026-06-22,214455,Liangxuan Lu,1894,1,0.0,-2.0,CHN,16,atp_rankings_2026_06_22.csv
2026-06-22,148678,Cyrus Mahjoob,1894,1,0.0,-2.0,USA,20,atp_rankings_2026_06_22.csv
2026-06-22,214251,Noah Martens,1894,1,0.0,-2.0,BEL,24,atp_rankings_2026_06_22.csv
2026-06-22,214614,Matisse Martin,1894,1,0.0,-2.0,FRA,17,atp_rankings_2026_06_22.csv
2026-06-22,210050,Dusan Milanovic,1894,1,0.0,-2.0,SRB,24,atp_rankings_2026_06_22.csv
2026-06-22,204737,Alejandro Moreno,1894,1,0.0,-2.0,MEX,36,atp_rankings_2026_06_22.csv
2026-06-22,213733,Ronan Tashinga Mtisi,1894,1,0.0,-2.0,ZIM,18,atp_rankings_2026_06_22.csv
2026-06-22,214306,Juan Francisco Munoz,1894,1,0.0,-2.0,MEX,18,atp_rankings_2026_06_22.csv
2026-06-22,149283,Freddy Murray,1894,1,0.0,-2.0,IRL,22,atp_rankings_2026_06_22.csv
2026-06-22,214100,Niklas Niggemann,1894,1,0.0,-2.0,GER,23,atp_rankings_2026_06_22.csv
2026-06-22,210133,Valdemar Frederik Pape,1894,1,0.0,-2.0,DEN,22,atp_rankings_2026_06_22.csv
2026-06-22,214254,Roberto Perez Socas,1894,1,0.0,-2.0,ESP,18,atp_rankings_2026_06_22.csv
2026-06-22,210212,Alexander Petrov,1894,1,0.0,-2.0,BUL,24,atp_rankings_2026_06_22.csv
2026-06-22,209865,Peter Benjamin Privara,1894,1,0.0,-2.0,SVK,21,atp_rankings_2026_06_22.csv
2026-06-22,214426,Felix Raser,1894,1,0.0,-2.0,AUT,17,atp_rankings_2026_06_22.csv
2026-06-22,214160,Henry Ren,1894,1,0.0,-2.0,CAN,22,atp_rankings_2026_06_22.csv
2026-06-22,200100,Tomas Rengel Sierra,1894,1,0.0,-2.0,ARG,29,atp_rankings_2026_06_22.csv
2026-06-22,214649,Felipe Rivadeneira,1894,1,,,ECU,20,atp_rankings_2026_06_22.csv
2026-06-22,209880,Carl Roothman,1894,1,0.0,-2.0,RSA,23,atp_rankings_2026_06_22.csv
2026-06-22,105633,Mohamed Safwat,1894,1,0.0,-2.0,EGY,35,atp_rankings_2026_06_22.csv
2026-06-22,202363,Fabien Salle,1894,1,0.0,-2.0,FRA,26,atp_rankings_2026_06_22.csv
2026-06-22,105688,Manuel Sanchez,1894,1,0.0,-2.0,MEX,35,atp_rankings_2026_06_22.csv
2026-06-22,213672,Erik Schiessl,1894,1,0.0,-2.0,GER,,atp_rankings_2026_06_22.csv
2026-06-22,214271,Mauricio Schtulmann Gasca,1894,1,0.0,-2.0,MEX,17,atp_rankings_2026_06_22.csv
2026-06-22,209948,Jan Sebesta,1894,1,0.0,-2.0,SUI,23,atp_rankings_2026_06_22.csv
2026-06-22,213761,Jack Secord,1894,1,0.0,-2.0,USA,,atp_rankings_2026_06_22.csv
2026-06-22,210467,Rafael Segado Esteve,1894,1,0.0,-2.0,ESP,20,atp_rankings_2026_06_22.csv
2026-06-22,211630,Jan Simonsson,1894,1,0.0,-2.0,SWE,22,atp_rankings_2026_06_22.csv
2026-06-22,214531,Oliwier Sterniczuk,1894,1,0.0,-2.0,POL,18,atp_rankings_2026_06_22.csv
2026-06-22,208301,Gustaf Strom,1894,1,0.0,-2.0,SWE,24,atp_rankings_2026_06_22.csv
2026-06-22,210162,Harry Thursfield,1894,1,0.0,-2.0,GBR,25,atp_rankings_2026_06_22.csv
2026-06-22,214639,Alexandr Tiutchenko,1894,1,,,UKR,15,atp_rankings_2026_06_22.csv
2026-06-22,208329,Maximilian Todorov,1894,1,0.0,-2.0,GER,26,atp_rankings_2026_06_22.csv
2026-06-22,214045,Ryan Torres,1894,1,0.0,-2.0,PHI,,atp_rankings_2026_06_22.csv
2026-06-22,214508,Mikhail Tsapenko,1894,1,0.0,-2.0,RUS,18,atp_rankings_2026_06_22.csv
2026-06-22,210356,Andres Urquiola Montellano,1894,1,0.0,-2.0,BOL,22,atp_rankings_2026_06_22.csv
2026-06-22,214458,Adria Velazquez Farre,1894,1,0.0,-2.0,ESP,16,atp_rankings_2026_06_22.csv
2026-06-22,213937,Dawid Wisniewski,1894,1,0.0,-2.0,POL,,atp_rankings_2026_06_22.csv
2026-06-22,211741,Anthony Wright,1894,1,0.0,-2.0,GBR,21,atp_rankings_2026_06_22.csv
2026-06-22,212165,Rafael Ymer,1894,1,,,SWE,20,atp_rankings_2026_06_22.csv
2026-06-22,127894,Yusuke Yoshikawa,1894,1,0.0,-2.0,JPN,32,atp_rankings_2026_06_22.csv
2026-06-22,213895,Arturs Zagars,1894,1,0.0,-2.0,LAT,,atp_rankings_2026_06_22.csv
2026-06-22,214132,William Zhang,1894,1,0.0,-2.0,USA,,atp_rankings_2026_06_22.csv
2026-06-22,214285,Daniel Adeleye,1973,1,0.0,-1.0,NGR,20,atp_rankings_2026_06_22.csv
2026-06-22,126732,Eric Ahren Moonga,1973,1,0.0,-1.0,SWE,30,atp_rankings_2026_06_22.csv
2026-06-22,214643,Alan Aiukhanov,1973,1,0.0,-1.0,RUS,17,atp_rankings_2026_06_22.csv
2026-06-22,206738,Bader Alabdullah,1973,1,0.0,-1.0,KUW,24,atp_rankings_2026_06_22.csv
2026-06-22,212493,Ramiro Amarilla,1973,1,0.0,-1.0,ARG,24,atp_rankings_2026_06_22.csv
2026-06-22,144727,Joao Antonio,1973,1,0.0,-1.0,POR,27,atp_rankings_2026_06_22.csv
2026-06-22,149100,Romeo Arcuschin,1973,1,0.0,-1.0,ARG,,atp_rankings_2026_06_22.csv
2026-06-22,214008,David Asenov,1973,1,0.0,-1.0,CAN,,atp_rankings_2026_06_22.csv
2026-06-22,213950,Nicolas Baena,1973,1,0.0,-1.0,PER,18,atp_rankings_2026_06_22.csv
2026-06-22,214232,Lorenzo Balducci,1973,1,0.0,-1.0,ITA,18,atp_rankings_2026_06_22.csv
2026-06-22,105871,Sekou Bangoura,1973,1,0.0,-1.0,USA,34,atp_rankings_2026_06_22.csv
2026-06-22,211640,Victor Barrere,1973,1,0.0,-1.0,FRA,,atp_rankings_2026_06_22.csv
2026-06-22,209041,Bozo Barun,1973,1,0.0,-1.0,CRO,25,atp_rankings_2026_06_22.csv
2026-06-22,211396,Vladimir Bazilevskiy,1973,1,0.0,-1.0,ISR,20,atp_rankings_2026_06_22.csv
2026-06-22,212504,Nika Bidzinashvili,1973,1,0.0,-1.0,GEO,,atp_rankings_2026_06_22.csv
2026-06-22,213663,Maximilian Borisov,1973,1,0.0,-1.0,BUL,,atp_rankings_2026_06_22.csv
2026-06-22,210440,Federico Bove,1973,1,0.0,-1.0,ITA,27,atp_rankings_2026_06_22.csv
2026-06-22,212057,Gabriele Brancatelli,1973,1,0.0,-1.0,USA,22,atp_rankings_2026_06_22.csv
2026-06-22,214659,Dmitrii Burtsev,1973,1,0.0,-1.0,RUS,20,atp_rankings_2026_06_22.csv
2026-06-22,210434,Charlie Camus,1973,1,0.0,-1.0,FRA,19,atp_rankings_2026_06_22.csv
2026-06-22,132456,Vasilios Caripi,1973,1,0.0,-1.0,RSA,34,atp_rankings_2026_06_22.csv
2026-06-22,212517,Marcos Castro Fabra,1973,1,0.0,-81.0,ESP,19,atp_rankings_2026_06_22.csv
2026-06-22,207780,Jordan Chiu,1973,1,0.0,-1.0,USA,25,atp_rankings_2026_06_22.csv
2026-06-22,213711,Dario Alexandru Ciobotaru,1973,1,0.0,-1.0,ROU,,atp_rankings_2026_06_22.csv
2026-06-22,208672,Jose Luis Claro,1973,1,0.0,-1.0,PER,22,atp_rankings_2026_06_22.csv
2026-06-22,212883,Andres Delgadillo,1973,1,0.0,-1.0,MEX,,atp_rankings_2026_06_22.csv
2026-06-22,213736,Martin Doskocil,1973,1,0.0,-1.0,CZE,,atp_rankings_2026_06_22.csv
2026-06-22,127140,Alessandro Dragoni,1973,1,0.0,-1.0,ITA,28,atp_rankings_2026_06_22.csv
2026-06-22,211402,Mikhail Dubrouski,1973,1,0.0,-1.0,BLR,,atp_rankings_2026_06_22.csv
2026-06-22,214308,Tomas Dummer Macedo,1973,1,0.0,-1.0,BRA,17,atp_rankings_2026_06_22.csv
2026-06-22,211685,Birtan Duran,1973,1,0.0,-1.0,TUR,21,atp_rankings_2026_06_22.csv
2026-06-22,105273,Mauricio Echazu,1973,1,0.0,-81.0,PER,37,atp_rankings_2026_06_22.csv
2026-06-22,214551,Marwan Ehab,1973,1,0.0,-1.0,EGY,17,atp_rankings_2026_06_22.csv
2026-06-22,210035,Karim El Feky,1973,1,0.0,-1.0,EGY,24,atp_rankings_2026_06_22.csv
2026-06-22,214131,Edward Etty,1973,1,0.0,-1.0,NED,24,atp_rankings_2026_06_22.csv
2026-06-22,214133,Wen Bo Fan,1973,1,0.0,-1.0,CHN,18,atp_rankings_2026_06_22.csv
2026-06-22,210408,Luca Fantini,1973,1,0.0,-1.0,ITA,25,atp_rankings_2026_06_22.csv
2026-06-22,214248,Oriol Font,1973,1,0.0,-1.0,ESP,20,atp_rankings_2026_06_22.csv
2026-06-22,202307,Alejandro Garcia,1973,1,0.0,-1.0,ESP,24,atp_rankings_2026_06_22.csv
2026-06-22,214312,Rafael Augusto Garcia Finetto,1973,1,0.0,-81.0,BRA,18,atp_rankings_2026_06_22.csv
2026-06-22,213767,Alexander Glomb,1973,1,0.0,-1.0,GER,,atp_rankings_2026_06_22.csv
2026-06-22,210400,Nicolas Rafael Goldberg Alviani,1973,1,0.0,-1.0,ESP,23,atp_rankings_2026_06_22.csv
2026-06-22,214364,Alexander Gschiel,1973,1,0.0,-1.0,AUT,19,atp_rankings_2026_06_22.csv
2026-06-22,214083,Thomas Gunzinger,1973,1,0.0,-1.0,SUI,,atp_rankings_2026_06_22.csv
2026-06-22,210151,Mark Havlicek,1973,1,0.0,-1.0,CZE,22,atp_rankings_2026_06_22.csv
2026-06-22,210388,Kaeri Hernandez Mariona,1973,1,0.0,-1.0,GUA,23,atp_rankings_2026_06_22.csv
2026-06-22,213917,Yuya Hirose,1973,1,-1.0,-210.0,JPN,,atp_rankings_2026_06_22.csv
2026-06-22,214555,Juchan Hwang,1973,1,0.0,-1.0,KOR,18,atp_rankings_2026_06_22.csv
2026-06-22,214078,Leonardo Iemmi,1973,1,0.0,-1.0,ITA,21,atp_rankings_2026_06_22.csv
2026-06-22,213959,Ilya Ignatov,1973,1,0.0,-1.0,UZB,20,atp_rankings_2026_06_22.csv
2026-06-22,205905,Sergio Ingles Garre,1973,1,0.0,-1.0,ESP,27,atp_rankings_2026_06_22.csv
2026-06-22,213342,David Jeanne Grandinot,1973,1,0.0,-1.0,FRA,23,atp_rankings_2026_06_22.csv
2026-06-22,210422,Roan Jones,1973,1,0.0,103.0,GBR,22,atp_rankings_2026_06_22.csv
2026-06-22,212527,Adam Kaczmarek,1973,1,0.0,-1.0,POL,22,atp_rankings_2026_06_22.csv
2026-06-22,214191,Omar Kandil,1973,1,0.0,-1.0,EGY,16,atp_rankings_2026_06_22.csv
2026-06-22,214435,Dimitar Kisimov,1973,1,0.0,-1.0,BUL,18,atp_rankings_2026_06_22.csv
2026-06-22,214137,Marko Knezevic,1973,1,,,NED,19,atp_rankings_2026_06_22.csv
2026-06-22,210159,Tomas Lanik,1973,1,0.0,-1.0,SVK,24,atp_rankings_2026_06_22.csv
2026-06-22,214216,Anes Latifovic,1973,1,0.0,-1.0,GER,21,atp_rankings_2026_06_22.csv
2026-06-22,104810,Zhe Li,1973,1,0.0,-1.0,CHN,39,atp_rankings_2026_06_22.csv
2026-06-22,210548,Tim Loosen,1973,1,0.0,-1.0,GER,24,atp_rankings_2026_06_22.csv
2026-06-22,208848,Mikolaj Lorens,1973,1,0.0,-1.0,POL,24,atp_rankings_2026_06_22.csv
2026-06-22,213850,Aron Janos Major,1973,1,0.0,-1.0,HUN,,atp_rankings_2026_06_22.csv
2026-06-22,213971,Tomas Marin,1973,1,0.0,-1.0,COL,,atp_rankings_2026_06_22.csv
2026-06-22,214099,Kaspar Mathes,1973,1,0.0,-1.0,GER,,atp_rankings_2026_06_22.csv
2026-06-22,210419,Daniele Minighini,1973,1,0.0,-1.0,ITA,21,atp_rankings_2026_06_22.csv
2026-06-22,213005,Ali Missoum,1973,1,0.0,-1.0,MAR,17,atp_rankings_2026_06_22.csv
2026-06-22,208204,Francois Musitelli,1973,1,0.0,-1.0,FRA,27,atp_rankings_2026_06_22.csv
2026-06-22,149157,Luis Jose Nakamine,1973,1,0.0,-1.0,PER,20,atp_rankings_2026_06_22.csv
2026-06-22,211545,Seiya Nakanishi,1973,1,0.0,103.0,JPN,29,atp_rankings_2026_06_22.csv
2026-06-22,214373,Pierre Ngijol Carre,1973,1,0.0,-1.0,FRA,,atp_rankings_2026_06_22.csv
2026-06-22,212909,Dingzheng Nima,1973,1,0.0,-1.0,CHN,22,atp_rankings_2026_06_22.csv
2026-06-22,213613,Kaue Noatto,1973,1,0.0,-1.0,BRA,,atp_rankings_2026_06_22.csv
2026-06-22,213934,Ricard Novell,1973,1,0.0,-81.0,ESP,,atp_rankings_2026_06_22.csv
2026-06-22,214600,Alexander Ikenna Okonkwo,1973,1,0.0,-1.0,GBR,21,atp_rankings_2026_06_22.csv
2026-06-22,200075,Yshai Oliel,1973,1,0.0,-1.0,ISR,26,atp_rankings_2026_06_22.csv
2026-06-22,213922,Max Pade,1973,1,0.0,103.0,GER,,atp_rankings_2026_06_22.csv
2026-06-22,214547,Ntungamili Raguin,1973,1,0.0,-1.0,BOT,17,atp_rankings_2026_06_22.csv
2026-06-22,,Philippe Renard,1973,1,0.0,-1.0,,,atp_rankings_2026_06_22.csv
2026-06-22,,Pablo Robledo,1973,1,0.0,-1.0,,,atp_rankings_2026_06_22.csv
2026-06-22,214087,Jan Sadzik,1973,1,0.0,-1.0,POL,18,atp_rankings_2026_06_22.csv
2026-06-22,214530,Oliver Sanders,1973,1,0.0,-1.0,CZE,18,atp_rankings_2026_06_22.csv
2026-06-22,214024,Djordje Sapic,1973,1,0.0,-81.0,SRB,,atp_rankings_2026_06_22.csv
2026-06-22,214318,Michael Savano,1973,1,0.0,-1.0,USA,18,atp_rankings_2026_06_22.csv
2026-06-22,208418,Jonas Schaer,1973,1,0.0,-1.0,SUI,25,atp_rankings_2026_06_22.csv
2026-06-22,213633,Rethin Pranav Senthil Kumar,1973,1,0.0,-1.0,IND,,atp_rankings_2026_06_22.csv
2026-06-22,210349,Amaan Siddiqui,1973,1,0.0,-1.0,IND,24,atp_rankings_2026_06_22.csv
2026-06-22,214387,Svarmanyu Singh,1973,1,0.0,-1.0,IND,20,atp_rankings_2026_06_22.csv
2026-06-22,213723,Stephen Slocombe,1973,1,0.0,-1.0,BAR,23,atp_rankings_2026_06_22.csv
2026-06-22,214031,Nicholas Steiglehner,1973,1,0.0,-1.0,USA,22,atp_rankings_2026_06_22.csv
2026-06-22,212636,Maxime St Hilaire,1973,1,0.0,-1.0,CAN,23,atp_rankings_2026_06_22.csv
2026-06-22,214290,Leonardo Suarez,1973,1,0.0,-1.0,BOL,17,atp_rankings_2026_06_22.csv
2026-06-22,213981,Elias Sumann,1973,1,0.0,-1.0,AUT,20,atp_rankings_2026_06_22.csv
2026-06-22,210664,Bjorn Swenson,1973,1,0.0,103.0,USA,22,atp_rankings_2026_06_22.csv
2026-06-22,214514,Abubakar Talha,1973,1,0.0,-1.0,PAK,16,atp_rankings_2026_06_22.csv
2026-06-22,212092,Yu Tanaka,1973,1,0.0,-1.0,JPN,22,atp_rankings_2026_06_22.csv
2026-06-22,214068,Daniel Tazabekov,1973,1,0.0,-1.0,KAZ,18,atp_rankings_2026_06_22.csv
2026-06-22,213020,Aadarsh Tripathi,1973,1,0.0,-1.0,USA,22,atp_rankings_2026_06_22.csv
2026-06-22,214297,Julian Valenzuela,1973,1,0.0,-1.0,CHI,18,atp_rankings_2026_06_22.csv
2026-06-22,214187,Luigi Valletta,1973,1,0.0,-1.0,ITA,18,atp_rankings_2026_06_22.csv
2026-06-22,210206,Jip Van Assendelft,1973,1,0.0,-1.0,NED,24,atp_rankings_2026_06_22.csv
2026-06-22,213746,Felipe Vazquez,1973,1,,,URU,18,atp_rankings_2026_06_22.csv
2026-06-22,125804,Brandon Walkin,1973,1,0.0,-1.0,GBR,31,atp_rankings_2026_06_22.csv
2026-06-22,213907,Christian Wedel,1973,1,0.0,-1.0,GER,,atp_rankings_2026_06_22.csv
2026-06-22,214358,Finn Willman,1973,1,0.0,-1.0,NZL,19,atp_rankings_2026_06_22.csv
2026-06-22,214110,Kai An Wu,1973,1,0.0,-1.0,TPE,19,atp_rankings_2026_06_22.csv
2026-06-22,126715,Fernando Yamacita,1973,1,0.0,-1.0,BRA,28,atp_rankings_2026_06_22.csv
2026-06-22,214509,Natsuki Yamamoto,1973,1,0.0,-1.0,JPN,20,atp_rankings_2026_06_22.csv
2026-06-22,208076,Danielle Abadia,2081,1,0.0,-5.0,SGP,24,atp_rankings_2026_06_22.csv
2026-06-22,210662,Marco Alvarez,2081,1,0.0,-5.0,USA,25,atp_rankings_2026_06_22.csv
2026-06-22,109732,Enrique Bogo,2081,1,0.0,-5.0,BRA,30,atp_rankings_2026_06_22.csv
2026-06-22,214301,Matthew Carroll,2081,1,0.0,-5.0,GBR,,atp_rankings_2026_06_22.csv
2026-06-22,149161,David Cristian Carteputreda,2081,1,0.0,-5.0,ROU,19,atp_rankings_2026_06_22.csv
2026-06-22,214154,Enrique Collar,2081,1,0.0,-5.0,ESP,18,atp_rankings_2026_06_22.csv
2026-06-22,208927,Milledge Cossu,2081,1,0.0,-5.0,USA,24,atp_rankings_2026_06_22.csv
2026-06-22,209933,Clement Deleersnyder,2081,1,0.0,-5.0,FRA,24,atp_rankings_2026_06_22.csv
2026-06-22,214165,Joao Pedro Didoni Bonini,2081,1,0.0,-5.0,BRA,18,atp_rankings_2026_06_22.csv
2026-06-22,212929,Nikola Djukic Valera,2081,1,-1.0,-295.0,ESP,,atp_rankings_2026_06_22.csv
2026-06-22,213961,Tarek Erlewein,2081,1,0.0,-5.0,GER,23,atp_rankings_2026_06_22.csv
2026-06-22,214375,Luis Andres Flores Avila,2081,1,0.0,-5.0,MEX,18,atp_rankings_2026_06_22.csv
2026-06-22,214305,Mario Andre Galarraga,2081,1,0.0,-5.0,ECU,18,atp_rankings_2026_06_22.csv
2026-06-22,214017,Jon Gamble,2081,1,0.0,-5.0,USA,,atp_rankings_2026_06_22.csv
2026-06-22,209895,Sai Karteek Reddy Ganta,2081,1,0.0,-5.0,IND,26,atp_rankings_2026_06_22.csv
2026-06-22,209316,Anthony Genov,2081,1,0.0,-5.0,BUL,24,atp_rankings_2026_06_22.csv
2026-06-22,213282,Trisztan Gubi,2081,1,0.0,-5.0,HUN,21,atp_rankings_2026_06_22.csv
2026-06-22,213680,Javier Guzman,2081,1,0.0,-5.0,CHL,,atp_rankings_2026_06_22.csv
2026-06-22,213949,Julius Maximilian Haus,2081,1,0.0,-5.0,GER,19,atp_rankings_2026_06_22.csv
2026-06-22,214096,llan Hediger,2081,1,0.0,-5.0,SUI,19,atp_rankings_2026_06_22.csv
2026-06-22,208083,Adam Heinonen,2081,1,0.0,68.0,SWE,23,atp_rankings_2026_06_22.csv
2026-06-22,214520,Stijn Hofman,2081,1,0.0,-5.0,NED,23,atp_rankings_2026_06_22.csv
2026-06-22,200662,Toru Horie,2081,1,0.0,-5.0,JPN,27,atp_rankings_2026_06_22.csv
2026-06-22,208878,Ryder Jackson,2081,1,0.0,-5.0,USA,21,atp_rankings_2026_06_22.csv
2026-06-22,213199,Dorian Juszczak,2081,1,0.0,-5.0,POL,21,atp_rankings_2026_06_22.csv
2026-06-22,214035,Guelord Kayombo,2081,1,0.0,-5.0,COD,,atp_rankings_2026_06_22.csv
2026-06-22,103499,Aqeel Khan,2081,1,0.0,-5.0,PAK,46,atp_rankings_2026_06_22.csv
2026-06-22,200690,Yuhei Kono,2081,1,0.0,68.0,JPN,30,atp_rankings_2026_06_22.csv
2026-06-22,210248,Jakub Kroslak,2081,1,0.0,-5.0,SVK,23,atp_rankings_2026_06_22.csv
2026-06-22,213565,Isaac Lhomond,2081,1,0.0,-5.0,FRA,,atp_rankings_2026_06_22.csv
2026-06-22,208841,Zekai Li,2081,1,0.0,-5.0,CHN,26,atp_rankings_2026_06_22.csv
2026-06-22,211699,Franco Marini,2081,1,0.0,-5.0,ARG,,atp_rankings_2026_06_22.csv
2026-06-22,212188,Benjamin Martin,2081,1,0.0,-5.0,FRA,21,atp_rankings_2026_06_22.csv
2026-06-22,132804,Jordi Mas De Ugarte,2081,1,0.0,-5.0,ESP,30,atp_rankings_2026_06_22.csv
2026-06-22,214314,Cooper Mccarthy,2081,1,0.0,-5.0,RSA,16,atp_rankings_2026_06_22.csv
2026-06-22,214576,Andre Megrabian,2081,1,0.0,-5.0,BEL,21,atp_rankings_2026_06_22.csv
2026-06-22,132433,Stefan Menichella,2081,1,0.0,-5.0,USA,31,atp_rankings_2026_06_22.csv
2026-06-22,214367,Marco Migliorati,2081,1,0.0,-5.0,ITA,22,atp_rankings_2026_06_22.csv
2026-06-22,213158,Vicente Monge,2081,1,0.0,-5.0,PER,19,atp_rankings_2026_06_22.csv
2026-06-22,212805,Saba George Nanobashvili,2081,1,0.0,-5.0,SWE,21,atp_rankings_2026_06_22.csv
2026-06-22,211489,Maximilian Oezcelik,2081,1,0.0,-5.0,GER,,atp_rankings_2026_06_22.csv
2026-06-22,209873,Eric Jr. Olivarez,2081,1,0.0,-5.0,PHI,28,atp_rankings_2026_06_22.csv
2026-06-22,212764,Fabrizio Karol Pio Osti,2081,1,0.0,-5.0,ITA,20,atp_rankings_2026_06_22.csv
2026-06-22,212813,Kentaro Otsuka,2081,1,0.0,-5.0,JPN,,atp_rankings_2026_06_22.csv
2026-06-22,212619,Charlie Pade,2081,1,0.0,-5.0,AUS,21,atp_rankings_2026_06_22.csv
2026-06-22,212633,Tomas Pinho,2081,1,0.0,-5.0,POR,23,atp_rankings_2026_06_22.csv
2026-06-22,214172,Mattias Pisanu,2081,1,0.0,-5.0,ITA,18,atp_rankings_2026_06_22.csv
2026-06-22,212170,David Prasievi,2081,1,0.0,-5.0,USA,,atp_rankings_2026_06_22.csv
2026-06-22,211592,Tadija Radovanovic,2081,1,0.0,-5.0,SRB,26,atp_rankings_2026_06_22.csv
2026-06-22,214019,Hidde Schoenmakers,2081,1,0.0,-5.0,NED,,atp_rankings_2026_06_22.csv
2026-06-22,131999,Kyle Seelig,2081,1,0.0,-5.0,USA,28,atp_rankings_2026_06_22.csv
2026-06-22,214372,Rajat Shirur,2081,1,0.0,-109.0,USA,18,atp_rankings_2026_06_22.csv
2026-06-22,214328,Andre Souza,2081,1,0.0,-5.0,BRA,23,atp_rankings_2026_06_22.csv
2026-06-22,211607,Filip Stidell,2081,1,0.0,-5.0,SWE,20,atp_rankings_2026_06_22.csv
2026-06-22,212557,Samuel Stolarik,2081,1,0.0,-5.0,SVK,22,atp_rankings_2026_06_22.csv
2026-06-22,213160,Adam Gabor Szoke,2081,1,0.0,-5.0,HUN,22,atp_rankings_2026_06_22.csv
2026-06-22,210702,Jinpeng Tang,2081,1,0.0,-5.0,CHN,19,atp_rankings_2026_06_22.csv
2026-06-22,214088,Uladzislau Tarasevich,2081,1,0.0,-5.0,BEL,21,atp_rankings_2026_06_22.csv
2026-06-22,214077,Vaal Urankar,2081,1,0.0,-5.0,SLO,21,atp_rankings_2026_06_22.csv
2026-06-22,212098,Iker Urribarrens Ramirez,2081,1,0.0,-109.0,ESP,22,atp_rankings_2026_06_22.csv
2026-06-22,207725,Niels Peter Van Noord,2081,1,0.0,-5.0,CAN,26,atp_rankings_2026_06_22.csv
2026-06-22,213708,Henrik Villanger,2081,1,0.0,-5.0,NOR,,atp_rankings_2026_06_22.csv
2026-06-22,214307,Ids Waterbolk,2081,1,0.0,-5.0,NED,25,atp_rankings_2026_06_22.csv
2026-06-22,211563,Aaron James Williams,2081,1,0.0,-5.0,GER,22,atp_rankings_2026_06_22.csv
2026-06-22,212102,Maximus Zavier Wong,2081,1,0.0,-5.0,SIN,,atp_rankings_2026_06_22.csv
2026-06-22,210597,Ahmed Zaki,2081,1,0.0,-5.0,EGY,21,atp_rankings_2026_06_22.csv
2026-06-22,213047,Marcin Andrzejczak,2147,1,0.0,2.0,POL,,atp_rankings_2026_06_22.csv
2026-06-22,214211,Arian Barbic,2147,1,0.0,2.0,GER,17,atp_rankings_2026_06_22.csv
2026-06-22,214055,Flavio Bocci,2147,1,0.0,2.0,ITA,,atp_rankings_2026_06_22.csv
2026-06-22,212601,Luka Bojicic Ono,2147,1,0.0,2.0,BRA,21,atp_rankings_2026_06_22.csv
2026-06-22,212497,Alvaro Bueno Gil,2147,1,0.0,2.0,ESP,26,atp_rankings_2026_06_22.csv
2026-06-22,209282,Ian Luca Cervantes Tomas,2147,1,0.0,2.0,MEX,22,atp_rankings_2026_06_22.csv
2026-06-22,214241,Sasha Colleu,2147,1,0.0,-71.0,FRA,,atp_rankings_2026_06_22.csv
2026-06-22,214147,Livas Eduardo De Carvalho Damazio,2147,1,0.0,2.0,BRA,16,atp_rankings_2026_06_22.csv
2026-06-22,214544,Tugra Duran,2147,1,0.0,-71.0,TUR,19,atp_rankings_2026_06_22.csv
2026-06-22,207167,Barney Fitzpatrick,2147,1,0.0,2.0,GBR,24,atp_rankings_2026_06_22.csv
2026-06-22,200187,Luc Fomba,2147,1,0.0,2.0,FRA,27,atp_rankings_2026_06_22.csv
2026-06-22,207748,Hong Lin Fu,2147,1,0.0,2.0,TPE,24,atp_rankings_2026_06_22.csv
2026-06-22,208243,Seon Yong Han,2147,1,0.0,2.0,KOR,25,atp_rankings_2026_06_22.csv
2026-06-22,212472,Xirui Han,2147,1,0.0,42.0,CHN,20,atp_rankings_2026_06_22.csv
2026-06-22,214005,Ludvig Fredrik Hede,2147,1,0.0,42.0,SWE,19,atp_rankings_2026_06_22.csv
2026-06-22,214263,Matic Hribar,2147,1,0.0,2.0,SLO,19,atp_rankings_2026_06_22.csv
2026-06-22,208157,Jan Jermar,2147,1,0.0,2.0,CZE,26,atp_rankings_2026_06_22.csv
2026-06-22,214067,Mikhail Khodorchenko,2147,1,0.0,2.0,RUS,,atp_rankings_2026_06_22.csv
2026-06-22,213181,Rein Koenders,2147,1,0.0,2.0,NED,,atp_rankings_2026_06_22.csv
2026-06-22,214076,Matyas Kozlovsky,2147,1,0.0,-71.0,CZE,18,atp_rankings_2026_06_22.csv
2026-06-22,214259,Rodrigo Leal,2147,1,0.0,2.0,POR,,atp_rankings_2026_06_22.csv
2026-06-22,125848,Niels Lootsma,2147,1,0.0,2.0,NED,31,atp_rankings_2026_06_22.csv
2026-06-22,214294,Augusto Mateo Lucarelli,2147,1,0.0,-71.0,ARG,19,atp_rankings_2026_06_22.csv
2026-06-22,209328,Martin Maldonado,2147,1,0.0,2.0,ECU,,atp_rankings_2026_06_22.csv
2026-06-22,213152,William Manning,2147,1,,,USA,20,atp_rankings_2026_06_22.csv
2026-06-22,212754,Norbert Marosik,2147,1,0.0,2.0,SVK,22,atp_rankings_2026_06_22.csv
2026-06-22,208897,Pablo Masjuan Ginel,2147,1,0.0,2.0,ESP,23,atp_rankings_2026_06_22.csv
2026-06-22,212024,Alejandro Melero Kretzer,2147,1,0.0,2.0,ESP,21,atp_rankings_2026_06_22.csv
2026-06-22,213831,Vicente Freda,2147,1,0.0,2.0,BRA,19,atp_rankings_2026_06_22.csv
2026-06-22,210476,Enmanuel Munoz,2147,1,0.0,42.0,DOM,21,atp_rankings_2026_06_22.csv
2026-06-22,212938,Botond Nagy,2147,1,0.0,-71.0,HUN,,atp_rankings_2026_06_22.csv
2026-06-22,209137,Noppadol Noikor,2147,1,0.0,2.0,THA,26,atp_rankings_2026_06_22.csv
2026-06-22,213595,Oluwaseun Peter Ogunsakin,2147,1,,,NGA,,atp_rankings_2026_06_22.csv
2026-06-22,214404,Oscar Pinto Sansano,2147,1,0.0,2.0,ESP,23,atp_rankings_2026_06_22.csv
2026-06-22,214247,Vihaan Reddy,2147,1,0.0,2.0,IND,16,atp_rankings_2026_06_22.csv
2026-06-22,211603,Freddie Ridout,2147,1,0.0,2.0,GBR,,atp_rankings_2026_06_22.csv
2026-06-22,213905,Daniil Stepanov,2147,1,0.0,2.0,RUS,19,atp_rankings_2026_06_22.csv
2026-06-22,211493,Calin Teodor Stirbu,2147,1,0.0,2.0,ROU,20,atp_rankings_2026_06_22.csv
2026-06-22,211703,Sarthak Suden,2147,1,0.0,2.0,IND,,atp_rankings_2026_06_22.csv
2026-06-22,210580,Zaharije Zak Talic,2147,1,0.0,2.0,AUS,27,atp_rankings_2026_06_22.csv
2026-06-22,214427,Tim Vaisman,2147,1,0.0,2.0,ISR,19,atp_rankings_2026_06_22.csv
2026-06-22,210704,Kian Vakili,2147,1,0.0,2.0,USA,22,atp_rankings_2026_06_22.csv
2026-06-22,212869,Franco Ariel Vazquez,2147,1,0.0,-71.0,ARG,,atp_rankings_2026_06_22.csv
2026-06-22,106210,Jiri Vesely,2147,1,0.0,2.0,CZE,32,atp_rankings_2026_06_22.csv
2026-06-22,202413,Lazar Vojinovic,2147,1,0.0,2.0,SRB,27,atp_rankings_2026_06_22.csv
2026-06-22,212469,Qiulin Wang,2147,1,0.0,2.0,CHN,23,atp_rankings_2026_06_22.csv
2026-06-22,208726,Alberto Odiseo Alvarado Berrospi,2193,1,0.0,-4.0,PER,26,atp_rankings_2026_06_22.csv
2026-06-22,213535,Mario Arce Fernandez,2193,1,0.0,-4.0,ESP,,atp_rankings_2026_06_22.csv
2026-06-22,106339,Felipe Assuncao Garla,2193,1,0.0,-44.0,BRA,32,atp_rankings_2026_06_22.csv
2026-06-22,138328,Patricio Betancourt Gonzalez,2193,1,0.0,-4.0,MEX,32,atp_rankings_2026_06_22.csv
2026-06-22,211738,Jonah Braswell,2193,1,0.0,-4.0,USA,22,atp_rankings_2026_06_22.csv
2026-06-22,214063,Simon Caldwell,2193,1,0.0,-4.0,USA,,atp_rankings_2026_06_22.csv
2026-06-22,214014,Pedro Henrique Chabalgoity,2193,1,0.0,-4.0,BRA,,atp_rankings_2026_06_22.csv
2026-06-22,214094,Penn Charusorn,2193,1,0.0,-4.0,THA,18,atp_rankings_2026_06_22.csv
2026-06-22,213140,Edoardo De Filippo,2193,1,0.0,-4.0,ITA,21,atp_rankings_2026_06_22.csv
2026-06-22,210396,Dmitry Dolzhenkov,2193,1,0.0,-4.0,RUS,21,atp_rankings_2026_06_22.csv
2026-06-22,212792,Thomas Drayton,2193,1,0.0,-4.0,GBR,,atp_rankings_2026_06_22.csv
2026-06-22,149285,Mustapha El Natour,2193,1,,,LBN,21,atp_rankings_2026_06_22.csv
2026-06-22,202347,Francisco Faria,2193,1,0.0,-4.0,POR,27,atp_rankings_2026_06_22.csv
2026-06-22,214124,Matteo Gribaldo,2193,1,0.0,-4.0,ITA,,atp_rankings_2026_06_22.csv
2026-06-22,212150,Oskar Jansson,2193,1,-1.0,-384.0,SWE,21,atp_rankings_2026_06_22.csv
2026-06-22,213928,Reid Jarvis,2193,1,0.0,-4.0,USA,,atp_rankings_2026_06_22.csv
2026-06-22,208558,Rafael Kis Balazs,2193,1,0.0,-4.0,HUN,24,atp_rankings_2026_06_22.csv
2026-06-22,212272,Nikos Lehmann,2193,1,0.0,-4.0,ARG,21,atp_rankings_2026_06_22.csv
2026-06-22,214260,Salvador Monteiro,2193,1,0.0,-4.0,POR,18,atp_rankings_2026_06_22.csv
2026-06-22,200233,Nicaise Muamba,2193,1,0.0,-4.0,CAN,25,atp_rankings_2026_06_22.csv
2026-06-22,212811,Matteo Mura,2193,1,0.0,-4.0,ITA,,atp_rankings_2026_06_22.csv
2026-06-22,210011,Aristarkh Safonov,2193,1,0.0,24.0,RUS,23,atp_rankings_2026_06_22.csv
2026-06-22,207685,Peter Sallay,2193,1,0.0,24.0,HUN,25,atp_rankings_2026_06_22.csv
2026-06-22,210331,Alessandro Spadola,2193,1,0.0,24.0,ITA,23,atp_rankings_2026_06_22.csv
2026-06-22,207178,Joe Tyler,2193,1,0.0,-4.0,GBR,27,atp_rankings_2026_06_22.csv
2026-06-22,214028,Matei Varbanciu,2193,1,0.0,-44.0,ROU,,atp_rankings_2026_06_22.csv
2026-06-22,212087,Dmitrii Vasilev,2193,1,0.0,-4.0,RUS,25,atp_rankings_2026_06_22.csv
2026-06-22,212956,Lachlan Vickery,2193,1,0.0,-4.0,AUS,22,atp_rankings_2026_06_22.csv
2026-06-22,144927,Siddharth Vishwakarma,2193,1,-4.0,-777.0,IND,31,atp_rankings_2026_06_22.csv
2026-06-22,208542,Linghao Zhang,2193,1,0.0,-4.0,CHN,23,atp_rankings_2026_06_22.csv
2026-06-22,211554,Suk Ann,2223,1,0.0,-6.0,KOR,,atp_rankings_2026_06_22.csv
2026-06-22,213855,Cezar Stefan Bentzel,2223,1,0.0,-6.0,ROU,,atp_rankings_2026_06_22.csv
2026-06-22,213612,Daniil Bogatov,2223,1,0.0,-6.0,RUS,,atp_rankings_2026_06_22.csv
2026-06-22,213952,Leonel Cesar Castro,2223,1,0.0,-6.0,ARG,,atp_rankings_2026_06_22.csv
2026-06-22,208559,Rahul Dhokia,2223,1,0.0,-6.0,GBR,25,atp_rankings_2026_06_22.csv
2026-06-22,212529,Alex Finkelstein,2223,1,0.0,21.0,USA,23,atp_rankings_2026_06_22.csv
2026-06-22,214070,Jose Freitas,2223,1,0.0,-6.0,POR,19,atp_rankings_2026_06_22.csv
2026-06-22,212925,Alexandru Toubi Hebhang Balan,2223,1,0.0,-6.0,CAN,,atp_rankings_2026_06_22.csv
2026-06-22,210723,Liam Hignett,2223,1,0.0,-6.0,GBR,26,atp_rankings_2026_06_22.csv
2026-06-22,213970,Nicolas Hurtado Novoa,2223,1,0.0,-6.0,COL,,atp_rankings_2026_06_22.csv
2026-06-22,213168,Patrick Jozwicki,2223,1,0.0,-6.0,AUT,,atp_rankings_2026_06_22.csv
2026-06-22,212701,Ruslan Kastsiukevich,2223,1,0.0,-6.0,BLR,19,atp_rankings_2026_06_22.csv
2026-06-22,211589,Tilen Kovac,2223,1,0.0,21.0,SLO,23,atp_rankings_2026_06_22.csv
2026-06-22,213185,Makar Krivoshchekov,2223,1,0.0,-6.0,RUS,20,atp_rankings_2026_06_22.csv
2026-06-22,212825,Cian Maguire,2223,1,0.0,-6.0,IRL,26,atp_rankings_2026_06_22.csv
2026-06-22,214207,Thomas Enrique Menzel Piccioli,2223,1,0.0,-6.0,CHI,18,atp_rankings_2026_06_22.csv
2026-06-22,213329,Matteo Mesaglio,2223,1,0.0,-6.0,ITA,21,atp_rankings_2026_06_22.csv
2026-06-22,212945,Yong Joon Park,2223,1,0.0,-6.0,KOR,24,atp_rankings_2026_06_22.csv
2026-06-22,213415,Glauco Pinheiro Da Cruz Junior,2223,1,0.0,-6.0,BRA,21,atp_rankings_2026_06_22.csv
2026-06-22,209281,Dylan Salton,2223,1,0.0,-6.0,RSA,23,atp_rankings_2026_06_22.csv
2026-06-22,210453,Cedric Stanke,2223,1,0.0,-6.0,GER,27,atp_rankings_2026_06_22.csv
2026-06-22,212922,Maties Torres Ramis,2223,1,0.0,-6.0,ESP,,atp_rankings_2026_06_22.csv
2026-06-22,214081,Denis Vishenchuk Vishenko,2223,1,0.0,-34.0,RUS,19,atp_rankings_2026_06_22.csv
2026-06-22,213883,Yue Xia,2223,1,0.0,-6.0,CHN,,atp_rankings_2026_06_22.csv
2026-06-22,213410,Romain Andres,2247,1,0.0,-3.0,FRA,19,atp_rankings_2026_06_22.csv
2026-06-22,206645,Samuel De Felipe Garcia,2247,1,,,ESP,26,atp_rankings_2026_06_22.csv
2026-06-22,207980,Alexey Dubinin,2247,1,0.0,-3.0,RUS,27,atp_rankings_2026_06_22.csv
2026-06-22,212571,Jim Hendrikx,2247,1,0.0,-30.0,NED,24,atp_rankings_2026_06_22.csv
2026-06-22,213664,Vladimir Holban,2247,1,0.0,-3.0,GRE,,atp_rankings_2026_06_22.csv
2026-06-22,127999,Petr Iamachkine,2247,1,0.0,-3.0,PER,30,atp_rankings_2026_06_22.csv
2026-06-22,111772,Krittin Koaykul,2247,1,0.0,-3.0,THA,31,atp_rankings_2026_06_22.csv
2026-06-22,211573,Lucky Candra Kurniawan,2247,1,0.0,-3.0,INA,22,atp_rankings_2026_06_22.csv
2026-06-22,213339,Agustin Libre,2247,1,0.0,-3.0,ARG,18,atp_rankings_2026_06_22.csv
2026-06-22,214012,Jaden Dewandaka Tan,2247,1,0.0,-3.0,INA,,atp_rankings_2026_06_22.csv
2026-06-22,212164,Breno Rossetto Urvaneja,2247,1,0.0,9.0,BRA,21,atp_rankings_2026_06_22.csv
2026-06-22,211766,Zachary Adam Gedge,2258,1,0.0,-2.0,AUS,,atp_rankings_2026_06_22.csv
2026-06-22,212192,Victor Bini,2258,1,0.0,-2.0,BRA,23,atp_rankings_2026_06_22.csv
2026-06-22,213775,Mateo Carballo,2258,1,0.0,-2.0,ARG,,atp_rankings_2026_06_22.csv
2026-06-22,210751,Isaac Nortey,2258,1,0.0,-2.0,GHA,26,atp_rankings_2026_06_22.csv
2026-06-22,212716,Kyle Overmyer,2258,1,0.0,-14.0,USA,22,atp_rankings_2026_06_22.csv
2026-06-22,212875,Zhengyu Sun,2258,1,0.0,-2.0,CHN,19,atp_rankings_2026_06_22.csv
2026-06-22,212971,Tsz Fu Wong,2258,1,0.0,-14.0,HKG,20,atp_rankings_2026_06_22.csv
2026-06-22,209267,Vesa Ahti,2265,1,0.0,-2.0,FIN,27,atp_rankings_2026_06_22.csv
2026-06-22,210174,Matic Dimic,2266,1,0.0,2.0,SLO,24,atp_rankings_2026_06_22.csv
2026-06-22,209978,Jordi Garcia Mestre,2266,1,0.0,-2.0,ESP,23,atp_rankings_2026_06_22.csv
2026-06-22,214159,Yassin Ahmed Wageh,2266,1,0.0,-2.0,EGY,18,atp_rankings_2026_06_22.csv
2026-06-22,213537,Jose Dominguez Alonso,2269,1,0.0,-5.0,ESP,,atp_rankings_2026_06_22.csv
2026-06-22,209885,Gokberk Saritas,2270,1,-1.0,-380.0,TUR,22,atp_rankings_2026_06_22.csv
2026-06-22,212067,Ye Hongyu,2271,1,0.0,0.0,CHN,21,atp_rankings_2026_06_22.csv
2026-06-22,213494,Bogdan Seleznev,2272,1,0.0,-1.0,RUS,24,atp_rankings_2026_06_22.csv
