ranking_date,player_id,player_name,atp_rank,atp_points,atp_points_change,atp_rank_change,country,age,source_file
2026-05-18,206173,Jannik Sinner,1,14700,350.0,0.0,ITA,24,atp_rankings_2026_05_18.csv
2026-05-18,207989,Carlos Alcaraz,2,11960,-1000.0,0.0,ESP,23,atp_rankings_2026_05_18.csv
2026-05-18,100644,Alexander Zverev,3,5705,-100.0,0.0,GER,29,atp_rankings_2026_05_18.csv
2026-05-18,104925,Novak Djokovic,4,4710,10.0,0.0,SRB,38,atp_rankings_2026_05_18.csv
2026-05-18,200000,Felix Auger Aliassime,5,4060,10.0,0.0,CAN,25,atp_rankings_2026_05_18.csv
2026-05-18,210097,Ben Shelton,6,4030,0.0,0.0,USA,23,atp_rankings_2026_05_18.csv
2026-05-18,106421,Daniil Medvedev,7,3760,300.0,2.0,RUS,30,atp_rankings_2026_05_18.csv
2026-05-18,126203,Taylor Fritz,8,3720,-50.0,-1.0,USA,28,atp_rankings_2026_05_18.csv
2026-05-18,200282,Alex De Minaur,9,3665,-90.0,-1.0,AUS,27,atp_rankings_2026_05_18.csv
2026-05-18,122330,Alexander Bublik,10,3230,-125.0,1.0,KAZ,28,atp_rankings_2026_05_18.csv
2026-05-18,207518,Lorenzo Musetti,11,3115,-300.0,-1.0,ITA,24,atp_rankings_2026_05_18.csv
2026-05-18,207925,Flavio Cobolli,12,2790,40.0,0.0,ITA,24,atp_rankings_2026_05_18.csv
2026-05-18,126094,Andrey Rublev,13,2780,190.0,1.0,RUS,28,atp_rankings_2026_05_18.csv
2026-05-18,208103,Jiri Lehecka,14,2715,0.0,-1.0,CZE,24,atp_rankings_2026_05_18.csv
2026-05-18,111575,Karen Khachanov,15,2320,100.0,0.0,RUS,29,atp_rankings_2026_05_18.csv
2026-05-18,209260,Luciano Darderi,16,2260,370.0,4.0,ITA,24,atp_rankings_2026_05_18.csv
2026-05-18,134770,Casper Ruud,17,2185,450.0,8.0,NOR,27,atp_rankings_2026_05_18.csv
2026-05-18,200473,Valentin Vacherot,18,2103,-44.0,-2.0,MON,27,atp_rankings_2026_05_18.csv
2026-05-18,209950,Arthur Fils,19,2040,-90.0,-2.0,FRA,21,atp_rankings_2026_05_18.csv
2026-05-18,210530,Learner Tien,20,1940,70.0,1.0,USA,20,atp_rankings_2026_05_18.csv
2026-05-18,126207,Frances Tiafoe,21,1905,40.0,1.0,USA,28,atp_rankings_2026_05_18.csv
2026-05-18,111815,Cameron Norrie,22,1888,-30.0,-3.0,GBR,30,atp_rankings_2026_05_18.csv
2026-05-18,200221,Alejandro Davidovich Fokina,23,1820,0.0,0.0,ESP,26,atp_rankings_2026_05_18.csv
2026-05-18,126239,Arthur Rinderknech,24,1711,-25.0,0.0,FRA,30,atp_rankings_2026_05_18.csv
2026-05-18,144869,Tomas Martin Etcheverry,25,1630,-30.0,1.0,ARG,26,atp_rankings_2026_05_18.csv
2026-05-18,126205,Tommy Paul,26,1625,-350.0,-8.0,USA,29,atp_rankings_2026_05_18.csv
2026-05-18,202103,Francisco Cerundolo,27,1570,-50.0,0.0,ARG,27,atp_rankings_2026_05_18.csv
2026-05-18,210084,Jakub Mensik,28,1510,-90.0,0.0,CZE,20,atp_rankings_2026_05_18.csv
2026-05-18,212588,Rafael Jodar,29,1461,188.0,5.0,ESP,19,atp_rankings_2026_05_18.csv
2026-05-18,211663,Joao Fonseca,30,1435,0.0,-1.0,BRA,19,atp_rankings_2026_05_18.csv
2026-05-18,134868,Tallon Griekspoor,31,1340,-20.0,0.0,NED,29,atp_rankings_2026_05_18.csv
2026-05-18,144895,Corentin Moutet,32,1323,-90.0,-2.0,FRA,27,atp_rankings_2026_05_18.csv
2026-05-18,206909,Brandon Nakashima,33,1295,0.0,-1.0,USA,24,atp_rankings_2026_05_18.csv
2026-05-18,200005,Ugo Humbert,34,1280,0.0,-1.0,FRA,27,atp_rankings_2026_05_18.csv
2026-05-18,126214,Alejandro Tabilo,35,1278,30.0,0.0,CHI,28,atp_rankings_2026_05_18.csv
2026-05-18,210696,Alexander Blockx,36,1238,38.0,0.0,BEL,21,atp_rankings_2026_05_18.csv
2026-05-18,133430,Denis Shapovalov,37,1170,0.0,0.0,CAN,27,atp_rankings_2026_05_18.csv
2026-05-18,200267,Zizou Bergs,38,1150,10.0,1.0,BEL,26,atp_rankings_2026_05_18.csv
2026-05-18,144719,Jaume Munar,39,1105,-50.0,-1.0,ESP,29,atp_rankings_2026_05_18.csv
2026-05-18,207830,Tomas Machac,40,1080,-20.0,1.0,CZE,25,atp_rankings_2026_05_18.csv
2026-05-18,210506,Alex Michelsen,41,1075,-15.0,1.0,USA,21,atp_rankings_2026_05_18.csv
2026-05-18,208363,Mariano Navone,42,1066,20.0,2.0,ARG,25,atp_rankings_2026_05_18.csv
2026-05-18,208029,Holger Rune,43,1060,-50.0,-3.0,DEN,23,atp_rankings_2026_05_18.csv
2026-05-18,105173,Adrian Mannarino,44,1037,2.0,1.0,FRA,37,atp_rankings_2026_05_18.csv
2026-05-18,105227,Marin Cilic,45,1010,30.0,2.0,CRO,37,atp_rankings_2026_05_18.csv
2026-05-18,200624,Sebastian Korda,46,1000,-50.0,-3.0,USA,25,atp_rankings_2026_05_18.csv
2026-05-18,200175,Miomir Kecmanovic,47,980,185.0,23.0,SRB,26,atp_rankings_2026_05_18.csv
2026-05-18,209113,Gabriel Diallo,48,975,-25.0,-2.0,CAN,24,atp_rankings_2026_05_18.csv
2026-05-18,210319,Ethan Quinn,49,974,-3.0,-1.0,USA,22,atp_rankings_2026_05_18.csv
2026-05-18,132686,Nuno Borges,50,970,20.0,2.0,POR,29,atp_rankings_2026_05_18.csv
2026-05-18,209279,Terence Atmane,51,938,-20.0,0.0,FRA,24,atp_rankings_2026_05_18.csv
2026-05-18,206681,Fabian Marozsan,52,935,-40.0,-3.0,HUN,26,atp_rankings_2026_05_18.csv
2026-05-18,122298,Botic Van De Zandschulp,53,935,37.0,1.0,NED,30,atp_rankings_2026_05_18.csv
2026-05-18,207678,Juan Manuel Cerundolo,54,935,159.0,18.0,ARG,24,atp_rankings_2026_05_18.csv
2026-05-18,105870,Yannick Hanfmann,55,899,20.0,4.0,GER,34,atp_rankings_2026_05_18.csv
2026-05-18,209098,Hamad Medjedovic,56,894,90.0,11.0,SRB,22,atp_rankings_2026_05_18.csv
2026-05-18,209860,Ignacio Buse,57,893,30.0,5.0,PER,22,atp_rankings_2026_05_18.csv
2026-05-18,202058,Thiago Agustin Tirante,58,887,86.0,11.0,ARG,25,atp_rankings_2026_05_18.csv
2026-05-18,105916,Marton Fucsovics,59,884,0.0,-2.0,HUN,34,atp_rankings_2026_05_18.csv
2026-05-18,202385,Jenson Brooksby,60,872,10.0,3.0,USA,25,atp_rankings_2026_05_18.csv
2026-05-18,200615,Alexei Popyrin,61,870,0.0,-1.0,AUS,26,atp_rankings_2026_05_18.csv
2026-05-18,202104,Sebastian Baez,62,860,20.0,3.0,ARG,25,atp_rankings_2026_05_18.csv
2026-05-18,200240,Vit Kopriva,63,856,-40.0,-8.0,CZE,28,atp_rankings_2026_05_18.csv
2026-05-18,209920,Raphael Collignon,64,854,52.0,4.0,BEL,24,atp_rankings_2026_05_18.csv
2026-05-18,127157,Daniel Altmaier,65,843,-17.0,-1.0,GER,27,atp_rankings_2026_05_18.csv
2026-05-18,208882,Roman Andres Burruchaga,66,833,-52.0,-10.0,ARG,24,atp_rankings_2026_05_18.csv
2026-05-18,211776,Martin Landaluce,67,827,188.0,27.0,ESP,20,atp_rankings_2026_05_18.csv
2026-05-18,200116,Camilo Ugo Carabelli,68,825,-40.0,-7.0,ARG,26,atp_rankings_2026_05_18.csv
2026-05-18,132283,Lorenzo Sonego,69,815,-15.0,-3.0,ITA,31,atp_rankings_2026_05_18.csv
2026-05-18,209226,Adolfo Daniel Vallejo,70,786,83.0,14.0,PAR,22,atp_rankings_2026_05_18.csv
2026-05-18,209976,Dino Prizmic,71,785,45.0,8.0,CRO,20,atp_rankings_2026_05_18.csv
2026-05-18,208233,Mattia Bellucci,72,777,40.0,8.0,ITA,24,atp_rankings_2026_05_18.csv
2026-05-18,208316,Valentin Royer,73,773,-15.0,-2.0,FRA,24,atp_rankings_2026_05_18.csv
2026-05-18,207733,Jack Draper,74,760,-200.0,-24.0,GBR,24,atp_rankings_2026_05_18.csv
2026-05-18,124187,Reilly Opelka,75,758,-10.0,-1.0,USA,28,atp_rankings_2026_05_18.csv
2026-05-18,209070,Arthur Cazaux,76,757,-13.0,-3.0,FRA,23,atp_rankings_2026_05_18.csv
2026-05-18,111794,Kamil Majchrzak,77,747,0.0,-1.0,POL,30,atp_rankings_2026_05_18.csv
2026-05-18,128034,Hubert Hurkacz,78,740,-190.0,-25.0,POL,29,atp_rankings_2026_05_18.csv
2026-05-18,105526,Jan Lennard Struff,79,739,30.0,4.0,GER,36,atp_rankings_2026_05_18.csv
2026-05-18,208659,Giovanni Mpetshi Perricard,80,735,-145.0,-22.0,FRA,22,atp_rankings_2026_05_18.csv
2026-05-18,105477,Marco Trungelliti,81,731,-12.0,-3.0,ARG,36,atp_rankings_2026_05_18.csv
2026-05-18,126774,Stefanos Tsitsipas,82,725,-40.0,-7.0,GRE,27,atp_rankings_2026_05_18.csv
2026-05-18,105902,James Duckworth,83,722,0.0,-2.0,AUS,34,atp_rankings_2026_05_18.csv
2026-05-18,106218,Marcos Giron,84,705,-40.0,-7.0,USA,32,atp_rankings_2026_05_18.csv
2026-05-18,208260,Zachary Svajda,85,696,30.0,5.0,USA,23,atp_rankings_2026_05_18.csv
2026-05-18,210017,Daniel Merida Aguilar,86,696,0.0,0.0,ESP,21,atp_rankings_2026_05_18.csv
2026-05-18,106000,Damir Dzumhur,87,694,20.0,0.0,BIH,33,atp_rankings_2026_05_18.csv
2026-05-18,111460,Quentin Halys,88,690,37.0,5.0,FRA,29,atp_rankings_2026_05_18.csv
2026-05-18,207686,Alexander Shevchenko,89,689,-9.0,-4.0,KAZ,25,atp_rankings_2026_05_18.csv
2026-05-18,105807,Pablo Carreno Busta,90,685,22.0,1.0,ESP,34,atp_rankings_2026_05_18.csv
2026-05-18,124116,Sebastian Ofner,91,671,-40.0,-9.0,AUT,30,atp_rankings_2026_05_18.csv
2026-05-18,208118,Eliot Spizzirri,92,660,0.0,0.0,USA,24,atp_rankings_2026_05_18.csv
2026-05-18,200059,Yibing Wu,93,655,-14.0,-5.0,CHN,26,atp_rankings_2026_05_18.csv
2026-05-18,206499,Aleksandar Kovacevic,94,649,10.0,1.0,USA,27,atp_rankings_2026_05_18.csv
2026-05-18,200516,Patrick Kypson,95,649,-20.0,-6.0,USA,26,atp_rankings_2026_05_18.csv
2026-05-18,208286,Matteo Arnaldi,96,636,40.0,10.0,ITA,25,atp_rankings_2026_05_18.csv
2026-05-18,207182,Emilio Nava,97,631,37.0,11.0,USA,24,atp_rankings_2026_05_18.csv
2026-05-18,126127,Benjamin Bonzi,98,629,13.0,3.0,FRA,29,atp_rankings_2026_05_18.csv
2026-05-18,105138,Roberto Bautista Agut,99,629,0.0,-1.0,ESP,38,atp_rankings_2026_05_18.csv
2026-05-18,126846,Aleksandar Vukic,100,626,0.0,-1.0,AUS,30,atp_rankings_2026_05_18.csv
2026-05-18,200443,Adam Walton,101,614,6.0,2.0,AUS,27,atp_rankings_2026_05_18.csv
2026-05-18,208014,Rinky Hijikata,102,599,-38.0,-6.0,AUS,25,atp_rankings_2026_05_18.csv
2026-05-18,209414,Luca Van Assche,103,599,-37.0,-6.0,FRA,22,atp_rankings_2026_05_18.csv
2026-05-18,123828,Jan Choinski,104,599,73.0,18.0,GBR,29,atp_rankings_2026_05_18.csv
2026-05-18,200647,Sho Shimabukuro,105,596,0.0,2.0,JPN,28,atp_rankings_2026_05_18.csv
2026-05-18,144684,Alex Molcan,106,596,25.0,7.0,SVK,28,atp_rankings_2026_05_18.csv
2026-05-18,126610,Matteo Berrettini,107,585,-40.0,-7.0,ITA,30,atp_rankings_2026_05_18.csv
2026-05-18,124186,Alexandre Muller,108,581,-20.0,-3.0,FRA,29,atp_rankings_2026_05_18.csv
2026-05-18,207411,Jesper De Jong,109,580,-30.0,-7.0,NED,25,atp_rankings_2026_05_18.csv
2026-05-18,208169,Titouan Droguet,110,578,-16.0,-1.0,FRA,24,atp_rankings_2026_05_18.csv
2026-05-18,207494,Dalibor Svrcina,111,577,30.0,5.0,CZE,23,atp_rankings_2026_05_18.csv
2026-05-18,102093,Martin Damm,112,575,28.0,3.0,USA,22,atp_rankings_2026_05_18.csv
2026-05-18,209409,Coleman Wong,113,574,-9.0,-3.0,HKG,21,atp_rankings_2026_05_18.csv
2026-05-18,207681,Francisco Comesana,114,570,0.0,0.0,ARG,25,atp_rankings_2026_05_18.csv
2026-05-18,105932,Nikoloz Basilashvili,115,569,30.0,2.0,GEO,34,atp_rankings_2026_05_18.csv
2026-05-18,106426,Cristian Garin,116,552,-50.0,-12.0,CHI,29,atp_rankings_2026_05_18.csv
2026-05-18,210262,Jaime Faria,117,548,19.0,2.0,POR,22,atp_rankings_2026_05_18.csv
2026-05-18,210012,Henrique Rocha,118,528,-1.0,2.0,POR,22,atp_rankings_2026_05_18.csv
2026-05-18,104527,Stan Wawrinka,119,528,10.0,6.0,SUI,41,atp_rankings_2026_05_18.csv
2026-05-18,200384,Hugo Gaston,120,527,-8.0,-2.0,FRA,25,atp_rankings_2026_05_18.csv
2026-05-18,209857,Leandro Riedi,121,525,19.0,7.0,SUI,24,atp_rankings_2026_05_18.csv
2026-05-18,207985,Jacob Fearnley,122,523,0.0,1.0,GBR,24,atp_rankings_2026_05_18.csv
2026-05-18,149282,Nicolai Budkov Kjaer,123,520,1.0,1.0,NOR,19,atp_rankings_2026_05_18.csv
2026-05-18,208010,Pablo Llamas Ruiz,124,515,67.0,15.0,ESP,23,atp_rankings_2026_05_18.csv
2026-05-18,209262,Tristan Schoolkate,125,512,0.0,1.0,AUS,25,atp_rankings_2026_05_18.csv
2026-05-18,126504,Andrea Pellegrino,126,507,114.0,29.0,ITA,29,atp_rankings_2026_05_18.csv
2026-05-18,111456,Mackenzie Mcdonald,127,501,0.0,2.0,USA,31,atp_rankings_2026_05_18.csv
2026-05-18,208353,Francesco Maestrelli,128,490,-85.0,-16.0,ITA,23,atp_rankings_2026_05_18.csv
2026-05-18,209209,Filip Misolic,129,489,-87.0,-18.0,AUT,24,atp_rankings_2026_05_18.csv
2026-05-18,208278,Shintaro Mochizuki,130,480,0.0,0.0,JPN,22,atp_rankings_2026_05_18.csv
2026-05-18,208013,Dane Sweeny,131,468,6.0,4.0,AUS,25,atp_rankings_2026_05_18.csv
2026-05-18,209957,Jack Pinnington Jones,132,468,7.0,5.0,GBR,23,atp_rankings_2026_05_18.csv
2026-05-18,209147,Vilius Gaubas,133,464,-63.0,-12.0,LTU,21,atp_rankings_2026_05_18.csv
2026-05-18,202261,Otto Virtanen,134,462,-50.0,-7.0,FIN,24,atp_rankings_2026_05_18.csv
2026-05-18,144642,Tomas Barrios Vera,135,450,-14.0,-1.0,CHI,28,atp_rankings_2026_05_18.csv
2026-05-18,105583,Dusan Lajovic,136,446,-25.0,-4.0,SRB,35,atp_rankings_2026_05_18.csv
2026-05-18,105882,Stefano Travaglia,137,443,-1.0,4.0,ITA,34,atp_rankings_2026_05_18.csv
2026-05-18,121411,Moez Echargui,138,441,-6.0,2.0,TUN,33,atp_rankings_2026_05_18.csv
2026-05-18,106198,Hugo Dellien,139,437,-31.0,-6.0,BOL,32,atp_rankings_2026_05_18.csv
2026-05-18,210338,Arthur Gea,140,436,0.0,3.0,FRA,21,atp_rankings_2026_05_18.csv
2026-05-18,124079,Pedro Martinez,141,431,-30.0,-5.0,ESP,29,atp_rankings_2026_05_18.csv
2026-05-18,126128,Roman Safiullin,142,430,-3.0,2.0,RUS,28,atp_rankings_2026_05_18.csv
2026-05-18,209284,Elmer Moller,143,426,22.0,10.0,DEN,22,atp_rankings_2026_05_18.csv
2026-05-18,144750,Lloyd Harris,144,423,0.0,2.0,RSA,29,atp_rankings_2026_05_18.csv
2026-05-18,126535,Carlos Taberner,145,420,-57.0,-14.0,ESP,28,atp_rankings_2026_05_18.csv
2026-05-18,210116,Michael Zheng,146,414,0.0,3.0,USA,22,atp_rankings_2026_05_18.csv
2026-05-18,208021,Kyrian Jacquet,147,411,-12.0,0.0,FRA,25,atp_rankings_2026_05_18.csv
2026-05-18,111442,Jordan Thompson,148,408,-30.0,-6.0,AUS,32,atp_rankings_2026_05_18.csv
2026-05-18,126129,Billy Harris,149,408,-13.0,-1.0,GBR,31,atp_rankings_2026_05_18.csv
2026-05-18,207680,Facundo Diaz Acosta,150,407,71.0,29.0,ARG,25,atp_rankings_2026_05_18.csv
2026-05-18,106109,Alex Bolt,151,406,-50.0,-13.0,AUS,33,atp_rankings_2026_05_18.csv
2026-05-18,210536,Rei Sakamoto,152,405,13.0,4.0,JPN,19,atp_rankings_2026_05_18.csv
2026-05-18,209259,Arthur Fery,153,404,21.0,4.0,GBR,23,atp_rankings_2026_05_18.csv
2026-05-18,106331,Christopher Oconnell,154,403,-10.0,-4.0,AUS,31,atp_rankings_2026_05_18.csv
2026-05-18,200416,August Holmgren,155,396,28.0,12.0,DEN,28,atp_rankings_2026_05_18.csv
2026-05-18,210460,Nishesh Basavareddy,156,396,3.0,-2.0,USA,21,atp_rankings_2026_05_18.csv
2026-05-18,210136,Mark Lajal,157,386,3.0,1.0,EST,23,atp_rankings_2026_05_18.csv
2026-05-18,200514,Jurij Rodionov,158,379,0.0,2.0,AUT,27,atp_rankings_2026_05_18.csv
2026-05-18,210389,Toby Samuel,159,378,0.0,2.0,GBR,23,atp_rankings_2026_05_18.csv
2026-05-18,200259,Ugo Blanchet,160,376,3.0,2.0,FRA,27,atp_rankings_2026_05_18.csv
2026-05-18,208859,Francesco Passaro,161,372,-59.0,-16.0,ITA,25,atp_rankings_2026_05_18.csv
2026-05-18,144645,Zdenek Kolar,162,372,1.0,3.0,CZE,29,atp_rankings_2026_05_18.csv
2026-05-18,208134,Luca Nardi,163,366,-43.0,-12.0,ITA,22,atp_rankings_2026_05_18.csv
2026-05-18,208119,Liam Draxl,164,364,0.0,7.0,CAN,24,atp_rankings_2026_05_18.csv
2026-05-18,202127,Clement Tabur,165,360,-8.0,3.0,FRA,26,atp_rankings_2026_05_18.csv
2026-05-18,208210,Chris Rodesch,166,359,-10.0,0.0,LUX,24,atp_rankings_2026_05_18.csv
2026-05-18,207352,Bu Yunchaokete,167,358,-50.0,-15.0,CHN,24,atp_rankings_2026_05_18.csv
2026-05-18,127760,Lukas Klein,168,358,-22.0,-9.0,SVK,28,atp_rankings_2026_05_18.csv
2026-05-18,212082,Joel Schwaerzler,169,357,0.0,3.0,AUT,20,atp_rankings_2026_05_18.csv
2026-05-18,105777,Grigor Dimitrov,170,355,-10.0,0.0,BUL,35,atp_rankings_2026_05_18.csv
2026-05-18,200711,Nicolas Mejia,171,354,0.0,3.0,COL,26,atp_rankings_2026_05_18.csv
2026-05-18,127339,Borna Gojo,172,348,0.0,5.0,CRO,28,atp_rankings_2026_05_18.csv
2026-05-18,206748,Giulio Zeppieri,173,344,-28.0,-9.0,ITA,24,atp_rankings_2026_05_18.csv
2026-05-18,206750,Daniil Glinka,174,344,2.0,4.0,EST,26,atp_rankings_2026_05_18.csv
2026-05-18,200436,Zsombor Piros,175,342,-31.0,-12.0,HUN,26,atp_rankings_2026_05_18.csv
2026-05-18,106415,Yoshihito Nishioka,176,341,-10.0,-1.0,JPN,30,atp_rankings_2026_05_18.csv
2026-05-18,206889,Clement Chidekh,177,339,3.0,4.0,FRA,24,atp_rankings_2026_05_18.csv
2026-05-18,210178,Juan Carlos Prado Angelo,178,338,2.0,2.0,BOL,21,atp_rankings_2026_05_18.csv
2026-05-18,111200,Elias Ymer,179,333,-16.0,-3.0,SWE,30,atp_rankings_2026_05_18.csv
2026-05-18,106065,Marco Cecchinato,180,329,0.0,2.0,ITA,33,atp_rankings_2026_05_18.csv
2026-05-18,144870,Federico Agustin Gomez,181,328,6.0,5.0,ARG,29,atp_rankings_2026_05_18.csv
2026-05-18,111797,Nicolas Jarry,182,326,-30.0,-9.0,CHI,30,atp_rankings_2026_05_18.csv
2026-05-18,202358,Chun Hsin Tseng,183,326,-40.0,-14.0,TPE,24,atp_rankings_2026_05_18.csv
2026-05-18,206904,Gauthier Onclin,184,325,0.0,-1.0,BEL,25,atp_rankings_2026_05_18.csv
2026-05-18,208293,Gonzalo Bueno,185,325,0.0,-1.0,PER,22,atp_rankings_2026_05_18.csv
2026-05-18,212256,Colton Smith,186,322,14.0,4.0,USA,23,atp_rankings_2026_05_18.csv
2026-05-18,208361,Gustavo Heide,187,322,44.0,22.0,BRA,24,atp_rankings_2026_05_18.csv
2026-05-18,209903,Lukas Neumayer,188,319,12.0,3.0,AUT,23,atp_rankings_2026_05_18.csv
2026-05-18,126952,Soon Woo Kwon,189,317,100.0,63.0,KOR,28,atp_rankings_2026_05_18.csv
2026-05-18,211514,Justin Engel,190,316,-7.0,-5.0,GER,18,atp_rankings_2026_05_18.csv
2026-05-18,207608,Timofey Skatov,191,314,-3.0,-3.0,KAZ,25,atp_rankings_2026_05_18.csv
2026-05-18,209875,Alex Barrena,192,309,0.0,-3.0,ARG,23,atp_rankings_2026_05_18.csv
2026-05-18,208843,Jerome Kym,193,307,-12.0,-6.0,SUI,23,atp_rankings_2026_05_18.csv
2026-05-18,200008,Alexis Galarneau,194,306,0.0,-2.0,CAN,27,atp_rankings_2026_05_18.csv
2026-05-18,106071,Bernard Tomic,195,304,-1.0,-1.0,AUS,33,atp_rankings_2026_05_18.csv
2026-05-18,210053,Luka Mikrut,196,301,6.0,2.0,CRO,22,atp_rankings_2026_05_18.csv
2026-05-18,211533,Gianluca Cadenasso,197,296,-1.0,-1.0,ITA,21,atp_rankings_2026_05_18.csv
2026-05-18,208852,Stefanos Sakellaridis,198,294,4.0,2.0,GRE,21,atp_rankings_2026_05_18.csv
2026-05-18,126652,Jay Clarke,199,292,10.0,8.0,GBR,27,atp_rankings_2026_05_18.csv
2026-05-18,206307,Joao Lucas Reis Da Silva,200,291,6.0,2.0,BRA,26,atp_rankings_2026_05_18.csv
2026-05-18,207729,Tristan Boyer,201,287,77.0,56.0,USA,25,atp_rankings_2026_05_18.csv
2026-05-18,212063,Matej Dodig,202,285,0.0,-1.0,CRO,20,atp_rankings_2026_05_18.csv
2026-05-18,126663,Juan Pablo Ficovich,203,284,0.0,0.0,ARG,29,atp_rankings_2026_05_18.csv
2026-05-18,200677,Rio Noguchi,204,283,0.0,0.0,JPN,27,atp_rankings_2026_05_18.csv
2026-05-18,105841,Lorenzo Giustino,205,283,0.0,0.0,ITA,34,atp_rankings_2026_05_18.csv
2026-05-18,106148,Roberto Carballes Baena,206,282,-10.0,-7.0,ESP,33,atp_rankings_2026_05_18.csv
2026-05-18,126964,Vitaliy Sachko,207,282,-23.0,-14.0,UKR,28,atp_rankings_2026_05_18.csv
2026-05-18,211451,Gilles Arnaud Bailly,208,277,-3.0,0.0,BEL,20,atp_rankings_2026_05_18.csv
2026-05-18,200329,Remy Bertola,209,276,0.0,2.0,SUI,27,atp_rankings_2026_05_18.csv
2026-05-18,200748,Andres Andrade,210,276,6.0,5.0,ECU,27,atp_rankings_2026_05_18.csv
2026-05-18,105554,Daniel Evans,211,273,-9.0,-5.0,GBR,35,atp_rankings_2026_05_18.csv
2026-05-18,106293,Kimmer Coppejans,212,273,4.0,5.0,BEL,32,atp_rankings_2026_05_18.csv
2026-05-18,200318,Yu Hsiou Hsu,213,273,0.0,-1.0,TPE,27,atp_rankings_2026_05_18.csv
2026-05-18,209911,Guy Den Ouden,214,268,-36.0,-19.0,NED,24,atp_rankings_2026_05_18.csv
2026-05-18,210297,Lautaro Midon,215,268,-1.0,1.0,ARG,22,atp_rankings_2026_05_18.csv
2026-05-18,210748,Federico Cina,216,267,12.0,9.0,ITA,19,atp_rankings_2026_05_18.csv
2026-05-18,208004,Harold Mayot,217,266,-12.0,-7.0,FRA,24,atp_rankings_2026_05_18.csv
2026-05-18,111581,Michael Mmoh,218,265,0.0,0.0,USA,28,atp_rankings_2026_05_18.csv
2026-05-18,210167,Tom Gentzsch,219,264,0.0,0.0,GER,22,atp_rankings_2026_05_18.csv
2026-05-18,212044,Yi Zhou,220,263,0.0,0.0,CHN,21,atp_rankings_2026_05_18.csv
2026-05-18,104792,Gael Monfils,221,260,0.0,1.0,FRA,39,atp_rankings_2026_05_18.csv
2026-05-18,106281,Liam Broady,222,260,0.0,1.0,GBR,32,atp_rankings_2026_05_18.csv
2026-05-18,105732,Pierre Hugues Herbert,223,259,-13.0,-10.0,FRA,35,atp_rankings_2026_05_18.csv
2026-05-18,126409,Hugo Grenier,224,259,0.0,0.0,FRA,30,atp_rankings_2026_05_18.csv
2026-05-18,144821,Genaro Alberto Olivieri,225,259,-11.0,-11.0,ARG,27,atp_rankings_2026_05_18.csv
2026-05-18,111190,Zhizhen Zhang,226,254,14.0,13.0,CHN,29,atp_rankings_2026_05_18.csv
2026-05-18,208364,Franco Roncadelli,227,254,59.0,47.0,URU,26,atp_rankings_2026_05_18.csv
2026-05-18,207784,Harry Wendelken,228,253,0.0,-2.0,GBR,24,atp_rankings_2026_05_18.csv
2026-05-18,210464,Darwin Blanch,229,252,0.0,-1.0,USA,18,atp_rankings_2026_05_18.csv
2026-05-18,200385,Dan Added,230,252,-1.0,-3.0,FRA,27,atp_rankings_2026_05_18.csv
2026-05-18,207546,Pol Martin Tiffon,231,251,10.0,6.0,ESP,26,atp_rankings_2026_05_18.csv
2026-05-18,208046,Pedro Boscardin Dias,232,249,-2.0,-3.0,BRA,23,atp_rankings_2026_05_18.csv
2026-05-18,210317,James Mccabe,233,247,3.0,0.0,AUS,22,atp_rankings_2026_05_18.csv
2026-05-18,208069,Max Houkes,234,245,3.0,2.0,NED,25,atp_rankings_2026_05_18.csv
2026-05-18,106393,Frederico Ferreira Silva,235,245,4.0,3.0,POR,31,atp_rankings_2026_05_18.csv
2026-05-18,123983,Nerman Fatic,236,242,0.0,-1.0,BIH,31,atp_rankings_2026_05_18.csv
2026-05-18,208269,Felix Gill,237,242,-2.0,-3.0,GBR,23,atp_rankings_2026_05_18.csv
2026-05-18,111513,Laslo Djere,238,241,54.0,41.0,SRB,30,atp_rankings_2026_05_18.csv
2026-05-18,207663,Nikolas Sanchez Izquierdo,239,238,5.0,5.0,ESP,27,atp_rankings_2026_05_18.csv
2026-05-18,202146,Luka Pavlovic,240,237,-24.0,-19.0,FRA,26,atp_rankings_2026_05_18.csv
2026-05-18,134840,Raul Brancaccio,241,236,-2.0,-1.0,ITA,29,atp_rankings_2026_05_18.csv
2026-05-18,208279,Alejandro Moro Canas,242,234,0.0,0.0,ESP,25,atp_rankings_2026_05_18.csv
2026-05-18,200610,Oliver Crawford,243,233,-14.0,-12.0,GBR,27,atp_rankings_2026_05_18.csv
2026-05-18,111187,Kaichi Uchida,244,233,0.0,-1.0,JPN,31,atp_rankings_2026_05_18.csv
2026-05-18,202333,Keegan Smith,245,231,48.0,44.0,USA,27,atp_rankings_2026_05_18.csv
2026-05-18,109303,Stefano Napolitano,246,227,-3.0,0.0,ITA,31,atp_rankings_2026_05_18.csv
2026-05-18,105676,David Goffin,247,225,0.0,2.0,BEL,35,atp_rankings_2026_05_18.csv
2026-05-18,202147,Florent Bax,248,222,9.0,6.0,FRA,26,atp_rankings_2026_05_18.csv
2026-05-18,207815,Guido Ivan Justo,249,217,13.0,14.0,ARG,28,atp_rankings_2026_05_18.csv
2026-05-18,209261,Matteo Gigante,250,216,-30.0,-18.0,ITA,24,atp_rankings_2026_05_18.csv
2026-05-18,200303,Pavel Kotov,251,215,0.0,2.0,RUS,27,atp_rankings_2026_05_18.csv
2026-05-18,200462,Andrea Guerrieri,252,215,-12.0,-4.0,ITA,27,atp_rankings_2026_05_18.csv
2026-05-18,210220,Edas Butvilas,253,215,4.0,3.0,LTU,21,atp_rankings_2026_05_18.csv
2026-05-18,202260,Henri Squire,254,213,3.0,4.0,GER,25,atp_rankings_2026_05_18.csv
2026-05-18,210202,Rodrigo Pacheco Mendez,255,212,0.0,0.0,MEX,21,atp_rankings_2026_05_18.csv
2026-05-18,123755,Daniel Elahi Galan,256,210,10.0,15.0,COL,29,atp_rankings_2026_05_18.csv
2026-05-18,207732,Miguel Damas,257,207,0.0,3.0,ESP,26,atp_rankings_2026_05_18.csv
2026-05-18,111578,Stefan Kozlov,258,206,3.0,7.0,USA,28,atp_rankings_2026_05_18.csv
2026-05-18,209899,Ilia Simakin,259,206,-25.0,-14.0,RUS,22,atp_rankings_2026_05_18.csv
2026-05-18,208223,Alvaro Guillen Meza,260,206,-44.0,-30.0,ECU,23,atp_rankings_2026_05_18.csv
2026-05-18,209992,Juncheng Shang,261,205,0.0,0.0,CHN,21,atp_rankings_2026_05_18.csv
2026-05-18,209326,Murphy Cassone,262,204,0.0,2.0,USA,23,atp_rankings_2026_05_18.csv
2026-05-18,111806,Fajing Sun,263,203,-93.0,-66.0,CHN,29,atp_rankings_2026_05_18.csv
2026-05-18,200277,Charles Broom,264,203,-35.0,-23.0,GBR,28,atp_rankings_2026_05_18.csv
2026-05-18,209849,Sascha Gueymard Wayenburg,265,203,-6.0,-6.0,FRA,22,atp_rankings_2026_05_18.csv
2026-05-18,207969,Stefan Dostanic,266,202,0.0,0.0,USA,24,atp_rankings_2026_05_18.csv
2026-05-18,207785,George Loffhagen,267,200,-23.0,-17.0,GBR,25,atp_rankings_2026_05_18.csv
2026-05-18,202262,Filip Cristian Jianu,268,200,0.0,4.0,ROU,24,atp_rankings_2026_05_18.csv
2026-05-18,106162,Franco Agamenone,269,199,4.0,4.0,ITA,33,atp_rankings_2026_05_18.csv
2026-05-18,211500,Tiago Pereira,270,199,28.0,34.0,POR,21,atp_rankings_2026_05_18.csv
2026-05-18,133297,Yosuke Watanuki,271,198,-7.0,-9.0,JPN,28,atp_rankings_2026_05_18.csv
2026-05-18,209916,Marko Topo,272,193,-25.0,-21.0,GER,22,atp_rankings_2026_05_18.csv
2026-05-18,105911,Andrea Collarini,273,193,-9.0,-5.0,ARG,34,atp_rankings_2026_05_18.csv
2026-05-18,208913,Juan Bautista Torres,274,191,32.0,51.0,ARG,24,atp_rankings_2026_05_18.csv
2026-05-18,111576,Sumit Nagal,275,190,0.0,1.0,IND,28,atp_rankings_2026_05_18.csv
2026-05-18,123921,Calvin Hemery,276,189,25.0,40.0,FRA,31,atp_rankings_2026_05_18.csv
2026-05-18,210119,Andrej Nedic,277,188,-14.0,-10.0,BIH,21,atp_rankings_2026_05_18.csv
2026-05-18,211346,Andres Martin,278,188,0.0,-1.0,USA,24,atp_rankings_2026_05_18.csv
2026-05-18,209850,Robin Bertrand,279,188,0.0,-1.0,FRA,23,atp_rankings_2026_05_18.csv
2026-05-18,207527,Buvaysar Gadamauri,280,187,0.0,0.0,BEL,25,atp_rankings_2026_05_18.csv
2026-05-18,212309,Diego Dedura Palomero,281,187,2.0,2.0,GER,18,atp_rankings_2026_05_18.csv
2026-05-18,210412,Juan Manuel La Serna,282,186,51.0,85.0,ARG,22,atp_rankings_2026_05_18.csv
2026-05-18,212020,Michele Ribecai,283,186,0.0,-1.0,ITA,23,atp_rankings_2026_05_18.csv
2026-05-18,106329,Thiago Monteiro,284,185,4.0,8.0,BRA,31,atp_rankings_2026_05_18.csv
2026-05-18,207213,Duje Ajdukovic,285,185,2.0,3.0,CRO,25,atp_rankings_2026_05_18.csv
2026-05-18,208902,Johannus Monday,286,184,0.0,-2.0,GBR,24,atp_rankings_2026_05_18.csv
2026-05-18,202400,Alastair Gray,287,184,3.0,6.0,GBR,27,atp_rankings_2026_05_18.csv
2026-05-18,207797,Jonas Forejtek,288,184,0.0,-2.0,CZE,25,atp_rankings_2026_05_18.csv
2026-05-18,211577,Antoine Ghibaudo,289,183,0.0,-2.0,FRA,21,atp_rankings_2026_05_18.csv
2026-05-18,208540,Inaki Montes De La Torre,290,181,24.0,39.0,ESP,23,atp_rankings_2026_05_18.csv
2026-05-18,207415,Daniel Michalski,291,181,0.0,3.0,POL,26,atp_rankings_2026_05_18.csv
2026-05-18,200672,Sergey Fomin,292,181,-2.0,-2.0,UZB,25,atp_rankings_2026_05_18.csv
2026-05-18,209322,Martin Krumich,293,180,13.0,17.0,CZE,23,atp_rankings_2026_05_18.csv
2026-05-18,205734,Thiago Seyboth Wild,294,179,-50.0,-47.0,BRA,26,atp_rankings_2026_05_18.csv
2026-05-18,207130,Matias Soto,295,179,-4.0,-4.0,CHI,27,atp_rankings_2026_05_18.csv
2026-05-18,209898,Dali Blanch,296,179,44.0,73.0,USA,23,atp_rankings_2026_05_18.csv
2026-05-18,127108,Igor Ribeiro Marcondes,297,178,-1.0,-2.0,BRA,28,atp_rankings_2026_05_18.csv
2026-05-18,202320,Beibit Zhukayev,298,177,0.0,-1.0,KAZ,25,atp_rankings_2026_05_18.csv
2026-05-18,106057,Facundo Mena,299,177,-2.0,-3.0,ARG,33,atp_rankings_2026_05_18.csv
2026-05-18,105062,Mikhail Kukushkin,300,177,-9.0,-19.0,KAZ,38,atp_rankings_2026_05_18.csv
2026-05-18,123961,Murkel Alejandro Dellien Velasco,301,177,13.0,16.0,BOL,28,atp_rankings_2026_05_18.csv
2026-05-18,122669,Juan Pablo Varillas,302,176,0.0,-2.0,PER,30,atp_rankings_2026_05_18.csv
2026-05-18,117361,Akira Santillan,303,176,13.0,17.0,AUS,28,atp_rankings_2026_05_18.csv
2026-05-18,210558,Hynek Barton,304,175,-9.0,-19.0,CZE,22,atp_rankings_2026_05_18.csv
2026-05-18,144817,Marc Andrea Huesler,305,173,0.0,-4.0,SUI,29,atp_rankings_2026_05_18.csv
2026-05-18,209406,Abedallah Shelbayh,306,172,0.0,-3.0,JOR,22,atp_rankings_2026_05_18.csv
2026-05-18,209405,Daniel Rincon,307,171,4.0,2.0,ESP,23,atp_rankings_2026_05_18.csv
2026-05-18,126107,Michael Geerts,308,171,1.0,-3.0,BEL,31,atp_rankings_2026_05_18.csv
2026-05-18,208421,Lilian Marmousez,309,169,4.0,5.0,FRA,24,atp_rankings_2026_05_18.csv
2026-05-18,106034,Yasutaka Uchiyama,310,169,0.0,-4.0,JPN,33,atp_rankings_2026_05_18.csv
2026-05-18,206703,Paul Jubb,311,169,-22.0,-36.0,GBR,26,atp_rankings_2026_05_18.csv
2026-05-18,210340,Philip Sekulic,312,168,27.0,45.0,AUS,22,atp_rankings_2026_05_18.csv
2026-05-18,209874,Maks Kasnikowski,313,167,0.0,-5.0,POL,22,atp_rankings_2026_05_18.csv
2026-05-18,209080,Blaise Bicknell,314,167,7.0,8.0,JAM,24,atp_rankings_2026_05_18.csv
2026-05-18,202475,Philip Henning,315,166,-2.0,-8.0,RSA,25,atp_rankings_2026_05_18.csv
2026-05-18,213608,Moise Kouame,316,165,0.0,-3.0,FRA,17,atp_rankings_2026_05_18.csv
2026-05-18,207171,Hamish Stewart,317,164,7.0,11.0,GBR,26,atp_rankings_2026_05_18.csv
2026-05-18,208342,Tyler Zink,318,164,-13.0,-20.0,USA,25,atp_rankings_2026_05_18.csv
2026-05-18,209131,Eliakim Coulibaly,319,163,0.0,0.0,CIV,24,atp_rankings_2026_05_18.csv
2026-05-18,126106,Ryan Peniston,320,162,-14.0,-21.0,GBR,30,atp_rankings_2026_05_18.csv
2026-05-18,209407,Max Basing,321,162,0.0,0.0,GBR,23,atp_rankings_2026_05_18.csv
2026-05-18,208025,Alex Martinez,322,161,-2.0,-4.0,ESP,25,atp_rankings_2026_05_18.csv
2026-05-18,211617,Maxim Mrva,323,160,-6.0,-11.0,CZE,18,atp_rankings_2026_05_18.csv
2026-05-18,207368,Mert Alkaya,324,159,0.0,0.0,TUR,25,atp_rankings_2026_05_18.csv
2026-05-18,106220,Dimitar Kuzmanov,325,159,-6.0,-10.0,BUL,32,atp_rankings_2026_05_18.csv
2026-05-18,209890,Mili Poljicak,326,158,-14.0,-24.0,CRO,21,atp_rankings_2026_05_18.csv
2026-05-18,126206,Alex Rybakov,327,158,8.0,14.0,USA,29,atp_rankings_2026_05_18.csv
2026-05-18,200188,Matteo Martineau,328,158,0.0,-1.0,FRA,27,atp_rankings_2026_05_18.csv
2026-05-18,123809,Ivan Gakhov,329,158,-44.0,-60.0,RUS,29,atp_rankings_2026_05_18.csv
2026-05-18,106121,Taro Daniel,330,157,6.0,5.0,JPN,33,atp_rankings_2026_05_18.csv
2026-05-18,126337,Renta Tokuda,331,157,0.0,-1.0,JPN,28,atp_rankings_2026_05_18.csv
2026-05-18,210682,Federico Bondioli,332,157,8.0,12.0,ITA,21,atp_rankings_2026_05_18.csv
2026-05-18,208502,Dominic Stricker,333,154,-12.0,-22.0,SUI,23,atp_rankings_2026_05_18.csv
2026-05-18,207491,Sandro Kopp,334,154,0.0,-3.0,AUT,25,atp_rankings_2026_05_18.csv
2026-05-18,209951,Petr Bar Biryukov,335,154,3.0,2.0,RUS,24,atp_rankings_2026_05_18.csv
2026-05-18,210557,Petr Brunclik,336,153,8.0,14.0,CZE,19,atp_rankings_2026_05_18.csv
2026-05-18,106283,Mitchell Krueger,337,153,-48.0,-67.0,USA,32,atp_rankings_2026_05_18.csv
2026-05-18,210318,Andre Ilagan,338,153,0.0,-6.0,USA,25,atp_rankings_2026_05_18.csv
2026-05-18,105649,Cedrik Marcel Stebe,339,152,0.0,-6.0,GER,35,atp_rankings_2026_05_18.csv
2026-05-18,126555,Tung Lin Wu,340,152,-7.0,-17.0,TPE,28,atp_rankings_2026_05_18.csv
2026-05-18,200346,Mats Rosenkranz,341,151,0.0,-5.0,GER,27,atp_rankings_2026_05_18.csv
2026-05-18,210472,Oliver Tarvet,342,150,0.0,-4.0,GBR,22,atp_rankings_2026_05_18.csv
2026-05-18,211711,Braden Shick,343,150,26.0,47.0,USA,22,atp_rankings_2026_05_18.csv
2026-05-18,132573,Luca Castelnuovo,344,149,1.0,1.0,SUI,29,atp_rankings_2026_05_18.csv
2026-05-18,206589,Gabi Adrian Boitan,345,149,-3.0,-11.0,ROU,26,atp_rankings_2026_05_18.csv
2026-05-18,202235,Jacopo Berrettini,346,148,-10.0,-20.0,ITA,27,atp_rankings_2026_05_18.csv
2026-05-18,207129,Yanki Erel,347,147,0.0,-1.0,TUR,25,atp_rankings_2026_05_18.csv
2026-05-18,117360,Marc Polmans,348,147,0.0,-1.0,AUS,29,atp_rankings_2026_05_18.csv
2026-05-18,212251,Daniel Milavsky,349,147,13.0,23.0,USA,24,atp_rankings_2026_05_18.csv
2026-05-18,208024,Max Alcala Gurri,350,146,21.0,37.0,ESP,23,atp_rankings_2026_05_18.csv
2026-05-18,111454,Li Tu,351,145,0.0,-2.0,AUS,29,atp_rankings_2026_05_18.csv
2026-05-18,208144,Giles Hussey,352,145,-5.0,-10.0,GBR,28,atp_rankings_2026_05_18.csv
2026-05-18,200587,Brandon Holt,353,144,0.0,-1.0,USA,28,atp_rankings_2026_05_18.csv
2026-05-18,133975,Benjamin Hassan,354,143,-7.0,-15.0,LBN,31,atp_rankings_2026_05_18.csv
2026-05-18,208389,James Trotter,355,143,-7.0,-15.0,JPN,26,atp_rankings_2026_05_18.csv
2026-05-18,144972,Geoffrey Blancaneaux,356,143,4.0,6.0,FRA,27,atp_rankings_2026_05_18.csv
2026-05-18,211627,Hayato Matsuoka,357,143,3.0,3.0,JPN,21,atp_rankings_2026_05_18.csv
2026-05-18,106044,Nicolas Kicker,358,142,-5.0,-10.0,ARG,33,atp_rankings_2026_05_18.csv
2026-05-18,209354,Ioannis Xilas,359,141,0.0,-1.0,GRE,25,atp_rankings_2026_05_18.csv
2026-05-18,122554,David Jorda Sanchis,360,141,-4.0,-9.0,ESP,31,atp_rankings_2026_05_18.csv
2026-05-18,144973,Santiago Fa Rodriguez Taverna,361,141,0.0,-2.0,ARG,26,atp_rankings_2026_05_18.csv
2026-05-18,200666,Jie Cui,362,140,11.0,18.0,CHN,28,atp_rankings_2026_05_18.csv
2026-05-18,211902,Henry Searle,363,140,11.0,18.0,GBR,20,atp_rankings_2026_05_18.csv
2026-05-18,208143,Garrett Johns,364,140,0.0,-3.0,USA,25,atp_rankings_2026_05_18.csv
2026-05-18,202122,Yuta Shimizu,365,138,-6.0,-12.0,JPN,26,atp_rankings_2026_05_18.csv
2026-05-18,129911,Marat Sharipov,366,138,0.0,-3.0,RUS,23,atp_rankings_2026_05_18.csv
2026-05-18,210005,Kilian Feldbausch,367,137,-4.0,-12.0,SUI,20,atp_rankings_2026_05_18.csv
2026-05-18,211542,Filippo Romano,368,137,0.0,-4.0,ITA,20,atp_rankings_2026_05_18.csv
2026-05-18,109054,Daniel Masur,369,137,0.0,-4.0,GER,31,atp_rankings_2026_05_18.csv
2026-05-18,131911,Lucas Poullain,370,137,24.0,47.0,FRA,30,atp_rankings_2026_05_18.csv
2026-05-18,106380,Gonzalo Villanueva,371,137,6.0,5.0,ARG,31,atp_rankings_2026_05_18.csv
2026-05-18,106177,Oriol Roca Batalla,372,136,15.0,24.0,ESP,33,atp_rankings_2026_05_18.csv
2026-05-18,206470,Cezar Cretu,373,136,-13.0,-30.0,ROU,25,atp_rankings_2026_05_18.csv
2026-05-18,105613,Norbert Gombos,374,135,-6.0,-18.0,SVK,35,atp_rankings_2026_05_18.csv
2026-05-18,209512,Tom Paris,375,135,0.0,-7.0,FRA,23,atp_rankings_2026_05_18.csv
2026-05-18,212241,Carlo Alberto Caniato,376,134,0.0,-6.0,ITA,20,atp_rankings_2026_05_18.csv
2026-05-18,200309,Marek Gengel,377,134,0.0,-6.0,CZE,30,atp_rankings_2026_05_18.csv
2026-05-18,212207,Ognjen Milic,378,133,11.0,17.0,SRB,18,atp_rankings_2026_05_18.csv
2026-05-18,202239,Florian Broska,379,133,3.0,-1.0,GER,28,atp_rankings_2026_05_18.csv
2026-05-18,209983,Mika Brunold,380,131,0.0,-6.0,SUI,21,atp_rankings_2026_05_18.csv
2026-05-18,209952,Sean Cuenin,381,131,-1.0,-8.0,FRA,22,atp_rankings_2026_05_18.csv
2026-05-18,212225,Thomas Faurel,382,131,0.0,-7.0,FRA,20,atp_rankings_2026_05_18.csv
2026-05-18,210377,Luciano Emanuel Ambrogi,383,131,4.0,0.0,ARG,22,atp_rankings_2026_05_18.csv
2026-05-18,209907,Viacheslav Bielinskyi,384,128,0.0,-2.0,UKR,22,atp_rankings_2026_05_18.csv
2026-05-18,208937,Kasidit Samrej,385,128,12.0,26.0,THA,25,atp_rankings_2026_05_18.csv
2026-05-18,209318,Petr Nesterov,386,127,17.0,42.0,BUL,23,atp_rankings_2026_05_18.csv
2026-05-18,208257,Fabrizio Andaloro,387,126,-16.0,-33.0,ITA,25,atp_rankings_2026_05_18.csv
2026-05-18,211661,Juan Estevez,388,126,6.0,13.0,ARG,20,atp_rankings_2026_05_18.csv
2026-05-18,105180,Daniel Dutra Da Silva,389,126,0.0,-4.0,BRA,37,atp_rankings_2026_05_18.csv
2026-05-18,200495,Eduardo Ribeiro,390,125,8.0,17.0,BRA,28,atp_rankings_2026_05_18.csv
2026-05-18,211768,Manas Dhamne,391,125,-1.0,-7.0,IND,18,atp_rankings_2026_05_18.csv
2026-05-18,208649,Andrew Fenty,392,125,0.0,-4.0,USA,26,atp_rankings_2026_05_18.csv
2026-05-18,212216,Trevor Svajda,393,124,0.0,-4.0,USA,20,atp_rankings_2026_05_18.csv
2026-05-18,202199,Carlos Sanchez Jover,394,124,-13.0,-28.0,ESP,25,atp_rankings_2026_05_18.csv
2026-05-18,200452,Patrick Zahraj,395,124,4.0,7.0,GER,26,atp_rankings_2026_05_18.csv
2026-05-18,207728,Moerani Bouzige,396,124,24.0,57.0,AUS,26,atp_rankings_2026_05_18.csv
2026-05-18,144716,Oleg Prihodko,397,123,-6.0,-18.0,UKR,28,atp_rankings_2026_05_18.csv
2026-05-18,206867,Tommaso Compagnucci,398,123,0.0,-5.0,ITA,26,atp_rankings_2026_05_18.csv
2026-05-18,207231,Mathys Erhard,399,123,2.0,-2.0,FRA,24,atp_rankings_2026_05_18.csv
2026-05-18,202359,Marvin Moeller,400,122,-2.0,-8.0,GER,27,atp_rankings_2026_05_18.csv
2026-05-18,106362,Laurent Lokoli,401,121,16.0,36.0,FRA,31,atp_rankings_2026_05_18.csv
2026-05-18,202075,Adria Soriano Barrera,402,121,-4.0,-16.0,COL,26,atp_rankings_2026_05_18.csv
2026-05-18,210085,Lui Maxted,403,120,0.0,-5.0,GBR,22,atp_rankings_2026_05_18.csv
2026-05-18,200266,Javier Barranco Cosano,404,120,0.0,-5.0,ESP,27,atp_rankings_2026_05_18.csv
2026-05-18,207760,Anton Matusevich,405,120,38.0,100.0,GBR,24,atp_rankings_2026_05_18.csv
2026-05-18,106292,Hernan Casanova,406,119,7.0,14.0,ARG,32,atp_rankings_2026_05_18.csv
2026-05-18,200484,Rudolf Molleker,407,119,-1.0,-7.0,GER,25,atp_rankings_2026_05_18.csv
2026-05-18,211504,Jack Loge,408,119,0.0,-5.0,BEL,21,atp_rankings_2026_05_18.csv
2026-05-18,207502,Stefan Palosi,409,118,0.0,-4.0,ROU,26,atp_rankings_2026_05_18.csv
2026-05-18,207186,Arthur Weber,410,117,0.0,-4.0,FRA,34,atp_rankings_2026_05_18.csv
2026-05-18,210382,Maximus Jones,411,117,13.0,31.0,THA,21,atp_rankings_2026_05_18.csv
2026-05-18,209079,Samir Banerjee,412,116,0.0,-4.0,USA,22,atp_rankings_2026_05_18.csv
2026-05-18,207799,Matheus Pucinelli De Almeida,413,116,0.0,-3.0,BRA,25,atp_rankings_2026_05_18.csv
2026-05-18,122352,Christoph Negritu,414,115,-8.0,-20.0,GER,32,atp_rankings_2026_05_18.csv
2026-05-18,210000,Karan Singh,415,115,0.0,-2.0,IND,22,atp_rankings_2026_05_18.csv
2026-05-18,105655,Hiroki Moriya,416,114,2.0,5.0,JPN,35,atp_rankings_2026_05_18.csv
2026-05-18,209506,Francesco Forti,417,113,-1.0,-3.0,ITA,26,atp_rankings_2026_05_18.csv
2026-05-18,209167,Olle Wallin,418,113,3.0,11.0,SWE,24,atp_rankings_2026_05_18.csv
2026-05-18,200184,Andrey Chepelev,419,113,0.0,-1.0,RUS,27,atp_rankings_2026_05_18.csv
2026-05-18,105487,Facundo Bagnis,420,112,0.0,-1.0,ARG,36,atp_rankings_2026_05_18.csv
2026-05-18,207992,Cannon Kingsley,421,112,-2.0,-6.0,USA,25,atp_rankings_2026_05_18.csv
2026-05-18,209518,Tibo Colson,422,111,0.0,2.0,BEL,25,atp_rankings_2026_05_18.csv
2026-05-18,207993,Justin Boulais,423,111,-1.0,-1.0,CAN,24,atp_rankings_2026_05_18.csv
2026-05-18,210042,Gabriele Piraino,424,111,0.0,1.0,ITA,22,atp_rankings_2026_05_18.csv
2026-05-18,144814,Eero Vasa,425,111,2.0,5.0,FIN,29,atp_rankings_2026_05_18.csv
2026-05-18,209274,Carl Emil Overbeck,426,110,0.0,1.0,DEN,24,atp_rankings_2026_05_18.csv
2026-05-18,210214,Joao Eduardo Schiessl,427,109,7.0,21.0,BRA,21,atp_rankings_2026_05_18.csv
2026-05-18,200321,San Hui Sin,428,109,-15.0,-37.0,KOR,29,atp_rankings_2026_05_18.csv
2026-05-18,209984,Milos Karol,429,108,-8.0,-20.0,SVK,23,atp_rankings_2026_05_18.csv
2026-05-18,126627,Johan Nikles,430,108,13.0,36.0,SUI,29,atp_rankings_2026_05_18.csv
2026-05-18,211621,Arthur Nagel,431,108,13.0,36.0,FRA,23,atp_rankings_2026_05_18.csv
2026-05-18,210221,Jay Dylan Hara Friend,432,107,0.0,0.0,JPN,22,atp_rankings_2026_05_18.csv
2026-05-18,212222,Raphael Perot,433,107,-11.0,-29.0,FRA,24,atp_rankings_2026_05_18.csv
2026-05-18,126340,Viktor Durasovic,434,107,0.0,0.0,NOR,29,atp_rankings_2026_05_18.csv
2026-05-18,211636,Lucio Ratti,435,107,13.0,35.0,ARG,22,atp_rankings_2026_05_18.csv
2026-05-18,144656,Corentin Denolly,436,106,0.0,0.0,FRA,28,atp_rankings_2026_05_18.csv
2026-05-18,106186,Jason Kubler,437,105,-25.0,-60.0,AUS,32,atp_rankings_2026_05_18.csv
2026-05-18,212090,Sergio Callejon Hernando,438,105,0.0,0.0,ESP,21,atp_rankings_2026_05_18.csv
2026-05-18,210285,Sebastian Sorger,439,105,0.0,0.0,AUT,20,atp_rankings_2026_05_18.csv
2026-05-18,106187,Denis Yevseyev,440,105,0.0,0.0,KAZ,32,atp_rankings_2026_05_18.csv
2026-05-18,201987,Masamichi Imamura,441,105,8.0,19.0,JPN,27,atp_rankings_2026_05_18.csv
2026-05-18,208104,Andrea Picchione,442,104,-2.0,-7.0,ITA,27,atp_rankings_2026_05_18.csv
2026-05-18,213194,Jack Kennedy,443,103,-4.0,-10.0,USA,17,atp_rankings_2026_05_18.csv
2026-05-18,105413,Andrej Martin,444,103,-8.0,-21.0,SVK,36,atp_rankings_2026_05_18.csv
2026-05-18,210107,Bor Artnak,445,103,0.0,-2.0,SLO,21,atp_rankings_2026_05_18.csv
2026-05-18,125847,Jelle Sels,446,103,0.0,-1.0,NED,30,atp_rankings_2026_05_18.csv
2026-05-18,202354,Matthew Dellavedova,447,103,4.0,9.0,AUS,25,atp_rankings_2026_05_18.csv
2026-05-18,208182,Saba Purtseladze,448,102,-1.0,-2.0,GEO,24,atp_rankings_2026_05_18.csv
2026-05-18,202271,Lorenzo Joaquin Rodriguez,449,102,6.0,13.0,ARG,26,atp_rankings_2026_05_18.csv
2026-05-18,202420,Aidan Mchugh,450,101,-1.0,-3.0,GBR,25,atp_rankings_2026_05_18.csv
2026-05-18,212219,Mees Rottgering,451,101,-12.0,-35.0,NED,18,atp_rankings_2026_05_18.csv
2026-05-18,212268,Max Schoenhaus,452,101,8.0,20.0,GER,18,atp_rankings_2026_05_18.csv
2026-05-18,207200,Cyril Vandermeersch,453,101,-8.0,-22.0,FRA,27,atp_rankings_2026_05_18.csv
2026-05-18,206553,Luca Potenza,454,101,-1.0,-5.0,ITA,25,atp_rankings_2026_05_18.csv
2026-05-18,208240,Alexandr Binda,455,101,0.0,-4.0,ITA,24,atp_rankings_2026_05_18.csv
2026-05-18,202326,Ivan Marrero Curbelo,456,100,10.0,25.0,ESP,27,atp_rankings_2026_05_18.csv
2026-05-18,209088,Quinn Vandecasteele,457,100,2.0,2.0,USA,23,atp_rankings_2026_05_18.csv
2026-05-18,212785,Carlos Maria Zarate,458,100,23.0,70.0,ARG,,atp_rankings_2026_05_18.csv
2026-05-18,200572,Nick Hardt,459,99,19.0,54.0,DOM,25,atp_rankings_2026_05_18.csv
2026-05-18,210399,Edward Winter,460,99,0.0,-6.0,AUS,21,atp_rankings_2026_05_18.csv
2026-05-18,209254,Valerio Aboian,461,99,13.0,33.0,ARG,23,atp_rankings_2026_05_18.csv
2026-05-18,200366,Olukayode Alafia Damina Ayeni,462,98,9.0,24.0,USA,26,atp_rankings_2026_05_18.csv
2026-05-18,208189,Gianmarco Ferrari,463,98,8.0,19.0,ITA,25,atp_rankings_2026_05_18.csv
2026-05-18,207669,Robert Strombachs,464,98,-1.0,-9.0,LAT,26,atp_rankings_2026_05_18.csv
2026-05-18,202113,Hikaru Shiraishi,465,98,0.0,-8.0,JPN,25,atp_rankings_2026_05_18.csv
2026-05-18,208253,Niels Visker,466,98,0.0,-8.0,NED,24,atp_rankings_2026_05_18.csv
2026-05-18,211639,Alejo Sanchez Quilez,467,97,8.0,18.0,ESP,20,atp_rankings_2026_05_18.csv
2026-05-18,208322,Eric Vanshelboim,468,97,21.0,64.0,UKR,24,atp_rankings_2026_05_18.csv
2026-05-18,200374,Nicolas Alvarez Varona,469,96,2.0,0.0,ESP,25,atp_rankings_2026_05_18.csv
2026-05-18,207704,Alex Marti Pujolras,470,96,0.0,-9.0,ESP,27,atp_rankings_2026_05_18.csv
2026-05-18,210129,Samuele Pieri,471,96,0.0,-8.0,ITA,24,atp_rankings_2026_05_18.csv
2026-05-18,213635,Jacopo Vasami,472,95,0.0,-8.0,ITA,18,atp_rankings_2026_05_18.csv
2026-05-18,105430,Radu Albot,473,95,-6.0,-23.0,MDA,36,atp_rankings_2026_05_18.csv
2026-05-18,101495,Miguel Tobon,474,95,12.0,27.0,COL,19,atp_rankings_2026_05_18.csv
2026-05-18,207834,Juan Alejandro Hernandez Serrano,475,95,-8.0,-31.0,MEX,26,atp_rankings_2026_05_18.csv
2026-05-18,202290,Dhakshineswar Suresh,476,94,0.0,-8.0,IND,26,atp_rankings_2026_05_18.csv
2026-05-18,132052,Christian Langmo,477,94,0.0,-6.0,USA,29,atp_rankings_2026_05_18.csv
2026-05-18,207998,Takuya Kumasaka,478,93,17.0,52.0,JPN,27,atp_rankings_2026_05_18.csv
2026-05-18,210054,Matthew William Donald,479,93,0.0,-5.0,CZE,21,atp_rankings_2026_05_18.csv
2026-05-18,212077,Lorenzo Carboni,480,93,-7.0,-28.0,ITA,20,atp_rankings_2026_05_18.csv
2026-05-18,206467,Federico Arnaboldi,481,92,-23.0,-69.0,ITA,25,atp_rankings_2026_05_18.csv
2026-05-18,134068,Vadym Ursu,482,92,0.0,-6.0,UKR,29,atp_rankings_2026_05_18.csv
2026-05-18,211628,Koki Matsuda,483,91,0.0,-6.0,JPN,25,atp_rankings_2026_05_18.csv
2026-05-18,210393,Maxim Zhukov,484,91,-2.0,-11.0,RUS,21,atp_rankings_2026_05_18.csv
2026-05-18,106290,Filip Peliwo,485,91,-1.0,-10.0,POL,32,atp_rankings_2026_05_18.csv
2026-05-18,202297,Dan Martin,486,90,-14.0,-45.0,CAN,27,atp_rankings_2026_05_18.csv
2026-05-18,148679,Henry Bernet,487,90,0.0,-7.0,SUI,19,atp_rankings_2026_05_18.csv
2026-05-18,133872,Enrico Dalla Valle,488,90,-1.0,-9.0,ITA,28,atp_rankings_2026_05_18.csv
2026-05-18,207708,Dusan Obradovic,489,90,0.0,-6.0,SRB,25,atp_rankings_2026_05_18.csv
2026-05-18,209338,Daniel Siniakov,490,89,0.0,-6.0,CZE,23,atp_rankings_2026_05_18.csv
2026-05-18,208457,Radu Mihai Papoe,491,89,0.0,-4.0,ROU,23,atp_rankings_2026_05_18.csv
2026-05-18,124040,Colin Sinclair,492,88,0.0,-3.0,NMI,31,atp_rankings_2026_05_18.csv
2026-05-18,117359,Jake Delaney,493,88,0.0,-3.0,AUS,29,atp_rankings_2026_05_18.csv
2026-05-18,134329,Blake Ellis,494,87,0.0,-3.0,AUS,27,atp_rankings_2026_05_18.csv
2026-05-18,209362,Aristotelis Thanos,495,87,0.0,-3.0,GRE,25,atp_rankings_2026_05_18.csv
2026-05-18,208158,Dominik Palan,496,87,4.0,4.0,CZE,25,atp_rankings_2026_05_18.csv
2026-05-18,209264,Pietro Fellin,497,86,-1.0,-4.0,ITA,24,atp_rankings_2026_05_18.csv
2026-05-18,106203,Pedro Sakamoto,498,86,-25.0,-72.0,BRA,32,atp_rankings_2026_05_18.csv
2026-05-18,209403,Faris Zakaryia,499,86,0.0,-4.0,EGY,25,atp_rankings_2026_05_18.csv
2026-05-18,211530,Tomasz Berkieta,500,85,0.0,-3.0,POL,19,atp_rankings_2026_05_18.csv
2026-05-18,207220,Taha Baadi,501,85,-1.0,-5.0,CAN,24,atp_rankings_2026_05_18.csv
2026-05-18,210425,Svyatoslav Gulin,502,84,0.0,-4.0,RUS,23,atp_rankings_2026_05_18.csv
2026-05-18,208426,Tiago Torres,503,84,9.0,31.0,POR,23,atp_rankings_2026_05_18.csv
2026-05-18,208297,Maxwell Mckennon,504,84,6.0,21.0,USA,24,atp_rankings_2026_05_18.csv
2026-05-18,208063,Paulo Andre Saraiva Dos Santos,505,84,0.0,-6.0,BRA,25,atp_rankings_2026_05_18.csv
2026-05-18,106172,Maxime Chazal,506,83,-8.0,-28.0,FRA,33,atp_rankings_2026_05_18.csv
2026-05-18,207490,Carlos Lopez Montagud,507,83,1.0,-3.0,ESP,25,atp_rankings_2026_05_18.csv
2026-05-18,209863,Leo Borg,508,83,-6.0,-20.0,SWE,23,atp_rankings_2026_05_18.csv
2026-05-18,200550,Vladyslav Orlov,509,82,0.0,-3.0,UKR,31,atp_rankings_2026_05_18.csv
2026-05-18,209142,Sebastian Gima,510,82,0.0,-1.0,ROU,24,atp_rankings_2026_05_18.csv
2026-05-18,211558,Karim Bennani,511,81,0.0,-1.0,MAR,18,atp_rankings_2026_05_18.csv
2026-05-18,212305,Juan Cruz Martin Manzano,512,80,0.0,2.0,ITA,21,atp_rankings_2026_05_18.csv
2026-05-18,211727,Pavle Marinkov,513,80,0.0,2.0,AUS,20,atp_rankings_2026_05_18.csv
2026-05-18,210470,Tai Sach,514,80,-1.0,-3.0,AUS,23,atp_rankings_2026_05_18.csv
2026-05-18,111202,Hyeon Chung,515,79,24.0,124.0,KOR,29,atp_rankings_2026_05_18.csv
2026-05-18,211325,Aryan Shah,516,79,0.0,0.0,IND,20,atp_rankings_2026_05_18.csv
2026-05-18,208153,Giuseppe La Vela,517,79,0.0,0.0,ITA,25,atp_rankings_2026_05_18.csv
2026-05-18,208431,Semen Pankin,518,79,-3.0,-11.0,RUS,26,atp_rankings_2026_05_18.csv
2026-05-18,209163,Emile Hudd,519,79,4.0,16.0,GBR,25,atp_rankings_2026_05_18.csv
2026-05-18,117357,Omar Jasika,520,79,0.0,-2.0,AUS,29,atp_rankings_2026_05_18.csv
2026-05-18,210668,Massimo Giunta,521,79,0.0,-2.0,ITA,21,atp_rankings_2026_05_18.csv
2026-05-18,207605,Jakub Paul,522,78,3.0,11.0,SUI,27,atp_rankings_2026_05_18.csv
2026-05-18,210034,Shunsuke Mitsui,523,78,0.0,-3.0,JPN,23,atp_rankings_2026_05_18.csv
2026-05-18,207878,James Story,524,78,0.0,-2.0,GBR,25,atp_rankings_2026_05_18.csv
2026-05-18,210730,Reda Bennani,525,78,4.0,13.0,MAR,19,atp_rankings_2026_05_18.csv
2026-05-18,213149,Felix Balshaw,526,78,0.0,-3.0,FRA,19,atp_rankings_2026_05_18.csv
2026-05-18,210721,Iliyan Radulov,527,77,28.0,149.0,BUL,20,atp_rankings_2026_05_18.csv
2026-05-18,206325,Pedro Vives Marcos,528,77,0.0,-2.0,ESP,25,atp_rankings_2026_05_18.csv
2026-05-18,106168,Sidharth Rawat,529,77,3.0,8.0,IND,33,atp_rankings_2026_05_18.csv
2026-05-18,210731,Filip Jeff Planinsek,530,77,0.0,-3.0,SLO,24,atp_rankings_2026_05_18.csv
2026-05-18,207764,Ryan Nijboer,531,77,-5.0,-23.0,NED,26,atp_rankings_2026_05_18.csv
2026-05-18,105806,Mirza Basic,532,76,-4.0,-20.0,BIH,34,atp_rankings_2026_05_18.csv
2026-05-18,209871,Amr Elsayed Abdou Ahmed Mohamed,533,76,0.0,-2.0,EGY,27,atp_rankings_2026_05_18.csv
2026-05-18,210121,Kokoro Isomura,534,76,3.0,9.0,JPN,23,atp_rankings_2026_05_18.csv
2026-05-18,105938,Antoine Escoffier,535,75,-7.0,-33.0,FRA,34,atp_rankings_2026_05_18.csv
2026-05-18,124154,Sasi Kumar Mukund,536,74,-4.0,-12.0,IND,29,atp_rankings_2026_05_18.csv
2026-05-18,211898,Mae Malige,537,74,0.0,2.0,FRA,20,atp_rankings_2026_05_18.csv
2026-05-18,213001,Mika Petkovic,538,74,15.0,77.0,GER,19,atp_rankings_2026_05_18.csv
2026-05-18,133997,Sergi Perez Contri,539,74,2.0,11.0,ESP,28,atp_rankings_2026_05_18.csv
2026-05-18,200070,Kirill Kivattsev,540,74,0.0,0.0,RUS,28,atp_rankings_2026_05_18.csv
2026-05-18,209931,Lukas Pokorny,541,73,2.0,11.0,SVK,24,atp_rankings_2026_05_18.csv
2026-05-18,209140,Millen Hurrion,542,73,3.0,19.0,GBR,26,atp_rankings_2026_05_18.csv
2026-05-18,212174,Enzo Aguiard,543,72,0.0,1.0,AUS,23,atp_rankings_2026_05_18.csv
2026-05-18,210142,Olaf Pieczkowski,544,72,0.0,1.0,POL,22,atp_rankings_2026_05_18.csv
2026-05-18,207484,Neil Oberleitner,545,72,-4.0,-16.0,AUT,26,atp_rankings_2026_05_18.csv
2026-05-18,202356,Tsung Hao Huang,546,72,-1.0,-5.0,TPE,26,atp_rankings_2026_05_18.csv
2026-05-18,210714,Robin Catry,547,72,0.0,-1.0,FRA,24,atp_rankings_2026_05_18.csv
2026-05-18,127123,Mateus Alves,548,72,0.0,0.0,BRA,25,atp_rankings_2026_05_18.csv
2026-05-18,208126,John Echeverria,549,72,13.0,64.0,ESP,24,atp_rankings_2026_05_18.csv
2026-05-18,210650,Stefan Adrian Andreescu,550,72,0.0,-1.0,ROU,24,atp_rankings_2026_05_18.csv
2026-05-18,200014,Digvijaypratap Singh,551,72,4.0,20.0,IND,25,atp_rankings_2026_05_18.csv
2026-05-18,131934,Andrea Vavassori,552,71,0.0,-1.0,ITA,31,atp_rankings_2026_05_18.csv
2026-05-18,209302,Peter Fajta,553,71,-1.0,-6.0,HUN,23,atp_rankings_2026_05_18.csv
2026-05-18,207793,Alec Deckers,554,71,0.0,-1.0,NED,26,atp_rankings_2026_05_18.csv
2026-05-18,209191,Oleksandr Ovcharenko,555,71,-2.0,-13.0,UKR,24,atp_rankings_2026_05_18.csv
2026-05-18,206662,Georgii Kravchenko,556,71,0.0,-2.0,UKR,25,atp_rankings_2026_05_18.csv
2026-05-18,202209,Imanol Lopez Morillo,557,71,9.0,46.0,ESP,26,atp_rankings_2026_05_18.csv
2026-05-18,105453,Kei Nishikori,558,70,0.0,0.0,JPN,36,atp_rankings_2026_05_18.csv
2026-05-18,200273,Hady Habib,559,70,-25.0,-94.0,LIB,27,atp_rankings_2026_05_18.csv
2026-05-18,207601,Manuel Mazza,560,70,0.0,-1.0,ITA,27,atp_rankings_2026_05_18.csv
2026-05-18,209251,Stefan Popovic,561,70,1.0,3.0,SRB,22,atp_rankings_2026_05_18.csv
2026-05-18,144970,Constantin Bittoun Kouzmine,562,70,0.0,1.0,FRA,27,atp_rankings_2026_05_18.csv
2026-05-18,200086,Toufik Sahtali,563,70,10.0,47.0,ALG,27,atp_rankings_2026_05_18.csv
2026-05-18,210223,Leonardo Rossi,564,70,14.0,71.0,ITA,23,atp_rankings_2026_05_18.csv
2026-05-18,207987,Ryuki Matsuda,565,69,1.0,3.0,JPN,26,atp_rankings_2026_05_18.csv
2026-05-18,209510,Nino Ehrenschneider,566,69,11.0,56.0,GER,25,atp_rankings_2026_05_18.csv
2026-05-18,212531,Nicolas Arseneault,567,68,0.0,-2.0,CAN,19,atp_rankings_2026_05_18.csv
2026-05-18,208854,Aidan Mayo,568,68,0.0,-1.0,USA,23,atp_rankings_2026_05_18.csv
2026-05-18,209185,Alessandro Pecci,569,68,0.0,0.0,ITA,25,atp_rankings_2026_05_18.csv
2026-05-18,132041,Alfredo Perez,570,68,0.0,0.0,USA,28,atp_rankings_2026_05_18.csv
2026-05-18,211324,Mitsuki Wei Kang Leong,571,68,12.0,63.0,MAS,21,atp_rankings_2026_05_18.csv
2026-05-18,207202,Karl Poling,572,68,0.0,1.0,USA,26,atp_rankings_2026_05_18.csv
2026-05-18,200297,Aziz Ouakaa,573,68,-3.0,-17.0,TUN,26,atp_rankings_2026_05_18.csv
2026-05-18,106310,Alexander Ritschard,574,67,0.0,0.0,SUI,32,atp_rankings_2026_05_18.csv
2026-05-18,105944,Juan Sebastian Gomez,575,67,1.0,5.0,COL,34,atp_rankings_2026_05_18.csv
2026-05-18,208044,Etienne Donnet,576,67,-1.0,-10.0,FRA,25,atp_rankings_2026_05_18.csv
2026-05-18,212051,Joaquin  Aguilar Cardozo,577,67,0.0,-1.0,URU,21,atp_rankings_2026_05_18.csv
2026-05-18,209394,Anton Shepp,578,67,0.0,-1.0,NZL,23,atp_rankings_2026_05_18.csv
2026-05-18,126125,Maxime Janvier,579,67,0.0,-1.0,FRA,29,atp_rankings_2026_05_18.csv
2026-05-18,208819,Max Hans Rehberg,580,66,0.0,-1.0,GER,22,atp_rankings_2026_05_18.csv
2026-05-18,207907,Arda Azkara,581,66,-1.0,-6.0,TUR,23,atp_rankings_2026_05_18.csv
2026-05-18,210250,Erik Arutiunian,582,66,0.0,-1.0,BLR,21,atp_rankings_2026_05_18.csv
2026-05-18,200096,Dragos Nicolae Madaras,583,65,0.0,1.0,SWE,28,atp_rankings_2026_05_18.csv
2026-05-18,200214,Alan Fernando Rubio Fierros,584,65,0.0,1.0,MEX,27,atp_rankings_2026_05_18.csv
2026-05-18,208605,Mario Gonzalez Fernandez,585,65,1.0,9.0,ESP,24,atp_rankings_2026_05_18.csv
2026-05-18,105077,Albert Ramos,586,64,-6.0,-29.0,ESP,38,atp_rankings_2026_05_18.csv
2026-05-18,106072,Alexey Vatutin,587,64,-14.0,-66.0,RUS,33,atp_rankings_2026_05_18.csv
2026-05-18,210083,Jakub Nicod,588,64,0.0,2.0,CZE,21,atp_rankings_2026_05_18.csv
2026-05-18,212244,Gabriel Ghetu,589,64,-1.0,-3.0,ROU,18,atp_rankings_2026_05_18.csv
2026-05-18,144985,Ergi Kirkin,590,64,0.0,1.0,TUR,27,atp_rankings_2026_05_18.csv
2026-05-18,210726,Cesar Bouchelaghem,591,64,0.0,2.0,FRA,21,atp_rankings_2026_05_18.csv
2026-05-18,207657,Tristan Mccormick,592,64,-7.0,-37.0,USA,27,atp_rankings_2026_05_18.csv
2026-05-18,210599,Ryan Dickerson,593,64,7.0,36.0,USA,29,atp_rankings_2026_05_18.csv
2026-05-18,210029,Bruno Kuzuhara,594,64,-6.0,-32.0,USA,22,atp_rankings_2026_05_18.csv
2026-05-18,208343,Andrew Paulson,595,63,-2.0,-13.0,CZE,24,atp_rankings_2026_05_18.csv
2026-05-18,208586,Joshua Sheehy,596,63,0.0,-1.0,USA,29,atp_rankings_2026_05_18.csv
2026-05-18,202150,Dan Alexandru Tomescu,597,63,0.0,-1.0,ROU,27,atp_rankings_2026_05_18.csv
2026-05-18,129814,Ivan Ivanov,598,63,0.0,-1.0,BUL,17,atp_rankings_2026_05_18.csv
2026-05-18,207803,Igor Gimenez,599,63,-2.0,-11.0,BRA,26,atp_rankings_2026_05_18.csv
2026-05-18,132744,Alberto Barroso Campos,600,63,0.0,-2.0,ESP,29,atp_rankings_2026_05_18.csv
2026-05-18,212190,Karol Filar,601,63,0.0,-2.0,POL,27,atp_rankings_2026_05_18.csv
2026-05-18,106232,Roberto Cid,602,62,-3.0,-19.0,DOM,32,atp_rankings_2026_05_18.csv
2026-05-18,202398,Michael Vrbensky,603,62,2.0,3.0,CZE,26,atp_rankings_2026_05_18.csv
2026-05-18,209278,Alec Beckley,604,62,21.0,127.0,RSA,24,atp_rankings_2026_05_18.csv
2026-05-18,212258,Adhithya Ganesan,605,62,0.0,-4.0,USA,20,atp_rankings_2026_05_18.csv
2026-05-18,134120,Kuan Yi Lee,606,62,-8.0,-46.0,TPE,29,atp_rankings_2026_05_18.csv
2026-05-18,200713,Federico Iannaccone,607,62,0.0,-5.0,ITA,27,atp_rankings_2026_05_18.csv
2026-05-18,209867,Daniil Ostapenkov,608,61,0.0,-4.0,BLR,23,atp_rankings_2026_05_18.csv
2026-05-18,212598,Emilien Demanet,609,61,4.0,18.0,BEL,21,atp_rankings_2026_05_18.csv
2026-05-18,207664,Luca Staeheli,610,61,0.0,-5.0,SUI,26,atp_rankings_2026_05_18.csv
2026-05-18,210218,Bruno Fernandez,611,61,4.0,15.0,BRA,21,atp_rankings_2026_05_18.csv
2026-05-18,132831,Giovanni Oradini,612,60,0.0,-3.0,ITA,28,atp_rankings_2026_05_18.csv
2026-05-18,210545,Luis Carlos Alvarez,613,59,0.0,-2.0,MEX,21,atp_rankings_2026_05_18.csv
2026-05-18,208092,Filippo Moroni,614,59,-23.0,-111.0,ITA,25,atp_rankings_2026_05_18.csv
2026-05-18,200665,Yuta Kawahashi,615,59,4.0,22.0,JPN,28,atp_rankings_2026_05_18.csv
2026-05-18,213178,Cruz Hewitt,616,59,6.0,37.0,AUS,17,atp_rankings_2026_05_18.csv
2026-05-18,209120,Yassine Dlimi,617,58,0.0,0.0,MAR,23,atp_rankings_2026_05_18.csv
2026-05-18,209866,Karlis Ozolins,618,58,0.0,1.0,LAT,23,atp_rankings_2026_05_18.csv
2026-05-18,207407,Peter Makk,619,58,2.0,12.0,HUN,24,atp_rankings_2026_05_18.csv
2026-05-18,200661,Yuki Mochizuki,620,58,-2.0,-13.0,JPN,28,atp_rankings_2026_05_18.csv
2026-05-18,208099,Santiago De La Fuente,621,58,0.0,-1.0,ARG,24,atp_rankings_2026_05_18.csv
2026-05-18,211901,Yanis Ghazouani Durand,622,58,0.0,1.0,FRA,25,atp_rankings_2026_05_18.csv
2026-05-18,212830,Samuel Alejandro Linde Palacios,623,58,17.0,114.0,COL,18,atp_rankings_2026_05_18.csv
2026-05-18,210498,Gerard Campana Lee,624,58,-1.0,-8.0,KOR,21,atp_rankings_2026_05_18.csv
2026-05-18,200218,Mate Valkusz,625,57,0.0,-1.0,HUN,27,atp_rankings_2026_05_18.csv
2026-05-18,207884,Arthur Bouquier,626,57,0.0,-1.0,FRA,25,atp_rankings_2026_05_18.csv
2026-05-18,212784,Maximo Zeitune,627,57,3.0,19.0,ARG,19,atp_rankings_2026_05_18.csv
2026-05-18,208328,Max Wiskandt,628,57,0.0,0.0,GER,24,atp_rankings_2026_05_18.csv
2026-05-18,209923,Romain Faucon,629,57,19.0,138.0,BEL,23,atp_rankings_2026_05_18.csv
2026-05-18,211501,Kenta Miyoshi,630,56,0.0,0.0,JPN,22,atp_rankings_2026_05_18.csv
2026-05-18,125802,Ilya Ivashka,631,56,14.0,91.0,BLR,32,atp_rankings_2026_05_18.csv
2026-05-18,200255,Alexander Weis,632,56,-3.0,-20.0,ITA,29,atp_rankings_2026_05_18.csv
2026-05-18,209517,Igor Kudriashov,633,56,3.0,19.0,RUS,22,atp_rankings_2026_05_18.csv
2026-05-18,210505,Marcel Zielinski,634,56,0.0,-1.0,POL,25,atp_rankings_2026_05_18.csv
2026-05-18,212788,Amir Omarkhanov,635,56,-2.0,-14.0,KAZ,18,atp_rankings_2026_05_18.csv
2026-05-18,208168,Nicolas Tepmahc,636,56,1.0,6.0,FRA,24,atp_rankings_2026_05_18.csv
2026-05-18,111153,Christopher Eubanks,637,55,-7.0,-37.0,USA,30,atp_rankings_2026_05_18.csv
2026-05-18,135753,Patrick Maloney,638,55,0.0,-2.0,USA,26,atp_rankings_2026_05_18.csv
2026-05-18,206922,Luca Wiedenmann,639,55,17.0,124.0,GER,28,atp_rankings_2026_05_18.csv
2026-05-18,133794,S D Prajwal Dev,640,55,-1.0,-8.0,IND,29,atp_rankings_2026_05_18.csv
2026-05-18,200445,Maxence Beauge,641,55,0.0,-1.0,FRA,25,atp_rankings_2026_05_18.csv
2026-05-18,209043,Yuta Kikuchi,642,55,2.0,12.0,JPN,26,atp_rankings_2026_05_18.csv
2026-05-18,209971,Michael Bassem Sobhy,643,55,0.0,-2.0,EGY,22,atp_rankings_2026_05_18.csv
2026-05-18,206912,Stuart Parker,644,54,0.0,0.0,GBR,28,atp_rankings_2026_05_18.csv
2026-05-18,210513,Tuncay Duran,645,54,4.0,25.0,TUR,21,atp_rankings_2026_05_18.csv
2026-05-18,210553,Jacob Bradshaw,646,54,17.0,126.0,AUS,23,atp_rankings_2026_05_18.csv
2026-05-18,126762,Aleksandre Bakshi,647,54,0.0,-2.0,GEO,28,atp_rankings_2026_05_18.csv
2026-05-18,210447,Leo Raquillet,648,54,5.0,32.0,FRA,20,atp_rankings_2026_05_18.csv
2026-05-18,144907,Adrian Oetzbach,649,54,-6.0,-41.0,GER,28,atp_rankings_2026_05_18.csv
2026-05-18,126177,Strong Kirchheimer,650,54,0.0,-3.0,USA,31,atp_rankings_2026_05_18.csv
2026-05-18,210672,Leo Vithoontien,651,54,0.0,-3.0,JPN,26,atp_rankings_2026_05_18.csv
2026-05-18,106264,Karue Sell,652,53,0.0,-2.0,BRA,32,atp_rankings_2026_05_18.csv
2026-05-18,211543,Lorenzo Sciahbasi,653,53,0.0,-2.0,ITA,20,atp_rankings_2026_05_18.csv
2026-05-18,212157,Timofei Derepasko,654,53,0.0,1.0,RUS,19,atp_rankings_2026_05_18.csv
2026-05-18,212886,Radu David Turcanu,655,53,0.0,1.0,ROU,20,atp_rankings_2026_05_18.csv
2026-05-18,210744,Kaylan Bigun,656,53,1.0,6.0,USA,19,atp_rankings_2026_05_18.csv
2026-05-18,144923,Louis Wessels,657,53,-15.0,-85.0,GER,27,atp_rankings_2026_05_18.csv
2026-05-18,210320,Kyle Kang,658,52,0.0,1.0,USA,21,atp_rankings_2026_05_18.csv
2026-05-18,210077,Aidan Kim,659,52,0.0,1.0,USA,21,atp_rankings_2026_05_18.csv
2026-05-18,213003,Pierluigi Basile,660,52,3.0,17.0,ITA,19,atp_rankings_2026_05_18.csv
2026-05-18,122078,Dmitry Popko,661,52,-6.0,-43.0,KAZ,29,atp_rankings_2026_05_18.csv
2026-05-18,105671,Gastao Elias,662,52,-12.0,-73.0,POR,35,atp_rankings_2026_05_18.csv
2026-05-18,207994,Chase Ferguson,663,52,-1.0,-6.0,AUS,27,atp_rankings_2026_05_18.csv
2026-05-18,212029,Dimitris Sakellaridis,664,52,4.0,28.0,GRE,20,atp_rankings_2026_05_18.csv
2026-05-18,211673,Duncan Chan,665,51,0.0,-2.0,CAN,20,atp_rankings_2026_05_18.csv
2026-05-18,144826,Aziz Dougaz,666,51,0.0,-2.0,TUN,29,atp_rankings_2026_05_18.csv
2026-05-18,211618,Jan Kumstat,667,51,-4.0,-29.0,CZE,19,atp_rankings_2026_05_18.csv
2026-05-18,207893,Daniel De Jonge,668,51,0.0,-2.0,NED,26,atp_rankings_2026_05_18.csv
2026-05-18,213713,Melios Efstathiou,669,51,0.0,-2.0,CYP,,atp_rankings_2026_05_18.csv
2026-05-18,210507,Nicolas Villalon,670,51,1.0,3.0,CHI,22,atp_rankings_2026_05_18.csv
2026-05-18,122113,Yurii Dzhavakian,671,51,1.0,3.0,UKR,33,atp_rankings_2026_05_18.csv
2026-05-18,104755,Richard Gasquet,672,50,0.0,-4.0,FRA,39,atp_rankings_2026_05_18.csv
2026-05-18,212405,Gavin Young,673,50,0.0,-4.0,USA,23,atp_rankings_2026_05_18.csv
2026-05-18,210063,Matyas Cerny,674,50,4.0,25.0,CZE,24,atp_rankings_2026_05_18.csv
2026-05-18,126183,Mariano Kestelboim,675,50,0.0,-4.0,ARG,30,atp_rankings_2026_05_18.csv
2026-05-18,212978,Izan Almazan Valiente,676,50,0.0,-4.0,ESP,20,atp_rankings_2026_05_18.csv
2026-05-18,212071,Kasra Rahmani,677,50,14.0,105.0,IRI,19,atp_rankings_2026_05_18.csv
2026-05-18,106137,Tristan Lamasine,678,49,0.0,-3.0,FRA,33,atp_rankings_2026_05_18.csv
2026-05-18,106249,Joao Domingues,679,49,13.0,102.0,POR,32,atp_rankings_2026_05_18.csv
2026-05-18,207239,Nikolay Vylegzhanin,680,49,0.0,-2.0,RUS,26,atp_rankings_2026_05_18.csv
2026-05-18,208876,Egor Agafonov,681,49,-2.0,-16.0,RUS,23,atp_rankings_2026_05_18.csv
2026-05-18,210025,Branko Djuric,682,49,-16.0,-95.0,SRB,21,atp_rankings_2026_05_18.csv
2026-05-18,210715,Yaroslav Demin,683,49,1.0,2.0,RUS,20,atp_rankings_2026_05_18.csv
2026-05-18,202154,Uisung Park,684,49,15.0,122.0,KOR,25,atp_rankings_2026_05_18.csv
2026-05-18,208411,Daniel Antonio Nunez,685,49,-3.0,-24.0,CHI,24,atp_rankings_2026_05_18.csv
2026-05-18,211756,Michal Krajci,686,49,0.0,-5.0,SVK,21,atp_rankings_2026_05_18.csv
2026-05-18,212831,Samuel Heredia,687,49,3.0,14.0,COL,19,atp_rankings_2026_05_18.csv
2026-05-18,200574,Alexander Donski,688,48,0.0,-6.0,BUL,27,atp_rankings_2026_05_18.csv
2026-05-18,211550,Yusuke Kusuhara,689,48,0.0,-6.0,JPN,28,atp_rankings_2026_05_18.csv
2026-05-18,210686,Michael Agwi,690,48,0.0,-6.0,IRL,22,atp_rankings_2026_05_18.csv
2026-05-18,202366,Tadeas Paroulek,691,48,-1.0,-12.0,CZE,26,atp_rankings_2026_05_18.csv
2026-05-18,126208,Yusuke Takahashi,692,48,-16.0,-100.0,JPN,28,atp_rankings_2026_05_18.csv
2026-05-18,209246,Alan Magadan,693,48,0.0,-4.0,MEX,24,atp_rankings_2026_05_18.csv
2026-05-18,207557,Maik Steiner,694,48,0.0,-6.0,GER,31,atp_rankings_2026_05_18.csv
2026-05-18,208909,Johan Alexander Rodriguez Rodriguez,695,47,-7.0,-52.0,COL,22,atp_rankings_2026_05_18.csv
2026-05-18,111788,Naoki Nakagawa,696,47,0.0,-2.0,JPN,29,atp_rankings_2026_05_18.csv
2026-05-18,209914,Andreja Petrovic,697,47,8.0,51.0,NOR,26,atp_rankings_2026_05_18.csv
2026-05-18,200595,Lorenzo Bocchi,698,47,17.0,149.0,ITA,28,atp_rankings_2026_05_18.csv
2026-05-18,149145,Matteo Covato,699,47,0.0,-3.0,ITA,21,atp_rankings_2026_05_18.csv
2026-05-18,210295,Cooper Williams,700,46,0.0,-3.0,USA,20,atp_rankings_2026_05_18.csv
2026-05-18,209385,Samuel Vincent Ruggeri,701,46,-2.0,-14.0,ITA,23,atp_rankings_2026_05_18.csv
2026-05-18,207134,Fitriadi M Rifqi,702,46,1.0,5.0,INA,27,atp_rankings_2026_05_18.csv
2026-05-18,133820,Ignacio Monzon,703,46,0.0,-3.0,ARG,28,atp_rankings_2026_05_18.csv
2026-05-18,212749,Andres Santamarta Roig,704,45,0.0,0.0,ESP,19,atp_rankings_2026_05_18.csv
2026-05-18,211566,Patrick Schoen,705,45,7.0,56.0,SUI,21,atp_rankings_2026_05_18.csv
2026-05-18,126335,Sora Fukuda,706,45,0.0,-1.0,JPN,28,atp_rankings_2026_05_18.csv
2026-05-18,125806,Dominik Kellovsky,707,45,0.0,-1.0,CZE,29,atp_rankings_2026_05_18.csv
2026-05-18,134389,Tim Handel,708,45,3.0,17.0,GER,29,atp_rankings_2026_05_18.csv
2026-05-18,211409,Guillaume Dalmasso,709,45,0.0,-1.0,FRA,23,atp_rankings_2026_05_18.csv
2026-05-18,134457,Nicolas Moreno De Alboran,710,44,-30.0,-174.0,USA,28,atp_rankings_2026_05_18.csv
2026-05-18,110618,Elmar Ejupovic,711,44,-8.0,-53.0,GER,33,atp_rankings_2026_05_18.csv
2026-05-18,212104,Pablo Martinez Gomez,712,44,-1.0,-9.0,ESP,20,atp_rankings_2026_05_18.csv
2026-05-18,208931,Toby Alex Kodat,713,44,-2.0,-15.0,USA,23,atp_rankings_2026_05_18.csv
2026-05-18,212969,Matisse Bobichon,714,44,0.0,-5.0,FRA,24,atp_rankings_2026_05_18.csv
2026-05-18,208078,Tomas Farjat,715,44,4.0,27.0,ARG,25,atp_rankings_2026_05_18.csv
2026-05-18,126723,Denys Klok,716,44,-15.0,-102.0,RUS,27,atp_rankings_2026_05_18.csv
2026-05-18,210687,Pawit Sornlaksup,717,44,0.0,-6.0,THA,26,atp_rankings_2026_05_18.csv
2026-05-18,210537,Josip Simundza,718,44,6.0,47.0,CRO,21,atp_rankings_2026_05_18.csv
2026-05-18,212603,Benjamin Torrealba,719,44,0.0,-7.0,CHI,20,atp_rankings_2026_05_18.csv
2026-05-18,211767,James Watt,720,43,-4.0,-27.0,NZL,25,atp_rankings_2026_05_18.csv
2026-05-18,208267,Oscar Weightman,721,43,0.0,-6.0,GBR,24,atp_rankings_2026_05_18.csv
2026-05-18,126209,Peter Bertran,722,43,0.0,-6.0,DOM,30,atp_rankings_2026_05_18.csv
2026-05-18,210398,Gabriele Pennaforti,723,43,0.0,-5.0,ITA,25,atp_rankings_2026_05_18.csv
2026-05-18,208265,Pierre Delage,724,43,3.0,19.0,FRA,25,atp_rankings_2026_05_18.csv
2026-05-18,211649,Fernando Cavallo,725,43,2.0,8.0,ARG,20,atp_rankings_2026_05_18.csv
2026-05-18,206923,Shinji Hazawa,726,43,0.0,-6.0,JPN,27,atp_rankings_2026_05_18.csv
2026-05-18,123993,Lucas Gerch,727,42,-1.0,-10.0,GER,31,atp_rankings_2026_05_18.csv
2026-05-18,202168,Ye Cong Mo,728,42,4.0,29.0,CHN,25,atp_rankings_2026_05_18.csv
2026-05-18,210577,Alejandro Turriziani Alvarez,729,42,1.0,3.0,ESP,23,atp_rankings_2026_05_18.csv
2026-05-18,132017,Mwendwa Mbithi,730,42,-1.0,-11.0,USA,28,atp_rankings_2026_05_18.csv
2026-05-18,208386,Matt Kuhar,731,42,0.0,-7.0,USA,29,atp_rankings_2026_05_18.csv
2026-05-18,210604,Loann Massard,732,42,-1.0,-11.0,FRA,20,atp_rankings_2026_05_18.csv
2026-05-18,202230,Maxence Bertimon,733,42,1.0,3.0,FRA,26,atp_rankings_2026_05_18.csv
2026-05-18,212286,Rodrigo Alujas,734,42,0.0,-8.0,MEX,23,atp_rankings_2026_05_18.csv
2026-05-18,211355,Oskar Brostrom Poulsen,735,41,0.0,-5.0,DEN,24,atp_rankings_2026_05_18.csv
2026-05-18,105700,Jose Pereira,736,41,-3.0,-26.0,BRA,35,atp_rankings_2026_05_18.csv
2026-05-18,200176,Manish Sureshkumar,737,41,9.0,92.0,IND,26,atp_rankings_2026_05_18.csv
2026-05-18,207535,Marlon Vankan,738,41,0.0,-4.0,GER,25,atp_rankings_2026_05_18.csv
2026-05-18,212160,Ryan Fishback,739,41,-1.0,-12.0,USA,24,atp_rankings_2026_05_18.csv
2026-05-18,202148,Michiel De Krom,740,41,-7.0,-49.0,NED,27,atp_rankings_2026_05_18.csv
2026-05-18,206916,Joshua Charlton,741,41,5.0,42.0,AUS,26,atp_rankings_2026_05_18.csv
2026-05-18,208285,Fausto Tabacco,742,41,3.0,24.0,ITA,24,atp_rankings_2026_05_18.csv
2026-05-18,202305,Franco Ribero,743,41,15.0,147.0,ARG,26,atp_rankings_2026_05_18.csv
2026-05-18,211758,Matthew Summers,744,41,-3.0,-31.0,GBR,27,atp_rankings_2026_05_18.csv
2026-05-18,109739,Maximilian Marterer,745,40,0.0,-6.0,GER,30,atp_rankings_2026_05_18.csv
2026-05-18,207181,Govind Nanda,746,40,0.0,-6.0,USA,25,atp_rankings_2026_05_18.csv
2026-05-18,202342,Ryan Seggerman,747,40,26.0,299.0,USA,26,atp_rankings_2026_05_18.csv
2026-05-18,134794,Alexis Gautier,748,40,0.0,-7.0,FRA,29,atp_rankings_2026_05_18.csv
2026-05-18,210629,Alejandro Juan Mano,749,40,-1.0,-14.0,ESP,21,atp_rankings_2026_05_18.csv
2026-05-18,213062,Nikolai Barsukov,750,40,1.0,0.0,GER,,atp_rankings_2026_05_18.csv
2026-05-18,209360,Samir Hamza Reguig,751,40,3.0,25.0,ALG,24,atp_rankings_2026_05_18.csv
2026-05-18,210048,Pierre Yves Bailly,752,39,0.0,-6.0,BEL,22,atp_rankings_2026_05_18.csv
2026-05-18,202277,Damien Wenger,753,39,-2.0,-25.0,SUI,26,atp_rankings_2026_05_18.csv
2026-05-18,213760,Pavel Lagutin,754,39,0.0,-7.0,RUS,21,atp_rankings_2026_05_18.csv
2026-05-18,210242,Ryan Colby,755,39,2.0,15.0,USA,22,atp_rankings_2026_05_18.csv
2026-05-18,209959,Woobin Shin,756,39,-8.0,-61.0,KOR,22,atp_rankings_2026_05_18.csv
2026-05-18,105814,Maximilian Neuchrist,757,39,0.0,-8.0,AUT,34,atp_rankings_2026_05_18.csv
2026-05-18,202346,Ben Jones,758,39,0.0,-7.0,GBR,27,atp_rankings_2026_05_18.csv
2026-05-18,210200,Yanaki Milev,759,39,-1.0,-15.0,BUL,22,atp_rankings_2026_05_18.csv
2026-05-18,200632,Evan Zhu,760,39,-2.0,-22.0,USA,27,atp_rankings_2026_05_18.csv
2026-05-18,208230,Alibek Kachmazov,761,38,-7.0,-59.0,RUS,23,atp_rankings_2026_05_18.csv
2026-05-18,212248,Fryderyk Lechno Wasiutynski,762,38,0.0,-7.0,POL,21,atp_rankings_2026_05_18.csv
2026-05-18,138485,Conner Huertas Del Pino,763,38,2.0,14.0,PER,30,atp_rankings_2026_05_18.csv
2026-05-18,209067,Hunter Heck,764,38,2.0,14.0,USA,24,atp_rankings_2026_05_18.csv
2026-05-18,106227,Ji Sung Nam,765,38,0.0,-9.0,KOR,32,atp_rankings_2026_05_18.csv
2026-05-18,200030,Facundo Juarez,766,38,-3.0,-37.0,ITA,28,atp_rankings_2026_05_18.csv
2026-05-18,207736,Arklon Huertas Del Pino,767,38,5.0,49.0,PER,31,atp_rankings_2026_05_18.csv
2026-05-18,210494,Theo Papamalamis,768,38,0.0,-10.0,FRA,20,atp_rankings_2026_05_18.csv
2026-05-18,209904,Alejandro Manzanera Pertusa,769,38,0.0,-10.0,ESP,23,atp_rankings_2026_05_18.csv
2026-05-18,209198,Gian Luca Tanner,770,38,0.0,-10.0,SUI,25,atp_rankings_2026_05_18.csv
2026-05-18,200216,Giovanni Fonio,771,38,-10.0,-85.0,ITA,28,atp_rankings_2026_05_18.csv
2026-05-18,200538,Matyas Fuele,772,38,0.0,-10.0,HUN,27,atp_rankings_2026_05_18.csv
2026-05-18,211524,Abel Forger,773,38,-4.0,-50.0,NED,20,atp_rankings_2026_05_18.csv
2026-05-18,212306,Ignacio Parisca,774,38,0.0,-10.0,VEN,20,atp_rankings_2026_05_18.csv
2026-05-18,210086,Lorenzo Angelini,775,38,-2.0,-30.0,ITA,20,atp_rankings_2026_05_18.csv
2026-05-18,211707,Amit Vales,776,38,3.0,23.0,ISR,20,atp_rankings_2026_05_18.csv
2026-05-18,210145,John Sperle,777,38,-1.0,-24.0,GER,24,atp_rankings_2026_05_18.csv
2026-05-18,208532,Thiago Cigarran,778,38,3.0,19.0,ARG,26,atp_rankings_2026_05_18.csv
2026-05-18,202089,Aleksandr Braynin,779,38,0.0,-11.0,UKR,26,atp_rankings_2026_05_18.csv
2026-05-18,121264,Oscar Jose Gutierrez,780,38,0.0,-11.0,BRA,33,atp_rankings_2026_05_18.csv
2026-05-18,200325,Emil Ruusuvuori,781,37,-6.0,-67.0,FIN,27,atp_rankings_2026_05_18.csv
2026-05-18,214004,Michael Antonius,782,37,2.0,8.0,USA,,atp_rankings_2026_05_18.csv
2026-05-18,200270,Alex Knaff,783,37,0.0,-10.0,LUX,28,atp_rankings_2026_05_18.csv
2026-05-18,132999,Kai Wehnelt,784,37,-2.0,-32.0,GER,30,atp_rankings_2026_05_18.csv
2026-05-18,207660,Nicholas David Ionel,785,37,0.0,-10.0,ROU,23,atp_rankings_2026_05_18.csv
2026-05-18,210294,Jack Anthrop,786,36,0.0,-7.0,USA,22,atp_rankings_2026_05_18.csv
2026-05-18,214590,Nikita Belozertsev,787,36,0.0,-7.0,UZB,17,atp_rankings_2026_05_18.csv
2026-05-18,212025,Yannik Kelm,788,36,0.0,-3.0,GER,21,atp_rankings_2026_05_18.csv
2026-05-18,208094,Jorge Plans,789,36,2.0,21.0,ESP,24,atp_rankings_2026_05_18.csv
2026-05-18,207383,Taisei Ichikawa,790,36,8.0,80.0,JPN,25,atp_rankings_2026_05_18.csv
2026-05-18,209337,Luca Castagnola,791,36,0.0,-4.0,ITA,23,atp_rankings_2026_05_18.csv
2026-05-18,111505,Enzo Couacaud,792,35,0.0,-4.0,FRA,31,atp_rankings_2026_05_18.csv
2026-05-18,212455,Lucas Andrade Da Silva,793,35,0.0,-4.0,BRA,21,atp_rankings_2026_05_18.csv
2026-05-18,210488,Roger Pascual Ferra,794,35,0.0,-3.0,ESP,20,atp_rankings_2026_05_18.csv
2026-05-18,106075,Jozef Kovalik,795,35,0.0,-3.0,SVK,33,atp_rankings_2026_05_18.csv
2026-05-18,210328,Matt Ponchet,796,35,1.0,8.0,FRA,21,atp_rankings_2026_05_18.csv
2026-05-18,206921,Scott Jones,797,35,0.0,-4.0,AUS,28,atp_rankings_2026_05_18.csv
2026-05-18,202327,Marko Miladinovic,798,35,0.0,-4.0,SRB,25,atp_rankings_2026_05_18.csv
2026-05-18,202258,Rafael Izquierdo Luque,799,35,3.0,31.0,ESP,26,atp_rankings_2026_05_18.csv
2026-05-18,209128,Diego Augusto Barreto Sanchez,800,35,-1.0,-16.0,ESP,24,atp_rankings_2026_05_18.csv
2026-05-18,208277,Taiyo Yamanaka,801,35,6.0,56.0,JPN,24,atp_rankings_2026_05_18.csv
2026-05-18,207776,William Grant,802,35,-1.0,-16.0,USA,25,atp_rankings_2026_05_18.csv
2026-05-18,208925,John Hallquist Lithen,803,35,1.0,8.0,SWE,24,atp_rankings_2026_05_18.csv
2026-05-18,212275,Thijs Boogaard,804,34,0.0,-4.0,NED,17,atp_rankings_2026_05_18.csv
2026-05-18,200335,Felipe Meligeni Alves,805,34,0.0,-4.0,BRA,28,atp_rankings_2026_05_18.csv
2026-05-18,126939,Khumoun Sultanov,806,34,0.0,-4.0,UZB,27,atp_rankings_2026_05_18.csv
2026-05-18,110602,Dennis Novak,807,34,0.0,-4.0,AUT,32,atp_rankings_2026_05_18.csv
2026-05-18,210236,Attila Boros,808,34,0.0,-3.0,HUN,22,atp_rankings_2026_05_18.csv
2026-05-18,209985,Amaury Raynel,809,34,0.0,-2.0,FRA,23,atp_rankings_2026_05_18.csv
2026-05-18,209038,Linang Xiao,810,34,0.0,-2.0,CHN,26,atp_rankings_2026_05_18.csv
2026-05-18,210052,Nicolas Zanellato,811,34,4.0,38.0,BRA,24,atp_rankings_2026_05_18.csv
2026-05-18,208818,Finn Murgett,812,34,4.0,38.0,GBR,24,atp_rankings_2026_05_18.csv
2026-05-18,212285,Albert Pedrico Kravtsov,813,33,0.0,1.0,ESP,20,atp_rankings_2026_05_18.csv
2026-05-18,122495,Shintaro Imai,814,33,-4.0,-43.0,JPN,32,atp_rankings_2026_05_18.csv
2026-05-18,210203,Pedro Rodenas,815,33,0.0,2.0,ESP,22,atp_rankings_2026_05_18.csv
2026-05-18,207456,Dong Ju Kim,816,33,0.0,2.0,KOR,24,atp_rankings_2026_05_18.csv
2026-05-18,202418,Stijn Slump,817,33,-2.0,-22.0,NED,27,atp_rankings_2026_05_18.csv
2026-05-18,209247,Axel Garcian,818,33,0.0,1.0,FRA,23,atp_rankings_2026_05_18.csv
2026-05-18,209937,Giorgio Tabacco,819,33,0.0,1.0,ITA,22,atp_rankings_2026_05_18.csv
2026-05-18,104932,Kenny De Schepper,820,33,-4.0,-46.0,FRA,38,atp_rankings_2026_05_18.csv
2026-05-18,208372,Natan Rodrigues,821,33,0.0,0.0,BRA,24,atp_rankings_2026_05_18.csv
2026-05-18,207592,Martin Van Der Meerschen,822,33,0.0,0.0,BEL,25,atp_rankings_2026_05_18.csv
2026-05-18,105868,Wilson Leite,823,33,3.0,25.0,BRA,34,atp_rankings_2026_05_18.csv
2026-05-18,212269,Marc Majdandzic,824,33,0.0,-1.0,GER,21,atp_rankings_2026_05_18.csv
2026-05-18,208861,Keisuke Saitoh,825,33,0.0,0.0,JPN,25,atp_rankings_2026_05_18.csv
2026-05-18,208152,Gabriele Bosio,826,33,4.0,30.0,ITA,25,atp_rankings_2026_05_18.csv
2026-05-18,208302,Nikola Slavic,827,33,0.0,-3.0,SWE,25,atp_rankings_2026_05_18.csv
2026-05-18,212070,Ali Yazdani,828,33,-15.0,-138.0,IRI,22,atp_rankings_2026_05_18.csv
2026-05-18,126185,Evgenii Tiurnev,829,32,0.0,-2.0,RUS,29,atp_rankings_2026_05_18.csv
2026-05-18,213010,Marc Van Der Merwe,830,32,2.0,15.0,RSA,31,atp_rankings_2026_05_18.csv
2026-05-18,126581,Juan Sebastian Osorio,831,32,15.0,175.0,COL,28,atp_rankings_2026_05_18.csv
2026-05-18,208071,Oleksii Krutykh,832,32,0.0,0.0,UKR,26,atp_rankings_2026_05_18.csv
2026-05-18,202369,Daniel Salazar Martinez,833,32,1.0,6.0,COL,25,atp_rankings_2026_05_18.csv
2026-05-18,212221,Tianhui Zhang,834,32,-3.0,-36.0,CHN,20,atp_rankings_2026_05_18.csv
2026-05-18,207794,Younes Lalami Laaroussi,835,32,4.0,34.0,MAR,25,atp_rankings_2026_05_18.csv
2026-05-18,210652,Dragos Nicolae Cazacu,836,32,-1.0,-10.0,ROU,22,atp_rankings_2026_05_18.csv
2026-05-18,209253,Andrea Fiorentini,837,32,0.0,-4.0,ITA,25,atp_rankings_2026_05_18.csv
2026-05-18,212086,Grigory Shebekin,838,31,0.0,-3.0,RUS,21,atp_rankings_2026_05_18.csv
2026-05-18,144751,Rigele Te,839,31,0.0,-3.0,CHN,28,atp_rankings_2026_05_18.csv
2026-05-18,132310,Tiago Cacao,840,31,0.0,-3.0,POR,28,atp_rankings_2026_05_18.csv
2026-05-18,200228,Felix Corwin,841,31,-4.0,-45.0,USA,29,atp_rankings_2026_05_18.csv
2026-05-18,132374,Jesse Flores,842,31,0.0,-4.0,CRC,31,atp_rankings_2026_05_18.csv
2026-05-18,210143,Maximilian Homberg,843,31,0.0,-3.0,GER,23,atp_rankings_2026_05_18.csv
2026-05-18,208166,Xiaofei Wang,844,31,1.0,2.0,CHN,23,atp_rankings_2026_05_18.csv
2026-05-18,144748,Kris Van Wyk,845,31,0.0,-4.0,RSA,29,atp_rankings_2026_05_18.csv
2026-05-18,208147,Alexandre Aubriot,846,31,0.0,-3.0,FRA,26,atp_rankings_2026_05_18.csv
2026-05-18,106397,Wishaya Trongcharoenchaikul,847,31,-3.0,-35.0,THA,31,atp_rankings_2026_05_18.csv
2026-05-18,106432,Borna Coric,848,30,0.0,-4.0,CRO,29,atp_rankings_2026_05_18.csv
2026-05-18,207404,Miles Jones,849,30,3.0,33.0,USA,25,atp_rankings_2026_05_18.csv
2026-05-18,208051,Axel Nefve,850,30,-1.0,-8.0,USA,25,atp_rankings_2026_05_18.csv
2026-05-18,208533,Joao Victor Couto Loureiro,851,30,1.0,8.0,BRA,23,atp_rankings_2026_05_18.csv
2026-05-18,209095,Francisco Rocha,852,30,2.0,16.0,POR,26,atp_rankings_2026_05_18.csv
2026-05-18,208264,Carles Hernandez,853,30,0.0,-2.0,ESP,25,atp_rankings_2026_05_18.csv
2026-05-18,106423,Thanasi Kokkinakis,854,29,4.0,38.0,AUS,30,atp_rankings_2026_05_18.csv
2026-05-18,213036,Luis Guto Miguel,855,29,14.0,181.0,BRA,17,atp_rankings_2026_05_18.csv
2026-05-18,210254,Adrien Gobat,856,29,0.0,-4.0,FRA,24,atp_rankings_2026_05_18.csv
2026-05-18,209330,Bautista Vilicich,857,29,-3.0,-29.0,ARG,24,atp_rankings_2026_05_18.csv
2026-05-18,209882,Jeffrey Von Der Schulenburg,858,29,0.0,-5.0,SUI,24,atp_rankings_2026_05_18.csv
2026-05-18,212288,Vincent Marysko,859,29,0.0,-5.0,GER,20,atp_rankings_2026_05_18.csv
2026-05-18,200125,Mykyta Mashtakov,860,29,-3.0,-29.0,UKR,27,atp_rankings_2026_05_18.csv
2026-05-18,125833,Mert Naci Turker,861,29,2.0,20.0,TUR,27,atp_rankings_2026_05_18.csv
2026-05-18,210623,Jakub Filip,862,29,0.0,-7.0,CZE,20,atp_rankings_2026_05_18.csv
2026-05-18,211391,Iannis Miletich,863,29,0.0,-5.0,ITA,20,atp_rankings_2026_05_18.csv
2026-05-18,200330,Tomas Curras Abasolo,864,29,1.0,7.0,ESP,26,atp_rankings_2026_05_18.csv
2026-05-18,213965,Andrew Johnson,865,28,1.0,10.0,USA,16,atp_rankings_2026_05_18.csv
2026-05-18,210093,Sander Jong,866,28,0.0,-4.0,NED,26,atp_rankings_2026_05_18.csv
2026-05-18,211394,Patrick Brady,867,28,3.0,30.0,GBR,21,atp_rankings_2026_05_18.csv
2026-05-18,207788,Thanapet Chanta,868,28,0.0,-4.0,THA,26,atp_rankings_2026_05_18.csv
2026-05-18,144915,Mikalai Haliak,869,28,-6.0,-60.0,BLR,27,atp_rankings_2026_05_18.csv
2026-05-18,210424,Michel Hopp,870,28,0.0,-4.0,GER,27,atp_rankings_2026_05_18.csv
2026-05-18,210099,Dinko Dinev,871,28,0.0,-4.0,BUL,22,atp_rankings_2026_05_18.csv
2026-05-18,206749,Niccolo Catini,872,28,1.0,13.0,ITA,28,atp_rankings_2026_05_18.csv
2026-05-18,212725,Alaa Trifi,873,28,5.0,53.0,TUN,19,atp_rankings_2026_05_18.csv
2026-05-18,212115,Hoyoung Roh,874,27,0.0,-1.0,KOR,20,atp_rankings_2026_05_18.csv
2026-05-18,126573,Thomas Fancutt,875,27,0.0,-3.0,AUS,31,atp_rankings_2026_05_18.csv
2026-05-18,211479,Gustavo Ribeiro De Almeida,876,27,0.0,-2.0,BRA,20,atp_rankings_2026_05_18.csv
2026-05-18,210523,Luca Pow,877,27,0.0,-1.0,GBR,21,atp_rankings_2026_05_18.csv
2026-05-18,213996,Anton Arzhankin,878,27,0.0,-1.0,RUS,,atp_rankings_2026_05_18.csv
2026-05-18,213007,Tristan Stringer,879,27,0.0,-1.0,USA,20,atp_rankings_2026_05_18.csv
2026-05-18,117353,Duck Hee Lee,880,27,0.0,0.0,KOR,27,atp_rankings_2026_05_18.csv
2026-05-18,210477,Artur Kukasian,881,27,0.0,2.0,RUS,22,atp_rankings_2026_05_18.csv
2026-05-18,202125,Benjamin Pietri,882,27,0.0,2.0,FRA,29,atp_rankings_2026_05_18.csv
2026-05-18,126971,Marcus Walters,883,27,3.0,28.0,GBR,28,atp_rankings_2026_05_18.csv
2026-05-18,210252,Seydina Andre,884,27,-2.0,-23.0,SEN,22,atp_rankings_2026_05_18.csv
2026-05-18,111568,Michael Zhu,885,27,1.0,6.0,USA,33,atp_rankings_2026_05_18.csv
2026-05-18,105948,Federico Coria,886,26,-12.0,-132.0,ARG,34,atp_rankings_2026_05_18.csv
2026-05-18,148674,Emon Van Loben Sels,887,26,0.0,-1.0,USA,21,atp_rankings_2026_05_18.csv
2026-05-18,213825,Keaton Hance,888,26,3.0,28.0,USA,18,atp_rankings_2026_05_18.csv
2026-05-18,209416,Juan Carlos Aguilar,889,26,-2.0,-26.0,CAN,27,atp_rankings_2026_05_18.csv
2026-05-18,209124,Blu Baker,890,26,0.0,-3.0,GBR,24,atp_rankings_2026_05_18.csv
2026-05-18,212461,Daniele Rapagnetta,891,26,4.0,47.0,ITA,19,atp_rankings_2026_05_18.csv
2026-05-18,211708,Manuel Plunger,892,25,0.0,1.0,ITA,23,atp_rankings_2026_05_18.csv
2026-05-18,149842,Nicolas Ian Kotzen,893,25,0.0,1.0,USA,23,atp_rankings_2026_05_18.csv
2026-05-18,134087,Johannes Ingildsen,894,25,0.0,1.0,DEN,28,atp_rankings_2026_05_18.csv
2026-05-18,105952,Renzo Olivo,895,25,-8.0,-82.0,ARG,34,atp_rankings_2026_05_18.csv
2026-05-18,144707,Mikael Ymer,896,25,0.0,0.0,SWE,27,atp_rankings_2026_05_18.csv
2026-05-18,126523,Bernabe Zapata Miralles,897,25,-6.0,-63.0,ESP,29,atp_rankings_2026_05_18.csv
2026-05-18,211651,Alexander Vasilev,898,25,0.0,0.0,BUL,19,atp_rankings_2026_05_18.csv
2026-05-18,212235,Noah Zamora,899,25,0.0,0.0,USA,23,atp_rankings_2026_05_18.csv
2026-05-18,209099,Kristijan Juhas,900,25,0.0,1.0,SRB,24,atp_rankings_2026_05_18.csv
2026-05-18,104729,Ivan Nedelko,901,25,0.0,-1.0,RUS,40,atp_rankings_2026_05_18.csv
2026-05-18,210098,Victor Lilov,902,25,-1.0,-14.0,USA,22,atp_rankings_2026_05_18.csv
2026-05-18,206556,Lautaro Agustin Falabella,903,25,1.0,3.0,ARG,28,atp_rankings_2026_05_18.csv
2026-05-18,209164,Lorenzo Rottoli,904,25,1.0,4.0,ITA,24,atp_rankings_2026_05_18.csv
2026-05-18,122294,Gabriele Maria Noce,905,25,1.0,4.0,ITA,30,atp_rankings_2026_05_18.csv
2026-05-18,212748,Anas Mazdrashki,906,25,-4.0,-46.0,BUL,,atp_rankings_2026_05_18.csv
2026-05-18,212816,Lucca Helguera Casado,907,25,3.0,33.0,ESP,20,atp_rankings_2026_05_18.csv
2026-05-18,208466,Evan Bynoe,908,25,-1.0,-19.0,USA,26,atp_rankings_2026_05_18.csv
2026-05-18,209943,Ilya Snitari,909,24,0.0,-7.0,MDA,24,atp_rankings_2026_05_18.csv
2026-05-18,213838,Ronit Karki,910,24,4.0,52.0,USA,18,atp_rankings_2026_05_18.csv
2026-05-18,212203,Luca Preda,911,24,0.0,-7.0,ROU,20,atp_rankings_2026_05_18.csv
2026-05-18,208320,Christopher Li,912,24,0.0,-7.0,PER,22,atp_rankings_2026_05_18.csv
2026-05-18,213059,Carles Cordoba,913,24,0.0,-6.0,ESP,20,atp_rankings_2026_05_18.csv
2026-05-18,212259,Benjamin Thomas George,914,24,0.0,-4.0,CAN,23,atp_rankings_2026_05_18.csv
2026-05-18,202244,Jeremy Gschwendtner,915,24,1.0,10.0,GBR,27,atp_rankings_2026_05_18.csv
2026-05-18,202334,Jesse Delaney,916,24,0.0,-4.0,AUS,27,atp_rankings_2026_05_18.csv
2026-05-18,207841,Muhammad Shoaib,917,23,,,PAK,24,atp_rankings_2026_05_18.csv
2026-05-18,200670,J J Wolf,918,23,2.0,29.0,USA,27,atp_rankings_2026_05_18.csv
2026-05-18,212733,Matthew Forbes,919,23,0.0,-6.0,USA,20,atp_rankings_2026_05_18.csv
2026-05-18,213932,Theodore Dean,920,23,0.0,-6.0,USA,24,atp_rankings_2026_05_18.csv
2026-05-18,144841,Christian Sigsgaard,921,23,0.0,-6.0,DEN,29,atp_rankings_2026_05_18.csv
2026-05-18,214018,Jamie Mackenzie,922,23,0.0,-5.0,GER,,atp_rankings_2026_05_18.csv
2026-05-18,126165,Aoran Wang,923,23,0.0,-4.0,CHN,29,atp_rankings_2026_05_18.csv
2026-05-18,209166,Calvin Mueller,924,23,0.0,-6.0,GER,25,atp_rankings_2026_05_18.csv
2026-05-18,212780,Enzo Kohlmann De Freitas,925,23,0.0,-5.0,BRA,19,atp_rankings_2026_05_18.csv
2026-05-18,208055,Ajeet Rai,926,23,0.0,-5.0,NZL,27,atp_rankings_2026_05_18.csv
2026-05-18,211658,Tomas Martinez,927,23,2.0,25.0,ARG,22,atp_rankings_2026_05_18.csv
2026-05-18,209956,Dev Javia,928,23,1.0,8.0,IND,24,atp_rankings_2026_05_18.csv
2026-05-18,208160,Sam Ryan Ziegann,929,23,0.0,-5.0,AUS,27,atp_rankings_2026_05_18.csv
2026-05-18,209171,Thantub Suksumrarn,930,23,0.0,-7.0,THA,25,atp_rankings_2026_05_18.csv
2026-05-18,210684,Niccolo Ciavarella,931,23,14.0,290.0,ITA,22,atp_rankings_2026_05_18.csv
2026-05-18,202124,Kosuke Ogura,932,23,1.0,12.0,JPN,30,atp_rankings_2026_05_18.csv
2026-05-18,200441,Grigoriy Lomakin,933,23,1.0,12.0,KAZ,28,atp_rankings_2026_05_18.csv
2026-05-18,210531,Paul Inchauspe,934,22,0.0,-7.0,FRA,22,atp_rankings_2026_05_18.csv
2026-05-18,209905,Shunsuke Nakagawa,935,22,0.0,-6.0,JPN,26,atp_rankings_2026_05_18.csv
2026-05-18,208237,Aleksa Ciric,936,22,0.0,-6.0,SRB,25,atp_rankings_2026_05_18.csv
2026-05-18,212311,Stijn Paardekooper,937,22,0.0,-6.0,NED,22,atp_rankings_2026_05_18.csv
2026-05-18,200671,Daisuke Sumizawa,938,22,0.0,-6.0,JPN,27,atp_rankings_2026_05_18.csv
2026-05-18,212832,Salvador Price,939,22,0.0,-6.0,COL,21,atp_rankings_2026_05_18.csv
2026-05-18,208003,Bekkhan Atlangeriev,940,22,-2.0,-37.0,RUS,25,atp_rankings_2026_05_18.csv
2026-05-18,144925,Nitin Kumar Sinha,941,22,0.0,-7.0,IND,27,atp_rankings_2026_05_18.csv
2026-05-18,206216,Tom Zeuch,942,22,2.0,23.0,GER,26,atp_rankings_2026_05_18.csv
2026-05-18,210483,Yaojie Zeng,943,22,-1.0,-21.0,CHN,24,atp_rankings_2026_05_18.csv
2026-05-18,212478,William Rejchtman Vinciguerra,944,22,1.0,9.0,SWE,19,atp_rankings_2026_05_18.csv
2026-05-18,210429,Pietro Romeo Scomparin,945,22,0.0,-10.0,ITA,25,atp_rankings_2026_05_18.csv
2026-05-18,208132,Noah Schachter,946,22,0.0,-9.0,USA,26,atp_rankings_2026_05_18.csv
2026-05-18,208653,Isaac Becroft,947,22,1.0,8.0,NZL,25,atp_rankings_2026_05_18.csv
2026-05-18,200276,Niklas Schell,948,22,0.0,-7.0,GER,27,atp_rankings_2026_05_18.csv
2026-05-18,212171,Nicolas Jadoun,949,22,0.0,-6.0,FRA,23,atp_rankings_2026_05_18.csv
2026-05-18,104905,Nicolas Barrientos,950,21,0.0,-4.0,COL,39,atp_rankings_2026_05_18.csv
2026-05-18,212076,Zoran Ludoski,951,21,0.0,-3.0,SRB,20,atp_rankings_2026_05_18.csv
2026-05-18,202345,Arvid Nordquist,952,21,19.0,771.0,SWE,27,atp_rankings_2026_05_18.csv
2026-05-18,210265,Aleksandr Lobanov,953,21,-1.0,-25.0,RUS,25,atp_rankings_2026_05_18.csv
2026-05-18,214589,Yannick Theodor Alexandrescou,954,21,14.0,322.0,FRA,18,atp_rankings_2026_05_18.csv
2026-05-18,209334,Micah Braswell,955,21,0.0,-6.0,USA,24,atp_rankings_2026_05_18.csv
2026-05-18,208806,Stefano Dagostino,956,21,0.0,-6.0,ITA,22,atp_rankings_2026_05_18.csv
2026-05-18,109694,Pedro Araujo,957,21,0.0,-6.0,POR,24,atp_rankings_2026_05_18.csv
2026-05-18,211774,Ryotaro Taguchi,958,21,3.0,37.0,JPN,25,atp_rankings_2026_05_18.csv
2026-05-18,208229,Qian Sun,959,21,0.0,-5.0,CHN,24,atp_rankings_2026_05_18.csv
2026-05-18,212574,Egor Pleshivtsev,960,21,1.0,9.0,RUS,,atp_rankings_2026_05_18.csv
2026-05-18,211897,Naoya Honda,961,21,-1.0,-22.0,JPN,20,atp_rankings_2026_05_18.csv
2026-05-18,213806,Kriish Tyagi,962,20,14.0,360.0,IND,19,atp_rankings_2026_05_18.csv
2026-05-18,210132,Julio Cesar Porras,963,20,0.0,-7.0,ARG,28,atp_rankings_2026_05_18.csv
2026-05-18,105575,Ricardas Berankis,964,20,0.0,-7.0,LTU,35,atp_rankings_2026_05_18.csv
2026-05-18,212958,Spencer Johnson,965,20,0.0,-7.0,USA,23,atp_rankings_2026_05_18.csv
2026-05-18,210759,Gianluca Brunkow,966,20,0.0,-7.0,USA,23,atp_rankings_2026_05_18.csv
2026-05-18,148673,Dominique Rolland,967,20,0.0,-7.0,USA,21,atp_rankings_2026_05_18.csv
2026-05-18,126283,Yunseong Chung,968,20,0.0,-7.0,KOR,28,atp_rankings_2026_05_18.csv
2026-05-18,134490,Justin Roberts,969,20,1.0,6.0,BAH,29,atp_rankings_2026_05_18.csv
2026-05-18,109334,Bastian Malla,970,20,0.0,-7.0,CHI,29,atp_rankings_2026_05_18.csv
2026-05-18,212280,Giulio Perego,971,20,8.0,137.0,ITA,23,atp_rankings_2026_05_18.csv
2026-05-18,211646,Louis Larue,972,20,0.0,-5.0,FRA,21,atp_rankings_2026_05_18.csv
2026-05-18,126135,Jumpei Yamasaki,973,20,1.0,8.0,JPN,28,atp_rankings_2026_05_18.csv
2026-05-18,210394,Nikita Ianin,974,20,12.0,282.0,RUS,24,atp_rankings_2026_05_18.csv
2026-05-18,211467,Aditya Vishal Balsekar,975,20,7.0,105.0,IND,23,atp_rankings_2026_05_18.csv
2026-05-18,207676,Adan Freire Da Silva,976,20,0.0,-6.0,FRA,27,atp_rankings_2026_05_18.csv
2026-05-18,202275,Fermin Tenti,977,20,3.0,35.0,ARG,28,atp_rankings_2026_05_18.csv
2026-05-18,208250,Mihai Razvan Marinescu,978,20,-2.0,-36.0,ROU,24,atp_rankings_2026_05_18.csv
2026-05-18,210456,Karim Ibrahim,979,20,4.0,53.0,EGY,22,atp_rankings_2026_05_18.csv
2026-05-18,208401,Giannicola Misasi,980,20,1.0,7.0,ITA,25,atp_rankings_2026_05_18.csv
2026-05-18,210028,Ozan Baris,981,19,0.0,-10.0,USA,22,atp_rankings_2026_05_18.csv
2026-05-18,210727,Taym Al Azmeh,982,19,0.0,-10.0,GER,22,atp_rankings_2026_05_18.csv
2026-05-18,210091,Filip Pieczonka,983,19,0.0,-10.0,POL,22,atp_rankings_2026_05_18.csv
2026-05-18,106078,Egor Gerasimov,984,19,0.0,-10.0,BLR,33,atp_rankings_2026_05_18.csv
2026-05-18,212852,Kacper Szymkowiak,985,19,0.0,-9.0,POL,21,atp_rankings_2026_05_18.csv
2026-05-18,131910,Lucas Bouquet,986,19,0.0,-9.0,FRA,28,atp_rankings_2026_05_18.csv
2026-05-18,205842,Arthur Reymond,987,19,-1.0,-23.0,FRA,27,atp_rankings_2026_05_18.csv
2026-05-18,212127,Charlie Robertson,988,19,0.0,-9.0,GBR,19,atp_rankings_2026_05_18.csv
2026-05-18,213356,Michele Mecarelli,989,19,7.0,120.0,ITA,19,atp_rankings_2026_05_18.csv
2026-05-18,133014,Enzo Wallart,990,19,-1.0,-24.0,FRA,29,atp_rankings_2026_05_18.csv
2026-05-18,202065,Petros Tsitsipas,991,19,-8.0,-112.0,GRE,25,atp_rankings_2026_05_18.csv
2026-05-18,210535,Maxim Shin,992,19,0.0,-10.0,UZB,22,atp_rankings_2026_05_18.csv
2026-05-18,213143,Sydney Zick,993,19,0.0,-9.0,GER,19,atp_rankings_2026_05_18.csv
2026-05-18,200418,Karl Friberg,994,19,0.0,-11.0,SWE,27,atp_rankings_2026_05_18.csv
2026-05-18,212888,Rares Teodor Pieleanu,995,19,0.0,-10.0,ROU,19,atp_rankings_2026_05_18.csv
2026-05-18,210047,Lorenzo Lorusso,996,19,0.0,-10.0,ITA,26,atp_rankings_2026_05_18.csv
2026-05-18,210157,Dylan Dietrich,997,18,0.0,-9.0,SUI,21,atp_rankings_2026_05_18.csv
2026-05-18,206573,Trey Hilderbrand,998,18,0.0,-9.0,USA,26,atp_rankings_2026_05_18.csv
2026-05-18,126953,Chan Yeong Oh,999,18,0.0,-9.0,KOR,27,atp_rankings_2026_05_18.csv
2026-05-18,211585,Alex Kuperstein,1000,18,0.0,-8.0,USA,27,atp_rankings_2026_05_18.csv
2026-05-18,213677,Dante Pagani,1000,18,1.0,0.0,ARG,,atp_rankings_2026_05_18.csv
2026-05-18,127087,Dominik Recek,1002,18,0.0,-9.0,CZE,31,atp_rankings_2026_05_18.csv
2026-05-18,207682,Lorenzo Gagliardo,1003,18,1.0,-1.0,ITA,25,atp_rankings_2026_05_18.csv
2026-05-18,212949,Ziga Sesko,1004,18,1.0,-3.0,SLO,17,atp_rankings_2026_05_18.csv
2026-05-18,212202,Alvin Nicholas Tudorica,1005,18,-1.0,-27.0,CAN,24,atp_rankings_2026_05_18.csv
2026-05-18,210683,Peter Buldorini,1006,18,-1.0,-26.0,ITA,21,atp_rankings_2026_05_18.csv
2026-05-18,212308,Markus Malaszszak,1007,18,0.0,-13.0,GER,21,atp_rankings_2026_05_18.csv
2026-05-18,202077,Ewen Lumsden,1008,18,-2.0,-40.0,GBR,26,atp_rankings_2026_05_18.csv
2026-05-18,212639,Yuto Oki,1009,18,0.0,-13.0,JPN,,atp_rankings_2026_05_18.csv
2026-05-18,213046,Pieter De Lange,1010,18,1.0,-2.0,NED,,atp_rankings_2026_05_18.csv
2026-05-18,211674,Kuang Qing Xu,1011,17,0.0,-14.0,CHN,19,atp_rankings_2026_05_18.csv
2026-05-18,212926,Andrew Delgado,1012,17,0.0,-14.0,USA,20,atp_rankings_2026_05_18.csv
2026-05-18,209064,Suk Hyun Choo,1013,17,0.0,-14.0,KOR,25,atp_rankings_2026_05_18.csv
2026-05-18,213360,Niels Mcdonald,1014,17,0.0,-11.0,GER,18,atp_rankings_2026_05_18.csv
2026-05-18,208382,Herman Hoeyeraal,1015,17,1.0,6.0,NOR,24,atp_rankings_2026_05_18.csv
2026-05-18,202419,Justin Schlageter,1016,17,0.0,-12.0,GER,25,atp_rankings_2026_05_18.csv
2026-05-18,212059,Zach Stephens,1017,17,0.0,-12.0,GBR,19,atp_rankings_2026_05_18.csv
2026-05-18,211497,Rocco Piatti,1018,17,3.0,33.0,MON,21,atp_rankings_2026_05_18.csv
2026-05-18,212199,Tymur Bieldiugin,1019,17,0.0,-12.0,UKR,20,atp_rankings_2026_05_18.csv
2026-05-18,134276,Jacob Brumm,1020,17,-11.0,-155.0,USA,27,atp_rankings_2026_05_18.csv
2026-05-18,211317,Chen Dong,1021,17,0.0,-10.0,AUS,23,atp_rankings_2026_05_18.csv
2026-05-18,209233,Pietro Marino,1022,17,0.0,-12.0,ITA,24,atp_rankings_2026_05_18.csv
2026-05-18,210409,Pavlos Tsitsipas,1023,17,0.0,-10.0,GRE,20,atp_rankings_2026_05_18.csv
2026-05-18,212022,Daniil Sarksian,1024,17,0.0,-10.0,RUS,19,atp_rankings_2026_05_18.csv
2026-05-18,213987,Vignesh Gogineni,1025,16,0.0,-10.0,USA,,atp_rankings_2026_05_18.csv
2026-05-18,211664,Nicolas Oliveira,1026,16,0.0,-10.0,BRA,20,atp_rankings_2026_05_18.csv
2026-05-18,212839,Oliver Bonding,1027,16,0.0,-9.0,GBR,18,atp_rankings_2026_05_18.csv
2026-05-18,211675,Keegan Rice,1028,16,0.0,-11.0,CAN,19,atp_rankings_2026_05_18.csv
2026-05-18,209928,Kalin Ivanovski,1029,16,-2.0,-38.0,MKD,22,atp_rankings_2026_05_18.csv
2026-05-18,206746,Benjamin Winter Lopez,1030,16,0.0,-11.0,ESP,27,atp_rankings_2026_05_18.csv
2026-05-18,109946,Pedro Rodrigues,1031,16,-17.0,-216.0,BRA,20,atp_rankings_2026_05_18.csv
2026-05-18,212944,Ryo Tabata,1032,16,0.0,-12.0,JPN,18,atp_rankings_2026_05_18.csv
2026-05-18,212142,Maxwell Exsted,1033,16,0.0,-11.0,USA,19,atp_rankings_2026_05_18.csv
2026-05-18,208467,Alexander Kotzen,1034,16,0.0,-11.0,USA,25,atp_rankings_2026_05_18.csv
2026-05-18,209203,Evgeny Philippov,1035,16,0.0,-11.0,RUS,24,atp_rankings_2026_05_18.csv
2026-05-18,213969,Joao Vitor Scramin Do Lago,1036,16,0.0,-10.0,BRA,19,atp_rankings_2026_05_18.csv
2026-05-18,206600,Zura Tkemaladze,1037,16,0.0,-10.0,GEO,25,atp_rankings_2026_05_18.csv
2026-05-18,205825,Joao Vitor Goncalves Ceolin,1038,16,2.0,16.0,BRA,27,atp_rankings_2026_05_18.csv
2026-05-18,208006,Rafael Tosetto,1039,16,3.0,43.0,BRA,26,atp_rankings_2026_05_18.csv
2026-05-18,208057,Diego Fernandez Flores,1040,16,0.0,-9.0,CHI,25,atp_rankings_2026_05_18.csv
2026-05-18,213591,Billy Suarez,1041,16,0.0,-12.0,USA,,atp_rankings_2026_05_18.csv
2026-05-18,212972,Andrea De Marchi,1042,16,0.0,-12.0,ITA,19,atp_rankings_2026_05_18.csv
2026-05-18,212246,Volodymyr Iakubenko,1043,16,1.0,-1.0,UKR,20,atp_rankings_2026_05_18.csv
2026-05-18,212760,Joaquim Almeida,1044,15,,,BRA,24,atp_rankings_2026_05_18.csv
2026-05-18,126536,David Pichler,1045,15,0.0,-12.0,AUT,30,atp_rankings_2026_05_18.csv
2026-05-18,126197,Orlando Luz,1046,15,0.0,-12.0,BRA,28,atp_rankings_2026_05_18.csv
2026-05-18,106214,Oscar Otte,1047,15,0.0,-12.0,GER,32,atp_rankings_2026_05_18.csv
2026-05-18,208424,Julian Cundom,1048,15,0.0,-11.0,ARG,25,atp_rankings_2026_05_18.csv
2026-05-18,126216,Alexander Klintcharov,1049,15,-1.0,-24.0,NZL,29,atp_rankings_2026_05_18.csv
2026-05-18,200050,Finn Bass,1050,15,0.0,-11.0,GBR,26,atp_rankings_2026_05_18.csv
2026-05-18,208518,Hazem Naw,1051,15,0.0,-13.0,SYR,26,atp_rankings_2026_05_18.csv
2026-05-18,210554,Marko Maksimovic,1052,15,0.0,-11.0,SRB,20,atp_rankings_2026_05_18.csv
2026-05-18,207343,Hanyi Liu,1053,15,2.0,26.0,CHN,24,atp_rankings_2026_05_18.csv
2026-05-18,211700,Ruslan Tiukaev,1054,15,-1.0,-26.0,RUS,20,atp_rankings_2026_05_18.csv
2026-05-18,211564,Brian Bozemoj,1055,15,-2.0,-46.0,NED,22,atp_rankings_2026_05_18.csv
2026-05-18,208613,Ezequiel Monferrer,1056,15,1.0,-4.0,ARG,23,atp_rankings_2026_05_18.csv
2026-05-18,207331,Vladislav Melnic,1057,15,0.0,-17.0,ROU,26,atp_rankings_2026_05_18.csv
2026-05-18,208844,Keshav Chopra,1058,15,1.0,-3.0,USA,24,atp_rankings_2026_05_18.csv
2026-05-18,212030,Kerem Yilmaz,1059,15,4.0,84.0,TUR,19,atp_rankings_2026_05_18.csv
2026-05-18,212552,Nicolas Ifi,1060,15,0.0,-17.0,BEL,27,atp_rankings_2026_05_18.csv
2026-05-18,202220,Nicolas Bruna,1061,15,4.0,85.0,CHI,27,atp_rankings_2026_05_18.csv
2026-05-18,144731,Kody Pearson,1062,14,0.0,-18.0,AUS,26,atp_rankings_2026_05_18.csv
2026-05-18,211484,Jangjun Kim,1063,14,0.0,-18.0,KOR,19,atp_rankings_2026_05_18.csv
2026-05-18,207649,Savriyan Danilov,1064,14,0.0,-17.0,RUS,25,atp_rankings_2026_05_18.csv
2026-05-18,209204,Iiro Vasa,1065,14,8.0,260.0,FIN,23,atp_rankings_2026_05_18.csv
2026-05-18,106167,Joris De Loore,1066,14,0.0,-18.0,BEL,33,atp_rankings_2026_05_18.csv
2026-05-18,144932,Kristjan Tamm,1067,14,0.0,-17.0,EST,27,atp_rankings_2026_05_18.csv
2026-05-18,209115,Oliver Okonkwo,1068,14,0.0,-19.0,GBR,26,atp_rankings_2026_05_18.csv
2026-05-18,213210,Maan Kesharwani,1069,14,1.0,1.0,IND,,atp_rankings_2026_05_18.csv
2026-05-18,213048,Alan Wazny,1070,14,0.0,-17.0,POL,,atp_rankings_2026_05_18.csv
2026-05-18,211334,Aljaz Jeran,1071,14,0.0,-15.0,SLO,22,atp_rankings_2026_05_18.csv
2026-05-18,211761,Valentin Basel,1072,14,0.0,-15.0,ARG,21,atp_rankings_2026_05_18.csv
2026-05-18,206782,Demetris Azoides,1073,14,0.0,-15.0,GRE,25,atp_rankings_2026_05_18.csv
2026-05-18,209921,Ali Habib,1074,14,1.0,7.0,GBR,23,atp_rankings_2026_05_18.csv
2026-05-18,211676,Saveliy Ivanov,1075,14,1.0,11.0,RUS,21,atp_rankings_2026_05_18.csv
2026-05-18,210038,Matias Ponce De Leon Gomila,1076,13,0.0,-16.0,ESP,22,atp_rankings_2026_05_18.csv
2026-05-18,210323,Luis Felipe Miguel,1077,13,3.0,78.0,BRA,22,atp_rankings_2026_05_18.csv
2026-05-18,202361,Simon Reveniau,1078,13,0.0,-16.0,FRA,28,atp_rankings_2026_05_18.csv
2026-05-18,212847,Alejandro Hayen,1079,13,1.0,11.0,MEX,27,atp_rankings_2026_05_18.csv
2026-05-18,105359,Jason Jung,1080,13,0.0,-16.0,TPE,36,atp_rankings_2026_05_18.csv
2026-05-18,200457,Jannik Opitz,1081,13,0.0,-16.0,GER,28,atp_rankings_2026_05_18.csv
2026-05-18,106348,Evgeny Karlovskiy,1082,13,0.0,-16.0,RUS,31,atp_rankings_2026_05_18.csv
2026-05-18,210274,Sebastian Dominko,1083,13,0.0,-16.0,SLO,23,atp_rankings_2026_05_18.csv
2026-05-18,210705,Matt Hulme,1084,13,0.0,-15.0,AUS,27,atp_rankings_2026_05_18.csv
2026-05-18,212149,Nikola Djosic,1085,13,0.0,-12.0,SUI,18,atp_rankings_2026_05_18.csv
2026-05-18,210740,Liam Krall,1086,13,5.0,154.0,USA,23,atp_rankings_2026_05_18.csv
2026-05-18,134405,Koray Kirci,1087,13,0.0,-15.0,TUR,27,atp_rankings_2026_05_18.csv
2026-05-18,211329,James Van Herzeele,1088,13,0.0,-17.0,THA,,atp_rankings_2026_05_18.csv
2026-05-18,208130,Geun Jun Kim,1089,13,0.0,-14.0,KOR,24,atp_rankings_2026_05_18.csv
2026-05-18,210166,Mika Lipp,1090,13,0.0,-13.0,GER,22,atp_rankings_2026_05_18.csv
2026-05-18,117352,Oliver Anderson,1091,13,0.0,-13.0,AUS,28,atp_rankings_2026_05_18.csv
2026-05-18,210182,Mateo Del Pino,1092,13,0.0,-16.0,ARG,22,atp_rankings_2026_05_18.csv
2026-05-18,213103,Viktor Frydrych,1093,13,4.0,125.0,GBR,,atp_rankings_2026_05_18.csv
2026-05-18,212762,Victor Hugo Remondy Pagotto,1094,13,2.0,42.0,BRA,20,atp_rankings_2026_05_18.csv
2026-05-18,202081,Diogo Marques,1095,13,3.0,85.0,POR,26,atp_rankings_2026_05_18.csv
2026-05-18,200220,Ezekiel Clark,1096,13,-1.0,-37.0,USA,27,atp_rankings_2026_05_18.csv
2026-05-18,211323,Jacopo Bilardo,1097,13,0.0,-13.0,ITA,21,atp_rankings_2026_05_18.csv
2026-05-18,212616,Yuta Tomida,1098,13,1.0,16.0,JPN,19,atp_rankings_2026_05_18.csv
2026-05-18,210745,Matthias Ujvary,1099,13,0.0,-14.0,AUT,21,atp_rankings_2026_05_18.csv
2026-05-18,209280,Devin Badenhorst,1100,12,0.0,-12.0,RSA,21,atp_rankings_2026_05_18.csv
2026-05-18,209917,Benito Sanchez Martinez,1101,12,0.0,-12.0,GER,24,atp_rankings_2026_05_18.csv
2026-05-18,105339,Yan Bai,1102,12,-41.0,-453.0,CHN,36,atp_rankings_2026_05_18.csv
2026-05-18,133835,Gijs Brouwer,1103,12,0.0,-12.0,NED,30,atp_rankings_2026_05_18.csv
2026-05-18,149115,Adam Jilly,1103,12,0.0,-12.0,HUN,19,atp_rankings_2026_05_18.csv
2026-05-18,200456,Martin Borisiouk,1105,12,0.0,-11.0,BLR,25,atp_rankings_2026_05_18.csv
2026-05-18,212930,Mario Martinez Serrano,1106,12,0.0,-11.0,ESP,21,atp_rankings_2026_05_18.csv
2026-05-18,212885,Cezar Gabriel Papoe,1107,12,0.0,-10.0,ROU,18,atp_rankings_2026_05_18.csv
2026-05-18,210002,Rohan Mehra,1108,12,0.0,-10.0,IND,23,atp_rankings_2026_05_18.csv
2026-05-18,214206,Thiago Agustin Pernas,1109,12,0.0,-9.0,ARG,24,atp_rankings_2026_05_18.csv
2026-05-18,210736,Shu Matsuoka,1110,12,0.0,-9.0,JPN,22,atp_rankings_2026_05_18.csv
2026-05-18,104510,Stefan Seifert,1111,12,1.0,10.0,GER,41,atp_rankings_2026_05_18.csv
2026-05-18,202090,Adrian Andreev,1112,12,0.0,-10.0,BUL,25,atp_rankings_2026_05_18.csv
2026-05-18,212530,Mikael Arseneault,1113,12,-1.0,-45.0,CAN,19,atp_rankings_2026_05_18.csv
2026-05-18,210436,Hayden Jones,1114,12,0.0,-10.0,AUS,19,atp_rankings_2026_05_18.csv
2026-05-18,210185,Alen Mujakic,1115,12,0.0,-10.0,GER,22,atp_rankings_2026_05_18.csv
2026-05-18,211503,Nico Hipfl,1116,12,8.0,419.0,AUT,20,atp_rankings_2026_05_18.csv
2026-05-18,213014,Simeon Stankovic,1117,12,0.0,-11.0,SRB,,atp_rankings_2026_05_18.csv
2026-05-18,209997,Marcello Serafini,1118,12,0.0,-15.0,ITA,23,atp_rankings_2026_05_18.csv
2026-05-18,210163,Elgin Khoeblal,1119,12,0.0,-12.0,NED,24,atp_rankings_2026_05_18.csv
2026-05-18,208855,Christopher Papa,1120,12,7.0,312.0,USA,25,atp_rankings_2026_05_18.csv
2026-05-18,210532,Giacomo Crisostomo,1121,12,3.0,88.0,ITA,22,atp_rankings_2026_05_18.csv
2026-05-18,212649,Seung Woo Cho,1122,12,1.0,8.0,KOR,28,atp_rankings_2026_05_18.csv
2026-05-18,212889,Daniel Uta,1123,12,0.0,-13.0,ROU,19,atp_rankings_2026_05_18.csv
2026-05-18,207864,Noel Larwig,1124,12,0.0,-13.0,GER,24,atp_rankings_2026_05_18.csv
2026-05-18,205831,Ammar Alhogbani,1125,12,0.0,-13.0,USA,27,atp_rankings_2026_05_18.csv
2026-05-18,149267,Andrea Colombo,1126,12,3.0,88.0,ITA,23,atp_rankings_2026_05_18.csv
2026-05-18,212871,Piet Luis Pinter,1127,12,0.0,-14.0,AUT,20,atp_rankings_2026_05_18.csv
2026-05-18,200166,Stefan Vujic,1128,12,-1.0,-45.0,AUS,28,atp_rankings_2026_05_18.csv
2026-05-18,212295,Enzo Camargo Lima,1129,12,1.0,12.0,BRA,22,atp_rankings_2026_05_18.csv
2026-05-18,209852,Zsombor Velcz,1130,11,0.0,-15.0,HUN,23,atp_rankings_2026_05_18.csv
2026-05-18,212542,Jerry Roddick,1131,11,2.0,57.0,USA,23,atp_rankings_2026_05_18.csv
2026-05-18,124001,Gergely Madarasz,1132,11,-1.0,-39.0,HUN,31,atp_rankings_2026_05_18.csv
2026-05-18,212892,Vlado Jankanj,1133,11,0.0,-16.0,SRB,,atp_rankings_2026_05_18.csv
2026-05-18,214123,Elijah Sanogo,1134,11,0.0,-18.0,FRA,17,atp_rankings_2026_05_18.csv
2026-05-18,212110,Mathis Bondaz,1135,11,0.0,-17.0,FRA,,atp_rankings_2026_05_18.csv
2026-05-18,111569,Gage Brymer,1136,11,0.0,-17.0,USA,31,atp_rankings_2026_05_18.csv
2026-05-18,209887,Liam Gavrielides,1137,11,4.0,138.0,GER,22,atp_rankings_2026_05_18.csv
2026-05-18,207172,Connor Thomson,1137,11,0.0,-17.0,GBR,25,atp_rankings_2026_05_18.csv
2026-05-18,211790,Rudy Quan,1139,11,0.0,-18.0,USA,20,atp_rankings_2026_05_18.csv
2026-05-18,213935,Daniil Kakhniuk,1140,11,0.0,-17.0,BLR,,atp_rankings_2026_05_18.csv
2026-05-18,212481,Federico Aguilar Cardozo,1141,11,0.0,-17.0,URU,21,atp_rankings_2026_05_18.csv
2026-05-18,214043,Lachlan James Mcfadzean,1142,11,2.0,52.0,AUS,19,atp_rankings_2026_05_18.csv
2026-05-18,209999,Leonardo Malgaroli,1143,11,0.0,-18.0,ITA,23,atp_rankings_2026_05_18.csv
2026-05-18,212260,Rocco Valente,1144,11,0.0,-18.0,ARG,21,atp_rankings_2026_05_18.csv
2026-05-18,213174,Mickael Kaouk,1145,11,0.0,-18.0,FRA,,atp_rankings_2026_05_18.csv
2026-05-18,212834,Nicolas Garcia Longo,1146,11,0.0,-14.0,ARG,21,atp_rankings_2026_05_18.csv
2026-05-18,209913,Fons Van Sambeek,1146,11,1.0,18.0,NED,24,atp_rankings_2026_05_18.csv
2026-05-18,207927,Thando Longwe Smit,1148,11,1.0,17.0,RSA,24,atp_rankings_2026_05_18.csv
2026-05-18,200289,Mathieu Scaglia,1148,11,-2.0,-74.0,FRA,27,atp_rankings_2026_05_18.csv
2026-05-18,210605,Liam Branger,1150,11,0.0,-22.0,FRA,25,atp_rankings_2026_05_18.csv
2026-05-18,210514,Edison Ambarzumjan,1151,11,0.0,-22.0,GER,29,atp_rankings_2026_05_18.csv
2026-05-18,136648,Jefferson Wendler Filho,1152,11,0.0,-22.0,BRA,30,atp_rankings_2026_05_18.csv
2026-05-18,208908,Rafael De Alba,1153,11,0.0,-20.0,MEX,,atp_rankings_2026_05_18.csv
2026-05-18,214013,Fanming Meng,1154,11,4.0,149.0,CHN,,atp_rankings_2026_05_18.csv
2026-05-18,200024,Makoto Ochi,1155,11,0.0,-21.0,JPN,30,atp_rankings_2026_05_18.csv
2026-05-18,149843,Conor Gannon,1156,11,3.0,95.0,IRL,23,atp_rankings_2026_05_18.csv
2026-05-18,202106,Juan Bautista Otegui,1157,11,0.0,-22.0,ARG,27,atp_rankings_2026_05_18.csv
2026-05-18,208816,Jeremy Schifris,1158,11,0.0,-18.0,GER,24,atp_rankings_2026_05_18.csv
2026-05-18,145008,Hugo Pierre,1159,11,0.0,-21.0,FRA,30,atp_rankings_2026_05_18.csv
2026-05-18,212903,Melih Anavatan,1160,11,0.0,-19.0,TUR,,atp_rankings_2026_05_18.csv
2026-05-18,211904,Maximilian Figl,1161,11,1.0,19.0,ITA,22,atp_rankings_2026_05_18.csv
2026-05-18,206736,Benjamin O'Connell,1162,11,2.0,58.0,AUS,27,atp_rankings_2026_05_18.csv
2026-05-18,212935,Ferdinand Livet Novkirichka,1163,11,0.0,-18.0,FRA,,atp_rankings_2026_05_18.csv
2026-05-18,208864,Leyton Rivera,1164,11,0.0,-17.0,NOR,24,atp_rankings_2026_05_18.csv
2026-05-18,105334,Luis David Martinez,1165,10,0.0,-17.0,VEN,37,atp_rankings_2026_05_18.csv
2026-05-18,105373,Martin Klizan,1166,10,0.0,-17.0,SVK,36,atp_rankings_2026_05_18.csv
2026-05-18,207996,Siddhant Banthia,1167,10,0.0,-17.0,IND,25,atp_rankings_2026_05_18.csv
2026-05-18,212276,Stian Klaassen,1167,10,0.0,-17.0,NED,23,atp_rankings_2026_05_18.csv
2026-05-18,208151,Filippo Speziali,1167,10,0.0,-17.0,ITA,26,atp_rankings_2026_05_18.csv
2026-05-18,213977,Cosme Rolland De Ravel,1170,10,0.0,-17.0,FRA,21,atp_rankings_2026_05_18.csv
2026-05-18,133880,Thomas Deschamps,1171,10,0.0,-15.0,FRA,27,atp_rankings_2026_05_18.csv
2026-05-18,212857,Cooper Woestendick,1171,10,0.0,-15.0,USA,19,atp_rankings_2026_05_18.csv
2026-05-18,212300,Sasha Rozin,1173,10,0.0,-15.0,CAN,20,atp_rankings_2026_05_18.csv
2026-05-18,126878,David Poljak,1174,10,0.0,-15.0,CZE,30,atp_rankings_2026_05_18.csv
2026-05-18,211635,Segundo Goity Zapico,1175,10,4.0,145.0,ARG,20,atp_rankings_2026_05_18.csv
2026-05-18,213603,Joaquin Guilleme,1176,10,0.0,-16.0,NIC,,atp_rankings_2026_05_18.csv
2026-05-18,212284,Pengyu Lu,1177,10,0.0,-16.0,CHN,24,atp_rankings_2026_05_18.csv
2026-05-18,212820,Martin Sabas,1178,10,0.0,-16.0,FRA,24,atp_rankings_2026_05_18.csv
2026-05-18,212064,Duje Markovina,1179,10,0.0,-16.0,CRO,18,atp_rankings_2026_05_18.csv
2026-05-18,133291,Ryota Tanuma,1180,10,0.0,-14.0,JPN,30,atp_rankings_2026_05_18.csv
2026-05-18,110751,Sebastian Fanselow,1181,10,0.0,-14.0,GER,34,atp_rankings_2026_05_18.csv
2026-05-18,209516,Valentin Lapalu,1182,10,0.0,-11.0,FRA,24,atp_rankings_2026_05_18.csv
2026-05-18,213580,Leonardo Primucci,1183,10,0.0,-11.0,ITA,,atp_rankings_2026_05_18.csv
2026-05-18,213701,Tobia Costanzo Baragiola Mordini,1184,10,1.0,23.0,ITA,,atp_rankings_2026_05_18.csv
2026-05-18,211574,Ethan Cook,1185,10,0.0,-12.0,AUS,23,atp_rankings_2026_05_18.csv
2026-05-18,207236,Taketo Takamisawa,1186,10,0.0,-16.0,JPN,28,atp_rankings_2026_05_18.csv
2026-05-18,211480,Aleksander Chayka,1187,10,-1.0,-50.0,RUS,21,atp_rankings_2026_05_18.csv
2026-05-18,209392,Reece Falck,1188,10,1.0,23.0,NZL,24,atp_rankings_2026_05_18.csv
2026-05-18,212726,Sungbeen Sim,1189,10,-1.0,-50.0,KOR,29,atp_rankings_2026_05_18.csv
2026-05-18,208185,Michael Gloeckler,1190,10,4.0,177.0,AUT,27,atp_rankings_2026_05_18.csv
2026-05-18,212536,James Beaven,1191,10,3.0,111.0,GBR,21,atp_rankings_2026_05_18.csv
2026-05-18,212084,Denis Petak,1191,10,0.0,-15.0,CZE,19,atp_rankings_2026_05_18.csv
2026-05-18,132054,Nathan Ponwith,1191,10,0.0,-14.0,USA,28,atp_rankings_2026_05_18.csv
2026-05-18,213848,Nicholas Roberts,1194,10,0.0,-15.0,FRA,19,atp_rankings_2026_05_18.csv
2026-05-18,144937,Nicolas Parizzia,1195,10,0.0,-20.0,SUI,27,atp_rankings_2026_05_18.csv
2026-05-18,212631,David Eichenseher,1196,10,1.0,17.0,GER,20,atp_rankings_2026_05_18.csv
2026-05-18,124099,Mohamed Nazim Makhlouf,1197,10,-1.0,-54.0,ALG,29,atp_rankings_2026_05_18.csv
2026-05-18,213361,Ivan Gretskiy,1198,10,2.0,59.0,RUS,20,atp_rankings_2026_05_18.csv
2026-05-18,106132,Toby Martin,1199,10,0.0,-16.0,GBR,33,atp_rankings_2026_05_18.csv
2026-05-18,208370,Keenan Mayo,1200,9,0.0,-15.0,USA,25,atp_rankings_2026_05_18.csv
2026-05-18,210613,Derek Pham,1200,9,0.0,-15.0,AUS,22,atp_rankings_2026_05_18.csv
2026-05-18,149277,Andrea Meduri,1202,9,0.0,-15.0,ITA,21,atp_rankings_2026_05_18.csv
2026-05-18,213956,Andrej Loncarevic,1203,9,0.0,-14.0,FRA,20,atp_rankings_2026_05_18.csv
2026-05-18,106262,Boris Arias,1204,9,0.0,-14.0,BOL,32,atp_rankings_2026_05_18.csv
2026-05-18,212647,Jaesung Choe,1205,9,4.0,184.0,KOR,26,atp_rankings_2026_05_18.csv
2026-05-18,209060,Alexander Bernard,1206,9,0.0,-15.0,USA,22,atp_rankings_2026_05_18.csv
2026-05-18,213802,Mustafa Ege Sik,1206,9,0.0,-15.0,TUR,16,atp_rankings_2026_05_18.csv
2026-05-18,149128,Goncalo Marques,1208,9,8.0,947.0,POR,20,atp_rankings_2026_05_18.csv
2026-05-18,210667,Edoardo Cherie Ligniere,1209,9,4.0,180.0,ITA,21,atp_rankings_2026_05_18.csv
2026-05-18,211655,Julian  Alonso,1210,9,0.0,-17.0,ESP,21,atp_rankings_2026_05_18.csv
2026-05-18,212250,James Connel,1211,9,2.0,66.0,GBR,23,atp_rankings_2026_05_18.csv
2026-05-18,149272,Tudor Batin,1212,9,0.0,-17.0,ROU,19,atp_rankings_2026_05_18.csv
2026-05-18,213889,Arjun Rathi,1213,9,1.0,22.0,IND,,atp_rankings_2026_05_18.csv
2026-05-18,210039,Orel Kimhi,1214,9,0.0,-18.0,ISR,22,atp_rankings_2026_05_18.csv
2026-05-18,144744,Kazuki Nishiwaki,1215,9,0.0,-18.0,JPN,31,atp_rankings_2026_05_18.csv
2026-05-18,211505,Denis Constantin Spiridon,1216,9,0.0,-18.0,ITA,23,atp_rankings_2026_05_18.csv
2026-05-18,211491,Robert Guna,1217,9,0.0,-18.0,ROU,20,atp_rankings_2026_05_18.csv
2026-05-18,202190,Gregor Ramskogler,1217,9,0.0,-13.0,AUT,27,atp_rankings_2026_05_18.csv
2026-05-18,207452,Matthew Thomson,1219,9,0.0,-19.0,USA,25,atp_rankings_2026_05_18.csv
2026-05-18,210742,Phillip Jordan,1220,9,0.0,-19.0,USA,25,atp_rankings_2026_05_18.csv
2026-05-18,212533,Markus Molder,1220,9,0.0,-19.0,EST,21,atp_rankings_2026_05_18.csv
2026-05-18,208249,Gian Marco Ortenzi,1222,9,-1.0,-53.0,ITA,26,atp_rankings_2026_05_18.csv
2026-05-18,213772,Lorenzo Comino,1223,9,1.0,21.0,ITA,20,atp_rankings_2026_05_18.csv
2026-05-18,200036,Abhinav Sanjeev Shanmugam,1224,9,0.0,-19.0,IND,27,atp_rankings_2026_05_18.csv
2026-05-18,210754,Jan Hrazdil,1225,9,0.0,-19.0,CZE,21,atp_rankings_2026_05_18.csv
2026-05-18,202293,Charles Bertimon,1226,9,0.0,-18.0,FRA,26,atp_rankings_2026_05_18.csv
2026-05-18,212770,Timeo Trufelli,1226,9,1.0,21.0,FRA,18,atp_rankings_2026_05_18.csv
2026-05-18,210183,Marcel Kamrowski,1228,9,0.0,-19.0,POL,23,atp_rankings_2026_05_18.csv
2026-05-18,211662,Gabriel Schenekenberg,1229,9,1.0,20.0,BRA,21,atp_rankings_2026_05_18.csv
2026-05-18,208866,Leonid Sheyngezikht,1230,9,-1.0,-56.0,BUL,25,atp_rankings_2026_05_18.csv
2026-05-18,207183,Ishaque Eqbal,1231,9,0.0,-19.0,IND,28,atp_rankings_2026_05_18.csv
2026-05-18,211388,Felipe De Dios,1232,9,1.0,20.0,ARG,22,atp_rankings_2026_05_18.csv
2026-05-18,211532,Nicolo Toffanin,1233,9,0.0,-14.0,ITA,23,atp_rankings_2026_05_18.csv
2026-05-18,209118,Niklas Waldner,1234,9,0.0,-17.0,AUT,24,atp_rankings_2026_05_18.csv
2026-05-18,212210,Filippo Mazzola,1235,9,1.0,20.0,ITA,21,atp_rankings_2026_05_18.csv
2026-05-18,200197,Boris Butulija,1236,9,-1.0,-54.0,SRB,27,atp_rankings_2026_05_18.csv
2026-05-18,211390,Sergi Fita Juan,1237,9,0.0,-22.0,ESP,,atp_rankings_2026_05_18.csv
2026-05-18,144730,Tomohiro Masabayashi,1238,9,1.0,22.0,JPN,28,atp_rankings_2026_05_18.csv
2026-05-18,208581,Noah Thurner,1239,9,0.0,-17.0,GER,26,atp_rankings_2026_05_18.csv
2026-05-18,144672,Duarte Vale,1240,8,0.0,-17.0,POR,27,atp_rankings_2026_05_18.csv
2026-05-18,126120,Nino Serdarusic,1241,8,0.0,-16.0,CRO,29,atp_rankings_2026_05_18.csv
2026-05-18,208871,Takeru Yuzuki,1242,8,0.0,-16.0,JPN,27,atp_rankings_2026_05_18.csv
2026-05-18,210645,Ofek Shimanov,1243,8,0.0,-16.0,ISR,20,atp_rankings_2026_05_18.csv
2026-05-18,134384,Sebastian Prechtel,1244,8,0.0,-16.0,GER,30,atp_rankings_2026_05_18.csv
2026-05-18,202247,Simon Beaupain,1245,8,0.0,-16.0,BEL,27,atp_rankings_2026_05_18.csv
2026-05-18,200598,Isaiah Strode,1245,8,0.0,-16.0,USA,28,atp_rankings_2026_05_18.csv
2026-05-18,212769,Leo Lagarrigue,1247,8,0.0,-16.0,FRA,19,atp_rankings_2026_05_18.csv
2026-05-18,,Jea Moon Lee,1248,8,0.0,-16.0,,,atp_rankings_2026_05_18.csv
2026-05-18,109734,Skander Mansouri,1248,8,4.0,233.0,TUN,30,atp_rankings_2026_05_18.csv
2026-05-18,130493,Tiago Silva,1250,8,0.0,-17.0,POR,21,atp_rankings_2026_05_18.csv
2026-05-18,200331,Leonardo Aboian,1251,8,-4.0,-152.0,ARG,28,atp_rankings_2026_05_18.csv
2026-05-18,213836,Gavin Goode,1252,8,2.0,81.0,USA,,atp_rankings_2026_05_18.csv
2026-05-18,214112,Remy Dugardin,1253,8,0.0,-16.0,FRA,,atp_rankings_2026_05_18.csv
2026-05-18,211638,Jack Loutit,1253,8,0.0,-16.0,NZL,21,atp_rankings_2026_05_18.csv
2026-05-18,207408,Niklas Guttau,1255,8,0.0,-16.0,GER,26,atp_rankings_2026_05_18.csv
2026-05-18,210055,Noah Lopez,1255,8,0.0,-22.0,SUI,24,atp_rankings_2026_05_18.csv
2026-05-18,212604,Diego Jarry Fillol,1257,8,2.0,82.0,USA,23,atp_rankings_2026_05_18.csv
2026-05-18,210198,George Lazarov,1258,8,0.0,-18.0,BUL,21,atp_rankings_2026_05_18.csv
2026-05-18,209955,Mikail Alimli,1259,8,-1.0,-56.0,FRA,22,atp_rankings_2026_05_18.csv
2026-05-18,207831,Ignacio Antonio Becerra Otarola,1260,8,0.0,-18.0,CHI,25,atp_rankings_2026_05_18.csv
2026-05-18,106175,Ricardo Rodriguez,1261,8,-2.0,-93.0,VEN,33,atp_rankings_2026_05_18.csv
2026-05-18,213923,Gilberto Ravasio,1262,8,1.0,25.0,ITA,21,atp_rankings_2026_05_18.csv
2026-05-18,212934,Antoni Fabre,1263,8,0.0,-21.0,FRA,,atp_rankings_2026_05_18.csv
2026-05-18,209973,Edouard Villoslada,1264,8,0.0,-18.0,FRA,26,atp_rankings_2026_05_18.csv
2026-05-18,144788,Louis Tessa,1265,8,0.0,-17.0,FRA,28,atp_rankings_2026_05_18.csv
2026-05-18,149152,Aaron Gil Garcia,1266,8,1.0,35.0,LUX,22,atp_rankings_2026_05_18.csv
2026-05-18,211667,Matteo Fondriest,1267,8,0.0,-14.0,ITA,21,atp_rankings_2026_05_18.csv
2026-05-18,212134,Maxence Rivet,1267,8,0.0,-18.0,FRA,22,atp_rankings_2026_05_18.csv
2026-05-18,111197,Jonathan Mridha,1269,8,3.0,171.0,SWE,31,atp_rankings_2026_05_18.csv
2026-05-18,213064,Samuele Seghetti,1270,8,2.0,98.0,ITA,19,atp_rankings_2026_05_18.csv
2026-05-18,210192,Lucca Pinto,1271,8,1.0,35.0,BRA,23,atp_rankings_2026_05_18.csv
2026-05-18,211645,Christian Djonov,1272,8,0.0,-14.0,GER,26,atp_rankings_2026_05_18.csv
2026-05-18,200234,Joshua Peck,1273,8,1.0,35.0,CAN,27,atp_rankings_2026_05_18.csv
2026-05-18,210455,Noah Perfetti,1274,8,-2.0,-90.0,ITA,24,atp_rankings_2026_05_18.csv
2026-05-18,214433,Tanishk Konduri,1275,7,0.0,-13.0,USA,17,atp_rankings_2026_05_18.csv
2026-05-18,106234,Aslan Karatsev,1276,7,-6.0,-215.0,RUS,32,atp_rankings_2026_05_18.csv
2026-05-18,208603,Cleeve Harper,1277,7,0.0,-14.0,CAN,25,atp_rankings_2026_05_18.csv
2026-05-18,106368,Ramkumar Ramanathan,1278,7,0.0,-14.0,IND,31,atp_rankings_2026_05_18.csv
2026-05-18,106296,Gregoire Barrere,1279,7,-6.0,-216.0,FRA,32,atp_rankings_2026_05_18.csv
2026-05-18,212992,Niels Ratiu,1280,7,0.0,-15.0,BEL,20,atp_rankings_2026_05_18.csv
2026-05-18,144081,Alex Chang,1281,7,0.0,-15.0,USA,40,atp_rankings_2026_05_18.csv
2026-05-18,209910,Szymon Kielan,1282,7,0.0,-15.0,POL,23,atp_rankings_2026_05_18.csv
2026-05-18,210538,Noa Vukadin,1283,7,0.0,-15.0,CRO,22,atp_rankings_2026_05_18.csv
2026-05-18,209355,Timo Legout,1284,7,0.0,-15.0,FRA,24,atp_rankings_2026_05_18.csv
2026-05-18,210475,Preston Stearns,1284,7,0.0,-15.0,USA,22,atp_rankings_2026_05_18.csv
2026-05-18,208190,Davide Tortora,1286,7,1.0,39.0,ITA,25,atp_rankings_2026_05_18.csv
2026-05-18,210722,Viktor Markov,1287,7,0.0,-16.0,BUL,21,atp_rankings_2026_05_18.csv
2026-05-18,210486,Nicholas Godsick,1288,7,0.0,-16.0,USA,21,atp_rankings_2026_05_18.csv
2026-05-18,105985,Darian King,1289,7,0.0,-16.0,BAR,34,atp_rankings_2026_05_18.csv
2026-05-18,210473,Fnu Nidunjianzan,1289,7,0.0,-16.0,CHN,22,atp_rankings_2026_05_18.csv
2026-05-18,207233,Nemanja Malesevic,1291,7,3.0,196.0,BIH,24,atp_rankings_2026_05_18.csv
2026-05-18,211610,Andreas Timini,1292,7,-1.0,-56.0,CYP,19,atp_rankings_2026_05_18.csv
2026-05-18,138104,Stefan Cooper,1293,7,2.0,104.0,GBR,29,atp_rankings_2026_05_18.csv
2026-05-18,212896,Melvin Kumar,1293,7,0.0,-15.0,SWE,19,atp_rankings_2026_05_18.csv
2026-05-18,213619,Oskari Paldanius,1295,7,1.0,39.0,FIN,,atp_rankings_2026_05_18.csv
2026-05-18,210458,Bernardo Munk Mesa,1296,7,0.0,-17.0,ESP,20,atp_rankings_2026_05_18.csv
2026-05-18,206790,Alexis Gurmendi,1297,7,1.0,43.0,ARG,28,atp_rankings_2026_05_18.csv
2026-05-18,212894,Patrik Munkhammar,1298,7,0.0,-18.0,SWE,18,atp_rankings_2026_05_18.csv
2026-05-18,213766,Enrique Carrascosa Diaz,1299,7,0.0,-18.0,ESP,,atp_rankings_2026_05_18.csv
2026-05-18,214231,Johan Oscar Lien,1299,7,0.0,-18.0,NOR,18,atp_rankings_2026_05_18.csv
2026-05-18,211387,Jonas Pelle Hartenstein,1301,7,0.0,-18.0,GER,24,atp_rankings_2026_05_18.csv
2026-05-18,212606,Leonardo Borrelli,1302,7,0.0,-18.0,ITA,20,atp_rankings_2026_05_18.csv
2026-05-18,208840,Daniel Bagnolini,1303,7,1.0,39.0,ITA,23,atp_rankings_2026_05_18.csv
2026-05-18,209258,Alexandre Reco,1303,7,1.0,39.0,FRA,27,atp_rankings_2026_05_18.csv
2026-05-18,104986,Vishnu Vardhan,1305,7,0.0,-17.0,IND,38,atp_rankings_2026_05_18.csv
2026-05-18,213138,Alexander Wagner,1305,7,0.0,-17.0,AUT,19,atp_rankings_2026_05_18.csv
2026-05-18,213557,Alessandro Battiston,1307,7,3.0,218.0,ITA,,atp_rankings_2026_05_18.csv
2026-05-18,208873,Nikola Basic,1308,7,0.0,-17.0,CRO,24,atp_rankings_2026_05_18.csv
2026-05-18,213026,Amine Jamji,1308,7,3.0,209.0,MAR,,atp_rankings_2026_05_18.csv
2026-05-18,105060,Aldin Setkic,1310,7,0.0,-18.0,BIH,38,atp_rankings_2026_05_18.csv
2026-05-18,210732,Miha Vetrih,1311,7,0.0,-15.0,SLO,23,atp_rankings_2026_05_18.csv
2026-05-18,212786,Victor Braga,1312,7,0.0,-19.0,BRA,21,atp_rankings_2026_05_18.csv
2026-05-18,208365,Amador Salazar,1313,7,0.0,-17.0,CHI,25,atp_rankings_2026_05_18.csv
2026-05-18,210155,Jasza Szajrych,1313,7,0.0,-13.0,POL,24,atp_rankings_2026_05_18.csv
2026-05-18,211450,Alessio Basile,1315,7,0.0,-17.0,BEL,21,atp_rankings_2026_05_18.csv
2026-05-18,208039,Ronald Hohmann,1315,7,0.0,-17.0,USA,24,atp_rankings_2026_05_18.csv
2026-05-18,213717,Sebastiano Cocola,1317,7,1.0,36.0,ITA,,atp_rankings_2026_05_18.csv
2026-05-18,210003,Chirag Duhan,1318,7,-1.0,-64.0,IND,22,atp_rankings_2026_05_18.csv
2026-05-18,213131,Luke Hooper,1319,7,0.0,-15.0,GBR,,atp_rankings_2026_05_18.csv
2026-05-18,212624,Nikola Jovic,1319,7,0.0,-15.0,SRB,19,atp_rankings_2026_05_18.csv
2026-05-18,122234,Alp Horoz,1321,7,0.0,-15.0,TUR,31,atp_rankings_2026_05_18.csv
2026-05-18,212263,Xing Dao Chen,1322,7,-3.0,-144.0,CHN,22,atp_rankings_2026_05_18.csv
2026-05-18,209977,Matas Vasiliauskas,1323,7,1.0,48.0,LTU,24,atp_rankings_2026_05_18.csv
2026-05-18,213585,Roman Kharlamov,1324,7,1.0,48.0,RUS,,atp_rankings_2026_05_18.csv
2026-05-18,208164,Yassine Smiej,1325,7,0.0,-15.0,MAR,26,atp_rankings_2026_05_18.csv
2026-05-18,134310,Alexey Aleshchev,1326,7,1.0,47.0,RUS,27,atp_rankings_2026_05_18.csv
2026-05-18,208186,Preston Brown,1327,7,0.0,-16.0,USA,24,atp_rankings_2026_05_18.csv
2026-05-18,106398,Pedro Cachin,1328,6,-4.0,-174.0,ARG,31,atp_rankings_2026_05_18.csv
2026-05-18,214425,Yannik Alvarez,1329,6,0.0,-17.0,PUR,17,atp_rankings_2026_05_18.csv
2026-05-18,131951,Daniel Cukierman,1329,6,0.0,-17.0,ISR,30,atp_rankings_2026_05_18.csv
2026-05-18,212218,Rohan  Murali,1329,6,0.0,-17.0,USA,21,atp_rankings_2026_05_18.csv
2026-05-18,211609,Max Dahlin,1332,6,0.0,-17.0,SWE,20,atp_rankings_2026_05_18.csv
2026-05-18,144848,Sergio Luis Hernandez Ramirez,1332,6,0.0,-17.0,COL,26,atp_rankings_2026_05_18.csv
2026-05-18,105156,Federico Zeballos,1332,6,0.0,-17.0,BOL,37,atp_rankings_2026_05_18.csv
2026-05-18,210037,Mehdi Benchakroun,1335,6,0.0,-17.0,MAR,22,atp_rankings_2026_05_18.csv
2026-05-18,144874,Ryan James Storrie,1336,6,0.0,-15.0,GBR,28,atp_rankings_2026_05_18.csv
2026-05-18,212153,Filip Gustafsson,1337,6,0.0,-14.0,SWE,21,atp_rankings_2026_05_18.csv
2026-05-18,212075,Rodrigo Fernandes,1338,6,0.0,-14.0,POR,19,atp_rankings_2026_05_18.csv
2026-05-18,200681,Adil Kalyanpur,1339,6,1.0,40.0,IND,26,atp_rankings_2026_05_18.csv
2026-05-18,213023,Filippo Francesco Garbero,1340,6,5.0,719.0,ITA,,atp_rankings_2026_05_18.csv
2026-05-18,213060,Adam Lynch,1340,6,0.0,-10.0,USA,,atp_rankings_2026_05_18.csv
2026-05-18,209932,Michal Novansky,1340,6,0.0,-15.0,SVK,23,atp_rankings_2026_05_18.csv
2026-05-18,207809,Khololwam Montsi,1343,6,0.0,-15.0,RSA,23,atp_rankings_2026_05_18.csv
2026-05-18,211670,Marko Mesarovic,1344,6,0.0,-15.0,USA,,atp_rankings_2026_05_18.csv
2026-05-18,210697,Harold Huens,1345,6,0.0,-15.0,BEL,24,atp_rankings_2026_05_18.csv
2026-05-18,212148,Novak Novakovic,1345,6,0.0,-15.0,SRB,25,atp_rankings_2026_05_18.csv
2026-05-18,200105,Frazier Rengifo,1347,6,1.0,50.0,COL,27,atp_rankings_2026_05_18.csv
2026-05-18,212683,Theo Herrmann,1348,6,0.0,-12.0,FRA,21,atp_rankings_2026_05_18.csv
2026-05-18,213066,Stefan Horia Haita,1349,6,1.0,52.0,ROU,18,atp_rankings_2026_05_18.csv
2026-05-18,212231,Junhyeon Lee,1349,6,0.0,-11.0,KOR,,atp_rankings_2026_05_18.csv
2026-05-18,214246,Nikolas Stoot,1351,6,0.0,-15.0,USA,18,atp_rankings_2026_05_18.csv
2026-05-18,213215,Bill Chan,1352,6,0.0,-11.0,SGP,,atp_rankings_2026_05_18.csv
2026-05-18,212069,Kabir Hans,1353,6,0.0,-3.0,IND,24,atp_rankings_2026_05_18.csv
2026-05-18,210364,Mateo Castañeda,1354,6,0.0,-9.0,COL,20,atp_rankings_2026_05_18.csv
2026-05-18,213092,Jonas Kucera,1354,6,0.0,-9.0,CZE,19,atp_rankings_2026_05_18.csv
2026-05-18,213632,Glib Sekachov,1354,6,0.0,-9.0,UKR,,atp_rankings_2026_05_18.csv
2026-05-18,213829,Mac Visser,1354,6,1.0,62.0,NED,21,atp_rankings_2026_05_18.csv
2026-05-18,200474,Ivan Denisov,1358,6,-1.0,-68.0,RUS,25,atp_rankings_2026_05_18.csv
2026-05-18,106245,Rodolfo Jauregui Sainz De Rozas,1358,6,0.0,-10.0,MEX,32,atp_rankings_2026_05_18.csv
2026-05-18,213175,Lucca Liu,1358,6,0.0,-10.0,USA,22,atp_rankings_2026_05_18.csv
2026-05-18,202192,Kuzey Cekirge,1361,6,-1.0,-76.0,TUR,26,atp_rankings_2026_05_18.csv
2026-05-18,211474,Pablo Trochu,1362,6,0.0,-11.0,FRA,22,atp_rankings_2026_05_18.csv
2026-05-18,212752,Filippo Alberti,1363,6,0.0,-8.0,ITA,22,atp_rankings_2026_05_18.csv
2026-05-18,206669,Hugo Maia,1363,6,0.0,-19.0,POR,25,atp_rankings_2026_05_18.csv
2026-05-18,149124,Oskar Grzegorzewski,1365,6,-1.0,-70.0,POL,21,atp_rankings_2026_05_18.csv
2026-05-18,212963,Sebastian Grundtvig Jorgensen,1365,6,2.0,152.0,DEN,25,atp_rankings_2026_05_18.csv
2026-05-18,212106,Noah Lopez Cherubino,1367,6,0.0,-12.0,ESP,,atp_rankings_2026_05_18.csv
2026-05-18,149162,Xiaoyin Yang,1367,6,-1.0,-73.0,CHN,21,atp_rankings_2026_05_18.csv
2026-05-18,210735,Radovan Michalik,1369,6,0.0,-12.0,SVK,22,atp_rankings_2026_05_18.csv
2026-05-18,132018,Drew Van Orderlain,1369,6,2.0,165.0,USA,31,atp_rankings_2026_05_18.csv
2026-05-18,213043,Hiromasa Koyama,1371,6,0.0,-13.0,JPN,18,atp_rankings_2026_05_18.csv
2026-05-18,213882,Gray Voelzke,1371,6,0.0,-19.0,USA,23,atp_rankings_2026_05_18.csv
2026-05-18,213536,Sergio Planella Hernandez,1373,6,1.0,58.0,ESP,,atp_rankings_2026_05_18.csv
2026-05-18,212460,Yan Cheng Chen,1374,6,0.0,-20.0,TPE,24,atp_rankings_2026_05_18.csv
2026-05-18,213614,Dmitry Bessonov,1375,6,0.0,-14.0,RUS,,atp_rankings_2026_05_18.csv
2026-05-18,213198,Kacper Knitter,1375,6,0.0,-14.0,POL,18,atp_rankings_2026_05_18.csv
2026-05-18,202314,Parth Aggarwal,1377,6,4.0,480.0,IND,28,atp_rankings_2026_05_18.csv
2026-05-18,211411,Tyler Stice,1378,6,0.0,-18.0,USA,25,atp_rankings_2026_05_18.csv
2026-05-18,133224,Francesco Ferrari,1379,6,2.0,162.0,ITA,28,atp_rankings_2026_05_18.csv
2026-05-18,209314,Jan Kupcic,1380,6,0.0,-17.0,SLO,25,atp_rankings_2026_05_18.csv
2026-05-18,207738,Brandon Perez,1381,6,0.0,-17.0,VEN,26,atp_rankings_2026_05_18.csv
2026-05-18,212465,Charles Chen,1382,6,0.0,-17.0,CHN,18,atp_rankings_2026_05_18.csv
2026-05-18,212183,Yuquan Jin,1382,6,0.0,-12.0,CHN,25,atp_rankings_2026_05_18.csv
2026-05-18,206646,Louis Van Herck,1382,6,0.0,-17.0,LUX,26,atp_rankings_2026_05_18.csv
2026-05-18,213654,Noah Johnston,1385,5,-1.0,-67.0,USA,,atp_rankings_2026_05_18.csv
2026-05-18,210352,Santiago  Lora,1385,5,0.0,-11.0,BOL,18,atp_rankings_2026_05_18.csv
2026-05-18,209855,James Hopper,1387,5,0.0,-12.0,GBR,24,atp_rankings_2026_05_18.csv
2026-05-18,210438,Jeremy Jin,1387,5,0.0,-12.0,AUS,21,atp_rankings_2026_05_18.csv
2026-05-18,207836,Muzammil Murtaza,1387,5,1.0,57.0,PAK,26,atp_rankings_2026_05_18.csv
2026-05-18,211647,Jaden Weekes,1387,5,0.0,-12.0,CAN,21,atp_rankings_2026_05_18.csv
2026-05-18,209879,Luc Koenig,1391,5,0.0,-12.0,GBR,22,atp_rankings_2026_05_18.csv
2026-05-18,207507,Stefan Latinovic,1391,5,0.0,-12.0,SRB,26,atp_rankings_2026_05_18.csv
2026-05-18,213830,Saki Tange,1391,5,0.0,-12.0,JPN,22,atp_rankings_2026_05_18.csv
2026-05-18,211740,Jeremy Zhang,1394,5,0.0,-11.0,AUS,20,atp_rankings_2026_05_18.csv
2026-05-18,210474,Alexander Frusina,1395,5,0.0,-11.0,USA,20,atp_rankings_2026_05_18.csv
2026-05-18,211551,Asahi Harazaki,1395,5,0.0,-11.0,JPN,,atp_rankings_2026_05_18.csv
2026-05-18,109318,Pawel Cias,1395,5,0.0,-11.0,POL,32,atp_rankings_2026_05_18.csv
2026-05-18,213141,Georgi Georgiev,1398,5,0.0,-11.0,BUL,19,atp_rankings_2026_05_18.csv
2026-05-18,211386,Alessio Vasquez Gehrke,1398,5,0.0,-11.0,GER,22,atp_rankings_2026_05_18.csv
2026-05-18,,Gilbert Klier Junior,1400,5,-1.0,-66.0,,,atp_rankings_2026_05_18.csv
2026-05-18,213120,Lorenzo Berto,1401,5,3.0,351.0,ITA,18,atp_rankings_2026_05_18.csv
2026-05-18,210117,William Jansen,1402,5,0.0,-11.0,GBR,21,atp_rankings_2026_05_18.csv
2026-05-18,212037,Amir Milushev,1402,5,0.0,-11.0,UZB,20,atp_rankings_2026_05_18.csv
2026-05-18,130247,Anton Chekhov,1404,5,0.0,-11.0,RUS,33,atp_rankings_2026_05_18.csv
2026-05-18,210444,Charlelie Cosnet,1404,5,0.0,-11.0,FRA,23,atp_rankings_2026_05_18.csv
2026-05-18,207230,Damien Salvestre,1404,5,0.0,-11.0,FRA,24,atp_rankings_2026_05_18.csv
2026-05-18,214192,Ymerali Ibraimi,1407,5,0.0,-11.0,AUS,17,atp_rankings_2026_05_18.csv
2026-05-18,207439,Dax Donders,1408,5,1.0,63.0,NED,25,atp_rankings_2026_05_18.csv
2026-05-18,213783,Oswaldo Alejandro Reyes Tirado,1408,5,4.0,747.0,MEX,18,atp_rankings_2026_05_18.csv
2026-05-18,202128,Louis Dussin,1410,5,0.0,-11.0,FRA,26,atp_rankings_2026_05_18.csv
2026-05-18,212937,Achilles Belkovics,1411,5,0.0,-11.0,HUN,,atp_rankings_2026_05_18.csv
2026-05-18,210602,Peetu Pohjola,1412,5,0.0,-11.0,FIN,25,atp_rankings_2026_05_18.csv
2026-05-18,105590,Uladzimir Ignatik,1413,5,0.0,-8.0,BLR,35,atp_rankings_2026_05_18.csv
2026-05-18,213992,Lev Seidman,1413,5,4.0,771.0,USA,18,atp_rankings_2026_05_18.csv
2026-05-18,144927,Siddharth Vishwakarma,1413,5,0.0,-8.0,IND,31,atp_rankings_2026_05_18.csv
2026-05-18,214038,Laurence Teunissen,1416,5,0.0,-9.0,NED,,atp_rankings_2026_05_18.csv
2026-05-18,213600,Dillon Beckles,1417,5,0.0,-16.0,USA,,atp_rankings_2026_05_18.csv
2026-05-18,210348,Jarno Jans,1417,5,0.0,-9.0,NED,25,atp_rankings_2026_05_18.csv
2026-05-18,210733,Arthur Bonnaud,1419,5,0.0,-10.0,FRA,29,atp_rankings_2026_05_18.csv
2026-05-18,213721,Pierre Antoine Faut,1420,5,0.0,-10.0,FRA,,atp_rankings_2026_05_18.csv
2026-05-18,213815,Sergey Petrov,1420,5,0.0,-10.0,RUS,,atp_rankings_2026_05_18.csv
2026-05-18,208052,Matthew Segura,1420,5,3.0,400.0,USA,25,atp_rankings_2026_05_18.csv
2026-05-18,208216,Alberto Bronzetti,1423,5,0.0,-10.0,ITA,28,atp_rankings_2026_05_18.csv
2026-05-18,207772,Yuttana Charoenphon,1423,5,0.0,-22.0,THA,25,atp_rankings_2026_05_18.csv
2026-05-18,213151,Flynn Thomas,1423,5,0.0,-10.0,SUI,,atp_rankings_2026_05_18.csv
2026-05-18,212632,Peter Alam,1426,5,2.0,187.0,GBR,24,atp_rankings_2026_05_18.csv
2026-05-18,212545,Henry Lieberman,1426,5,1.0,66.0,USA,26,atp_rankings_2026_05_18.csv
2026-05-18,210140,Ioan Alexandru Chirita,1428,5,0.0,-13.0,ROU,23,atp_rankings_2026_05_18.csv
2026-05-18,213628,Volodymyr Gurenko,1429,5,2.0,212.0,CAN,,atp_rankings_2026_05_18.csv
2026-05-18,200310,Alexander Zgirovsky,1429,5,0.0,-12.0,BLR,24,atp_rankings_2026_05_18.csv
2026-05-18,209889,Thomas Braithwaite,1431,5,-3.0,-187.0,AUS,26,atp_rankings_2026_05_18.csv
2026-05-18,208835,Rafael Giotis,1431,5,1.0,80.0,GER,25,atp_rankings_2026_05_18.csv
2026-05-18,213218,Elias Julian Werner,1431,5,0.0,-13.0,GER,,atp_rankings_2026_05_18.csv
2026-05-18,213004,Arthur Bellegy,1434,5,0.0,-13.0,FRA,,atp_rankings_2026_05_18.csv
2026-05-18,212130,Mariano Tammaro,1434,5,0.0,-13.0,ITA,22,atp_rankings_2026_05_18.csv
2026-05-18,149266,Fadi Bidan,1436,5,0.0,-7.0,LBN,20,atp_rankings_2026_05_18.csv
2026-05-18,210284,Pijus Vaitiekunas,1436,5,0.0,-12.0,LTU,23,atp_rankings_2026_05_18.csv
2026-05-18,212841,Lucas Marionneau,1438,5,-1.0,-79.0,FRA,19,atp_rankings_2026_05_18.csv
2026-05-18,211366,Vuk Radjenovic,1438,5,0.0,-12.0,SRB,21,atp_rankings_2026_05_18.csv
2026-05-18,212109,Antonio Voljavec,1438,5,0.0,-12.0,CRO,20,atp_rankings_2026_05_18.csv
2026-05-18,211690,Toprak Avcibasi,1441,5,0.0,-22.0,TUR,22,atp_rankings_2026_05_18.csv
2026-05-18,211516,Lorenzo Beraldo,1441,5,0.0,-22.0,ITA,19,atp_rankings_2026_05_18.csv
2026-05-18,213898,Richard Antoni,1443,5,0.0,-15.0,GER,,atp_rankings_2026_05_18.csv
2026-05-18,149130,Joe Leather,1444,5,0.0,-15.0,GBR,,atp_rankings_2026_05_18.csv
2026-05-18,211762,David Naharro,1444,5,1.0,81.0,ESP,22,atp_rankings_2026_05_18.csv
2026-05-18,213765,Weiwen Pan,1444,5,1.0,81.0,CHN,20,atp_rankings_2026_05_18.csv
2026-05-18,212711,Daniel Jade,1447,5,3.0,410.0,FRA,17,atp_rankings_2026_05_18.csv
2026-05-18,202217,Vito Dellelba,1448,5,1.0,77.0,ITA,27,atp_rankings_2026_05_18.csv
2026-05-18,213201,Valentino Grippo,1448,5,0.0,-24.0,ARG,,atp_rankings_2026_05_18.csv
2026-05-18,211495,Andrin Casanova,1450,5,0.0,-17.0,SUI,21,atp_rankings_2026_05_18.csv
2026-05-18,213927,Gabriele Crivellaro,1451,5,0.0,-16.0,ITA,19,atp_rankings_2026_05_18.csv
2026-05-18,209417,Alan Bojarski,1452,5,0.0,-15.0,POL,22,atp_rankings_2026_05_18.csv
2026-05-18,212589,Luka Talan Lopatic,1452,5,0.0,-19.0,SLO,18,atp_rankings_2026_05_18.csv
2026-05-18,212757,Jack Bruce Smith,1454,5,0.0,-19.0,AUS,24,atp_rankings_2026_05_18.csv
2026-05-18,211407,Andrea Bacaloni,1455,5,0.0,-15.0,ITA,24,atp_rankings_2026_05_18.csv
2026-05-18,213800,Ty Host,1456,5,0.0,-18.0,AUS,19,atp_rankings_2026_05_18.csv
2026-05-18,210632,Vadym Konovchuk,1456,5,0.0,-18.0,UKR,22,atp_rankings_2026_05_18.csv
2026-05-18,209967,Antoine Berger,1458,5,0.0,-18.0,FRA,28,atp_rankings_2026_05_18.csv
2026-05-18,209391,Corban Crowther,1459,5,-1.0,-91.0,NZL,23,atp_rankings_2026_05_18.csv
2026-05-18,212630,Aaron Funk,1460,5,0.0,-17.0,GER,20,atp_rankings_2026_05_18.csv
2026-05-18,144955,Yuichiro Inui,1461,5,-3.0,-203.0,JPN,31,atp_rankings_2026_05_18.csv
2026-05-18,208867,Tomas Luis,1461,5,-4.0,-245.0,POR,24,atp_rankings_2026_05_18.csv
2026-05-18,210076,Ioannis Kountourakis,1463,5,-2.0,-154.0,GRE,23,atp_rankings_2026_05_18.csv
2026-05-18,122474,Guy Orly Iradukunda,1464,4,0.0,-20.0,BDI,30,atp_rankings_2026_05_18.csv
2026-05-18,208358,Aleksi Lofman,1464,4,0.0,-20.0,FIN,24,atp_rankings_2026_05_18.csv
2026-05-18,212575,Amirkhamza Nasridinov,1464,4,0.0,-20.0,RUS,20,atp_rankings_2026_05_18.csv
2026-05-18,144682,Kaito Uesugi,1464,4,0.0,-20.0,JPN,30,atp_rankings_2026_05_18.csv
2026-05-18,212648,Theodore Winegar,1464,4,0.0,-20.0,USA,24,atp_rankings_2026_05_18.csv
2026-05-18,117356,Cem Ilkel,1469,4,0.0,-18.0,TUR,30,atp_rankings_2026_05_18.csv
2026-05-18,213626,Angel Veliz,1469,4,0.0,-25.0,ECU,17,atp_rankings_2026_05_18.csv
2026-05-18,213098,Hugo Car,1471,4,0.0,-19.0,FRA,23,atp_rankings_2026_05_18.csv
2026-05-18,200692,Herbert Jody Maginley,1471,4,3.0,394.0,ANT,30,atp_rankings_2026_05_18.csv
2026-05-18,208485,Kiranpal Pannu,1471,4,0.0,-13.0,NZL,29,atp_rankings_2026_05_18.csv
2026-05-18,202195,Maxime Cressy,1474,4,0.0,-21.0,USA,29,atp_rankings_2026_05_18.csv
2026-05-18,209925,Thijmen Loof,1474,4,0.0,-21.0,NED,23,atp_rankings_2026_05_18.csv
2026-05-18,212066,Artem Alekseychuk,1476,4,,,RUS,,atp_rankings_2026_05_18.csv
2026-05-18,213042,Hugo Coquelin,1476,4,0.0,-21.0,GBR,20,atp_rankings_2026_05_18.csv
2026-05-18,210569,Sebastian Eriksson,1476,4,0.0,-21.0,SWE,21,atp_rankings_2026_05_18.csv
2026-05-18,210405,Azuma Visaya,1476,4,0.0,-21.0,USA,22,atp_rankings_2026_05_18.csv
2026-05-18,212914,Corey Craig,1480,4,0.0,-22.0,USA,22,atp_rankings_2026_05_18.csv
2026-05-18,210416,Bryce Nakashima,1481,4,0.0,-20.0,USA,22,atp_rankings_2026_05_18.csv
2026-05-18,210746,Paul Barbier Gazeu,1482,4,0.0,-19.0,FRA,20,atp_rankings_2026_05_18.csv
2026-05-18,105335,Sho Katayama,1482,4,0.0,-19.0,JPN,37,atp_rankings_2026_05_18.csv
2026-05-18,212068,Stepan Baum,1484,4,0.0,-19.0,CZE,22,atp_rankings_2026_05_18.csv
2026-05-18,212899,Moritz Kudernatsch,1485,4,0.0,-18.0,GER,21,atp_rankings_2026_05_18.csv
2026-05-18,208206,Walid Ahouda,1486,4,0.0,-18.0,MAR,22,atp_rankings_2026_05_18.csv
2026-05-18,211570,Cesar Cruz,1486,4,0.0,-25.0,ESA,19,atp_rankings_2026_05_18.csv
2026-05-18,209117,Marco Furlanetto,1486,4,1.0,108.0,ITA,25,atp_rankings_2026_05_18.csv
2026-05-18,212863,Benjamin Chelia,1489,4,2.0,219.0,ARG,17,atp_rankings_2026_05_18.csv
2026-05-18,211330,Vasco Leote Prata,1489,4,0.0,-19.0,POR,22,atp_rankings_2026_05_18.csv
2026-05-18,202165,Alberto Lim,1491,4,0.0,-20.0,PHI,27,atp_rankings_2026_05_18.csv
2026-05-18,214213,Rhys Lawlor,1492,4,3.0,567.0,GBR,17,atp_rankings_2026_05_18.csv
2026-05-18,133197,Joao Silva,1492,4,3.0,567.0,POR,18,atp_rankings_2026_05_18.csv
2026-05-18,111436,Nick Chappell,1494,4,0.0,-21.0,USA,33,atp_rankings_2026_05_18.csv
2026-05-18,213011,John Bothma,1495,4,0.0,-20.0,RSA,18,atp_rankings_2026_05_18.csv
2026-05-18,133667,Congsup Congcar,1495,4,0.0,-27.0,THA,29,atp_rankings_2026_05_18.csv
2026-05-18,209273,Romain Gales,1495,4,0.0,-20.0,FRA,21,atp_rankings_2026_05_18.csv
2026-05-18,208007,Karlo Kajin,1495,4,0.0,-20.0,CRO,26,atp_rankings_2026_05_18.csv
2026-05-18,123843,Davide Pontoglio,1495,4,0.0,-20.0,ITA,33,atp_rankings_2026_05_18.csv
2026-05-18,212459,Kai I Wang,1495,4,0.0,-20.0,TPE,21,atp_rankings_2026_05_18.csv
2026-05-18,210743,Pranav Kumar,1501,4,0.0,-16.0,USA,26,atp_rankings_2026_05_18.csv
2026-05-18,206580,Nicola Rispoli,1501,4,0.0,-28.0,ITA,28,atp_rankings_2026_05_18.csv
2026-05-18,120545,Ko Suzuki,1501,4,0.0,-16.0,JPN,34,atp_rankings_2026_05_18.csv
2026-05-18,208027,Alex Jones,1504,4,0.0,-17.0,USA,27,atp_rankings_2026_05_18.csv
2026-05-18,213785,Toshiki Karigyo,1504,4,0.0,-29.0,JPN,24,atp_rankings_2026_05_18.csv
2026-05-18,209974,Aleksander Orlikowski,1504,4,0.0,-17.0,POL,22,atp_rankings_2026_05_18.csv
2026-05-18,207248,Naoki Tajima,1504,4,0.0,-9.0,JPN,25,atp_rankings_2026_05_18.csv
2026-05-18,214341,Oscar Brown,1508,4,0.0,-27.0,GBR,24,atp_rankings_2026_05_18.csv
2026-05-18,213204,Zane Stevens,1508,4,0.0,-16.0,AUS,20,atp_rankings_2026_05_18.csv
2026-05-18,213814,Gustavo Albieri,1510,4,0.0,-26.0,BRA,18,atp_rankings_2026_05_18.csv
2026-05-18,212471,Minghui Zhang,1510,4,0.0,-10.0,CHN,21,atp_rankings_2026_05_18.csv
2026-05-18,208890,Richard Zusman,1510,4,0.0,-10.0,USA,25,atp_rankings_2026_05_18.csv
2026-05-18,210105,Martyn Pawelski,1513,4,0.0,-19.0,POL,21,atp_rankings_2026_05_18.csv
2026-05-18,214202,Gus Grumet,1514,4,0.0,-19.0,USA,18,atp_rankings_2026_05_18.csv
2026-05-18,207209,Raghav Jaisinghani,1514,4,0.0,-19.0,IND,28,atp_rankings_2026_05_18.csv
2026-05-18,127143,Jirat Navasirisomboon,1514,4,0.0,-27.0,THA,29,atp_rankings_2026_05_18.csv
2026-05-18,210301,Benjamin Ignacio Torres Fernandez,1514,4,0.0,-19.0,CHI,22,atp_rankings_2026_05_18.csv
2026-05-18,208892,Mohamed Ali Abibsi,1518,4,2.0,261.0,ALG,23,atp_rankings_2026_05_18.csv
2026-05-18,125843,Ren Nakamura,1518,4,1.0,95.0,JPN,31,atp_rankings_2026_05_18.csv
2026-05-18,212078,Riku Takahata,1518,4,0.0,-19.0,JPN,24,atp_rankings_2026_05_18.csv
2026-05-18,212840,Thomas Gerbaud,1521,4,0.0,-21.0,FRA,21,atp_rankings_2026_05_18.csv
2026-05-18,212767,Aryan Lakshmanan,1521,4,0.0,-21.0,IND,20,atp_rankings_2026_05_18.csv
2026-05-18,211539,Gabor Hornung,1523,4,0.0,-19.0,HUN,21,atp_rankings_2026_05_18.csv
2026-05-18,213393,Breno Braga,1524,4,0.0,-19.0,BRA,21,atp_rankings_2026_05_18.csv
2026-05-18,149134,Matei Florin Breazu,1524,4,0.0,-19.0,ROU,18,atp_rankings_2026_05_18.csv
2026-05-18,210601,Oskari Eerola,1524,4,0.0,-19.0,FIN,24,atp_rankings_2026_05_18.csv
2026-05-18,212900,Andrea Paolini,1524,4,0.0,-19.0,ITA,23,atp_rankings_2026_05_18.csv
2026-05-18,213667,Valentin Guadagno,1528,4,0.0,-17.0,ARG,,atp_rankings_2026_05_18.csv
2026-05-18,202439,Sean Hodkin,1528,4,1.0,85.0,GBR,27,atp_rankings_2026_05_18.csv
2026-05-18,213916,Ashton Mcleod,1528,4,1.0,103.0,AUS,18,atp_rankings_2026_05_18.csv
2026-05-18,209877,Stevan Popovic,1528,4,1.0,85.0,GER,24,atp_rankings_2026_05_18.csv
2026-05-18,149153,Gabriele Volpi,1528,4,0.0,-17.0,ITA,30,atp_rankings_2026_05_18.csv
2026-05-18,213648,Udit Kamboj,1533,4,0.0,-17.0,IND,,atp_rankings_2026_05_18.csv
2026-05-18,214016,Bautista De La Pena,1534,4,0.0,-17.0,BRA,16,atp_rankings_2026_05_18.csv
2026-05-18,213200,Juan Ignacio Gallego,1534,4,1.0,74.0,ARG,,atp_rankings_2026_05_18.csv
2026-05-18,212924,Emanuel Ivanisevic,1534,4,0.0,-29.0,CRO,18,atp_rankings_2026_05_18.csv
2026-05-18,209255,Vladan Tadic,1534,4,-3.0,-249.0,BIH,25,atp_rankings_2026_05_18.csv
2026-05-18,212262,Kylian Collignon,1538,4,0.0,-18.0,BEL,21,atp_rankings_2026_05_18.csv
2026-05-18,210570,Kevin Edengren,1538,4,0.0,-18.0,SWE,20,atp_rankings_2026_05_18.csv
2026-05-18,200419,Jonas Eriksson Ziverts,1538,4,1.0,103.0,SWE,27,atp_rankings_2026_05_18.csv
2026-05-18,212864,Valentin Garay,1538,4,1.0,75.0,ARG,19,atp_rankings_2026_05_18.csv
2026-05-18,214229,Mathys Picard,1538,4,0.0,-18.0,FRA,18,atp_rankings_2026_05_18.csv
2026-05-18,211322,Lasse Poertner,1538,4,0.0,-18.0,GER,20,atp_rankings_2026_05_18.csv
2026-05-18,208381,Nicolas Esteban Rico Arias,1538,4,0.0,-27.0,COL,25,atp_rankings_2026_05_18.csv
2026-05-18,210595,Jiri Cizek,1545,4,0.0,-20.0,CZE,20,atp_rankings_2026_05_18.csv
2026-05-18,210651,Vlad Cristian Breazu,1546,4,0.0,-16.0,ROU,22,atp_rankings_2026_05_18.csv
2026-05-18,213579,Jan Klimas,1546,4,0.0,-16.0,CZE,,atp_rankings_2026_05_18.csv
2026-05-18,212119,Nik Mikovic,1546,4,0.0,-16.0,SLO,21,atp_rankings_2026_05_18.csv
2026-05-18,213624,Kosuke Shibano,1546,4,0.0,-16.0,JPN,,atp_rankings_2026_05_18.csv
2026-05-18,210417,Adrian Arcon,1550,4,3.0,679.0,AUS,24,atp_rankings_2026_05_18.csv
2026-05-18,209979,Madhwin Kamath,1551,4,1.0,104.0,IND,24,atp_rankings_2026_05_18.csv
2026-05-18,212797,Hitesh Chauhan,1552,4,0.0,-32.0,IND,18,atp_rankings_2026_05_18.csv
2026-05-18,210423,Alessandro Coccioli,1553,4,0.0,-14.0,ITA,23,atp_rankings_2026_05_18.csv
2026-05-18,213391,Silvio Mencaglia,1553,4,0.0,-18.0,ITA,21,atp_rankings_2026_05_18.csv
2026-05-18,207559,Darrshan Suresh,1553,4,1.0,104.0,MAS,25,atp_rankings_2026_05_18.csv
2026-05-18,211364,Mihai Alexandru Coman,1556,4,0.0,-12.0,ROU,21,atp_rankings_2026_05_18.csv
2026-05-18,214015,Xavi Palomar,1556,4,0.0,-16.0,ESP,,atp_rankings_2026_05_18.csv
2026-05-18,202323,Arjun Mehrotra,1558,4,0.0,-17.0,AUS,29,atp_rankings_2026_05_18.csv
2026-05-18,212738,Manel Lazaro Juncadella,1559,4,0.0,-13.0,ESP,20,atp_rankings_2026_05_18.csv
2026-05-18,211455,Oren Vasser,1559,4,0.0,-24.0,USA,26,atp_rankings_2026_05_18.csv
2026-05-18,206447,Daniel Batista,1561,4,0.0,-15.0,POR,27,atp_rankings_2026_05_18.csv
2026-05-18,211490,Daniel Verbeek,1562,4,0.0,-17.0,NED,21,atp_rankings_2026_05_18.csv
2026-05-18,212745,Tadeo Meneo,1563,4,1.0,112.0,ARG,20,atp_rankings_2026_05_18.csv
2026-05-18,205885,Joao Graa,1564,4,0.0,-16.0,POR,25,atp_rankings_2026_05_18.csv
2026-05-18,214565,Bienvenue Bolangi,1565,3,,,COD,24,atp_rankings_2026_05_18.csv
2026-05-18,122081,Luis Britto,1565,3,,,BRA,32,atp_rankings_2026_05_18.csv
2026-05-18,210756,Loren Thomas Byers,1565,3,0.0,-16.0,USA,24,atp_rankings_2026_05_18.csv
2026-05-18,105731,Steven Diez,1565,3,0.0,-8.0,CAN,35,atp_rankings_2026_05_18.csv
2026-05-18,131905,Manuel Guinard,1565,3,0.0,-16.0,FRA,30,atp_rankings_2026_05_18.csv
2026-05-18,108766,Samir Iftikhar,1565,3,0.0,-16.0,PAK,34,atp_rankings_2026_05_18.csv
2026-05-18,144747,Courtney John Lock,1565,3,,,ZIM,29,atp_rankings_2026_05_18.csv
2026-05-18,202417,Siphosothando Montsi,1565,3,0.0,-16.0,RSA,26,atp_rankings_2026_05_18.csv
2026-05-18,106425,Blake Mott,1565,3,-2.0,-187.0,AUS,30,atp_rankings_2026_05_18.csv
2026-05-18,126609,Patrik Niklas Salminen,1565,3,0.0,-16.0,FIN,29,atp_rankings_2026_05_18.csv
2026-05-18,134256,Reese Stalder,1565,3,0.0,-16.0,USA,29,atp_rankings_2026_05_18.csv
2026-05-18,212642,Patrik Trhac,1565,3,0.0,-16.0,USA,27,atp_rankings_2026_05_18.csv
2026-05-18,213985,Kelly Giese,1577,3,0.0,-20.0,USA,21,atp_rankings_2026_05_18.csv
2026-05-18,208123,Tom Hands,1577,3,0.0,-20.0,GBR,29,atp_rankings_2026_05_18.csv
2026-05-18,209972,Adit Sinha,1577,3,0.0,-20.0,USA,22,atp_rankings_2026_05_18.csv
2026-05-18,126193,Mark Whitehouse,1577,3,-1.0,-119.0,GBR,33,atp_rankings_2026_05_18.csv
2026-05-18,202269,Justin Barki,1581,3,0.0,-20.0,INA,25,atp_rankings_2026_05_18.csv
2026-05-18,208178,Samuel Brosset,1581,3,0.0,-20.0,FRA,28,atp_rankings_2026_05_18.csv
2026-05-18,212859,Matisse Farzam,1581,3,0.0,-20.0,USA,19,atp_rankings_2026_05_18.csv
2026-05-18,208262,Alejo Lorenzo Lingua Lavallen,1581,3,0.0,-20.0,ARG,25,atp_rankings_2026_05_18.csv
2026-05-18,212158,Will Mayew,1581,3,0.0,-20.0,USA,22,atp_rankings_2026_05_18.csv
2026-05-18,213771,Dominick Mosejczuk,1581,3,0.0,-20.0,USA,19,atp_rankings_2026_05_18.csv
2026-05-18,210312,Oliver Ojakaar,1581,3,0.0,-20.0,EST,21,atp_rankings_2026_05_18.csv
2026-05-18,213957,Daniel Phillips,1581,3,0.0,-20.0,BER,21,atp_rankings_2026_05_18.csv
2026-05-18,214483,Harrison Satara,1581,3,0.0,-20.0,AUS,19,atp_rankings_2026_05_18.csv
2026-05-18,214001,Damien Clerc,1590,3,0.0,-20.0,FRA,,atp_rankings_2026_05_18.csv
2026-05-18,207839,Yousaf Khalil,1590,3,0.0,-41.0,PAK,27,atp_rankings_2026_05_18.csv
2026-05-18,111515,Thai Son Kwiatkowski,1590,3,0.0,-20.0,USA,31,atp_rankings_2026_05_18.csv
2026-05-18,213784,Guillermo Tunas,1590,3,-1.0,-125.0,MEX,25,atp_rankings_2026_05_18.csv
2026-05-18,210230,Wissam Abderrahman,1594,3,0.0,-22.0,TUN,22,atp_rankings_2026_05_18.csv
2026-05-18,214280,Fantino Alberca,1594,3,0.0,-22.0,ARG,21,atp_rankings_2026_05_18.csv
2026-05-18,207761,Julien De Cuyper,1594,3,0.0,-22.0,FRA,27,atp_rankings_2026_05_18.csv
2026-05-18,214332,Henrique Ortenblad Nogueira,1594,3,0.0,-22.0,BRA,23,atp_rankings_2026_05_18.csv
2026-05-18,212491,Alexander Razeghi,1594,3,0.0,-22.0,USA,20,atp_rankings_2026_05_18.csv
2026-05-18,210693,Hudson Rivera,1594,3,0.0,-22.0,USA,21,atp_rankings_2026_05_18.csv
2026-05-18,210571,Isac Stroemberg,1594,3,0.0,-22.0,SWE,23,atp_rankings_2026_05_18.csv
2026-05-18,212854,Felipe Virgili Berini,1594,3,0.0,-22.0,ITA,21,atp_rankings_2026_05_18.csv
2026-05-18,207595,Mateo Barreiros Reyes,1602,3,0.0,-14.0,BRA,25,atp_rankings_2026_05_18.csv
2026-05-18,214390,Antonin Witz,1602,3,0.0,-22.0,FRA,17,atp_rankings_2026_05_18.csv
2026-05-18,212291,Siwanat Auytayakul,1604,3,0.0,-23.0,THA,21,atp_rankings_2026_05_18.csv
2026-05-18,200487,Jordan Hasson,1604,3,,,ISR,26,atp_rankings_2026_05_18.csv
2026-05-18,213818,William Mirarchi,1604,3,0.0,-23.0,ITA,19,atp_rankings_2026_05_18.csv
2026-05-18,120922,Maciej Rajski,1604,3,0.0,-23.0,POL,35,atp_rankings_2026_05_18.csv
2026-05-18,214210,Vincent Reisach,1604,3,0.0,-23.0,GER,17,atp_rankings_2026_05_18.csv
2026-05-18,210190,Timofey Stepanov,1604,3,0.0,-23.0,SUI,22,atp_rankings_2026_05_18.csv
2026-05-18,213920,Nathan Cox,1610,3,0.0,-22.0,USA,,atp_rankings_2026_05_18.csv
2026-05-18,212880,Ilyas Milad Fahim,1610,3,0.0,-22.0,MAR,20,atp_rankings_2026_05_18.csv
2026-05-18,211406,Yazid Lahjomri,1610,3,0.0,-22.0,MAR,20,atp_rankings_2026_05_18.csv
2026-05-18,212750,Clement Lemire,1610,3,0.0,-22.0,FRA,19,atp_rankings_2026_05_18.csv
2026-05-18,206789,Lingxi Zhao,1610,3,-1.0,-129.0,CHN,26,atp_rankings_2026_05_18.csv
2026-05-18,208334,Deney Wassermann,1615,3,0.0,-22.0,NED,25,atp_rankings_2026_05_18.csv
2026-05-18,211660,Ryan Augusto Dos Santos,1616,3,0.0,-22.0,BRA,22,atp_rankings_2026_05_18.csv
2026-05-18,214029,Ye Chen,1616,3,0.0,-35.0,CHN,,atp_rankings_2026_05_18.csv
2026-05-18,213840,Teodor Davidov,1616,3,0.0,-22.0,USA,,atp_rankings_2026_05_18.csv
2026-05-18,212912,Mathys Domenc,1616,3,0.0,-22.0,FRA,16,atp_rankings_2026_05_18.csv
2026-05-18,206895,Alex Kobelt,1616,3,0.0,-22.0,USA,29,atp_rankings_2026_05_18.csv
2026-05-18,213058,Weiyi Kong,1616,3,0.0,-35.0,CHN,,atp_rankings_2026_05_18.csv
2026-05-18,211677,Matthew Rankin,1616,3,0.0,-22.0,GBR,21,atp_rankings_2026_05_18.csv
2026-05-18,207973,Ainius Sabaliauskas,1616,3,0.0,-22.0,LTU,22,atp_rankings_2026_05_18.csv
2026-05-18,210526,Niccolo Baroni,1624,3,0.0,-23.0,ITA,22,atp_rankings_2026_05_18.csv
2026-05-18,213678,Felipe Dreer,1624,3,0.0,-23.0,ARG,,atp_rankings_2026_05_18.csv
2026-05-18,210711,Francisco Tomas Geschwind,1624,3,1.0,110.0,ARG,23,atp_rankings_2026_05_18.csv
2026-05-18,210115,Yunseok Jang,1624,3,0.0,-23.0,KOR,23,atp_rankings_2026_05_18.csv
2026-05-18,213576,Matt Kleiman,1624,3,0.0,-23.0,USA,,atp_rankings_2026_05_18.csv
2026-05-18,213069,Gasper Matijasic,1624,3,0.0,-23.0,SLO,,atp_rankings_2026_05_18.csv
2026-05-18,213196,Rihards Neimanis,1624,3,0.0,-23.0,LAT,18,atp_rankings_2026_05_18.csv
2026-05-18,207541,Michalis Sakellaridis,1624,3,0.0,-23.0,GRE,25,atp_rankings_2026_05_18.csv
2026-05-18,211684,Emirhan Bulut,1632,3,0.0,-24.0,TUR,19,atp_rankings_2026_05_18.csv
2026-05-18,212167,Darius Florin Pop,1632,3,0.0,-24.0,ROU,22,atp_rankings_2026_05_18.csv
2026-05-18,214156,Mahmoud Chetouane,1634,3,0.0,-21.0,TUN,18,atp_rankings_2026_05_18.csv
2026-05-18,208197,Ammar Elamin,1634,3,0.0,-21.0,IRL,23,atp_rankings_2026_05_18.csv
2026-05-18,210408,Luca Fantini,1634,3,0.0,-21.0,ITA,25,atp_rankings_2026_05_18.csv
2026-05-18,212617,Shu Muto,1634,3,0.0,-21.0,JPN,,atp_rankings_2026_05_18.csv
2026-05-18,213980,Arnav Paparkar,1634,3,0.0,-21.0,IND,18,atp_rankings_2026_05_18.csv
2026-05-18,213553,Dmytro Shirokyi,1634,3,1.0,121.0,UKR,19,atp_rankings_2026_05_18.csv
2026-05-18,149268,Gabriele Vulpitta,1640,3,0.0,-15.0,ITA,20,atp_rankings_2026_05_18.csv
2026-05-18,213045,Manvydas Balciunas,1641,3,-1.0,-136.0,NED,20,atp_rankings_2026_05_18.csv
2026-05-18,214264,Jerrid Gaines,1641,3,0.0,-15.0,USA,16,atp_rankings_2026_05_18.csv
2026-05-18,214214,Daniel Jovanovski,1641,3,0.0,-15.0,AUS,18,atp_rankings_2026_05_18.csv
2026-05-18,211589,Tilen Kovac,1641,3,0.0,-15.0,SLO,23,atp_rankings_2026_05_18.csv
2026-05-18,212499,Vardan Manukyan,1641,3,-2.0,-231.0,RUS,21,atp_rankings_2026_05_18.csv
2026-05-18,212965,Juan Jose Bianchi,1646,3,0.0,-5.0,VEN,25,atp_rankings_2026_05_18.csv
2026-05-18,213798,Noah Brownrigg,1646,3,0.0,-15.0,AUS,19,atp_rankings_2026_05_18.csv
2026-05-18,134545,Alexis Canter,1646,3,0.0,-33.0,GBR,27,atp_rankings_2026_05_18.csv
2026-05-18,210153,David Fix,1646,3,0.0,-15.0,GER,21,atp_rankings_2026_05_18.csv
2026-05-18,149278,Daniel Khazime,1646,3,-1.0,-135.0,RUS,21,atp_rankings_2026_05_18.csv
2026-05-18,149139,Arthur Laborde,1646,3,0.0,-15.0,SUI,21,atp_rankings_2026_05_18.csv
2026-05-18,213532,Stefan Storch,1646,3,0.0,-33.0,AUS,,atp_rankings_2026_05_18.csv
2026-05-18,105419,Patricio Alvarado,1653,3,0.0,-14.0,ECU,36,atp_rankings_2026_05_18.csv
2026-05-18,213801,Jake Dembo,1653,3,0.0,-45.0,AUS,,atp_rankings_2026_05_18.csv
2026-05-18,210598,Nicolas Hollender,1653,3,0.0,-27.0,ARG,24,atp_rankings_2026_05_18.csv
2026-05-18,212180,Shaoyun Liu,1653,3,0.0,-14.0,CHN,24,atp_rankings_2026_05_18.csv
2026-05-18,211389,Manuel Mouilleron Salvo,1653,3,0.0,-27.0,ARG,23,atp_rankings_2026_05_18.csv
2026-05-18,212860,Dakotah Bobo,1658,3,0.0,-7.0,USA,23,atp_rankings_2026_05_18.csv
2026-05-18,210649,Giammarco Gandolfi,1658,3,0.0,-27.0,ITA,22,atp_rankings_2026_05_18.csv
2026-05-18,213114,Chun Chien Hou,1658,3,0.0,-17.0,TPE,20,atp_rankings_2026_05_18.csv
2026-05-18,213640,Stephane Pierre Jo Kamendje,1658,3,0.0,-17.0,CAN,,atp_rankings_2026_05_18.csv
2026-05-18,213461,Andrea Mchich,1658,3,0.0,-17.0,FRA,20,atp_rankings_2026_05_18.csv
2026-05-18,213617,Mattia Nannelli,1658,3,0.0,-17.0,ITA,,atp_rankings_2026_05_18.csv
2026-05-18,210011,Aristarkh Safonov,1658,3,0.0,-27.0,RUS,23,atp_rankings_2026_05_18.csv
2026-05-18,210420,Gheorghe Claudiu Schinteie,1658,3,0.0,-17.0,ROU,24,atp_rankings_2026_05_18.csv
2026-05-18,213653,Benjamin Willwerth,1666,3,-2.0,-243.0,USA,,atp_rankings_2026_05_18.csv
2026-05-18,210205,Edoardo Zanada,1666,3,0.0,-16.0,ITA,25,atp_rankings_2026_05_18.csv
2026-05-18,210191,Gian Gruenig,1668,3,0.0,-11.0,SUI,26,atp_rankings_2026_05_18.csv
2026-05-18,148670,Karol Malirz,1668,3,1.0,156.0,POL,23,atp_rankings_2026_05_18.csv
2026-05-18,210229,Aleksa Pisaric,1668,3,0.0,-17.0,SRB,20,atp_rankings_2026_05_18.csv
2026-05-18,212498,Benoit Torcq,1668,3,0.0,-37.0,BEL,20,atp_rankings_2026_05_18.csv
2026-05-18,212806,Benjamin Gusic Wan,1672,3,0.0,-8.0,GBR,18,atp_rankings_2026_05_18.csv
2026-05-18,213930,Zangar Nurlanuly,1672,3,0.0,-17.0,KAZ,17,atp_rankings_2026_05_18.csv
2026-05-18,212310,Pepijn Bastiaansen,1674,3,0.0,-17.0,NED,20,atp_rankings_2026_05_18.csv
2026-05-18,213180,Leonardo Cattaneo,1674,3,-1.0,-139.0,ITA,20,atp_rankings_2026_05_18.csv
2026-05-18,213376,Jeffrey Fradkin,1674,3,1.0,175.0,USA,24,atp_rankings_2026_05_18.csv
2026-05-18,212981,Jonas Gundacker,1674,3,0.0,-17.0,AUT,23,atp_rankings_2026_05_18.csv
2026-05-18,212875,Zhengyu Sun,1674,3,0.0,-23.0,CHN,19,atp_rankings_2026_05_18.csv
2026-05-18,211454,Federico Valle,1674,3,0.0,-17.0,ITA,26,atp_rankings_2026_05_18.csv
2026-05-18,209267,Vesa Ahti,1680,3,1.0,173.0,FIN,26,atp_rankings_2026_05_18.csv
2026-05-18,149142,Tanguy Genier,1680,3,0.0,-13.0,SUI,28,atp_rankings_2026_05_18.csv
2026-05-18,144813,Benjamin Hannestad,1680,3,0.0,-13.0,DEN,29,atp_rankings_2026_05_18.csv
2026-05-18,213298,Carl Holder,1680,3,0.0,-29.0,FRA,19,atp_rankings_2026_05_18.csv
2026-05-18,209103,Haoyuan Huang,1680,3,0.0,-13.0,CHN,23,atp_rankings_2026_05_18.csv
2026-05-18,212932,Noah Karma,1680,3,0.0,-13.0,SUI,,atp_rankings_2026_05_18.csv
2026-05-18,211601,Alvaro Peiro Serrano,1680,3,0.0,-13.0,ESP,22,atp_rankings_2026_05_18.csv
2026-05-18,212289,Tom Sickenberger,1680,3,0.0,-23.0,GER,,atp_rankings_2026_05_18.csv
2026-05-18,213637,Daniel Domingos,1688,3,0.0,-24.0,AGO,,atp_rankings_2026_05_18.csv
2026-05-18,213791,Fumin Jiang,1689,3,1.0,168.0,CHN,,atp_rankings_2026_05_18.csv
2026-05-18,209346,Stijn Pel,1689,3,-1.0,-146.0,NED,24,atp_rankings_2026_05_18.csv
2026-05-18,213075,Alejandro Lopez Escribano,1691,3,0.0,-19.0,ESP,20,atp_rankings_2026_05_18.csv
2026-05-18,210032,Pierre Antoine Tailleu,1691,3,0.0,-18.0,FRA,22,atp_rankings_2026_05_18.csv
2026-05-18,209885,Gokberk Saritas,1693,3,0.0,-18.0,TUR,22,atp_rankings_2026_05_18.csv
2026-05-18,213037,Luis Garcia Paez,1694,3,1.0,170.0,ESP,20,atp_rankings_2026_05_18.csv
2026-05-18,124045,Lawrence Bataljin,1695,3,0.0,-18.0,AUS,29,atp_rankings_2026_05_18.csv
2026-05-18,211537,Alfred Almasi,1696,2,0.0,-18.0,SVK,,atp_rankings_2026_05_18.csv
2026-05-18,212678,David Bakonyi,1696,2,0.0,-18.0,HUN,19,atp_rankings_2026_05_18.csv
2026-05-18,213913,Casper Christensen,1696,2,0.0,-18.0,NOR,23,atp_rankings_2026_05_18.csv
2026-05-18,214331,Valentino Conte,1696,2,0.0,-18.0,ARG,21,atp_rankings_2026_05_18.csv
2026-05-18,213691,Connor Doig,1696,2,0.0,-18.0,RSA,,atp_rankings_2026_05_18.csv
2026-05-18,213552,Jagger Leach,1696,2,0.0,-18.0,USA,18,atp_rankings_2026_05_18.csv
2026-05-18,126630,Ivan Liutarevich,1696,2,0.0,-18.0,BLR,30,atp_rankings_2026_05_18.csv
2026-05-18,207505,Mario Mansilla Diez,1696,2,0.0,-18.0,ESP,24,atp_rankings_2026_05_18.csv
2026-05-18,211754,Pablo Manzano Lapuerta,1696,2,0.0,-18.0,ESP,,atp_rankings_2026_05_18.csv
2026-05-18,212916,Marko Milosavljevic,1696,2,0.0,-18.0,SRB,,atp_rankings_2026_05_18.csv
2026-05-18,214329,Diego Eduardo Munoz Navia,1696,2,0.0,-18.0,BOL,20,atp_rankings_2026_05_18.csv
2026-05-18,208254,Ignacio Novo,1696,2,0.0,-18.0,ARG,25,atp_rankings_2026_05_18.csv
2026-05-18,207547,Bruno Pujol Navarro,1696,2,0.0,-18.0,ESP,24,atp_rankings_2026_05_18.csv
2026-05-18,105578,Cristian Rodriguez,1696,2,0.0,-18.0,COL,35,atp_rankings_2026_05_18.csv
2026-05-18,213738,Jack Satterfield,1696,2,0.0,0.0,USA,,atp_rankings_2026_05_18.csv
2026-05-18,214327,Oliver Andre Solis Encinas,1696,2,0.0,-18.0,BOL,,atp_rankings_2026_05_18.csv
2026-05-18,127443,Andres Urrea,1696,2,,,COL,31,atp_rankings_2026_05_18.csv
2026-05-18,208874,Seita Watanabe,1696,2,0.0,-18.0,JPN,25,atp_rankings_2026_05_18.csv
2026-05-18,213523,Milan Welte,1696,2,0.0,-18.0,GER,24,atp_rankings_2026_05_18.csv
2026-05-18,214270,Tomas Zurmendi,1696,2,0.0,-18.0,URU,17,atp_rankings_2026_05_18.csv
2026-05-18,210504,Billy Blaydes,1716,2,0.0,-20.0,GBR,22,atp_rankings_2026_05_18.csv
2026-05-18,214125,Raffaele Ciurnelli,1716,2,,,ITA,18,atp_rankings_2026_05_18.csv
2026-05-18,212570,Nikita Filin,1716,2,0.0,-20.0,USA,20,atp_rankings_2026_05_18.csv
2026-05-18,214337,Eudald Gonzalez,1716,2,0.0,-20.0,ESP,18,atp_rankings_2026_05_18.csv
2026-05-18,212782,Saahith Jayaraman,1716,2,0.0,-20.0,USA,,atp_rankings_2026_05_18.csv
2026-05-18,109737,Markos Kalovelonis,1716,2,0.0,-20.0,GRE,32,atp_rankings_2026_05_18.csv
2026-05-18,214269,Marcel Latak,1716,2,0.0,-20.0,USA,17,atp_rankings_2026_05_18.csv
2026-05-18,211622,Loan Lestir,1716,2,0.0,-20.0,FRA,20,atp_rankings_2026_05_18.csv
2026-05-18,210102,Neo Niedner,1716,2,0.0,-20.0,GER,22,atp_rankings_2026_05_18.csv
2026-05-18,210376,Max  Sheldon,1716,2,0.0,-20.0,USA,23,atp_rankings_2026_05_18.csv
2026-05-18,214054,Baltazar Wiger Nordas,1716,2,0.0,-20.0,NOR,22,atp_rankings_2026_05_18.csv
2026-05-18,214138,Bastian Berenz,1727,2,0.0,-19.0,AUT,,atp_rankings_2026_05_18.csv
2026-05-18,123847,Bogdan Bobrov,1727,2,0.0,7.0,RUS,28,atp_rankings_2026_05_18.csv
2026-05-18,214292,Ignacio De Armas,1727,2,0.0,-19.0,VEN,17,atp_rankings_2026_05_18.csv
2026-05-18,209294,Diego Duran,1727,2,0.0,-19.0,ESA,,atp_rankings_2026_05_18.csv
2026-05-18,213263,Christoph Gayk,1727,2,0.0,-19.0,GER,20,atp_rankings_2026_05_18.csv
2026-05-18,210188,Petar Jovanovic,1727,2,0.0,-19.0,MNE,22,atp_rankings_2026_05_18.csv
2026-05-18,212139,Vit Kalina,1727,2,0.0,-19.0,CZE,20,atp_rankings_2026_05_18.csv
2026-05-18,213601,Pranav Karthik,1727,2,1.0,138.0,IND,,atp_rankings_2026_05_18.csv
2026-05-18,214276,Min Ho Ko,1727,2,0.0,-19.0,KOR,18,atp_rankings_2026_05_18.csv
2026-05-18,212023,Oscar Lacides,1727,2,0.0,-19.0,GUD,21,atp_rankings_2026_05_18.csv
2026-05-18,207431,Lewie Lane,1727,2,0.0,7.0,GER,25,atp_rankings_2026_05_18.csv
2026-05-18,105011,Illya Marchenko,1727,2,0.0,-19.0,UKR,38,atp_rankings_2026_05_18.csv
2026-05-18,207587,Martins Rocens,1727,2,0.0,7.0,LAT,26,atp_rankings_2026_05_18.csv
2026-05-18,213651,Agustin Salazar Salazar,1727,2,1.0,138.0,MEX,22,atp_rankings_2026_05_18.csv
2026-05-18,106138,Yaraslav Shyla,1727,2,0.0,-19.0,BLR,33,atp_rankings_2026_05_18.csv
2026-05-18,213999,Leon Sloboda,1727,2,0.0,-19.0,SVK,,atp_rankings_2026_05_18.csv
2026-05-18,212099,Benjamin Vitter,1727,2,0.0,-19.0,FRA,23,atp_rankings_2026_05_18.csv
2026-05-18,208589,Nikita Volonski,1727,2,0.0,-19.0,AUS,24,atp_rankings_2026_05_18.csv
2026-05-18,211741,Anthony Wright,1727,2,0.0,-19.0,GBR,21,atp_rankings_2026_05_18.csv
2026-05-18,209206,Antonio Caruso,1746,2,0.0,-23.0,ITA,26,atp_rankings_2026_05_18.csv
2026-05-18,208821,Ondrej Horak,1746,2,0.0,-23.0,CZE,23,atp_rankings_2026_05_18.csv
2026-05-18,207370,Ryusuke Horiuchi,1746,2,0.0,-23.0,JPN,27,atp_rankings_2026_05_18.csv
2026-05-18,213367,Emiliano Jorquera,1746,2,0.0,-23.0,CAN,22,atp_rankings_2026_05_18.csv
2026-05-18,213213,Hyu Kawanishi,1746,2,0.0,-23.0,JPN,,atp_rankings_2026_05_18.csv
2026-05-18,144896,Hao Sheng Koay,1746,2,0.0,-23.0,MAS,27,atp_rankings_2026_05_18.csv
2026-05-18,207616,Oscar Moraing,1746,2,0.0,6.0,GER,26,atp_rankings_2026_05_18.csv
2026-05-18,122649,Photos Photiades,1746,2,0.0,-23.0,CYP,22,atp_rankings_2026_05_18.csv
2026-05-18,213274,Eli Stephenson,1746,2,0.0,-23.0,USA,21,atp_rankings_2026_05_18.csv
2026-05-18,211333,Vito Tonejc,1746,2,0.0,-50.0,CRO,26,atp_rankings_2026_05_18.csv
2026-05-18,206888,Zhao Zhao,1746,2,,,CHN,26,atp_rankings_2026_05_18.csv
2026-05-18,212883,Andres Delgadillo,1757,2,0.0,-23.0,MEX,,atp_rankings_2026_05_18.csv
2026-05-18,211634,Tobia Grandinetti,1757,2,0.0,-23.0,ARG,22,atp_rankings_2026_05_18.csv
2026-05-18,212669,Botond Kisantal,1757,2,0.0,-23.0,HUN,20,atp_rankings_2026_05_18.csv
2026-05-18,212476,Noritaka Koizumi,1757,2,0.0,-23.0,JPN,22,atp_rankings_2026_05_18.csv
2026-05-18,214265,Jordan Lee,1757,2,1.0,197.0,USA,16,atp_rankings_2026_05_18.csv
2026-05-18,116985,Petr Michnev,1757,2,0.0,-23.0,CZE,36,atp_rankings_2026_05_18.csv
2026-05-18,211587,Diogo Morais,1757,2,0.0,-23.0,POR,21,atp_rankings_2026_05_18.csv
2026-05-18,210081,Viacheslav Ovchinnikov,1757,2,0.0,-23.0,RUS,23,atp_rankings_2026_05_18.csv
2026-05-18,213964,Bengt Johan Reinhard,1757,2,0.0,-23.0,GER,19,atp_rankings_2026_05_18.csv
2026-05-18,104908,Mikal Oliver Statham,1757,2,0.0,-23.0,NZL,39,atp_rankings_2026_05_18.csv
2026-05-18,213907,Christian Wedel,1757,2,0.0,-23.0,GER,,atp_rankings_2026_05_18.csv
2026-05-18,210631,Linus Lagerbohm,1768,2,0.0,-45.0,FIN,18,atp_rankings_2026_05_18.csv
2026-05-18,213873,Benjamin Perez,1768,2,0.0,-16.0,CHI,18,atp_rankings_2026_05_18.csv
2026-05-18,209982,Konstantin Zhzhenov,1768,2,0.0,10.0,RUS,22,atp_rankings_2026_05_18.csv
2026-05-18,212462,Evan Burnett,1771,2,0.0,-16.0,USA,20,atp_rankings_2026_05_18.csv
2026-05-18,,Hugo Cardinaud,1771,2,0.0,-16.0,,,atp_rankings_2026_05_18.csv
2026-05-18,214377,Tito Chavez,1771,2,0.0,-37.0,ESP,18,atp_rankings_2026_05_18.csv
2026-05-18,212129,Mariano Dedura Palomero,1771,2,0.0,-16.0,GER,20,atp_rankings_2026_05_18.csv
2026-05-18,212929,Nikola Djukic Valera,1771,2,0.0,-16.0,ESP,,atp_rankings_2026_05_18.csv
2026-05-18,200622,Hernando Jose Escurra Isnardi,1771,2,0.0,-16.0,PAR,28,atp_rankings_2026_05_18.csv
2026-05-18,212150,Oskar Jansson,1771,2,0.0,-16.0,SWE,21,atp_rankings_2026_05_18.csv
2026-05-18,207256,Admir Kalender,1771,2,0.0,-16.0,CRO,25,atp_rankings_2026_05_18.csv
2026-05-18,210248,Jakub Kroslak,1771,2,0.0,-16.0,SVK,22,atp_rankings_2026_05_18.csv
2026-05-18,212851,Espen Lagarde,1771,2,0.0,-16.0,FRA,24,atp_rankings_2026_05_18.csv
2026-05-18,214436,Simone Massellani,1771,2,0.0,-16.0,ITA,18,atp_rankings_2026_05_18.csv
2026-05-18,134113,Cing Yang Meng,1771,2,0.0,-16.0,TPE,27,atp_rankings_2026_05_18.csv
2026-05-18,210060,Aleksandar Mihailovic,1771,2,0.0,-16.0,SRB,23,atp_rankings_2026_05_18.csv
2026-05-18,207972,Minjong Park,1771,2,0.0,-16.0,KOR,24,atp_rankings_2026_05_18.csv
2026-05-18,214261,Lautaro Rocha,1771,2,1.0,288.0,ARG,19,atp_rankings_2026_05_18.csv
2026-05-18,210170,Noah Schlagenhauf,1771,2,0.0,-16.0,GER,23,atp_rankings_2026_05_18.csv
2026-05-18,213173,Nicola Senn,1771,2,0.0,-16.0,SUI,,atp_rankings_2026_05_18.csv
2026-05-18,212092,Yu Tanaka,1771,2,0.0,-16.0,JPN,22,atp_rankings_2026_05_18.csv
2026-05-18,207586,Justas Trainauskas,1771,2,0.0,-16.0,LTU,24,atp_rankings_2026_05_18.csv
2026-05-18,200205,Valentin Vanta,1771,2,0.0,-16.0,ROU,28,atp_rankings_2026_05_18.csv
2026-05-18,213955,Santiago Pesino,1791,2,0.0,-68.0,ARG,19,atp_rankings_2026_05_18.csv
2026-05-18,210101,Simone Agostini,1792,2,0.0,11.0,ITA,29,atp_rankings_2026_05_18.csv
2026-05-18,214198,Daniel Aleksandar Amarandei,1792,2,0.0,-13.0,ITA,18,atp_rankings_2026_05_18.csv
2026-05-18,213278,Leonardo Angeloni,1792,2,0.0,-13.0,ITA,21,atp_rankings_2026_05_18.csv
2026-05-18,214317,Giovanni Ciocca,1792,2,,,ITA,19,atp_rankings_2026_05_18.csv
2026-05-18,214209,Lenny Couturier,1792,2,0.0,-37.0,FRA,17,atp_rankings_2026_05_18.csv
2026-05-18,212876,Pedro Andre De Almeida Santos,1792,2,0.0,-13.0,BRA,21,atp_rankings_2026_05_18.csv
2026-05-18,210403,Ivan Dreycopp,1792,2,0.0,-13.0,ARG,22,atp_rankings_2026_05_18.csv
2026-05-18,210729,Hamza El Amine,1792,2,0.0,-13.0,MAR,22,atp_rankings_2026_05_18.csv
2026-05-18,212720,Juan Carlos Fuentes Vasquez,1792,2,0.0,-13.0,ESA,20,atp_rankings_2026_05_18.csv
2026-05-18,149104,Patrik Homola,1792,2,0.0,-13.0,CZE,22,atp_rankings_2026_05_18.csv
2026-05-18,211787,Matteo Lavizzari,1792,2,0.0,-13.0,SUI,21,atp_rankings_2026_05_18.csv
2026-05-18,211701,Jules Leroux,1792,2,0.0,-13.0,FRA,20,atp_rankings_2026_05_18.csv
2026-05-18,208841,Zekai Li,1792,2,-1.0,-161.0,CHN,26,atp_rankings_2026_05_18.csv
2026-05-18,208933,Dian Nedev,1792,2,-2.0,-305.0,BUL,25,atp_rankings_2026_05_18.csv
2026-05-18,213287,Diego Ortiz Gamonsl,1792,2,0.0,-13.0,CHI,22,atp_rankings_2026_05_18.csv
2026-05-18,212923,Hugo Ouzilou,1792,2,0.0,-13.0,SUI,22,atp_rankings_2026_05_18.csv
2026-05-18,212953,Ilija Palavestra,1792,2,0.0,-13.0,USA,,atp_rankings_2026_05_18.csv
2026-05-18,122536,Juan Pablo Paz,1792,2,0.0,-13.0,ARG,31,atp_rankings_2026_05_18.csv
2026-05-18,210114,Julien Penzlin,1792,2,0.0,-13.0,GER,23,atp_rankings_2026_05_18.csv
2026-05-18,214266,Stefan Ilie Bogdan Petre,1792,2,0.0,-13.0,ROU,18,atp_rankings_2026_05_18.csv
2026-05-18,213186,David Petrovic,1792,2,0.0,-13.0,GER,21,atp_rankings_2026_05_18.csv
2026-05-18,207958,Roman Postolka,1792,2,0.0,-13.0,CZE,27,atp_rankings_2026_05_18.csv
2026-05-18,212196,Yua Taka,1792,2,0.0,-37.0,JPN,,atp_rankings_2026_05_18.csv
2026-05-18,209870,Gunawan Trismuwantara,1792,2,0.0,-13.0,INA,23,atp_rankings_2026_05_18.csv
2026-05-18,210704,Kian Vakili,1792,2,0.0,-37.0,USA,22,atp_rankings_2026_05_18.csv
2026-05-18,209199,Ilias Zimmermann,1792,2,0.0,-13.0,SUI,,atp_rankings_2026_05_18.csv
2026-05-18,213584,Artem Bogomolov,1818,2,-1.0,-210.0,RUS,,atp_rankings_2026_05_18.csv
2026-05-18,209035,Mikel Martinez,1818,2,0.0,-18.0,ESP,25,atp_rankings_2026_05_18.csv
2026-05-18,212951,Mak Mikovic,1818,2,0.0,-18.0,SLO,20,atp_rankings_2026_05_18.csv
2026-05-18,208315,Javier Molino,1818,2,0.0,-18.0,ESP,25,atp_rankings_2026_05_18.csv
2026-05-18,208154,Laurin Aerne,1822,2,0.0,-19.0,SUI,27,atp_rankings_2026_05_18.csv
2026-05-18,212473,Miles Clark,1822,2,0.0,-19.0,USA,,atp_rankings_2026_05_18.csv
2026-05-18,213885,Nav Dayal,1822,2,0.0,-19.0,USA,,atp_rankings_2026_05_18.csv
2026-05-18,210396,Dmitry Dolzhenkov,1822,2,0.0,-19.0,RUS,21,atp_rankings_2026_05_18.csv
2026-05-18,210092,Filiberto Fumagalli,1822,2,0.0,-19.0,ITA,23,atp_rankings_2026_05_18.csv
2026-05-18,212798,Shanker Heisnam,1822,2,0.0,-43.0,IND,,atp_rankings_2026_05_18.csv
2026-05-18,212232,Yeonsu Jeong,1822,2,0.0,-19.0,KOR,,atp_rankings_2026_05_18.csv
2026-05-18,213185,Makar Krivoshchekov,1822,2,0.0,-19.0,RUS,20,atp_rankings_2026_05_18.csv
2026-05-18,214082,Justin Lenders,1822,2,0.0,-19.0,SUI,,atp_rankings_2026_05_18.csv
2026-05-18,213810,Alex Santino Nunez Vera,1822,2,0.0,-19.0,PAR,18,atp_rankings_2026_05_18.csv
2026-05-18,213979,Kunanan Pantaratorn,1822,2,0.0,-19.0,THA,17,atp_rankings_2026_05_18.csv
2026-05-18,213716,Yoshka Sborowsky,1822,2,0.0,-19.0,FRA,,atp_rankings_2026_05_18.csv
2026-05-18,213135,Ruslan Serazhetdinov,1822,2,0.0,-19.0,RUS,21,atp_rankings_2026_05_18.csv
2026-05-18,200479,Luke Simkiss,1822,2,0.0,-19.0,GBR,27,atp_rankings_2026_05_18.csv
2026-05-18,138467,Marvin Bernardo Becker Spiering,1822,2,0.0,-19.0,BRA,28,atp_rankings_2026_05_18.csv
2026-05-18,202357,Bang Shuo Yin,1822,2,0.0,-19.0,TPE,27,atp_rankings_2026_05_18.csv
2026-05-18,208542,Linghao Zhang,1822,2,0.0,2.0,CHN,23,atp_rankings_2026_05_18.csv
2026-05-18,212103,Zhan Zheng,1822,2,0.0,2.0,CHN,23,atp_rankings_2026_05_18.csv
2026-05-18,209946,Maikel De Boes,1840,2,0.0,-20.0,BEL,24,atp_rankings_2026_05_18.csv
2026-05-18,209238,Sebastian Dominguez,1840,2,0.0,-20.0,GUA,23,atp_rankings_2026_05_18.csv
2026-05-18,210315,Pietro Pampanin,1840,2,0.0,-20.0,ITA,23,atp_rankings_2026_05_18.csv
2026-05-18,105029,Sergey Betov,1843,2,0.0,-19.0,BLR,38,atp_rankings_2026_05_18.csv
2026-05-18,211457,Sven Corbinais,1843,2,0.0,-19.0,FRA,23,atp_rankings_2026_05_18.csv
2026-05-18,210454,Jesse De Jager,1843,2,0.0,-19.0,NED,24,atp_rankings_2026_05_18.csv
2026-05-18,212529,Alex Finkelstein,1843,2,0.0,-19.0,USA,23,atp_rankings_2026_05_18.csv
2026-05-18,214139,Nicola Ion,1843,2,0.0,-40.0,CAN,,atp_rankings_2026_05_18.csv
2026-05-18,124074,Kazuma Kawachi,1843,2,0.0,0.0,JPN,31,atp_rankings_2026_05_18.csv
2026-05-18,214111,Tomas Jordi Leston,1843,2,0.0,-19.0,ARG,,atp_rankings_2026_05_18.csv
2026-05-18,213931,Jun Hao Luo,1843,2,0.0,-19.0,CHN,18,atp_rankings_2026_05_18.csv
2026-05-18,210341,Ajay Malik,1843,2,0.0,-19.0,IND,23,atp_rankings_2026_05_18.csv
2026-05-18,210204,Drazen Petrovic,1843,2,0.0,-19.0,BIH,23,atp_rankings_2026_05_18.csv
2026-05-18,210287,Noah Regas Luis,1843,2,0.0,-19.0,ESP,22,atp_rankings_2026_05_18.csv
2026-05-18,213777,Savva Rybkin,1843,2,0.0,0.0,RUS,,atp_rankings_2026_05_18.csv
2026-05-18,210331,Alessandro Spadola,1843,2,0.0,-19.0,ITA,23,atp_rankings_2026_05_18.csv
2026-05-18,212294,Matei Todoran,1843,2,0.0,-19.0,ROU,,atp_rankings_2026_05_18.csv
2026-05-18,210666,Ha Minh Duc Vu,1843,2,0.0,-19.0,VIE,23,atp_rankings_2026_05_18.csv
2026-05-18,212890,Caheer Warik,1843,2,0.0,-19.0,IND,,atp_rankings_2026_05_18.csv
2026-05-18,214037,Jan Wygona,1843,2,0.0,-19.0,POL,,atp_rankings_2026_05_18.csv
2026-05-18,209847,Dorian Tremblay,1860,2,0.0,-18.0,FRA,24,atp_rankings_2026_05_18.csv
2026-05-18,208853,Adrien Burdet,1861,2,1.0,345.0,SUI,24,atp_rankings_2026_05_18.csv
2026-05-18,206827,Alan Sau Franco,1861,2,-1.0,-220.0,MEX,25,atp_rankings_2026_05_18.csv
2026-05-18,213588,Esteban Talavera Cortes,1861,2,0.0,-37.0,ESP,,atp_rankings_2026_05_18.csv
2026-05-18,210110,Alessandro Bellifemine,1864,2,0.0,-12.0,ITA,24,atp_rankings_2026_05_18.csv
2026-05-18,213121,Lars Goran Verwerft,1864,2,0.0,-16.0,BEL,22,atp_rankings_2026_05_18.csv
2026-05-18,212724,Anas Bennour Dit Sahli,1866,2,0.0,-17.0,TUN,19,atp_rankings_2026_05_18.csv
2026-05-18,,Alvaro Jimenez,1866,2,0.0,-23.0,,,atp_rankings_2026_05_18.csv
2026-05-18,210670,Sasa Markovic,1866,2,0.0,-17.0,SRB,20,atp_rankings_2026_05_18.csv
2026-05-18,206739,Essa Qabazard,1866,2,1.0,352.0,KUW,24,atp_rankings_2026_05_18.csv
2026-05-18,212919,Ivan Biletic,1870,2,0.0,-17.0,BIH,19,atp_rankings_2026_05_18.csv
2026-05-18,210068,Lorenzo Ferri,1870,2,1.0,348.0,ITA,22,atp_rankings_2026_05_18.csv
2026-05-18,211600,Carlos Giraldi,1870,2,1.0,359.0,ESP,21,atp_rankings_2026_05_18.csv
2026-05-18,213024,Ivan Iutkin,1870,2,1.0,348.0,RUS,19,atp_rankings_2026_05_18.csv
2026-05-18,213774,Dmitry Kopilevich,1870,2,0.0,-17.0,SLO,19,atp_rankings_2026_05_18.csv
2026-05-18,213373,William Nolan,1870,2,0.0,-27.0,GBR,23,atp_rankings_2026_05_18.csv
2026-05-18,207367,Bora Sengul,1870,2,-1.0,-213.0,TUR,24,atp_rankings_2026_05_18.csv
2026-05-18,212094,Liam Delicata,1877,2,1.0,350.0,MLT,25,atp_rankings_2026_05_18.csv
2026-05-18,210103,Luca Parenti,1877,2,0.0,-20.0,ITA,22,atp_rankings_2026_05_18.csv
2026-05-18,213819,Andrei Kunitsyn,1879,2,-1.0,-215.0,RUS,21,atp_rankings_2026_05_18.csv
2026-05-18,,Ignasi Forcano Aparicio,1880,2,0.0,-19.0,,,atp_rankings_2026_05_18.csv
2026-05-18,200045,Anthony Susanto,1880,2,0.0,-19.0,INA,28,atp_rankings_2026_05_18.csv
2026-05-18,207463,Sheng Tang,1880,2,0.0,-19.0,CHN,26,atp_rankings_2026_05_18.csv
2026-05-18,213378,Adam Farag Cao,1883,2,1.0,350.0,CAN,18,atp_rankings_2026_05_18.csv
2026-05-18,214385,Motoharu Abe,1884,1,0.0,-19.0,JPN,17,atp_rankings_2026_05_18.csv
2026-05-18,124126,Sarp Agabigun,1884,1,0.0,-19.0,TUR,28,atp_rankings_2026_05_18.csv
2026-05-18,213849,Artur Aiukhanov,1884,1,0.0,-19.0,RUS,20,atp_rankings_2026_05_18.csv
2026-05-18,120792,M Abid Ali Khan Akbar,1884,1,,,PAK,35,atp_rankings_2026_05_18.csv
2026-05-18,105618,Juan Samuel Arauzo Martinez,1884,1,0.0,-19.0,ESP,35,atp_rankings_2026_05_18.csv
2026-05-18,211458,Nathan Anthony Barki,1884,1,0.0,-19.0,INA,21,atp_rankings_2026_05_18.csv
2026-05-18,214283,Juan Ignacio Barraza,1884,1,0.0,-19.0,ARG,25,atp_rankings_2026_05_18.csv
2026-05-18,213966,Jerry Barton,1884,1,0.0,-19.0,USA,22,atp_rankings_2026_05_18.csv
2026-05-18,212712,Alexis Berquier,1884,1,0.0,-19.0,FRA,,atp_rankings_2026_05_18.csv
2026-05-18,209093,Juliusz Bienkiewicz,1884,1,0.0,-19.0,POL,,atp_rankings_2026_05_18.csv
2026-05-18,213942,Tighe Brunetti,1884,1,0.0,-19.0,USA,22,atp_rankings_2026_05_18.csv
2026-05-18,132456,Vasilios Caripi,1884,1,0.0,-19.0,RSA,34,atp_rankings_2026_05_18.csv
2026-05-18,209991,Hanamichi Carvajal,1884,1,0.0,-19.0,CHI,24,atp_rankings_2026_05_18.csv
2026-05-18,212517,Marcos Castro Fabra,1884,1,0.0,-19.0,ESP,19,atp_rankings_2026_05_18.csv
2026-05-18,213115,Elijah Cham,1884,1,0.0,-19.0,AUS,,atp_rankings_2026_05_18.csv
2026-05-18,210308,Stylianos Christodoulou,1884,1,0.0,70.0,CYP,21,atp_rankings_2026_05_18.csv
2026-05-18,211730,Sandesh Dattatray Kurale,1884,1,0.0,-19.0,IND,,atp_rankings_2026_05_18.csv
2026-05-18,214218,Malanqi Du,1884,1,0.0,-19.0,CHN,23,atp_rankings_2026_05_18.csv
2026-05-18,214308,Tomas Dummer Macedo,1884,1,0.0,-19.0,BRA,17,atp_rankings_2026_05_18.csv
2026-05-18,211685,Birtan Duran,1884,1,0.0,-19.0,TUR,21,atp_rankings_2026_05_18.csv
2026-05-18,214353,Gian Durrer,1884,1,0.0,-19.0,SUI,21,atp_rankings_2026_05_18.csv
2026-05-18,105273,Mauricio Echazu,1884,1,,,PER,37,atp_rankings_2026_05_18.csv
2026-05-18,210035,Karim El Feky,1884,1,0.0,-19.0,EGY,24,atp_rankings_2026_05_18.csv
2026-05-18,212072,Samyar Elyasi,1884,1,0.0,-19.0,IRI,21,atp_rankings_2026_05_18.csv
2026-05-18,214472,Finn Emslie Robson,1884,1,0.0,-19.0,NZL,21,atp_rankings_2026_05_18.csv
2026-05-18,213671,Roberto Ferrer Guimaraes,1884,1,0.0,-19.0,USA,,atp_rankings_2026_05_18.csv
2026-05-18,213904,Xavier Ferrer Mateo,1884,1,0.0,-19.0,ESP,20,atp_rankings_2026_05_18.csv
2026-05-18,214248,Oriol Font,1884,1,0.0,-19.0,ESP,20,atp_rankings_2026_05_18.csv
2026-05-18,214502,Kanta Kujisaki,1884,1,0.0,-19.0,JPN,19,atp_rankings_2026_05_18.csv
2026-05-18,214312,Rafael Augusto Garcia Finetto,1884,1,0.0,-19.0,BRA,18,atp_rankings_2026_05_18.csv
2026-05-18,214310,Pietro Gava,1884,1,0.0,-19.0,BRA,16,atp_rankings_2026_05_18.csv
2026-05-18,206625,Daniil Golubev,1884,1,0.0,-19.0,RUS,24,atp_rankings_2026_05_18.csv
2026-05-18,213868,Maxim Groysman,1884,1,0.0,-19.0,USA,,atp_rankings_2026_05_18.csv
2026-05-18,213028,Kornel Halmos,1884,1,0.0,-19.0,HUN,20,atp_rankings_2026_05_18.csv
2026-05-18,214467,Zac Hamill,1884,1,0.0,-19.0,AUS,20,atp_rankings_2026_05_18.csv
2026-05-18,213142,Bryan Hernandez Cortes,1884,1,0.0,-19.0,ESP,20,atp_rankings_2026_05_18.csv
2026-05-18,213342,David Jeanne Grandinot,1884,1,0.0,-19.0,FRA,23,atp_rankings_2026_05_18.csv
2026-05-18,202155,Yeongseok Jeong,1884,1,-1.0,-150.0,KOR,26,atp_rankings_2026_05_18.csv
2026-05-18,212758,Jarrod Joyce,1884,1,0.0,-19.0,AUS,19,atp_rankings_2026_05_18.csv
2026-05-18,127195,Hamza Karmoussi,1884,1,0.0,-19.0,MAR,,atp_rankings_2026_05_18.csv
2026-05-18,208397,Barkat Khan,1884,1,,,PAK,28,atp_rankings_2026_05_18.csv
2026-05-18,211608,Nicolas Kobelt,1884,1,0.0,-19.0,SUI,21,atp_rankings_2026_05_18.csv
2026-05-18,212521,Thomas Kostka,1884,1,0.0,-19.0,FRA,23,atp_rankings_2026_05_18.csv
2026-05-18,214333,Woong Bi Lee,1884,1,0.0,-19.0,KOR,21,atp_rankings_2026_05_18.csv
2026-05-18,214233,Woong Chan Lee,1884,1,0.0,-19.0,KOR,17,atp_rankings_2026_05_18.csv
2026-05-18,214455,Liangxuan Lu,1884,1,0.0,-19.0,CHN,16,atp_rankings_2026_05_18.csv
2026-05-18,214294,Augusto Mateo Lucarelli,1884,1,0.0,-19.0,ARG,19,atp_rankings_2026_05_18.csv
2026-05-18,148678,Cyrus Mahjoob,1884,1,0.0,-19.0,USA,20,atp_rankings_2026_05_18.csv
2026-05-18,214251,Noah Martens,1884,1,0.0,-19.0,BEL,24,atp_rankings_2026_05_18.csv
2026-05-18,214099,Kaspar Mathes,1884,1,0.0,-19.0,GER,,atp_rankings_2026_05_18.csv
2026-05-18,204737,Alejandro Moreno,1884,1,0.0,-19.0,MEX,36,atp_rankings_2026_05_18.csv
2026-05-18,214306,Juan Francisco Munoz,1884,1,0.0,-19.0,MEX,18,atp_rankings_2026_05_18.csv
2026-05-18,149283,Freddy Murray,1884,1,0.0,-19.0,IRL,22,atp_rankings_2026_05_18.csv
2026-05-18,208718,Mason Naumovski,1884,1,0.0,-19.0,AUS,25,atp_rankings_2026_05_18.csv
2026-05-18,214100,Niklas Niggemann,1884,1,0.0,-19.0,GER,23,atp_rankings_2026_05_18.csv
2026-05-18,213934,Ricard Novell,1884,1,0.0,-19.0,ESP,,atp_rankings_2026_05_18.csv
2026-05-18,210133,Valdemar Frederik Pape,1884,1,0.0,-19.0,DEN,22,atp_rankings_2026_05_18.csv
2026-05-18,123896,Matija Pecotic,1884,1,0.0,-19.0,CRO,36,atp_rankings_2026_05_18.csv
2026-05-18,214254,Roberto Perez Socas,1884,1,0.0,-19.0,ESP,18,atp_rankings_2026_05_18.csv
2026-05-18,209865,Peter Benjamin Privara,1884,1,0.0,-19.0,SVK,21,atp_rankings_2026_05_18.csv
2026-05-18,214426,Felix Raser,1884,1,0.0,-19.0,AUT,16,atp_rankings_2026_05_18.csv
2026-05-18,214160,Henry Ren,1884,1,0.0,-19.0,CAN,22,atp_rankings_2026_05_18.csv
2026-05-18,200100,Tomas Rengel Sierra,1884,1,0.0,-19.0,ARG,29,atp_rankings_2026_05_18.csv
2026-05-18,209880,Carl Roothman,1884,1,0.0,-19.0,RSA,23,atp_rankings_2026_05_18.csv
2026-05-18,213837,Agassi Rusher,1884,1,0.0,-19.0,USA,,atp_rankings_2026_05_18.csv
2026-05-18,134423,Leevi Saatela,1884,1,0.0,-19.0,FIN,30,atp_rankings_2026_05_18.csv
2026-05-18,105633,Mohamed Safwat,1884,1,0.0,-19.0,EGY,35,atp_rankings_2026_05_18.csv
2026-05-18,105816,Batyr Sapaev,1884,1,0.0,-19.0,UZB,34,atp_rankings_2026_05_18.csv
2026-05-18,214024,Djordje Sapic,1884,1,0.0,-19.0,SRB,,atp_rankings_2026_05_18.csv
2026-05-18,214271,Mauricio Schtulmann Gasca,1884,1,0.0,-19.0,MEX,17,atp_rankings_2026_05_18.csv
2026-05-18,209948,Jan Sebesta,1884,1,0.0,-19.0,SUI,23,atp_rankings_2026_05_18.csv
2026-05-18,213761,Jack Secord,1884,1,0.0,-19.0,USA,,atp_rankings_2026_05_18.csv
2026-05-18,214372,Rajat Shirur,1884,1,0.0,-19.0,USA,18,atp_rankings_2026_05_18.csv
2026-05-18,211630,Jan Simonsson,1884,1,,,SWE,22,atp_rankings_2026_05_18.csv
2026-05-18,214531,Oliwier Sterniczuk,1884,1,,,POL,18,atp_rankings_2026_05_18.csv
2026-05-18,210162,Harry Thursfield,1884,1,0.0,-19.0,GBR,25,atp_rankings_2026_05_18.csv
2026-05-18,208329,Maximilian Todorov,1884,1,0.0,-19.0,GER,26,atp_rankings_2026_05_18.csv
2026-05-18,214045,Ryan Torres,1884,1,0.0,-19.0,PHI,,atp_rankings_2026_05_18.csv
2026-05-18,214508,Mikhail Tsapenko,1884,1,0.0,-19.0,RUS,18,atp_rankings_2026_05_18.csv
2026-05-18,214077,Vaal Urankar,1884,1,0.0,-19.0,SLO,20,atp_rankings_2026_05_18.csv
2026-05-18,210356,Andres Urquiola Montellano,1884,1,0.0,-19.0,BOL,22,atp_rankings_2026_05_18.csv
2026-05-18,214458,Adria Velazquez Farre,1884,1,0.0,-19.0,ESP,16,atp_rankings_2026_05_18.csv
2026-05-18,125804,Brandon Walkin,1884,1,0.0,-19.0,GBR,31,atp_rankings_2026_05_18.csv
2026-05-18,213937,Dawid Wisniewski,1884,1,0.0,-19.0,POL,,atp_rankings_2026_05_18.csv
2026-05-18,214509,Natsuki Yamamoto,1884,1,0.0,-19.0,JPN,20,atp_rankings_2026_05_18.csv
2026-05-18,127894,Yusuke Yoshikawa,1884,1,0.0,-19.0,JPN,32,atp_rankings_2026_05_18.csv
2026-05-18,214132,William Zhang,1884,1,0.0,-19.0,USA,,atp_rankings_2026_05_18.csv
2026-05-18,214010,Shixun Zhu,1884,1,0.0,-19.0,CHN,,atp_rankings_2026_05_18.csv
2026-05-18,214285,Daniel Adeleye,1972,1,0.0,-18.0,NGR,20,atp_rankings_2026_05_18.csv
2026-05-18,126732,Eric Ahren Moonga,1972,1,0.0,-18.0,SWE,30,atp_rankings_2026_05_18.csv
2026-05-18,206738,Bader Alabdullah,1972,1,0.0,-18.0,KUW,24,atp_rankings_2026_05_18.csv
2026-05-18,212493,Ramiro Amarilla,1972,1,0.0,-18.0,ARG,24,atp_rankings_2026_05_18.csv
2026-05-18,144727,Joao Antonio,1972,1,0.0,-18.0,POR,27,atp_rankings_2026_05_18.csv
2026-05-18,149100,Romeo Arcuschin,1972,1,0.0,-18.0,ARG,,atp_rankings_2026_05_18.csv
2026-05-18,214008,David Asenov,1972,1,0.0,-18.0,CAN,,atp_rankings_2026_05_18.csv
2026-05-18,212123,Sergio Badini,1972,1,0.0,-18.0,ITA,21,atp_rankings_2026_05_18.csv
2026-05-18,213950,Nicolas Baena,1972,1,0.0,-18.0,PER,18,atp_rankings_2026_05_18.csv
2026-05-18,214232,Lorenzo Balducci,1972,1,0.0,-18.0,ITA,18,atp_rankings_2026_05_18.csv
2026-05-18,214211,Arian Barbic,1972,1,0.0,-18.0,GER,17,atp_rankings_2026_05_18.csv
2026-05-18,211640,Victor Barrere,1972,1,0.0,-18.0,FRA,,atp_rankings_2026_05_18.csv
2026-05-18,211396,Vladimir Bazilevskiy,1972,1,-1.0,-238.0,ISR,20,atp_rankings_2026_05_18.csv
2026-05-18,213663,Maximilian Borisov,1972,1,0.0,-18.0,BUL,,atp_rankings_2026_05_18.csv
2026-05-18,210440,Federico Bove,1972,1,0.0,-18.0,ITA,27,atp_rankings_2026_05_18.csv
2026-05-18,212668,Tyler Bowers,1972,1,0.0,-18.0,USA,23,atp_rankings_2026_05_18.csv
2026-05-18,210434,Charlie Camus,1972,1,0.0,151.0,FRA,19,atp_rankings_2026_05_18.csv
2026-05-18,214301,Matthew Carroll,1972,1,0.0,-107.0,GBR,,atp_rankings_2026_05_18.csv
2026-05-18,213711,Dario Alexandru Ciobotaru,1972,1,0.0,-18.0,ROU,,atp_rankings_2026_05_18.csv
2026-05-18,208672,Jose Luis Claro,1972,1,0.0,-18.0,PER,22,atp_rankings_2026_05_18.csv
2026-05-18,214241,Sasha Colleu,1972,1,0.0,-18.0,FRA,,atp_rankings_2026_05_18.csv
2026-05-18,213736,Martin Doskocil,1972,1,0.0,-18.0,CZE,,atp_rankings_2026_05_18.csv
2026-05-18,127140,Alessandro Dragoni,1972,1,0.0,-18.0,ITA,28,atp_rankings_2026_05_18.csv
2026-05-18,211402,Mikhail Dubrouski,1972,1,0.0,-18.0,BLR,,atp_rankings_2026_05_18.csv
2026-05-18,210260,Gabriel Elicha Navas,1972,1,0.0,-18.0,ESP,23,atp_rankings_2026_05_18.csv
2026-05-18,214131,Edward Etty,1972,1,0.0,-18.0,NED,24,atp_rankings_2026_05_18.csv
2026-05-18,214133,Wen Bo Fan,1972,1,0.0,-18.0,CHN,18,atp_rankings_2026_05_18.csv
2026-05-18,211353,Thomas Nicholas Gadecki,1972,1,0.0,-18.0,AUS,20,atp_rankings_2026_05_18.csv
2026-05-18,202307,Alejandro Garcia,1972,1,0.0,-18.0,ESP,24,atp_rankings_2026_05_18.csv
2026-05-18,212996,Iker Gaztambide Arrastia,1972,1,0.0,-18.0,ESP,22,atp_rankings_2026_05_18.csv
2026-05-18,213767,Alexander Glomb,1972,1,0.0,-18.0,GER,,atp_rankings_2026_05_18.csv
2026-05-18,210478,Sebastian Gorzny,1972,1,0.0,-18.0,USA,22,atp_rankings_2026_05_18.csv
2026-05-18,214364,Alexander Gschiel,1972,1,0.0,-18.0,AUT,18,atp_rankings_2026_05_18.csv
2026-05-18,213823,Federico Guarducci,1972,1,0.0,-18.0,ITA,22,atp_rankings_2026_05_18.csv
2026-05-18,214083,Thomas Gunzinger,1972,1,0.0,-18.0,SUI,,atp_rankings_2026_05_18.csv
2026-05-18,210151,Mark Havlicek,1972,1,0.0,-18.0,CZE,22,atp_rankings_2026_05_18.csv
2026-05-18,206716,Lukas Hellum Lilleengen,1972,1,0.0,-18.0,NOR,25,atp_rankings_2026_05_18.csv
2026-05-18,210388,Kaeri Hernandez Mariona,1972,1,0.0,87.0,GUA,23,atp_rankings_2026_05_18.csv
2026-05-18,213917,Yuya Hirose,1972,1,0.0,-18.0,JPN,,atp_rankings_2026_05_18.csv
2026-05-18,214263,Matic Hribar,1972,1,0.0,-18.0,SLO,19,atp_rankings_2026_05_18.csv
2026-05-18,214078,Leonardo Iemmi,1972,1,0.0,-18.0,ITA,21,atp_rankings_2026_05_18.csv
2026-05-18,213959,Ilya Ignatov,1972,1,0.0,-18.0,UZB,20,atp_rankings_2026_05_18.csv
2026-05-18,205905,Sergio Ingles Garre,1972,1,0.0,-18.0,ESP,27,atp_rankings_2026_05_18.csv
2026-05-18,208878,Ryder Jackson,1972,1,0.0,-18.0,USA,20,atp_rankings_2026_05_18.csv
2026-05-18,212990,Alejandro Jacome Jaramillo,1972,1,0.0,-18.0,ECU,,atp_rankings_2026_05_18.csv
2026-05-18,211472,Oliver Johansson,1972,1,0.0,-18.0,SWE,,atp_rankings_2026_05_18.csv
2026-05-18,214011,Kaigaoge Kang,1972,1,0.0,-18.0,CHN,,atp_rankings_2026_05_18.csv
2026-05-18,214076,Matyas Kozlovsky,1972,1,0.0,-18.0,CZE,18,atp_rankings_2026_05_18.csv
2026-05-18,210112,Veljko Krstic,1972,1,0.0,-18.0,SRB,22,atp_rankings_2026_05_18.csv
2026-05-18,206673,Bharath Nishok Kumaran,1972,1,-1.0,-238.0,IND,28,atp_rankings_2026_05_18.csv
2026-05-18,210159,Tomas Lanik,1972,1,0.0,-18.0,SVK,24,atp_rankings_2026_05_18.csv
2026-05-18,214216,Anes Latifovic,1972,1,0.0,-18.0,GER,21,atp_rankings_2026_05_18.csv
2026-05-18,104810,Zhe Li,1972,1,-11.0,-885.0,CHN,39,atp_rankings_2026_05_18.csv
2026-05-18,210548,Tim Loosen,1972,1,0.0,-18.0,GER,24,atp_rankings_2026_05_18.csv
2026-05-18,208848,Mikolaj Lorens,1972,1,0.0,-18.0,POL,24,atp_rankings_2026_05_18.csv
2026-05-18,213971,Tomas Marin,1972,1,0.0,-18.0,COL,,atp_rankings_2026_05_18.csv
2026-05-18,214367,Marco Migliorati,1972,1,0.0,-18.0,ITA,22,atp_rankings_2026_05_18.csv
2026-05-18,212278,Milos Mikovic,1972,1,0.0,-18.0,SRB,20,atp_rankings_2026_05_18.csv
2026-05-18,213005,Ali Missoum,1972,1,0.0,-18.0,MAR,17,atp_rankings_2026_05_18.csv
2026-05-18,149157,Luis Jose Nakamine,1972,1,0.0,-18.0,PER,20,atp_rankings_2026_05_18.csv
2026-05-18,211545,Seiya Nakanishi,1972,1,0.0,-18.0,JPN,29,atp_rankings_2026_05_18.csv
2026-05-18,214373,Pierre Ngijol Carre,1972,1,0.0,-18.0,FRA,,atp_rankings_2026_05_18.csv
2026-05-18,212909,Dingzheng Nima,1972,1,0.0,-18.0,CHN,22,atp_rankings_2026_05_18.csv
2026-05-18,211489,Maximilian Oezcelik,1972,1,0.0,-18.0,GER,,atp_rankings_2026_05_18.csv
2026-05-18,214600,Alexander Ikenna Okonkwo,1972,1,0.0,-18.0,GBR,21,atp_rankings_2026_05_18.csv
2026-05-18,200075,Yshai Oliel,1972,1,0.0,-18.0,ISR,26,atp_rankings_2026_05_18.csv
2026-05-18,212619,Charlie Pade,1972,1,,,AUS,21,atp_rankings_2026_05_18.csv
2026-05-18,212230,Seungmin Park,1972,1,0.0,-18.0,KOR,20,atp_rankings_2026_05_18.csv
2026-05-18,210212,Alexander Petrov,1972,1,0.0,-18.0,BUL,24,atp_rankings_2026_05_18.csv
2026-05-18,211592,Tadija Radovanovic,1972,1,0.0,-18.0,SRB,26,atp_rankings_2026_05_18.csv
2026-05-18,,Philippe Renard,1972,1,0.0,-18.0,,,atp_rankings_2026_05_18.csv
2026-05-18,,Pablo Robledo,1972,1,0.0,-18.0,,,atp_rankings_2026_05_18.csv
2026-05-18,200012,Tim Ruehl,1972,1,0.0,-18.0,GER,28,atp_rankings_2026_05_18.csv
2026-05-18,214087,Jan Sadzik,1972,1,0.0,-18.0,POL,18,atp_rankings_2026_05_18.csv
2026-05-18,202363,Fabien Salle,1972,1,0.0,-18.0,FRA,26,atp_rankings_2026_05_18.csv
2026-05-18,105688,Manuel Sanchez,1972,1,0.0,-18.0,MEX,35,atp_rankings_2026_05_18.csv
2026-05-18,214530,Oliver Sanders,1972,1,,,CZE,18,atp_rankings_2026_05_18.csv
2026-05-18,208418,Jonas Schaer,1972,1,0.0,-18.0,SUI,25,atp_rankings_2026_05_18.csv
2026-05-18,213768,Kase Schinnerer,1972,1,0.0,87.0,USA,19,atp_rankings_2026_05_18.csv
2026-05-18,210467,Rafael Segado Esteve,1972,1,0.0,-18.0,ESP,20,atp_rankings_2026_05_18.csv
2026-05-18,213633,Rethin Pranav Senthil Kumar,1972,1,0.0,-18.0,IND,,atp_rankings_2026_05_18.csv
2026-05-18,210349,Amaan Siddiqui,1972,1,,,IND,24,atp_rankings_2026_05_18.csv
2026-05-18,213723,Stephen Slocombe,1972,1,0.0,-18.0,BAR,23,atp_rankings_2026_05_18.csv
2026-05-18,214031,Nicholas Steiglehner,1972,1,0.0,-18.0,USA,21,atp_rankings_2026_05_18.csv
2026-05-18,212636,Maxime St Hilaire,1972,1,0.0,-107.0,CAN,23,atp_rankings_2026_05_18.csv
2026-05-18,208301,Gustaf Strom,1972,1,0.0,-18.0,SWE,24,atp_rankings_2026_05_18.csv
2026-05-18,214290,Leonardo Suarez,1972,1,0.0,-18.0,BOL,17,atp_rankings_2026_05_18.csv
2026-05-18,213981,Elias Sumann,1972,1,0.0,-18.0,AUT,20,atp_rankings_2026_05_18.csv
2026-05-18,214514,Abubakar Talha,1972,1,,,PAK,16,atp_rankings_2026_05_18.csv
2026-05-18,210580,Zaharije Zak Talic,1972,1,,,AUS,27,atp_rankings_2026_05_18.csv
2026-05-18,210702,Jinpeng Tang,1972,1,0.0,-18.0,CHN,19,atp_rankings_2026_05_18.csv
2026-05-18,214088,Uladzislau Tarasevich,1972,1,,,BEL,21,atp_rankings_2026_05_18.csv
2026-05-18,214068,Daniel Tazabekov,1972,1,0.0,-18.0,KAZ,18,atp_rankings_2026_05_18.csv
2026-05-18,214142,Kai Thompson,1972,1,0.0,-18.0,HKG,,atp_rankings_2026_05_18.csv
2026-05-18,213020,Aadarsh Tripathi,1972,1,0.0,-18.0,USA,22,atp_rankings_2026_05_18.csv
2026-05-18,212705,Nathan Trouve,1972,1,0.0,-18.0,FRA,20,atp_rankings_2026_05_18.csv
2026-05-18,212098,Iker Urribarrens Ramirez,1972,1,0.0,-18.0,ESP,22,atp_rankings_2026_05_18.csv
2026-05-18,214297,Julian Valenzuela,1972,1,0.0,-18.0,CHI,18,atp_rankings_2026_05_18.csv
2026-05-18,214187,Luigi Valletta,1972,1,,,ITA,18,atp_rankings_2026_05_18.csv
2026-05-18,210206,Jip Van Assendelft,1972,1,0.0,-18.0,NED,24,atp_rankings_2026_05_18.csv
2026-05-18,214307,Ids Waterbolk,1972,1,0.0,-107.0,NED,25,atp_rankings_2026_05_18.csv
2026-05-18,,James Weber,1972,1,,,,,atp_rankings_2026_05_18.csv
2026-05-18,211563,Aaron James Williams,1972,1,0.0,-18.0,GER,22,atp_rankings_2026_05_18.csv
2026-05-18,214358,Finn Willman,1972,1,0.0,-18.0,NZL,19,atp_rankings_2026_05_18.csv
2026-05-18,214110,Kai An Wu,1972,1,0.0,-18.0,TPE,19,atp_rankings_2026_05_18.csv
2026-05-18,126715,Fernando Yamacita,1972,1,0.0,-18.0,BRA,28,atp_rankings_2026_05_18.csv
2026-05-18,213895,Arturs Zagars,1972,1,0.0,-18.0,LAT,,atp_rankings_2026_05_18.csv
2026-05-18,208076,Danielle Abadia,2079,1,0.0,-20.0,SGP,24,atp_rankings_2026_05_18.csv
2026-05-18,213193,Damir Abdusamadov,2079,1,0.0,-20.0,UZB,19,atp_rankings_2026_05_18.csv
2026-05-18,210662,Marco Alvarez,2079,1,0.0,-20.0,USA,25,atp_rankings_2026_05_18.csv
2026-05-18,106339,Felipe Assuncao Garla,2079,1,0.0,-20.0,BRA,31,atp_rankings_2026_05_18.csv
2026-05-18,105871,Sekou Bangoura,2079,1,-1.0,-324.0,USA,34,atp_rankings_2026_05_18.csv
2026-05-18,109732,Enrique Bogo,2079,1,0.0,-20.0,BRA,30,atp_rankings_2026_05_18.csv
2026-05-18,212601,Luka Bojicic Ono,2079,1,0.0,-125.0,BRA,21,atp_rankings_2026_05_18.csv
2026-05-18,213051,Thanaphat Boosarawongse,2079,1,0.0,-20.0,THA,20,atp_rankings_2026_05_18.csv
2026-05-18,149161,David Cristian Carteputreda,2079,1,0.0,-20.0,ROU,19,atp_rankings_2026_05_18.csv
2026-05-18,144833,Andres Gabriel Ciurletti,2079,1,0.0,-20.0,ITA,28,atp_rankings_2026_05_18.csv
2026-05-18,214154,Enrique Collar,2079,1,0.0,-20.0,ESP,18,atp_rankings_2026_05_18.csv
2026-05-18,209933,Clement Deleersnyder,2079,1,0.0,-20.0,FRA,24,atp_rankings_2026_05_18.csv
2026-05-18,214165,Joao Pedro Didoni Bonini,2079,1,0.0,-20.0,BRA,18,atp_rankings_2026_05_18.csv
2026-05-18,212792,Thomas Drayton,2079,1,0.0,-20.0,GBR,,atp_rankings_2026_05_18.csv
2026-05-18,213961,Tarek Erlewein,2079,1,0.0,-20.0,GER,23,atp_rankings_2026_05_18.csv
2026-05-18,200608,Andres Fernandez Canovas,2079,1,0.0,-20.0,ESP,27,atp_rankings_2026_05_18.csv
2026-05-18,207167,Barney Fitzpatrick,2079,1,0.0,-20.0,GBR,24,atp_rankings_2026_05_18.csv
2026-05-18,214375,Luis Andres Flores Avila,2079,1,0.0,-20.0,MEX,18,atp_rankings_2026_05_18.csv
2026-05-18,214305,Mario Andre Galarraga,2079,1,,,ECU,18,atp_rankings_2026_05_18.csv
2026-05-18,214017,Jon Gamble,2079,1,0.0,-125.0,USA,,atp_rankings_2026_05_18.csv
2026-05-18,209895,Sai Karteek Reddy Ganta,2079,1,0.0,-20.0,IND,25,atp_rankings_2026_05_18.csv
2026-05-18,209316,Anthony Genov,2079,1,0.0,-20.0,BUL,24,atp_rankings_2026_05_18.csv
2026-05-18,210400,Nicolas Rafael Goldberg Alviani,2079,1,0.0,-20.0,ESP,23,atp_rankings_2026_05_18.csv
2026-05-18,213680,Javier Guzman,2079,1,0.0,-20.0,CHL,,atp_rankings_2026_05_18.csv
2026-05-18,213949,Julius Maximilian Haus,2079,1,0.0,-20.0,GER,18,atp_rankings_2026_05_18.csv
2026-05-18,103665,Ryan Haviland,2079,1,0.0,-125.0,USA,45,atp_rankings_2026_05_18.csv
2026-05-18,214096,llan Hediger,2079,1,0.0,-20.0,SUI,19,atp_rankings_2026_05_18.csv
2026-05-18,208668,Sean Hess,2079,1,0.0,-20.0,ARG,25,atp_rankings_2026_05_18.csv
2026-05-18,200662,Toru Horie,2079,1,0.0,-20.0,JPN,27,atp_rankings_2026_05_18.csv
2026-05-18,209986,Viktor Jovic,2079,1,0.0,-20.0,SRB,24,atp_rankings_2026_05_18.csv
2026-05-18,213199,Dorian Juszczak,2079,1,0.0,-20.0,POL,21,atp_rankings_2026_05_18.csv
2026-05-18,214035,Guelord Kayombo,2079,1,,,COD,,atp_rankings_2026_05_18.csv
2026-05-18,103499,Aqeel Khan,2079,1,,,PAK,46,atp_rankings_2026_05_18.csv
2026-05-18,213565,Isaac Lhomond,2079,1,0.0,-20.0,FRA,,atp_rankings_2026_05_18.csv
2026-05-18,211358,Adam Majchrzak,2079,1,0.0,-20.0,POL,20,atp_rankings_2026_05_18.csv
2026-05-18,213850,Aron Janos Major,2079,1,0.0,-20.0,HUN,,atp_rankings_2026_05_18.csv
2026-05-18,209328,Martin Maldonado,2079,1,0.0,-125.0,ECU,,atp_rankings_2026_05_18.csv
2026-05-18,211699,Franco Marini,2079,1,0.0,-20.0,ARG,,atp_rankings_2026_05_18.csv
2026-05-18,212188,Benjamin Martin,2079,1,0.0,-20.0,FRA,21,atp_rankings_2026_05_18.csv
2026-05-18,132804,Jordi Mas De Ugarte,2079,1,0.0,-20.0,ESP,30,atp_rankings_2026_05_18.csv
2026-05-18,149125,Maciej Matuszczyk,2079,1,0.0,-20.0,POL,22,atp_rankings_2026_05_18.csv
2026-05-18,214314,Cooper Mccarthy,2079,1,,,RSA,16,atp_rankings_2026_05_18.csv
2026-05-18,132433,Stefan Menichella,2079,1,0.0,-20.0,USA,31,atp_rankings_2026_05_18.csv
2026-05-18,210419,Daniele Minighini,2079,1,0.0,-20.0,ITA,21,atp_rankings_2026_05_18.csv
2026-05-18,214355,Eyad Reda Ezzat Mohamed Sherif,2079,1,0.0,-20.0,EGY,18,atp_rankings_2026_05_18.csv
2026-05-18,213158,Vicente Monge,2079,1,0.0,-20.0,PER,19,atp_rankings_2026_05_18.csv
2026-05-18,208204,Francois Musitelli,2079,1,0.0,-20.0,FRA,27,atp_rankings_2026_05_18.csv
2026-05-18,212764,Fabrizio Karol Pio Osti,2079,1,0.0,-20.0,ITA,20,atp_rankings_2026_05_18.csv
2026-05-18,212633,Tomas Pinho,2079,1,0.0,-20.0,POR,23,atp_rankings_2026_05_18.csv
2026-05-18,214172,Mattias Pisanu,2079,1,0.0,-125.0,ITA,18,atp_rankings_2026_05_18.csv
2026-05-18,214019,Hidde Schoenmakers,2079,1,0.0,-20.0,NED,,atp_rankings_2026_05_18.csv
2026-05-18,214328,Andre Souza,2079,1,0.0,-20.0,BRA,23,atp_rankings_2026_05_18.csv
2026-05-18,211607,Filip Stidell,2079,1,0.0,-20.0,SWE,20,atp_rankings_2026_05_18.csv
2026-05-18,212557,Samuel Stolarik,2079,1,0.0,-20.0,SVK,21,atp_rankings_2026_05_18.csv
2026-05-18,210664,Bjorn Swenson,2079,1,0.0,-20.0,USA,22,atp_rankings_2026_05_18.csv
2026-05-18,213160,Adam Gabor Szoke,2079,1,0.0,-20.0,HUN,22,atp_rankings_2026_05_18.csv
2026-05-18,213813,Alexander Ushakov,2079,1,0.0,-20.0,RUS,,atp_rankings_2026_05_18.csv
2026-05-18,214427,Tim Vaisman,2079,1,0.0,-20.0,ISR,19,atp_rankings_2026_05_18.csv
2026-05-18,207725,Niels Peter Van Noord,2079,1,0.0,-20.0,CAN,26,atp_rankings_2026_05_18.csv
2026-05-18,212869,Franco Ariel Vazquez,2079,1,0.0,-125.0,ARG,,atp_rankings_2026_05_18.csv
2026-05-18,210094,Alexander Vikhlyantsev,2079,1,0.0,-20.0,RUS,23,atp_rankings_2026_05_18.csv
2026-05-18,213708,Henrik Villanger,2079,1,0.0,-20.0,NOR,,atp_rankings_2026_05_18.csv
2026-05-18,,Jakub Vrba,2079,1,0.0,-20.0,,,atp_rankings_2026_05_18.csv
2026-05-18,212102,Maximus Zavier Wong,2079,1,0.0,-20.0,SIN,,atp_rankings_2026_05_18.csv
2026-05-18,210597,Ahmed Zaki,2079,1,0.0,-20.0,EGY,21,atp_rankings_2026_05_18.csv
2026-05-18,212039,Mohammad Alkotop,2144,1,0.0,-21.0,JOR,21,atp_rankings_2026_05_18.csv
2026-05-18,213047,Marcin Andrzejczak,2144,1,0.0,-21.0,POL,,atp_rankings_2026_05_18.csv
2026-05-18,214055,Flavio Bocci,2144,1,0.0,-85.0,ITA,,atp_rankings_2026_05_18.csv
2026-05-18,214094,Penn Charusorn,2144,1,0.0,-21.0,THA,18,atp_rankings_2026_05_18.csv
2026-05-18,207780,Jordan Chiu,2144,1,,,USA,25,atp_rankings_2026_05_18.csv
2026-05-18,208927,Milledge Cossu,2144,1,,,USA,24,atp_rankings_2026_05_18.csv
2026-05-18,213629,Vincent Dullinger,2144,1,0.0,-85.0,GER,,atp_rankings_2026_05_18.csv
2026-05-18,214544,Tugra Duran,2144,1,,,TUR,19,atp_rankings_2026_05_18.csv
2026-05-18,202347,Francisco Faria,2144,1,,,POR,27,atp_rankings_2026_05_18.csv
2026-05-18,200187,Luc Fomba,2144,1,0.0,-21.0,FRA,27,atp_rankings_2026_05_18.csv
2026-05-18,207748,Hong Lin Fu,2144,1,0.0,-21.0,TPE,24,atp_rankings_2026_05_18.csv
2026-05-18,213839,Santiago Giamichelle,2144,1,0.0,-21.0,ARG,22,atp_rankings_2026_05_18.csv
2026-05-18,208243,Seon Yong Han,2144,1,0.0,-21.0,KOR,25,atp_rankings_2026_05_18.csv
2026-05-18,213074,Hugo Hashimoto,2144,1,0.0,-21.0,USA,23,atp_rankings_2026_05_18.csv
2026-05-18,208083,Adam Heinonen,2144,1,0.0,-21.0,SWE,23,atp_rankings_2026_05_18.csv
2026-05-18,208157,Jan Jermar,2144,1,0.0,-21.0,CZE,26,atp_rankings_2026_05_18.csv
2026-05-18,210422,Roan Jones,2144,1,0.0,-21.0,GBR,22,atp_rankings_2026_05_18.csv
2026-05-18,213181,Rein Koenders,2144,1,0.0,-21.0,NED,,atp_rankings_2026_05_18.csv
2026-05-18,200690,Yuhei Kono,2144,1,0.0,-21.0,JPN,30,atp_rankings_2026_05_18.csv
2026-05-18,210753,Matic Kriznik,2144,1,0.0,-21.0,SLO,20,atp_rankings_2026_05_18.csv
2026-05-18,214259,Rodrigo Leal,2144,1,,,POR,,atp_rankings_2026_05_18.csv
2026-05-18,125848,Niels Lootsma,2144,1,0.0,11.0,NED,31,atp_rankings_2026_05_18.csv
2026-05-18,212754,Norbert Marosik,2144,1,0.0,-21.0,SVK,22,atp_rankings_2026_05_18.csv
2026-05-18,212024,Alejandro Melero Kretzer,2144,1,0.0,-21.0,ESP,21,atp_rankings_2026_05_18.csv
2026-05-18,213831,Vicente Freda,2144,1,0.0,-21.0,BRA,19,atp_rankings_2026_05_18.csv
2026-05-18,212938,Botond Nagy,2144,1,0.0,-21.0,HUN,,atp_rankings_2026_05_18.csv
2026-05-18,212805,Saba George Nanobashvili,2144,1,0.0,-21.0,SWE,21,atp_rankings_2026_05_18.csv
2026-05-18,209137,Noppadol Noikor,2144,1,0.0,-21.0,THA,26,atp_rankings_2026_05_18.csv
2026-05-18,214404,Oscar Pinto Sansano,2144,1,0.0,-85.0,ESP,23,atp_rankings_2026_05_18.csv
2026-05-18,214247,Vihaan Reddy,2144,1,0.0,-21.0,IND,16,atp_rankings_2026_05_18.csv
2026-05-18,211603,Freddie Ridout,2144,1,0.0,-190.0,GBR,,atp_rankings_2026_05_18.csv
2026-05-18,211493,Calin Teodor Stirbu,2144,1,0.0,-21.0,ROU,20,atp_rankings_2026_05_18.csv
2026-05-18,211703,Sarthak Suden,2144,1,0.0,-21.0,IND,,atp_rankings_2026_05_18.csv
2026-05-18,213869,Abdulaziz Usmonjonov,2144,1,0.0,-190.0,UZB,,atp_rankings_2026_05_18.csv
2026-05-18,214028,Matei Varbanciu,2144,1,0.0,-21.0,ROU,,atp_rankings_2026_05_18.csv
2026-05-18,106210,Jiri Vesely,2144,1,0.0,-21.0,CZE,32,atp_rankings_2026_05_18.csv
2026-05-18,212469,Qiulin Wang,2144,1,0.0,-21.0,CHN,23,atp_rankings_2026_05_18.csv
2026-05-18,211554,Suk Ann,2181,1,0.0,-26.0,KOR,,atp_rankings_2026_05_18.csv
2026-05-18,213535,Mario Arce Fernandez,2181,1,0.0,-26.0,ESP,,atp_rankings_2026_05_18.csv
2026-05-18,138328,Patricio Betancourt Gonzalez,2181,1,0.0,-26.0,MEX,32,atp_rankings_2026_05_18.csv
2026-05-18,211738,Jonah Braswell,2181,1,0.0,-26.0,USA,22,atp_rankings_2026_05_18.csv
2026-05-18,214063,Simon Caldwell,2181,1,,,USA,,atp_rankings_2026_05_18.csv
2026-05-18,213759,Maxi Carrascosa Diaz,2181,1,0.0,-26.0,ESP,,atp_rankings_2026_05_18.csv
2026-05-18,214014,Pedro Henrique Chabalgoity,2181,1,0.0,-26.0,BRA,,atp_rankings_2026_05_18.csv
2026-05-18,213140,Edoardo De Filippo,2181,1,0.0,-26.0,ITA,21,atp_rankings_2026_05_18.csv
2026-05-18,213859,Andrei Corneliu Gadoiu,2181,1,0.0,-26.0,ROU,17,atp_rankings_2026_05_18.csv
2026-05-18,214124,Matteo Gribaldo,2181,1,0.0,-26.0,ITA,,atp_rankings_2026_05_18.csv
2026-05-18,212925,Alexandru Toubi Hebhang Balan,2181,1,0.0,-26.0,CAN,,atp_rankings_2026_05_18.csv
2026-05-18,213928,Reid Jarvis,2181,1,0.0,-26.0,USA,,atp_rankings_2026_05_18.csv
2026-05-18,213168,Patrick Jozwicki,2181,1,0.0,-58.0,AUT,,atp_rankings_2026_05_18.csv
2026-05-18,212701,Ruslan Kastsiukevich,2181,1,0.0,-26.0,BLR,18,atp_rankings_2026_05_18.csv
2026-05-18,208558,Rafael Kis Balazs,2181,1,0.0,-26.0,HUN,24,atp_rankings_2026_05_18.csv
2026-05-18,211742,Daniel Lara Salmeron,2181,1,0.0,-26.0,ESP,24,atp_rankings_2026_05_18.csv
2026-05-18,212293,Karl Kazuma Lee,2181,1,0.0,-26.0,USA,23,atp_rankings_2026_05_18.csv
2026-05-18,212272,Nikos Lehmann,2181,1,0.0,-26.0,ARG,20,atp_rankings_2026_05_18.csv
2026-05-18,208897,Pablo Masjuan Ginel,2181,1,0.0,-26.0,ESP,23,atp_rankings_2026_05_18.csv
2026-05-18,213329,Matteo Mesaglio,2181,1,0.0,-122.0,ITA,21,atp_rankings_2026_05_18.csv
2026-05-18,214260,Salvador Monteiro,2181,1,0.0,-26.0,POR,18,atp_rankings_2026_05_18.csv
2026-05-18,212811,Matteo Mura,2181,1,0.0,-58.0,ITA,,atp_rankings_2026_05_18.csv
2026-05-18,213958,Ramazan Kaan Oktay,2181,1,0.0,-26.0,TUR,,atp_rankings_2026_05_18.csv
2026-05-18,,Daniil Piatrouski,2181,1,0.0,-26.0,,,atp_rankings_2026_05_18.csv
2026-05-18,213415,Glauco Pinheiro Da Cruz Junior,2181,1,0.0,-26.0,BRA,21,atp_rankings_2026_05_18.csv
2026-05-18,214126,Matteo Sciahbasi,2181,1,0.0,-26.0,ITA,19,atp_rankings_2026_05_18.csv
2026-05-18,131999,Kyle Seelig,2181,1,0.0,-26.0,USA,28,atp_rankings_2026_05_18.csv
2026-05-18,212087,Dmitrii Vasilev,2181,1,0.0,-26.0,RUS,24,atp_rankings_2026_05_18.csv
2026-05-18,202413,Lazar Vojinovic,2181,1,0.0,3.0,SRB,27,atp_rankings_2026_05_18.csv
2026-05-18,213883,Yue Xia,2181,1,,,CHN,,atp_rankings_2026_05_18.csv
2026-05-18,208726,Alberto Odiseo Alvarado Berrospi,2211,1,0.0,-27.0,PER,25,atp_rankings_2026_05_18.csv
2026-05-18,213410,Romain Andres,2211,1,0.0,-27.0,FRA,19,atp_rankings_2026_05_18.csv
2026-05-18,211517,Gregorio Biondolillo,2211,1,0.0,-27.0,ITA,26,atp_rankings_2026_05_18.csv
2026-05-18,213952,Leonel Cesar Castro,2211,1,,,ARG,,atp_rankings_2026_05_18.csv
2026-05-18,209282,Ian Luca Cervantes Tomas,2211,1,0.0,-5.0,MEX,22,atp_rankings_2026_05_18.csv
2026-05-18,208559,Rahul Dhokia,2211,1,0.0,-27.0,GBR,25,atp_rankings_2026_05_18.csv
2026-05-18,207980,Alexey Dubinin,2211,1,,,RUS,27,atp_rankings_2026_05_18.csv
2026-05-18,214070,Jose Freitas,2211,1,0.0,-88.0,POR,19,atp_rankings_2026_05_18.csv
2026-05-18,212472,Xirui Han,2211,1,0.0,-5.0,CHN,20,atp_rankings_2026_05_18.csv
2026-05-18,212638,Gregor Hausberger,2211,1,0.0,-27.0,AUT,22,atp_rankings_2026_05_18.csv
2026-05-18,214005,Ludvig Fredrik Hede,2211,1,0.0,-27.0,SWE,19,atp_rankings_2026_05_18.csv
2026-05-18,212571,Jim Hendrikx,2211,1,0.0,-27.0,NED,24,atp_rankings_2026_05_18.csv
2026-05-18,210723,Liam Hignett,2211,1,0.0,-27.0,GBR,26,atp_rankings_2026_05_18.csv
2026-05-18,213970,Nicolas Hurtado Novoa,2211,1,0.0,-27.0,COL,,atp_rankings_2026_05_18.csv
2026-05-18,127999,Petr Iamachkine,2211,1,0.0,-56.0,PER,30,atp_rankings_2026_05_18.csv
2026-05-18,212825,Cian Maguire,2211,1,0.0,-27.0,IRL,26,atp_rankings_2026_05_18.csv
2026-05-18,144665,Ryotero Matsumura,2211,1,0.0,-27.0,JPN,29,atp_rankings_2026_05_18.csv
2026-05-18,214117,Jack Mcgary,2211,1,0.0,-56.0,USA,20,atp_rankings_2026_05_18.csv
2026-05-18,214207,Thomas Enrique Menzel Piccioli,2211,1,0.0,-27.0,CHI,18,atp_rankings_2026_05_18.csv
2026-05-18,213770,Andreas Messis,2211,1,0.0,-27.0,GRE,,atp_rankings_2026_05_18.csv
2026-05-18,208239,Zhou Mingzhou,2211,1,0.0,-27.0,CHN,26,atp_rankings_2026_05_18.csv
2026-05-18,200233,Nicaise Muamba,2211,1,0.0,-27.0,CAN,25,atp_rankings_2026_05_18.csv
2026-05-18,210476,Enmanuel Munoz,2211,1,,,DOM,21,atp_rankings_2026_05_18.csv
2026-05-18,207685,Peter Sallay,2211,1,0.0,-27.0,HUN,25,atp_rankings_2026_05_18.csv
2026-05-18,210453,Cedric Stanke,2211,1,0.0,-27.0,GER,27,atp_rankings_2026_05_18.csv
2026-05-18,207178,Joe Tyler,2211,1,0.0,-27.0,GBR,27,atp_rankings_2026_05_18.csv
2026-05-18,208504,Daiki Yoshimura,2211,1,0.0,-27.0,JPN,24,atp_rankings_2026_05_18.csv
2026-05-18,213758,Pablo Aunion,2238,1,0.0,-32.0,ESP,18,atp_rankings_2026_05_18.csv
2026-05-18,212192,Victor Bini,2238,1,,,BRA,23,atp_rankings_2026_05_18.csv
2026-05-18,213612,Daniil Bogatov,2238,1,0.0,-32.0,RUS,,atp_rankings_2026_05_18.csv
2026-05-18,212497,Alvaro Bueno Gil,2238,1,0.0,-32.0,ESP,25,atp_rankings_2026_05_18.csv
2026-05-18,213664,Vladimir Holban,2238,1,0.0,-32.0,GRE,,atp_rankings_2026_05_18.csv
2026-05-18,210575,Jack Karlsson Wistrand,2238,1,0.0,-54.0,SWE,23,atp_rankings_2026_05_18.csv
2026-05-18,111772,Krittin Koaykul,2238,1,0.0,-32.0,THA,31,atp_rankings_2026_05_18.csv
2026-05-18,211573,Lucky Candra Kurniawan,2238,1,0.0,-32.0,INA,22,atp_rankings_2026_05_18.csv
2026-05-18,213339,Agustin Libre,2238,1,,,ARG,18,atp_rankings_2026_05_18.csv
2026-05-18,212716,Kyle Overmyer,2238,1,0.0,-32.0,USA,22,atp_rankings_2026_05_18.csv
2026-05-18,213049,Mateya Stanisavljevic,2238,1,-1.0,-395.0,SRB,19,atp_rankings_2026_05_18.csv
2026-05-18,214012,Jaden Dewandaka Tan,2238,1,0.0,-32.0,INA,,atp_rankings_2026_05_18.csv
2026-05-18,214170,Cagan Efe Tufecki,2238,1,0.0,-32.0,TUR,22,atp_rankings_2026_05_18.csv
2026-05-18,211766,Zachary Adam Gedge,2251,1,0.0,-33.0,AUS,,atp_rankings_2026_05_18.csv
2026-05-18,213775,Mateo Carballo,2251,1,0.0,-33.0,ARG,,atp_rankings_2026_05_18.csv
2026-05-18,212945,Yong Joon Park,2251,1,0.0,-33.0,KOR,24,atp_rankings_2026_05_18.csv
2026-05-18,212164,Breno Rossetto Urvaneja,2251,1,0.0,-33.0,BRA,21,atp_rankings_2026_05_18.csv
2026-05-18,212971,Tsz Fu Wong,2251,1,0.0,-33.0,HKG,20,atp_rankings_2026_05_18.csv
2026-05-18,213537,Jose Dominguez Alonso,2256,1,,,ESP,,atp_rankings_2026_05_18.csv
2026-05-18,149108,Loic Namigandet Tenguere,2256,1,-1.0,-403.0,FRA,27,atp_rankings_2026_05_18.csv
2026-05-18,210751,Isaac Nortey,2256,1,0.0,-29.0,GHA,26,atp_rankings_2026_05_18.csv
2026-05-18,214159,Yassin Ahmed Wageh,2256,1,0.0,-38.0,EGY,18,atp_rankings_2026_05_18.csv
2026-05-18,210174,Matic Dimic,2260,1,0.0,-29.0,SLO,24,atp_rankings_2026_05_18.csv
2026-05-18,213692,Karim Mabrouk,2260,1,,,EGY,,atp_rankings_2026_05_18.csv
2026-05-18,209046,Atharva Sharma,2260,1,0.0,-28.0,IND,25,atp_rankings_2026_05_18.csv
2026-05-18,212067,Ye Hongyu,2263,1,-2.0,-589.0,CHN,21,atp_rankings_2026_05_18.csv
2026-05-18,207478,Zhenxiong Dong,2264,1,0.0,-29.0,CHN,27,atp_rankings_2026_05_18.csv
2026-05-18,213494,Bogdan Seleznev,2264,1,0.0,-31.0,RUS,24,atp_rankings_2026_05_18.csv
