ranking_date,player_id,player_name,atp_rank,atp_points,atp_points_change,atp_rank_change,country,age,source_file
2026-01-05,207989,Carlos Alcaraz,1,12050,,,ESP,22,atp_rankings_2026_01_05.csv
2026-01-05,206173,Jannik Sinner,2,11500,,,ITA,24,atp_rankings_2026_01_05.csv
2026-01-05,100644,Alexander Zverev,3,5105,,,GER,28,atp_rankings_2026_01_05.csv
2026-01-05,104925,Novak Djokovic,4,4780,,,SRB,38,atp_rankings_2026_01_05.csv
2026-01-05,200000,Felix Auger Aliassime,5,4190,,,CAN,25,atp_rankings_2026_01_05.csv
2026-01-05,200282,Alex De Minaur,6,4080,,,AUS,26,atp_rankings_2026_01_05.csv
2026-01-05,207518,Lorenzo Musetti,7,3990,,,ITA,23,atp_rankings_2026_01_05.csv
2026-01-05,210097,Ben Shelton,8,3960,,,USA,23,atp_rankings_2026_01_05.csv
2026-01-05,126203,Taylor Fritz,9,3840,,,USA,28,atp_rankings_2026_01_05.csv
2026-01-05,207733,Jack Draper,10,2990,,,GBR,24,atp_rankings_2026_01_05.csv
2026-01-05,122330,Alexander Bublik,11,2845,,,KAZ,28,atp_rankings_2026_01_05.csv
2026-01-05,134770,Casper Ruud,12,2750,,,NOR,27,atp_rankings_2026_01_05.csv
2026-01-05,106421,Daniil Medvedev,13,2710,,,RUS,29,atp_rankings_2026_01_05.csv
2026-01-05,200221,Alejandro Davidovich Fokina,14,2585,,,ESP,26,atp_rankings_2026_01_05.csv
2026-01-05,208029,Holger Rune,15,2580,,,DEN,22,atp_rankings_2026_01_05.csv
2026-01-05,126094,Andrey Rublev,16,2510,,,RUS,28,atp_rankings_2026_01_05.csv
2026-01-05,111575,Karen Khachanov,17,2320,,,RUS,29,atp_rankings_2026_01_05.csv
2026-01-05,210084,Jakub Mensik,18,2130,,,CZE,20,atp_rankings_2026_01_05.csv
2026-01-05,208103,Jiri Lehecka,19,2075,,,CZE,24,atp_rankings_2026_01_05.csv
2026-01-05,126205,Tommy Paul,20,2050,,,USA,28,atp_rankings_2026_01_05.csv
2026-01-05,202103,Francisco Cerundolo,21,2035,,,ARG,27,atp_rankings_2026_01_05.csv
2026-01-05,207925,Flavio Cobolli,22,1955,,,ITA,23,atp_rankings_2026_01_05.csv
2026-01-05,133430,Denis Shapovalov,23,1665,,,CAN,26,atp_rankings_2026_01_05.csv
2026-01-05,209260,Luciano Darderi,24,1579,,,ITA,23,atp_rankings_2026_01_05.csv
2026-01-05,134868,Tallon Griekspoor,25,1565,,,NED,29,atp_rankings_2026_01_05.csv
2026-01-05,210530,Learner Tien,26,1540,,,USA,20,atp_rankings_2026_01_05.csv
2026-01-05,126239,Arthur Rinderknech,27,1527,,,FRA,30,atp_rankings_2026_01_05.csv
2026-01-05,111815,Cameron Norrie,28,1523,,,GBR,30,atp_rankings_2026_01_05.csv
2026-01-05,211663,Joao Fonseca,29,1510,,,BRA,19,atp_rankings_2026_01_05.csv
2026-01-05,126207,Frances Tiafoe,30,1485,,,USA,27,atp_rankings_2026_01_05.csv
2026-01-05,200473,Valentin Vacherot,31,1469,,,MON,27,atp_rankings_2026_01_05.csv
2026-01-05,144895,Corentin Moutet,32,1383,,,FRA,26,atp_rankings_2026_01_05.csv
2026-01-05,206909,Brandon Nakashima,33,1380,,,USA,24,atp_rankings_2026_01_05.csv
2026-01-05,126774,Stefanos Tsitsipas,34,1380,,,GRE,27,atp_rankings_2026_01_05.csv
2026-01-05,207830,Tomas Machac,35,1360,,,CZE,25,atp_rankings_2026_01_05.csv
2026-01-05,200005,Ugo Humbert,36,1355,,,FRA,27,atp_rankings_2026_01_05.csv
2026-01-05,210506,Alex Michelsen,37,1300,,,USA,21,atp_rankings_2026_01_05.csv
2026-01-05,144719,Jaume Munar,38,1295,,,ESP,28,atp_rankings_2026_01_05.csv
2026-01-05,132283,Lorenzo Sonego,39,1240,,,ITA,30,atp_rankings_2026_01_05.csv
2026-01-05,209113,Gabriel Diallo,40,1215,,,CAN,24,atp_rankings_2026_01_05.csv
2026-01-05,209950,Arthur Fils,41,1210,,,FRA,21,atp_rankings_2026_01_05.csv
2026-01-05,200267,Zizou Bergs,42,1193,,,BEL,26,atp_rankings_2026_01_05.csv
2026-01-05,202104,Sebastian Baez,43,1145,,,ARG,25,atp_rankings_2026_01_05.csv
2026-01-05,127157,Daniel Altmaier,44,1123,,,GER,27,atp_rankings_2026_01_05.csv
2026-01-05,132686,Nuno Borges,45,1120,,,POR,28,atp_rankings_2026_01_05.csv
2026-01-05,200624,Sebastian Korda,46,1090,,,USA,25,atp_rankings_2026_01_05.csv
2026-01-05,105777,Grigor Dimitrov,47,1080,,,BUL,34,atp_rankings_2026_01_05.csv
2026-01-05,200116,Camilo Ugo Carabelli,48,1028,,,ARG,26,atp_rankings_2026_01_05.csv
2026-01-05,202385,Jenson Brooksby,49,1017,,,USA,25,atp_rankings_2026_01_05.csv
2026-01-05,200615,Alexei Popyrin,50,1000,,,AUS,26,atp_rankings_2026_01_05.csv
2026-01-05,200175,Miomir Kecmanovic,51,1000,,,SRB,26,atp_rankings_2026_01_05.csv
2026-01-05,124186,Alexandre Muller,52,980,,,FRA,28,atp_rankings_2026_01_05.csv
2026-01-05,206681,Fabian Marozsan,53,975,,,HUN,26,atp_rankings_2026_01_05.csv
2026-01-05,105916,Marton Fucsovics,54,949,,,HUN,33,atp_rankings_2026_01_05.csv
2026-01-05,126610,Matteo Berrettini,55,945,,,ITA,29,atp_rankings_2026_01_05.csv
2026-01-05,208316,Valentin Royer,56,924,,,FRA,24,atp_rankings_2026_01_05.csv
2026-01-05,144869,Tomas Martin Etcheverry,57,895,,,ARG,26,atp_rankings_2026_01_05.csv
2026-01-05,206499,Aleksandar Kovacevic,58,877,,,USA,27,atp_rankings_2026_01_05.csv
2026-01-05,111794,Kamil Majchrzak,59,861,,,POL,29,atp_rankings_2026_01_05.csv
2026-01-05,124187,Reilly Opelka,60,861,,,USA,28,atp_rankings_2026_01_05.csv
2026-01-05,208286,Matteo Arnaldi,61,858,,,ITA,24,atp_rankings_2026_01_05.csv
2026-01-05,209279,Terence Atmane,62,855,,,FRA,23,atp_rankings_2026_01_05.csv
2026-01-05,209070,Arthur Cazaux,63,848,,,FRA,23,atp_rankings_2026_01_05.csv
2026-01-05,106218,Marcos Giron,64,845,,,USA,32,atp_rankings_2026_01_05.csv
2026-01-05,106000,Damir Dzumhur,65,837,,,BIH,33,atp_rankings_2026_01_05.csv
2026-01-05,207681,Francisco Comesana,66,829,,,ARG,25,atp_rankings_2026_01_05.csv
2026-01-05,208659,Giovanni Mpetshi Perricard,67,825,,,FRA,22,atp_rankings_2026_01_05.csv
2026-01-05,105173,Adrian Mannarino,68,817,,,FRA,37,atp_rankings_2026_01_05.csv
2026-01-05,104792,Gael Monfils,69,800,,,FRA,39,atp_rankings_2026_01_05.csv
2026-01-05,105227,Marin Cilic,70,765,,,CRO,37,atp_rankings_2026_01_05.csv
2026-01-05,207411,Jesper De Jong,71,763,,,NED,25,atp_rankings_2026_01_05.csv
2026-01-05,208363,Mariano Navone,72,760,,,ARG,24,atp_rankings_2026_01_05.csv
2026-01-05,208233,Mattia Bellucci,73,758,,,ITA,24,atp_rankings_2026_01_05.csv
2026-01-05,207985,Jacob Fearnley,74,752,,,GBR,24,atp_rankings_2026_01_05.csv
2026-01-05,122298,Botic Van De Zandschulp,75,746,,,NED,30,atp_rankings_2026_01_05.csv
2026-01-05,210319,Ethan Quinn,76,733,,,USA,21,atp_rankings_2026_01_05.csv
2026-01-05,200443,Adam Walton,77,732,,,AUS,26,atp_rankings_2026_01_05.csv
2026-01-05,106426,Cristian Garin,78,726,,,CHI,29,atp_rankings_2026_01_05.csv
2026-01-05,209209,Filip Misolic,79,724,,,AUT,24,atp_rankings_2026_01_05.csv
2026-01-05,209098,Hamad Medjedovic,80,718,,,SRB,22,atp_rankings_2026_01_05.csv
2026-01-05,126214,Alejandro Tabilo,81,717,,,CHI,28,atp_rankings_2026_01_05.csv
2026-01-05,105526,Jan Lennard Struff,82,711,,,GER,35,atp_rankings_2026_01_05.csv
2026-01-05,128034,Hubert Hurkacz,83,710,,,POL,28,atp_rankings_2026_01_05.csv
2026-01-05,209920,Raphael Collignon,84,704,,,BEL,23,atp_rankings_2026_01_05.csv
2026-01-05,207678,Juan Manuel Cerundolo,85,700,,,ARG,24,atp_rankings_2026_01_05.csv
2026-01-05,105902,James Duckworth,86,694,,,AUS,33,atp_rankings_2026_01_05.csv
2026-01-05,126846,Aleksandar Vukic,87,693,,,AUS,29,atp_rankings_2026_01_05.csv
2026-01-05,207182,Emilio Nava,88,677,,,USA,24,atp_rankings_2026_01_05.csv
2026-01-05,208118,Eliot Spizzirri,89,672,,,USA,24,atp_rankings_2026_01_05.csv
2026-01-05,105138,Roberto Bautista Agut,90,670,,,ESP,37,atp_rankings_2026_01_05.csv
2026-01-05,111460,Quentin Halys,91,669,,,FRA,29,atp_rankings_2026_01_05.csv
2026-01-05,105807,Pablo Carreno Busta,92,656,,,ESP,34,atp_rankings_2026_01_05.csv
2026-01-05,207494,Dalibor Svrcina,93,655,,,CZE,23,atp_rankings_2026_01_05.csv
2026-01-05,200384,Hugo Gaston,94,653,,,FRA,25,atp_rankings_2026_01_05.csv
2026-01-05,111513,Laslo Djere,95,652,,,SRB,30,atp_rankings_2026_01_05.csv
2026-01-05,124079,Pedro Martinez,96,643,,,ESP,28,atp_rankings_2026_01_05.csv
2026-01-05,209262,Tristan Schoolkate,97,641,,,AUS,24,atp_rankings_2026_01_05.csv
2026-01-05,126535,Carlos Taberner,98,630,,,ESP,28,atp_rankings_2026_01_05.csv
2026-01-05,126127,Benjamin Bonzi,99,629,,,FRA,29,atp_rankings_2026_01_05.csv
2026-01-05,209860,Ignacio Buse,100,627,,,PER,21,atp_rankings_2026_01_05.csv
2026-01-05,200240,Vit Kopriva,101,620,,,CZE,28,atp_rankings_2026_01_05.csv
2026-01-05,105870,Yannick Hanfmann,102,618,,,GER,34,atp_rankings_2026_01_05.csv
2026-01-05,202058,Thiago Agustin Tirante,103,605,,,ARG,24,atp_rankings_2026_01_05.csv
2026-01-05,208882,Roman Andres Burruchaga,104,604,,,ARG,23,atp_rankings_2026_01_05.csv
2026-01-05,208134,Luca Nardi,105,599,,,ITA,22,atp_rankings_2026_01_05.csv
2026-01-05,207686,Alexander Shevchenko,106,597,,,KAZ,25,atp_rankings_2026_01_05.csv
2026-01-05,105932,Nikoloz Basilashvili,107,573,,,GEO,33,atp_rankings_2026_01_05.csv
2026-01-05,144642,Tomas Barrios Vera,108,557,,,CHI,28,atp_rankings_2026_01_05.csv
2026-01-05,200587,Brandon Holt,109,553,,,USA,27,atp_rankings_2026_01_05.csv
2026-01-05,208278,Shintaro Mochizuki,110,547,,,JPN,22,atp_rankings_2026_01_05.csv
2026-01-05,208014,Rinky Hijikata,111,546,,,AUS,24,atp_rankings_2026_01_05.csv
2026-01-05,111456,Mackenzie Mcdonald,112,546,,,USA,30,atp_rankings_2026_01_05.csv
2026-01-05,111442,Jordan Thompson,113,536,,,AUS,31,atp_rankings_2026_01_05.csv
2026-01-05,106331,Christopher Oconnell,114,536,,,AUS,31,atp_rankings_2026_01_05.csv
2026-01-05,210696,Alexander Blockx,115,535,,,BEL,20,atp_rankings_2026_01_05.csv
2026-01-05,106415,Yoshihito Nishioka,116,528,,,JPN,30,atp_rankings_2026_01_05.csv
2026-01-05,105676,David Goffin,117,525,,,BEL,35,atp_rankings_2026_01_05.csv
2026-01-05,200516,Patrick Kypson,118,520,,,USA,26,atp_rankings_2026_01_05.csv
2026-01-05,209284,Elmer Moller,119,517,,,DEN,22,atp_rankings_2026_01_05.csv
2026-01-05,207352,Bu Yunchaokete,120,499,,,CHN,23,atp_rankings_2026_01_05.csv
2026-01-05,202358,Chun Hsin Tseng,121,498,,,TPE,24,atp_rankings_2026_01_05.csv
2026-01-05,106432,Borna Coric,122,498,,,CRO,29,atp_rankings_2026_01_05.csv
2026-01-05,123828,Jan Choinski,123,498,,,GBR,29,atp_rankings_2026_01_05.csv
2026-01-05,202261,Otto Virtanen,124,488,,,FIN,24,atp_rankings_2026_01_05.csv
2026-01-05,105583,Dusan Lajovic,125,487,,,SRB,35,atp_rankings_2026_01_05.csv
2026-01-05,209976,Dino Prizmic,126,487,,,CRO,20,atp_rankings_2026_01_05.csv
2026-01-05,126129,Billy Harris,127,482,,,GBR,30,atp_rankings_2026_01_05.csv
2026-01-05,106148,Roberto Carballes Baena,128,469,,,ESP,32,atp_rankings_2026_01_05.csv
2026-01-05,209147,Vilius Gaubas,129,469,,,LTU,21,atp_rankings_2026_01_05.csv
2026-01-05,105477,Marco Trungelliti,130,468,,,ARG,35,atp_rankings_2026_01_05.csv
2026-01-05,124116,Sebastian Ofner,131,463,,,AUT,29,atp_rankings_2026_01_05.csv
2026-01-05,208119,Liam Draxl,132,461,,,CAN,24,atp_rankings_2026_01_05.csv
2026-01-05,111797,Nicolas Jarry,133,451,,,CHI,30,atp_rankings_2026_01_05.csv
2026-01-05,121411,Moez Echargui,134,450,,,TUN,32,atp_rankings_2026_01_05.csv
2026-01-05,149282,Nicolai Budkov Kjaer,135,448,,,NOR,19,atp_rankings_2026_01_05.csv
2026-01-05,208021,Kyrian Jacquet,136,442,,,FRA,24,atp_rankings_2026_01_05.csv
2026-01-05,208353,Francesco Maestrelli,137,439,,,ITA,23,atp_rankings_2026_01_05.csv
2026-01-05,106198,Hugo Dellien,138,438,,,BOL,32,atp_rankings_2026_01_05.csv
2026-01-05,126504,Andrea Pellegrino,139,438,,,ITA,28,atp_rankings_2026_01_05.csv
2026-01-05,208859,Francesco Passaro,140,436,,,ITA,24,atp_rankings_2026_01_05.csv
2026-01-05,127760,Lukas Klein,141,436,,,SVK,27,atp_rankings_2026_01_05.csv
2026-01-05,208260,Zachary Svajda,142,431,,,USA,23,atp_rankings_2026_01_05.csv
2026-01-05,209226,Adolfo Daniel Vallejo,143,428,,,PAR,21,atp_rankings_2026_01_05.csv
2026-01-05,200259,Ugo Blanchet,144,427,,,FRA,27,atp_rankings_2026_01_05.csv
2026-01-05,212256,Colton Smith,145,424,,,USA,22,atp_rankings_2026_01_05.csv
2026-01-05,211776,Martin Landaluce,146,420,,,ESP,19,atp_rankings_2026_01_05.csv
2026-01-05,200647,Sho Shimabukuro,147,414,,,JPN,28,atp_rankings_2026_01_05.csv
2026-01-05,209261,Matteo Gigante,148,407,,,ITA,24,atp_rankings_2026_01_05.csv
2026-01-05,210136,Mark Lajal,149,407,,,EST,22,atp_rankings_2026_01_05.csv
2026-01-05,209409,Coleman Wong,150,406,,,HKG,21,atp_rankings_2026_01_05.csv
2026-01-05,210262,Jaime Faria,151,405,,,POR,22,atp_rankings_2026_01_05.csv
2026-01-05,208169,Titouan Droguet,152,404,,,FRA,24,atp_rankings_2026_01_05.csv
2026-01-05,206748,Giulio Zeppieri,153,402,,,ITA,24,atp_rankings_2026_01_05.csv
2026-01-05,105732,Pierre Hugues Herbert,154,399,,,FRA,34,atp_rankings_2026_01_05.csv
2026-01-05,123755,Daniel Elahi Galan,155,397,,,COL,29,atp_rankings_2026_01_05.csv
2026-01-05,104527,Stan Wawrinka,156,397,,,SUI,40,atp_rankings_2026_01_05.csv
2026-01-05,210012,Henrique Rocha,157,394,,,POR,21,atp_rankings_2026_01_05.csv
2026-01-05,209911,Guy Den Ouden,158,372,,,NED,23,atp_rankings_2026_01_05.csv
2026-01-05,126663,Juan Pablo Ficovich,159,369,,,ARG,28,atp_rankings_2026_01_05.csv
2026-01-05,210053,Luka Mikrut,160,365,,,CRO,21,atp_rankings_2026_01_05.csv
2026-01-05,133297,Yosuke Watanuki,161,364,,,JPN,27,atp_rankings_2026_01_05.csv
2026-01-05,200436,Zsombor Piros,162,353,,,HUN,26,atp_rankings_2026_01_05.csv
2026-01-05,210017,Daniel Merida Aguilar,163,353,,,ESP,21,atp_rankings_2026_01_05.csv
2026-01-05,209414,Luca Van Assche,164,352,,,FRA,21,atp_rankings_2026_01_05.csv
2026-01-05,212588,Rafael Jodar,165,349,,,ESP,19,atp_rankings_2026_01_05.csv
2026-01-05,126964,Vitaliy Sachko,166,349,,,UKR,28,atp_rankings_2026_01_05.csv
2026-01-05,208004,Harold Mayot,167,345,,,FRA,23,atp_rankings_2026_01_05.csv
2026-01-05,200711,Nicolas Mejia,168,344,,,COL,25,atp_rankings_2026_01_05.csv
2026-01-05,106109,Alex Bolt,169,339,,,AUS,33,atp_rankings_2026_01_05.csv
2026-01-05,126128,Roman Safiullin,170,338,,,RUS,28,atp_rankings_2026_01_05.csv
2026-01-05,111200,Elias Ymer,171,337,,,SWE,29,atp_rankings_2026_01_05.csv
2026-01-05,210460,Nishesh Basavareddy,172,336,,,USA,20,atp_rankings_2026_01_05.csv
2026-01-05,102093,Martin Damm,173,330,,,USA,22,atp_rankings_2026_01_05.csv
2026-01-05,126652,Jay Clarke,174,330,,,GBR,27,atp_rankings_2026_01_05.csv
2026-01-05,126409,Hugo Grenier,175,327,,,FRA,29,atp_rankings_2026_01_05.csv
2026-01-05,144645,Zdenek Kolar,176,327,,,CZE,29,atp_rankings_2026_01_05.csv
2026-01-05,209857,Leandro Riedi,177,326,,,SUI,23,atp_rankings_2026_01_05.csv
2026-01-05,207729,Tristan Boyer,178,326,,,USA,24,atp_rankings_2026_01_05.csv
2026-01-05,200059,Yibing Wu,179,322,,,CHN,26,atp_rankings_2026_01_05.csv
2026-01-05,211514,Justin Engel,180,316,,,GER,18,atp_rankings_2026_01_05.csv
2026-01-05,208843,Jerome Kym,181,315,,,SUI,22,atp_rankings_2026_01_05.csv
2026-01-05,210116,Michael Zheng,182,315,,,USA,21,atp_rankings_2026_01_05.csv
2026-01-05,208013,Dane Sweeny,183,315,,,AUS,24,atp_rankings_2026_01_05.csv
2026-01-05,105554,Daniel Evans,184,314,,,GBR,35,atp_rankings_2026_01_05.csv
2026-01-05,209259,Arthur Fery,185,313,,,GBR,23,atp_rankings_2026_01_05.csv
2026-01-05,209875,Alex Barrena,186,312,,,ARG,23,atp_rankings_2026_01_05.csv
2026-01-05,106071,Bernard Tomic,187,312,,,AUS,33,atp_rankings_2026_01_05.csv
2026-01-05,210317,James Mccabe,188,309,,,AUS,22,atp_rankings_2026_01_05.csv
2026-01-05,105882,Stefano Travaglia,189,308,,,ITA,34,atp_rankings_2026_01_05.csv
2026-01-05,144870,Federico Agustin Gomez,190,306,,,ARG,29,atp_rankings_2026_01_05.csv
2026-01-05,200416,August Holmgren,191,305,,,DEN,27,atp_rankings_2026_01_05.csv
2026-01-05,106186,Jason Kubler,192,305,,,AUS,32,atp_rankings_2026_01_05.csv
2026-01-05,208223,Alvaro Guillen Meza,193,305,,,ECU,23,atp_rankings_2026_01_05.csv
2026-01-05,106329,Thiago Monteiro,194,304,,,BRA,31,atp_rankings_2026_01_05.csv
2026-01-05,200514,Jurij Rodionov,195,304,,,AUT,26,atp_rankings_2026_01_05.csv
2026-01-05,206750,Daniil Glinka,196,297,,,EST,25,atp_rankings_2026_01_05.csv
2026-01-05,209849,Sascha Gueymard Wayenburg,197,297,,,FRA,22,atp_rankings_2026_01_05.csv
2026-01-05,200610,Oliver Crawford,198,293,,,GBR,26,atp_rankings_2026_01_05.csv
2026-01-05,200385,Dan Added,199,293,,,FRA,26,atp_rankings_2026_01_05.csv
2026-01-05,210536,Rei Sakamoto,200,292,,,JPN,19,atp_rankings_2026_01_05.csv
2026-01-05,209957,Jack Pinnington Jones,201,287,,,GBR,22,atp_rankings_2026_01_05.csv
2026-01-05,144684,Alex Molcan,202,286,,,SVK,28,atp_rankings_2026_01_05.csv
2026-01-05,106283,Mitchell Krueger,203,284,,,USA,31,atp_rankings_2026_01_05.csv
2026-01-05,206307,Joao Lucas Reis Da Silva,204,284,,,BRA,25,atp_rankings_2026_01_05.csv
2026-01-05,211451,Gilles Arnaud Bailly,205,283,,,BEL,20,atp_rankings_2026_01_05.csv
2026-01-05,202127,Clement Tabur,206,282,,,FRA,25,atp_rankings_2026_01_05.csv
2026-01-05,208210,Chris Rodesch,207,280,,,LUX,24,atp_rankings_2026_01_05.csv
2026-01-05,210178,Juan Carlos Prado Angelo,208,279,,,BOL,20,atp_rankings_2026_01_05.csv
2026-01-05,207785,George Loffhagen,209,278,,,GBR,24,atp_rankings_2026_01_05.csv
2026-01-05,207680,Facundo Diaz Acosta,210,275,,,ARG,25,atp_rankings_2026_01_05.csv
2026-01-05,208010,Pablo Llamas Ruiz,211,274,,,ESP,23,atp_rankings_2026_01_05.csv
2026-01-05,105841,Lorenzo Giustino,212,274,,,ITA,34,atp_rankings_2026_01_05.csv
2026-01-05,200008,Alexis Galarneau,213,272,,,CAN,26,atp_rankings_2026_01_05.csv
2026-01-05,208293,Gonzalo Bueno,214,271,,,PER,21,atp_rankings_2026_01_05.csv
2026-01-05,209326,Murphy Cassone,215,268,,,USA,23,atp_rankings_2026_01_05.csv
2026-01-05,205734,Thiago Seyboth Wild,216,263,,,BRA,25,atp_rankings_2026_01_05.csv
2026-01-05,202146,Luka Pavlovic,217,262,,,FRA,25,atp_rankings_2026_01_05.csv
2026-01-05,126106,Ryan Peniston,218,260,,,GBR,30,atp_rankings_2026_01_05.csv
2026-01-05,200318,Yu Hsiou Hsu,219,259,,,TPE,26,atp_rankings_2026_01_05.csv
2026-01-05,144750,Lloyd Harris,220,256,,,RSA,28,atp_rankings_2026_01_05.csv
2026-01-05,122078,Dmitry Popko,221,255,,,KAZ,29,atp_rankings_2026_01_05.csv
2026-01-05,123983,Nerman Fatic,222,254,,,BIH,31,atp_rankings_2026_01_05.csv
2026-01-05,200335,Felipe Meligeni Alves,223,251,,,BRA,27,atp_rankings_2026_01_05.csv
2026-01-05,144973,Santiago Fa Rodriguez Taverna,224,250,,,ARG,26,atp_rankings_2026_01_05.csv
2026-01-05,207884,Arthur Bouquier,225,247,,,FRA,25,atp_rankings_2026_01_05.csv
2026-01-05,106065,Marco Cecchinato,226,247,,,ITA,33,atp_rankings_2026_01_05.csv
2026-01-05,200677,Rio Noguchi,227,247,,,JPN,27,atp_rankings_2026_01_05.csv
2026-01-05,144821,Genaro Alberto Olivieri,228,247,,,ARG,27,atp_rankings_2026_01_05.csv
2026-01-05,210202,Rodrigo Pacheco Mendez,229,247,,,MEX,20,atp_rankings_2026_01_05.csv
2026-01-05,209903,Lukas Neumayer,230,246,,,AUT,23,atp_rankings_2026_01_05.csv
2026-01-05,212063,Matej Dodig,231,244,,,CRO,20,atp_rankings_2026_01_05.csv
2026-01-05,210297,Lautaro Midon,232,243,,,ARG,21,atp_rankings_2026_01_05.csv
2026-01-05,208902,Johannus Monday,233,242,,,GBR,23,atp_rankings_2026_01_05.csv
2026-01-05,210748,Federico Cina,234,240,,,ITA,18,atp_rankings_2026_01_05.csv
2026-01-05,207608,Timofey Skatov,235,238,,,KAZ,24,atp_rankings_2026_01_05.csv
2026-01-05,209916,Marko Topo,236,234,,,GER,22,atp_rankings_2026_01_05.csv
2026-01-05,209405,Daniel Rincon,237,234,,,ESP,22,atp_rankings_2026_01_05.csv
2026-01-05,105453,Kei Nishikori,238,232,,,JPN,36,atp_rankings_2026_01_05.csv
2026-01-05,208361,Gustavo Heide,239,232,,,BRA,23,atp_rankings_2026_01_05.csv
2026-01-05,126340,Viktor Durasovic,240,232,,,NOR,28,atp_rankings_2026_01_05.csv
2026-01-05,210338,Arthur Gea,241,229,,,FRA,21,atp_rankings_2026_01_05.csv
2026-01-05,105911,Andrea Collarini,242,228,,,ARG,33,atp_rankings_2026_01_05.csv
2026-01-05,208279,Alejandro Moro Canas,243,225,,,ESP,25,atp_rankings_2026_01_05.csv
2026-01-05,200273,Hady Habib,244,223,,,LIB,27,atp_rankings_2026_01_05.csv
2026-01-05,208069,Max Houkes,245,221,,,NED,25,atp_rankings_2026_01_05.csv
2026-01-05,106293,Kimmer Coppejans,246,218,,,BEL,31,atp_rankings_2026_01_05.csv
2026-01-05,123961,Murkel Alejandro Dellien Velasco,247,218,,,BOL,28,atp_rankings_2026_01_05.csv
2026-01-05,212044,Yi Zhou,248,217,,,CHN,20,atp_rankings_2026_01_05.csv
2026-01-05,207415,Daniel Michalski,249,217,,,POL,25,atp_rankings_2026_01_05.csv
2026-01-05,144817,Marc Andrea Huesler,250,216,,,SUI,29,atp_rankings_2026_01_05.csv
2026-01-05,111187,Kaichi Uchida,251,216,,,JPN,31,atp_rankings_2026_01_05.csv
2026-01-05,206889,Clement Chidekh,252,215,,,FRA,24,atp_rankings_2026_01_05.csv
2026-01-05,122669,Juan Pablo Varillas,253,213,,,PER,30,atp_rankings_2026_01_05.csv
2026-01-05,212082,Joel Schwaerzler,254,213,,,AUT,19,atp_rankings_2026_01_05.csv
2026-01-05,200329,Remy Bertola,255,212,,,SUI,27,atp_rankings_2026_01_05.csv
2026-01-05,144972,Geoffrey Blancaneaux,256,212,,,FRA,27,atp_rankings_2026_01_05.csv
2026-01-05,106044,Nicolas Kicker,257,210,,,ARG,33,atp_rankings_2026_01_05.csv
2026-01-05,123809,Ivan Gakhov,258,210,,,RUS,29,atp_rankings_2026_01_05.csv
2026-01-05,133975,Benjamin Hassan,259,208,,,LBN,30,atp_rankings_2026_01_05.csv
2026-01-05,123921,Calvin Hemery,260,208,,,FRA,30,atp_rankings_2026_01_05.csv
2026-01-05,210389,Toby Samuel,261,204,,,GBR,23,atp_rankings_2026_01_05.csv
2026-01-05,106220,Dimitar Kuzmanov,262,204,,,BUL,32,atp_rankings_2026_01_05.csv
2026-01-05,106393,Frederico Ferreira Silva,263,202,,,POR,30,atp_rankings_2026_01_05.csv
2026-01-05,200452,Patrick Zahraj,264,202,,,GER,26,atp_rankings_2026_01_05.csv
2026-01-05,211500,Tiago Pereira,265,202,,,POR,21,atp_rankings_2026_01_05.csv
2026-01-05,206904,Gauthier Onclin,266,200,,,BEL,24,atp_rankings_2026_01_05.csv
2026-01-05,105948,Federico Coria,267,200,,,ARG,33,atp_rankings_2026_01_05.csv
2026-01-05,209512,Tom Paris,268,200,,,FRA,23,atp_rankings_2026_01_05.csv
2026-01-05,211346,Andres Martin,269,200,,,USA,24,atp_rankings_2026_01_05.csv
2026-01-05,200748,Andres Andrade,270,200,,,ECU,27,atp_rankings_2026_01_05.csv
2026-01-05,209899,Ilia Simakin,271,199,,,RUS,22,atp_rankings_2026_01_05.csv
2026-01-05,210220,Edas Butvilas,272,199,,,LTU,21,atp_rankings_2026_01_05.csv
2026-01-05,208046,Pedro Boscardin Dias,273,197,,,BRA,22,atp_rankings_2026_01_05.csv
2026-01-05,111806,Fajing Sun,274,196,,,CHN,29,atp_rankings_2026_01_05.csv
2026-01-05,111576,Sumit Nagal,275,195,,,IND,28,atp_rankings_2026_01_05.csv
2026-01-05,202260,Henri Squire,276,195,,,GER,25,atp_rankings_2026_01_05.csv
2026-01-05,202320,Beibit Zhukayev,277,193,,,KAZ,25,atp_rankings_2026_01_05.csv
2026-01-05,202262,Filip Cristian Jianu,278,190,,,ROU,24,atp_rankings_2026_01_05.csv
2026-01-05,126206,Alex Rybakov,279,189,,,USA,28,atp_rankings_2026_01_05.csv
2026-01-05,208852,Stefanos Sakellaridis,280,187,,,GRE,21,atp_rankings_2026_01_05.csv
2026-01-05,202147,Florent Bax,281,187,,,FRA,26,atp_rankings_2026_01_05.csv
2026-01-05,111153,Christopher Eubanks,282,186,,,USA,29,atp_rankings_2026_01_05.csv
2026-01-05,202400,Alastair Gray,283,186,,,GBR,27,atp_rankings_2026_01_05.csv
2026-01-05,208182,Saba Purtseladze,284,185,,,GEO,24,atp_rankings_2026_01_05.csv
2026-01-05,111581,Michael Mmoh,285,184,,,USA,27,atp_rankings_2026_01_05.csv
2026-01-05,129911,Marat Sharipov,286,184,,,RUS,23,atp_rankings_2026_01_05.csv
2026-01-05,111578,Stefan Kozlov,287,182,,,USA,27,atp_rankings_2026_01_05.csv
2026-01-05,210119,Andrej Nedic,288,182,,,BIH,21,atp_rankings_2026_01_05.csv
2026-01-05,210167,Tom Gentzsch,289,181,,,GER,22,atp_rankings_2026_01_05.csv
2026-01-05,208257,Fabrizio Andaloro,290,180,,,ITA,24,atp_rankings_2026_01_05.csv
2026-01-05,209406,Abedallah Shelbayh,291,179,,,JOR,22,atp_rankings_2026_01_05.csv
2026-01-05,208143,Garrett Johns,292,179,,,USA,25,atp_rankings_2026_01_05.csv
2026-01-05,127339,Borna Gojo,293,178,,,CRO,27,atp_rankings_2026_01_05.csv
2026-01-05,208342,Tyler Zink,294,178,,,USA,24,atp_rankings_2026_01_05.csv
2026-01-05,126107,Michael Geerts,295,178,,,BEL,30,atp_rankings_2026_01_05.csv
2026-01-05,105613,Norbert Gombos,296,177,,,SVK,35,atp_rankings_2026_01_05.csv
2026-01-05,210464,Darwin Blanch,297,176,,,USA,18,atp_rankings_2026_01_05.csv
2026-01-05,207799,Matheus Pucinelli De Almeida,298,176,,,BRA,24,atp_rankings_2026_01_05.csv
2026-01-05,207491,Sandro Kopp,299,176,,,AUT,25,atp_rankings_2026_01_05.csv
2026-01-05,202235,Jacopo Berrettini,300,175,,,ITA,27,atp_rankings_2026_01_05.csv
2026-01-05,210558,Hynek Barton,301,175,,,CZE,21,atp_rankings_2026_01_05.csv
2026-01-05,209850,Robin Bertrand,302,175,,,FRA,22,atp_rankings_2026_01_05.csv
2026-01-05,106281,Liam Broady,303,174,,,GBR,32,atp_rankings_2026_01_05.csv
2026-01-05,208389,James Trotter,304,173,,,JPN,26,atp_rankings_2026_01_05.csv
2026-01-05,207663,Nikolas Sanchez Izquierdo,305,169,,,ESP,26,atp_rankings_2026_01_05.csv
2026-01-05,210557,Petr Brunclik,306,168,,,CZE,19,atp_rankings_2026_01_05.csv
2026-01-05,106034,Yasutaka Uchiyama,307,167,,,JPN,33,atp_rankings_2026_01_05.csv
2026-01-05,208421,Lilian Marmousez,308,167,,,FRA,24,atp_rankings_2026_01_05.csv
2026-01-05,144826,Aziz Dougaz,309,166,,,TUN,28,atp_rankings_2026_01_05.csv
2026-01-05,211533,Gianluca Cadenasso,310,166,,,ITA,21,atp_rankings_2026_01_05.csv
2026-01-05,209131,Eliakim Coulibaly,311,165,,,CIV,23,atp_rankings_2026_01_05.csv
2026-01-05,207784,Harry Wendelken,312,165,,,GBR,24,atp_rankings_2026_01_05.csv
2026-01-05,105062,Mikhail Kukushkin,313,164,,,KAZ,38,atp_rankings_2026_01_05.csv
2026-01-05,117361,Akira Santillan,314,162,,,AUS,28,atp_rankings_2026_01_05.csv
2026-01-05,200277,Charles Broom,315,161,,,GBR,27,atp_rankings_2026_01_05.csv
2026-01-05,202199,Carlos Sanchez Jover,316,161,,,ESP,25,atp_rankings_2026_01_05.csv
2026-01-05,207732,Miguel Damas,317,159,,,ESP,26,atp_rankings_2026_01_05.csv
2026-01-05,104755,Richard Gasquet,318,158,,,FRA,39,atp_rankings_2026_01_05.csv
2026-01-05,200188,Matteo Martineau,319,158,,,FRA,26,atp_rankings_2026_01_05.csv
2026-01-05,200346,Mats Rosenkranz,320,158,,,GER,27,atp_rankings_2026_01_05.csv
2026-01-05,106057,Facundo Mena,321,157,,,ARG,33,atp_rankings_2026_01_05.csv
2026-01-05,126337,Renta Tokuda,322,157,,,JPN,27,atp_rankings_2026_01_05.csv
2026-01-05,206589,Gabi Adrian Boitan,323,157,,,ROU,26,atp_rankings_2026_01_05.csv
2026-01-05,202475,Philip Henning,324,156,,,RSA,25,atp_rankings_2026_01_05.csv
2026-01-05,200666,Jie Cui,325,156,,,CHN,27,atp_rankings_2026_01_05.csv
2026-01-05,209951,Petr Bar Biryukov,326,156,,,RUS,23,atp_rankings_2026_01_05.csv
2026-01-05,117357,Omar Jasika,327,155,,,AUS,28,atp_rankings_2026_01_05.csv
2026-01-05,207231,Mathys Erhard,328,155,,,FRA,24,atp_rankings_2026_01_05.csv
2026-01-05,207213,Duje Ajdukovic,329,153,,,CRO,24,atp_rankings_2026_01_05.csv
2026-01-05,208144,Giles Hussey,330,151,,,GBR,28,atp_rankings_2026_01_05.csv
2026-01-05,210472,Oliver Tarvet,331,150,,,GBR,22,atp_rankings_2026_01_05.csv
2026-01-05,105413,Andrej Martin,332,149,,,SVK,36,atp_rankings_2026_01_05.csv
2026-01-05,106162,Franco Agamenone,333,149,,,ITA,32,atp_rankings_2026_01_05.csv
2026-01-05,131934,Andrea Vavassori,334,147,,,ITA,30,atp_rankings_2026_01_05.csv
2026-01-05,125847,Jelle Sels,335,147,,,NED,30,atp_rankings_2026_01_05.csv
2026-01-05,132041,Alfredo Perez,336,147,,,USA,28,atp_rankings_2026_01_05.csv
2026-01-05,207171,Hamish Stewart,337,147,,,GBR,26,atp_rankings_2026_01_05.csv
2026-01-05,105180,Daniel Dutra Da Silva,338,146,,,BRA,37,atp_rankings_2026_01_05.csv
2026-01-05,111454,Li Tu,339,145,,,AUS,29,atp_rankings_2026_01_05.csv
2026-01-05,200672,Sergey Fomin,340,145,,,UZB,24,atp_rankings_2026_01_05.csv
2026-01-05,207605,Jakub Paul,341,144,,,SUI,26,atp_rankings_2026_01_05.csv
2026-01-05,210042,Gabriele Piraino,342,144,,,ITA,22,atp_rankings_2026_01_05.csv
2026-01-05,211617,Maxim Mrva,343,144,,,CZE,18,atp_rankings_2026_01_05.csv
2026-01-05,106380,Gonzalo Villanueva,344,144,,,ARG,30,atp_rankings_2026_01_05.csv
2026-01-05,209983,Mika Brunold,345,143,,,SUI,21,atp_rankings_2026_01_05.csv
2026-01-05,105649,Cedrik Marcel Stebe,346,142,,,GER,35,atp_rankings_2026_01_05.csv
2026-01-05,209322,Martin Krumich,347,142,,,CZE,23,atp_rankings_2026_01_05.csv
2026-01-05,212309,Diego Dedura Palomero,348,142,,,GER,17,atp_rankings_2026_01_05.csv
2026-01-05,202122,Yuta Shimizu,349,141,,,JPN,26,atp_rankings_2026_01_05.csv
2026-01-05,208364,Franco Roncadelli,350,141,,,URU,25,atp_rankings_2026_01_05.csv
2026-01-05,211577,Antoine Ghibaudo,351,140,,,FRA,20,atp_rankings_2026_01_05.csv
2026-01-05,200266,Javier Barranco Cosano,352,139,,,ESP,27,atp_rankings_2026_01_05.csv
2026-01-05,211902,Henry Searle,353,137,,,GBR,19,atp_rankings_2026_01_05.csv
2026-01-05,210382,Maximus Jones,354,137,,,THA,21,atp_rankings_2026_01_05.csv
2026-01-05,210318,Andre Ilagan,355,137,,,USA,25,atp_rankings_2026_01_05.csv
2026-01-05,135753,Patrick Maloney,356,136,,,USA,25,atp_rankings_2026_01_05.csv
2026-01-05,200321,San Hui Sin,357,136,,,KOR,28,atp_rankings_2026_01_05.csv
2026-01-05,132052,Christian Langmo,358,136,,,USA,29,atp_rankings_2026_01_05.csv
2026-01-05,202075,Adria Soriano Barrera,359,135,,,COL,26,atp_rankings_2026_01_05.csv
2026-01-05,200374,Nicolas Alvarez Varona,360,135,,,ESP,24,atp_rankings_2026_01_05.csv
2026-01-05,111202,Hyeon Chung,361,134,,,KOR,29,atp_rankings_2026_01_05.csv
2026-01-05,208502,Dominic Stricker,362,133,,,SUI,23,atp_rankings_2026_01_05.csv
2026-01-05,208913,Juan Bautista Torres,363,133,,,ARG,23,atp_rankings_2026_01_05.csv
2026-01-05,209079,Samir Banerjee,364,132,,,USA,22,atp_rankings_2026_01_05.csv
2026-01-05,208230,Alibek Kachmazov,365,130,,,RUS,23,atp_rankings_2026_01_05.csv
2026-01-05,105671,Gastao Elias,366,130,,,POR,35,atp_rankings_2026_01_05.csv
2026-01-05,106292,Hernan Casanova,367,130,,,ARG,31,atp_rankings_2026_01_05.csv
2026-01-05,122352,Christoph Negritu,368,130,,,GER,31,atp_rankings_2026_01_05.csv
2026-01-05,206553,Luca Potenza,369,130,,,ITA,25,atp_rankings_2026_01_05.csv
2026-01-05,106121,Taro Daniel,370,128,,,JPN,32,atp_rankings_2026_01_05.csv
2026-01-05,208269,Felix Gill,371,128,,,GBR,23,atp_rankings_2026_01_05.csv
2026-01-05,209907,Viacheslav Bielinskyi,372,128,,,UKR,22,atp_rankings_2026_01_05.csv
2026-01-05,106072,Alexey Vatutin,373,128,,,RUS,33,atp_rankings_2026_01_05.csv
2026-01-05,207815,Guido Ivan Justo,374,128,,,ARG,28,atp_rankings_2026_01_05.csv
2026-01-05,207546,Pol Martin Tiffon,375,127,,,ESP,26,atp_rankings_2026_01_05.csv
2026-01-05,206703,Paul Jubb,376,127,,,GBR,26,atp_rankings_2026_01_05.csv
2026-01-05,210005,Kilian Feldbausch,377,127,,,SUI,20,atp_rankings_2026_01_05.csv
2026-01-05,106203,Pedro Sakamoto,378,127,,,BRA,32,atp_rankings_2026_01_05.csv
2026-01-05,126555,Tung Lin Wu,379,127,,,TPE,27,atp_rankings_2026_01_05.csv
2026-01-05,206467,Federico Arnaboldi,380,126,,,ITA,25,atp_rankings_2026_01_05.csv
2026-01-05,206470,Cezar Cretu,381,126,,,ROU,24,atp_rankings_2026_01_05.csv
2026-01-05,106187,Denis Yevseyev,382,126,,,KAZ,32,atp_rankings_2026_01_05.csv
2026-01-05,212216,Trevor Svajda,383,124,,,USA,19,atp_rankings_2026_01_05.csv
2026-01-05,134840,Raul Brancaccio,384,124,,,ITA,28,atp_rankings_2026_01_05.csv
2026-01-05,208024,Max Alcala Gurri,385,124,,,ESP,23,atp_rankings_2026_01_05.csv
2026-01-05,144656,Corentin Denolly,386,124,,,FRA,28,atp_rankings_2026_01_05.csv
2026-01-05,202420,Aidan Mchugh,387,123,,,GBR,25,atp_rankings_2026_01_05.csv
2026-01-05,209890,Mili Poljicak,388,123,,,CRO,21,atp_rankings_2026_01_05.csv
2026-01-05,122554,David Jorda Sanchis,389,123,,,ESP,31,atp_rankings_2026_01_05.csv
2026-01-05,207130,Matias Soto,390,122,,,CHI,26,atp_rankings_2026_01_05.csv
2026-01-05,117360,Marc Polmans,391,121,,,AUS,28,atp_rankings_2026_01_05.csv
2026-01-05,200484,Rudolf Molleker,392,121,,,GER,25,atp_rankings_2026_01_05.csv
2026-01-05,211627,Hayato Matsuoka,393,121,,,JPN,20,atp_rankings_2026_01_05.csv
2026-01-05,105487,Facundo Bagnis,394,120,,,ARG,35,atp_rankings_2026_01_05.csv
2026-01-05,209354,Ioannis Xilas,395,120,,,GRE,24,atp_rankings_2026_01_05.csv
2026-01-05,212241,Carlo Alberto Caniato,396,120,,,ITA,20,atp_rankings_2026_01_05.csv
2026-01-05,208104,Andrea Picchione,397,119,,,ITA,27,atp_rankings_2026_01_05.csv
2026-01-05,211325,Aryan Shah,398,119,,,IND,20,atp_rankings_2026_01_05.csv
2026-01-05,105077,Albert Ramos,399,118,,,ESP,37,atp_rankings_2026_01_05.csv
2026-01-05,127108,Igor Ribeiro Marcondes,400,118,,,BRA,28,atp_rankings_2026_01_05.csv
2026-01-05,212251,Daniel Milavsky,401,118,,,USA,24,atp_rankings_2026_01_05.csv
2026-01-05,207669,Robert Strombachs,402,118,,,LAT,26,atp_rankings_2026_01_05.csv
2026-01-05,212222,Raphael Perot,403,117,,,FRA,24,atp_rankings_2026_01_05.csv
2026-01-05,131911,Lucas Poullain,404,117,,,FRA,30,atp_rankings_2026_01_05.csv
2026-01-05,106005,Constant Lestienne,405,116,,,FRA,33,atp_rankings_2026_01_05.csv
2026-01-05,209992,Juncheng Shang,406,115,,,CHN,20,atp_rankings_2026_01_05.csv
2026-01-05,126183,Mariano Kestelboim,407,115,,,ARG,29,atp_rankings_2026_01_05.csv
2026-01-05,207368,Mert Alkaya,408,115,,,TUR,25,atp_rankings_2026_01_05.csv
2026-01-05,208540,Inaki Montes De La Torre,409,115,,,ESP,23,atp_rankings_2026_01_05.csv
2026-01-05,207834,Juan Alejandro Hernandez Serrano,410,115,,,MEX,26,atp_rankings_2026_01_05.csv
2026-01-05,106177,Oriol Roca Batalla,411,114,,,ESP,32,atp_rankings_2026_01_05.csv
2026-01-05,208025,Alex Martinez,412,114,,,ESP,24,atp_rankings_2026_01_05.csv
2026-01-05,206912,Stuart Parker,413,112,,,GBR,28,atp_rankings_2026_01_05.csv
2026-01-05,202239,Florian Broska,414,112,,,GER,28,atp_rankings_2026_01_05.csv
2026-01-05,200309,Marek Gengel,415,112,,,CZE,30,atp_rankings_2026_01_05.csv
2026-01-05,208937,Kasidit Samrej,416,112,,,THA,24,atp_rankings_2026_01_05.csv
2026-01-05,209407,Max Basing,417,111,,,GBR,23,atp_rankings_2026_01_05.csv
2026-01-05,105575,Ricardas Berankis,418,111,,,LTU,35,atp_rankings_2026_01_05.csv
2026-01-05,209874,Maks Kasnikowski,419,111,,,POL,22,atp_rankings_2026_01_05.csv
2026-01-05,212020,Michele Ribecai,420,111,,,ITA,22,atp_rankings_2026_01_05.csv
2026-01-05,202297,Dan Martin,421,110,,,CAN,26,atp_rankings_2026_01_05.csv
2026-01-05,132573,Luca Castelnuovo,422,110,,,SUI,28,atp_rankings_2026_01_05.csv
2026-01-05,105938,Antoine Escoffier,423,110,,,FRA,33,atp_rankings_2026_01_05.csv
2026-01-05,202113,Hikaru Shiraishi,424,110,,,JPN,25,atp_rankings_2026_01_05.csv
2026-01-05,212077,Lorenzo Carboni,425,110,,,ITA,19,atp_rankings_2026_01_05.csv
2026-01-05,202333,Keegan Smith,426,109,,,USA,27,atp_rankings_2026_01_05.csv
2026-01-05,207484,Neil Oberleitner,427,109,,,AUT,26,atp_rankings_2026_01_05.csv
2026-01-05,134068,Vadym Ursu,428,109,,,UKR,29,atp_rankings_2026_01_05.csv
2026-01-05,208044,Etienne Donnet,429,108,,,FRA,24,atp_rankings_2026_01_05.csv
2026-01-05,105430,Radu Albot,430,108,,,MDA,36,atp_rankings_2026_01_05.csv
2026-01-05,210250,Erik Arutiunian,431,108,,,BLR,21,atp_rankings_2026_01_05.csv
2026-01-05,106232,Roberto Cid,432,107,,,DOM,32,atp_rankings_2026_01_05.csv
2026-01-05,210412,Juan Manuel La Serna,433,107,,,ARG,21,atp_rankings_2026_01_05.csv
2026-01-05,210377,Luciano Emanuel Ambrogi,434,107,,,ARG,22,atp_rankings_2026_01_05.csv
2026-01-05,144716,Oleg Prihodko,435,106,,,UKR,28,atp_rankings_2026_01_05.csv
2026-01-05,209984,Milos Karol,436,106,,,SVK,23,atp_rankings_2026_01_05.csv
2026-01-05,211898,Mae Malige,437,106,,,FRA,19,atp_rankings_2026_01_05.csv
2026-01-05,207527,Buvaysar Gadamauri,438,106,,,BEL,25,atp_rankings_2026_01_05.csv
2026-01-05,210682,Federico Bondioli,439,106,,,ITA,20,atp_rankings_2026_01_05.csv
2026-01-05,207186,Arthur Weber,440,105,,,FRA,33,atp_rankings_2026_01_05.csv
2026-01-05,207797,Jonas Forejtek,441,105,,,CZE,24,atp_rankings_2026_01_05.csv
2026-01-05,208328,Max Wiskandt,442,104,,,GER,23,atp_rankings_2026_01_05.csv
2026-01-05,209167,Olle Wallin,443,103,,,SWE,24,atp_rankings_2026_01_05.csv
2026-01-05,207200,Cyril Vandermeersch,444,103,,,FRA,26,atp_rankings_2026_01_05.csv
2026-01-05,208240,Alexandr Binda,445,103,,,ITA,24,atp_rankings_2026_01_05.csv
2026-01-05,202271,Lorenzo Joaquin Rodriguez,446,103,,,ARG,26,atp_rankings_2026_01_05.csv
2026-01-05,126523,Bernabe Zapata Miralles,447,102,,,ESP,28,atp_rankings_2026_01_05.csv
2026-01-05,109303,Stefano Napolitano,448,101,,,ITA,30,atp_rankings_2026_01_05.csv
2026-01-05,207129,Yanki Erel,449,101,,,TUR,25,atp_rankings_2026_01_05.csv
2026-01-05,106423,Thanasi Kokkinakis,450,100,,,AUS,29,atp_rankings_2026_01_05.csv
2026-01-05,209898,Dali Blanch,451,100,,,USA,22,atp_rankings_2026_01_05.csv
2026-01-05,208189,Gianmarco Ferrari,452,100,,,ITA,25,atp_rankings_2026_01_05.csv
2026-01-05,126208,Yusuke Takahashi,453,99,,,JPN,28,atp_rankings_2026_01_05.csv
2026-01-05,210425,Svyatoslav Gulin,454,98,,,RUS,23,atp_rankings_2026_01_05.csv
2026-01-05,200216,Giovanni Fonio,455,98,,,ITA,27,atp_rankings_2026_01_05.csv
2026-01-05,210142,Olaf Pieczkowski,456,98,,,POL,21,atp_rankings_2026_01_05.csv
2026-01-05,210393,Maxim Zhukov,457,98,,,RUS,20,atp_rankings_2026_01_05.csv
2026-01-05,208649,Andrew Fenty,458,98,,,USA,25,atp_rankings_2026_01_05.csv
2026-01-05,202359,Marvin Moeller,459,97,,,GER,26,atp_rankings_2026_01_05.csv
2026-01-05,127123,Mateus Alves,460,97,,,BRA,24,atp_rankings_2026_01_05.csv
2026-01-05,200184,Andrey Chepelev,461,97,,,RUS,27,atp_rankings_2026_01_05.csv
2026-01-05,200495,Eduardo Ribeiro,462,96,,,BRA,27,atp_rankings_2026_01_05.csv
2026-01-05,207878,James Story,463,96,,,GBR,24,atp_rankings_2026_01_05.csv
2026-01-05,111190,Zhizhen Zhang,464,95,,,CHN,29,atp_rankings_2026_01_05.csv
2026-01-05,212207,Ognjen Milic,465,95,,,SRB,18,atp_rankings_2026_01_05.csv
2026-01-05,210000,Karan Singh,466,94,,,IND,22,atp_rankings_2026_01_05.csv
2026-01-05,207490,Carlos Lopez Montagud,467,94,,,ESP,25,atp_rankings_2026_01_05.csv
2026-01-05,207998,Takuya Kumasaka,468,93,,,JPN,27,atp_rankings_2026_01_05.csv
2026-01-05,211661,Juan Estevez,469,93,,,ARG,20,atp_rankings_2026_01_05.csv
2026-01-05,208322,Eric Vanshelboim,470,93,,,UKR,24,atp_rankings_2026_01_05.csv
2026-01-05,206325,Pedro Vives Marcos,471,92,,,ESP,24,atp_rankings_2026_01_05.csv
2026-01-05,208092,Filippo Moroni,472,92,,,ITA,24,atp_rankings_2026_01_05.csv
2026-01-05,209931,Lukas Pokorny,473,92,,,SVK,23,atp_rankings_2026_01_05.csv
2026-01-05,106290,Filip Peliwo,474,92,,,POL,31,atp_rankings_2026_01_05.csv
2026-01-05,106362,Laurent Lokoli,475,91,,,FRA,31,atp_rankings_2026_01_05.csv
2026-01-05,207239,Nikolay Vylegzhanin,476,91,,,RUS,25,atp_rankings_2026_01_05.csv
2026-01-05,117359,Jake Delaney,477,91,,,AUS,28,atp_rankings_2026_01_05.csv
2026-01-05,105806,Mirza Basic,478,90,,,BIH,34,atp_rankings_2026_01_05.csv
2026-01-05,209264,Pietro Fellin,479,90,,,ITA,24,atp_rankings_2026_01_05.csv
2026-01-05,200303,Pavel Kotov,480,89,,,RUS,27,atp_rankings_2026_01_05.csv
2026-01-05,126952,Soon Woo Kwon,481,89,,,KOR,28,atp_rankings_2026_01_05.csv
2026-01-05,105339,Yan Bai,482,89,,,CHN,36,atp_rankings_2026_01_05.csv
2026-01-05,202356,Tsung Hao Huang,483,89,,,TPE,26,atp_rankings_2026_01_05.csv
2026-01-05,202366,Tadeas Paroulek,484,89,,,CZE,26,atp_rankings_2026_01_05.csv
2026-01-05,207728,Moerani Bouzige,485,89,,,AUS,26,atp_rankings_2026_01_05.csv
2026-01-05,209080,Blaise Bicknell,486,88,,,JAM,24,atp_rankings_2026_01_05.csv
2026-01-05,209952,Sean Cuenin,487,88,,,FRA,21,atp_rankings_2026_01_05.csv
2026-01-05,210214,Joao Eduardo Schiessl,488,88,,,BRA,21,atp_rankings_2026_01_05.csv
2026-01-05,144814,Eero Vasa,489,88,,,FIN,28,atp_rankings_2026_01_05.csv
2026-01-05,200255,Alexander Weis,490,88,,,ITA,28,atp_rankings_2026_01_05.csv
2026-01-05,211504,Jack Loge,491,88,,,BEL,21,atp_rankings_2026_01_05.csv
2026-01-05,210085,Lui Maxted,492,87,,,GBR,22,atp_rankings_2026_01_05.csv
2026-01-05,209362,Aristotelis Thanos,493,87,,,GRE,24,atp_rankings_2026_01_05.csv
2026-01-05,210399,Edward Winter,494,87,,,AUS,21,atp_rankings_2026_01_05.csv
2026-01-05,210025,Branko Djuric,495,87,,,SRB,20,atp_rankings_2026_01_05.csv
2026-01-05,106310,Alexander Ritschard,496,86,,,SUI,31,atp_rankings_2026_01_05.csv
2026-01-05,210107,Bor Artnak,497,86,,,SLO,21,atp_rankings_2026_01_05.csv
2026-01-05,200550,Vladyslav Orlov,498,86,,,UKR,30,atp_rankings_2026_01_05.csv
2026-01-05,210221,Jay Dylan Hara Friend,499,85,,,JPN,22,atp_rankings_2026_01_05.csv
2026-01-05,207657,Tristan Mccormick,500,85,,,USA,26,atp_rankings_2026_01_05.csv
2026-01-05,212531,Nicolas Arseneault,501,84,,,CAN,18,atp_rankings_2026_01_05.csv
2026-01-05,105655,Hiroki Moriya,502,84,,,JPN,35,atp_rankings_2026_01_05.csv
2026-01-05,133872,Enrico Dalla Valle,503,84,,,ITA,27,atp_rankings_2026_01_05.csv
2026-01-05,209518,Tibo Colson,504,84,,,BEL,25,atp_rankings_2026_01_05.csv
2026-01-05,207704,Alex Marti Pujolras,505,84,,,ESP,26,atp_rankings_2026_01_05.csv
2026-01-05,209191,Oleksandr Ovcharenko,506,84,,,UKR,24,atp_rankings_2026_01_05.csv
2026-01-05,207502,Stefan Palosi,507,84,,,ROU,25,atp_rankings_2026_01_05.csv
2026-01-05,136440,Dominik Koepfer,508,83,,,GER,31,atp_rankings_2026_01_05.csv
2026-01-05,134329,Blake Ellis,509,83,,,AUS,26,atp_rankings_2026_01_05.csv
2026-01-05,148679,Henry Bernet,510,83,,,SUI,18,atp_rankings_2026_01_05.csv
2026-01-05,200462,Andrea Guerrieri,511,83,,,ITA,27,atp_rankings_2026_01_05.csv
2026-01-05,208876,Egor Agafonov,512,83,,,RUS,23,atp_rankings_2026_01_05.csv
2026-01-05,105952,Renzo Olivo,513,82,,,ARG,33,atp_rankings_2026_01_05.csv
2026-01-05,207764,Ryan Nijboer,514,82,,,NED,26,atp_rankings_2026_01_05.csv
2026-01-05,212225,Thomas Faurel,515,81,,,FRA,19,atp_rankings_2026_01_05.csv
2026-01-05,210650,Stefan Adrian Andreescu,516,81,,,ROU,24,atp_rankings_2026_01_05.csv
2026-01-05,202354,Matthew Dellavedova,517,81,,,AUS,25,atp_rankings_2026_01_05.csv
2026-01-05,109054,Daniel Masur,518,80,,,GER,31,atp_rankings_2026_01_05.csv
2026-01-05,210340,Philip Sekulic,519,80,,,AUS,22,atp_rankings_2026_01_05.csv
2026-01-05,124154,Sasi Kumar Mukund,520,80,,,IND,28,atp_rankings_2026_01_05.csv
2026-01-05,202290,Dhakshineswar Suresh,521,79,,,IND,25,atp_rankings_2026_01_05.csv
2026-01-05,209318,Petr Nesterov,522,79,,,BUL,22,atp_rankings_2026_01_05.csv
2026-01-05,210129,Samuele Pieri,523,79,,,ITA,23,atp_rankings_2026_01_05.csv
2026-01-05,209274,Carl Emil Overbeck,524,78,,,DEN,24,atp_rankings_2026_01_05.csv
2026-01-05,209254,Valerio Aboian,525,78,,,ARG,23,atp_rankings_2026_01_05.csv
2026-01-05,207987,Ryuki Matsuda,526,78,,,JPN,26,atp_rankings_2026_01_05.csv
2026-01-05,212090,Sergio Callejon Hernando,527,78,,,ESP,21,atp_rankings_2026_01_05.csv
2026-01-05,206867,Tommaso Compagnucci,528,78,,,ITA,26,atp_rankings_2026_01_05.csv
2026-01-05,126125,Maxime Janvier,529,78,,,FRA,29,atp_rankings_2026_01_05.csv
2026-01-05,132744,Alberto Barroso Campos,530,77,,,ESP,29,atp_rankings_2026_01_05.csv
2026-01-05,210029,Bruno Kuzuhara,531,77,,,USA,21,atp_rankings_2026_01_05.csv
2026-01-05,106137,Tristan Lamasine,532,76,,,FRA,32,atp_rankings_2026_01_05.csv
2026-01-05,209863,Leo Borg,533,76,,,SWE,22,atp_rankings_2026_01_05.csv
2026-01-05,110602,Dennis Novak,534,76,,,AUT,32,atp_rankings_2026_01_05.csv
2026-01-05,201987,Masamichi Imamura,535,76,,,JPN,27,atp_rankings_2026_01_05.csv
2026-01-05,209142,Sebastian Gima,536,76,,,ROU,23,atp_rankings_2026_01_05.csv
2026-01-05,207992,Cannon Kingsley,537,75,,,USA,24,atp_rankings_2026_01_05.csv
2026-01-05,209302,Peter Fajta,538,75,,,HUN,23,atp_rankings_2026_01_05.csv
2026-01-05,206662,Georgii Kravchenko,539,75,,,UKR,25,atp_rankings_2026_01_05.csv
2026-01-05,209403,Faris Zakaryia,540,75,,,EGY,24,atp_rankings_2026_01_05.csv
2026-01-05,200661,Yuki Mochizuki,541,74,,,JPN,28,atp_rankings_2026_01_05.csv
2026-01-05,105814,Maximilian Neuchrist,542,74,,,AUT,34,atp_rankings_2026_01_05.csv
2026-01-05,202326,Ivan Marrero Curbelo,543,74,,,ESP,27,atp_rankings_2026_01_05.csv
2026-01-05,210398,Gabriele Pennaforti,544,74,,,ITA,25,atp_rankings_2026_01_05.csv
2026-01-05,200325,Emil Ruusuvuori,545,73,,,FIN,26,atp_rankings_2026_01_05.csv
2026-01-05,126762,Aleksandre Bakshi,546,73,,,GEO,28,atp_rankings_2026_01_05.csv
2026-01-05,209510,Nino Ehrenschneider,547,73,,,GER,24,atp_rankings_2026_01_05.csv
2026-01-05,210121,Kokoro Isomura,548,73,,,JPN,22,atp_rankings_2026_01_05.csv
2026-01-05,144985,Ergi Kirkin,549,72,,,TUR,26,atp_rankings_2026_01_05.csv
2026-01-05,126627,Johan Nikles,550,72,,,SUI,28,atp_rankings_2026_01_05.csv
2026-01-05,207181,Govind Nanda,551,71,,,USA,24,atp_rankings_2026_01_05.csv
2026-01-05,110618,Elmar Ejupovic,552,71,,,GER,32,atp_rankings_2026_01_05.csv
2026-01-05,106264,Karue Sell,553,71,,,BRA,32,atp_rankings_2026_01_05.csv
2026-01-05,208158,Dominik Palan,554,71,,,CZE,25,atp_rankings_2026_01_05.csv
2026-01-05,208297,Maxwell Mckennon,555,71,,,USA,23,atp_rankings_2026_01_05.csv
2026-01-05,211768,Manas Dhamne,556,71,,,IND,18,atp_rankings_2026_01_05.csv
2026-01-05,209871,Amr Elsayed Abdou Ahmed Mohamed,557,71,,,EGY,26,atp_rankings_2026_01_05.csv
2026-01-05,208819,Max Hans Rehberg,558,70,,,GER,22,atp_rankings_2026_01_05.csv
2026-01-05,207993,Justin Boulais,559,70,,,CAN,24,atp_rankings_2026_01_05.csv
2026-01-05,211530,Tomasz Berkieta,560,70,,,POL,19,atp_rankings_2026_01_05.csv
2026-01-05,211727,Pavle Marinkov,561,70,,,AUS,19,atp_rankings_2026_01_05.csv
2026-01-05,207803,Igor Gimenez,562,70,,,BRA,25,atp_rankings_2026_01_05.csv
2026-01-05,210285,Sebastian Sorger,563,69,,,AUT,20,atp_rankings_2026_01_05.csv
2026-01-05,209959,Woobin Shin,564,69,,,KOR,21,atp_rankings_2026_01_05.csv
2026-01-05,125806,Dominik Kellovsky,565,69,,,CZE,29,atp_rankings_2026_01_05.csv
2026-01-05,207708,Dusan Obradovic,566,69,,,SRB,24,atp_rankings_2026_01_05.csv
2026-01-05,208063,Paulo Andre Saraiva Dos Santos,567,69,,,BRA,25,atp_rankings_2026_01_05.csv
2026-01-05,209251,Stefan Popovic,568,68,,,SRB,22,atp_rankings_2026_01_05.csv
2026-01-05,200070,Kirill Kivattsev,569,68,,,RUS,28,atp_rankings_2026_01_05.csv
2026-01-05,207907,Arda Azkara,570,67,,,TUR,22,atp_rankings_2026_01_05.csv
2026-01-05,208071,Oleksii Krutykh,571,67,,,UKR,25,atp_rankings_2026_01_05.csv
2026-01-05,211542,Filippo Romano,572,67,,,ITA,20,atp_rankings_2026_01_05.csv
2026-01-05,207220,Taha Baadi,573,67,,,CAN,24,atp_rankings_2026_01_05.csv
2026-01-05,208457,Radu Mihai Papoe,574,66,,,ROU,23,atp_rankings_2026_01_05.csv
2026-01-05,207760,Anton Matusevich,575,66,,,GBR,24,atp_rankings_2026_01_05.csv
2026-01-05,210714,Robin Catry,576,66,,,FRA,23,atp_rankings_2026_01_05.csv
2026-01-05,211621,Arthur Nagel,577,66,,,FRA,22,atp_rankings_2026_01_05.csv
2026-01-05,200096,Dragos Nicolae Madaras,578,65,,,SWE,28,atp_rankings_2026_01_05.csv
2026-01-05,126939,Khumoun Sultanov,579,65,,,UZB,27,atp_rankings_2026_01_05.csv
2026-01-05,106172,Maxime Chazal,580,65,,,FRA,32,atp_rankings_2026_01_05.csv
2026-01-05,212202,Alvin Nicholas Tudorica,581,65,,,CAN,23,atp_rankings_2026_01_05.csv
2026-01-05,211756,Michal Krajci,582,65,,,SVK,20,atp_rankings_2026_01_05.csv
2026-01-05,106298,Lucas Pouille,583,64,,,FRA,31,atp_rankings_2026_01_05.csv
2026-01-05,105944,Juan Sebastian Gomez,584,64,,,COL,33,atp_rankings_2026_01_05.csv
2026-01-05,210731,Filip Jeff Planinsek,585,64,,,SLO,24,atp_rankings_2026_01_05.csv
2026-01-05,207601,Manuel Mazza,586,64,,,ITA,26,atp_rankings_2026_01_05.csv
2026-01-05,202398,Michael Vrbensky,587,64,,,CZE,26,atp_rankings_2026_01_05.csv
2026-01-05,207969,Stefan Dostanic,588,63,,,USA,24,atp_rankings_2026_01_05.csv
2026-01-05,117356,Cem Ilkel,589,63,,,TUR,30,atp_rankings_2026_01_05.csv
2026-01-05,202150,Dan Alexandru Tomescu,590,63,,,ROU,26,atp_rankings_2026_01_05.csv
2026-01-05,106075,Jozef Kovalik,591,63,,,SVK,33,atp_rankings_2026_01_05.csv
2026-01-05,212258,Adhithya Ganesan,592,63,,,USA,20,atp_rankings_2026_01_05.csv
2026-01-05,101495,Miguel Tobon,593,63,,,COL,19,atp_rankings_2026_01_05.csv
2026-01-05,144970,Constantin Bittoun Kouzmine,594,63,,,FRA,27,atp_rankings_2026_01_05.csv
2026-01-05,210730,Reda Bennani,595,62,,,MAR,18,atp_rankings_2026_01_05.csv
2026-01-05,123993,Lucas Gerch,596,62,,,GER,31,atp_rankings_2026_01_05.csv
2026-01-05,200014,Digvijaypratap Singh,597,62,,,IND,25,atp_rankings_2026_01_05.csv
2026-01-05,212051,Joaquin  Aguilar Cardozo,598,62,,,URU,20,atp_rankings_2026_01_05.csv
2026-01-05,209140,Millen Hurrion,599,62,,,GBR,26,atp_rankings_2026_01_05.csv
2026-01-05,210470,Tai Sach,600,62,,,AUS,23,atp_rankings_2026_01_05.csv
2026-01-05,210054,Matthew William Donald,601,61,,,CZE,21,atp_rankings_2026_01_05.csv
2026-01-05,207202,Karl Poling,602,61,,,USA,26,atp_rankings_2026_01_05.csv
2026-01-05,212598,Emilien Demanet,603,61,,,BEL,20,atp_rankings_2026_01_05.csv
2026-01-05,144907,Adrian Oetzbach,604,61,,,GER,28,atp_rankings_2026_01_05.csv
2026-01-05,210034,Shunsuke Mitsui,605,60,,,JPN,23,atp_rankings_2026_01_05.csv
2026-01-05,200572,Nick Hardt,606,60,,,DOM,25,atp_rankings_2026_01_05.csv
2026-01-05,211628,Koki Matsuda,607,60,,,JPN,25,atp_rankings_2026_01_05.csv
2026-01-05,212749,Andres Santamarta Roig,608,60,,,ESP,18,atp_rankings_2026_01_05.csv
2026-01-05,209416,Juan Carlos Aguilar,609,60,,,CAN,27,atp_rankings_2026_01_05.csv
2026-01-05,211636,Lucio Ratti,610,60,,,ARG,21,atp_rankings_2026_01_05.csv
2026-01-05,212785,Carlos Maria Zarate,611,60,,,ARG,,atp_rankings_2026_01_05.csv
2026-01-05,210604,Loann Massard,612,60,,,FRA,20,atp_rankings_2026_01_05.csv
2026-01-05,144923,Louis Wessels,613,60,,,GER,27,atp_rankings_2026_01_05.csv
2026-01-05,210545,Luis Carlos Alvarez,614,59,,,MEX,21,atp_rankings_2026_01_05.csv
2026-01-05,212268,Max Schoenhaus,615,59,,,GER,18,atp_rankings_2026_01_05.csv
2026-01-05,200214,Alan Fernando Rubio Fierros,616,59,,,MEX,26,atp_rankings_2026_01_05.csv
2026-01-05,208854,Aidan Mayo,617,59,,,USA,22,atp_rankings_2026_01_05.csv
2026-01-05,200445,Maxence Beauge,618,59,,,FRA,25,atp_rankings_2026_01_05.csv
2026-01-05,210498,Gerard Campana Lee,619,59,,,KOR,21,atp_rankings_2026_01_05.csv
2026-01-05,207660,Nicholas David Ionel,620,59,,,ROU,23,atp_rankings_2026_01_05.csv
2026-01-05,209120,Yassine Dlimi,621,58,,,MAR,22,atp_rankings_2026_01_05.csv
2026-01-05,202277,Damien Wenger,622,58,,,SUI,25,atp_rankings_2026_01_05.csv
2026-01-05,212219,Mees Rottgering,623,58,,,NED,18,atp_rankings_2026_01_05.csv
2026-01-05,208605,Mario Gonzalez Fernandez,624,58,,,ESP,23,atp_rankings_2026_01_05.csv
2026-01-05,122113,Yurii Dzhavakian,625,58,,,UKR,32,atp_rankings_2026_01_05.csv
2026-01-05,144707,Mikael Ymer,626,57,,,SWE,27,atp_rankings_2026_01_05.csv
2026-01-05,210083,Jakub Nicod,627,57,,,CZE,21,atp_rankings_2026_01_05.csv
2026-01-05,122495,Shintaro Imai,628,57,,,JPN,32,atp_rankings_2026_01_05.csv
2026-01-05,211543,Lorenzo Sciahbasi,629,57,,,ITA,20,atp_rankings_2026_01_05.csv
2026-01-05,200665,Yuta Kawahashi,630,57,,,JPN,27,atp_rankings_2026_01_05.csv
2026-01-05,212305,Juan Cruz Martin Manzano,631,57,,,ITA,21,atp_rankings_2026_01_05.csv
2026-01-05,133794,S D Prajwal Dev,632,57,,,IND,29,atp_rankings_2026_01_05.csv
2026-01-05,106234,Aslan Karatsev,633,56,,,RUS,32,atp_rankings_2026_01_05.csv
2026-01-05,211501,Kenta Miyoshi,634,56,,,JPN,21,atp_rankings_2026_01_05.csv
2026-01-05,207793,Alec Deckers,635,56,,,NED,25,atp_rankings_2026_01_05.csv
2026-01-05,212160,Ryan Fishback,636,56,,,USA,23,atp_rankings_2026_01_05.csv
2026-01-05,126723,Denys Klok,637,56,,,RUS,27,atp_rankings_2026_01_05.csv
2026-01-05,144841,Christian Sigsgaard,638,55,,,DEN,28,atp_rankings_2026_01_05.csv
2026-01-05,208909,Johan Alexander Rodriguez Rodriguez,639,55,,,COL,22,atp_rankings_2026_01_05.csv
2026-01-05,209338,Daniel Siniakov,640,55,,,CZE,22,atp_rankings_2026_01_05.csv
2026-01-05,208931,Toby Alex Kodat,641,55,,,USA,22,atp_rankings_2026_01_05.csv
2026-01-05,202168,Ye Cong Mo,642,55,,,CHN,25,atp_rankings_2026_01_05.csv
2026-01-05,134120,Kuan Yi Lee,643,55,,,TPE,29,atp_rankings_2026_01_05.csv
2026-01-05,208343,Andrew Paulson,644,54,,,CZE,24,atp_rankings_2026_01_05.csv
2026-01-05,200218,Mate Valkusz,645,54,,,HUN,27,atp_rankings_2026_01_05.csv
2026-01-05,211550,Yusuke Kusuhara,646,54,,,JPN,28,atp_rankings_2026_01_05.csv
2026-01-05,144751,Rigele Te,647,54,,,CHN,28,atp_rankings_2026_01_05.csv
2026-01-05,208099,Santiago De La Fuente,648,54,,,ARG,23,atp_rankings_2026_01_05.csv
2026-01-05,209517,Igor Kudriashov,649,54,,,RUS,22,atp_rankings_2026_01_05.csv
2026-01-05,210668,Massimo Giunta,650,54,,,ITA,21,atp_rankings_2026_01_05.csv
2026-01-05,212190,Karol Filar,651,53,,,POL,27,atp_rankings_2026_01_05.csv
2026-01-05,200030,Facundo Juarez,652,53,,,ITA,28,atp_rankings_2026_01_05.csv
2026-01-05,205842,Arthur Reymond,653,53,,,FRA,26,atp_rankings_2026_01_05.csv
2026-01-05,207994,Chase Ferguson,654,53,,,AUS,27,atp_rankings_2026_01_05.csv
2026-01-05,209247,Axel Garcian,655,53,,,FRA,23,atp_rankings_2026_01_05.csv
2026-01-05,200297,Aziz Ouakaa,656,53,,,TUN,26,atp_rankings_2026_01_05.csv
2026-01-05,210320,Kyle Kang,657,52,,,USA,20,atp_rankings_2026_01_05.csv
2026-01-05,210077,Aidan Kim,658,52,,,USA,21,atp_rankings_2026_01_05.csv
2026-01-05,200366,Olukayode Alafia Damina Ayeni,659,52,,,USA,26,atp_rankings_2026_01_05.csv
2026-01-05,134389,Tim Handel,660,52,,,GER,29,atp_rankings_2026_01_05.csv
2026-01-05,211673,Duncan Chan,661,51,,,CAN,20,atp_rankings_2026_01_05.csv
2026-01-05,213635,Jacopo Vasami,662,51,,,ITA,18,atp_rankings_2026_01_05.csv
2026-01-05,210721,Iliyan Radulov,663,51,,,BUL,20,atp_rankings_2026_01_05.csv
2026-01-05,202418,Stijn Slump,664,51,,,NED,26,atp_rankings_2026_01_05.csv
2026-01-05,202209,Imanol Lopez Morillo,665,51,,,ESP,26,atp_rankings_2026_01_05.csv
2026-01-05,208153,Giuseppe La Vela,666,51,,,ITA,25,atp_rankings_2026_01_05.csv
2026-01-05,209337,Luca Castagnola,667,51,,,ITA,23,atp_rankings_2026_01_05.csv
2026-01-05,209088,Quinn Vandecasteele,668,51,,,USA,23,atp_rankings_2026_01_05.csv
2026-01-05,132831,Giovanni Oradini,669,51,,,ITA,28,atp_rankings_2026_01_05.csv
2026-01-05,106401,Nick Kyrgios,670,50,,,AUS,30,atp_rankings_2026_01_05.csv
2026-01-05,210686,Michael Agwi,671,50,,,IRL,22,atp_rankings_2026_01_05.csv
2026-01-05,211618,Jan Kumstat,672,50,,,CZE,19,atp_rankings_2026_01_05.csv
2026-01-05,212886,Radu David Turcanu,673,50,,,ROU,19,atp_rankings_2026_01_05.csv
2026-01-05,208411,Daniel Antonio Nunez,674,50,,,CHI,24,atp_rankings_2026_01_05.csv
2026-01-05,210687,Pawit Sornlaksup,675,50,,,THA,26,atp_rankings_2026_01_05.csv
2026-01-05,200574,Alexander Donski,676,49,,,BUL,27,atp_rankings_2026_01_05.csv
2026-01-05,111505,Enzo Couacaud,677,49,,,FRA,30,atp_rankings_2026_01_05.csv
2026-01-05,209506,Francesco Forti,678,49,,,ITA,26,atp_rankings_2026_01_05.csv
2026-01-05,212969,Matisse Bobichon,679,49,,,FRA,23,atp_rankings_2026_01_05.csv
2026-01-05,200228,Felix Corwin,680,49,,,USA,29,atp_rankings_2026_01_05.csv
2026-01-05,211639,Alejo Sanchez Quilez,681,49,,,ESP,20,atp_rankings_2026_01_05.csv
2026-01-05,209904,Alejandro Manzanera Pertusa,682,49,,,ESP,22,atp_rankings_2026_01_05.csv
2026-01-05,208265,Pierre Delage,683,49,,,FRA,24,atp_rankings_2026_01_05.csv
2026-01-05,210599,Ryan Dickerson,684,49,,,USA,28,atp_rankings_2026_01_05.csv
2026-01-05,211524,Abel Forger,685,49,,,NED,20,atp_rankings_2026_01_05.csv
2026-01-05,106398,Pedro Cachin,686,48,,,ARG,30,atp_rankings_2026_01_05.csv
2026-01-05,208586,Joshua Sheehy,687,48,,,USA,28,atp_rankings_2026_01_05.csv
2026-01-05,211711,Braden Shick,688,48,,,USA,22,atp_rankings_2026_01_05.csv
2026-01-05,209124,Blu Baker,689,48,,,GBR,24,atp_rankings_2026_01_05.csv
2026-01-05,209043,Yuta Kikuchi,690,48,,,JPN,26,atp_rankings_2026_01_05.csv
2026-01-05,212286,Rodrigo Alujas,691,48,,,MEX,23,atp_rankings_2026_01_05.csv
2026-01-05,109694,Pedro Araujo,692,48,,,POR,23,atp_rankings_2026_01_05.csv
2026-01-05,133997,Sergi Perez Contri,693,48,,,ESP,27,atp_rankings_2026_01_05.csv
2026-01-05,106168,Sidharth Rawat,694,47,,,IND,32,atp_rankings_2026_01_05.csv
2026-01-05,126177,Strong Kirchheimer,695,47,,,USA,30,atp_rankings_2026_01_05.csv
2026-01-05,134457,Nicolas Moreno De Alboran,696,46,,,USA,28,atp_rankings_2026_01_05.csv
2026-01-05,210295,Cooper Williams,697,46,,,USA,20,atp_rankings_2026_01_05.csv
2026-01-05,213003,Pierluigi Basile,698,46,,,ITA,18,atp_rankings_2026_01_05.csv
2026-01-05,210513,Tuncay Duran,699,46,,,TUR,21,atp_rankings_2026_01_05.csv
2026-01-05,212221,Tianhui Zhang,700,46,,,CHN,19,atp_rankings_2026_01_05.csv
2026-01-05,210505,Marcel Zielinski,701,46,,,POL,25,atp_rankings_2026_01_05.csv
2026-01-05,208253,Niels Visker,702,46,,,NED,24,atp_rankings_2026_01_05.csv
2026-01-05,106378,Kyle Edmund,703,45,,,GBR,30,atp_rankings_2026_01_05.csv
2026-01-05,212104,Pablo Martinez Gomez,704,45,,,ESP,19,atp_rankings_2026_01_05.csv
2026-01-05,211767,James Watt,705,45,,,NZL,25,atp_rankings_2026_01_05.csv
2026-01-05,126209,Peter Bertran,706,45,,,DOM,29,atp_rankings_2026_01_05.csv
2026-01-05,111788,Naoki Nakagawa,707,45,,,JPN,29,atp_rankings_2026_01_05.csv
2026-01-05,126335,Sora Fukuda,708,45,,,JPN,28,atp_rankings_2026_01_05.csv
2026-01-05,208431,Semen Pankin,709,45,,,RUS,26,atp_rankings_2026_01_05.csv
2026-01-05,212244,Gabriel Ghetu,710,45,,,ROU,18,atp_rankings_2026_01_05.csv
2026-01-05,212070,Ali Yazdani,711,45,,,IRI,22,atp_rankings_2026_01_05.csv
2026-01-05,200713,Federico Iannaccone,712,45,,,ITA,26,atp_rankings_2026_01_05.csv
2026-01-05,104932,Kenny De Schepper,713,45,,,FRA,38,atp_rankings_2026_01_05.csv
2026-01-05,211409,Guillaume Dalmasso,714,45,,,FRA,23,atp_rankings_2026_01_05.csv
2026-01-05,210744,Kaylan Bigun,715,44,,,USA,19,atp_rankings_2026_01_05.csv
2026-01-05,202154,Uisung Park,716,44,,,KOR,25,atp_rankings_2026_01_05.csv
2026-01-05,105700,Jose Pereira,717,44,,,BRA,34,atp_rankings_2026_01_05.csv
2026-01-05,213149,Felix Balshaw,718,44,,,FRA,19,atp_rankings_2026_01_05.csv
2026-01-05,209128,Diego Augusto Barreto Sanchez,719,44,,,ESP,23,atp_rankings_2026_01_05.csv
2026-01-05,202148,Michiel De Krom,720,44,,,NED,27,atp_rankings_2026_01_05.csv
2026-01-05,210672,Leo Vithoontien,721,44,,,JPN,26,atp_rankings_2026_01_05.csv
2026-01-05,109946,Pedro Rodrigues,722,43,,,BRA,19,atp_rankings_2026_01_05.csv
2026-01-05,106167,Joris De Loore,723,43,,,BEL,32,atp_rankings_2026_01_05.csv
2026-01-05,211758,Matthew Summers,724,43,,,GBR,27,atp_rankings_2026_01_05.csv
2026-01-05,209971,Michael Bassem Sobhy,725,43,,,EGY,21,atp_rankings_2026_01_05.csv
2026-01-05,210099,Dinko Dinev,726,43,,,BUL,21,atp_rankings_2026_01_05.csv
2026-01-05,207557,Maik Steiner,727,43,,,GER,31,atp_rankings_2026_01_05.csv
2026-01-05,131905,Manuel Guinard,728,42,,,FRA,30,atp_rankings_2026_01_05.csv
2026-01-05,138485,Conner Huertas Del Pino,729,42,,,PER,30,atp_rankings_2026_01_05.csv
2026-01-05,106227,Ji Sung Nam,730,42,,,KOR,32,atp_rankings_2026_01_05.csv
2026-01-05,133820,Ignacio Monzon,731,42,,,ARG,28,atp_rankings_2026_01_05.csv
2026-01-05,132999,Kai Wehnelt,732,42,,,GER,30,atp_rankings_2026_01_05.csv
2026-01-05,210200,Yanaki Milev,733,42,,,BUL,21,atp_rankings_2026_01_05.csv
2026-01-05,208285,Fausto Tabacco,734,42,,,ITA,23,atp_rankings_2026_01_05.csv
2026-01-05,213178,Cruz Hewitt,735,41,,,AUS,17,atp_rankings_2026_01_05.csv
2026-01-05,208126,John Echeverria,736,41,,,ESP,24,atp_rankings_2026_01_05.csv
2026-01-05,209867,Daniil Ostapenkov,737,41,,,BLR,22,atp_rankings_2026_01_05.csv
2026-01-05,208168,Nicolas Tepmahc,738,41,,,FRA,24,atp_rankings_2026_01_05.csv
2026-01-05,213001,Mika Petkovic,739,41,,,GER,19,atp_rankings_2026_01_05.csv
2026-01-05,109739,Maximilian Marterer,740,40,,,GER,30,atp_rankings_2026_01_05.csv
2026-01-05,209334,Micah Braswell,741,40,,,USA,24,atp_rankings_2026_01_05.csv
2026-01-05,210494,Theo Papamalamis,742,40,,,FRA,19,atp_rankings_2026_01_05.csv
2026-01-05,207664,Luca Staeheli,743,40,,,SUI,25,atp_rankings_2026_01_05.csv
2026-01-05,200270,Alex Knaff,744,40,,,LUX,28,atp_rankings_2026_01_05.csv
2026-01-05,209185,Alessandro Pecci,745,40,,,ITA,24,atp_rankings_2026_01_05.csv
2026-01-05,208078,Tomas Farjat,746,40,,,ARG,24,atp_rankings_2026_01_05.csv
2026-01-05,210537,Josip Simundza,747,40,,,CRO,21,atp_rankings_2026_01_05.csv
2026-01-05,149145,Matteo Covato,748,40,,,ITA,20,atp_rankings_2026_01_05.csv
2026-01-05,202230,Maxence Bertimon,749,40,,,FRA,26,atp_rankings_2026_01_05.csv
2026-01-05,209985,Amaury Raynel,750,40,,,FRA,23,atp_rankings_2026_01_05.csv
2026-01-05,212029,Dimitris Sakellaridis,751,40,,,GRE,19,atp_rankings_2026_01_05.csv
2026-01-05,210726,Cesar Bouchelaghem,752,39,,,FRA,21,atp_rankings_2026_01_05.csv
2026-01-05,212157,Timofei Derepasko,753,39,,,RUS,18,atp_rankings_2026_01_05.csv
2026-01-05,208426,Tiago Torres,754,39,,,POR,23,atp_rankings_2026_01_05.csv
2026-01-05,212830,Samuel Alejandro Linde Palacios,755,39,,,COL,18,atp_rankings_2026_01_05.csv
2026-01-05,212831,Samuel Heredia,756,39,,,COL,19,atp_rankings_2026_01_05.csv
2026-01-05,200330,Tomas Curras Abasolo,757,39,,,ESP,25,atp_rankings_2026_01_05.csv
2026-01-05,200632,Evan Zhu,758,39,,,USA,27,atp_rankings_2026_01_05.csv
2026-01-05,134794,Alexis Gautier,759,38,,,FRA,28,atp_rankings_2026_01_05.csv
2026-01-05,206573,Trey Hilderbrand,760,38,,,USA,25,atp_rankings_2026_01_05.csv
2026-01-05,132017,Mwendwa Mbithi,761,38,,,USA,27,atp_rankings_2026_01_05.csv
2026-01-05,210254,Adrien Gobat,762,38,,,FRA,24,atp_rankings_2026_01_05.csv
2026-01-05,211901,Yanis Ghazouani Durand,763,38,,,FRA,25,atp_rankings_2026_01_05.csv
2026-01-05,106296,Gregoire Barrere,764,37,,,FRA,31,atp_rankings_2026_01_05.csv
2026-01-05,144748,Kris Van Wyk,765,37,,,RSA,29,atp_rankings_2026_01_05.csv
2026-01-05,210447,Leo Raquillet,766,37,,,FRA,20,atp_rankings_2026_01_05.csv
2026-01-05,212203,Luca Preda,767,37,,,ROU,19,atp_rankings_2026_01_05.csv
2026-01-05,211897,Naoya Honda,768,37,,,JPN,19,atp_rankings_2026_01_05.csv
2026-01-05,210145,John Sperle,769,37,,,GER,23,atp_rankings_2026_01_05.csv
2026-01-05,210294,Jack Anthrop,770,36,,,USA,22,atp_rankings_2026_01_05.csv
2026-01-05,210098,Victor Lilov,771,36,,,USA,21,atp_rankings_2026_01_05.csv
2026-01-05,209095,Francisco Rocha,772,36,,,POR,26,atp_rankings_2026_01_05.csv
2026-01-05,208386,Matt Kuhar,773,36,,,USA,29,atp_rankings_2026_01_05.csv
2026-01-05,211324,Mitsuki Wei Kang Leong,774,36,,,MAS,21,atp_rankings_2026_01_05.csv
2026-01-05,202089,Aleksandr Braynin,775,36,,,UKR,26,atp_rankings_2026_01_05.csv
2026-01-05,210223,Leonardo Rossi,776,36,,,ITA,23,atp_rankings_2026_01_05.csv
2026-01-05,212455,Lucas Andrade Da Silva,777,35,,,BRA,20,atp_rankings_2026_01_05.csv
2026-01-05,210488,Roger Pascual Ferra,778,35,,,ESP,19,atp_rankings_2026_01_05.csv
2026-01-05,211558,Karim Bennani,779,35,,,MAR,18,atp_rankings_2026_01_05.csv
2026-01-05,106078,Egor Gerasimov,780,35,,,BLR,33,atp_rankings_2026_01_05.csv
2026-01-05,200538,Matyas Fuele,781,35,,,HUN,27,atp_rankings_2026_01_05.csv
2026-01-05,210236,Attila Boros,782,35,,,HUN,22,atp_rankings_2026_01_05.csv
2026-01-05,209278,Alec Beckley,783,35,,,RSA,24,atp_rankings_2026_01_05.csv
2026-01-05,207592,Martin Van Der Meerschen,784,35,,,BEL,25,atp_rankings_2026_01_05.csv
2026-01-05,124040,Colin Sinclair,785,35,,,NMI,31,atp_rankings_2026_01_05.csv
2026-01-05,213713,Melios Efstathiou,786,35,,,CYP,,atp_rankings_2026_01_05.csv
2026-01-05,121264,Oscar Jose Gutierrez,787,35,,,BRA,32,atp_rankings_2026_01_05.csv
2026-01-05,106397,Wishaya Trongcharoenchaikul,788,35,,,THA,30,atp_rankings_2026_01_05.csv
2026-01-05,209360,Samir Hamza Reguig,789,35,,,ALG,23,atp_rankings_2026_01_05.csv
2026-01-05,212248,Fryderyk Lechno Wasiutynski,790,34,,,POL,20,atp_rankings_2026_01_05.csv
2026-01-05,125802,Ilya Ivashka,791,34,,,BLR,31,atp_rankings_2026_01_05.csv
2026-01-05,211479,Gustavo Ribeiro De Almeida,792,34,,,BRA,19,atp_rankings_2026_01_05.csv
2026-01-05,207134,Fitriadi M Rifqi,793,34,,,INA,26,atp_rankings_2026_01_05.csv
2026-01-05,144915,Mikalai Haliak,794,34,,,BLR,27,atp_rankings_2026_01_05.csv
2026-01-05,209246,Alan Magadan,795,34,,,MEX,24,atp_rankings_2026_01_05.csv
2026-01-05,209330,Bautista Vilicich,796,34,,,ARG,24,atp_rankings_2026_01_05.csv
2026-01-05,209038,Linang Xiao,797,34,,,CHN,25,atp_rankings_2026_01_05.csv
2026-01-05,206916,Joshua Charlton,798,34,,,AUS,26,atp_rankings_2026_01_05.csv
2026-01-05,207776,William Grant,799,34,,,USA,24,atp_rankings_2026_01_05.csv
2026-01-05,211391,Iannis Miletich,800,34,,,ITA,20,atp_rankings_2026_01_05.csv
2026-01-05,210477,Artur Kukasian,801,34,,,RUS,21,atp_rankings_2026_01_05.csv
2026-01-05,200670,J J Wolf,802,33,,,USA,27,atp_rankings_2026_01_05.csv
2026-01-05,208267,Oscar Weightman,803,33,,,GBR,24,atp_rankings_2026_01_05.csv
2026-01-05,212285,Albert Pedrico Kravtsov,804,33,,,ESP,20,atp_rankings_2026_01_05.csv
2026-01-05,214590,Nikita Belozertsev,805,33,,,UZB,17,atp_rankings_2026_01_05.csv
2026-01-05,210203,Pedro Rodenas,806,33,,,ESP,21,atp_rankings_2026_01_05.csv
2026-01-05,106348,Evgeny Karlovskiy,807,33,,,RUS,31,atp_rankings_2026_01_05.csv
2026-01-05,212839,Oliver Bonding,808,33,,,GBR,18,atp_rankings_2026_01_05.csv
2026-01-05,131910,Lucas Bouquet,809,33,,,FRA,28,atp_rankings_2026_01_05.csv
2026-01-05,117353,Duck Hee Lee,810,33,,,KOR,27,atp_rankings_2026_01_05.csv
2026-01-05,206923,Shinji Hazawa,811,33,,,JPN,26,atp_rankings_2026_01_05.csv
2026-01-05,210629,Alejandro Juan Mano,812,33,,,ESP,20,atp_rankings_2026_01_05.csv
2026-01-05,200086,Toufik Sahtali,813,33,,,ALG,26,atp_rankings_2026_01_05.csv
2026-01-05,105868,Wilson Leite,814,33,,,BRA,34,atp_rankings_2026_01_05.csv
2026-01-05,134276,Jacob Brumm,815,33,,,USA,27,atp_rankings_2026_01_05.csv
2026-01-05,208861,Keisuke Saitoh,816,32,,,JPN,24,atp_rankings_2026_01_05.csv
2026-01-05,210218,Bruno Fernandez,817,32,,,BRA,21,atp_rankings_2026_01_05.csv
2026-01-05,208055,Ajeet Rai,818,32,,,NZL,26,atp_rankings_2026_01_05.csv
2026-01-05,207788,Thanapet Chanta,819,32,,,THA,26,atp_rankings_2026_01_05.csv
2026-01-05,210143,Maximilian Homberg,820,32,,,GER,22,atp_rankings_2026_01_05.csv
2026-01-05,209164,Lorenzo Rottoli,821,32,,,ITA,23,atp_rankings_2026_01_05.csv
2026-01-05,208277,Taiyo Yamanaka,822,32,,,JPN,24,atp_rankings_2026_01_05.csv
2026-01-05,210553,Jacob Bradshaw,823,31,,,AUS,23,atp_rankings_2026_01_05.csv
2026-01-05,202065,Petros Tsitsipas,824,31,,,GRE,25,atp_rankings_2026_01_05.csv
2026-01-05,209163,Emile Hudd,825,31,,,GBR,25,atp_rankings_2026_01_05.csv
2026-01-05,212788,Amir Omarkhanov,826,31,,,KAZ,18,atp_rankings_2026_01_05.csv
2026-01-05,210424,Michel Hopp,827,31,,,GER,27,atp_rankings_2026_01_05.csv
2026-01-05,212288,Vincent Marysko,828,31,,,GER,19,atp_rankings_2026_01_05.csv
2026-01-05,212603,Benjamin Torrealba,829,31,,,CHI,20,atp_rankings_2026_01_05.csv
2026-01-05,206749,Niccolo Catini,830,31,,,ITA,28,atp_rankings_2026_01_05.csv
2026-01-05,105373,Martin Klizan,831,30,,,SVK,36,atp_rankings_2026_01_05.csv
2026-01-05,209198,Gian Luca Tanner,832,30,,,SUI,24,atp_rankings_2026_01_05.csv
2026-01-05,213608,Moise Kouame,833,30,,,FRA,16,atp_rankings_2026_01_05.csv
2026-01-05,209099,Kristijan Juhas,834,30,,,SRB,24,atp_rankings_2026_01_05.csv
2026-01-05,210577,Alejandro Turriziani Alvarez,835,30,,,ESP,22,atp_rankings_2026_01_05.csv
2026-01-05,212784,Maximo Zeitune,836,30,,,ARG,18,atp_rankings_2026_01_05.csv
2026-01-05,207535,Marlon Vankan,837,30,,,GER,25,atp_rankings_2026_01_05.csv
2026-01-05,126185,Evgenii Tiurnev,838,29,,,RUS,28,atp_rankings_2026_01_05.csv
2026-01-05,210132,Julio Cesar Porras,839,29,,,ARG,27,atp_rankings_2026_01_05.csv
2026-01-05,208094,Jorge Plans,840,29,,,ESP,23,atp_rankings_2026_01_05.csv
2026-01-05,202258,Rafael Izquierdo Luque,841,29,,,ESP,25,atp_rankings_2026_01_05.csv
2026-01-05,208532,Thiago Cigarran,842,29,,,ARG,25,atp_rankings_2026_01_05.csv
2026-01-05,208132,Noah Schachter,843,29,,,USA,26,atp_rankings_2026_01_05.csv
2026-01-05,202346,Ben Jones,844,29,,,GBR,27,atp_rankings_2026_01_05.csv
2026-01-05,210554,Marko Maksimovic,845,29,,,SRB,19,atp_rankings_2026_01_05.csv
2026-01-05,207456,Dong Ju Kim,846,28,,,KOR,23,atp_rankings_2026_01_05.csv
2026-01-05,211566,Patrick Schoen,847,28,,,SUI,20,atp_rankings_2026_01_05.csv
2026-01-05,210328,Matt Ponchet,848,28,,,FRA,21,atp_rankings_2026_01_05.csv
2026-01-05,212115,Hoyoung Roh,848,28,,,KOR,19,atp_rankings_2026_01_05.csv
2026-01-05,213010,Marc Van Der Merwe,850,28,,,RSA,31,atp_rankings_2026_01_05.csv
2026-01-05,208166,Xiaofei Wang,851,28,,,CHN,22,atp_rankings_2026_01_05.csv
2026-01-05,104729,Ivan Nedelko,852,28,,,RUS,39,atp_rankings_2026_01_05.csv
2026-01-05,125833,Mert Naci Turker,853,28,,,TUR,27,atp_rankings_2026_01_05.csv
2026-01-05,212978,Izan Almazan Valiente,854,28,,,ESP,19,atp_rankings_2026_01_05.csv
2026-01-05,212306,Ignacio Parisca,855,28,,,VEN,20,atp_rankings_2026_01_05.csv
2026-01-05,202124,Kosuke Ogura,856,28,,,JPN,29,atp_rankings_2026_01_05.csv
2026-01-05,200276,Niklas Schell,857,28,,,GER,27,atp_rankings_2026_01_05.csv
2026-01-05,208147,Alexandre Aubriot,858,28,,,FRA,26,atp_rankings_2026_01_05.csv
2026-01-05,210048,Pierre Yves Bailly,859,27,,,BEL,22,atp_rankings_2026_01_05.csv
2026-01-05,202342,Ryan Seggerman,860,27,,,USA,26,atp_rankings_2026_01_05.csv
2026-01-05,206922,Luca Wiedenmann,861,27,,,GER,27,atp_rankings_2026_01_05.csv
2026-01-05,105332,Benoit Paire,862,27,,,FRA,36,atp_rankings_2026_01_05.csv
2026-01-05,200598,Isaiah Strode,863,27,,,USA,28,atp_rankings_2026_01_05.csv
2026-01-05,212127,Charlie Robertson,864,27,,,GBR,19,atp_rankings_2026_01_05.csv
2026-01-05,209882,Jeffrey Von Der Schulenburg,865,27,,,SUI,23,atp_rankings_2026_01_05.csv
2026-01-05,209937,Giorgio Tabacco,866,27,,,ITA,22,atp_rankings_2026_01_05.csv
2026-01-05,206556,Lautaro Agustin Falabella,867,27,,,ARG,27,atp_rankings_2026_01_05.csv
2026-01-05,210623,Jakub Filip,868,27,,,CZE,20,atp_rankings_2026_01_05.csv
2026-01-05,211707,Amit Vales,869,27,,,ISR,20,atp_rankings_2026_01_05.csv
2026-01-05,211708,Manuel Plunger,870,26,,,ITA,23,atp_rankings_2026_01_05.csv
2026-01-05,148674,Emon Van Loben Sels,870,26,,,USA,21,atp_rankings_2026_01_05.csv
2026-01-05,206921,Scott Jones,872,26,,,AUS,27,atp_rankings_2026_01_05.csv
2026-01-05,209928,Kalin Ivanovski,873,26,,,MKD,21,atp_rankings_2026_01_05.csv
2026-01-05,208302,Nikola Slavic,874,26,,,SWE,25,atp_rankings_2026_01_05.csv
2026-01-05,200671,Daisuke Sumizawa,875,26,,,JPN,26,atp_rankings_2026_01_05.csv
2026-01-05,210063,Matyas Cerny,876,26,,,CZE,24,atp_rankings_2026_01_05.csv
2026-01-05,208533,Joao Victor Couto Loureiro,877,26,,,BRA,22,atp_rankings_2026_01_05.csv
2026-01-05,209253,Andrea Fiorentini,878,26,,,ITA,24,atp_rankings_2026_01_05.csv
2026-01-05,106043,Diego Schwartzman,879,25,,,ARG,33,atp_rankings_2026_01_05.csv
2026-01-05,149842,Nicolas Ian Kotzen,880,25,,,USA,22,atp_rankings_2026_01_05.csv
2026-01-05,207736,Arklon Huertas Del Pino,881,25,,,PER,31,atp_rankings_2026_01_05.csv
2026-01-05,126165,Aoran Wang,882,25,,,CHN,28,atp_rankings_2026_01_05.csv
2026-01-05,132310,Tiago Cacao,883,25,,,POR,27,atp_rankings_2026_01_05.csv
2026-01-05,209905,Shunsuke Nakagawa,884,25,,,JPN,25,atp_rankings_2026_01_05.csv
2026-01-05,210265,Aleksandr Lobanov,885,25,,,RUS,24,atp_rankings_2026_01_05.csv
2026-01-05,133014,Enzo Wallart,886,25,,,FRA,28,atp_rankings_2026_01_05.csv
2026-01-05,209956,Dev Javia,887,25,,,IND,23,atp_rankings_2026_01_05.csv
2026-01-05,207383,Taisei Ichikawa,888,25,,,JPN,25,atp_rankings_2026_01_05.csv
2026-01-05,210652,Dragos Nicolae Cazacu,889,25,,,ROU,21,atp_rankings_2026_01_05.csv
2026-01-05,126197,Orlando Luz,890,24,,,BRA,27,atp_rankings_2026_01_05.csv
2026-01-05,209943,Ilya Snitari,891,24,,,MDA,23,atp_rankings_2026_01_05.csv
2026-01-05,209914,Andreja Petrovic,892,24,,,NOR,25,atp_rankings_2026_01_05.csv
2026-01-05,126135,Jumpei Yamasaki,893,24,,,JPN,28,atp_rankings_2026_01_05.csv
2026-01-05,211649,Fernando Cavallo,894,24,,,ARG,20,atp_rankings_2026_01_05.csv
2026-01-05,207404,Miles Jones,895,24,,,USA,25,atp_rankings_2026_01_05.csv
2026-01-05,208867,Tomas Luis,896,24,,,POR,23,atp_rankings_2026_01_05.csv
2026-01-05,212748,Anas Mazdrashki,897,24,,,BUL,,atp_rankings_2026_01_05.csv
2026-01-05,126216,Alexander Klintcharov,898,24,,,NZL,29,atp_rankings_2026_01_05.csv
2026-01-05,207893,Daniel De Jonge,899,24,,,NED,26,atp_rankings_2026_01_05.csv
2026-01-05,200220,Ezekiel Clark,900,24,,,USA,27,atp_rankings_2026_01_05.csv
2026-01-05,210252,Seydina Andre,901,24,,,SEN,22,atp_rankings_2026_01_05.csv
2026-01-05,212171,Nicolas Jadoun,902,24,,,FRA,23,atp_rankings_2026_01_05.csv
2026-01-05,202334,Jesse Delaney,903,24,,,AUS,27,atp_rankings_2026_01_05.csv
2026-01-05,209394,Anton Shepp,904,23,,,NZL,23,atp_rankings_2026_01_05.csv
2026-01-05,106288,Mathias Bourgue,905,23,,,FRA,31,atp_rankings_2026_01_05.csv
2026-01-05,207407,Peter Makk,905,23,,,HUN,24,atp_rankings_2026_01_05.csv
2026-01-05,212780,Enzo Kohlmann De Freitas,907,23,,,BRA,19,atp_rankings_2026_01_05.csv
2026-01-05,212071,Kasra Rahmani,908,23,,,IRI,19,atp_rankings_2026_01_05.csv
2026-01-05,126971,Marcus Walters,909,23,,,GBR,27,atp_rankings_2026_01_05.csv
2026-01-05,208264,Carles Hernandez,910,23,,,ESP,24,atp_rankings_2026_01_05.csv
2026-01-05,208818,Finn Murgett,911,23,,,GBR,24,atp_rankings_2026_01_05.csv
2026-01-05,144925,Nitin Kumar Sinha,912,23,,,IND,26,atp_rankings_2026_01_05.csv
2026-01-05,200125,Mykyta Mashtakov,913,23,,,UKR,26,atp_rankings_2026_01_05.csv
2026-01-05,200441,Grigoriy Lomakin,914,23,,,KAZ,27,atp_rankings_2026_01_05.csv
2026-01-05,212733,Matthew Forbes,915,22,,,USA,19,atp_rankings_2026_01_05.csv
2026-01-05,210531,Paul Inchauspe,916,22,,,FRA,21,atp_rankings_2026_01_05.csv
2026-01-05,213932,Theodore Dean,917,22,,,USA,23,atp_rankings_2026_01_05.csv
2026-01-05,209166,Calvin Mueller,918,22,,,GER,25,atp_rankings_2026_01_05.csv
2026-01-05,213760,Pavel Lagutin,919,22,,,RUS,20,atp_rankings_2026_01_05.csv
2026-01-05,200595,Lorenzo Bocchi,920,22,,,ITA,28,atp_rankings_2026_01_05.csv
2026-01-05,210483,Yaojie Zeng,921,22,,,CHN,23,atp_rankings_2026_01_05.csv
2026-01-05,212832,Salvador Price,922,22,,,COL,20,atp_rankings_2026_01_05.csv
2026-01-05,207676,Adan Freire Da Silva,923,22,,,FRA,26,atp_rankings_2026_01_05.csv
2026-01-05,208466,Evan Bynoe,924,22,,,USA,26,atp_rankings_2026_01_05.csv
2026-01-05,209923,Romain Faucon,925,22,,,BEL,23,atp_rankings_2026_01_05.csv
2026-01-05,209233,Pietro Marino,926,22,,,ITA,24,atp_rankings_2026_01_05.csv
2026-01-05,212076,Zoran Ludoski,927,21,,,SRB,20,atp_rankings_2026_01_05.csv
2026-01-05,208237,Aleksa Ciric,928,21,,,SRB,25,atp_rankings_2026_01_05.csv
2026-01-05,211790,Rudy Quan,929,21,,,USA,19,atp_rankings_2026_01_05.csv
2026-01-05,210091,Filip Pieczonka,930,21,,,POL,21,atp_rankings_2026_01_05.csv
2026-01-05,208897,Pablo Masjuan Ginel,931,21,,,ESP,23,atp_rankings_2026_01_05.csv
2026-01-05,212311,Stijn Paardekooper,932,21,,,NED,22,atp_rankings_2026_01_05.csv
2026-01-05,211774,Ryotaro Taguchi,933,21,,,JPN,25,atp_rankings_2026_01_05.csv
2026-01-05,212269,Marc Majdandzic,934,21,,,GER,20,atp_rankings_2026_01_05.csv
2026-01-05,126581,Juan Sebastian Osorio,935,21,,,COL,28,atp_rankings_2026_01_05.csv
2026-01-05,202125,Benjamin Pietri,936,21,,,FRA,29,atp_rankings_2026_01_05.csv
2026-01-05,210715,Yaroslav Demin,937,21,,,RUS,20,atp_rankings_2026_01_05.csv
2026-01-05,210003,Chirag Duhan,938,21,,,IND,22,atp_rankings_2026_01_05.csv
2026-01-05,208250,Mihai Razvan Marinescu,939,21,,,ROU,24,atp_rankings_2026_01_05.csv
2026-01-05,105731,Steven Diez,940,20,,,CAN,34,atp_rankings_2026_01_05.csv
2026-01-05,126283,Yunseong Chung,941,20,,,KOR,27,atp_rankings_2026_01_05.csv
2026-01-05,129814,Ivan Ivanov,942,20,,,BUL,17,atp_rankings_2026_01_05.csv
2026-01-05,208229,Qian Sun,943,20,,,CHN,24,atp_rankings_2026_01_05.csv
2026-01-05,211564,Brian Bozemoj,944,20,,,NED,22,atp_rankings_2026_01_05.csv
2026-01-05,207794,Younes Lalami Laaroussi,945,20,,,MAR,24,atp_rankings_2026_01_05.csv
2026-01-05,144932,Kristjan Tamm,946,20,,,EST,27,atp_rankings_2026_01_05.csv
2026-01-05,200050,Finn Bass,947,20,,,GBR,26,atp_rankings_2026_01_05.csv
2026-01-05,208925,John Hallquist Lithen,948,20,,,SWE,24,atp_rankings_2026_01_05.csv
2026-01-05,208051,Axel Nefve,949,20,,,USA,25,atp_rankings_2026_01_05.csv
2026-01-05,208057,Diego Fernandez Flores,950,20,,,CHI,25,atp_rankings_2026_01_05.csv
2026-01-05,111568,Michael Zhu,951,20,,,USA,33,atp_rankings_2026_01_05.csv
2026-01-05,126536,David Pichler,952,19,,,AUT,29,atp_rankings_2026_01_05.csv
2026-01-05,134087,Johannes Ingildsen,953,19,,,DEN,28,atp_rankings_2026_01_05.csv
2026-01-05,213141,Georgi Georgiev,954,19,,,BUL,19,atp_rankings_2026_01_05.csv
2026-01-05,210523,Luca Pow,955,19,,,GBR,20,atp_rankings_2026_01_05.csv
2026-01-05,210028,Ozan Baris,956,19,,,USA,21,atp_rankings_2026_01_05.csv
2026-01-05,210727,Taym Al Azmeh,957,19,,,GER,21,atp_rankings_2026_01_05.csv
2026-01-05,210705,Matt Hulme,958,19,,,AUS,26,atp_rankings_2026_01_05.csv
2026-01-05,,Jea Moon Lee,959,19,,,,,atp_rankings_2026_01_05.csv
2026-01-05,200176,Manish Sureshkumar,960,19,,,IND,26,atp_rankings_2026_01_05.csv
2026-01-05,210429,Pietro Romeo Scomparin,961,19,,,ITA,24,atp_rankings_2026_01_05.csv
2026-01-05,209171,Thantub Suksumrarn,962,19,,,THA,24,atp_rankings_2026_01_05.csv
2026-01-05,209866,Karlis Ozolins,963,19,,,LAT,23,atp_rankings_2026_01_05.csv
2026-01-05,208003,Bekkhan Atlangeriev,964,19,,,RUS,24,atp_rankings_2026_01_05.csv
2026-01-05,209997,Marcello Serafini,965,19,,,ITA,23,atp_rankings_2026_01_05.csv
2026-01-05,202077,Ewen Lumsden,966,19,,,GBR,25,atp_rankings_2026_01_05.csv
2026-01-05,210052,Nicolas Zanellato,967,19,,,BRA,23,atp_rankings_2026_01_05.csv
2026-01-05,211658,Tomas Martinez,968,19,,,ARG,22,atp_rankings_2026_01_05.csv
2026-01-05,202419,Justin Schlageter,969,19,,,GER,24,atp_rankings_2026_01_05.csv
2026-01-05,212841,Lucas Marionneau,970,19,,,FRA,19,atp_rankings_2026_01_05.csv
2026-01-05,202244,Jeremy Gschwendtner,971,19,,,GBR,27,atp_rankings_2026_01_05.csv
2026-01-05,104905,Nicolas Barrientos,972,18,,,COL,38,atp_rankings_2026_01_05.csv
2026-01-05,213677,Dante Pagani,973,18,,,ARG,,atp_rankings_2026_01_05.csv
2026-01-05,212958,Spencer Johnson,974,18,,,USA,22,atp_rankings_2026_01_05.csv
2026-01-05,213194,Jack Kennedy,975,18,,,USA,17,atp_rankings_2026_01_05.csv
2026-01-05,207595,Mateo Barreiros Reyes,976,18,,,BRA,25,atp_rankings_2026_01_05.csv
2026-01-05,212944,Ryo Tabata,977,18,,,JPN,17,atp_rankings_2026_01_05.csv
2026-01-05,208262,Alejo Lorenzo Lingua Lavallen,978,18,,,ARG,24,atp_rankings_2026_01_05.csv
2026-01-05,200331,Leonardo Aboian,979,18,,,ARG,27,atp_rankings_2026_01_05.csv
2026-01-05,209385,Samuel Vincent Ruggeri,980,18,,,ITA,23,atp_rankings_2026_01_05.csv
2026-01-05,210535,Maxim Shin,981,18,,,UZB,22,atp_rankings_2026_01_05.csv
2026-01-05,210683,Peter Buldorini,982,18,,,ITA,21,atp_rankings_2026_01_05.csv
2026-01-05,209889,Thomas Braithwaite,983,18,,,AUS,26,atp_rankings_2026_01_05.csv
2026-01-05,208152,Gabriele Bosio,984,18,,,ITA,25,atp_rankings_2026_01_05.csv
2026-01-05,202369,Daniel Salazar Martinez,985,18,,,COL,24,atp_rankings_2026_01_05.csv
2026-01-05,210047,Lorenzo Lorusso,986,18,,,ITA,25,atp_rankings_2026_01_05.csv
2026-01-05,210086,Lorenzo Angelini,987,18,,,ITA,19,atp_rankings_2026_01_05.csv
2026-01-05,210507,Nicolas Villalon,988,18,,,CHI,21,atp_rankings_2026_01_05.csv
2026-01-05,208401,Giannicola Misasi,989,18,,,ITA,25,atp_rankings_2026_01_05.csv
2026-01-05,210120,Gabriel Debru,990,17,,,FRA,20,atp_rankings_2026_01_05.csv
2026-01-05,210242,Ryan Colby,991,17,,,USA,22,atp_rankings_2026_01_05.csv
2026-01-05,212949,Ziga Sesko,992,17,,,SLO,17,atp_rankings_2026_01_05.csv
2026-01-05,211674,Kuang Qing Xu,993,17,,,CHN,19,atp_rankings_2026_01_05.csv
2026-01-05,212926,Andrew Delgado,994,17,,,USA,20,atp_rankings_2026_01_05.csv
2026-01-05,209064,Suk Hyun Choo,995,17,,,KOR,24,atp_rankings_2026_01_05.csv
2026-01-05,148673,Dominique Rolland,996,17,,,USA,21,atp_rankings_2026_01_05.csv
2026-01-05,212478,William Rejchtman Vinciguerra,997,17,,,SWE,18,atp_rankings_2026_01_05.csv
2026-01-05,127087,Dominik Recek,998,17,,,CZE,30,atp_rankings_2026_01_05.csv
2026-01-05,208485,Kiranpal Pannu,999,17,,,NZL,28,atp_rankings_2026_01_05.csv
2026-01-05,106425,Blake Mott,1000,17,,,AUS,29,atp_rankings_2026_01_05.csv
2026-01-05,212310,Pepijn Bastiaansen,1001,17,,,NED,20,atp_rankings_2026_01_05.csv
2026-01-05,202128,Louis Dussin,1002,17,,,FRA,26,atp_rankings_2026_01_05.csv
2026-01-05,211394,Patrick Brady,1003,17,,,GBR,21,atp_rankings_2026_01_05.csv
2026-01-05,212059,Zach Stephens,1004,17,,,GBR,19,atp_rankings_2026_01_05.csv
2026-01-05,132374,Jesse Flores,1005,17,,,CRC,30,atp_rankings_2026_01_05.csv
2026-01-05,212199,Tymur Bieldiugin,1006,17,,,UKR,20,atp_rankings_2026_01_05.csv
2026-01-05,212530,Mikael Arseneault,1007,17,,,CAN,18,atp_rankings_2026_01_05.csv
2026-01-05,202275,Fermin Tenti,1008,17,,,ARG,28,atp_rankings_2026_01_05.csv
2026-01-05,208160,Sam Ryan Ziegann,1009,17,,,AUS,27,atp_rankings_2026_01_05.csv
2026-01-05,211700,Ruslan Tiukaev,1010,17,,,RUS,20,atp_rankings_2026_01_05.csv
2026-01-05,213987,Vignesh Gogineni,1011,16,,,USA,,atp_rankings_2026_01_05.csv
2026-01-05,211664,Nicolas Oliveira,1012,16,,,BRA,19,atp_rankings_2026_01_05.csv
2026-01-05,211585,Alex Kuperstein,1013,16,,,USA,27,atp_rankings_2026_01_05.csv
2026-01-05,207609,Alexey Zakharov,1014,16,,,RUS,25,atp_rankings_2026_01_05.csv
2026-01-05,211675,Keegan Rice,1015,16,,,CAN,19,atp_rankings_2026_01_05.csv
2026-01-05,207682,Lorenzo Gagliardo,1016,16,,,ITA,25,atp_rankings_2026_01_05.csv
2026-01-05,212308,Markus Malaszszak,1017,16,,,GER,21,atp_rankings_2026_01_05.csv
2026-01-05,206746,Benjamin Winter Lopez,1018,16,,,ESP,27,atp_rankings_2026_01_05.csv
2026-01-05,208653,Isaac Becroft,1019,16,,,NZL,25,atp_rankings_2026_01_05.csv
2026-01-05,202090,Adrian Andreev,1020,16,,,BUL,24,atp_rankings_2026_01_05.csv
2026-01-05,213014,Simeon Stankovic,1021,16,,,SRB,,atp_rankings_2026_01_05.csv
2026-01-05,212816,Lucca Helguera Casado,1022,16,,,ESP,20,atp_rankings_2026_01_05.csv
2026-01-05,212888,Rares Teodor Pieleanu,1023,16,,,ROU,18,atp_rankings_2026_01_05.csv
2026-01-05,208613,Ezequiel Monferrer,1024,16,,,ARG,22,atp_rankings_2026_01_05.csv
2026-01-05,210436,Hayden Jones,1025,16,,,AUS,19,atp_rankings_2026_01_05.csv
2026-01-05,211317,Chen Dong,1026,16,,,AUS,23,atp_rankings_2026_01_05.csv
2026-01-05,212552,Nicolas Ifi,1027,16,,,BEL,27,atp_rankings_2026_01_05.csv
2026-01-05,211651,Alexander Vasilev,1028,15,,,BUL,18,atp_rankings_2026_01_05.csv
2026-01-05,106214,Oscar Otte,1029,15,,,GER,32,atp_rankings_2026_01_05.csv
2026-01-05,202361,Simon Reveniau,1030,15,,,FRA,27,atp_rankings_2026_01_05.csv
2026-01-05,,Gilbert Klier Junior,1031,15,,,,,atp_rankings_2026_01_05.csv
2026-01-05,208320,Christopher Li,1032,15,,,PER,22,atp_rankings_2026_01_05.csv
2026-01-05,212852,Kacper Szymkowiak,1033,15,,,POL,21,atp_rankings_2026_01_05.csv
2026-01-05,124001,Gergely Madarasz,1034,15,,,HUN,31,atp_rankings_2026_01_05.csv
2026-01-05,126878,David Poljak,1035,15,,,CZE,29,atp_rankings_2026_01_05.csv
2026-01-05,211646,Louis Larue,1036,15,,,FRA,21,atp_rankings_2026_01_05.csv
2026-01-05,208908,Rafael De Alba,1037,15,,,MEX,,atp_rankings_2026_01_05.csv
2026-01-05,134405,Koray Kirci,1038,15,,,TUR,27,atp_rankings_2026_01_05.csv
2026-01-05,213046,Pieter De Lange,1039,15,,,NED,,atp_rankings_2026_01_05.csv
2026-01-05,212284,Pengyu Lu,1040,15,,,CHN,23,atp_rankings_2026_01_05.csv
2026-01-05,212025,Yannik Kelm,1041,15,,,GER,20,atp_rankings_2026_01_05.csv
2026-01-05,212259,Benjamin Thomas George,1042,15,,,CAN,23,atp_rankings_2026_01_05.csv
2026-01-05,208806,Stefano Dagostino,1043,15,,,ITA,22,atp_rankings_2026_01_05.csv
2026-01-05,210456,Karim Ibrahim,1044,15,,,EGY,22,atp_rankings_2026_01_05.csv
2026-01-05,212461,Daniele Rapagnetta,1045,15,,,ITA,19,atp_rankings_2026_01_05.csv
2026-01-05,202220,Nicolas Bruna,1046,15,,,CHI,26,atp_rankings_2026_01_05.csv
2026-01-05,210409,Pavlos Tsitsipas,1047,15,,,GRE,20,atp_rankings_2026_01_05.csv
2026-01-05,210157,Dylan Dietrich,1048,14,,,SUI,21,atp_rankings_2026_01_05.csv
2026-01-05,211484,Jangjun Kim,1049,14,,,KOR,19,atp_rankings_2026_01_05.csv
2026-01-05,207649,Savriyan Danilov,1050,14,,,RUS,25,atp_rankings_2026_01_05.csv
2026-01-05,109334,Bastian Malla,1051,14,,,CHI,29,atp_rankings_2026_01_05.csv
2026-01-05,213806,Kriish Tyagi,1052,14,,,IND,18,atp_rankings_2026_01_05.csv
2026-01-05,202327,Marko Miladinovic,1053,14,,,SRB,25,atp_rankings_2026_01_05.csv
2026-01-05,133880,Thomas Deschamps,1054,14,,,FRA,27,atp_rankings_2026_01_05.csv
2026-01-05,213619,Oskari Paldanius,1054,14,,,FIN,,atp_rankings_2026_01_05.csv
2026-01-05,206216,Tom Zeuch,1054,14,,,GER,25,atp_rankings_2026_01_05.csv
2026-01-05,212086,Grigory Shebekin,1057,14,,,RUS,20,atp_rankings_2026_01_05.csv
2026-01-05,126953,Chan Yeong Oh,1058,14,,,KOR,27,atp_rankings_2026_01_05.csv
2026-01-05,200418,Karl Friberg,1059,14,,,SWE,26,atp_rankings_2026_01_05.csv
2026-01-05,213969,Joao Vitor Scramin Do Lago,1060,14,,,BRA,19,atp_rankings_2026_01_05.csv
2026-01-05,208372,Natan Rodrigues,1061,14,,,BRA,23,atp_rankings_2026_01_05.csv
2026-01-05,144927,Siddharth Vishwakarma,1062,14,,,IND,31,atp_rankings_2026_01_05.csv
2026-01-05,110751,Sebastian Fanselow,1063,14,,,GER,34,atp_rankings_2026_01_05.csv
2026-01-05,207183,Ishaque Eqbal,1064,14,,,IND,27,atp_rankings_2026_01_05.csv
2026-01-05,202305,Franco Ribero,1065,14,,,ARG,26,atp_rankings_2026_01_05.csv
2026-01-05,132054,Nathan Ponwith,1066,14,,,USA,27,atp_rankings_2026_01_05.csv
2026-01-05,133835,Gijs Brouwer,1067,13,,,NED,29,atp_rankings_2026_01_05.csv
2026-01-05,210038,Matias Ponce De Leon Gomila,1068,13,,,ESP,22,atp_rankings_2026_01_05.csv
2026-01-05,206758,Antoine Cornut Chauvinc,1069,13,,,FRA,25,atp_rankings_2026_01_05.csv
2026-01-05,212405,Gavin Young,1070,13,,,USA,23,atp_rankings_2026_01_05.csv
2026-01-05,105359,Jason Jung,1071,13,,,TPE,36,atp_rankings_2026_01_05.csv
2026-01-05,212235,Noah Zamora,1072,13,,,USA,22,atp_rankings_2026_01_05.csv
2026-01-05,212174,Enzo Aguiard,1073,13,,,AUS,23,atp_rankings_2026_01_05.csv
2026-01-05,212892,Vlado Jankanj,1074,13,,,SRB,,atp_rankings_2026_01_05.csv
2026-01-05,210274,Sebastian Dominko,1075,13,,,SLO,22,atp_rankings_2026_01_05.csv
2026-01-05,208467,Alexander Kotzen,1076,13,,,USA,25,atp_rankings_2026_01_05.csv
2026-01-05,208424,Julian Cundom,1077,13,,,ARG,24,atp_rankings_2026_01_05.csv
2026-01-05,208216,Alberto Bronzetti,1078,13,,,ITA,27,atp_rankings_2026_01_05.csv
2026-01-05,212142,Maxwell Exsted,1079,13,,,USA,18,atp_rankings_2026_01_05.csv
2026-01-05,212481,Federico Aguilar Cardozo,1080,13,,,URU,20,atp_rankings_2026_01_05.csv
2026-01-05,209921,Ali Habib,1081,13,,,GBR,23,atp_rankings_2026_01_05.csv
2026-01-05,144937,Nicolas Parizzia,1082,13,,,SUI,27,atp_rankings_2026_01_05.csv
2026-01-05,207864,Noel Larwig,1083,13,,,GER,24,atp_rankings_2026_01_05.csv
2026-01-05,210166,Mika Lipp,1084,13,,,GER,22,atp_rankings_2026_01_05.csv
2026-01-05,212295,Enzo Camargo Lima,1085,13,,,BRA,22,atp_rankings_2026_01_05.csv
2026-01-05,212871,Piet Luis Pinter,1086,13,,,AUT,20,atp_rankings_2026_01_05.csv
2026-01-05,208873,Nikola Basic,1087,13,,,CRO,24,atp_rankings_2026_01_05.csv
2026-01-05,209203,Evgeny Philippov,1088,13,,,RUS,23,atp_rankings_2026_01_05.csv
2026-01-05,122294,Gabriele Maria Noce,1089,13,,,ITA,30,atp_rankings_2026_01_05.csv
2026-01-05,211323,Jacopo Bilardo,1090,13,,,ITA,21,atp_rankings_2026_01_05.csv
2026-01-05,210745,Matthias Ujvary,1091,13,,,AUT,21,atp_rankings_2026_01_05.csv
2026-01-05,212022,Daniil Sarksian,1092,13,,,RUS,19,atp_rankings_2026_01_05.csv
2026-01-05,144730,Tomohiro Masabayashi,1093,13,,,JPN,27,atp_rankings_2026_01_05.csv
2026-01-05,104810,Zhe Li,1094,12,,,CHN,39,atp_rankings_2026_01_05.csv
2026-01-05,209280,Devin Badenhorst,1095,12,,,RSA,21,atp_rankings_2026_01_05.csv
2026-01-05,209917,Benito Sanchez Martinez,1096,12,,,GER,23,atp_rankings_2026_01_05.csv
2026-01-05,214018,Jamie Mackenzie,1097,12,,,GER,,atp_rankings_2026_01_05.csv
2026-01-05,213360,Niels Mcdonald,1098,12,,,GER,17,atp_rankings_2026_01_05.csv
2026-01-05,149115,Adam Jilly,1099,12,,,HUN,19,atp_rankings_2026_01_05.csv
2026-01-05,200456,Martin Borisiouk,1100,12,,,BLR,25,atp_rankings_2026_01_05.csv
2026-01-05,212930,Mario Martinez Serrano,1101,12,,,ESP,21,atp_rankings_2026_01_05.csv
2026-01-05,212885,Cezar Gabriel Papoe,1102,12,,,ROU,18,atp_rankings_2026_01_05.csv
2026-01-05,208130,Geun Jun Kim,1103,12,,,KOR,24,atp_rankings_2026_01_05.csv
2026-01-05,210736,Shu Matsuoka,1104,12,,,JPN,22,atp_rankings_2026_01_05.csv
2026-01-05,210185,Alen Mujakic,1105,12,,,GER,22,atp_rankings_2026_01_05.csv
2026-01-05,213210,Maan Kesharwani,1106,12,,,IND,,atp_rankings_2026_01_05.csv
2026-01-05,200289,Mathieu Scaglia,1107,12,,,FRA,27,atp_rankings_2026_01_05.csv
2026-01-05,212639,Yuto Oki,1108,12,,,JPN,,atp_rankings_2026_01_05.csv
2026-01-05,208249,Gian Marco Ortenzi,1109,12,,,ITA,25,atp_rankings_2026_01_05.csv
2026-01-05,207343,Hanyi Liu,1110,12,,,CHN,24,atp_rankings_2026_01_05.csv
2026-01-05,211610,Andreas Timini,1111,12,,,CYP,19,atp_rankings_2026_01_05.csv
2026-01-05,210155,Jasza Szajrych,1112,12,,,POL,23,atp_rankings_2026_01_05.csv
2026-01-05,213591,Billy Suarez,1113,12,,,USA,,atp_rankings_2026_01_05.csv
2026-01-05,200166,Stefan Vujic,1114,12,,,AUS,27,atp_rankings_2026_01_05.csv
2026-01-05,145008,Hugo Pierre,1115,12,,,FRA,29,atp_rankings_2026_01_05.csv
2026-01-05,205831,Ammar Alhogbani,1116,12,,,USA,27,atp_rankings_2026_01_05.csv
2026-01-05,144788,Louis Tessa,1117,12,,,FRA,27,atp_rankings_2026_01_05.csv
2026-01-05,202106,Juan Bautista Otegui,1118,12,,,ARG,26,atp_rankings_2026_01_05.csv
2026-01-05,212726,Sungbeen Sim,1119,12,,,KOR,28,atp_rankings_2026_01_05.csv
2026-01-05,200197,Boris Butulija,1120,12,,,SRB,27,atp_rankings_2026_01_05.csv
2026-01-05,209852,Zsombor Velcz,1121,11,,,HUN,23,atp_rankings_2026_01_05.csv
2026-01-05,214206,Thiago Agustin Pernas,1122,11,,,ARG,24,atp_rankings_2026_01_05.csv
2026-01-05,211355,Oskar Brostrom Poulsen,1123,11,,,DEN,23,atp_rankings_2026_01_05.csv
2026-01-05,210002,Rohan Mehra,1124,11,,,IND,23,atp_rankings_2026_01_05.csv
2026-01-05,212110,Mathis Bondaz,1125,11,,,FRA,,atp_rankings_2026_01_05.csv
2026-01-05,207172,Connor Thomson,1126,11,,,GBR,24,atp_rankings_2026_01_05.csv
2026-01-05,211329,James Van Herzeele,1127,11,,,THA,,atp_rankings_2026_01_05.csv
2026-01-05,207927,Thando Longwe Smit,1128,11,,,RSA,24,atp_rankings_2026_01_05.csv
2026-01-05,136648,Jefferson Wendler Filho,1129,11,,,BRA,30,atp_rankings_2026_01_05.csv
2026-01-05,210163,Elgin Khoeblal,1130,11,,,NED,24,atp_rankings_2026_01_05.csv
2026-01-05,106175,Ricardo Rodriguez,1131,11,,,VEN,32,atp_rankings_2026_01_05.csv
2026-01-05,209999,Leonardo Malgaroli,1132,11,,,ITA,23,atp_rankings_2026_01_05.csv
2026-01-05,202190,Gregor Ramskogler,1133,11,,,AUT,27,atp_rankings_2026_01_05.csv
2026-01-05,213062,Nikolai Barsukov,1134,11,,,GER,,atp_rankings_2026_01_05.csv
2026-01-05,211411,Tyler Stice,1135,11,,,USA,25,atp_rankings_2026_01_05.csv
2026-01-05,210684,Niccolo Ciavarella,1136,11,,,ITA,21,atp_rankings_2026_01_05.csv
2026-01-05,211761,Valentin Basel,1137,11,,,ARG,21,atp_rankings_2026_01_05.csv
2026-01-05,211904,Maximilian Figl,1138,11,,,ITA,21,atp_rankings_2026_01_05.csv
2026-01-05,124099,Mohamed Nazim Makhlouf,1139,11,,,ALG,29,atp_rankings_2026_01_05.csv
2026-01-05,106132,Toby Martin,1140,11,,,GBR,32,atp_rankings_2026_01_05.csv
2026-01-05,208581,Noah Thurner,1141,11,,,GER,25,atp_rankings_2026_01_05.csv
2026-01-05,211676,Saveliy Ivanov,1142,11,,,RUS,21,atp_rankings_2026_01_05.csv
2026-01-05,105334,Luis David Martinez,1143,10,,,VEN,36,atp_rankings_2026_01_05.csv
2026-01-05,212276,Stian Klaassen,1144,10,,,NED,22,atp_rankings_2026_01_05.csv
2026-01-05,208151,Filippo Speziali,1144,10,,,ITA,25,atp_rankings_2026_01_05.csv
2026-01-05,212218,Rohan  Murali,1146,10,,,USA,21,atp_rankings_2026_01_05.csv
2026-01-05,207996,Siddhant Banthia,1147,10,,,IND,25,atp_rankings_2026_01_05.csv
2026-01-05,213802,Mustafa Ege Sik,1148,10,,,TUR,16,atp_rankings_2026_01_05.csv
2026-01-05,212857,Cooper Woestendick,1148,10,,,USA,19,atp_rankings_2026_01_05.csv
2026-01-05,212300,Sasha Rozin,1150,10,,,CAN,20,atp_rankings_2026_01_05.csv
2026-01-05,200457,Jannik Opitz,1151,10,,,GER,27,atp_rankings_2026_01_05.csv
2026-01-05,207340,Daniel Paty,1152,10,,,CZE,26,atp_rankings_2026_01_05.csv
2026-01-05,213603,Joaquin Guilleme,1153,10,,,NIC,,atp_rankings_2026_01_05.csv
2026-01-05,126120,Nino Serdarusic,1154,10,,,CRO,29,atp_rankings_2026_01_05.csv
2026-01-05,209115,Oliver Okonkwo,1155,10,,,GBR,25,atp_rankings_2026_01_05.csv
2026-01-05,212820,Martin Sabas,1156,10,,,FRA,24,atp_rankings_2026_01_05.csv
2026-01-05,106368,Ramkumar Ramanathan,1157,10,,,IND,31,atp_rankings_2026_01_05.csv
2026-01-05,133291,Ryota Tanuma,1158,10,,,JPN,30,atp_rankings_2026_01_05.csv
2026-01-05,210514,Edison Ambarzumjan,1159,10,,,GER,29,atp_rankings_2026_01_05.csv
2026-01-05,206782,Demetris Azoides,1160,10,,,GRE,25,atp_rankings_2026_01_05.csv
2026-01-05,211491,Robert Guna,1160,10,,,ROU,20,atp_rankings_2026_01_05.csv
2026-01-05,210742,Phillip Jordan,1162,10,,,USA,25,atp_rankings_2026_01_05.csv
2026-01-05,212834,Nicolas Garcia Longo,1163,10,,,ARG,20,atp_rankings_2026_01_05.csv
2026-01-05,208039,Ronald Hohmann,1164,10,,,USA,24,atp_rankings_2026_01_05.csv
2026-01-05,210182,Mateo Del Pino,1165,10,,,ARG,22,atp_rankings_2026_01_05.csv
2026-01-05,212533,Markus Molder,1166,10,,,EST,20,atp_rankings_2026_01_05.csv
2026-01-05,211480,Aleksander Chayka,1167,10,,,RUS,21,atp_rankings_2026_01_05.csv
2026-01-05,212263,Xing Dao Chen,1168,10,,,CHN,21,atp_rankings_2026_01_05.csv
2026-01-05,212084,Denis Petak,1169,10,,,CZE,19,atp_rankings_2026_01_05.csv
2026-01-05,206600,Zura Tkemaladze,1170,10,,,GEO,25,atp_rankings_2026_01_05.csv
2026-01-05,212183,Yuquan Jin,1171,10,,,CHN,25,atp_rankings_2026_01_05.csv
2026-01-05,210455,Noah Perfetti,1171,10,,,ITA,24,atp_rankings_2026_01_05.csv
2026-01-05,209118,Niklas Waldner,1173,10,,,AUT,24,atp_rankings_2026_01_05.csv
2026-01-05,212616,Yuta Tomida,1174,10,,,JPN,19,atp_rankings_2026_01_05.csv
2026-01-05,213064,Samuele Seghetti,1175,10,,,ITA,19,atp_rankings_2026_01_05.csv
2026-01-05,208864,Leyton Rivera,1176,10,,,NOR,24,atp_rankings_2026_01_05.csv
2026-01-05,202081,Diogo Marques,1177,10,,,POR,26,atp_rankings_2026_01_05.csv
2026-01-05,208186,Preston Brown,1178,10,,,USA,24,atp_rankings_2026_01_05.csv
2026-01-05,210613,Derek Pham,1179,9,,,AUS,21,atp_rankings_2026_01_05.csv
2026-01-05,210691,Joshua Lapadat,1180,9,,,CAN,23,atp_rankings_2026_01_05.csv
2026-01-05,126149,Gianluca Mager,1180,9,,,ITA,31,atp_rankings_2026_01_05.csv
2026-01-05,208603,Cleeve Harper,1182,9,,,CAN,25,atp_rankings_2026_01_05.csv
2026-01-05,213580,Leonardo Primucci,1183,9,,,ITA,,atp_rankings_2026_01_05.csv
2026-01-05,105633,Mohamed Safwat,1183,9,,,EGY,35,atp_rankings_2026_01_05.csv
2026-01-05,209060,Alexander Bernard,1185,9,,,USA,22,atp_rankings_2026_01_05.csv
2026-01-05,149277,Andrea Meduri,1185,9,,,ITA,20,atp_rankings_2026_01_05.csv
2026-01-05,149272,Tudor Batin,1187,9,,,ROU,18,atp_rankings_2026_01_05.csv
2026-01-05,210565,Elijah Strode,1188,9,,,USA,23,atp_rankings_2026_01_05.csv
2026-01-05,134384,Sebastian Prechtel,1189,9,,,GER,29,atp_rankings_2026_01_05.csv
2026-01-05,210039,Orel Kimhi,1190,9,,,ISR,22,atp_rankings_2026_01_05.csv
2026-01-05,210198,George Lazarov,1190,9,,,BUL,20,atp_rankings_2026_01_05.csv
2026-01-05,209955,Mikail Alimli,1192,9,,,FRA,22,atp_rankings_2026_01_05.csv
2026-01-05,207616,Oscar Moraing,1193,9,,,GER,25,atp_rankings_2026_01_05.csv
2026-01-05,210754,Jan Hrazdil,1194,9,,,CZE,20,atp_rankings_2026_01_05.csv
2026-01-05,210105,Martyn Pawelski,1195,9,,,POL,21,atp_rankings_2026_01_05.csv
2026-01-05,211645,Christian Djonov,1196,9,,,GER,25,atp_rankings_2026_01_05.csv
2026-01-05,200474,Ivan Denisov,1197,9,,,RUS,25,atp_rankings_2026_01_05.csv
2026-01-05,213103,Viktor Frydrych,1198,9,,,GBR,,atp_rankings_2026_01_05.csv
2026-01-05,212972,Andrea De Marchi,1199,9,,,ITA,18,atp_rankings_2026_01_05.csv
2026-01-05,212630,Aaron Funk,1200,9,,,GER,19,atp_rankings_2026_01_05.csv
2026-01-05,210532,Giacomo Crisostomo,1201,9,,,ITA,22,atp_rankings_2026_01_05.csv
2026-01-05,205825,Joao Vitor Goncalves Ceolin,1202,9,,,BRA,26,atp_rankings_2026_01_05.csv
2026-01-05,202293,Charles Bertimon,1203,9,,,FRA,26,atp_rankings_2026_01_05.csv
2026-01-05,208370,Keenan Mayo,1204,8,,,USA,25,atp_rankings_2026_01_05.csv
2026-01-05,210323,Luis Felipe Miguel,1205,8,,,BRA,21,atp_rankings_2026_01_05.csv
2026-01-05,212275,Thijs Boogaard,1206,8,,,NED,17,atp_rankings_2026_01_05.csv
2026-01-05,210645,Ofek Shimanov,1207,8,,,ISR,20,atp_rankings_2026_01_05.csv
2026-01-05,131951,Daniel Cukierman,1208,8,,,ISR,30,atp_rankings_2026_01_05.csv
2026-01-05,211333,Vito Tonejc,1209,8,,,CRO,26,atp_rankings_2026_01_05.csv
2026-01-05,208334,Deney Wassermann,1210,8,,,NED,24,atp_rankings_2026_01_05.csv
2026-01-05,213825,Keaton Hance,1211,8,,,USA,17,atp_rankings_2026_01_05.csv
2026-01-05,202234,Savva Polukhin,1212,8,,,RUS,27,atp_rankings_2026_01_05.csv
2026-01-05,202247,Simon Beaupain,1213,8,,,BEL,26,atp_rankings_2026_01_05.csv
2026-01-05,106210,Jiri Vesely,1213,8,,,CZE,32,atp_rankings_2026_01_05.csv
2026-01-05,130493,Tiago Silva,1215,8,,,POR,21,atp_rankings_2026_01_05.csv
2026-01-05,106249,Joao Domingues,1216,8,,,POR,32,atp_rankings_2026_01_05.csv
2026-01-05,105985,Darian King,1217,8,,,BAR,33,atp_rankings_2026_01_05.csv
2026-01-05,207236,Taketo Takamisawa,1218,8,,,JPN,27,atp_rankings_2026_01_05.csv
2026-01-05,208382,Herman Hoeyeraal,1219,8,,,NOR,24,atp_rankings_2026_01_05.csv
2026-01-05,211638,Jack Loutit,1219,8,,,NZL,21,atp_rankings_2026_01_05.csv
2026-01-05,212280,Giulio Perego,1221,8,,,ITA,22,atp_rankings_2026_01_05.csv
2026-01-05,213721,Pierre Antoine Faut,1222,8,,,FRA,,atp_rankings_2026_01_05.csv
2026-01-05,212231,Junhyeon Lee,1223,8,,,KOR,,atp_rankings_2026_01_05.csv
2026-01-05,207452,Matthew Thomson,1224,8,,,USA,25,atp_rankings_2026_01_05.csv
2026-01-05,211516,Lorenzo Beraldo,1225,8,,,ITA,19,atp_rankings_2026_01_05.csv
2026-01-05,212649,Seung Woo Cho,1226,8,,,KOR,27,atp_rankings_2026_01_05.csv
2026-01-05,209516,Valentin Lapalu,1227,8,,,FRA,23,atp_rankings_2026_01_05.csv
2026-01-05,104986,Vishnu Vardhan,1228,8,,,IND,38,atp_rankings_2026_01_05.csv
2026-01-05,208365,Amador Salazar,1229,8,,,CHI,24,atp_rankings_2026_01_05.csv
2026-01-05,213772,Lorenzo Comino,1230,8,,,ITA,19,atp_rankings_2026_01_05.csv
2026-01-05,209973,Edouard Villoslada,1230,8,,,FRA,25,atp_rankings_2026_01_05.csv
2026-01-05,105060,Aldin Setkic,1232,8,,,BIH,38,atp_rankings_2026_01_05.csv
2026-01-05,212631,David Eichenseher,1233,8,,,GER,20,atp_rankings_2026_01_05.csv
2026-01-05,211334,Aljaz Jeran,1234,8,,,SLO,22,atp_rankings_2026_01_05.csv
2026-01-05,212246,Volodymyr Iakubenko,1235,8,,,UKR,20,atp_rankings_2026_01_05.csv
2026-01-05,212574,Egor Pleshivtsev,1235,8,,,RUS,,atp_rankings_2026_01_05.csv
2026-01-05,117352,Oliver Anderson,1237,8,,,AUS,27,atp_rankings_2026_01_05.csv
2026-01-05,209391,Corban Crowther,1238,8,,,NZL,22,atp_rankings_2026_01_05.csv
2026-01-05,209314,Jan Kupcic,1239,8,,,SLO,24,atp_rankings_2026_01_05.csv
2026-01-05,207738,Brandon Perez,1240,8,,,VEN,25,atp_rankings_2026_01_05.csv
2026-01-05,206736,Benjamin O'Connell,1241,8,,,AUS,26,atp_rankings_2026_01_05.csv
2026-01-05,208866,Leonid Sheyngezikht,1241,8,,,BUL,25,atp_rankings_2026_01_05.csv
2026-01-05,213361,Ivan Gretskiy,1243,8,,,RUS,19,atp_rankings_2026_01_05.csv
2026-01-05,122234,Alp Horoz,1244,8,,,TUR,30,atp_rankings_2026_01_05.csv
2026-01-05,211390,Sergi Fita Juan,1245,8,,,ESP,,atp_rankings_2026_01_05.csv
2026-01-05,208006,Rafael Tosetto,1245,8,,,BRA,26,atp_rankings_2026_01_05.csv
2026-01-05,210632,Vadym Konovchuk,1247,8,,,UKR,22,atp_rankings_2026_01_05.csv
2026-01-05,208844,Keshav Chopra,1248,8,,,USA,24,atp_rankings_2026_01_05.csv
2026-01-05,205885,Joao Graa,1249,8,,,POR,25,atp_rankings_2026_01_05.csv
2026-01-05,213977,Cosme Rolland De Ravel,1250,7,,,FRA,21,atp_rankings_2026_01_05.csv
2026-01-05,212992,Niels Ratiu,1251,7,,,BEL,20,atp_rankings_2026_01_05.csv
2026-01-05,144081,Alex Chang,1252,7,,,USA,39,atp_rankings_2026_01_05.csv
2026-01-05,210538,Noa Vukadin,1253,7,,,CRO,21,atp_rankings_2026_01_05.csv
2026-01-05,210475,Preston Stearns,1254,7,,,USA,21,atp_rankings_2026_01_05.csv
2026-01-05,126193,Mark Whitehouse,1255,7,,,GBR,32,atp_rankings_2026_01_05.csv
2026-01-05,200611,Elliot Benchetrit,1256,7,,,MAR,27,atp_rankings_2026_01_05.csv
2026-01-05,213654,Noah Johnston,1257,7,,,USA,,atp_rankings_2026_01_05.csv
2026-01-05,210722,Viktor Markov,1258,7,,,BUL,20,atp_rankings_2026_01_05.csv
2026-01-05,210486,Nicholas Godsick,1259,7,,,USA,21,atp_rankings_2026_01_05.csv
2026-01-05,210473,Fnu Nidunjianzan,1260,7,,,CHN,21,atp_rankings_2026_01_05.csv
2026-01-05,214043,Lachlan James Mcfadzean,1261,7,,,AUS,18,atp_rankings_2026_01_05.csv
2026-01-05,211655,Julian  Alonso,1262,7,,,ESP,20,atp_rankings_2026_01_05.csv
2026-01-05,208518,Hazem Naw,1263,7,,,SYR,26,atp_rankings_2026_01_05.csv
2026-01-05,209910,Szymon Kielan,1264,7,,,POL,23,atp_rankings_2026_01_05.csv
2026-01-05,208840,Daniel Bagnolini,1265,7,,,ITA,22,atp_rankings_2026_01_05.csv
2026-01-05,207408,Niklas Guttau,1265,7,,,GER,26,atp_rankings_2026_01_05.csv
2026-01-05,213138,Alexander Wagner,1267,7,,,AUT,19,atp_rankings_2026_01_05.csv
2026-01-05,111569,Gage Brymer,1268,7,,,USA,30,atp_rankings_2026_01_05.csv
2026-01-05,212069,Kabir Hans,1268,7,,,IND,24,atp_rankings_2026_01_05.csv
2026-01-05,210743,Pranav Kumar,1270,7,,,USA,26,atp_rankings_2026_01_05.csv
2026-01-05,211505,Denis Constantin Spiridon,1271,7,,,ITA,23,atp_rankings_2026_01_05.csv
2026-01-05,212752,Filippo Alberti,1272,7,,,ITA,22,atp_rankings_2026_01_05.csv
2026-01-05,210183,Marcel Kamrowski,1273,7,,,POL,22,atp_rankings_2026_01_05.csv
2026-01-05,213717,Sebastiano Cocola,1274,7,,,ITA,,atp_rankings_2026_01_05.csv
2026-01-05,210740,Liam Krall,1275,7,,,USA,23,atp_rankings_2026_01_05.csv
2026-01-05,213614,Dmitry Bessonov,1276,7,,,RUS,,atp_rankings_2026_01_05.csv
2026-01-05,211662,Gabriel Schenekenberg,1276,7,,,BRA,21,atp_rankings_2026_01_05.csv
2026-01-05,207331,Vladislav Melnic,1278,7,,,ROU,26,atp_rankings_2026_01_05.csv
2026-01-05,210733,Arthur Bonnaud,1279,7,,,FRA,28,atp_rankings_2026_01_05.csv
2026-01-05,149124,Oskar Grzegorzewski,1280,7,,,POL,20,atp_rankings_2026_01_05.csv
2026-01-05,211450,Alessio Basile,1281,7,,,BEL,21,atp_rankings_2026_01_05.csv
2026-01-05,144813,Benjamin Hannestad,1281,7,,,DEN,28,atp_rankings_2026_01_05.csv
2026-01-05,149266,Fadi Bidan,1283,7,,,LBN,20,atp_rankings_2026_01_05.csv
2026-01-05,210364,Mateo Castañeda,1283,7,,,COL,19,atp_rankings_2026_01_05.csv
2026-01-05,149152,Aaron Gil Garcia,1285,7,,,LUX,22,atp_rankings_2026_01_05.csv
2026-01-05,211667,Matteo Fondriest,1286,7,,,ITA,21,atp_rankings_2026_01_05.csv
2026-01-05,211503,Nico Hipfl,1287,7,,,AUT,19,atp_rankings_2026_01_05.csv
2026-01-05,212134,Maxence Rivet,1287,7,,,FRA,22,atp_rankings_2026_01_05.csv
2026-01-05,213143,Sydney Zick,1287,7,,,GER,18,atp_rankings_2026_01_05.csv
2026-01-05,213180,Leonardo Cattaneo,1290,7,,,ITA,19,atp_rankings_2026_01_05.csv
2026-01-05,209417,Alan Bojarski,1291,7,,,POL,22,atp_rankings_2026_01_05.csv
2026-01-05,212624,Nikola Jovic,1292,7,,,SRB,19,atp_rankings_2026_01_05.csv
2026-01-05,209967,Antoine Berger,1293,7,,,FRA,27,atp_rankings_2026_01_05.csv
2026-01-05,211495,Andrin Casanova,1294,7,,,SUI,21,atp_rankings_2026_01_05.csv
2026-01-05,209977,Matas Vasiliauskas,1295,7,,,LTU,23,atp_rankings_2026_01_05.csv
2026-01-05,144955,Yuichiro Inui,1296,7,,,JPN,30,atp_rankings_2026_01_05.csv
2026-01-05,212725,Alaa Trifi,1297,7,,,TUN,18,atp_rankings_2026_01_05.csv
2026-01-05,144672,Duarte Vale,1298,6,,,POR,26,atp_rankings_2026_01_05.csv
2026-01-05,210759,Gianluca Brunkow,1299,6,,,USA,23,atp_rankings_2026_01_05.csv
2026-01-05,211635,Segundo Goity Zapico,1300,6,,,ARG,20,atp_rankings_2026_01_05.csv
2026-01-05,211609,Max Dahlin,1301,6,,,SWE,20,atp_rankings_2026_01_05.csv
2026-01-05,213956,Andrej Loncarevic,1301,6,,,FRA,20,atp_rankings_2026_01_05.csv
2026-01-05,210037,Mehdi Benchakroun,1303,6,,,MAR,22,atp_rankings_2026_01_05.csv
2026-01-05,212153,Filip Gustafsson,1304,6,,,SWE,20,atp_rankings_2026_01_05.csv
2026-01-05,144874,Ryan James Storrie,1305,6,,,GBR,27,atp_rankings_2026_01_05.csv
2026-01-05,213836,Gavin Goode,1306,6,,,USA,,atp_rankings_2026_01_05.csv
2026-01-05,209932,Michal Novansky,1307,6,,,SVK,23,atp_rankings_2026_01_05.csv
2026-01-05,212075,Rodrigo Fernandes,1308,6,,,POR,19,atp_rankings_2026_01_05.csv
2026-01-05,207809,Khololwam Montsi,1309,6,,,RSA,23,atp_rankings_2026_01_05.csv
2026-01-05,211670,Marko Mesarovic,1310,6,,,USA,,atp_rankings_2026_01_05.csv
2026-01-05,210697,Harold Huens,1311,6,,,BEL,23,atp_rankings_2026_01_05.csv
2026-01-05,212148,Novak Novakovic,1311,6,,,SRB,24,atp_rankings_2026_01_05.csv
2026-01-05,213600,Dillon Beckles,1313,6,,,USA,,atp_rankings_2026_01_05.csv
2026-01-05,202195,Maxime Cressy,1314,6,,,USA,28,atp_rankings_2026_01_05.csv
2026-01-05,134490,Justin Roberts,1315,6,,,BAH,29,atp_rankings_2026_01_05.csv
2026-01-05,200233,Nicaise Muamba,1316,6,,,CAN,25,atp_rankings_2026_01_05.csv
2026-01-05,212894,Patrik Munkhammar,1317,6,,,SWE,18,atp_rankings_2026_01_05.csv
2026-01-05,209255,Vladan Tadic,1318,6,,,BIH,24,atp_rankings_2026_01_05.csv
2026-01-05,209979,Madhwin Kamath,1319,6,,,IND,24,atp_rankings_2026_01_05.csv
2026-01-05,213632,Glib Sekachov,1319,6,,,UKR,,atp_rankings_2026_01_05.csv
2026-01-05,211387,Jonas Pelle Hartenstein,1321,6,,,GER,24,atp_rankings_2026_01_05.csv
2026-01-05,210348,Jarno Jans,1321,6,,,NED,25,atp_rankings_2026_01_05.csv
2026-01-05,207831,Ignacio Antonio Becerra Otarola,1323,6,,,CHI,25,atp_rankings_2026_01_05.csv
2026-01-05,213579,Jan Klimas,1323,6,,,CZE,,atp_rankings_2026_01_05.csv
2026-01-05,122536,Juan Pablo Paz,1323,6,,,ARG,31,atp_rankings_2026_01_05.csv
2026-01-05,211388,Felipe De Dios,1326,6,,,ARG,22,atp_rankings_2026_01_05.csv
2026-01-05,212460,Yan Cheng Chen,1327,6,,,TPE,23,atp_rankings_2026_01_05.csv
2026-01-05,149130,Joe Leather,1328,6,,,GBR,,atp_rankings_2026_01_05.csv
2026-01-05,149843,Conor Gannon,1329,6,,,IRL,23,atp_rankings_2026_01_05.csv
2026-01-05,212106,Noah Lopez Cherubino,1330,6,,,ESP,,atp_rankings_2026_01_05.csv
2026-01-05,209258,Alexandre Reco,1330,6,,,FRA,26,atp_rankings_2026_01_05.csv
2026-01-05,210732,Miha Vetrih,1332,6,,,SLO,23,atp_rankings_2026_01_05.csv
2026-01-05,213045,Manvydas Balciunas,1333,6,,,NED,19,atp_rankings_2026_01_05.csv
2026-01-05,212536,James Beaven,1333,6,,,GBR,21,atp_rankings_2026_01_05.csv
2026-01-05,200024,Makoto Ochi,1333,6,,,JPN,29,atp_rankings_2026_01_05.csv
2026-01-05,200036,Abhinav Sanjeev Shanmugam,1333,6,,,IND,27,atp_rankings_2026_01_05.csv
2026-01-05,209392,Reece Falck,1337,6,,,NZL,23,atp_rankings_2026_01_05.csv
2026-01-05,210735,Radovan Michalik,1338,6,,,SVK,22,atp_rankings_2026_01_05.csv
2026-01-05,105419,Patricio Alvarado,1339,6,,,ECU,36,atp_rankings_2026_01_05.csv
2026-01-05,212762,Victor Hugo Remondy Pagotto,1339,6,,,BRA,20,atp_rankings_2026_01_05.csv
2026-01-05,206646,Louis Van Herck,1341,6,,,LUX,26,atp_rankings_2026_01_05.csv
2026-01-05,210192,Lucca Pinto,1342,6,,,BRA,22,atp_rankings_2026_01_05.csv
2026-01-05,213131,Luke Hooper,1343,6,,,GBR,,atp_rankings_2026_01_05.csv
2026-01-05,210408,Luca Fantini,1344,6,,,ITA,25,atp_rankings_2026_01_05.csv
2026-01-05,212465,Charles Chen,1345,6,,,CHN,18,atp_rankings_2026_01_05.csv
2026-01-05,212738,Manel Lazaro Juncadella,1346,6,,,ESP,19,atp_rankings_2026_01_05.csv
2026-01-05,210352,Santiago  Lora,1347,5,,,BOL,18,atp_rankings_2026_01_05.csv
2026-01-05,105011,Illya Marchenko,1347,5,,,UKR,38,atp_rankings_2026_01_05.csv
2026-01-05,207725,Niels Peter Van Noord,1347,5,,,CAN,25,atp_rankings_2026_01_05.csv
2026-01-05,213552,Jagger Leach,1350,5,,,USA,18,atp_rankings_2026_01_05.csv
2026-01-05,209855,James Hopper,1351,5,,,GBR,24,atp_rankings_2026_01_05.csv
2026-01-05,210438,Jeremy Jin,1351,5,,,AUS,21,atp_rankings_2026_01_05.csv
2026-01-05,211647,Jaden Weekes,1351,5,,,CAN,21,atp_rankings_2026_01_05.csv
2026-01-05,214589,Yannick Theodor Alexandrescou,1354,5,,,FRA,17,atp_rankings_2026_01_05.csv
2026-01-05,209879,Luc Koenig,1355,5,,,GBR,22,atp_rankings_2026_01_05.csv
2026-01-05,210667,Edoardo Cherie Ligniere,1356,5,,,ITA,21,atp_rankings_2026_01_05.csv
2026-01-05,200105,Frazier Rengifo,1356,5,,,COL,26,atp_rankings_2026_01_05.csv
2026-01-05,211740,Jeremy Zhang,1356,5,,,AUS,20,atp_rankings_2026_01_05.csv
2026-01-05,211551,Asahi Harazaki,1359,5,,,JPN,,atp_rankings_2026_01_05.csv
2026-01-05,109318,Pawel Cias,1359,5,,,POL,31,atp_rankings_2026_01_05.csv
2026-01-05,213830,Saki Tange,1361,5,,,JPN,21,atp_rankings_2026_01_05.csv
2026-01-05,211386,Alessio Vasquez Gehrke,1362,5,,,GER,22,atp_rankings_2026_01_05.csv
2026-01-05,212647,Jaesung Choe,1363,5,,,KOR,26,atp_rankings_2026_01_05.csv
2026-01-05,104510,Stefan Seifert,1363,5,,,GER,40,atp_rankings_2026_01_05.csv
2026-01-05,210474,Alexander Frusina,1365,5,,,USA,20,atp_rankings_2026_01_05.csv
2026-01-05,212037,Amir Milushev,1366,5,,,UZB,20,atp_rankings_2026_01_05.csv
2026-01-05,210444,Charlelie Cosnet,1367,5,,,FRA,22,atp_rankings_2026_01_05.csv
2026-01-05,213066,Stefan Horia Haita,1367,5,,,ROU,18,atp_rankings_2026_01_05.csv
2026-01-05,213996,Anton Arzhankin,1369,5,,,RUS,,atp_rankings_2026_01_05.csv
2026-01-05,212606,Leonardo Borrelli,1369,5,,,ITA,20,atp_rankings_2026_01_05.csv
2026-01-05,200681,Adil Kalyanpur,1371,5,,,IND,25,atp_rankings_2026_01_05.csv
2026-01-05,210117,William Jansen,1372,5,,,GBR,21,atp_rankings_2026_01_05.csv
2026-01-05,212499,Vardan Manukyan,1372,5,,,RUS,21,atp_rankings_2026_01_05.csv
2026-01-05,213818,William Mirarchi,1372,5,,,ITA,19,atp_rankings_2026_01_05.csv
2026-01-05,209982,Konstantin Zhzhenov,1372,5,,,RUS,21,atp_rankings_2026_01_05.csv
2026-01-05,213785,Toshiki Karigyo,1376,5,,,JPN,24,atp_rankings_2026_01_05.csv
2026-01-05,210602,Peetu Pohjola,1376,5,,,FIN,24,atp_rankings_2026_01_05.csv
2026-01-05,213215,Bill Chan,1378,5,,,SGP,,atp_rankings_2026_01_05.csv
2026-01-05,105590,Uladzimir Ignatik,1379,5,,,BLR,35,atp_rankings_2026_01_05.csv
2026-01-05,212882,Jackson Ross,1379,5,,,USA,24,atp_rankings_2026_01_05.csv
2026-01-05,206790,Alexis Gurmendi,1381,5,,,ARG,28,atp_rankings_2026_01_05.csv
2026-01-05,144744,Kazuki Nishiwaki,1382,5,,,JPN,31,atp_rankings_2026_01_05.csv
2026-01-05,213923,Gilberto Ravasio,1382,5,,,ITA,21,atp_rankings_2026_01_05.csv
2026-01-05,149162,Xiaoyin Yang,1382,5,,,CHN,21,atp_rankings_2026_01_05.csv
2026-01-05,210458,Bernardo Munk Mesa,1385,5,,,ESP,19,atp_rankings_2026_01_05.csv
2026-01-05,212196,Yua Taka,1386,5,,,JPN,,atp_rankings_2026_01_05.csv
2026-01-05,213829,Mac Visser,1387,5,,,NED,20,atp_rankings_2026_01_05.csv
2026-01-05,207772,Yuttana Charoenphon,1388,5,,,THA,25,atp_rankings_2026_01_05.csv
2026-01-05,106245,Rodolfo Jauregui Sainz De Rozas,1388,5,,,MEX,32,atp_rankings_2026_01_05.csv
2026-01-05,213198,Kacper Knitter,1388,5,,,POL,18,atp_rankings_2026_01_05.csv
2026-01-05,213175,Lucca Liu,1388,5,,,USA,21,atp_rankings_2026_01_05.csv
2026-01-05,212262,Kylian Collignon,1392,5,,,BEL,20,atp_rankings_2026_01_05.csv
2026-01-05,213218,Elias Julian Werner,1392,5,,,GER,,atp_rankings_2026_01_05.csv
2026-01-05,202192,Kuzey Cekirge,1394,5,,,TUR,25,atp_rankings_2026_01_05.csv
2026-01-05,210140,Ioan Alexandru Chirita,1394,5,,,ROU,23,atp_rankings_2026_01_05.csv
2026-01-05,111436,Nick Chappell,1396,5,,,USA,33,atp_rankings_2026_01_05.csv
2026-01-05,149153,Gabriele Volpi,1397,5,,,ITA,29,atp_rankings_2026_01_05.csv
2026-01-05,211690,Toprak Avcibasi,1398,5,,,TUR,21,atp_rankings_2026_01_05.csv
2026-01-05,213898,Richard Antoni,1399,5,,,GER,,atp_rankings_2026_01_05.csv
2026-01-05,211539,Gabor Hornung,1400,5,,,HUN,20,atp_rankings_2026_01_05.csv
2026-01-05,213048,Alan Wazny,1400,5,,,POL,,atp_rankings_2026_01_05.csv
2026-01-05,213927,Gabriele Crivellaro,1402,5,,,ITA,18,atp_rankings_2026_01_05.csv
2026-01-05,210191,Gian Gruenig,1402,5,,,SUI,25,atp_rankings_2026_01_05.csv
2026-01-05,213092,Jonas Kucera,1402,5,,,CZE,19,atp_rankings_2026_01_05.csv
2026-01-05,213007,Tristan Stringer,1402,5,,,USA,20,atp_rankings_2026_01_05.csv
2026-01-05,214013,Fanming Meng,1406,5,,,CHN,,atp_rankings_2026_01_05.csv
2026-01-05,211322,Lasse Poertner,1406,5,,,GER,20,atp_rankings_2026_01_05.csv
2026-01-05,211366,Vuk Radjenovic,1406,5,,,SRB,20,atp_rankings_2026_01_05.csv
2026-01-05,211474,Pablo Trochu,1409,5,,,FRA,22,atp_rankings_2026_01_05.csv
2026-01-05,149278,Daniel Khazime,1410,5,,,RUS,21,atp_rankings_2026_01_05.csv
2026-01-05,213043,Hiromasa Koyama,1411,5,,,JPN,18,atp_rankings_2026_01_05.csv
2026-01-05,212589,Luka Talan Lopatic,1412,5,,,SLO,18,atp_rankings_2026_01_05.csv
2026-01-05,213557,Alessandro Battiston,1413,5,,,ITA,,atp_rankings_2026_01_05.csv
2026-01-05,211574,Ethan Cook,1414,5,,,AUS,22,atp_rankings_2026_01_05.csv
2026-01-05,212935,Ferdinand Livet Novkirichka,1414,5,,,FRA,,atp_rankings_2026_01_05.csv
2026-01-05,212889,Daniel Uta,1416,5,,,ROU,19,atp_rankings_2026_01_05.csv
2026-01-05,207248,Naoki Tajima,1417,5,,,JPN,25,atp_rankings_2026_01_05.csv
2026-01-05,133224,Francesco Ferrari,1418,5,,,ITA,28,atp_rankings_2026_01_05.csv
2026-01-05,210076,Ioannis Kountourakis,1418,5,,,GRE,23,atp_rankings_2026_01_05.csv
2026-01-05,208185,Michael Gloeckler,1420,5,,,AUT,27,atp_rankings_2026_01_05.csv
2026-01-05,211407,Andrea Bacaloni,1421,5,,,ITA,23,atp_rankings_2026_01_05.csv
2026-01-05,134310,Alexey Aleshchev,1422,5,,,RUS,27,atp_rankings_2026_01_05.csv
2026-01-05,210394,Nikita Ianin,1422,5,,,RUS,24,atp_rankings_2026_01_05.csv
2026-01-05,209885,Gokberk Saritas,1424,5,,,TUR,22,atp_rankings_2026_01_05.csv
2026-01-05,208358,Aleksi Lofman,1425,4,,,FIN,23,atp_rankings_2026_01_05.csv
2026-01-05,212575,Amirkhamza Nasridinov,1425,4,,,RUS,20,atp_rankings_2026_01_05.csv
2026-01-05,144682,Kaito Uesugi,1425,4,,,JPN,30,atp_rankings_2026_01_05.csv
2026-01-05,105156,Federico Zeballos,1428,4,,,BOL,37,atp_rankings_2026_01_05.csv
2026-01-05,213098,Hugo Car,1429,4,,,FRA,23,atp_rankings_2026_01_05.csv
2026-01-05,208871,Takeru Yuzuki,1430,4,,,JPN,27,atp_rankings_2026_01_05.csv
2026-01-05,123768,Collin Altamirano,1431,4,,,USA,30,atp_rankings_2026_01_05.csv
2026-01-05,213042,Hugo Coquelin,1431,4,,,GBR,20,atp_rankings_2026_01_05.csv
2026-01-05,210569,Sebastian Eriksson,1431,4,,,SWE,20,atp_rankings_2026_01_05.csv
2026-01-05,209355,Timo Legout,1431,4,,,FRA,23,atp_rankings_2026_01_05.csv
2026-01-05,207836,Muzammil Murtaza,1431,4,,,PAK,26,atp_rankings_2026_01_05.csv
2026-01-05,210405,Azuma Visaya,1431,4,,,USA,22,atp_rankings_2026_01_05.csv
2026-01-05,212914,Corey Craig,1437,4,,,USA,22,atp_rankings_2026_01_05.csv
2026-01-05,212250,James Connel,1438,4,,,GBR,22,atp_rankings_2026_01_05.csv
2026-01-05,211570,Cesar Cruz,1439,4,,,ESA,19,atp_rankings_2026_01_05.csv
2026-01-05,210416,Bryce Nakashima,1439,4,,,USA,21,atp_rankings_2026_01_05.csv
2026-01-05,210746,Paul Barbier Gazeu,1441,4,,,FRA,20,atp_rankings_2026_01_05.csv
2026-01-05,105335,Sho Katayama,1441,4,,,JPN,36,atp_rankings_2026_01_05.csv
2026-01-05,212068,Stepan Baum,1443,4,,,CZE,22,atp_rankings_2026_01_05.csv
2026-01-05,213648,Udit Kamboj,1443,4,,,IND,,atp_rankings_2026_01_05.csv
2026-01-05,200095,Nicola Kuhn,1443,4,,,GER,25,atp_rankings_2026_01_05.csv
2026-01-05,206669,Hugo Maia,1443,4,,,POR,24,atp_rankings_2026_01_05.csv
2026-01-05,212899,Moritz Kudernatsch,1447,4,,,GER,20,atp_rankings_2026_01_05.csv
2026-01-05,208206,Walid Ahouda,1448,4,,,MAR,22,atp_rankings_2026_01_05.csv
2026-01-05,130247,Anton Chekhov,1448,4,,,RUS,33,atp_rankings_2026_01_05.csv
2026-01-05,212924,Emanuel Ivanisevic,1448,4,,,CRO,18,atp_rankings_2026_01_05.csv
2026-01-05,212064,Duje Markovina,1448,4,,,CRO,18,atp_rankings_2026_01_05.csv
2026-01-05,207230,Damien Salvestre,1448,4,,,FRA,23,atp_rankings_2026_01_05.csv
2026-01-05,211330,Vasco Leote Prata,1453,4,,,POR,22,atp_rankings_2026_01_05.csv
2026-01-05,207439,Dax Donders,1454,4,,,NED,25,atp_rankings_2026_01_05.csv
2026-01-05,212604,Diego Jarry Fillol,1454,4,,,USA,22,atp_rankings_2026_01_05.csv
2026-01-05,202165,Alberto Lim,1454,4,,,PHI,26,atp_rankings_2026_01_05.csv
2026-01-05,206580,Nicola Rispoli,1457,4,,,ITA,28,atp_rankings_2026_01_05.csv
2026-01-05,133667,Congsup Congcar,1458,4,,,THA,29,atp_rankings_2026_01_05.csv
2026-01-05,209273,Romain Gales,1458,4,,,FRA,21,atp_rankings_2026_01_05.csv
2026-01-05,123843,Davide Pontoglio,1458,4,,,ITA,33,atp_rankings_2026_01_05.csv
2026-01-05,213768,Kase Schinnerer,1458,4,,,USA,19,atp_rankings_2026_01_05.csv
2026-01-05,120545,Ko Suzuki,1462,4,,,JPN,34,atp_rankings_2026_01_05.csv
2026-01-05,210284,Pijus Vaitiekunas,1462,4,,,LTU,22,atp_rankings_2026_01_05.csv
2026-01-05,210601,Oskari Eerola,1464,4,,,FIN,23,atp_rankings_2026_01_05.csv
2026-01-05,208083,Adam Heinonen,1464,4,,,SWE,23,atp_rankings_2026_01_05.csv
2026-01-05,211762,David Naharro,1464,4,,,ESP,22,atp_rankings_2026_01_05.csv
2026-01-05,208933,Dian Nedev,1464,4,,,BUL,25,atp_rankings_2026_01_05.csv
2026-01-05,209974,Aleksander Orlikowski,1464,4,,,POL,22,atp_rankings_2026_01_05.csv
2026-01-05,213204,Zane Stevens,1469,4,,,AUS,19,atp_rankings_2026_01_05.csv
2026-01-05,214015,Xavi Palomar,1470,4,,,ESP,,atp_rankings_2026_01_05.csv
2026-01-05,213814,Gustavo Albieri,1471,4,,,BRA,18,atp_rankings_2026_01_05.csv
2026-01-05,211396,Vladimir Bazilevskiy,1472,4,,,ISR,20,atp_rankings_2026_01_05.csv
2026-01-05,208835,Rafael Giotis,1473,4,,,GER,25,atp_rankings_2026_01_05.csv
2026-01-05,206789,Lingxi Zhao,1473,4,,,CHN,25,atp_rankings_2026_01_05.csv
2026-01-05,213004,Arthur Bellegy,1475,4,,,FRA,,atp_rankings_2026_01_05.csv
2026-01-05,149134,Matei Florin Breazu,1476,4,,,ROU,17,atp_rankings_2026_01_05.csv
2026-01-05,127143,Jirat Navasirisomboon,1476,4,,,THA,29,atp_rankings_2026_01_05.csv
2026-01-05,212167,Darius Florin Pop,1476,4,,,ROU,21,atp_rankings_2026_01_05.csv
2026-01-05,210301,Benjamin Ignacio Torres Fernandez,1476,4,,,CHI,22,atp_rankings_2026_01_05.csv
2026-01-05,209913,Fons Van Sambeek,1476,4,,,NED,23,atp_rankings_2026_01_05.csv
2026-01-05,210423,Alessandro Coccioli,1481,4,,,ITA,23,atp_rankings_2026_01_05.csv
2026-01-05,212864,Valentin Garay,1481,4,,,ARG,18,atp_rankings_2026_01_05.csv
2026-01-05,210115,Yunseok Jang,1481,4,,,KOR,22,atp_rankings_2026_01_05.csv
2026-01-05,213882,Gray Voelzke,1481,4,,,USA,23,atp_rankings_2026_01_05.csv
2026-01-05,208890,Richard Zusman,1485,4,,,USA,25,atp_rankings_2026_01_05.csv
2026-01-05,209946,Maikel De Boes,1486,4,,,BEL,23,atp_rankings_2026_01_05.csv
2026-01-05,207233,Nemanja Malesevic,1487,4,,,BIH,24,atp_rankings_2026_01_05.csv
2026-01-05,213765,Weiwen Pan,1487,4,,,CHN,20,atp_rankings_2026_01_05.csv
2026-01-05,210570,Kevin Edengren,1489,4,,,SWE,20,atp_rankings_2026_01_05.csv
2026-01-05,213356,Michele Mecarelli,1489,4,,,ITA,18,atp_rankings_2026_01_05.csv
2026-01-05,212078,Riku Takahata,1489,4,,,JPN,24,atp_rankings_2026_01_05.csv
2026-01-05,212757,Jack Bruce Smith,1492,4,,,AUS,24,atp_rankings_2026_01_05.csv
2026-01-05,212965,Juan Jose Bianchi,1493,4,,,VEN,24,atp_rankings_2026_01_05.csv
2026-01-05,210651,Vlad Cristian Breazu,1493,4,,,ROU,22,atp_rankings_2026_01_05.csv
2026-01-05,134545,Alexis Canter,1493,4,,,GBR,27,atp_rankings_2026_01_05.csv
2026-01-05,200234,Joshua Peck,1493,4,,,CAN,27,atp_rankings_2026_01_05.csv
2026-01-05,212109,Antonio Voljavec,1493,4,,,CRO,19,atp_rankings_2026_01_05.csv
2026-01-05,149267,Andrea Colombo,1498,4,,,ITA,23,atp_rankings_2026_01_05.csv
2026-01-05,211490,Daniel Verbeek,1498,4,,,NED,21,atp_rankings_2026_01_05.csv
2026-01-05,209282,Ian Luca Cervantes Tomas,1500,4,,,MEX,22,atp_rankings_2026_01_05.csv
2026-01-05,212149,Nikola Djosic,1500,4,,,SUI,18,atp_rankings_2026_01_05.csv
2026-01-05,149142,Tanguy Genier,1500,4,,,SUI,27,atp_rankings_2026_01_05.csv
2026-01-05,213791,Fumin Jiang,1503,4,,,CHN,,atp_rankings_2026_01_05.csv
2026-01-05,213585,Roman Kharlamov,1503,4,,,RUS,,atp_rankings_2026_01_05.csv
2026-01-05,213075,Alejandro Lopez Escribano,1505,4,,,ESP,19,atp_rankings_2026_01_05.csv
2026-01-05,211455,Oren Vasser,1505,4,,,USA,25,atp_rankings_2026_01_05.csv
2026-01-05,213701,Tobia Costanzo Baragiola Mordini,1507,4,,,ITA,,atp_rankings_2026_01_05.csv
2026-01-05,111197,Jonathan Mridha,1508,4,,,SWE,30,atp_rankings_2026_01_05.csv
2026-01-05,208164,Yassine Smiej,1508,4,,,MAR,25,atp_rankings_2026_01_05.csv
2026-01-05,209127,Credit Chaiyarin,1510,4,,,THA,22,atp_rankings_2026_01_05.csv
2026-01-05,213059,Carles Cordoba,1511,4,,,ESP,19,atp_rankings_2026_01_05.csv
2026-01-05,212210,Filippo Mazzola,1512,4,,,ITA,20,atp_rankings_2026_01_05.csv
2026-01-05,211532,Nicolo Toffanin,1512,4,,,ITA,22,atp_rankings_2026_01_05.csv
2026-01-05,211364,Mihai Alexandru Coman,1514,4,,,ROU,20,atp_rankings_2026_01_05.csv
2026-01-05,206447,Daniel Batista,1515,4,,,POR,27,atp_rankings_2026_01_05.csv
2026-01-05,105819,Guido Andreozzi,1516,3,,,ARG,34,atp_rankings_2026_01_05.csv
2026-01-05,210756,Loren Thomas Byers,1516,3,,,USA,24,atp_rankings_2026_01_05.csv
2026-01-05,206805,Luciano Carraro,1516,3,,,ITA,27,atp_rankings_2026_01_05.csv
2026-01-05,108766,Samir Iftikhar,1516,3,,,PAK,33,atp_rankings_2026_01_05.csv
2026-01-05,207839,Yousaf Khalil,1516,3,,,PAK,26,atp_rankings_2026_01_05.csv
2026-01-05,111192,Lucas Miedler,1516,3,,,AUT,29,atp_rankings_2026_01_05.csv
2026-01-05,202417,Siphosothando Montsi,1516,3,,,RSA,26,atp_rankings_2026_01_05.csv
2026-01-05,126609,Patrik Niklas Salminen,1516,3,,,FIN,28,atp_rankings_2026_01_05.csv
2026-01-05,134256,Reese Stalder,1516,3,,,USA,29,atp_rankings_2026_01_05.csv
2026-01-05,212642,Patrik Trhac,1516,3,,,USA,27,atp_rankings_2026_01_05.csv
2026-01-05,213985,Kelly Giese,1526,3,,,USA,21,atp_rankings_2026_01_05.csv
2026-01-05,208123,Tom Hands,1526,3,,,GBR,29,atp_rankings_2026_01_05.csv
2026-01-05,210093,Sander Jong,1526,3,,,NED,25,atp_rankings_2026_01_05.csv
2026-01-05,209972,Adit Sinha,1526,3,,,USA,22,atp_rankings_2026_01_05.csv
2026-01-05,210329,Antoine Vincent,1526,3,,,FRA,27,atp_rankings_2026_01_05.csv
2026-01-05,202269,Justin Barki,1531,3,,,INA,25,atp_rankings_2026_01_05.csv
2026-01-05,208178,Samuel Brosset,1531,3,,,FRA,27,atp_rankings_2026_01_05.csv
2026-01-05,212859,Matisse Farzam,1531,3,,,USA,18,atp_rankings_2026_01_05.csv
2026-01-05,212683,Theo Herrmann,1531,3,,,FRA,20,atp_rankings_2026_01_05.csv
2026-01-05,212158,Will Mayew,1531,3,,,USA,21,atp_rankings_2026_01_05.csv
2026-01-05,210312,Oliver Ojakaar,1531,3,,,EST,20,atp_rankings_2026_01_05.csv
2026-01-05,213957,Daniel Phillips,1531,3,,,BER,20,atp_rankings_2026_01_05.csv
2026-01-05,214246,Nikolas Stoot,1531,3,,,USA,18,atp_rankings_2026_01_05.csv
2026-01-05,214001,Damien Clerc,1539,3,,,FRA,,atp_rankings_2026_01_05.csv
2026-01-05,214038,Laurence Teunissen,1539,3,,,NED,,atp_rankings_2026_01_05.csv
2026-01-05,210230,Wissam Abderrahman,1541,3,,,TUN,22,atp_rankings_2026_01_05.csv
2026-01-05,207739,Yusuf Khamis,1541,3,,,EGY,25,atp_rankings_2026_01_05.csv
2026-01-05,213058,Weiyi Kong,1541,3,,,CHN,,atp_rankings_2026_01_05.csv
2026-01-05,209925,Thijmen Loof,1541,3,,,NED,23,atp_rankings_2026_01_05.csv
2026-01-05,212491,Alexander Razeghi,1541,3,,,USA,19,atp_rankings_2026_01_05.csv
2026-01-05,210693,Hudson Rivera,1541,3,,,USA,21,atp_rankings_2026_01_05.csv
2026-01-05,213738,Jack Satterfield,1541,3,,,USA,,atp_rankings_2026_01_05.csv
2026-01-05,210571,Isac Stroemberg,1541,3,,,SWE,22,atp_rankings_2026_01_05.csv
2026-01-05,214192,Ymerali Ibraimi,1549,3,,,AUS,16,atp_rankings_2026_01_05.csv
2026-01-05,212291,Siwanat Auytayakul,1550,3,,,THA,21,atp_rankings_2026_01_05.csv
2026-01-05,213011,John Bothma,1550,3,,,RSA,17,atp_rankings_2026_01_05.csv
2026-01-05,207507,Stefan Latinovic,1550,3,,,SRB,26,atp_rankings_2026_01_05.csv
2026-01-05,120922,Maciej Rajski,1550,3,,,POL,34,atp_rankings_2026_01_05.csv
2026-01-05,210190,Timofey Stepanov,1550,3,,,SUI,22,atp_rankings_2026_01_05.csv
2026-01-05,210605,Liam Branger,1555,3,,,FRA,24,atp_rankings_2026_01_05.csv
2026-01-05,213920,Nathan Cox,1555,3,,,USA,,atp_rankings_2026_01_05.csv
2026-01-05,213678,Felipe Dreer,1555,3,,,ARG,,atp_rankings_2026_01_05.csv
2026-01-05,212880,Ilyas Milad Fahim,1555,3,,,MAR,20,atp_rankings_2026_01_05.csv
2026-01-05,212750,Clement Lemire,1555,3,,,FRA,19,atp_rankings_2026_01_05.csv
2026-01-05,213889,Arjun Rathi,1555,3,,,IND,,atp_rankings_2026_01_05.csv
2026-01-05,212770,Timeo Trufelli,1555,3,,,FRA,17,atp_rankings_2026_01_05.csv
2026-01-05,212937,Achilles Belkovics,1562,3,,,HUN,,atp_rankings_2026_01_05.csv
2026-01-05,211684,Emirhan Bulut,1562,3,,,TUR,19,atp_rankings_2026_01_05.csv
2026-01-05,214016,Bautista De La Pena,1562,3,,,BRA,16,atp_rankings_2026_01_05.csv
2026-01-05,207209,Raghav Jaisinghani,1562,3,,,IND,27,atp_rankings_2026_01_05.csv
2026-01-05,213026,Amine Jamji,1562,3,,,MAR,,atp_rankings_2026_01_05.csv
2026-01-05,213174,Mickael Kaouk,1562,3,,,FRA,,atp_rankings_2026_01_05.csv
2026-01-05,212896,Melvin Kumar,1562,3,,,SWE,19,atp_rankings_2026_01_05.csv
2026-01-05,202345,Arvid Nordquist,1562,3,,,SWE,27,atp_rankings_2026_01_05.csv
2026-01-05,211677,Matthew Rankin,1562,3,,,GBR,21,atp_rankings_2026_01_05.csv
2026-01-05,210526,Niccolo Baroni,1571,3,,,ITA,22,atp_rankings_2026_01_05.csv
2026-01-05,214156,Mahmoud Chetouane,1571,3,,,TUN,17,atp_rankings_2026_01_05.csv
2026-01-05,206673,Bharath Nishok Kumaran,1571,3,,,IND,27,atp_rankings_2026_01_05.csv
2026-01-05,149139,Arthur Laborde,1571,3,,,SUI,21,atp_rankings_2026_01_05.csv
2026-01-05,207431,Lewie Lane,1571,3,,,GER,25,atp_rankings_2026_01_05.csv
2026-01-05,208204,Francois Musitelli,1571,3,,,FRA,27,atp_rankings_2026_01_05.csv
2026-01-05,212617,Shu Muto,1571,3,,,JPN,,atp_rankings_2026_01_05.csv
2026-01-05,212092,Yu Tanaka,1571,3,,,JPN,22,atp_rankings_2026_01_05.csv
2026-01-05,,Illya Beloborodko,1579,3,,,,,atp_rankings_2026_01_05.csv
2026-01-05,212840,Thomas Gerbaud,1579,3,,,FRA,21,atp_rankings_2026_01_05.csv
2026-01-05,211660,Ryan Augusto Dos Santos,1581,3,,,BRA,22,atp_rankings_2026_01_05.csv
2026-01-05,213766,Enrique Carrascosa Diaz,1581,3,,,ESP,,atp_rankings_2026_01_05.csv
2026-01-05,212963,Sebastian Grundtvig Jorgensen,1581,3,,,DEN,24,atp_rankings_2026_01_05.csv
2026-01-05,213771,Dominick Mosejczuk,1581,3,,,USA,18,atp_rankings_2026_01_05.csv
2026-01-05,207973,Ainius Sabaliauskas,1581,3,,,LTU,22,atp_rankings_2026_01_05.csv
2026-01-05,213278,Leonardo Angeloni,1586,3,,,ITA,20,atp_rankings_2026_01_05.csv
2026-01-05,105871,Sekou Bangoura,1586,3,,,USA,34,atp_rankings_2026_01_05.csv
2026-01-05,213798,Noah Brownrigg,1586,3,,,AUS,19,atp_rankings_2026_01_05.csv
2026-01-05,213667,Valentin Guadagno,1586,3,,,ARG,,atp_rankings_2026_01_05.csv
2026-01-05,149104,Patrik Homola,1586,3,,,CZE,21,atp_rankings_2026_01_05.csv
2026-01-05,213036,Luis Guto Miguel,1586,3,,,BRA,16,atp_rankings_2026_01_05.csv
2026-01-05,213617,Mattia Nannelli,1586,3,,,ITA,,atp_rankings_2026_01_05.csv
2026-01-05,210212,Alexander Petrov,1586,3,,,BUL,24,atp_rankings_2026_01_05.csv
2026-01-05,209877,Stevan Popovic,1586,3,,,GER,24,atp_rankings_2026_01_05.csv
2026-01-05,212098,Iker Urribarrens Ramirez,1586,3,,,ESP,21,atp_rankings_2026_01_05.csv
2026-01-05,212769,Leo Lagarrigue,1596,3,,,FRA,19,atp_rankings_2026_01_05.csv
2026-01-05,149268,Gabriele Vulpitta,1596,3,,,ITA,20,atp_rankings_2026_01_05.csv
2026-01-05,213584,Artem Bogomolov,1598,3,,,RUS,,atp_rankings_2026_01_05.csv
2026-01-05,213801,Jake Dembo,1598,3,,,AUS,,atp_rankings_2026_01_05.csv
2026-01-05,200608,Andres Fernandez Canovas,1598,3,,,ESP,26,atp_rankings_2026_01_05.csv
2026-01-05,211589,Tilen Kovac,1598,3,,,SLO,23,atp_rankings_2026_01_05.csv
2026-01-05,213653,Benjamin Willwerth,1598,3,,,USA,,atp_rankings_2026_01_05.csv
2026-01-05,210205,Edoardo Zanada,1598,3,,,ITA,25,atp_rankings_2026_01_05.csv
2026-01-05,209986,Viktor Jovic,1604,3,,,SRB,23,atp_rankings_2026_01_05.csv
2026-01-05,212272,Nikos Lehmann,1604,3,,,ARG,20,atp_rankings_2026_01_05.csv
2026-01-05,208841,Zekai Li,1604,3,,,CHN,25,atp_rankings_2026_01_05.csv
2026-01-05,200703,Bogdan Pavel,1604,3,,,ROU,26,atp_rankings_2026_01_05.csv
2026-01-05,213536,Sergio Planella Hernandez,1604,3,,,ESP,,atp_rankings_2026_01_05.csv
2026-01-05,208855,Christopher Papa,1609,3,,,USA,24,atp_rankings_2026_01_05.csv
2026-01-05,202217,Vito Dellelba,1610,3,,,ITA,26,atp_rankings_2026_01_05.csv
2026-01-05,212806,Benjamin Gusic Wan,1610,3,,,GBR,18,atp_rankings_2026_01_05.csv
2026-01-05,212529,Alex Finkelstein,1612,3,,,USA,23,atp_rankings_2026_01_05.csv
2026-01-05,210153,David Fix,1612,3,,,GER,20,atp_rankings_2026_01_05.csv
2026-01-05,213201,Valentino Grippo,1612,3,,,ARG,,atp_rankings_2026_01_05.csv
2026-01-05,213114,Chun Chien Hou,1612,3,,,TPE,19,atp_rankings_2026_01_05.csv
2026-01-05,213640,Stephane Pierre Jo Kamendje,1612,3,,,CAN,,atp_rankings_2026_01_05.csv
2026-01-05,211787,Matteo Lavizzari,1612,3,,,SUI,20,atp_rankings_2026_01_05.csv
2026-01-05,212119,Nik Mikovic,1612,3,,,SLO,21,atp_rankings_2026_01_05.csv
2026-01-05,208381,Nicolas Esteban Rico Arias,1612,3,,,COL,25,atp_rankings_2026_01_05.csv
2026-01-05,210420,Gheorghe Claudiu Schinteie,1612,3,,,ROU,23,atp_rankings_2026_01_05.csv
2026-01-05,207559,Darrshan Suresh,1612,3,,,MAS,24,atp_rankings_2026_01_05.csv
2026-01-05,212751,Raphael Vaksmann,1612,3,,,FRA,,atp_rankings_2026_01_05.csv
2026-01-05,210670,Sasa Markovic,1623,3,,,SRB,20,atp_rankings_2026_01_05.csv
2026-01-05,144665,Ryotero Matsumura,1623,3,,,JPN,29,atp_rankings_2026_01_05.csv
2026-01-05,212900,Andrea Paolini,1623,3,,,ITA,23,atp_rankings_2026_01_05.csv
2026-01-05,208726,Alberto Odiseo Alvarado Berrospi,1626,3,,,PER,25,atp_rankings_2026_01_05.csv
2026-01-05,209103,Haoyuan Huang,1626,3,,,CHN,23,atp_rankings_2026_01_05.csv
2026-01-05,210341,Ajay Malik,1626,3,,,IND,22,atp_rankings_2026_01_05.csv
2026-01-05,210229,Aleksa Pisaric,1626,3,,,SRB,20,atp_rankings_2026_01_05.csv
2026-01-05,210011,Aristarkh Safonov,1626,3,,,RUS,22,atp_rankings_2026_01_05.csv
2026-01-05,211454,Federico Valle,1626,3,,,ITA,25,atp_rankings_2026_01_05.csv
2026-01-05,211467,Aditya Vishal Balsekar,1626,3,,,IND,23,atp_rankings_2026_01_05.csv
2026-01-05,200310,Alexander Zgirovsky,1626,3,,,BLR,24,atp_rankings_2026_01_05.csv
2026-01-05,210434,Charlie Camus,1634,3,,,FRA,19,atp_rankings_2026_01_05.csv
2026-01-05,212981,Jonas Gundacker,1634,3,,,AUT,23,atp_rankings_2026_01_05.csv
2026-01-05,212067,Ye Hongyu,1634,3,,,CHN,21,atp_rankings_2026_01_05.csv
2026-01-05,209346,Stijn Pel,1634,3,,,NED,23,atp_rankings_2026_01_05.csv
2026-01-05,211497,Rocco Piatti,1638,3,,,MON,21,atp_rankings_2026_01_05.csv
2026-01-05,213378,Adam Farag Cao,1639,3,,,CAN,18,atp_rankings_2026_01_05.csv
2026-01-05,213848,Nicholas Roberts,1639,3,,,FRA,19,atp_rankings_2026_01_05.csv
2026-01-05,213637,Daniel Domingos,1641,3,,,AGO,,atp_rankings_2026_01_05.csv
2026-01-05,212903,Melih Anavatan,1642,3,,,TUR,,atp_rankings_2026_01_05.csv
2026-01-05,149108,Loic Namigandet Tenguere,1642,3,,,FRA,27,atp_rankings_2026_01_05.csv
2026-01-05,212130,Mariano Tammaro,1642,3,,,ITA,21,atp_rankings_2026_01_05.csv
2026-01-05,210595,Jiri Cizek,1645,3,,,CZE,20,atp_rankings_2026_01_05.csv
2026-01-05,210110,Alessandro Bellifemine,1646,3,,,ITA,24,atp_rankings_2026_01_05.csv
2026-01-05,212745,Tadeo Meneo,1647,3,,,ARG,20,atp_rankings_2026_01_05.csv
2026-01-05,110773,Issei Okamura,1647,3,,,JPN,33,atp_rankings_2026_01_05.csv
2026-01-05,207478,Zhenxiong Dong,1649,3,,,CHN,27,atp_rankings_2026_01_05.csv
2026-01-05,213037,Luis Garcia Paez,1650,3,,,ESP,20,atp_rankings_2026_01_05.csv
2026-01-05,213774,Dmitry Kopilevich,1650,3,,,SLO,19,atp_rankings_2026_01_05.csv
2026-01-05,208816,Jeremy Schifris,1652,3,,,GER,24,atp_rankings_2026_01_05.csv
2026-01-05,124045,Lawrence Bataljin,1653,3,,,AUS,29,atp_rankings_2026_01_05.csv
2026-01-05,211537,Alfred Almasi,1654,2,,,SVK,,atp_rankings_2026_01_05.csv
2026-01-05,212678,David Bakonyi,1654,2,,,HUN,19,atp_rankings_2026_01_05.csv
2026-01-05,200265,Ulises Blanch,1654,2,,,USA,27,atp_rankings_2026_01_05.csv
2026-01-05,213913,Casper Christensen,1654,2,,,NOR,23,atp_rankings_2026_01_05.csv
2026-01-05,214331,Valentino Conte,1654,2,,,ARG,21,atp_rankings_2026_01_05.csv
2026-01-05,213691,Connor Doig,1654,2,,,RSA,,atp_rankings_2026_01_05.csv
2026-01-05,144848,Sergio Luis Hernandez Ramirez,1654,2,,,COL,26,atp_rankings_2026_01_05.csv
2026-01-05,214269,Marcel Latak,1654,2,,,USA,16,atp_rankings_2026_01_05.csv
2026-01-05,126630,Ivan Liutarevich,1654,2,,,BLR,29,atp_rankings_2026_01_05.csv
2026-01-05,212916,Marko Milosavljevic,1654,2,,,SRB,,atp_rankings_2026_01_05.csv
2026-01-05,214329,Diego Eduardo Munoz Navia,1654,2,,,BOL,19,atp_rankings_2026_01_05.csv
2026-01-05,208254,Ignacio Novo,1654,2,,,ARG,25,atp_rankings_2026_01_05.csv
2026-01-05,105578,Cristian Rodriguez,1654,2,,,COL,35,atp_rankings_2026_01_05.csv
2026-01-05,214327,Oliver Andre Solis Encinas,1654,2,,,BOL,,atp_rankings_2026_01_05.csv
2026-01-05,,JJ Tracy,1654,2,,,,,atp_rankings_2026_01_05.csv
2026-01-05,208874,Seita Watanabe,1654,2,,,JPN,25,atp_rankings_2026_01_05.csv
2026-01-05,213523,Milan Welte,1654,2,,,GER,24,atp_rankings_2026_01_05.csv
2026-01-05,214054,Baltazar Wiger Nordas,1654,2,,,NOR,22,atp_rankings_2026_01_05.csv
2026-01-05,214270,Tomas Zurmendi,1654,2,,,URU,16,atp_rankings_2026_01_05.csv
2026-01-05,214004,Michael Antonius,1673,2,,,USA,,atp_rankings_2026_01_05.csv
2026-01-05,210504,Billy Blaydes,1673,2,,,GBR,22,atp_rankings_2026_01_05.csv
2026-01-05,212570,Nikita Filin,1673,2,,,USA,19,atp_rankings_2026_01_05.csv
2026-01-05,207881,Raul Garcia,1673,2,,,BOL,23,atp_rankings_2026_01_05.csv
2026-01-05,212782,Saahith Jayaraman,1673,2,,,USA,,atp_rankings_2026_01_05.csv
2026-01-05,109737,Markos Kalovelonis,1673,2,,,GRE,31,atp_rankings_2026_01_05.csv
2026-01-05,211622,Loan Lestir,1673,2,,,FRA,20,atp_rankings_2026_01_05.csv
2026-01-05,210102,Neo Niedner,1673,2,,,GER,22,atp_rankings_2026_01_05.csv
2026-01-05,214332,Henrique Ortenblad Nogueira,1673,2,,,BRA,22,atp_rankings_2026_01_05.csv
2026-01-05,210376,Max  Sheldon,1673,2,,,USA,22,atp_rankings_2026_01_05.csv
2026-01-05,209225,Martin Antonio Vergara Del Puerto,1673,2,,,PAR,21,atp_rankings_2026_01_05.csv
2026-01-05,211458,Nathan Anthony Barki,1684,2,,,INA,21,atp_rankings_2026_01_05.csv
2026-01-05,214292,Ignacio De Armas,1684,2,,,VEN,17,atp_rankings_2026_01_05.csv
2026-01-05,200199,Matteo De Vincentis,1684,2,,,ITA,27,atp_rankings_2026_01_05.csv
2026-01-05,209294,Diego Duran,1684,2,,,ESA,,atp_rankings_2026_01_05.csv
2026-01-05,213965,Andrew Johnson,1684,2,,,USA,16,atp_rankings_2026_01_05.csv
2026-01-05,210188,Petar Jovanovic,1684,2,,,MNE,22,atp_rankings_2026_01_05.csv
2026-01-05,212139,Vit Kalina,1684,2,,,CZE,20,atp_rankings_2026_01_05.csv
2026-01-05,214276,Min Ho Ko,1684,2,,,KOR,18,atp_rankings_2026_01_05.csv
2026-01-05,212476,Noritaka Koizumi,1684,2,,,JPN,22,atp_rankings_2026_01_05.csv
2026-01-05,212023,Oscar Lacides,1684,2,,,GUD,21,atp_rankings_2026_01_05.csv
2026-01-05,214231,Johan Oscar Lien,1684,2,,,NOR,18,atp_rankings_2026_01_05.csv
2026-01-05,210055,Noah Lopez,1684,2,,,SUI,23,atp_rankings_2026_01_05.csv
2026-01-05,200100,Tomas Rengel Sierra,1684,2,,,ARG,29,atp_rankings_2026_01_05.csv
2026-01-05,106138,Yaraslav Shyla,1684,2,,,BLR,32,atp_rankings_2026_01_05.csv
2026-01-05,208589,Nikita Volonski,1684,2,,,AUS,24,atp_rankings_2026_01_05.csv
2026-01-05,213907,Christian Wedel,1684,2,,,GER,,atp_rankings_2026_01_05.csv
2026-01-05,211741,Anthony Wright,1684,2,,,GBR,21,atp_rankings_2026_01_05.csv
2026-01-05,209206,Antonio Caruso,1701,2,,,ITA,26,atp_rankings_2026_01_05.csv
2026-01-05,214029,Ye Chen,1701,2,,,CHN,,atp_rankings_2026_01_05.csv
2026-01-05,214112,Remy Dugardin,1701,2,,,FRA,,atp_rankings_2026_01_05.csv
2026-01-05,124014,Ernesto Escobedo,1701,2,,,MEX,29,atp_rankings_2026_01_05.csv
2026-01-05,208821,Ondrej Horak,1701,2,,,CZE,23,atp_rankings_2026_01_05.csv
2026-01-05,208027,Alex Jones,1701,2,,,USA,27,atp_rankings_2026_01_05.csv
2026-01-05,213367,Emiliano Jorquera,1701,2,,,CAN,22,atp_rankings_2026_01_05.csv
2026-01-05,144896,Hao Sheng Koay,1701,2,,,MAS,27,atp_rankings_2026_01_05.csv
2026-01-05,213815,Sergey Petrov,1701,2,,,RUS,,atp_rankings_2026_01_05.csv
2026-01-05,213274,Eli Stephenson,1701,2,,,USA,21,atp_rankings_2026_01_05.csv
2026-01-05,,Hugo Cardinaud,1711,2,,,,,atp_rankings_2026_01_05.csv
2026-01-05,210711,Francisco Tomas Geschwind,1711,2,,,ARG,22,atp_rankings_2026_01_05.csv
2026-01-05,213823,Federico Guarducci,1711,2,,,ITA,21,atp_rankings_2026_01_05.csv
2026-01-05,202439,Sean Hodkin,1711,2,,,GBR,27,atp_rankings_2026_01_05.csv
2026-01-05,212758,Jarrod Joyce,1711,2,,,AUS,19,atp_rankings_2026_01_05.csv
2026-01-05,212669,Botond Kisantal,1711,2,,,HUN,20,atp_rankings_2026_01_05.csv
2026-01-05,212851,Espen Lagarde,1711,2,,,FRA,24,atp_rankings_2026_01_05.csv
2026-01-05,211406,Yazid Lahjomri,1711,2,,,MAR,20,atp_rankings_2026_01_05.csv
2026-01-05,105747,Karim Mohamed Maamoun,1711,2,,,EGY,34,atp_rankings_2026_01_05.csv
2026-01-05,213069,Gasper Matijasic,1711,2,,,SLO,,atp_rankings_2026_01_05.csv
2026-01-05,116985,Petr Michnev,1711,2,,,CZE,36,atp_rankings_2026_01_05.csv
2026-01-05,211587,Diogo Morais,1711,2,,,POR,21,atp_rankings_2026_01_05.csv
2026-01-05,125843,Ren Nakamura,1711,2,,,JPN,30,atp_rankings_2026_01_05.csv
2026-01-05,210081,Viacheslav Ovchinnikov,1711,2,,,RUS,23,atp_rankings_2026_01_05.csv
2026-01-05,214229,Mathys Picard,1711,2,,,FRA,18,atp_rankings_2026_01_05.csv
2026-01-05,213964,Bengt Johan Reinhard,1711,2,,,GER,18,atp_rankings_2026_01_05.csv
2026-01-05,213151,Flynn Thomas,1711,2,,,SUI,,atp_rankings_2026_01_05.csv
2026-01-05,213873,Benjamin Perez,1728,2,,,CHI,18,atp_rankings_2026_01_05.csv
2026-01-05,212854,Felipe Virgili Berini,1728,2,,,ITA,20,atp_rankings_2026_01_05.csv
2026-01-05,124126,Sarp Agabigun,1730,2,,,TUR,28,atp_rankings_2026_01_05.csv
2026-01-05,212462,Evan Burnett,1730,2,,,USA,19,atp_rankings_2026_01_05.csv
2026-01-05,210403,Ivan Dreycopp,1730,2,,,ARG,22,atp_rankings_2026_01_05.csv
2026-01-05,213767,Alexander Glomb,1730,2,,,GER,,atp_rankings_2026_01_05.csv
2026-01-05,200662,Toru Horie,1730,2,,,JPN,26,atp_rankings_2026_01_05.csv
2026-01-05,212150,Oskar Jansson,1730,2,,,SWE,21,atp_rankings_2026_01_05.csv
2026-01-05,202155,Yeongseok Jeong,1730,2,,,KOR,25,atp_rankings_2026_01_05.csv
2026-01-05,207256,Admir Kalender,1730,2,,,CRO,24,atp_rankings_2026_01_05.csv
2026-01-05,210248,Jakub Kroslak,1730,2,,,SVK,22,atp_rankings_2026_01_05.csv
2026-01-05,211701,Jules Leroux,1730,2,,,FRA,20,atp_rankings_2026_01_05.csv
2026-01-05,134113,Cing Yang Meng,1730,2,,,TPE,27,atp_rankings_2026_01_05.csv
2026-01-05,210060,Aleksandar Mihailovic,1730,2,,,SRB,23,atp_rankings_2026_01_05.csv
2026-01-05,212953,Ilija Palavestra,1730,2,,,USA,,atp_rankings_2026_01_05.csv
2026-01-05,213980,Arnav Paparkar,1730,2,,,IND,17,atp_rankings_2026_01_05.csv
2026-01-05,210287,Noah Regas Luis,1730,2,,,ESP,21,atp_rankings_2026_01_05.csv
2026-01-05,210170,Noah Schlagenhauf,1730,2,,,GER,23,atp_rankings_2026_01_05.csv
2026-01-05,213553,Dmytro Shirokyi,1730,2,,,UKR,19,atp_rankings_2026_01_05.csv
2026-01-05,213588,Esteban Talavera Cortes,1730,2,,,ESP,,atp_rankings_2026_01_05.csv
2026-01-05,200205,Valentin Vanta,1730,2,,,ROU,28,atp_rankings_2026_01_05.csv
2026-01-05,209199,Ilias Zimmermann,1730,2,,,SUI,,atp_rankings_2026_01_05.csv
2026-01-05,209238,Sebastian Dominguez,1750,2,,,GUA,23,atp_rankings_2026_01_05.csv
2026-01-05,210291,Gabriel Evans,1750,2,,,USA,29,atp_rankings_2026_01_05.csv
2026-01-05,214214,Daniel Jovanovski,1750,2,,,AUS,17,atp_rankings_2026_01_05.csv
2026-01-05,212180,Shaoyun Liu,1750,2,,,CHN,23,atp_rankings_2026_01_05.csv
2026-01-05,211471,Henrik Bladelius,1754,2,,,SWE,21,atp_rankings_2026_01_05.csv
2026-01-05,210308,Stylianos Christodoulou,1754,2,,,CYP,21,atp_rankings_2026_01_05.csv
2026-01-05,138104,Stefan Cooper,1754,2,,,GBR,29,atp_rankings_2026_01_05.csv
2026-01-05,212876,Pedro Andre De Almeida Santos,1754,2,,,BRA,21,atp_rankings_2026_01_05.csv
2026-01-05,210396,Dmitry Dolzhenkov,1754,2,,,RUS,21,atp_rankings_2026_01_05.csv
2026-01-05,210729,Hamza El Amine,1754,2,,,MAR,21,atp_rankings_2026_01_05.csv
2026-01-05,200419,Jonas Eriksson Ziverts,1754,2,,,SWE,26,atp_rankings_2026_01_05.csv
2026-01-05,213576,Matt Kleiman,1754,2,,,USA,,atp_rankings_2026_01_05.csv
2026-01-05,206895,Alex Kobelt,1754,2,,,USA,28,atp_rankings_2026_01_05.csv
2026-01-05,212754,Norbert Marosik,1754,2,,,SVK,21,atp_rankings_2026_01_05.csv
2026-01-05,132137,Tomislav Edward Papac,1754,2,,,AUS,30,atp_rankings_2026_01_05.csv
2026-01-05,207972,Minjong Park,1754,2,,,KOR,24,atp_rankings_2026_01_05.csv
2026-01-05,212230,Seungmin Park,1754,2,,,KOR,20,atp_rankings_2026_01_05.csv
2026-01-05,210114,Julien Penzlin,1754,2,,,GER,23,atp_rankings_2026_01_05.csv
2026-01-05,213186,David Petrovic,1754,2,,,GER,21,atp_rankings_2026_01_05.csv
2026-01-05,207958,Roman Postolka,1754,2,,,CZE,26,atp_rankings_2026_01_05.csv
2026-01-05,206827,Alan Sau Franco,1754,2,,,MEX,25,atp_rankings_2026_01_05.csv
2026-01-05,213135,Ruslan Serazhetdinov,1754,2,,,RUS,20,atp_rankings_2026_01_05.csv
2026-01-05,209870,Gunawan Trismuwantara,1754,2,,,INA,22,atp_rankings_2026_01_05.csv
2026-01-05,210704,Kian Vakili,1754,2,,,USA,22,atp_rankings_2026_01_05.csv
2026-01-05,210666,Ha Minh Duc Vu,1754,2,,,VIE,22,atp_rankings_2026_01_05.csv
2026-01-05,212459,Kai I Wang,1754,2,,,TPE,21,atp_rankings_2026_01_05.csv
2026-01-05,214037,Jan Wygona,1754,2,,,POL,,atp_rankings_2026_01_05.csv
2026-01-05,207370,Ryusuke Horiuchi,1777,2,,,JPN,27,atp_rankings_2026_01_05.csv
2026-01-05,213930,Zangar Nurlanuly,1777,2,,,KAZ,17,atp_rankings_2026_01_05.csv
2026-01-05,122649,Photos Photiades,1777,2,,,CYP,22,atp_rankings_2026_01_05.csv
2026-01-05,208154,Laurin Aerne,1780,2,,,SUI,26,atp_rankings_2026_01_05.csv
2026-01-05,210101,Simone Agostini,1780,2,,,ITA,28,atp_rankings_2026_01_05.csv
2026-01-05,105029,Sergey Betov,1780,2,,,BLR,38,atp_rankings_2026_01_05.csv
2026-01-05,212473,Miles Clark,1780,2,,,USA,,atp_rankings_2026_01_05.csv
2026-01-05,213885,Nav Dayal,1780,2,,,USA,,atp_rankings_2026_01_05.csv
2026-01-05,210454,Jesse De Jager,1780,2,,,NED,23,atp_rankings_2026_01_05.csv
2026-01-05,212129,Mariano Dedura Palomero,1780,2,,,GER,20,atp_rankings_2026_01_05.csv
2026-01-05,208197,Ammar Elamin,1780,2,,,IRL,23,atp_rankings_2026_01_05.csv
2026-01-05,200187,Luc Fomba,1780,2,,,FRA,26,atp_rankings_2026_01_05.csv
2026-01-05,210649,Giammarco Gandolfi,1780,2,,,ITA,21,atp_rankings_2026_01_05.csv
2026-01-05,213298,Carl Holder,1780,2,,,FRA,19,atp_rankings_2026_01_05.csv
2026-01-05,210598,Nicolas Hollender,1780,2,,,ARG,24,atp_rankings_2026_01_05.csv
2026-01-05,212232,Yeonsu Jeong,1780,2,,,KOR,,atp_rankings_2026_01_05.csv
2026-01-05,213185,Makar Krivoshchekov,1780,2,,,RUS,20,atp_rankings_2026_01_05.csv
2026-01-05,211742,Daniel Lara Salmeron,1780,2,,,ESP,24,atp_rankings_2026_01_05.csv
2026-01-05,212825,Cian Maguire,1780,2,,,IRL,26,atp_rankings_2026_01_05.csv
2026-01-05,144731,Kody Pearson,1780,2,,,AUS,26,atp_rankings_2026_01_05.csv
2026-01-05,207541,Michalis Sakellaridis,1780,2,,,GRE,24,atp_rankings_2026_01_05.csv
2026-01-05,200479,Luke Simkiss,1780,2,,,GBR,27,atp_rankings_2026_01_05.csv
2026-01-05,138467,Marvin Bernardo Becker Spiering,1780,2,,,BRA,28,atp_rankings_2026_01_05.csv
2026-01-05,213532,Stefan Storch,1780,2,,,AUS,,atp_rankings_2026_01_05.csv
2026-01-05,202357,Bang Shuo Yin,1780,2,,,TPE,26,atp_rankings_2026_01_05.csv
2026-01-05,209117,Marco Furlanetto,1802,2,,,ITA,24,atp_rankings_2026_01_05.csv
2026-01-05,209035,Mikel Martinez,1802,2,,,ESP,25,atp_rankings_2026_01_05.csv
2026-01-05,212883,Andres Delgadillo,1804,2,,,MEX,,atp_rankings_2026_01_05.csv
2026-01-05,212711,Daniel Jade,1804,2,,,FRA,16,atp_rankings_2026_01_05.csv
2026-01-05,,Alvaro Jimenez,1804,2,,,,,atp_rankings_2026_01_05.csv
2026-01-05,212932,Noah Karma,1804,2,,,SUI,,atp_rankings_2026_01_05.csv
2026-01-05,214111,Tomas Jordi Leston,1804,2,,,ARG,,atp_rankings_2026_01_05.csv
2026-01-05,200455,Aliaksandr Liaonenka,1804,2,,,BLR,26,atp_rankings_2026_01_05.csv
2026-01-05,213391,Silvio Mencaglia,1804,2,,,ITA,21,atp_rankings_2026_01_05.csv
2026-01-05,213810,Alex Santino Nunez Vera,1804,2,,,PAR,18,atp_rankings_2026_01_05.csv
2026-01-05,202363,Fabien Salle,1804,2,,,FRA,26,atp_rankings_2026_01_05.csv
2026-01-05,213716,Yoshka Sborowsky,1804,2,,,FRA,,atp_rankings_2026_01_05.csv
2026-01-05,210331,Alessandro Spadola,1804,2,,,ITA,22,atp_rankings_2026_01_05.csv
2026-01-05,208542,Linghao Zhang,1804,2,,,CHN,22,atp_rankings_2026_01_05.csv
2026-01-05,212089,Kane Bonsach Ganley,1816,2,,,DEN,21,atp_rankings_2026_01_05.csv
2026-01-05,212934,Antoni Fabre,1816,2,,,FRA,,atp_rankings_2026_01_05.csv
2026-01-05,212632,Peter Alam,1818,2,,,GBR,23,atp_rankings_2026_01_05.csv
2026-01-05,200622,Hernando Jose Escurra Isnardi,1818,2,,,PAR,28,atp_rankings_2026_01_05.csv
2026-01-05,210092,Filiberto Fumagalli,1818,2,,,ITA,23,atp_rankings_2026_01_05.csv
2026-01-05,207367,Bora Sengul,1818,2,,,TUR,24,atp_rankings_2026_01_05.csv
2026-01-05,212289,Tom Sickenberger,1818,2,,,GER,,atp_rankings_2026_01_05.csv
2026-01-05,208504,Daiki Yoshimura,1818,2,,,JPN,23,atp_rankings_2026_01_05.csv
2026-01-05,209267,Vesa Ahti,1824,2,,,FIN,26,atp_rankings_2026_01_05.csv
2026-01-05,212724,Anas Bennour Dit Sahli,1824,2,,,TUN,19,atp_rankings_2026_01_05.csv
2026-01-05,213494,Bogdan Seleznev,1824,2,,,RUS,23,atp_rankings_2026_01_05.csv
2026-01-05,213049,Mateya Stanisavljevic,1824,2,,,SRB,19,atp_rankings_2026_01_05.csv
2026-01-05,210315,Pietro Pampanin,1828,2,,,ITA,23,atp_rankings_2026_01_05.csv
2026-01-05,123847,Bogdan Bobrov,1829,2,,,RUS,28,atp_rankings_2026_01_05.csv
2026-01-05,212923,Hugo Ouzilou,1829,2,,,SUI,22,atp_rankings_2026_01_05.csv
2026-01-05,210103,Luca Parenti,1829,2,,,ITA,22,atp_rankings_2026_01_05.csv
2026-01-05,206905,Louis Herman,1832,2,,,BEL,24,atp_rankings_2026_01_05.csv
2026-01-05,,Ignasi Forcano Aparicio,1833,2,,,,,atp_rankings_2026_01_05.csv
2026-01-05,202323,Arjun Mehrotra,1833,2,,,AUS,28,atp_rankings_2026_01_05.csv
2026-01-05,211601,Alvaro Peiro Serrano,1833,2,,,ESP,21,atp_rankings_2026_01_05.csv
2026-01-05,212875,Zhengyu Sun,1833,2,,,CHN,19,atp_rankings_2026_01_05.csv
2026-01-05,210032,Pierre Antoine Tailleu,1833,2,,,FRA,22,atp_rankings_2026_01_05.csv
2026-01-05,212030,Kerem Yilmaz,1833,2,,,TUR,18,atp_rankings_2026_01_05.csv
2026-01-05,212260,Rocco Valente,1839,2,,,ARG,21,atp_rankings_2026_01_05.csv
2026-01-05,208780,Kaya Arinc,1840,2,,,TUR,26,atp_rankings_2026_01_05.csv
2026-01-05,200045,Anthony Susanto,1840,2,,,INA,28,atp_rankings_2026_01_05.csv
2026-01-05,132018,Drew Van Orderlain,1840,2,,,USA,31,atp_rankings_2026_01_05.csv
2026-01-05,202314,Parth Aggarwal,1843,2,,,IND,28,atp_rankings_2026_01_05.csv
2026-01-05,207934,Philip Hjorth,1843,2,,,DEN,26,atp_rankings_2026_01_05.csv
2026-01-05,207463,Sheng Tang,1845,2,,,CHN,25,atp_rankings_2026_01_05.csv
2026-01-05,126732,Eric Ahren Moonga,1846,1,,,SWE,30,atp_rankings_2026_01_05.csv
2026-01-05,213849,Artur Aiukhanov,1846,1,,,RUS,19,atp_rankings_2026_01_05.csv
2026-01-05,105618,Juan Samuel Arauzo Martinez,1846,1,,,ESP,35,atp_rankings_2026_01_05.csv
2026-01-05,106262,Boris Arias,1846,1,,,BOL,32,atp_rankings_2026_01_05.csv
2026-01-05,214211,Arian Barbic,1846,1,,,GER,17,atp_rankings_2026_01_05.csv
2026-01-05,214283,Juan Ignacio Barraza,1846,1,,,ARG,24,atp_rankings_2026_01_05.csv
2026-01-05,213966,Jerry Barton,1846,1,,,USA,22,atp_rankings_2026_01_05.csv
2026-01-05,214138,Bastian Berenz,1846,1,,,AUT,,atp_rankings_2026_01_05.csv
2026-01-05,213739,Mika Berghaus,1846,1,,,GER,,atp_rankings_2026_01_05.csv
2026-01-05,212712,Alexis Berquier,1846,1,,,FRA,,atp_rankings_2026_01_05.csv
2026-01-05,209093,Juliusz Bienkiewicz,1846,1,,,POL,,atp_rankings_2026_01_05.csv
2026-01-05,210211,Omar Brigida,1846,1,,,ITA,26,atp_rankings_2026_01_05.csv
2026-01-05,214341,Oscar Brown,1846,1,,,GBR,23,atp_rankings_2026_01_05.csv
2026-01-05,213942,Tighe Brunetti,1846,1,,,USA,22,atp_rankings_2026_01_05.csv
2026-01-05,211453,Miguel Angel Cabrera,1846,1,,,CHI,25,atp_rankings_2026_01_05.csv
2026-01-05,214301,Matthew Carroll,1846,1,,,GBR,,atp_rankings_2026_01_05.csv
2026-01-05,212517,Marcos Castro Fabra,1846,1,,,ESP,18,atp_rankings_2026_01_05.csv
2026-01-05,213115,Elijah Cham,1846,1,,,AUS,,atp_rankings_2026_01_05.csv
2026-01-05,208672,Jose Luis Claro,1846,1,,,PER,22,atp_rankings_2026_01_05.csv
2026-01-05,211730,Sandesh Dattatray Kurale,1846,1,,,IND,,atp_rankings_2026_01_05.csv
2026-01-05,106352,Matias Franco Descotte,1846,1,,,ARG,31,atp_rankings_2026_01_05.csv
2026-01-05,214218,Malanqi Du,1846,1,,,CHN,23,atp_rankings_2026_01_05.csv
2026-01-05,214308,Tomas Dummer Macedo,1846,1,,,BRA,17,atp_rankings_2026_01_05.csv
2026-01-05,211685,Birtan Duran,1846,1,,,TUR,21,atp_rankings_2026_01_05.csv
2026-01-05,214353,Gian Durrer,1846,1,,,SUI,21,atp_rankings_2026_01_05.csv
2026-01-05,212072,Samyar Elyasi,1846,1,,,IRI,21,atp_rankings_2026_01_05.csv
2026-01-05,213671,Roberto Ferrer Guimaraes,1846,1,,,USA,,atp_rankings_2026_01_05.csv
2026-01-05,213904,Xavier Ferrer Mateo,1846,1,,,ESP,19,atp_rankings_2026_01_05.csv
2026-01-05,214248,Oriol Font,1846,1,,,ESP,20,atp_rankings_2026_01_05.csv
2026-01-05,214017,Jon Gamble,1846,1,,,USA,,atp_rankings_2026_01_05.csv
2026-01-05,214312,Rafael Augusto Garcia Finetto,1846,1,,,BRA,17,atp_rankings_2026_01_05.csv
2026-01-05,214310,Pietro Gava,1846,1,,,BRA,16,atp_rankings_2026_01_05.csv
2026-01-05,206625,Daniil Golubev,1846,1,,,RUS,24,atp_rankings_2026_01_05.csv
2026-01-05,213868,Maxim Groysman,1846,1,,,USA,,atp_rankings_2026_01_05.csv
2026-01-05,214364,Alexander Gschiel,1846,1,,,AUT,18,atp_rankings_2026_01_05.csv
2026-01-05,213028,Kornel Halmos,1846,1,,,HUN,19,atp_rankings_2026_01_05.csv
2026-01-05,213142,Bryan Hernandez Cortes,1846,1,,,ESP,19,atp_rankings_2026_01_05.csv
2026-01-05,205905,Sergio Ingles Garre,1846,1,,,ESP,26,atp_rankings_2026_01_05.csv
2026-01-05,208878,Ryder Jackson,1846,1,,,USA,20,atp_rankings_2026_01_05.csv
2026-01-05,127195,Hamza Karmoussi,1846,1,,,MAR,,atp_rankings_2026_01_05.csv
2026-01-05,211608,Nicolas Kobelt,1846,1,,,SUI,21,atp_rankings_2026_01_05.csv
2026-01-05,212521,Thomas Kostka,1846,1,,,FRA,22,atp_rankings_2026_01_05.csv
2026-01-05,210159,Tomas Lanik,1846,1,,,SVK,23,atp_rankings_2026_01_05.csv
2026-01-05,214265,Jordan Lee,1846,1,,,USA,15,atp_rankings_2026_01_05.csv
2026-01-05,214333,Woong Bi Lee,1846,1,,,KOR,20,atp_rankings_2026_01_05.csv
2026-01-05,214233,Woong Chan Lee,1846,1,,,KOR,17,atp_rankings_2026_01_05.csv
2026-01-05,210548,Tim Loosen,1846,1,,,GER,24,atp_rankings_2026_01_05.csv
2026-01-05,214294,Augusto Mateo Lucarelli,1846,1,,,ARG,19,atp_rankings_2026_01_05.csv
2026-01-05,148678,Cyrus Mahjoob,1846,1,,,USA,20,atp_rankings_2026_01_05.csv
2026-01-05,214251,Noah Martens,1846,1,,,BEL,23,atp_rankings_2026_01_05.csv
2026-01-05,214099,Kaspar Mathes,1846,1,,,GER,,atp_rankings_2026_01_05.csv
2026-01-05,144988,Joel Meda,1846,1,,,CIV,30,atp_rankings_2026_01_05.csv
2026-01-05,214367,Marco Migliorati,1846,1,,,ITA,22,atp_rankings_2026_01_05.csv
2026-01-05,213005,Ali Missoum,1846,1,,,MAR,17,atp_rankings_2026_01_05.csv
2026-01-05,212707,Moein Moazam,1846,1,,,IRI,23,atp_rankings_2026_01_05.csv
2026-01-05,214355,Eyad Reda Ezzat Mohamed Sherif,1846,1,,,EGY,17,atp_rankings_2026_01_05.csv
2026-01-05,204737,Alejandro Moreno,1846,1,,,MEX,35,atp_rankings_2026_01_05.csv
2026-01-05,214306,Juan Francisco Munoz,1846,1,,,MEX,18,atp_rankings_2026_01_05.csv
2026-01-05,149283,Freddy Murray,1846,1,,,IRL,22,atp_rankings_2026_01_05.csv
2026-01-05,208718,Mason Naumovski,1846,1,,,AUS,24,atp_rankings_2026_01_05.csv
2026-01-05,214100,Niklas Niggemann,1846,1,,,GER,23,atp_rankings_2026_01_05.csv
2026-01-05,212909,Dingzheng Nima,1846,1,,,CHN,21,atp_rankings_2026_01_05.csv
2026-01-05,213934,Ricard Novell,1846,1,,,ESP,,atp_rankings_2026_01_05.csv
2026-01-05,210133,Valdemar Frederik Pape,1846,1,,,DEN,22,atp_rankings_2026_01_05.csv
2026-01-05,123896,Matija Pecotic,1846,1,,,CRO,36,atp_rankings_2026_01_05.csv
2026-01-05,214254,Roberto Perez Socas,1846,1,,,ESP,17,atp_rankings_2026_01_05.csv
2026-01-05,210361,Felipe Pinzon Moreno,1846,1,,,USA,21,atp_rankings_2026_01_05.csv
2026-01-05,214160,Henry Ren,1846,1,,,CAN,21,atp_rankings_2026_01_05.csv
2026-01-05,213302,Rodrigo Reyna,1846,1,,,MEX,27,atp_rankings_2026_01_05.csv
2026-01-05,211603,Freddie Ridout,1846,1,,,GBR,,atp_rankings_2026_01_05.csv
2026-01-05,209880,Carl Roothman,1846,1,,,RSA,22,atp_rankings_2026_01_05.csv
2026-01-05,213837,Agassi Rusher,1846,1,,,USA,,atp_rankings_2026_01_05.csv
2026-01-05,134423,Leevi Saatela,1846,1,,,FIN,30,atp_rankings_2026_01_05.csv
2026-01-05,105816,Batyr Sapaev,1846,1,,,UZB,34,atp_rankings_2026_01_05.csv
2026-01-05,214024,Djordje Sapic,1846,1,,,SRB,,atp_rankings_2026_01_05.csv
2026-01-05,214271,Mauricio Schtulmann Gasca,1846,1,,,MEX,17,atp_rankings_2026_01_05.csv
2026-01-05,209948,Jan Sebesta,1846,1,,,SUI,22,atp_rankings_2026_01_05.csv
2026-01-05,213761,Jack Secord,1846,1,,,USA,,atp_rankings_2026_01_05.csv
2026-01-05,213751,Hayden Shoemake,1846,1,,,USA,,atp_rankings_2026_01_05.csv
2026-01-05,213999,Leon Sloboda,1846,1,,,SVK,,atp_rankings_2026_01_05.csv
2026-01-05,213723,Stephen Slocombe,1846,1,,,BAR,22,atp_rankings_2026_01_05.csv
2026-01-05,210162,Harry Thursfield,1846,1,,,GBR,25,atp_rankings_2026_01_05.csv
2026-01-05,208329,Maximilian Todorov,1846,1,,,GER,26,atp_rankings_2026_01_05.csv
2026-01-05,214045,Ryan Torres,1846,1,,,PHI,,atp_rankings_2026_01_05.csv
2026-01-05,207586,Justas Trainauskas,1846,1,,,LTU,23,atp_rankings_2026_01_05.csv
2026-01-05,214077,Vaal Urankar,1846,1,,,SLO,20,atp_rankings_2026_01_05.csv
2026-01-05,210356,Andres Urquiola Montellano,1846,1,,,BOL,21,atp_rankings_2026_01_05.csv
2026-01-05,209204,Iiro Vasa,1846,1,,,FIN,23,atp_rankings_2026_01_05.csv
2026-01-05,125804,Brandon Walkin,1846,1,,,GBR,31,atp_rankings_2026_01_05.csv
2026-01-05,214307,Ids Waterbolk,1846,1,,,NED,24,atp_rankings_2026_01_05.csv
2026-01-05,210448,Phoenix Weir,1846,1,,,GBR,20,atp_rankings_2026_01_05.csv
2026-01-05,213937,Dawid Wisniewski,1846,1,,,POL,,atp_rankings_2026_01_05.csv
2026-01-05,127894,Yusuke Yoshikawa,1846,1,,,JPN,31,atp_rankings_2026_01_05.csv
2026-01-05,214132,William Zhang,1846,1,,,USA,,atp_rankings_2026_01_05.csv
2026-01-05,214010,Shixun Zhu,1846,1,,,CHN,,atp_rankings_2026_01_05.csv
2026-01-05,214280,Fantino Alberca,1941,1,,,ARG,20,atp_rankings_2026_01_05.csv
2026-01-05,212493,Ramiro Amarilla,1941,1,,,ARG,24,atp_rankings_2026_01_05.csv
2026-01-05,144727,Joao Antonio,1941,1,,,POR,26,atp_rankings_2026_01_05.csv
2026-01-05,149100,Romeo Arcuschin,1941,1,,,ARG,,atp_rankings_2026_01_05.csv
2026-01-05,214008,David Asenov,1941,1,,,CAN,,atp_rankings_2026_01_05.csv
2026-01-05,213950,Nicolas Baena,1941,1,,,PER,17,atp_rankings_2026_01_05.csv
2026-01-05,214232,Lorenzo Balducci,1941,1,,,ITA,18,atp_rankings_2026_01_05.csv
2026-01-05,212796,Tristan Berard,1941,1,,,FRA,,atp_rankings_2026_01_05.csv
2026-01-05,212601,Luka Bojicic Ono,1941,1,,,BRA,20,atp_rankings_2026_01_05.csv
2026-01-05,213663,Maximilian Borisov,1941,1,,,BUL,,atp_rankings_2026_01_05.csv
2026-01-05,210440,Federico Bove,1941,1,,,ITA,27,atp_rankings_2026_01_05.csv
2026-01-05,212668,Tyler Bowers,1941,1,,,USA,23,atp_rankings_2026_01_05.csv
2026-01-05,212863,Benjamin Chelia,1941,1,,,ARG,17,atp_rankings_2026_01_05.csv
2026-01-05,214154,Enrique Collar,1941,1,,,ESP,18,atp_rankings_2026_01_05.csv
2026-01-05,214241,Sasha Colleu,1941,1,,,FRA,,atp_rankings_2026_01_05.csv
2026-01-05,214165,Joao Pedro Didoni Bonini,1941,1,,,BRA,18,atp_rankings_2026_01_05.csv
2026-01-05,202153,Sid Donarski,1941,1,,,CAN,28,atp_rankings_2026_01_05.csv
2026-01-05,211402,Mikhail Dubrouski,1941,1,,,BLR,,atp_rankings_2026_01_05.csv
2026-01-05,210260,Gabriel Elicha Navas,1941,1,,,ESP,22,atp_rankings_2026_01_05.csv
2026-01-05,210215,Lorenzo Esquici,1941,1,,,BRA,22,atp_rankings_2026_01_05.csv
2026-01-05,214133,Wen Bo Fan,1941,1,,,CHN,18,atp_rankings_2026_01_05.csv
2026-01-05,212720,Juan Carlos Fuentes Vasquez,1941,1,,,ESA,20,atp_rankings_2026_01_05.csv
2026-01-05,211353,Thomas Nicholas Gadecki,1941,1,,,AUS,19,atp_rankings_2026_01_05.csv
2026-01-05,212996,Iker Gaztambide Arrastia,1941,1,,,ESP,21,atp_rankings_2026_01_05.csv
2026-01-05,209962,Mikhail Gorokhov,1941,1,,,RUS,21,atp_rankings_2026_01_05.csv
2026-01-05,210478,Sebastian Gorzny,1941,1,,,USA,21,atp_rankings_2026_01_05.csv
2026-01-05,211634,Tobia Grandinetti,1941,1,,,ARG,21,atp_rankings_2026_01_05.csv
2026-01-05,212927,Spencer Gray,1941,1,,,USA,24,atp_rankings_2026_01_05.csv
2026-01-05,214124,Matteo Gribaldo,1941,1,,,ITA,,atp_rankings_2026_01_05.csv
2026-01-05,214202,Gus Grumet,1941,1,,,USA,18,atp_rankings_2026_01_05.csv
2026-01-05,214083,Thomas Gunzinger,1941,1,,,SUI,,atp_rankings_2026_01_05.csv
2026-01-05,213680,Javier Guzman,1941,1,,,CHL,,atp_rankings_2026_01_05.csv
2026-01-05,103665,Ryan Haviland,1941,1,,,USA,45,atp_rankings_2026_01_05.csv
2026-01-05,210151,Mark Havlicek,1941,1,,,CZE,22,atp_rankings_2026_01_05.csv
2026-01-05,213917,Yuya Hirose,1941,1,,,JPN,,atp_rankings_2026_01_05.csv
2026-01-05,214263,Matic Hribar,1941,1,,,SLO,18,atp_rankings_2026_01_05.csv
2026-01-05,214078,Leonardo Iemmi,1941,1,,,ITA,20,atp_rankings_2026_01_05.csv
2026-01-05,213959,Ilya Ignatov,1941,1,,,UZB,20,atp_rankings_2026_01_05.csv
2026-01-05,212990,Alejandro Jacome Jaramillo,1941,1,,,ECU,,atp_rankings_2026_01_05.csv
2026-01-05,213935,Daniil Kakhniuk,1941,1,,,BLR,,atp_rankings_2026_01_05.csv
2026-01-05,214011,Kaigaoge Kang,1941,1,,,CHN,,atp_rankings_2026_01_05.csv
2026-01-05,210112,Veljko Krstic,1941,1,,,SRB,22,atp_rankings_2026_01_05.csv
2026-01-05,214216,Anes Latifovic,1941,1,,,GER,20,atp_rankings_2026_01_05.csv
2026-01-05,214213,Rhys Lawlor,1941,1,,,GBR,16,atp_rankings_2026_01_05.csv
2026-01-05,208848,Mikolaj Lorens,1941,1,,,POL,23,atp_rankings_2026_01_05.csv
2026-01-05,213931,Jun Hao Luo,1941,1,,,CHN,18,atp_rankings_2026_01_05.csv
2026-01-05,209328,Martin Maldonado,1941,1,,,ECU,,atp_rankings_2026_01_05.csv
2026-01-05,213971,Tomas Marin,1941,1,,,COL,,atp_rankings_2026_01_05.csv
2026-01-05,212278,Milos Mikovic,1941,1,,,SRB,20,atp_rankings_2026_01_05.csv
2026-01-05,149157,Luis Jose Nakamine,1941,1,,,PER,19,atp_rankings_2026_01_05.csv
2026-01-05,211545,Seiya Nakanishi,1941,1,,,JPN,29,atp_rankings_2026_01_05.csv
2026-01-05,213793,Andy Nguyen,1941,1,,,USA,21,atp_rankings_2026_01_05.csv
2026-01-05,211489,Maximilian Oezcelik,1941,1,,,GER,,atp_rankings_2026_01_05.csv
2026-01-05,214600,Alexander Ikenna Okonkwo,1941,1,,,GBR,20,atp_rankings_2026_01_05.csv
2026-01-05,214266,Stefan Ilie Bogdan Petre,1941,1,,,ROU,17,atp_rankings_2026_01_05.csv
2026-01-05,214172,Mattias Pisanu,1941,1,,,ITA,18,atp_rankings_2026_01_05.csv
2026-01-05,209865,Peter Benjamin Privara,1941,1,,,SVK,21,atp_rankings_2026_01_05.csv
2026-01-05,211592,Tadija Radovanovic,1941,1,,,SRB,25,atp_rankings_2026_01_05.csv
2026-01-05,211604,Yannik Rahman,1941,1,,,USA,,atp_rankings_2026_01_05.csv
2026-01-05,106064,Lucas Renard,1941,1,,,SWE,33,atp_rankings_2026_01_05.csv
2026-01-05,,Philippe Renard,1941,1,,,,,atp_rankings_2026_01_05.csv
2026-01-05,,Pablo Robledo,1941,1,,,,,atp_rankings_2026_01_05.csv
2026-01-05,214261,Lautaro Rocha,1941,1,,,ARG,18,atp_rankings_2026_01_05.csv
2026-01-05,200012,Tim Ruehl,1941,1,,,GER,27,atp_rankings_2026_01_05.csv
2026-01-05,214087,Jan Sadzik,1941,1,,,POL,17,atp_rankings_2026_01_05.csv
2026-01-05,213651,Agustin Salazar Salazar,1941,1,,,MEX,21,atp_rankings_2026_01_05.csv
2026-01-05,208418,Jonas Schaer,1941,1,,,SUI,25,atp_rankings_2026_01_05.csv
2026-01-05,210467,Rafael Segado Esteve,1941,1,,,ESP,19,atp_rankings_2026_01_05.csv
2026-01-05,214328,Andre Souza,1941,1,,,BRA,23,atp_rankings_2026_01_05.csv
2026-01-05,214031,Nicholas Steiglehner,1941,1,,,USA,21,atp_rankings_2026_01_05.csv
2026-01-05,211607,Filip Stidell,1941,1,,,SWE,20,atp_rankings_2026_01_05.csv
2026-01-05,208301,Gustaf Strom,1941,1,,,SWE,24,atp_rankings_2026_01_05.csv
2026-01-05,214290,Leonardo Suarez,1941,1,,,BOL,17,atp_rankings_2026_01_05.csv
2026-01-05,211703,Sarthak Suden,1941,1,,,IND,,atp_rankings_2026_01_05.csv
2026-01-05,213981,Elias Sumann,1941,1,,,AUT,20,atp_rankings_2026_01_05.csv
2026-01-05,210702,Jinpeng Tang,1941,1,,,CHN,19,atp_rankings_2026_01_05.csv
2026-01-05,214068,Daniel Tazabekov,1941,1,,,KAZ,17,atp_rankings_2026_01_05.csv
2026-01-05,214142,Kai Thompson,1941,1,,,HKG,,atp_rankings_2026_01_05.csv
2026-01-05,213020,Aadarsh Tripathi,1941,1,,,USA,22,atp_rankings_2026_01_05.csv
2026-01-05,212705,Nathan Trouve,1941,1,,,FRA,20,atp_rankings_2026_01_05.csv
2026-01-05,213869,Abdulaziz Usmonjonov,1941,1,,,UZB,,atp_rankings_2026_01_05.csv
2026-01-05,210206,Jip Van Assendelft,1941,1,,,NED,23,atp_rankings_2026_01_05.csv
2026-01-05,213746,Felipe Vazquez,1941,1,,,URU,17,atp_rankings_2026_01_05.csv
2026-01-05,212869,Franco Ariel Vazquez,1941,1,,,ARG,,atp_rankings_2026_01_05.csv
2026-01-05,212099,Benjamin Vitter,1941,1,,,FRA,22,atp_rankings_2026_01_05.csv
2026-01-05,209922,Max Westphal,1941,1,,,FRA,22,atp_rankings_2026_01_05.csv
2026-01-05,211563,Aaron James Williams,1941,1,,,GER,22,atp_rankings_2026_01_05.csv
2026-01-05,214358,Finn Willman,1941,1,,,NZL,18,atp_rankings_2026_01_05.csv
2026-01-05,212102,Maximus Zavier Wong,1941,1,,,SIN,,atp_rankings_2026_01_05.csv
2026-01-05,214110,Kai An Wu,1941,1,,,TPE,19,atp_rankings_2026_01_05.csv
2026-01-05,126715,Fernando Yamacita,1941,1,,,BRA,28,atp_rankings_2026_01_05.csv
2026-01-05,213895,Arturs Zagars,1941,1,,,LAT,,atp_rankings_2026_01_05.csv
2026-01-05,211698,Gonzalo Zeitune,1941,1,,,ARG,20,atp_rankings_2026_01_05.csv
2026-01-05,213845,Carlos Zerega,1941,1,,,MEX,30,atp_rankings_2026_01_05.csv
2026-01-05,208076,Danielle Abadia,2035,1,,,SGP,24,atp_rankings_2026_01_05.csv
2026-01-05,213193,Damir Abdusamadov,2035,1,,,UZB,19,atp_rankings_2026_01_05.csv
2026-01-05,210662,Marco Alvarez,2035,1,,,USA,25,atp_rankings_2026_01_05.csv
2026-01-05,214198,Daniel Aleksandar Amarandei,2035,1,,,ITA,18,atp_rankings_2026_01_05.csv
2026-01-05,213410,Romain Andres,2035,1,,,FRA,18,atp_rankings_2026_01_05.csv
2026-01-05,106339,Felipe Assuncao Garla,2035,1,,,BRA,31,atp_rankings_2026_01_05.csv
2026-01-05,212123,Sergio Badini,2035,1,,,ITA,21,atp_rankings_2026_01_05.csv
2026-01-05,214055,Flavio Bocci,2035,1,,,ITA,,atp_rankings_2026_01_05.csv
2026-01-05,109732,Enrique Bogo,2035,1,,,BRA,30,atp_rankings_2026_01_05.csv
2026-01-05,213051,Thanaphat Boosarawongse,2035,1,,,THA,19,atp_rankings_2026_01_05.csv
2026-01-05,132456,Vasilios Caripi,2035,1,,,RSA,34,atp_rankings_2026_01_05.csv
2026-01-05,202378,Ignacio Carou,2035,1,,,URU,26,atp_rankings_2026_01_05.csv
2026-01-05,149161,David Cristian Carteputreda,2035,1,,,ROU,18,atp_rankings_2026_01_05.csv
2026-01-05,213711,Dario Alexandru Ciobotaru,2035,1,,,ROU,,atp_rankings_2026_01_05.csv
2026-01-05,212739,Lautaro Correa Beguerie,2035,1,,,ARG,20,atp_rankings_2026_01_05.csv
2026-01-05,212929,Nikola Djukic Valera,2035,1,,,ESP,,atp_rankings_2026_01_05.csv
2026-01-05,213961,Tarek Erlewein,2035,1,,,GER,22,atp_rankings_2026_01_05.csv
2026-01-05,213023,Filippo Francesco Garbero,2035,1,,,ITA,,atp_rankings_2026_01_05.csv
2026-01-05,209887,Liam Gavrielides,2035,1,,,GER,21,atp_rankings_2026_01_05.csv
2026-01-05,213628,Volodymyr Gurenko,2035,1,,,CAN,,atp_rankings_2026_01_05.csv
2026-01-05,213074,Hugo Hashimoto,2035,1,,,USA,22,atp_rankings_2026_01_05.csv
2026-01-05,213949,Julius Maximilian Haus,2035,1,,,GER,18,atp_rankings_2026_01_05.csv
2026-01-05,206716,Lukas Hellum Lilleengen,2035,1,,,NOR,25,atp_rankings_2026_01_05.csv
2026-01-05,210388,Kaeri Hernandez Mariona,2035,1,,,GUA,22,atp_rankings_2026_01_05.csv
2026-01-05,213168,Patrick Jozwicki,2035,1,,,AUT,,atp_rankings_2026_01_05.csv
2026-01-05,213199,Dorian Juszczak,2035,1,,,POL,20,atp_rankings_2026_01_05.csv
2026-01-05,213780,Alexander Krylov,2035,1,,,RUS,22,atp_rankings_2026_01_05.csv
2026-01-05,214082,Justin Lenders,2035,1,,,SUI,,atp_rankings_2026_01_05.csv
2026-01-05,213565,Isaac Lhomond,2035,1,,,FRA,,atp_rankings_2026_01_05.csv
2026-01-05,211358,Adam Majchrzak,2035,1,,,POL,20,atp_rankings_2026_01_05.csv
2026-01-05,213850,Aron Janos Major,2035,1,,,HUN,,atp_rankings_2026_01_05.csv
2026-01-05,211699,Franco Marini,2035,1,,,ARG,,atp_rankings_2026_01_05.csv
2026-01-05,212188,Benjamin Martin,2035,1,,,FRA,20,atp_rankings_2026_01_05.csv
2026-01-05,132804,Jordi Mas De Ugarte,2035,1,,,ESP,30,atp_rankings_2026_01_05.csv
2026-01-05,149125,Maciej Matuszczyk,2035,1,,,POL,22,atp_rankings_2026_01_05.csv
2026-01-05,214117,Jack Mcgary,2035,1,,,USA,20,atp_rankings_2026_01_05.csv
2026-01-05,213158,Vicente Monge,2035,1,,,PER,19,atp_rankings_2026_01_05.csv
2026-01-05,214260,Salvador Monteiro,2035,1,,,POR,17,atp_rankings_2026_01_05.csv
2026-01-05,213958,Ramazan Kaan Oktay,2035,1,,,TUR,,atp_rankings_2026_01_05.csv
2026-01-05,,Daniil Piatrouski,2035,1,,,,,atp_rankings_2026_01_05.csv
2026-01-05,212633,Tomas Pinho,2035,1,,,POR,23,atp_rankings_2026_01_05.csv
2026-01-05,205941,Rishi Reddy,2035,1,,,IND,27,atp_rankings_2026_01_05.csv
2026-01-05,207587,Martins Rocens,2035,1,,,LAT,25,atp_rankings_2026_01_05.csv
2026-01-05,105688,Manuel Sanchez,2035,1,,,MEX,35,atp_rankings_2026_01_05.csv
2026-01-05,214123,Elijah Sanogo,2035,1,,,FRA,17,atp_rankings_2026_01_05.csv
2026-01-05,213633,Rethin Pranav Senthil Kumar,2035,1,,,IND,,atp_rankings_2026_01_05.csv
2026-01-05,212557,Samuel Stolarik,2035,1,,,SVK,21,atp_rankings_2026_01_05.csv
2026-01-05,210664,Bjorn Swenson,2035,1,,,USA,22,atp_rankings_2026_01_05.csv
2026-01-05,213160,Adam Gabor Szoke,2035,1,,,HUN,21,atp_rankings_2026_01_05.csv
2026-01-05,213784,Guillermo Tunas,2035,1,,,MEX,25,atp_rankings_2026_01_05.csv
2026-01-05,213531,Jake Van Emburgh,2035,1,,,USA,27,atp_rankings_2026_01_05.csv
2026-01-05,210094,Alexander Vikhlyantsev,2035,1,,,RUS,23,atp_rankings_2026_01_05.csv
2026-01-05,213708,Henrik Villanger,2035,1,,,NOR,,atp_rankings_2026_01_05.csv
2026-01-05,,Jakub Vrba,2035,1,,,,,atp_rankings_2026_01_05.csv
2026-01-05,212802,Yamato Yukawa,2035,1,,,JPN,,atp_rankings_2026_01_05.csv
2026-01-05,210597,Ahmed Zaki,2035,1,,,EGY,20,atp_rankings_2026_01_05.csv
2026-01-05,212821,Vitaliy Zatsepin,2035,1,,,KAZ,19,atp_rankings_2026_01_05.csv
2026-01-05,212039,Mohammad Alkotop,2092,1,,,JOR,20,atp_rankings_2026_01_05.csv
2026-01-05,213047,Marcin Andrzejczak,2092,1,,,POL,,atp_rankings_2026_01_05.csv
2026-01-05,213740,Mert Aytekin,2092,1,,,TUR,,atp_rankings_2026_01_05.csv
2026-01-05,212860,Dakotah Bobo,2092,1,,,USA,22,atp_rankings_2026_01_05.csv
2026-01-05,214094,Penn Charusorn,2092,1,,,THA,18,atp_rankings_2026_01_05.csv
2026-01-05,144833,Andres Gabriel Ciurletti,2092,1,,,ITA,28,atp_rankings_2026_01_05.csv
2026-01-05,212912,Mathys Domenc,2092,1,,,FRA,16,atp_rankings_2026_01_05.csv
2026-01-05,214070,Jose Freitas,2092,1,,,POR,19,atp_rankings_2026_01_05.csv
2026-01-05,207748,Hong Lin Fu,2092,1,,,TPE,24,atp_rankings_2026_01_05.csv
2026-01-05,209316,Anthony Genov,2092,1,,,BUL,23,atp_rankings_2026_01_05.csv
2026-01-05,213839,Santiago Giamichelle,2092,1,,,ARG,22,atp_rankings_2026_01_05.csv
2026-01-05,210400,Nicolas Rafael Goldberg Alviani,2092,1,,,ESP,23,atp_rankings_2026_01_05.csv
2026-01-05,212638,Gregor Hausberger,2092,1,,,AUT,22,atp_rankings_2026_01_05.csv
2026-01-05,210723,Liam Hignett,2092,1,,,GBR,26,atp_rankings_2026_01_05.csv
2026-01-05,213664,Vladimir Holban,2092,1,,,GRE,,atp_rankings_2026_01_05.csv
2026-01-05,213970,Nicolas Hurtado Novoa,2092,1,,,COL,,atp_rankings_2026_01_05.csv
2026-01-05,214139,Nicola Ion,2092,1,,,CAN,,atp_rankings_2026_01_05.csv
2026-01-05,210422,Roan Jones,2092,1,,,GBR,22,atp_rankings_2026_01_05.csv
2026-01-05,208007,Karlo Kajin,2092,1,,,CRO,26,atp_rankings_2026_01_05.csv
2026-01-05,213838,Ronit Karki,2092,1,,,USA,18,atp_rankings_2026_01_05.csv
2026-01-05,210575,Jack Karlsson Wistrand,2092,1,,,SWE,23,atp_rankings_2026_01_05.csv
2026-01-05,208417,Samuil Konov,2092,1,,,BUL,23,atp_rankings_2026_01_05.csv
2026-01-05,210753,Matic Kriznik,2092,1,,,SLO,20,atp_rankings_2026_01_05.csv
2026-01-05,212545,Henry Lieberman,2092,1,,,USA,25,atp_rankings_2026_01_05.csv
2026-01-05,200013,Mirko Martinez,2092,1,,,SUI,27,atp_rankings_2026_01_05.csv
2026-01-05,213916,Ashton Mcleod,2092,1,,,AUS,18,atp_rankings_2026_01_05.csv
2026-01-05,212024,Alejandro Melero Kretzer,2092,1,,,ESP,21,atp_rankings_2026_01_05.csv
2026-01-05,132433,Stefan Menichella,2092,1,,,USA,31,atp_rankings_2026_01_05.csv
2026-01-05,214207,Thomas Enrique Menzel Piccioli,2092,1,,,CHI,18,atp_rankings_2026_01_05.csv
2026-01-05,212951,Mak Mikovic,2092,1,,,SLO,19,atp_rankings_2026_01_05.csv
2026-01-05,121366,Abdulhamid Mubarak,2092,1,,,KUW,31,atp_rankings_2026_01_05.csv
2026-01-05,212938,Botond Nagy,2092,1,,,HUN,,atp_rankings_2026_01_05.csv
2026-01-05,209137,Noppadol Noikor,2092,1,,,THA,25,atp_rankings_2026_01_05.csv
2026-01-05,213373,William Nolan,2092,1,,,GBR,22,atp_rankings_2026_01_05.csv
2026-01-05,200075,Yshai Oliel,2092,1,,,ISR,26,atp_rankings_2026_01_05.csv
2026-01-05,213287,Diego Ortiz Gamonsl,2092,1,,,CHI,22,atp_rankings_2026_01_05.csv
2026-01-05,212764,Fabrizio Karol Pio Osti,2092,1,,,ITA,20,atp_rankings_2026_01_05.csv
2026-01-05,213173,Nicola Senn,2092,1,,,SUI,,atp_rankings_2026_01_05.csv
2026-01-05,211493,Calin Teodor Stirbu,2092,1,,,ROU,19,atp_rankings_2026_01_05.csv
2026-01-05,213813,Alexander Ushakov,2092,1,,,RUS,,atp_rankings_2026_01_05.csv
2026-01-05,214028,Matei Varbanciu,2092,1,,,ROU,,atp_rankings_2026_01_05.csv
2026-01-05,212469,Qiulin Wang,2092,1,,,CHN,23,atp_rankings_2026_01_05.csv
2026-01-05,212890,Caheer Warik,2092,1,,,IND,,atp_rankings_2026_01_05.csv
2026-01-05,212220,Weitao Xu,2092,1,,,CHN,20,atp_rankings_2026_01_05.csv
2026-01-05,211554,Suk Ann,2136,1,,,KOR,,atp_rankings_2026_01_05.csv
2026-01-05,209375,Michael Alejandro Beltran Rubio,2136,1,,,COL,24,atp_rankings_2026_01_05.csv
2026-01-05,211517,Gregorio Biondolillo,2136,1,,,ITA,25,atp_rankings_2026_01_05.csv
2026-01-05,211738,Jonah Braswell,2136,1,,,USA,21,atp_rankings_2026_01_05.csv
2026-01-05,214014,Pedro Henrique Chabalgoity,2136,1,,,BRA,,atp_rankings_2026_01_05.csv
2026-01-05,213140,Edoardo De Filippo,2136,1,,,ITA,21,atp_rankings_2026_01_05.csv
2026-01-05,208559,Rahul Dhokia,2136,1,,,GBR,25,atp_rankings_2026_01_05.csv
2026-01-05,213859,Andrei Corneliu Gadoiu,2136,1,,,ROU,17,atp_rankings_2026_01_05.csv
2026-01-05,212925,Alexandru Toubi Hebhang Balan,2136,1,,,CAN,,atp_rankings_2026_01_05.csv
2026-01-05,213024,Ivan Iutkin,2136,1,,,RUS,18,atp_rankings_2026_01_05.csv
2026-01-05,213928,Reid Jarvis,2136,1,,,USA,,atp_rankings_2026_01_05.csv
2026-01-05,208157,Jan Jermar,2136,1,,,CZE,25,atp_rankings_2026_01_05.csv
2026-01-05,208558,Rafael Kis Balazs,2136,1,,,HUN,24,atp_rankings_2026_01_05.csv
2026-01-05,213181,Rein Koenders,2136,1,,,NED,,atp_rankings_2026_01_05.csv
2026-01-05,200690,Yuhei Kono,2136,1,,,JPN,30,atp_rankings_2026_01_05.csv
2026-01-05,212576,Valentin Kopeikin,2136,1,,,RUS,24,atp_rankings_2026_01_05.csv
2026-01-05,212293,Karl Kazuma Lee,2136,1,,,USA,23,atp_rankings_2026_01_05.csv
2026-01-05,148670,Karol Malirz,2136,1,,,POL,23,atp_rankings_2026_01_05.csv
2026-01-05,213831,Vicente Freda,2136,1,,,BRA,18,atp_rankings_2026_01_05.csv
2026-01-05,213329,Matteo Mesaglio,2136,1,,,ITA,21,atp_rankings_2026_01_05.csv
2026-01-05,212805,Saba George Nanobashvili,2136,1,,,SWE,21,atp_rankings_2026_01_05.csv
2026-01-05,213979,Kunanan Pantaratorn,2136,1,,,THA,17,atp_rankings_2026_01_05.csv
2026-01-05,210204,Drazen Petrovic,2136,1,,,BIH,23,atp_rankings_2026_01_05.csv
2026-01-05,213415,Glauco Pinheiro Da Cruz Junior,2136,1,,,BRA,20,atp_rankings_2026_01_05.csv
2026-01-05,207685,Peter Sallay,2136,1,,,HUN,24,atp_rankings_2026_01_05.csv
2026-01-05,131999,Kyle Seelig,2136,1,,,USA,28,atp_rankings_2026_01_05.csv
2026-01-05,213992,Lev Seidman,2136,1,,,USA,18,atp_rankings_2026_01_05.csv
2026-01-05,210453,Cedric Stanke,2136,1,,,GER,27,atp_rankings_2026_01_05.csv
2026-01-05,124067,Vullnet Tashi,2136,1,,,SUI,32,atp_rankings_2026_01_05.csv
2026-01-05,212294,Matei Todoran,2136,1,,,ROU,,atp_rankings_2026_01_05.csv
2026-01-05,212498,Benoit Torcq,2136,1,,,BEL,20,atp_rankings_2026_01_05.csv
2026-01-05,207178,Joe Tyler,2136,1,,,GBR,27,atp_rankings_2026_01_05.csv
2026-01-05,212087,Dmitrii Vasilev,2136,1,,,RUS,24,atp_rankings_2026_01_05.csv
2026-01-05,214159,Yassin Ahmed Wageh,2136,1,,,EGY,17,atp_rankings_2026_01_05.csv
2026-01-05,126505,Antoine Walch,2136,1,,,FRA,32,atp_rankings_2026_01_05.csv
2026-01-05,213137,Alejandro Arcila,2171,1,,,COL,18,atp_rankings_2026_01_05.csv
2026-01-05,212919,Ivan Biletic,2171,1,,,BIH,19,atp_rankings_2026_01_05.csv
2026-01-05,213393,Breno Braga,2171,1,,,BRA,21,atp_rankings_2026_01_05.csv
2026-01-05,212797,Hitesh Chauhan,2171,1,,,IND,18,atp_rankings_2026_01_05.csv
2026-01-05,207761,Julien De Cuyper,2171,1,,,FRA,26,atp_rankings_2026_01_05.csv
2026-01-05,213537,Jose Dominguez Alonso,2171,1,,,ESP,,atp_rankings_2026_01_05.csv
2026-01-05,213376,Jeffrey Fradkin,2171,1,,,USA,24,atp_rankings_2026_01_05.csv
2026-01-05,210590,Henri Haupt,2171,1,,,GER,19,atp_rankings_2026_01_05.csv
2026-01-05,211573,Lucky Candra Kurniawan,2171,1,,,INA,22,atp_rankings_2026_01_05.csv
2026-01-05,125848,Niels Lootsma,2171,1,,,NED,31,atp_rankings_2026_01_05.csv
2026-01-05,213770,Andreas Messis,2171,1,,,GRE,,atp_rankings_2026_01_05.csv
2026-01-05,208239,Zhou Mingzhou,2171,1,,,CHN,25,atp_rankings_2026_01_05.csv
2026-01-05,211389,Manuel Mouilleron Salvo,2171,1,,,ARG,22,atp_rankings_2026_01_05.csv
2026-01-05,212743,Yuvan Nandal,2171,1,,,IND,20,atp_rankings_2026_01_05.csv
2026-01-05,213777,Savva Rybkin,2171,1,,,RUS,,atp_rankings_2026_01_05.csv
2026-01-05,213624,Kosuke Shibano,2171,1,,,JPN,,atp_rankings_2026_01_05.csv
2026-01-05,213161,Fredrik Krogh Solheim,2171,1,,,NOR,,atp_rankings_2026_01_05.csv
2026-01-05,104908,Mikal Oliver Statham,2171,1,,,NZL,38,atp_rankings_2026_01_05.csv
2026-01-05,214170,Cagan Efe Tufecki,2171,1,,,TUR,22,atp_rankings_2026_01_05.csv
2026-01-05,202413,Lazar Vojinovic,2171,1,,,SRB,26,atp_rankings_2026_01_05.csv
2026-01-05,213612,Daniil Bogatov,2191,1,,,RUS,,atp_rankings_2026_01_05.csv
2026-01-05,210175,Nicolas Buitrago,2191,1,,,COL,27,atp_rankings_2026_01_05.csv
2026-01-05,212571,Jim Hendrikx,2191,1,,,NED,24,atp_rankings_2026_01_05.csv
2026-01-05,206709,Moritz Hoffmann,2191,1,,,GER,24,atp_rankings_2026_01_05.csv
2026-01-05,213819,Andrei Kunitsyn,2191,1,,,RUS,20,atp_rankings_2026_01_05.csv
2026-01-05,212767,Aryan Lakshmanan,2191,1,,,IND,20,atp_rankings_2026_01_05.csv
2026-01-05,210476,Enmanuel Munoz,2191,1,,,DOM,20,atp_rankings_2026_01_05.csv
2026-01-05,209513,Pavel Verbin,2191,1,,,RUS,24,atp_rankings_2026_01_05.csv
2026-01-05,212471,Minghui Zhang,2191,1,,,CHN,20,atp_rankings_2026_01_05.csv
2026-01-05,212103,Zhan Zheng,2191,1,,,CHN,22,atp_rankings_2026_01_05.csv
2026-01-05,212786,Victor Braga,2201,1,,,BRA,21,atp_rankings_2026_01_05.csv
2026-01-05,212497,Alvaro Bueno Gil,2201,1,,,ESP,25,atp_rankings_2026_01_05.csv
2026-01-05,208853,Adrien Burdet,2201,1,,,SUI,23,atp_rankings_2026_01_05.csv
2026-01-05,212094,Liam Delicata,2201,1,,,MLT,24,atp_rankings_2026_01_05.csv
2026-01-05,211600,Carlos Giraldi,2201,1,,,ESP,20,atp_rankings_2026_01_05.csv
2026-01-05,111772,Krittin Koaykul,2201,1,,,THA,30,atp_rankings_2026_01_05.csv
2026-01-05,212593,Filip Krolo,2201,1,,,GER,24,atp_rankings_2026_01_05.csv
2026-01-05,210139,Gabriel Matuszewski,2201,1,,,POL,21,atp_rankings_2026_01_05.csv
2026-01-05,212716,Kyle Overmyer,2201,1,,,USA,21,atp_rankings_2026_01_05.csv
2026-01-05,212945,Yong Joon Park,2201,1,,,KOR,23,atp_rankings_2026_01_05.csv
2026-01-05,212164,Breno Rossetto Urvaneja,2201,1,,,BRA,21,atp_rankings_2026_01_05.csv
2026-01-05,212971,Tsz Fu Wong,2201,1,,,HKG,20,atp_rankings_2026_01_05.csv
2026-01-05,210417,Adrian Arcon,2213,1,,,AUS,24,atp_rankings_2026_01_05.csv
2026-01-05,213775,Mateo Carballo,2213,1,,,ARG,,atp_rankings_2026_01_05.csv
2026-01-05,212472,Xirui Han,2213,1,,,CHN,19,atp_rankings_2026_01_05.csv
2026-01-05,210751,Isaac Nortey,2213,1,,,GHA,26,atp_rankings_2026_01_05.csv
2026-01-05,212518,Leo Deflandre,2217,1,,,FRA,23,atp_rankings_2026_01_05.csv
2026-01-05,124074,Kazuma Kawachi,2217,1,,,JPN,31,atp_rankings_2026_01_05.csv
2026-01-05,213582,Andrea Motta,2217,1,,,ITA,,atp_rankings_2026_01_05.csv
2026-01-05,206739,Essa Qabazard,2217,1,,,KUW,24,atp_rankings_2026_01_05.csv
2026-01-05,209046,Atharva Sharma,2217,1,,,IND,25,atp_rankings_2026_01_05.csv
2026-01-05,208668,Sean Hess,2222,1,,,ARG,24,atp_rankings_2026_01_05.csv
2026-01-05,213800,Ty Host,2222,1,,,AUS,18,atp_rankings_2026_01_05.csv
