"ranking_date","player_id","player_name","atp_rank","atp_points","atp_points_change","atp_rank_change","country","age"
"2026-07-20","206173","Jannik Sinner","1","13450","0.0","0.0","ITA","24"
"2026-07-20","100644","Alexander Zverev","2","8480","0.0","0.0","GER","29"
"2026-07-20","207989","Carlos Alcaraz","3","8160","0.0","0.0","ESP","23"
"2026-07-20","","Felix Auger-Aliassime","4","4740","0.0","0.0","",""
"2026-07-20","200282","Alex De Minaur","5","4110","0.0","0.0","AUS","27"
"2026-07-20","210097","Ben Shelton","6","3770","0.0","0.0","USA","23"
"2026-07-20","104925","Novak Djokovic","7","3760","0.0","0.0","SRB","39"
"2026-07-20","106421","Daniil Medvedev","8","3670","0.0","0.0","RUS","30"
"2026-07-20","207925","Flavio Cobolli","9","3460","0.0","0.0","ITA","24"
"2026-07-20","126203","Taylor Fritz","10","3365","0.0","0.0","USA","28"
"2026-07-20","122330","Alexander Bublik","11","2610","-200.0","0.0","KAZ","29"
"2026-07-20","208103","Jiri Lehecka","12","2510","0.0","0.0","CZE","24"
"2026-07-20","134770","Casper Ruud","13","2435","0.0","0.0","NOR","27"
"2026-07-20","126094","Andrey Rublev","14","2380","150.0","2.0","RUS","28"
"2026-07-20","207518","Lorenzo Musetti","15","2315","0.0","-1.0","ITA","24"
"2026-07-20","210530","Learner Tien","16","2270","0.0","-1.0","USA","20"
"2026-07-20","126207","Frances Tiafoe","17","2230","0.0","0.0","USA","28"
"2026-07-20","210084","Jakub Mensik","18","2205","0.0","1.0","CZE","20"
"2026-07-20","200473","Valentin Vacherot","19","2188","50.0","2.0","MON","27"
"2026-07-20","200221","Alejandro Davidovich Fokina","20","2160","0.0","0.0","ESP","27"
"2026-07-20","209260","Luciano Darderi","21","2125","-85.0","-3.0","ITA","24"
"2026-07-20","202103","Francisco Cerundolo","22","2060","-50.0","0.0","ARG","27"
"2026-07-20","209950","Arthur Fils","23","1990","0.0","0.0","FRA","22"
"2026-07-20","126205","Tommy Paul","24","1975","0.0","0.0","USA","29"
"2026-07-20","212588","Rafael Jodar","25","1927","0.0","0.0","ESP","19"
"2026-07-20","111575","Karen Khachanov","26","1780","0.0","0.0","RUS","30"
"2026-07-20","126239","Arthur Rinderknech","27","1723","40.0","1.0","FRA","30"
"2026-07-20","211663","Joao Fonseca","28","1710","0.0","-1.0","BRA","19"
"2026-07-20","200005","Ugo Humbert","29","1575","0.0","0.0","FRA","28"
"2026-07-20","126214","Alejandro Tabilo","30","1508","70.0","1.0","CHI","29"
"2026-07-20","144869","Tomas Martin Etcheverry","31","1460","0.0","-1.0","ARG","27"
"2026-07-20","206909","Brandon Nakashima","32","1435","0.0","0.0","USA","24"
"2026-07-20","208286","Matteo Arnaldi","33","1399","50.0","1.0","ITA","25"
"2026-07-20","200267","Zizou Bergs","34","1340","0.0","1.0","BEL","27"
"2026-07-20","209860","Ignacio Buse","35","1312","-101.0","-2.0","PER","22"
"2026-07-20","209259","Arthur Fery","36","1297","0.0","0.0","GBR","24"
"2026-07-20","209920","Raphael Collignon","37","1234","143.0","5.0","BEL","24"
"2026-07-20","210696","Alexander Blockx","38","1218","-15.0","-1.0","BEL","21"
"2026-07-20","111815","Cameron Norrie","39","1205","0.0","-1.0","GBR","30"
"2026-07-20","144895","Corentin Moutet","40","1123","0.0","0.0","FRA","27"
"2026-07-20","","Jan-Lennard Struff","41","1104","0.0","0.0","",""
"2026-07-20","126610","Matteo Berrettini","42","1075","0.0","1.0","ITA","30"
"2026-07-20","144719","Jaume Munar","43","1075","0.0","1.0","ESP","29"
"2026-07-20","210506","Alex Michelsen","44","1050","0.0","2.0","USA","21"
"2026-07-20","210319","Ethan Quinn","45","1021","0.0","2.0","USA","22"
"2026-07-20","105173","Adrian Mannarino","46","1005","0.0","3.0","FRA","38"
"2026-07-20","208363","Mariano Navone","47","1005","-11.0","1.0","ARG","25"
"2026-07-20","132686","Nuno Borges","48","995","25.0","4.0","POR","29"
"2026-07-20","209279","Terence Atmane","49","992","0.0","1.0","FRA","24"
"2026-07-20","207678","Juan Manuel Cerundolo","50","989","-65.0","-5.0","ARG","24"
"2026-07-20","126774","Stefanos Tsitsipas","51","980","240.0","34.0","GRE","27"
"2026-07-20","105870","Yannick Hanfmann","52","974","0.0","-1.0","GER","34"
"2026-07-20","207830","Tomas Machac","53","970","0.0","0.0","CZE","25"
"2026-07-20","206681","Fabian Marozsan","54","970","0.0","0.0","HUN","26"
"2026-07-20","122298","Botic Van De Zandschulp","55","969","0.0","0.0","NED","30"
"2026-07-20","202104","Sebastian Baez","56","950","15.0","0.0","ARG","25"
"2026-07-20","202058","Thiago Agustin Tirante","57","936","15.0","4.0","ARG","25"
"2026-07-20","200175","Miomir Kecmanovic","58","930","0.0","1.0","SRB","26"
"2026-07-20","","Daniel Merida","59","925","175.0","23.0","",""
"2026-07-20","208882","Roman Andres Burruchaga","60","925","50.0","7.0","ARG","24"
"2026-07-20","127157","Daniel Altmaier","61","924","0.0","-1.0","GER","27"
"2026-07-20","211776","Martin Landaluce","62","920","0.0","0.0","ESP","20"
"2026-07-20","209226","Adolfo Daniel Vallejo","63","918","88.0","8.0","PAR","22"
"2026-07-20","200624","Sebastian Korda","64","900","0.0","-1.0","USA","26"
"2026-07-20","105807","Pablo Carreno Busta","65","896","12.0","0.0","ESP","35"
"2026-07-20","134868","Tallon Griekspoor","66","895","-40.0","-9.0","NED","30"
"2026-07-20","133430","Denis Shapovalov","67","890","-240.0","-28.0","CAN","27"
"2026-07-20","200240","Vit Kopriva","68","881","-12.0","-4.0","CZE","29"
"2026-07-20","200116","Camilo Ugo Carabelli","69","880","-50.0","-11.0","ARG","27"
"2026-07-20","128034","Hubert Hurkacz","70","865","0.0","-2.0","POL","29"
"2026-07-20","111794","Kamil Majchrzak","71","857","-25.0","-5.0","POL","30"
"2026-07-20","209098","Hamad Medjedovic","72","844","0.0","-3.0","SRB","23"
"2026-07-20","208260","Zachary Svajda","73","822","0.0","-1.0","USA","23"
"2026-07-20","202385","Jenson Brooksby","74","770","0.0","2.0","USA","25"
"2026-07-20","208316","Valentin Royer","75","768","0.0","2.0","FRA","25"
"2026-07-20","105916","Marton Fucsovics","76","765","0.0","2.0","HUN","34"
"2026-07-20","132283","Lorenzo Sonego","77","758","15.0","6.0","ITA","31"
"2026-07-20","209414","Luca Van Assche","78","755","18.0","8.0","FRA","22"
"2026-07-20","208233","Mattia Bellucci","79","751","0.0","1.0","ITA","25"
"2026-07-20","208029","Holger Rune","80","750","0.0","1.0","DEN","23"
"2026-07-20","144684","Alex Molcan","81","747","98.0","20.0","SVK","28"
"2026-07-20","105902","James Duckworth","82","746","-42.0","-8.0","AUS","34"
"2026-07-20","111460","Quentin Halys","83","743","37.0","7.0","FRA","29"
"2026-07-20","","Aleksandr Shevchenko","84","736","78.0","16.0","",""
"2026-07-20","106218","Marcos Giron","85","730","0.0","2.0","USA","32"
"2026-07-20","105227","Marin Cilic","86","721","0.0","2.0","CRO","37"
"2026-07-20","106000","Damir Dzumhur","87","719","115.0","21.0","BIH","34"
"2026-07-20","210262","Jaime Faria","88","718","18.0","4.0","POR","22"
"2026-07-20","208659","Giovanni Mpetshi Perricard","89","710","0.0","0.0","FRA","23"
"2026-07-20","123828","Jan Choinski","90","707","-68.0","-15.0","GBR","30"
"2026-07-20","209976","Dino Prizmic","91","702","-39.0","-7.0","CRO","20"
"2026-07-20","209113","Gabriel Diallo","92","695","0.0","1.0","CAN","24"
"2026-07-20","206499","Aleksandar Kovacevic","93","685","-152.0","-23.0","USA","27"
"2026-07-20","126128","Roman Safiullin","94","678","0.0","2.0","RUS","28"
"2026-07-20","105477","Marco Trungelliti","95","678","12.0","4.0","ARG","36"
"2026-07-20","208014","Rinky Hijikata","96","677","0.0","1.0","AUS","25"
"2026-07-20","200647","Sho Shimabukuro","97","677","-2.0","-2.0","JPN","28"
"2026-07-20","207411","Jesper De Jong","98","668","-140.0","-25.0","NED","26"
"2026-07-20","200443","Adam Walton","99","668","-86.0","-20.0","AUS","27"
"2026-07-20","207182","Emilio Nava","100","664","-37.0","-9.0","USA","24"
"2026-07-20","207681","Francisco Comesana","101","650","-40.0","-7.0","ARG","25"
"2026-07-20","126846","Aleksandar Vukic","102","636","62.0","11.0","AUS","30"
"2026-07-20","126127","Benjamin Bonzi","103","633","0.0","-1.0","FRA","30"
"2026-07-20","200615","Alexei Popyrin","104","630","0.0","-1.0","AUS","26"
"2026-07-20","102093","Martin Damm","105","628","0.0","-1.0","USA","22"
"2026-07-20","200059","Yibing Wu","106","619","-3.0","0.0","CHN","26"
"2026-07-20","208118","Eliot Spizzirri","107","604","-22.0","-2.0","USA","24"
"2026-07-20","207680","Facundo Diaz Acosta","108","604","0.0","2.0","ARG","25"
"2026-07-20","200384","Hugo Gaston","109","602","-17.0","-2.0","FRA","25"
"2026-07-20","","Yunchaokete Bu","110","601","-3.0","-1.0","",""
"2026-07-20","209070","Arthur Cazaux","111","590","-87.0","-13.0","FRA","23"
"2026-07-20","209409","Coleman Wong","112","588","12.0","-1.0","HKG","22"
"2026-07-20","200516","Patrick Kypson","113","570","-6.0","-1.0","USA","26"
"2026-07-20","208169","Titouan Droguet","114","570","42.0","5.0","FRA","25"
"2026-07-20","207494","Dalibor Svrcina","115","554","0.0","-1.0","CZE","23"
"2026-07-20","208278","Shintaro Mochizuki","116","547","0.0","-1.0","JPN","23"
"2026-07-20","208010","Pablo Llamas Ruiz","117","544","-1.0","-1.0","ESP","23"
"2026-07-20","104527","Stan Wawrinka","118","538","0.0","-1.0","SUI","41"
"2026-07-20","200436","Zsombor Piros","119","525","0.0","1.0","HUN","26"
"2026-07-20","210116","Michael Zheng","120","524","0.0","1.0","USA","22"
"2026-07-20","207985","Jacob Fearnley","121","520","0.0","2.0","GBR","25"
"2026-07-20","208013","Dane Sweeny","122","518","-3.0","0.0","AUS","25"
"2026-07-20","210012","Henrique Rocha","123","517","0.0","1.0","POR","22"
"2026-07-20","124116","Sebastian Ofner","124","515","0.0","1.0","AUT","30"
"2026-07-20","202261","Otto Virtanen","125","512","0.0","1.0","FIN","25"
"2026-07-20","","Christopher O'Connell","126","511","0.0","1.0","",""
"2026-07-20","210389","Toby Samuel","127","508","0.0","2.0","GBR","23"
"2026-07-20","209147","Vilius Gaubas","128","507","-1.0","0.0","LTU","21"
"2026-07-20","210338","Arthur Gea","129","502","37.0","8.0","FRA","21"
"2026-07-20","105932","Nikoloz Basilashvili","130","499","25.0","5.0","GEO","34"
"2026-07-20","149282","Nicolai Budkov Kjaer","131","498","-32.0","-13.0","NOR","19"
"2026-07-20","124187","Reilly Opelka","132","496","0.0","-1.0","USA","28"
"2026-07-20","124186","Alexandre Muller","133","494","0.0","-1.0","FRA","29"
"2026-07-20","208021","Kyrian Jacquet","134","489","-8.0","-4.0","FRA","25"
"2026-07-20","209857","Leandro Riedi","135","487","-2.0","-1.0","SUI","24"
"2026-07-20","200711","Nicolas Mejia","136","486","-7.0","-3.0","COL","26"
"2026-07-20","208361","Gustavo Heide","137","474","0.0","-1.0","BRA","24"
"2026-07-20","126504","Andrea Pellegrino","138","446","-13.0","0.0","ITA","29"
"2026-07-20","144642","Tomas Barrios Vera","139","442","0.0","0.0","CHI","28"
"2026-07-20","111456","Mackenzie Mcdonald","140","439","0.0","0.0","USA","31"
"2026-07-20","106426","Cristian Garin","141","438","0.0","0.0","CHI","30"
"2026-07-20","105777","Grigor Dimitrov","142","432","25.0","4.0","BUL","35"
"2026-07-20","105882","Stefano Travaglia","143","429","44.0","7.0","ITA","34"
"2026-07-20","106198","Hugo Dellien","144","427","12.0","0.0","BOL","33"
"2026-07-20","200514","Jurij Rodionov","145","427","0.0","-2.0","AUT","27"
"2026-07-20","210460","Nishesh Basavareddy","146","411","-25.0","-4.0","USA","21"
"2026-07-20","207733","Jack Draper","147","410","0.0","-2.0","GBR","24"
"2026-07-20","208852","Stefanos Sakellaridis","148","404","0.0","-1.0","GRE","21"
"2026-07-20","208353","Francesco Maestrelli","149","391","0.0","0.0","ITA","23"
"2026-07-20","210136","Mark Lajal","150","387","37.0","9.0","EST","23"
"2026-07-20","121411","Moez Echargui","151","379","0.0","0.0","TUN","33"
"2026-07-20","105583","Dusan Lajovic","152","378","0.0","0.0","SRB","36"
"2026-07-20","208210","Chris Rodesch","153","377","75.0","38.0","LUX","25"
"2026-07-20","144645","Zdenek Kolar","154","370","0.0","-1.0","CZE","29"
"2026-07-20","126129","Billy Harris","155","365","0.0","-1.0","GBR","31"
"2026-07-20","210178","Juan Carlos Prado Angelo","156","362","35.0","17.0","BOL","21"
"2026-07-20","","Soonwoo Kwon","157","360","0.0","-2.0","",""
"2026-07-20","111190","Zhizhen Zhang","158","359","0.0","-2.0","CHN","29"
"2026-07-20","124079","Pedro Martinez","159","358","0.0","-2.0","ESP","29"
"2026-07-20","209262","Tristan Schoolkate","160","352","-46.0","-12.0","AUS","25"
"2026-07-20","202127","Clement Tabur","161","352","33.0","17.0","FRA","26"
"2026-07-20","200008","Alexis Galarneau","162","351","0.0","-4.0","CAN","27"
"2026-07-20","207608","Timofey Skatov","163","349","6.0","0.0","KAZ","25"
"2026-07-20","208134","Luca Nardi","164","346","0.0","-4.0","ITA","22"
"2026-07-20","210536","Rei Sakamoto","165","344","0.0","-4.0","JPN","20"
"2026-07-20","207729","Tristan Boyer","166","342","0.0","-2.0","USA","25"
"2026-07-20","106109","Alex Bolt","167","341","0.0","-1.0","AUS","33"
"2026-07-20","206750","Daniil Glinka","168","341","0.0","-1.0","EST","26"
"2026-07-20","127339","Borna Gojo","169","340","0.0","-1.0","CRO","28"
"2026-07-20","106071","Bernard Tomic","170","339","68.0","36.0","AUS","33"
"2026-07-20","209957","Jack Pinnington Jones","171","334","0.0","-1.0","GBR","23"
"2026-07-20","209903","Lukas Neumayer","172","334","-9.0","-10.0","AUT","23"
"2026-07-20","106065","Marco Cecchinato","173","330","7.0","2.0","ITA","33"
"2026-07-20","212256","Colton Smith","174","329","12.0","7.0","USA","23"
"2026-07-20","210053","Luka Mikrut","175","328","0.0","-3.0","CRO","22"
"2026-07-20","200259","Ugo Blanchet","176","326","0.0","-2.0","FRA","27"
"2026-07-20","106148","Roberto Carballes Baena","177","323","-19.0","-12.0","ESP","33"
"2026-07-20","206904","Gauthier Onclin","178","323","-12.0","-9.0","BEL","25"
"2026-07-20","106415","Yoshihito Nishioka","179","321","0.0","-2.0","JPN","30"
"2026-07-20","208293","Gonzalo Bueno","180","321","-1.0","-4.0","PER","22"
"2026-07-20","208024","Max Alcala Gurri","181","319","71.0","48.0","ESP","23"
"2026-07-20","200329","Remy Bertola","182","319","0.0","-3.0","SUI","27"
"2026-07-20","105138","Roberto Bautista Agut","183","318","0.0","-3.0","ESP","38"
"2026-07-20","210748","Federico Cina","184","317","5.0","0.0","ITA","19"
"2026-07-20","212082","Joel Schwaerzler","185","315","-16.0","-14.0","AUT","20"
"2026-07-20","144750","Lloyd Harris","186","309","0.0","1.0","RSA","29"
"2026-07-20","111581","Michael Mmoh","187","307","0.0","1.0","USA","28"
"2026-07-20","122554","David Jorda Sanchis","188","305","0.0","1.0","ESP","32"
"2026-07-20","210167","Tom Gentzsch","189","303","40.0","23.0","GER","22"
"2026-07-20","209284","Elmer Moller","190","302","0.0","0.0","DEN","23"
"2026-07-20","144870","Federico Agustin Gomez","191","298","30.0","18.0","ARG","29"
"2026-07-20","106121","Taro Daniel","192","298","13.0","2.0","JPN","33"
"2026-07-20","209911","Guy Den Ouden","193","293","53.0","38.0","NED","24"
"2026-07-20","210297","Lautaro Midon","194","293","32.0","19.0","ARG","22"
"2026-07-20","126964","Vitaliy Sachko","195","291","7.0","0.0","UKR","29"
"2026-07-20","211533","Gianluca Cadenasso","196","289","-7.0","-3.0","ITA","21"
"2026-07-20","111200","Elias Ymer","197","288","-25.0","-14.0","SWE","30"
"2026-07-20","208843","Jerome Kym","198","285","-25.0","-12.0","SUI","23"
"2026-07-20","144821","Genaro Alberto Olivieri","199","284","4.0","2.0","ARG","27"
"2026-07-20","208859","Francesco Passaro","200","283","-31.0","-18.0","ITA","25"
"2026-07-20","105841","Lorenzo Giustino","201","283","0.0","-5.0","ITA","34"
"2026-07-20","126535","Carlos Taberner","202","282","0.0","-5.0","ESP","28"
"2026-07-20","106281","Liam Broady","203","282","0.0","-5.0","GBR","32"
"2026-07-20","207784","Harry Wendelken","204","276","0.0","-2.0","GBR","24"
"2026-07-20","211451","Gilles Arnaud Bailly","205","273","0.0","-2.0","BEL","20"
"2026-07-20","209405","Daniel Rincon","206","272","0.0","-1.0","ESP","23"
"2026-07-20","207546","Pol Martin Tiffon","207","269","0.0","1.0","ESP","26"
"2026-07-20","206889","Clement Chidekh","208","269","-2.0","-1.0","FRA","25"
"2026-07-20","202333","Keegan Smith","209","269","-4.0","-5.0","USA","28"
"2026-07-20","200318","Yu Hsiou Hsu","210","266","-2.0","0.0","TPE","27"
"2026-07-20","208004","Harold Mayot","211","265","-16.0","-11.0","FRA","24"
"2026-07-20","213608","Moise Kouame","212","263","0.0","-1.0","FRA","17"
"2026-07-20","200462","Andrea Guerrieri","213","261","5.0","6.0","ITA","27"
"2026-07-20","207663","Nikolas Sanchez Izquierdo","214","261","3.0","3.0","ESP","27"
"2026-07-20","211902","Henry Searle","215","260","0.0","-1.0","GBR","20"
"2026-07-20","200677","Rio Noguchi","216","260","6.0","6.0","JPN","27"
"2026-07-20","106293","Kimmer Coppejans","217","260","-22.0","-18.0","BEL","32"
"2026-07-20","202260","Henri Squire","218","259","0.0","-3.0","GER","25"
"2026-07-20","208269","Felix Gill","219","259","0.0","-3.0","GBR","24"
"2026-07-20","206748","Giulio Zeppieri","220","256","0.0","-2.0","ITA","24"
"2026-07-20","111513","Laslo Djere","221","255","0.0","-1.0","SRB","31"
"2026-07-20","208279","Alejandro Moro Canas","222","252","0.0","5.0","ESP","25"
"2026-07-20","200385","Dan Added","223","251","19.0","20.0","FRA","27"
"2026-07-20","207815","Guido Ivan Justo","224","251","-2.0","2.0","ARG","28"
"2026-07-20","210464","Darwin Blanch","225","249","-4.0","0.0","USA","18"
"2026-07-20","126409","Hugo Grenier","226","249","-6.0","-5.0","FRA","30"
"2026-07-20","200416","August Holmgren","227","248","-53.0","-35.0","DEN","28"
"2026-07-20","208364","Franco Roncadelli","228","246","10.0","10.0","URU","26"
"2026-07-20","109303","Stefano Napolitano","229","245","12.0","11.0","ITA","31"
"2026-07-20","111576","Sumit Nagal","230","243","10.0","11.0","IND","28"
"2026-07-20","134840","Raul Brancaccio","231","243","0.0","-1.0","ITA","29"
"2026-07-20","212044","Yi Zhou","232","242","6.0","4.0","CHN","21"
"2026-07-20","210220","Edas Butvilas","233","241","-10.0","-5.0","LTU","21"
"2026-07-20","211711","Braden Shick","234","240","0.0","-2.0","USA","22"
"2026-07-20","106393","Frederico Ferreira Silva","235","240","0.0","-2.0","POR","31"
"2026-07-20","","Chun-Hsin Tseng","236","237","0.0","-2.0","",""
"2026-07-20","200610","Oliver Crawford","237","237","1.0","-2.0","GBR","27"
"2026-07-20","210119","Andrej Nedic","238","236","0.0","-1.0","BIH","21"
"2026-07-20","126652","Jay Clarke","239","236","0.0","0.0","GBR","27"
"2026-07-20","210317","James Mccabe","240","235","2.0","2.0","AUS","23"
"2026-07-20","208069","Max Houkes","241","234","6.0","3.0","NED","26"
"2026-07-20","200303","Pavel Kotov","242","226","0.0","4.0","RUS","27"
"2026-07-20","","Pierre-Hugues Herbert","243","224","0.0","4.0","",""
"2026-07-20","208119","Liam Draxl","244","224","-29.0","-21.0","CAN","24"
"2026-07-20","206307","Joao Lucas Reis Da Silva","245","224","0.0","5.0","BRA","26"
"2026-07-20","213149","Felix Balshaw","246","223","-1.0","2.0","FRA","20"
"2026-07-20","209874","Maks Kasnikowski","247","223","0.0","5.0","POL","23"
"2026-07-20","210318","Andre Ilagan","248","222","0.0","5.0","USA","25"
"2026-07-20","210558","Hynek Barton","249","222","3.0","7.0","CZE","22"
"2026-07-20","202147","Florent Bax","250","219","4.0","13.0","FRA","27"
"2026-07-20","207527","Buvaysar Gadamauri","251","219","0.0","4.0","BEL","26"
"2026-07-20","","Diego Dedura","252","219","0.0","5.0","",""
"2026-07-20","207130","Matias Soto","253","218","-6.0","-4.0","CHI","27"
"2026-07-20","208144","Giles Hussey","254","218","0.0","4.0","GBR","29"
"2026-07-20","111187","Kaichi Uchida","255","218","0.0","4.0","JPN","31"
"2026-07-20","208046","Pedro Boscardin Dias","256","217","0.0","4.0","BRA","23"
"2026-07-20","209407","Max Basing","257","216","0.0","4.0","GBR","23"
"2026-07-20","212063","Matej Dodig","258","214","-6.0","-4.0","CRO","21"
"2026-07-20","","Andy Andrade","259","213","0.0","7.0","",""
"2026-07-20","209322","Martin Krumich","260","212","9.0","18.0","CZE","23"
"2026-07-20","","Abdullah Shelbayh","261","211","-1.0","6.0","",""
"2026-07-20","206470","Cezar Cretu","262","211","0.0","6.0","ROU","25"
"2026-07-20","209875","Alex Barrena","263","211","-16.0","-18.0","ARG","23"
"2026-07-20","106162","Franco Agamenone","264","210","0.0","6.0","ITA","33"
"2026-07-20","202400","Alastair Gray","265","209","0.0","6.0","GBR","28"
"2026-07-20","","Inaki Montes-De La Torre","266","209","0.0","6.0","",""
"2026-07-20","212020","Michele Ribecai","267","209","-5.0","-2.0","ITA","23"
"2026-07-20","209849","Sascha Gueymard Wayenburg","268","208","-3.0","1.0","FRA","22"
"2026-07-20","209326","Murphy Cassone","269","206","15.0","18.0","USA","23"
"2026-07-20","209992","Juncheng Shang","270","205","0.0","4.0","CHN","21"
"2026-07-20","207969","Stefan Dostanic","271","204","0.0","5.0","USA","24"
"2026-07-20","208223","Alvaro Guillen Meza","272","204","0.0","5.0","ECU","23"
"2026-07-20","126663","Juan Pablo Ficovich","273","203","-50.0","-49.0","ARG","29"
"2026-07-20","200572","Nick Hardt","274","202","-3.0","1.0","DOM","25"
"2026-07-20","122669","Juan Pablo Varillas","275","202","0.0","4.0","PER","30"
"2026-07-20","205734","Thiago Seyboth Wild","276","200","6.0","8.0","BRA","26"
"2026-07-20","105676","David Goffin","277","198","-25.0","-26.0","BEL","35"
"2026-07-20","202146","Luka Pavlovic","278","198","-16.0","-14.0","FRA","26"
"2026-07-20","202262","Filip Cristian Jianu","279","197","0.0","3.0","ROU","24"
"2026-07-20","200277","Charles Broom","280","195","0.0","3.0","GBR","28"
"2026-07-20","209951","Petr Bar Biryukov","281","194","0.0","4.0","RUS","24"
"2026-07-20","210412","Juan Manuel La Serna","282","193","0.0","4.0","ARG","22"
"2026-07-20","208913","Juan Bautista Torres","283","193","3.0","5.0","ARG","24"
"2026-07-20","210005","Kilian Feldbausch","284","191","-25.0","-22.0","SUI","20"
"2026-07-20","202239","Florian Broska","285","191","6.0","7.0","GER","28"
"2026-07-20","207732","Miguel Damas","286","188","10.0","14.0","ESP","26"
"2026-07-20","123755","Daniel Elahi Galan","287","187","12.0","17.0","COL","30"
"2026-07-20","127760","Lukas Klein","288","187","-125.0","-103.0","SVK","28"
"2026-07-20","207491","Sandro Kopp","289","187","0.0","2.0","AUT","26"
"2026-07-20","210682","Federico Bondioli","290","186","34.0","56.0","ITA","21"
"2026-07-20","209899","Ilia Simakin","291","185","-3.0","-2.0","RUS","22"
"2026-07-20","211514","Justin Engel","292","185","-16.0","-12.0","GER","18"
"2026-07-20","117361","Akira Santillan","293","185","7.0","8.0","AUS","29"
"2026-07-20","202475","Philip Henning","294","183","-15.0","-13.0","RSA","25"
"2026-07-20","207799","Matheus Pucinelli De Almeida","295","183","0.0","-1.0","BRA","25"
"2026-07-20","111578","Stefan Kozlov","296","182","0.0","0.0","USA","28"
"2026-07-20","","Marc-Andrea Huesler","297","182","7.0","10.0","",""
"2026-07-20","106329","Thiago Monteiro","298","181","-6.0","-8.0","BRA","32"
"2026-07-20","207129","Yanki Erel","299","181","28.0","42.0","TUR","25"
"2026-07-20","211542","Filippo Romano","300","181","6.0","8.0","ITA","21"
"2026-07-20","210340","Philip Sekulic","301","180","12.0","16.0","AUS","22"
"2026-07-20","200672","Sergey Fomin","302","180","-1.0","-5.0","UZB","25"
"2026-07-20","211617","Maxim Mrva","303","179","6.0","7.0","CZE","18"
"2026-07-20","207415","Daniel Michalski","304","178","0.0","-5.0","POL","26"
"2026-07-20","209898","Dali Blanch","305","176","0.0","-3.0","USA","23"
"2026-07-20","207213","Duje Ajdukovic","306","176","0.0","-3.0","CRO","25"
"2026-07-20","207785","George Loffhagen","307","175","0.0","-1.0","GBR","25"
"2026-07-20","111442","Jordan Thompson","308","173","0.0","1.0","AUS","32"
"2026-07-20","207368","Mert Alkaya","309","173","0.0","2.0","TUR","26"
"2026-07-20","202354","Matthew Dellavedova","310","173","1.0","3.0","AUS","26"
"2026-07-20","212268","Max Schoenhaus","311","172","6.0","9.0","GER","18"
"2026-07-20","123921","Calvin Hemery","312","172","-6.0","-14.0","FRA","31"
"2026-07-20","210377","Luciano Emanuel Ambrogi","313","171","0.0","2.0","ARG","22"
"2026-07-20","212225","Thomas Faurel","314","170","4.0","5.0","FRA","20"
"2026-07-20","208902","Johannus Monday","315","170","-12.0","-20.0","GBR","24"
"2026-07-20","133297","Yosuke Watanuki","316","169","-6.0","-11.0","JPN","28"
"2026-07-20","105062","Mikhail Kukushkin","317","169","0.0","-1.0","KAZ","38"
"2026-07-20","","Igor Marcondes","318","167","6.0","6.0","",""
"2026-07-20","209131","Eliakim Coulibaly","319","166","0.0","2.0","CIV","24"
"2026-07-20","106380","Gonzalo Villanueva","320","166","21.0","32.0","ARG","31"
"2026-07-20","202359","Marvin Moeller","321","164","-7.0","-7.0","GER","27"
"2026-07-20","122909","Andres Martin","322","163","-4.0","-4.0","ARG","50"
"2026-07-20","210202","Rodrigo Pacheco Mendez","323","163","0.0","0.0","MEX","21"
"2026-07-20","111806","Fajing Sun","324","162","-47.0","-51.0","CHN","29"
"2026-07-20","133872","Enrico Dalla Valle","325","162","3.0","2.0","ITA","28"
"2026-07-20","212251","Daniel Milavsky","326","161","4.0","9.0","USA","24"
"2026-07-20","104792","Gael Monfils","327","160","0.0","-2.0","FRA","39"
"2026-07-20","208342","Tyler Zink","328","159","0.0","-2.0","USA","25"
"2026-07-20","211661","Juan Estevez","329","159","6.0","14.0","ARG","20"
"2026-07-20","","Tung-Lin Wu","330","158","0.0","-1.0","",""
"2026-07-20","210557","Petr Brunclik","331","157","0.0","-1.0","CZE","20"
"2026-07-20","106057","Facundo Mena","332","157","0.0","-1.0","ARG","33"
"2026-07-20","207171","Hamish Stewart","333","157","0.0","-1.0","GBR","26"
"2026-07-20","","Murkel Dellien","334","157","0.0","0.0","",""
"2026-07-20","200188","Matteo Martineau","335","157","0.0","-2.0","FRA","27"
"2026-07-20","106034","Yasutaka Uchiyama","336","156","0.0","0.0","JPN","33"
"2026-07-20","106292","Hernan Casanova","337","156","0.0","0.0","ARG","32"
"2026-07-20","206703","Paul Jubb","338","156","0.0","0.0","GBR","26"
"2026-07-20","212207","Ognjen Milic","339","156","7.0","10.0","SRB","19"
"2026-07-20","105911","Andrea Collarini","340","156","0.0","0.0","ARG","34"
"2026-07-20","209952","Sean Cuenin","341","156","0.0","-2.0","FRA","22"
"2026-07-20","126107","Michael Geerts","342","156","-3.0","-14.0","BEL","31"
"2026-07-20","211627","Hayato Matsuoka","343","155","5.0","4.0","JPN","21"
"2026-07-20","106177","Oriol Roca Batalla","344","153","0.0","-2.0","ESP","33"
"2026-07-20","117360","Marc Polmans","345","152","0.0","-1.0","AUS","29"
"2026-07-20","209274","Carl Emil Overbeck","346","152","0.0","-1.0","DEN","24"
"2026-07-20","209080","Blaise Bicknell","347","150","6.0","7.0","JAM","24"
"2026-07-20","207797","Jonas Forejtek","348","150","-22.0","-36.0","CZE","25"
"2026-07-20","106283","Mitchell Krueger","349","148","9.0","15.0","USA","32"
"2026-07-20","106044","Nicolas Kicker","350","148","-16.0","-28.0","ARG","33"
"2026-07-20","209916","Marko Topo","351","147","13.0","23.0","GER","22"
"2026-07-20","211577","Antoine Ghibaudo","352","146","5.0","7.0","FRA","21"
"2026-07-20","200184","Andrey Chepelev","353","145","0.0","0.0","RUS","27"
"2026-07-20","200346","Mats Rosenkranz","354","142","0.0","4.0","GER","27"
"2026-07-20","200495","Eduardo Ribeiro","355","142","-1.0","1.0","BRA","28"
"2026-07-20","209890","Mili Poljicak","356","141","-8.0","-8.0","CRO","22"
"2026-07-20","208502","Dominic Stricker","357","140","0.0","3.0","SUI","23"
"2026-07-20","206867","Tommaso Compagnucci","358","140","0.0","3.0","ITA","26"
"2026-07-20","209850","Robin Bertrand","359","140","0.0","4.0","FRA","23"
"2026-07-20","208025","Alex Martinez","360","139","-5.0","-5.0","ESP","25"
"2026-07-20","207231","Mathys Erhard","361","139","-4.0","-4.0","FRA","24"
"2026-07-20","129911","Marat Sharipov","362","138","0.0","3.0","RUS","23"
"2026-07-20","","Cedrik-Marcel Stebe","363","137","0.0","3.0","",""
"2026-07-20","213635","Jacopo Vasami","364","137","0.0","3.0","ITA","18"
"2026-07-20","209318","Petr Nesterov","365","137","0.0","4.0","BUL","23"
"2026-07-20","105613","Norbert Gombos","366","136","0.0","4.0","SVK","35"
"2026-07-20","211636","Lucio Ratti","367","136","0.0","5.0","ARG","22"
"2026-07-20","210042","Gabriele Piraino","368","134","0.0","7.0","ITA","22"
"2026-07-20","202326","Ivan Marrero Curbelo","369","133","0.0","7.0","ESP","27"
"2026-07-20","209354","Ioannis Xilas","370","133","-12.0","-19.0","GRE","25"
"2026-07-20","211500","Tiago Pereira","371","133","0.0","8.0","POR","22"
"2026-07-20","208421","Lilian Marmousez","372","132","-15.0","-22.0","FRA","24"
"2026-07-20","207760","Anton Matusevich","373","132","-1.0","4.0","GBR","25"
"2026-07-20","211768","Manas Dhamne","374","132","0.0","7.0","IND","18"
"2026-07-20","208143","Garrett Johns","375","132","0.0","7.0","USA","25"
"2026-07-20","209506","Francesco Forti","376","131","-1.0","4.0","ITA","26"
"2026-07-20","200309","Marek Gengel","377","131","-5.0","-4.0","CZE","30"
"2026-07-20","117359","Jake Delaney","378","131","0.0","6.0","AUS","29"
"2026-07-20","202199","Carlos Sanchez Jover","379","131","-9.0","-17.0","ESP","25"
"2026-07-20","","Jay Friend","380","130","-1.0","3.0","",""
"2026-07-20","109054","Daniel Masur","381","130","0.0","5.0","GER","31"
"2026-07-20","202320","Beibit Zhukayev","382","130","0.0","5.0","KAZ","25"
"2026-07-20","202122","Yuta Shimizu","383","130","-6.0","-12.0","JPN","27"
"2026-07-20","209167","Olle Wallin","384","130","-7.0","-16.0","SWE","24"
"2026-07-20","213194","Jack Kennedy","385","129","0.0","4.0","USA","18"
"2026-07-20","212785","Carlos Maria Zarate","386","129","13.0","27.0","ARG",""
"2026-07-20","106362","Laurent Lokoli","387","128","25.0","62.0","FRA","31"
"2026-07-20","208457","Radu Mihai Papoe","388","128","0.0","3.0","ROU","23"
"2026-07-20","206662","Georgii Kravchenko","389","128","3.0","9.0","UKR","25"
"2026-07-20","212222","Raphael Perot","390","127","0.0","3.0","FRA","25"
"2026-07-20","212241","Carlo Alberto Caniato","391","126","-7.0","-13.0","ITA","20"
"2026-07-20","123983","Nerman Fatic","392","125","0.0","4.0","BIH","31"
"2026-07-20","207993","Justin Boulais","393","125","13.0","29.0","CAN","24"
"2026-07-20","208328","Max Wiskandt","394","125","24.0","64.0","GER","24"
"2026-07-20","106220","Dimitar Kuzmanov","395","125","-2.0","-1.0","BUL","32"
"2026-07-20","105413","Andrej Martin","396","124","-3.0","-4.0","SVK","36"
"2026-07-20","208649","Andrew Fenty","397","124","0.0","2.0","USA","26"
"2026-07-20","210129","Samuele Pieri","398","123","0.0","3.0","ITA","24"
"2026-07-20","","Santiago Rodriguez Taverna","399","123","0.0","3.0","",""
"2026-07-20","210399","Edward Winter","400","122","-8.0","-15.0","AUS","21"
"2026-07-20","207186","Arthur Weber","401","122","0.0","2.0","FRA","34"
"2026-07-20","207502","Stefan Palosi","402","122","0.0","2.0","ROU","26"
"2026-07-20","209209","Filip Misolic","403","121","-63.0","-110.0","AUT","24"
"2026-07-20","210085","Lui Maxted","404","121","0.0","1.0","GBR","22"
"2026-07-20","211621","Arthur Nagel","405","121","0.0","1.0","FRA","23"
"2026-07-20","125802","Ilya Ivashka","406","120","48.0","148.0","BLR","32"
"2026-07-20","208937","Kasidit Samrej","407","120","-6.0","-12.0","THA","25"
"2026-07-20","148679","Henry Bernet","408","118","-7.0","-11.0","SUI","19"
"2026-07-20","208819","Max Hans Rehberg","409","117","0.0","0.0","GER","22"
"2026-07-20","144972","Geoffrey Blancaneaux","410","117","-12.0","-20.0","FRA","27"
"2026-07-20","211504","Jack Loge","411","117","-3.0","-4.0","BEL","21"
"2026-07-20","126627","Johan Nikles","412","116","0.0","-1.0","SUI","29"
"2026-07-20","212090","Sergio Callejon Hernando","413","116","0.0","-1.0","ESP","21"
"2026-07-20","207200","Cyril Vandermeersch","414","116","-1.0","-4.0","FRA","27"
"2026-07-20","209983","Mika Brunold","415","115","0.0","-1.0","SUI","21"
"2026-07-20","144716","Oleg Prihodko","416","114","-9.0","-16.0","UKR","28"
"2026-07-20","134068","Vadym Ursu","417","114","-1.0","-2.0","UKR","29"
"2026-07-20","201987","Masamichi Imamura","418","113","0.0","2.0","JPN","27"
"2026-07-20","210382","Maximus Jones","419","113","0.0","0.0","THA","21"
"2026-07-20","207992","Cannon Kingsley","420","112","0.0","1.0","USA","25"
"2026-07-20","131911","Lucas Poullain","421","112","0.0","2.0","FRA","30"
"2026-07-20","208431","Semen Pankin","422","111","0.0","2.0","RUS","26"
"2026-07-20","105180","Daniel Dutra Da Silva","423","111","0.0","3.0","BRA","38"
"2026-07-20","209254","Valerio Aboian","424","110","0.0","3.0","ARG","24"
"2026-07-20","210668","Massimo Giunta","425","110","1.0","4.0","ITA","22"
"2026-07-20","200550","Vladyslav Orlov","426","109","4.0","17.0","UKR","31"
"2026-07-20","208426","Tiago Torres","427","109","0.0","3.0","POR","24"
"2026-07-20","","Adrian Boitan","428","108","0.0","6.0","",""
"2026-07-20","132573","Luca Castelnuovo","429","108","0.0","6.0","SUI","29"
"2026-07-20","210472","Oliver Tarvet","430","107","0.0","7.0","GBR","22"
"2026-07-20","200266","Javier Barranco Cosano","431","107","-1.0","2.0","ESP","27"
"2026-07-20","144656","Corentin Denolly","432","107","0.0","7.0","FRA","29"
"2026-07-20","209264","Pietro Fellin","433","107","0.0","8.0","ITA","24"
"2026-07-20","213001","Mika Petkovic","434","107","3.0","14.0","GER","19"
"2026-07-20","212216","Trevor Svajda","435","106","22.0","79.0","USA","20"
"2026-07-20","202290","Dhakshineswar Suresh","436","106","2.0","10.0","IND","26"
"2026-07-20","212305","Juan Cruz Martin Manzano","437","106","5.0","20.0","ITA","21"
"2026-07-20","123809","Ivan Gakhov","438","105","-25.0","-50.0","RUS","29"
"2026-07-20","208253","Niels Visker","439","105","3.0","14.0","NED","24"
"2026-07-20","207669","Robert Strombachs","440","105","0.0","4.0","LAT","26"
"2026-07-20","106187","Denis Yevseyev","441","105","0.0","4.0","KAZ","33"
"2026-07-20","","Sanhui Shin","442","104","-4.0","-6.0","",""
"2026-07-20","200452","Patrick Zahraj","443","104","-7.0","-18.0","GER","27"
"2026-07-20","126106","Ryan Peniston","444","103","-10.0","-27.0","GBR","30"
"2026-07-20","209512","Tom Paris","445","103","0.0","5.0","FRA","23"
"2026-07-20","206553","Luca Potenza","446","103","0.0","5.0","ITA","25"
"2026-07-20","133997","Sergi Perez Contri","447","103","0.0","5.0","ESP","28"
"2026-07-20","209338","Daniel Siniakov","448","102","-5.0","-10.0","CZE","23"
"2026-07-20","127123","Mateus Alves","449","102","1.0","6.0","BRA","25"
"2026-07-20","211639","Alejo Sanchez Quilez","450","102","12.0","42.0","ESP","21"
"2026-07-20","200666","Jie Cui","451","102","6.0","19.0","CHN","28"
"2026-07-20","105487","Facundo Bagnis","452","101","-7.0","-21.0","ARG","36"
"2026-07-20","","Alafia Ayeni","453","101","0.0","1.0","",""
"2026-07-20","208189","Gianmarco Ferrari","454","101","0.0","2.0","ITA","25"
"2026-07-20","207728","Moerani Bouzige","455","101","0.0","4.0","AUS","27"
"2026-07-20","106423","Thanasi Kokkinakis","456","100","0.0","4.0","AUS","30"
"2026-07-20","208389","James Trotter","457","100","-8.0","-25.0","JPN","26"
"2026-07-20","209088","Quinn Vandecasteele","458","100","0.0","3.0","USA","23"
"2026-07-20","210054","Matthew William Donald","459","100","10.0","34.0","CZE","21"
"2026-07-20","132052","Christian Langmo","460","100","2.0","7.0","USA","30"
"2026-07-20","209984","Milos Karol","461","99","-5.0","-14.0","SVK","23"
"2026-07-20","211558","Karim Bennani","462","99","0.0","0.0","MAR","18"
"2026-07-20","212025","Yannik Kelm","463","99","7.0","21.0","GER","21"
"2026-07-20","111454","Li Tu","464","98","0.0","0.0","AUS","30"
"2026-07-20","208158","Dominik Palan","465","98","9.0","33.0","CZE","25"
"2026-07-20","126337","Renta Tokuda","466","98","-15.0","-48.0","JPN","28"
"2026-07-20","106186","Jason Kubler","467","97","0.0","1.0","AUS","33"
"2026-07-20","210107","Bor Artnak","468","96","-2.0","-3.0","SLO","22"
"2026-07-20","106172","Maxime Chazal","469","96","0.0","0.0","FRA","33"
"2026-07-20","209120","Yassine Dlimi","470","95","2.0","9.0","MAR","23"
"2026-07-20","212219","Mees Rottgering","471","95","1.0","2.0","NED","19"
"2026-07-20","212077","Lorenzo Carboni","472","95","0.0","-1.0","ITA","20"
"2026-07-20","101495","Miguel Tobon","473","95","-3.0","-7.0","COL","20"
"2026-07-20","134329","Blake Ellis","474","94","0.0","-2.0","AUS","27"
"2026-07-20","126340","Viktor Durasovic","475","94","0.0","-1.0","NOR","29"
"2026-07-20","","Alexander Binda","476","94","0.0","-1.0","",""
"2026-07-20","207708","Dusan Obradovic","477","94","0.0","-1.0","SRB","25"
"2026-07-20","209079","Samir Banerjee","478","93","-25.0","-70.0","USA","22"
"2026-07-20","209907","Viacheslav Bielinskyi","479","93","0.0","1.0","UKR","22"
"2026-07-20","126206","Alex Rybakov","480","93","-16.0","-52.0","USA","29"
"2026-07-20","210285","Sebastian Sorger","481","93","-14.0","-41.0","AUT","20"
"2026-07-20","212275","Thijs Boogaard","482","92","12.0","47.0","NED","18"
"2026-07-20","200374","Nicolas Alvarez Varona","483","92","0.0","-2.0","ESP","25"
"2026-07-20","200484","Rudolf Molleker","484","92","0.0","-2.0","GER","25"
"2026-07-20","211566","Patrick Schoen","485","91","0.0","1.0","SUI","21"
"2026-07-20","144814","Eero Vasa","486","91","-14.0","-44.0","FIN","29"
"2026-07-20","207202","Karl Poling","487","91","5.0","21.0","USA","26"
"2026-07-20","202113","Hikaru Shiraishi","488","91","0.0","-1.0","JPN","26"
"2026-07-20","207764","Ryan Nijboer","489","91","0.0","-1.0","NED","26"
"2026-07-20","200297","Aziz Ouakaa","490","91","9.0","35.0","TUN","26"
"2026-07-20","208104","Andrea Picchione","491","90","-3.0","-14.0","ITA","28"
"2026-07-20","105430","Radu Albot","492","90","0.0","-2.0","MDA","36"
"2026-07-20","212174","Enzo Aguiard","493","90","0.0","-2.0","AUS","23"
"2026-07-20","209394","Anton Shepp","494","90","6.0","22.0","NZL","23"
"2026-07-20","208322","Eric Vanshelboim","495","90","-2.0","-12.0","UKR","25"
"2026-07-20","117357","Omar Jasika","496","90","9.0","32.0","AUS","29"
"2026-07-20","106203","Pedro Sakamoto","497","90","0.0","-3.0","BRA","33"
"2026-07-20","208153","Giuseppe La Vela","498","89","0.0","-1.0","ITA","25"
"2026-07-20","","Alex Hernandez","499","89","-25.0","-83.0","",""
"2026-07-20","202297","Dan Martin","500","88","0.0","0.0","CAN","27"
"2026-07-20","105554","Daniel Evans","501","88","0.0","0.0","GBR","36"
"2026-07-20","202271","Lorenzo Joaquin Rodriguez","502","88","-1.0","-3.0","ARG","26"
"2026-07-20","202420","Aidan Mchugh","503","87","-3.0","-14.0","GBR","26"
"2026-07-20","208257","Fabrizio Andaloro","504","87","-4.0","-19.0","ITA","25"
"2026-07-20","210214","Joao Eduardo Schiessl","505","87","0.0","-2.0","BRA","21"
"2026-07-20","133975","Benjamin Hassan","506","87","-12.0","-43.0","LBN","31"
"2026-07-20","210726","Cesar Bouchelaghem","507","87","2.0","4.0","FRA","22"
"2026-07-20","144970","Constantin Bittoun Kouzmine","508","87","0.0","-4.0","FRA","27"
"2026-07-20","211618","Jan Kumstat","509","86","26.0","103.0","CZE","19"
"2026-07-20","213360","Niels Mcdonald","510","86","0.0","-5.0","GER","18"
"2026-07-20","210730","Reda Bennani","511","86","0.0","-5.0","MAR","19"
"2026-07-20","105655","Hiroki Moriya","512","86","0.0","-5.0","JPN","35"
"2026-07-20","210470","Tai Sach","513","86","0.0","-3.0","AUS","23"
"2026-07-20","207998","Takuya Kumasaka","514","86","1.0","-2.0","JPN","27"
"2026-07-20","209518","Tibo Colson","515","85","-4.0","-20.0","BEL","26"
"2026-07-20","211628","Koki Matsuda","516","85","6.0","17.0","JPN","25"
"2026-07-20","207704","Alex Marti Pujolras","517","84","0.0","-2.0","ESP","27"
"2026-07-20","124040","Colin Sinclair","518","84","-1.0","-5.0","NMI","31"
"2026-07-20","209163","Emile Hudd","519","84","0.0","-2.0","GBR","26"
"2026-07-20","","Khumoyun Sultanov","520","83","-6.0","-24.0","",""
"2026-07-20","207490","Carlos Lopez Montagud","521","83","0.0","-3.0","ESP","26"
"2026-07-20","122352","Christoph Negritu","522","83","0.0","-3.0","GER","32"
"2026-07-20","","Fares Zakaria","523","83","0.0","-3.0","",""
"2026-07-20","212958","Spencer Johnson","524","82","33.0","158.0","USA","23"
"2026-07-20","210393","Maxim Zhukov","525","82","0.0","-3.0","RUS","21"
"2026-07-20","206467","Federico Arnaboldi","526","81","0.0","1.0","ITA","26"
"2026-07-20","211727","Pavle Marinkov","527","81","2.0","8.0","AUS","20"
"2026-07-20","125847","Jelle Sels","528","81","-1.0","-4.0","NED","30"
"2026-07-20","106168","Sidharth Rawat","529","80","0.0","1.0","IND","33"
"2026-07-20","212978","Izan Almazan Valiente","530","80","15.0","55.0","ESP","20"
"2026-07-20","209142","Sebastian Gima","531","80","0.0","1.0","ROU","24"
"2026-07-20","206325","Pedro Vives Marcos","532","79","2.0","7.0","ESP","25"
"2026-07-20","209863","Leo Borg","533","79","0.0","1.0","SWE","23"
"2026-07-20","209867","Daniil Ostapenkov","534","79","0.0","2.0","BLR","23"
"2026-07-20","209971","Michael Bassem Sobhy","535","78","1.0","5.0","EGY","22"
"2026-07-20","210744","Kaylan Bigun","536","78","-2.0","-5.0","USA","20"
"2026-07-20","106290","Filip Peliwo","537","78","-8.0","-28.0","POL","32"
"2026-07-20","211324","Mitsuki Wei Kang Leong","538","78","3.0","7.0","MAS","21"
"2026-07-20","144923","Louis Wessels","539","78","33.0","184.0","GER","27"
"2026-07-20","149099","Joaquin Aguilar Cardozo","540","77","4.0","11.0","URU",""
"2026-07-20","207664","Luca Staeheli","541","77","0.0","0.0","SUI","26"
"2026-07-20","208285","Fausto Tabacco","542","76","-1.0","0.0","ITA","24"
"2026-07-20","207605","Jakub Paul","543","75","0.0","0.0","SUI","27"
"2026-07-20","207220","Taha Baadi","544","75","-7.0","-21.0","CAN","25"
"2026-07-20","206922","Luca Wiedenmann","545","75","0.0","-1.0","GER","28"
"2026-07-20","207407","Peter Makk","546","75","3.0","12.0","HUN","24"
"2026-07-20","202235","Jacopo Berrettini","547","74","0.0","-1.0","ITA","27"
"2026-07-20","","Mukund Sasikumar","548","74","0.0","0.0","",""
"2026-07-20","200574","Alexander Donski","549","73","0.0","1.0","BUL","27"
"2026-07-20","200538","Matyas Fuele","550","73","26.0","154.0","HUN","27"
"2026-07-20","208071","Oleksii Krutykh","551","73","1.0","8.0","UKR","26"
"2026-07-20","210000","Karan Singh","552","73","-15.0","-50.0","IND","23"
"2026-07-20","211898","Mae Malige","553","73","1.0","8.0","FRA","20"
"2026-07-20","211409","Guillaume Dalmasso","554","73","3.0","14.0","FRA","23"
"2026-07-20","208297","Maxwell Mckennon","555","73","0.0","-2.0","USA","24"
"2026-07-20","210157","Dylan Dietrich","556","72","13.0","62.0","SUI","21"
"2026-07-20","209355","Timo Legout","557","72","7.0","25.0","FRA","24"
"2026-07-20","207878","James Story","558","72","0.0","-3.0","GBR","25"
"2026-07-20","209931","Lukas Pokorny","559","72","0.0","-3.0","SVK","24"
"2026-07-20","209278","Alec Beckley","560","72","0.0","-3.0","RSA","25"
"2026-07-20","","Digvijay Pratap Singh","561","72","-2.0","-12.0","",""
"2026-07-20","200086","Toufik Sahtali","562","72","-7.0","-25.0","ALG","27"
"2026-07-20","131934","Andrea Vavassori","563","71","0.0","0.0","ITA","31"
"2026-07-20","212405","Gavin Young","564","71","7.0","26.0","USA","23"
"2026-07-20","129814","Ivan Ivanov","565","71","6.0","19.0","BUL","17"
"2026-07-20","208126","John Echeverria","566","71","-7.0","-28.0","ESP","24"
"2026-07-20","200070","Kirill Kivattsev","567","71","0.0","0.0","RUS","28"
"2026-07-20","144826","Aziz Dougaz","568","70","15.0","76.0","TUN","29"
"2026-07-20","105944","Juan Sebastian Gomez","569","70","-1.0","-4.0","COL","34"
"2026-07-20","212598","Emilien Demanet","570","70","-2.0","-10.0","BEL","21"
"2026-07-20","210121","Kokoro Isomura","571","70","-2.0","-9.0","JPN","23"
"2026-07-20","210077","Aidan Kim","572","69","6.0","24.0","USA","21"
"2026-07-20","200214","Alan Fernando Rubio Fierros","573","69","0.0","-3.0","MEX","27"
"2026-07-20","210425","Svyatoslav Gulin","574","69","0.0","-3.0","RUS","23"
"2026-07-20","149117","Lorenzo Angelini","575","69","5.0","18.0","ITA",""
"2026-07-20","","Johan Alexander Rodriguez","576","68","-3.0","-12.0","",""
"2026-07-20","202075","Adria Soriano Barrera","577","68","-25.0","-99.0","COL","27"
"2026-07-20","211651","Alexander Vasilev","578","68","0.0","-6.0","BUL","19"
"2026-07-20","111202","Hyeon Chung","579","68","0.0","-6.0","KOR","30"
"2026-07-20","207793","Alec Deckers","580","68","-6.0","-33.0","NED","26"
"2026-07-20","126125","Maxime Janvier","581","68","-3.0","-15.0","FRA","29"
"2026-07-20","208063","Paulo Andre Saraiva Dos Santos","582","68","-15.0","-61.0","BRA","26"
"2026-07-20","106310","Alexander Ritschard","583","67","0.0","-8.0","SUI","32"
"2026-07-20","210714","Robin Catry","584","67","0.0","-7.0","FRA","24"
"2026-07-20","210498","Gerard Campana Lee","585","67","9.0","47.0","KOR","21"
"2026-07-20","210028","Ozan Baris","586","66","0.0","-8.0","USA","22"
"2026-07-20","200255","Alexander Weis","587","66","7.0","33.0","ITA","29"
"2026-07-20","","Amr Elsayed","588","66","0.0","-9.0","",""
"2026-07-20","","Kuan-Yi Lee","589","66","0.0","-9.0","",""
"2026-07-20","211901","Yanis Ghazouani Durand","590","66","13.0","72.0","FRA","26"
"2026-07-20","210505","Marcel Zielinski","591","66","0.0","-10.0","POL","25"
"2026-07-20","209923","Romain Faucon","592","66","-2.0","-18.0","BEL","23"
"2026-07-20","202209","Imanol Lopez Morillo","593","66","7.0","28.0","ESP","26"
"2026-07-20","200096","Dragos Nicolae Madaras","594","65","0.0","-11.0","SWE","28"
"2026-07-20","211530","Tomasz Berkieta","595","65","-8.0","-43.0","POL","19"
"2026-07-20","210553","Jacob Bradshaw","596","65","1.0","-4.0","AUS","23"
"2026-07-20","212190","Karol Filar","597","65","0.0","-11.0","POL","27"
"2026-07-20","210731","Filip Jeff Planinsek","598","65","0.0","-10.0","SLO","25"
"2026-07-20","209510","Nino Ehrenschneider","599","65","0.0","-12.0","GER","25"
"2026-07-20","212104","Pablo Martinez Gomez","600","64","0.0","-11.0","ESP","20"
"2026-07-20","106249","Joao Domingues","601","64","0.0","-10.0","POR","32"
"2026-07-20","144985","Ergi Kirkin","602","64","-3.0","-26.0","TUR","27"
"2026-07-20","209251","Stefan Popovic","603","64","0.0","-8.0","SRB","23"
"2026-07-20","211501","Kenta Miyoshi","604","63","29.0","213.0","JPN","22"
"2026-07-20","","Tsung-Hao Huang","605","63","2.0","-1.0","",""
"2026-07-20","207893","Daniel De Jonge","606","63","0.0","-9.0","NED","26"
"2026-07-20","210599","Ryan Dickerson","607","63","0.0","-9.0","USA","29"
"2026-07-20","208605","Mario Gonzalez Fernandez","608","63","1.0","-8.0","ESP","24"
"2026-07-20","210223","Leonardo Rossi","609","63","2.0","-2.0","ITA","23"
"2026-07-20","207657","Tristan Mccormick","610","62","0.0","-11.0","USA","27"
"2026-07-20","208343","Andrew Paulson","611","61","0.0","-10.0","CZE","24"
"2026-07-20","105806","Mirza Basic","612","61","0.0","-10.0","BIH","35"
"2026-07-20","132744","Alberto Barroso Campos","613","61","0.0","-8.0","ESP","30"
"2026-07-20","","M Rifki Fitriadi","614","61","1.0","2.0","",""
"2026-07-20","213178","Cruz Hewitt","615","61","0.0","-9.0","AUS","17"
"2026-07-20","210029","Bruno Kuzuhara","616","61","2.0","6.0","USA","22"
"2026-07-20","208168","Nicolas Tepmahc","617","61","0.0","-9.0","FRA","25"
"2026-07-20","210721","Iliyan Radulov","618","60","5.0","27.0","BUL","21"
"2026-07-20","209362","Aristotelis Thanos","619","60","-1.0","-16.0","GRE","25"
"2026-07-20","207535","Marlon Vankan","620","60","0.0","-7.0","GER","25"
"2026-07-20","200595","Lorenzo Bocchi","621","60","0.0","-7.0","ITA","28"
"2026-07-20","132999","Kai Wehnelt","622","60","0.0","-7.0","GER","30"
"2026-07-20","208182","Saba Purtseladze","623","60","0.0","-6.0","GEO","24"
"2026-07-20","210250","Erik Arutiunian","624","59","0.0","-5.0","BLR","21"
"2026-07-20","208044","Etienne Donnet","625","58","0.0","-1.0","FRA","25"
"2026-07-20","210025","Branko Djuric","626","58","0.0","0.0","SRB","21"
"2026-07-20","133794","S D Prajwal Dev","627","58","0.0","1.0","IND","30"
"2026-07-20","122078","Dmitry Popko","628","58","0.0","1.0","KAZ","29"
"2026-07-20","126177","Strong Kirchheimer","629","58","5.0","31.0","USA","31"
"2026-07-20","200632","Evan Zhu","630","58","10.0","69.0","USA","27"
"2026-07-20","133820","Ignacio Monzon","631","58","0.0","2.0","ARG","28"
"2026-07-20","138485","Conner Huertas Del Pino","632","57","0.0","2.0","PER","30"
"2026-07-20","106072","Alexey Vatutin","633","57","-3.0","-23.0","RUS","33"
"2026-07-20","208854","Aidan Mayo","634","57","6.0","40.0","USA","23"
"2026-07-20","","Fryderyk Lechno-Wasiutynski","635","57","0.0","0.0","",""
"2026-07-20","210142","Olaf Pieczkowski","636","57","-1.0","-11.0","POL","22"
"2026-07-20","209191","Oleksandr Ovcharenko","637","57","-1.0","-7.0","UKR","24"
"2026-07-20","200713","Federico Iannaccone","638","57","0.0","0.0","ITA","27"
"2026-07-20","132831","Giovanni Oradini","639","57","-7.0","-45.0","ITA","28"
"2026-07-20","207803","Igor Gimenez","640","56","-2.0","-13.0","BRA","26"
"2026-07-20","207484","Neil Oberleitner","641","56","0.0","-2.0","AUT","26"
"2026-07-20","212788","Amir Omarkhanov","642","56","0.0","-1.0","KAZ","18"
"2026-07-20","210218","Bruno Fernandez","643","56","0.0","-1.0","BRA","21"
"2026-07-20","212831","Samuel Heredia","644","56","-3.0","-21.0","COL","20"
"2026-07-20","212029","Dimitris Sakellaridis","645","56","0.0","-2.0","GRE","20"
"2026-07-20","210513","Tuncay Duran","646","55","8.0","55.0","TUR","22"
"2026-07-20","210629","Alejandro Juan Mano","647","55","14.0","108.0","ESP","21"
"2026-07-20","210236","Attila Boros","648","55","1.0","4.0","HUN","22"
"2026-07-20","213046","Pieter De Lange","649","55","7.0","47.0","NED",""
"2026-07-20","209246","Alan Magadan","650","55","-15.0","-81.0","MEX","25"
"2026-07-20","144907","Adrian Oetzbach","651","55","6.0","34.0","GER","28"
"2026-07-20","","J.J. Wolf","652","54","6.0","36.0","",""
"2026-07-20","202342","Ryan Seggerman","653","54","0.0","-4.0","USA","26"
"2026-07-20","208586","Joshua Sheehy","654","54","2.0","11.0","USA","29"
"2026-07-20","210034","Shunsuke Mitsui","655","54","-1.0","-9.0","JPN","24"
"2026-07-20","200273","Hady Habib","656","54","0.0","-6.0","LIB","27"
"2026-07-20","","Nikita Mashtakov","657","54","-2.0","-17.0","",""
"2026-07-20","209302","Peter Fajta","658","54","0.0","-7.0","HUN","24"
"2026-07-20","212969","Matisse Bobichon","659","54","0.0","-6.0","FRA","24"
"2026-07-20","212784","Maximo Zeitune","660","54","-4.0","-29.0","ARG","19"
"2026-07-20","210447","Leo Raquillet","661","54","0.0","-7.0","FRA","20"
"2026-07-20","213713","Melios Efstathiou","662","54","-1.0","-14.0","CYP",""
"2026-07-20","207994","Chase Ferguson","663","54","0.0","-8.0","AUS","27"
"2026-07-20","200587","Brandon Holt","664","53","0.0","-7.0","USA","28"
"2026-07-20","211673","Duncan Chan","665","53","1.0","-1.0","CAN","20"
"2026-07-20","132041","Alfredo Perez","666","53","-4.0","-30.0","USA","29"
"2026-07-20","209517","Igor Kudriashov","667","53","0.0","-9.0","RUS","22"
"2026-07-20","210242","Ryan Colby","668","53","0.0","-9.0","USA","22"
"2026-07-20","210650","Stefan Adrian Andreescu","669","53","1.0","1.0","ROU","24"
"2026-07-20","210507","Nicolas Villalon","670","53","0.0","-9.0","CHI","22"
"2026-07-20","212455","Lucas Andrade Da Silva","671","52","0.0","-8.0","BRA","21"
"2026-07-20","126762","Aleksandre Bakshi","672","52","0.0","-6.0","GEO","29"
"2026-07-20","200665","Yuta Kawahashi","673","52","0.0","-6.0","JPN","28"
"2026-07-20","210715","Yaroslav Demin","674","52","0.0","-6.0","RUS","20"
"2026-07-20","122113","Yurii Dzhavakian","675","52","0.0","-3.0","UKR","33"
"2026-07-20","209866","Karlis Ozolins","676","51","-4.0","-29.0","LAT","24"
"2026-07-20","210083","Jakub Nicod","677","51","7.0","54.0","CZE","21"
"2026-07-20","209043","Yuta Kikuchi","678","51","-1.0","-9.0","JPN","26"
"2026-07-20","126208","Yusuke Takahashi","679","51","-1.0","-8.0","JPN","28"
"2026-07-20","211707","Amit Vales","680","51","0.0","-5.0","ISR","21"
"2026-07-20","209360","Samir Hamza Reguig","681","51","0.0","-4.0","ALG","24"
"2026-07-20","208876","Egor Agafonov","682","50","0.0","-3.0","RUS","23"
"2026-07-20","209937","Giorgio Tabacco","683","50","7.0","56.0","ITA","22"
"2026-07-20","208861","Keisuke Saitoh","684","50","0.0","-4.0","JPN","25"
"2026-07-20","207884","Arthur Bouquier","685","49","0.0","-2.0","FRA","25"
"2026-07-20","210093","Sander Jong","686","49","5.0","44.0","NED","26"
"2026-07-20","208411","Daniel Antonio Nunez","687","49","0.0","-3.0","CHI","25"
"2026-07-20","209385","Samuel Vincent Ruggeri","688","49","2.0","17.0","ITA","24"
"2026-07-20","200661","Yuki Mochizuki","689","49","2.0","18.0","JPN","28"
"2026-07-20","210672","Leo Vithoontien","690","49","-2.0","-14.0","JPN","26"
"2026-07-20","212157","Timofei Derepasko","691","49","0.0","-5.0","RUS","19"
"2026-07-20","212115","Hoyoung Roh","692","48","4.0","33.0","KOR","20"
"2026-07-20","208267","Oscar Weightman","693","48","0.0","-4.0","GBR","24"
"2026-07-20","200445","Maxence Beauge","694","48","0.0","-4.0","FRA","26"
"2026-07-20","212244","Gabriel Ghetu","695","48","0.0","-4.0","ROU","18"
"2026-07-20","210063","Matyas Cerny","696","48","-2.0","-18.0","CZE","24"
"2026-07-20","207456","Dong Ju Kim","697","48","0.0","-4.0","KOR","24"
"2026-07-20","202154","Uisung Park","698","48","0.0","-4.0","KOR","25"
"2026-07-20","210537","Josip Simundza","699","48","0.0","-4.0","CRO","21"
"2026-07-20","209914","Andreja Petrovic","700","48","1.0","6.0","NOR","26"
"2026-07-20","212269","Marc Majdandzic","701","48","0.0","-3.0","GER","21"
"2026-07-20","121264","Oscar Jose Gutierrez","702","48","-1.0","-15.0","BRA","33"
"2026-07-20","","Arklon Huertas Del Pino Cordova","703","47","0.0","0.0","",""
"2026-07-20","202168","Ye Cong Mo","704","47","0.0","-2.0","CHN","26"
"2026-07-20","212221","Tianhui Zhang","705","47","-1.0","-8.0","CHN","20"
"2026-07-20","206923","Shinji Hazawa","706","47","0.0","2.0","JPN","27"
"2026-07-20","209261","Matteo Gigante","707","46","-35.0","-181.0","ITA","24"
"2026-07-20","207809","Khololwam Montsi","708","46","14.0","129.0","RSA","23"
"2026-07-20","200335","Felipe Meligeni Alves","709","46","0.0","2.0","BRA","28"
"2026-07-20","213760","Pavel Lagutin","710","46","3.0","28.0","RUS","21"
"2026-07-20","212071","Kasra Rahmani","711","46","0.0","2.0","IRI","19"
"2026-07-20","212886","Radu David Turcanu","712","46","0.0","2.0","ROU","20"
"2026-07-20","208532","Thiago Cigarran","713","46","4.0","38.0","ARG","26"
"2026-07-20","209140","Millen Hurrion","714","46","-4.0","-33.0","GBR","27"
"2026-07-20","202305","Franco Ribero","715","46","-2.0","-15.0","ARG","26"
"2026-07-20","208152","Gabriele Bosio","716","46","0.0","0.0","ITA","25"
"2026-07-20","210252","Seydina Andre","717","46","-1.0","-8.0","SEN","22"
"2026-07-20","212531","Nicolas Arseneault","718","45","7.0","62.0","CAN","19"
"2026-07-20","105453","Kei Nishikori","719","45","0.0","-2.0","JPN","36"
"2026-07-20","211543","Lorenzo Sciahbasi","720","45","0.0","-1.0","ITA","20"
"2026-07-20","213996","Anton Arzhankin","721","45","8.0","73.0","RUS",""
"2026-07-20","200176","Manish Sureshkumar","722","45","0.0","-2.0","IND","26"
"2026-07-20","211756","Michal Krajci","723","45","0.0","-2.0","SVK","21"
"2026-07-20","207557","Maik Steiner","724","45","0.0","-2.0","GER","32"
"2026-07-20","208264","Carles Hernandez","725","45","0.0","-1.0","ESP","25"
"2026-07-20","210494","Theo Papamalamis","726","44","0.0","1.0","FRA","20"
"2026-07-20","212749","Andres Santamarta Roig","727","44","0.0","-1.0","ESP","19"
"2026-07-20","209067","Hunter Heck","728","44","0.0","1.0","USA","24"
"2026-07-20","211325","Aryan Shah","729","44","-16.0","-118.0","IND","20"
"2026-07-20","207592","Martin Van Der Meerschen","730","44","0.0","2.0","BEL","26"
"2026-07-20","202258","Rafael Izquierdo Luque","731","44","0.0","2.0","ESP","26"
"2026-07-20","202346","Ben Jones","732","44","0.0","2.0","GBR","28"
"2026-07-20","213062","Nikolai Barsukov","733","44","0.0","2.0","GER",""
"2026-07-20","209185","Alessandro Pecci","734","43","-3.0","-22.0","ITA","25"
"2026-07-20","213003","Pierluigi Basile","735","43","0.0","2.0","ITA","19"
"2026-07-20","126183","Mariano Kestelboim","736","43","-5.0","-44.0","ARG","30"
"2026-07-20","111788","Naoki Nakagawa","737","43","4.0","39.0","JPN","29"
"2026-07-20","210604","Loann Massard","738","43","0.0","3.0","FRA","20"
"2026-07-20","202148","Michiel De Krom","739","43","0.0","4.0","NED","28"
"2026-07-20","210538","Noa Vukadin","740","42","-1.0","-4.0","CRO","22"
"2026-07-20","212733","Matthew Forbes","741","42","19.0","198.0","USA","20"
"2026-07-20","202398","Michael Vrbensky","742","42","0.0","2.0","CZE","26"
"2026-07-20","208382","Herman Hoeyeraal","743","42","0.0","2.0","NOR","24"
"2026-07-20","","Nikita Belozertsev","744","42","0.0","2.0","",""
"2026-07-20","211355","Oskar Brostrom Poulsen","745","42","0.0","3.0","DEN","24"
"2026-07-20","212258","Adhithya Ganesan","746","42","3.0","31.0","USA","20"
"2026-07-20","211649","Fernando Cavallo","747","42","-1.0","-7.0","ARG","20"
"2026-07-20","208099","Santiago De La Fuente","748","42","-15.0","-111.0","ARG","24"
"2026-07-20","208265","Pierre Delage","749","42","2.0","21.0","FRA","25"
"2026-07-20","210687","Pawit Sornlaksup","750","42","0.0","-1.0","THA","26"
"2026-07-20","105868","Wilson Leite","751","42","0.0","-1.0","BRA","34"
"2026-07-20","210200","Yanaki Milev","752","42","-4.0","-37.0","BUL","22"
"2026-07-20","149145","Matteo Covato","753","42","-1.0","-11.0","ITA","21"
"2026-07-20","209928","Kalin Ivanovski","754","41","-5.0","-44.0","MKD","22"
"2026-07-20","105938","Antoine Escoffier","755","41","0.0","-2.0","FRA","34"
"2026-07-20","211479","Gustavo Ribeiro De Almeida","756","41","-4.0","-38.0","BRA","20"
"2026-07-20","126581","Juan Sebastian Osorio","757","41","-1.0","-10.0","COL","28"
"2026-07-20","207601","Manuel Mazza","758","41","0.0","-2.0","ITA","27"
"2026-07-20","212160","Ryan Fishback","759","41","0.0","-2.0","USA","24"
"2026-07-20","212288","Vincent Marysko","760","41","0.0","-1.0","GER","20"
"2026-07-20","","Ignacio Parisca Romera","761","41","0.0","-1.0","",""
"2026-07-20","211897","Naoya Honda","762","41","1.0","9.0","JPN","20"
"2026-07-20","210052","Nicolas Zanellato","763","41","0.0","-1.0","BRA","24"
"2026-07-20","206916","Joshua Charlton","764","41","0.0","-1.0","AUS","26"
"2026-07-20","111797","Nicolas Jarry","765","40","0.0","-1.0","CHI","30"
"2026-07-20","200218","Mate Valkusz","766","40","0.0","-1.0","HUN","27"
"2026-07-20","212711","Daniel Jade","767","40","0.0","0.0","FRA","17"
"2026-07-20","208925","John Hallquist Lithen","768","40","0.0","4.0","SWE","24"
"2026-07-20","202089","Aleksandr Braynin","769","40","0.0","4.0","UKR","26"
"2026-07-20","210531","Paul Inchauspe","770","39","6.0","55.0","FRA","22"
"2026-07-20","207239","Nikolay Vylegzhanin","771","39","-1.0","-3.0","RUS","26"
"2026-07-20","208092","Filippo Moroni","772","39","0.0","3.0","ITA","25"
"2026-07-20","208078","Tomas Farjat","773","39","-2.0","-19.0","ARG","25"
"2026-07-20","207987","Ryuki Matsuda","774","39","-1.0","-5.0","JPN","26"
"2026-07-20","202327","Marko Miladinovic","775","39","0.0","3.0","SRB","25"
"2026-07-20","","Denis Klok","776","39","-2.0","-18.0","",""
"2026-07-20","212286","Rodrigo Alujas","777","39","3.0","26.0","MEX","23"
"2026-07-20","134389","Tim Handel","778","39","0.0","1.0","GER","29"
"2026-07-20","202230","Maxence Bertimon","779","39","-2.0","-18.0","FRA","26"
"2026-07-20","","Daniel Salazar","780","39","2.0","18.0","",""
"2026-07-20","208230","Alibek Kachmazov","781","38","0.0","1.0","RUS","23"
"2026-07-20","206912","Stuart Parker","782","38","-2.0","-16.0","GBR","28"
"2026-07-20","105948","Federico Coria","783","38","0.0","0.0","ARG","34"
"2026-07-20","105671","Gastao Elias","784","38","-6.0","-56.0","POR","35"
"2026-07-20","209198","Gian Luca Tanner","785","38","0.0","-1.0","SUI","25"
"2026-07-20","126335","Sora Fukuda","786","38","0.0","0.0","JPN","28"
"2026-07-20","200325","Emil Ruusuvuori","787","37","0.0","0.0","FIN","27"
"2026-07-20","111153","Christopher Eubanks","788","37","0.0","0.0","USA","30"
"2026-07-20","214004","Michael Antonius","789","37","0.0","0.0","USA",""
"2026-07-20","209943","Ilya Snitari","790","37","15.0","165.0","MDA","24"
"2026-07-20","202366","Tadeas Paroulek","791","37","0.0","0.0","CZE","26"
"2026-07-20","210398","Gabriele Pennaforti","792","37","0.0","0.0","ITA","25"
"2026-07-20","210203","Pedro Rodenas","793","37","0.0","0.0","ESP","22"
"2026-07-20","212235","Noah Zamora","794","37","8.0","72.0","USA","23"
"2026-07-20","210328","Matt Ponchet","795","37","0.0","0.0","FRA","22"
"2026-07-20","125833","Mert Naci Turker","796","37","0.0","0.0","TUR","27"
"2026-07-20","208386","Matt Kuhar","797","37","0.0","0.0","USA","30"
"2026-07-20","207383","Taisei Ichikawa","798","37","0.0","1.0","JPN","25"
"2026-07-20","134794","Alexis Gautier","799","36","0.0","1.0","FRA","29"
"2026-07-20","210686","Michael Agwi","800","36","1.0","10.0","IRL","22"
"2026-07-20","210577","Alejandro Turriziani Alvarez","801","36","0.0","1.0","ESP","23"
"2026-07-20","208302","Nikola Slavic","802","36","0.0","4.0","SWE","25"
"2026-07-20","210424","Michel Hopp","803","36","0.0","1.0","GER","27"
"2026-07-20","212461","Daniele Rapagnetta","804","36","0.0","1.0","ITA","19"
"2026-07-20","207660","Nicholas David Ionel","805","36","0.0","2.0","ROU","23"
"2026-07-20","210295","Cooper Williams","806","35","-4.0","-32.0","USA","21"
"2026-07-20","213965","Andrew Johnson","807","35","0.0","1.0","USA","16"
"2026-07-20","210488","Roger Pascual Ferra","808","35","-16.0","-135.0","ESP","20"
"2026-07-20","210545","Luis Carlos Alvarez","809","35","-25.0","-200.0","MEX","21"
"2026-07-20","126573","Thomas Fancutt","810","35","4.0","41.0","AUS","31"
"2026-07-20","207907","Arda Azkara","811","35","0.0","0.0","TUR","23"
"2026-07-20","206921","Scott Jones","812","35","0.0","0.0","AUS","28"
"2026-07-20","212086","Grigory Shebekin","813","35","0.0","0.0","RUS","21"
"2026-07-20","105700","Jose Pereira","814","35","-3.0","-29.0","BRA","35"
"2026-07-20","208844","Keshav Chopra","815","35","2.0","15.0","USA","24"
"2026-07-20","","Dimitris Azoidis","816","35","0.0","-1.0","",""
"2026-07-20","208277","Taiyo Yamanaka","817","35","2.0","17.0","JPN","24"
"2026-07-20","213977","Cosme Rolland De Ravel","818","34","3.0","32.0","FRA","22"
"2026-07-20","211664","Nicolas Oliveira","819","34","0.0","-3.0","BRA","20"
"2026-07-20","211524","Abel Forger","820","34","6.0","57.0","NED","20"
"2026-07-20","105814","Maximilian Neuchrist","821","34","0.0","-2.0","AUT","34"
"2026-07-20","132310","Tiago Cacao","822","34","0.0","-2.0","POR","28"
"2026-07-20","132017","Mwendwa Mbithi","823","34","0.0","-2.0","USA","28"
"2026-07-20","212603","Benjamin Torrealba","824","34","0.0","-2.0","CHI","21"
"2026-07-20","212972","Andrea De Marchi","825","34","0.0","-2.0","ITA","19"
"2026-07-20","210099","Dinko Dinev","826","34","0.0","-2.0","BUL","22"
"2026-07-20","212171","Nicolas Jadoun","827","34","2.0","21.0","FRA","23"
"2026-07-20","110618","Elmar Ejupovic","828","33","-8.0","-76.0","GER","33"
"2026-07-20","202150","Dan Alexandru Tomescu","829","33","0.0","-3.0","ROU","27"
"2026-07-20","213066","Stefan Horia Haita","830","33","0.0","-3.0","ROU","19"
"2026-07-20","208372","Natan Rodrigues","831","33","0.0","-2.0","BRA","24"
"2026-07-20","212748","Anas Mazdrashki","832","33","0.0","-1.0","BUL",""
"2026-07-20","202125","Benjamin Pietri","833","33","1.0","12.0","FRA","29"
"2026-07-20","209095","Francisco Rocha","834","33","0.0","-2.0","POR","26"
"2026-07-20","210145","John Sperle","835","33","0.0","-2.0","GER","24"
"2026-07-20","208533","Joao Victor Couto Loureiro","836","33","0.0","-1.0","BRA","23"
"2026-07-20","210652","Dragos Nicolae Cazacu","837","33","0.0","-1.0","ROU","22"
"2026-07-20","110602","Dennis Novak","838","32","-2.0","-20.0","AUT","32"
"2026-07-20","211394","Patrick Brady","839","32","0.0","-1.0","GBR","21"
"2026-07-20","","Guto Miguel","840","32","0.0","-1.0","",""
"2026-07-20","200270","Alex Knaff","841","32","0.0","0.0","LUX","28"
"2026-07-20","209166","Calvin Mueller","842","32","0.0","0.0","GER","26"
"2026-07-20","207776","William Grant","843","32","0.0","1.0","USA","25"
"2026-07-20","208094","Jorge Plans","844","32","0.0","2.0","ESP","24"
"2026-07-20","209337","Luca Castagnola","845","32","0.0","2.0","ITA","24"
"2026-07-20","202345","Arvid Nordquist","846","31","8.0","94.0","SWE","28"
"2026-07-20","211550","Yusuke Kusuhara","847","31","-1.0","-7.0","JPN","28"
"2026-07-20","","Stefano D'Agostino","848","31","-4.0","-34.0","",""
"2026-07-20","213010","Marc Van Der Merwe","849","31","-2.0","-21.0","RSA","31"
"2026-07-20","210143","Maximilian Homberg","850","31","-1.0","-7.0","GER","23"
"2026-07-20","132374","Jesse Flores","851","31","0.0","3.0","CRC","31"
"2026-07-20","209253","Andrea Fiorentini","852","31","-1.0","-3.0","ITA","25"
"2026-07-20","212830","Samuel Alejandro Linde Palacios","853","31","-23.0","-197.0","COL","18"
"2026-07-20","106432","Borna Coric","854","30","0.0","1.0","CRO","29"
"2026-07-20","200457","Jannik Opitz","855","30","0.0","2.0","GER","28"
"2026-07-20","122495","Shintaro Imai","856","30","-6.0","-55.0","JPN","32"
"2026-07-20","127087","Dominik Recek","857","30","7.0","86.0","CZE","31"
"2026-07-20","125806","Dominik Kellovsky","858","30","0.0","0.0","CZE","29"
"2026-07-20","122294","Gabriele Maria Noce","859","30","0.0","2.0","ITA","30"
"2026-07-20","211719","Carles Cordoba","860","30","0.0","2.0","ESP",""
"2026-07-20","111568","Michael Zhu","861","30","0.0","2.0","USA","33"
"2026-07-20","210294","Jack Anthrop","862","29","2.0","23.0","USA","22"
"2026-07-20","148674","Emon Van Loben Sels","863","29","4.0","44.0","USA","21"
"2026-07-20","126209","Peter Bertran","864","29","-8.0","-74.0","DOM","30"
"2026-07-20","213825","Keaton Hance","865","29","0.0","0.0","USA","18"
"2026-07-20","209985","Amaury Raynel","866","29","0.0","2.0","FRA","24"
"2026-07-20","213048","Alan Wazny","867","29","0.0","0.0","POL",""
"2026-07-20","202124","Kosuke Ogura","868","29","0.0","2.0","JPN","30"
"2026-07-20","209936","Lorenzo Claverie","869","28","0.0","2.0","ITA","23"
"2026-07-20","210320","Kyle Kang","870","28","-2.0","-14.0","USA","21"
"2026-07-20","134457","Nicolas Moreno De Alboran","871","28","0.0","1.0","USA","29"
"2026-07-20","211484","Jangjun Kim","872","28","0.0","1.0","KOR","19"
"2026-07-20","209904","Alejandro Manzanera Pertusa","873","28","0.0","1.0","ESP","23"
"2026-07-20","212944","Ryo Tabata","874","28","0.0","2.0","JPN","18"
"2026-07-20","208166","Xiaofei Wang","875","28","0.0","3.0","CHN","23"
"2026-07-20","207788","Thanapet Chanta","876","28","-2.0","-17.0","THA","26"
"2026-07-20","207404","Miles Jones","877","28","0.0","2.0","USA","25"
"2026-07-20","211391","Iannis Miletich","878","28","0.0","2.0","ITA","20"
"2026-07-20","211658","Tomas Martinez","879","28","-2.0","-19.0","ARG","22"
"2026-07-20","208147","Alexandre Aubriot","880","28","0.0","1.0","FRA","27"
"2026-07-20","211758","Matthew Summers","881","28","0.0","1.0","GBR","27"
"2026-07-20","212725","Alaa Trifi","882","28","-1.0","-13.0","TUN","19"
"2026-07-20","211708","Manuel Plunger","883","27","0.0","0.0","ITA","24"
"2026-07-20","210416","Bryce Nakashima","884","27","0.0","0.0","USA","22"
"2026-07-20","106075","Jozef Kovalik","885","27","0.0","1.0","SVK","33"
"2026-07-20","200030","Facundo Juarez","886","27","-8.0","-77.0","ITA","28"
"2026-07-20","211767","James Watt","887","27","-4.0","-35.0","NZL","26"
"2026-07-20","213932","Theodore Dean","888","27","1.0","9.0","USA","24"
"2026-07-20","212311","Stijn Paardekooper","889","27","3.0","41.0","NED","22"
"2026-07-20","144925","Nitin Kumar Sinha","890","27","0.0","-2.0","IND","27"
"2026-07-20","200228","Felix Corwin","891","27","0.0","-4.0","USA","30"
"2026-07-20","212533","Markus Molder","892","27","0.0","-3.0","EST","21"
"2026-07-20","213838","Ronit Karki","893","27","0.0","-3.0","USA","18"
"2026-07-20","207343","Hanyi Liu","894","27","2.0","23.0","CHN","25"
"2026-07-20","209164","Lorenzo Rottoli","895","27","0.0","-3.0","ITA","24"
"2026-07-20","206749","Niccolo Catini","896","27","2.0","24.0","ITA","28"
"2026-07-20","206216","Tom Zeuch","897","27","0.0","-3.0","GER","26"
"2026-07-20","208653","Isaac Becroft","898","27","1.0","4.0","NZL","25"
"2026-07-20","200330","Tomas Curras Abasolo","899","27","0.0","-4.0","ESP","26"
"2026-07-20","211675","Keegan Rice","900","26","18.0","362.0","CAN","20"
"2026-07-20","105359","Jason Jung","901","26","0.0","-5.0","TPE","37"
"2026-07-20","209124","Blu Baker","902","26","0.0","-3.0","GBR","24"
"2026-07-20","207682","Lorenzo Gagliardo","903","26","1.0","9.0","ITA","26"
"2026-07-20","213007","Tristan Stringer","904","26","1.0","10.0","USA","20"
"2026-07-20","144915","Mikalai Haliak","905","26","0.0","-4.0","BLR","27"
"2026-07-20","210483","Yaojie Zeng","906","26","-1.0","-13.0","CHN","24"
"2026-07-20","208818","Finn Murgett","907","26","0.0","-4.0","GBR","24"
"2026-07-20","212022","Daniil Sarksian","908","26","2.0","28.0","RUS","20"
"2026-07-20","200441","Grigoriy Lomakin","909","26","0.0","-5.0","KAZ","28"
"2026-07-20","106401","Nick Kyrgios","910","25","0.0","-5.0","AUS","31"
"2026-07-20","134087","Johannes Ingildsen","911","25","0.0","-5.0","DEN","29"
"2026-07-20","210323","Luis Felipe Miguel","912","25","0.0","-4.0","BRA","22"
"2026-07-20","135753","Patrick Maloney","913","25","-4.0","-49.0","USA","26"
"2026-07-20","210039","Orel Kimhi","914","25","0.0","-5.0","ISR","22"
"2026-07-20","211503","Nico Hipfl","915","25","0.0","0.0","AUT","20"
"2026-07-20","104932","Kenny De Schepper","916","25","0.0","-3.0","FRA","39"
"2026-07-20","","Duckhee Lee","917","25","0.0","1.0","",""
"2026-07-20","208160","Sam Ryan Ziegann","918","25","0.0","1.0","AUS","27"
"2026-07-20","","Younes Lalami","919","25","0.0","2.0","",""
"2026-07-20","202275","Fermin Tenti","920","25","0.0","2.0","ARG","29"
"2026-07-20","212070","Ali Yazdani","921","25","0.0","2.0","IRI","22"
"2026-07-20","208401","Giannicola Misasi","922","25","0.0","2.0","ITA","25"
"2026-07-20","210048","Pierre Yves Bailly","923","24","0.0","2.0","BEL","22"
"2026-07-20","214018","Jamie Mackenzie","924","24","0.0","3.0","GER",""
"2026-07-20","210254","Adrien Gobat","925","24","-4.0","-50.0","FRA","25"
"2026-07-20","209882","Jeffrey Von Der Schulenburg","926","24","0.0","3.0","SUI","24"
"2026-07-20","208229","Qian Sun","927","24","0.0","4.0","CHN","25"
"2026-07-20","104729","Ivan Nedelko","928","24","-1.0","-12.0","RUS","40"
"2026-07-20","208320","Christopher Li","929","24","0.0","3.0","PER","23"
"2026-07-20","209099","Kristijan Juhas","930","24","-3.0","-39.0","SRB","25"
"2026-07-20","211497","Rocco Piatti","931","24","0.0","2.0","MON","21"
"2026-07-20","210623","Jakub Filip","932","24","1.0","15.0","CZE","20"
"2026-07-20","212478","William Rejchtman Vinciguerra","933","24","0.0","1.0","SWE","19"
"2026-07-20","212574","Egor Pleshivtsev","934","24","1.0","15.0","RUS",""
"2026-07-20","212259","Benjamin Thomas George","935","24","2.0","27.0","CAN","23"
"2026-07-20","202244","Jeremy Gschwendtner","936","24","1.0","16.0","GBR","27"
"2026-07-20","207841","Muhammad Shoaib","937","23","0.0","0.0","PAK","24"
"2026-07-20","104905","Nicolas Barrientos","938","23","0.0","0.0","COL","39"
"2026-07-20","200456","Martin Borisiouk","939","23","15.0","332.0","BLR","26"
"2026-07-20","213806","Kriish Tyagi","940","23","4.0","60.0","IND","19"
"2026-07-20","123993","Lucas Gerch","941","23","0.0","0.0","GER","31"
"2026-07-20","212839","Oliver Bonding","942","23","0.0","0.0","GBR","19"
"2026-07-20","200216","Giovanni Fonio","943","23","-2.0","-33.0","ITA","28"
"2026-07-20","212127","Charlie Robertson","944","23","4.0","57.0","GBR","19"
"2026-07-20","212852","Kacper Szymkowiak","945","23","-2.0","-34.0","POL","21"
"2026-07-20","208237","Aleksa Ciric","946","23","0.0","-2.0","SRB","26"
"2026-07-20","209128","Diego Augusto Barreto Sanchez","947","23","0.0","-2.0","ESP","24"
"2026-07-20","212630","Aaron Funk","948","23","0.0","-2.0","GER","20"
"2026-07-20","211646","Louis Larue","949","23","0.0","-1.0","FRA","22"
"2026-07-20","126971","Marcus Walters","950","23","-1.0","-15.0","GBR","28"
"2026-07-20","207676","Adan Freire Da Silva","951","23","0.0","-1.0","FRA","27"
"2026-07-20","212030","Kerem Yilmaz","952","23","0.0","-1.0","TUR","19"
"2026-07-20","202334","Jesse Delaney","953","23","0.0","0.0","AUS","27"
"2026-07-20","149842","Nicolas Ian Kotzen","954","22","0.0","0.0","USA","23"
"2026-07-20","210478","Sebastian Gorzny","955","22","1.0","11.0","USA","22"
"2026-07-20","209959","Woobin Shin","956","22","-4.0","-58.0","KOR","22"
"2026-07-20","212949","Ziga Sesko","957","22","0.0","0.0","SLO","17"
"2026-07-20","109334","Bastian Malla","958","22","2.0","31.0","CHI","29"
"2026-07-20","208003","Bekkhan Atlangeriev","959","22","0.0","-1.0","RUS","25"
"2026-07-20","210477","Artur Kukasian","960","22","0.0","-1.0","RUS","22"
"2026-07-20","209115","Oliver Okonkwo","961","22","1.0","11.0","GBR","26"
"2026-07-20","144748","Kris Van Wyk","962","22","-9.0","-109.0","RSA","29"
"2026-07-20","211774","Ryotaro Taguchi","963","22","0.0","-3.0","JPN","26"
"2026-07-20","212816","Lucca Helguera Casado","964","22","0.0","-3.0","ESP","20"
"2026-07-20","208466","Evan Bynoe","965","22","0.0","-2.0","USA","27"
"2026-07-20","210456","Karim Ibrahim","966","22","0.0","-2.0","EGY","22"
"2026-07-20","106397","Wishaya Trongcharoenchaikul","967","22","0.0","-2.0","THA","31"
"2026-07-20","209280","Devin Badenhorst","968","21","1.0","14.0","RSA","22"
"2026-07-20","210645","Ofek Shimanov","969","21","8.0","141.0","ISR","21"
"2026-07-20","213987","Vignesh Gogineni","970","21","0.0","-3.0","USA",""
"2026-07-20","212476","Noritaka Koizumi","971","21","4.0","57.0","JPN","23"
"2026-07-20","210631","Linus Lagerbohm","972","21","","","FIN","18"
"2026-07-20","","Yannick Theodor Alexandrescou","973","21","0.0","-5.0","",""
"2026-07-20","209334","Micah Braswell","974","21","0.0","-5.0","USA","24"
"2026-07-20","210727","Taym Al Azmeh","975","21","1.0","10.0","GER","22"
"2026-07-20","","Chanyeong Oh","976","21","0.0","-6.0","",""
"2026-07-20","212780","Enzo Kohlmann De Freitas","977","21","1.0","13.0","BRA","19"
"2026-07-20","134490","Justin Roberts","978","21","0.0","-7.0","BAH","29"
"2026-07-20","212142","Maxwell Exsted","979","21","0.0","-6.0","USA","19"
"2026-07-20","212308","Markus Malaszszak","980","21","0.0","-6.0","GER","22"
"2026-07-20","213356","Michele Mecarelli","981","21","1.0","13.0","ITA","19"
"2026-07-20","213174","Mickael Kaouk","982","21","0.0","-7.0","FRA",""
"2026-07-20","202065","Petros Tsitsipas","983","21","2.0","25.0","GRE","25"
"2026-07-20","209956","Dev Javia","984","21","0.0","-8.0","IND","24"
"2026-07-20","212616","Yuta Tomida","985","21","0.0","-6.0","JPN","19"
"2026-07-20","210684","Niccolo Ciavarella","986","21","0.0","-6.0","ITA","22"
"2026-07-20","209917","Benito Sanchez Martinez","987","20","0.0","-6.0","GER","24"
"2026-07-20","210523","Luca Pow","988","20","0.0","-5.0","GBR","21"
"2026-07-20","126165","Aoran Wang","989","20","-2.0","-33.0","CHN","29"
"2026-07-20","209905","Shunsuke Nakagawa","990","20","0.0","-4.0","JPN","26"
"2026-07-20","202418","Stijn Slump","991","20","-4.0","-63.0","NED","27"
"2026-07-20","209204","Iiro Vasa","992","20","0.0","-4.0","FIN","23"
"2026-07-20","209234","Axel Garcian","993","20","1.0","9.0","FRA",""
"2026-07-20","211491","Robert Guna","994","20","0.0","-3.0","ROU","20"
"2026-07-20","210554","Marko Maksimovic","995","20","0.0","-2.0","SRB","20"
"2026-07-20","212280","Giulio Perego","996","20","0.0","-1.0","ITA","23"
"2026-07-20","208424","Julian Cundom","997","20","1.0","9.0","ARG","25"
"2026-07-20","208518","Hazem Naw","998","20","0.0","-2.0","SYR","26"
"2026-07-20","210394","Nikita Ianin","999","20","0.0","-1.0","RUS","24"
"2026-07-20","213143","Sydney Zick","1000","20","-1.0","-23.0","GER","19"
"2026-07-20","211467","Aditya Vishal Balsekar","1001","20","0.0","-4.0","IND","23"
"2026-07-20","200418","Karl Friberg","1002","20","-1.0","-24.0","SWE","27"
"2026-07-20","209171","Thantub Suksumrarn","1003","20","0.0","-4.0","THA","25"
"2026-07-20","211334","Aljaz Jeran","1004","20","1.0","8.0","SLO","22"
"2026-07-20","208055","Ajeet Rai","1005","19","-1.0","-13.0","NZL","27"
"2026-07-20","210683","Peter Buldorini","1006","19","0.0","-3.0","ITA","21"
"2026-07-20","208132","Noah Schachter","1007","19","0.0","-3.0","USA","26"
"2026-07-20","208039","Ronald Hohmann","1008","19","2.0","23.0","USA","24"
"2026-07-20","208051","Axel Nefve","1009","19","0.0","-4.0","USA","25"
"2026-07-20","144751","Rigele Te","1010","19","0.0","-3.0","CHN","28"
"2026-07-20","212888","Rares Teodor Pieleanu","1011","19","0.0","-2.0","ROU","19"
"2026-07-20","208613","Ezequiel Monferrer","1012","19","0.0","-2.0","ARG","23"
"2026-07-20","212631","David Eichenseher","1013","19","0.0","-2.0","GER","20"
"2026-07-20","208006","Rafael Tosetto","1014","19","0.0","-1.0","BRA","27"
"2026-07-20","200276","Niklas Schell","1015","19","0.0","-1.0","GER","27"
"2026-07-20","210409","Pavlos Tsitsipas","1016","19","0.0","-1.0","GRE","20"
"2026-07-20","202220","Nicolas Bruna","1017","19","0.0","-1.0","CHI","27"
"2026-07-20","213633","Rethin Pranav Senthil Kumar","1018","18","0.0","-1.0","IND",""
"2026-07-20","210091","Filip Pieczonka","1019","18","0.0","-1.0","POL","22"
"2026-07-20","144841","Christian Sigsgaard","1020","18","0.0","-1.0","DEN","29"
"2026-07-20","210079","Jisung Nam","1021","18","0.0","-1.0","KOR","32"
"2026-07-20","212832","Salvador Price","1024","18","-8.0","-124.0","COL","21"
"2026-07-20","126135","Jumpei Yamasaki","1025","18","0.0","-2.0","JPN","29"
"2026-07-20","209913","Fons Van Sambeek","1026","18","1.0","7.0","NED","24"
"2026-07-20","149843","Conor Gannon","1027","18","0.0","-3.0","IRL","24"
"2026-07-20","134276","Jacob Brumm","1028","18","1.0","10.0","USA","27"
"2026-07-20","200166","Stefan Vujic","1029","18","0.0","-4.0","AUS","28"
"2026-07-20","209233","Pietro Marino","1030","18","0.0","-4.0","ITA","25"
"2026-07-20","212246","Volodymyr Iakubenko","1031","18","1.0","10.0","UKR","21"
"2026-07-20","126845","Max Purcell","1032","17","0.0","-5.0","AUS","28"
"2026-07-20","211635","Segundo Goity Zapico","1033","17","0.0","-4.0","ARG","20"
"2026-07-20","212885","Cezar Gabriel Papoe","1034","17","8.0","196.0","ROU","18"
"2026-07-20","209330","Bautista Vilicich","1035","17","0.0","-5.0","ARG","24"
"2026-07-20","212892","Vlado Jankanj","1036","17","1.0","19.0","SRB",""
"2026-07-20","208855","Christopher Papa","1037","17","0.0","-5.0","USA","25"
"2026-07-20","209203","Evgeny Philippov","1038","17","0.0","-4.0","RUS","24"
"2026-07-20","208130","Geun Jun Kim","1039","17","0.0","-4.0","KOR","24"
"2026-07-20","212059","Zach Stephens","1040","17","0.0","-4.0","GBR","20"
"2026-07-20","213969","Joao Vitor Scramin Do Lago","1041","17","0.0","-4.0","BRA","20"
"2026-07-20","210182","Mateo Del Pino","1042","17","1.0","22.0","ARG","23"
"2026-07-20","205831","Ammar Alhogbani","1043","17","0.0","-3.0","USA","27"
"2026-07-20","214013","Fanming Meng","1044","17","1.0","23.0","CHN",""
"2026-07-20","212552","Nicolas Ifi","1045","17","0.0","-3.0","BEL","28"
"2026-07-20","208250","Mihai Razvan Marinescu","1046","17","1.0","22.0","ROU","24"
"2026-07-20","208864","Leyton Rivera","1047","17","4.0","84.0","NOR","24"
"2026-07-20","","Albert Ramos-Vinolas","1048","16","0.0","-4.0","",""
"2026-07-20","","Joaquim de Almeida","1049","16","0.0","-6.0","",""
"2026-07-20","","Alexander Rozin","1050","16","0.0","-4.0","",""
"2026-07-20","210132","Julio Cesar Porras","1051","16","0.0","-4.0","ARG","28"
"2026-07-20","210759","Gianluca Brunkow","1052","16","-4.0","-68.0","USA","23"
"2026-07-20","212285","Albert Pedrico Kravtsov","1053","16","-8.0","-127.0","ESP","21"
"2026-07-20","213603","Joaquin Guilleme","1054","16","-4.0","-67.0","NIC",""
"2026-07-20","200671","Daisuke Sumizawa","1055","16","0.0","-6.0","JPN","27"
"2026-07-20","212803","Yun Seong Chung","1056","16","0.0","-5.0","KOR",""
"2026-07-20","213014","Simeon Stankovic","1057","16","0.0","-5.0","SRB",""
"2026-07-20","210098","Victor Lilov","1058","16","0.0","-5.0","USA","22"
"2026-07-20","104510","Stefan Seifert","1059","16","0.0","-3.0","GER","41"
"2026-07-20","212149","Nikola Djosic","1060","16","0.0","-6.0","SUI","18"
"2026-07-20","202419","Justin Schlageter","1061","16","0.0","-3.0","GER","25"
"2026-07-20","212064","Duje Markovina","1062","16","0.0","-3.0","CRO","18"
"2026-07-20","212460","Yan Cheng Chen","1063","16","0.0","-6.0","TPE","24"
"2026-07-20","211564","Brian Bozemoj","1064","16","0.0","-3.0","NED","22"
"2026-07-20","200289","Mathieu Scaglia","1065","16","0.0","-3.0","FRA","27"
"2026-07-20","211700","Ruslan Tiukaev","1066","16","0.0","-3.0","RUS","21"
"2026-07-20","149267","Andrea Colombo","1067","16","0.0","-2.0","ITA","23"
"2026-07-20","212834","Nicolas Garcia Longo","1068","16","1.0","20.0","ARG","21"
"2026-07-20","213103","Viktor Frydrych","1069","16","0.0","-3.0","GBR",""
"2026-07-20","206736","Benjamin O'Connell","1070","16","0.0","-1.0","AUS","27"
"2026-07-20","126536","David Pichler","1071","15","0.0","0.0","AUT","30"
"2026-07-20","126197","Orlando Luz","1072","15","0.0","0.0","BRA","28"
"2026-07-20","214558","Pablo Perez Ramos","1073","15","0.0","0.0","ESP","23"
"2026-07-20","212926","Andrew Delgado","1074","15","-1.0","-29.0","USA","21"
"2026-07-20","210312","Oliver Ojakaar","1075","15","0.0","0.0","EST","21"
"2026-07-20","202277","Damien Wenger","1076","15","0.0","0.0","SUI","26"
"2026-07-20","210274","Sebastian Dominko","1077","15","-1.0","-29.0","SLO","23"
"2026-07-20","206746","Benjamin Winter Lopez","1078","15","0.0","-1.0","ESP","28"
"2026-07-20","212847","Alejandro Hayen","1079","15","1.0","16.0","MEX","28"
"2026-07-20","200050","Finn Bass","1080","15","0.0","-1.0","GBR","26"
"2026-07-20","212530","Mikael Arseneault","1081","15","5.0","109.0","CAN","19"
"2026-07-20","209258","Alexandre Reco","1082","15","0.0","-2.0","FRA","27"
"2026-07-20","212084","Denis Petak","1083","15","0.0","-1.0","CZE","20"
"2026-07-20","133014","Enzo Wallart","1084","15","0.0","-3.0","FRA","29"
"2026-07-20","214231","Johan Oscar Lien","1085","15","0.0","-2.0","NOR","18"
"2026-07-20","209997","Marcello Serafini","1086","15","0.0","-2.0","ITA","23"
"2026-07-20","211761","Valentin Basel","1087","15","0.0","-2.0","ARG","22"
"2026-07-20","211317","Chen Dong","1088","15","0.0","-1.0","AUS","23"
"2026-07-20","211329","James Van Herzeele","1089","15","2.0","34.0","THA",""
"2026-07-20","212210","Filippo Mazzola","1090","15","4.0","85.0","ITA","21"
"2026-07-20","210429","Pietro Romeo Scomparin","1091","15","-2.0","-52.0","ITA","25"
"2026-07-20","208057","Diego Fernandez Flores","1092","15","","","CHI","25"
"2026-07-20","212639","Yuto Oki","1093","15","","","JPN",""
"2026-07-20","209921","Ali Habib","1094","15","0.0","-2.0","GBR","23"
"2026-07-20","212903","Melih Anavatan","1095","15","0.0","-2.0","TUR",""
"2026-07-20","","Nicolas Robert","1096","15","4.0","82.0","",""
"2026-07-20","211323","Jacopo Bilardo","1097","15","-1.0","-27.0","ITA","21"
"2026-07-20","213152","William Manning","1098","14","1.0","11.0","USA","21"
"2026-07-20","202361","Simon Reveniau","1099","14","0.0","-5.0","FRA","28"
"2026-07-20","126878","David Poljak","1100","14","0.0","-4.0","CZE","30"
"2026-07-20","206556","Lautaro Agustin Falabella","1101","14","-2.0","-51.0","ARG","28"
"2026-07-20","126216","Alexander Klintcharov","1102","14","0.0","-5.0","NZL","29"
"2026-07-20","149128","Goncalo Marques","1103","14","0.0","-5.0","POR","20"
"2026-07-20","144932","Kristjan Tamm","1104","14","0.0","-5.0","EST","28"
"2026-07-20","210198","George Lazarov","1105","14","0.0","-5.0","BUL","21"
"2026-07-20","209038","Linang Xiao","1106","14","-2.0","-46.0","CHN","26"
"2026-07-20","","Denis Spiridon","1107","14","3.0","66.0","",""
"2026-07-20","212889","Daniel Uta","1108","14","0.0","-5.0","ROU","19"
"2026-07-20","202293","Charles Bertimon","1109","14","0.0","-8.0","FRA","26"
"2026-07-20","208908","Rafael De Alba","1110","14","0.0","-8.0","MEX",""
"2026-07-20","207331","Vladislav Melnic","1111","14","0.0","-7.0","ROU","27"
"2026-07-20","208816","Jeremy Schifris","1114","14","0.0","-9.0","GER","24"
"2026-07-20","200024","Makoto Ochi","1115","14","2.0","38.0","JPN","30"
"2026-07-20","211645","Christian Djonov","1116","14","0.0","-10.0","GER","26"
"2026-07-20","212762","Victor Hugo Remondy Pagotto","1117","14","0.0","-10.0","BRA","21"
"2026-07-20","144731","Kody Pearson","1118","13","0.0","-10.0","AUS","26"
"2026-07-20","212575","Amirkhamza Nasridinov","1119","13","1.0","13.0","RUS","20"
"2026-07-20","213771","Dominick Mosejczuk","1120","13","0.0","-9.0","USA","19"
"2026-07-20","205842","Arthur Reymond","1121","13","-2.0","-43.0","FRA","27"
"2026-07-20","209064","Suk Hyun Choo","1122","13","0.0","-9.0","KOR","25"
"2026-07-20","211671","Jerry  Roddick","1123","13","1.0","14.0","USA",""
"2026-07-20","213210","Maan Kesharwani","1124","13","0.0","-9.0","IND",""
"2026-07-20","210667","Edoardo Cherie Ligniere","1125","13","0.0","-11.0","ITA","22"
"2026-07-20","210722","Viktor Markov","1126","13","1.0","18.0","BUL","21"
"2026-07-20","210163","Elgin Khoeblal","1127","13","0.0","-7.0","NED","24"
"2026-07-20","214229","Mathys Picard","1128","13","0.0","-12.0","FRA","18"
"2026-07-20","210532","Giacomo Crisostomo","1131","13","0.0","-9.0","ITA","22"
"2026-07-20","205825","Joao Vitor Goncalves Ceolin","1132","13","0.0","-8.0","BRA","27"
"2026-07-20","","Seongwoo Cho","1133","13","0.0","-8.0","",""
"2026-07-20","211390","Sergi Fita Juan","1134","13","0.0","-8.0","ESP",""
"2026-07-20","124099","Mohamed Nazim Makhlouf","1135","13","0.0","-8.0","ALG","29"
"2026-07-20","210047","Lorenzo Lorusso","1136","13","0.0","-8.0","ITA","26"
"2026-07-20","212295","Enzo Camargo Lima","1137","13","0.0","-8.0","BRA","22"
"2026-07-20","211676","Saveliy Ivanov","1138","13","0.0","-8.0","RUS","21"
"2026-07-20","106214","Oscar Otte","1139","12","0.0","-6.0","GER","33"
"2026-07-20","210038","Matias Ponce De Leon Gomila","1140","12","0.0","-6.0","ESP","23"
"2026-07-20","106167","Joris De Loore","1141","12","-1.0","-29.0","BEL","33"
"2026-07-20","106078","Egor Gerasimov","1142","12","0.0","-6.0","BLR","33"
"2026-07-20","133835","Gijs Brouwer","1143","12","0.0","-5.0","NED","30"
"2026-07-20","214123","Elijah Sanogo","1144","12","0.0","-5.0","FRA","18"
"2026-07-20","212203","Luca Preda","1145","12","","","ROU","20"
"2026-07-20","202090","Adrian Andreev","1146","12","0.0","-3.0","BUL","25"
"2026-07-20","210002","Rohan Mehra","1147","12","","","IND","24"
"2026-07-20","214206","Thiago Agustin Pernas","1148","12","0.0","-3.0","ARG","25"
"2026-07-20","208467","Alexander Kotzen","1149","12","0.0","-3.0","USA","26"
"2026-07-20","209314","Jan Kupcic","1150","12","0.0","-2.0","SLO","25"
"2026-07-20","109694","Pedro Araujo","1151","12","0.0","-4.0","POR","24"
"2026-07-20","210740","Liam Krall","1152","12","-1.0","-35.0","USA","24"
"2026-07-20","212260","Rocco Valente","1153","12","0.0","-4.0","ARG","21"
"2026-07-20","136648","Jefferson Wendler Filho","1156","12","0.0","-5.0","BRA","30"
"2026-07-20","213043","Hiromasa Koyama","1157","12","-1.0","-36.0","JPN","18"
"2026-07-20","202081","Diogo Marques","1158","12","0.0","-6.0","POR","26"
"2026-07-20","213580","Leonardo Primucci","1159","12","1.0","15.0","ITA",""
"2026-07-20","111197","Jonathan Mridha","1160","12","0.0","-6.0","SWE","31"
"2026-07-20","208186","Preston Brown","1161","12","1.0","19.0","USA","24"
"2026-07-20","111505","Enzo Couacaud","1162","11","0.0","-7.0","FRA","31"
"2026-07-20","209852","Zsombor Velcz","1163","11","","","HUN","23"
"2026-07-20","209879","Luc Koenig","1164","11","-1.0","-29.0","GBR","22"
"2026-07-20","","Julian Alonso Jr","1168","11","0.0","-8.0","",""
"2026-07-20","148673","Dominique Rolland","1169","11","-1.0","-29.0","USA","21"
"2026-07-20","208190","Davide Tortora","1170","11","0.0","-9.0","ITA","25"
"2026-07-20","213935","Daniil Kakhniuk","1171","11","0.0","-9.0","BLR",""
"2026-07-20","210705","Matt Hulme","1172","11","0.0","-9.0","AUS","27"
"2026-07-20","209887","Liam Gavrielides","1173","11","0.0","-9.0","GER","22"
"2026-07-20","210458","Bernardo Munk Mesa","1174","11","2.0","58.0","ESP","20"
"2026-07-20","126185","Evgenii Tiurnev","1175","11","0.0","-8.0","RUS","29"
"2026-07-20","144744","Kazuki Nishiwaki","1176","11","0.0","-6.0","JPN","31"
"2026-07-20","213772","Lorenzo Comino","1177","11","0.0","-6.0","ITA","20"
"2026-07-20","138104","Stefan Cooper","1178","11","0.0","-10.0","GBR","30"
"2026-07-20","212134","Maxence Rivet","1179","11","-1.0","-29.0","FRA","22"
"2026-07-20","213648","Udit Kamboj","1180","11","0.0","-8.0","IND",""
"2026-07-20","211388","Felipe De Dios","1183","11","2.0","64.0","ARG","22"
"2026-07-20","213701","Tobia Costanzo Baragiola Mordini","1184","11","","","ITA",""
"2026-07-20","213717","Sebastiano Cocola","1185","11","","","ITA",""
"2026-07-20","200197","Boris Butulija","1186","11","0.0","-10.0","SRB","27"
"2026-07-20","211532","Nicolo Toffanin","1187","11","0.0","-10.0","ITA","23"
"2026-07-20","211904","Maximilian Figl","1188","11","0.0","-9.0","ITA","22"
"2026-07-20","105334","Luis David Martinez","1189","10","0.0","-8.0","VEN","37"
"2026-07-20","105575","Ricardas Berankis","1190","10","-5.0","-116.0","LTU","36"
"2026-07-20","207996","Siddhant Banthia","1191","10","0.0","-9.0","IND","25"
"2026-07-20","214377","Tito Chavez","1192","10","0.0","-9.0","ESP","18"
"2026-07-20","","Toby Kodat","1195","10","0.0","-9.0","",""
"2026-07-20","212110","Mathis Bondaz","1196","10","0.0","-9.0","FRA",""
"2026-07-20","209060","Alexander Bernard","1197","10","0.0","-8.0","USA","22"
"2026-07-20","212820","Martin Sabas","1198","10","0.0","-10.0","FRA","24"
"2026-07-20","210474","Alexander Frusina","1199","10","1.0","28.0","USA","20"
"2026-07-20","210736","Shu Matsuoka","1200","10","-1.0","-35.0","JPN","22"
"2026-07-20","110751","Sebastian Fanselow","1201","10","0.0","-10.0","GER","34"
"2026-07-20","212647","Jaesung Choe","1202","10","0.0","-10.0","KOR","26"
"2026-07-20","212683","Theo Herrmann","1203","10","0.0","-10.0","FRA","21"
"2026-07-20","211366","Vuk Radjenovic","1204","10","0.0","-9.0","SRB","21"
"2026-07-20","207452","Matthew Thomson","1205","10","1.0","32.0","USA","26"
"2026-07-20","149142","Tanguy Genier","1206","10","0.0","-12.0","SUI","28"
"2026-07-20","208249","Gian Marco Ortenzi","1207","10","0.0","-11.0","ITA","26"
"2026-07-20","210605","Liam Branger","1208","10","-1.0","-39.0","FRA","25"
"2026-07-20","213766","Enrique Carrascosa Diaz","1209","10","0.0","-10.0","ESP",""
"2026-07-20","210514","Edison Ambarzumjan","1210","10","","","GER","29"
"2026-07-20","209516","Valentin Lapalu","1211","10","0.0","-11.0","FRA","24"
"2026-07-20","210185","Alen Mujakic","1214","10","0.0","-11.0","GER","22"
"2026-07-20","212536","James Beaven","1215","10","","","GBR","21"
"2026-07-20","106132","Toby Martin","1218","10","0.0","-6.0","GBR","33"
"2026-07-20","144937","Nicolas Parizzia","1219","10","0.0","-6.0","SUI","27"
"2026-07-20","111569","Gage Brymer","1220","9","0.0","-6.0","USA","31"
"2026-07-20","213119","Landon Ardila","1221","9","3.0","134.0","USA",""
"2026-07-20","208206","Walid Ahouda","1225","9","0.0","-6.0","MAR","22"
"2026-07-20","206573","Trey Hilderbrand","1226","9","0.0","-6.0","USA","26"
"2026-07-20","212880","Ilyas Milad Fahim","1227","9","0.0","-6.0","MAR","20"
"2026-07-20","210570","Kevin Edengren","1234","9","0.0","-6.0","SWE","21"
"2026-07-20","210436","Hayden Jones","1235","9","0.0","-6.0","AUS","19"
"2026-07-20","212481","Federico Aguilar Cardozo","1236","9","0.0","-10.0","URU","21"
"2026-07-20","212075","Rodrigo Fernandes","1237","9","0.0","-6.0","POR","19"
"2026-07-20","149266","Fadi Bidan","1238","9","0.0","-5.0","LBN","20"
"2026-07-20","149272","Tudor Batin","1239","9","0.0","-5.0","ROU","19"
"2026-07-20","212250","James Connel","1240","9","","","GBR","23"
"2026-07-20","134405","Koray Kirci","1241","9","-2.0","-75.0","TUR","27"
"2026-07-20","213889","Arjun Rathi","1242","9","0.0","-4.0","IND",""
"2026-07-20","212499","Vardan Manukyan","1243","9","0.0","-4.0","RUS","21"
"2026-07-20","209999","Leonardo Malgaroli","1244","9","0.0","-4.0","ITA","23"
"2026-07-20","211574","Ethan Cook","1245","9","-1.0","-48.0","AUS","23"
"2026-07-20","144788","Louis Tessa","1246","9","0.0","-5.0","FRA","28"
"2026-07-20","212606","Leonardo Borrelli","1247","9","0.0","-5.0","ITA","21"
"2026-07-20","207183","Ishaque Eqbal","1248","9","0.0","-4.0","IND","28"
"2026-07-20","200036","Abhinav Sanjeev Shanmugam","1249","9","0.0","-6.0","IND","27"
"2026-07-20","207408","Niklas Guttau","1250","9","1.0","40.0","GER","26"
"2026-07-20","212726","Sungbeen Sim","1251","9","","","KOR","29"
"2026-07-20","213927","Gabriele Crivellaro","1252","9","","","ITA","19"
"2026-07-20","211480","Aleksander Chayka","1253","9","0.0","-8.0","RUS","21"
"2026-07-20","207236","Taketo Takamisawa","1254","9","0.0","-8.0","JPN","28"
"2026-07-20","208866","Leonid Sheyngezikht","1255","9","","","BUL","25"
"2026-07-20","212106","Noah Lopez Cherubino","1258","9","0.0","-7.0","ESP",""
"2026-07-20","212871","Piet Luis Pinter","1259","9","0.0","-6.0","AUT","21"
"2026-07-20","211662","Gabriel Schenekenberg","1260","9","0.0","-8.0","BRA","21"
"2026-07-20","209118","Niklas Waldner","1261","9","0.0","-7.0","AUT","24"
"2026-07-20","209977","Matas Vasiliauskas","1262","9","0.0","-7.0","LTU","24"
"2026-07-20","212935","Ferdinand Livet Novkirichka","1263","9","0.0","-7.0","FRA",""
"2026-07-20","213361","Ivan Gretskiy","1264","9","0.0","-7.0","RUS","20"
"2026-07-20","208164","Yassine Smiej","1265","9","0.0","-7.0","MAR","26"
"2026-07-20","210745","Matthias Ujvary","1266","9","0.0","-7.0","AUT","22"
"2026-07-20","","Matias Reyniak","1269","8","0.0","-8.0","",""
"2026-07-20","106264","Karue Sell","1270","8","0.0","-4.0","BRA","32"
"2026-07-20","208871","Takeru Yuzuki","1271","8","0.0","-8.0","JPN","27"
"2026-07-20","211551","Asahi Harazaki","1274","8","0.0","-7.0","JPN",""
"2026-07-20","212930","Mario Martinez Serrano","1275","8","0.0","-7.0","ESP","22"
"2026-07-20","149115","Adam Jilly","1278","8","0.0","-5.0","HUN","19"
"2026-07-20","213738","Jack Satterfield","1279","8","0.0","-5.0","USA",""
"2026-07-20","109946","Pedro Rodrigues","1280","8","0.0","-2.0","BRA","20"
"2026-07-20","213836","Gavin Goode","1281","8","0.0","-5.0","USA",""
"2026-07-20","109734","Skander Mansouri","1282","8","0.0","-5.0","TUN","30"
"2026-07-20","211670","Marko Mesarovic","1283","8","0.0","-8.0","USA",""
"2026-07-20","212604","Diego Jarry Fillol","1284","8","0.0","-4.0","USA","23"
"2026-07-20","212769","Leo Lagarrigue","1285","8","0.0","-4.0","FRA","19"
"2026-07-20","117352","Oliver Anderson","1286","8","","","AUS","28"
"2026-07-20","212738","Manel Lazaro Juncadella","1287","8","1.0","38.0","ESP","20"
"2026-07-20","214126","Matteo Sciahbasi","1288","8","0.0","-5.0","ITA","19"
"2026-07-20","214112","Remy Dugardin","1289","8","0.0","-7.0","FRA",""
"2026-07-20","210055","Noah Lopez","1290","8","0.0","-6.0","SUI","24"
"2026-07-20","213092","Jonas Kucera","1291","8","0.0","-6.0","CZE","19"
"2026-07-20","213619","Oskari Paldanius","1294","8","0.0","-6.0","FIN",""
"2026-07-20","133291","Ryota Tanuma","1295","8","0.0","-6.0","JPN","30"
"2026-07-20","213653","Benjamin Willwerth","1296","8","0.0","-9.0","USA",""
"2026-07-20","208892","Mohamed Ali Abibsi","1297","8","0.0","-4.0","ALG","24"
"2026-07-20","209973","Edouard Villoslada","1298","8","0.0","-3.0","FRA","26"
"2026-07-20","213198","Kacper Knitter","1299","8","","","POL","19"
"2026-07-20","213131","Luke Hooper","1300","8","","","GBR",""
"2026-07-20","210192","Lucca Pinto","1301","8","0.0","-3.0","BRA","23"
"2026-07-20","149152","Aaron Gil Garcia","1304","8","","","LUX","22"
"2026-07-20","144730","Tomohiro Masabayashi","1305","8","0.0","-3.0","JPN","28"
"2026-07-20","212263","Xing Dao Chen","1306","8","1.0","48.0","CHN","22"
"2026-07-20","210754","Jan Hrazdil","1307","8","0.0","-6.0","CZE","21"
"2026-07-20","200234","Joshua Peck","1308","8","0.0","-5.0","CAN","27"
"2026-07-20","","Aren Baybars","1309","7","","","",""
"2026-07-20","106296","Gregoire Barrere","1310","7","0.0","-6.0","FRA","32"
"2026-07-20","106234","Aslan Karatsev","1311","7","0.0","-6.0","RUS","32"
"2026-07-20","208603","Cleeve Harper","1312","7","0.0","-6.0","CAN","25"
"2026-07-20","207507","Stefan Latinovic","1315","7","0.0","-6.0","SRB","26"
"2026-07-20","209910","Szymon Kielan","1316","7","0.0","-6.0","POL","23"
"2026-07-20","210473","Fnu Nidunjianzan","1317","7","0.0","-5.0","CHN","22"
"2026-07-20","212202","Alvin Nicholas Tudorica","1318","7","0.0","-7.0","CAN","24"
"2026-07-20","144081","Alex Chang","1319","7","0.0","-5.0","USA","40"
"2026-07-20","131910","Lucas Bouquet","1320","7","-1.0","-41.0","FRA","28"
"2026-07-20","","Felipe Virgili","1321","7","2.0","119.0","",""
"2026-07-20","105985","Darian King","1322","7","0.0","-5.0","BAR","34"
"2026-07-20","213060","Adam Lynch","1323","7","0.0","-8.0","USA",""
"2026-07-20","213818","William Mirarchi","1326","7","","","ITA","20"
"2026-07-20","213632","Glib Sekachov","1327","7","0.0","-7.0","UKR",""
"2026-07-20","210166","Mika Lipp","1328","7","0.0","-4.0","GER","22"
"2026-07-20","210742","Phillip Jordan","1329","7","0.0","-8.0","USA","25"
"2026-07-20","207233","Nemanja Malesevic","1330","7","0.0","-8.0","BIH","24"
"2026-07-20","207831","Ignacio Antonio Becerra Otarola","1331","7","0.0","-8.0","CHI","25"
"2026-07-20","149134","Matei Florin Breazu","1332","7","","","ROU","18"
"2026-07-20","214341","Oscar Brown","1333","7","0.0","-6.0","GBR","24"
"2026-07-20","","Ricardo Rodriguez - Pace","1334","7","0.0","-6.0","",""
"2026-07-20","214038","Laurence Teunissen","1335","7","0.0","-6.0","NED",""
"2026-07-20","213557","Alessandro Battiston","1342","7","0.0","-4.0","ITA",""
"2026-07-20","209955","Mikail Alimli","1343","7","","","FRA","23"
"2026-07-20","211601","Alvaro Peiro Serrano","1347","7","0.0","-7.0","ESP","22"
"2026-07-20","208835","Rafael Giotis","1350","7","0.0","-8.0","GER","25"
"2026-07-20","212786","Victor Braga","1351","7","0.0","-5.0","BRA","21"
"2026-07-20","213004","Arthur Bellegy","1352","7","0.0","-9.0","FRA",""
"2026-07-20","213585","Roman Kharlamov","1358","7","","","RUS",""
"2026-07-20","212899","Moritz Kudernatsch","1363","6","","","GER","21"
"2026-07-20","144874","Ryan James Storrie","1364","6","0.0","-1.0","GBR","28"
"2026-07-20","210102","Neo Niedner","1365","6","0.0","-1.0","GER","22"
"2026-07-20","212276","Stian Klaassen","1372","6","","","NED","23"
"2026-07-20","210117","William Jansen","1373","6","0.0","-4.0","GBR","21"
"2026-07-20","200681","Adil Kalyanpur","1374","6","0.0","-3.0","IND","26"
"2026-07-20","210486","Nicholas Godsick","1377","6","0.0","-1.0","USA","21"
"2026-07-20","210229","Aleksa Pisaric","1378","6","-1.0","-62.0","SRB","20"
"2026-07-20","209416","Juan Carlos Aguilar","1379","6","","","CAN","27"
"2026-07-20","211790","Rudy Quan","1380","6","","","USA","20"
"2026-07-20","207230","Damien Salvestre","1381","6","","","FRA","24"
"2026-07-20","213120","Lorenzo Berto","1384","6","","","ITA","19"
"2026-07-20","212937","Achilles Belkovics","1385","6","0.0","-2.0","HUN",""
"2026-07-20","210454","Jesse De Jager","1386","6","0.0","-1.0","NED","24"
"2026-07-20","130493","Tiago Silva","1387","6","0.0","-1.0","POR","21"
"2026-07-20","212130","Mariano Tammaro","1388","6","0.0","-1.0","ITA","22"
"2026-07-20","207248","Naoki Tajima","1391","6","0.0","-1.0","JPN","25"
"2026-07-20","212471","Minghui Zhang","1396","6","0.0","-2.0","CHN","21"
"2026-07-20","213175","Lucca Liu","1397","6","","","USA","22"
"2026-07-20","212896","Melvin Kumar","1400","6","0.0","0.0","SWE","20"
"2026-07-20","210732","Miha Vetrih","1403","6","0.0","2.0","SLO","23"
"2026-07-20","213151","Flynn Thomas","1404","6","0.0","-1.0","SUI",""
"2026-07-20","212078","Riku Takahata","1405","6","0.0","-6.0","JPN","24"
"2026-07-20","209979","Madhwin Kamath","1406","6","0.0","-2.0","IND","24"
"2026-07-20","210649","Giammarco Gandolfi","1407","6","","","ITA","22"
"2026-07-20","213600","Dillon Beckles","1408","6","","","USA",""
"2026-07-20","212109","Antonio Voljavec","1409","6","0.0","-1.0","CRO","20"
"2026-07-20","212932","Noah Karma","1410","6","0.0","-1.0","SUI",""
"2026-07-20","133224","Francesco Ferrari","1411","6","0.0","-1.0","ITA","29"
"2026-07-20","213536","Sergio Planella Hernandez","1414","6","0.0","0.0","ESP",""
"2026-07-20","202314","Parth Aggarwal","1422","6","0.0","1.0","IND","28"
"2026-07-20","149162","Xiaoyin Yang","1423","6","0.0","2.0","CHN","21"
"2026-07-20","212199","Tymur Bieldiugin","1424","6","","","UKR","20"
"2026-07-20","211407","Andrea Bacaloni","1425","6","0.0","-1.0","ITA","24"
"2026-07-20","212465","Charles Chen","1426","6","0.0","0.0","CHN","18"
"2026-07-20","208581","Noah Thurner","1427","6","0.0","0.0","GER","26"
"2026-07-20","","Patrik Niklas-Salminen","1431","5","0.0","0.0","",""
"2026-07-20","210170","Noah Schlagenhauf","1434","5","-1.0","-64.0","GER","23"
"2026-07-20","212912","Mathys Domenc","1438","5","-1.0","-64.0","FRA","17"
"2026-07-20","200331","Leonardo Aboian","1439","5","-1.0","-64.0","ARG","28"
"2026-07-20","211622","Loan Lestir","1454","5","","","FRA","20"
"2026-07-20","149268","Gabriele Vulpitta","1458","5","","","ITA","21"
"2026-07-20","208052","Matthew Segura","1459","5","","","USA","25"
"2026-07-20","213785","Toshiki Karigyo","1460","5","0.0","-4.0","JPN","24"
"2026-07-20","213023","Filippo Francesco Garbero","1461","5","0.0","-3.0","ITA",""
"2026-07-20","213815","Sergey Petrov","1462","5","0.0","-3.0","RUS",""
"2026-07-20","212545","Henry Lieberman","1467","5","0.0","-3.0","USA","26"
"2026-07-20","208381","Nicolas Esteban Rico Arias","1475","5","0.0","2.0","COL","25"
"2026-07-20","211690","Toprak Avcibasi","1476","5","0.0","-6.0","TUR","22"
"2026-07-20","208853","Adrien Burdet","1477","5","0.0","-6.0","SUI","24"
"2026-07-20","213721","Pierre Antoine Faut","1478","5","0.0","-6.0","FRA",""
"2026-07-20","213121","Lars Goran Verwerft","1484","5","0.0","-6.0","BEL","23"
"2026-07-20","213532","Stefan Storch","1489","5","","","AUS",""
"2026-07-20","202323","Arjun Mehrotra","1497","5","0.0","-3.0","AUS","29"
"2026-07-20","209391","Corban Crowther","1500","5","0.0","-4.0","NZL","23"
"2026-07-20","210076","Ioannis Kountourakis","1501","5","0.0","-4.0","GRE","23"
"2026-07-20","134310","Alexey Aleshchev","1502","5","0.0","-4.0","RUS","27"
"2026-07-20","144955","Yuichiro Inui","1503","5","","","JPN","31"
"2026-07-20","210455","Noah Perfetti","1504","5","","","ITA","25"
"2026-07-20","210188","Petar Jovanovic","1518","4","","","MNE","22"
"2026-07-20","144707","Mikael Ymer","1519","4","0.0","-4.0","SWE","27"
"2026-07-20","212488","Ludovico Vaccari","1522","4","","","ITA","21"
"2026-07-20","214213","Rhys Lawlor","1529","4","0.0","-7.0","GBR","17"
"2026-07-20","213814","Gustavo Albieri","1534","4","0.0","-5.0","BRA","18"
"2026-07-20","210105","Martyn Pawelski","1535","4","0.0","-5.0","POL","21"
"2026-07-20","213204","Zane Stevens","1541","4","0.0","-4.0","AUS","20"
"2026-07-20","212068","Stepan Baum","1542","4","","","CZE","22"
"2026-07-20","206580","Nicola Rispoli","1543","4","0.0","-3.0","ITA","28"
"2026-07-20","210711","Francisco Tomas Geschwind","1546","4","0.0","-4.0","ARG","23"
"2026-07-20","212767","Aryan Lakshmanan","1547","4","0.0","-4.0","IND","21"
"2026-07-20","211684","Emirhan Bulut","1565","4","","","TUR","20"
"2026-07-20","211411","Tyler Stice","1566","4","0.0","-3.0","USA","25"
"2026-07-20","210417","Adrian Arcon","1573","4","0.0","-5.0","AUS","24"
"2026-07-20","210204","Drazen Petrovic","1574","4","","","BIH","23"
"2026-07-20","214015","Xavi Palomar","1582","4","0.0","-4.0","ESP",""
"2026-07-20","","Joao Graca","1586","4","","","",""
"2026-07-20","211490","Daniel Verbeek","1587","4","1.0","122.0","NED","22"
"2026-07-20","208334","Deney Wassermann","1651","3","0.0","-15.0","NED","25"
"2026-07-20","124045","Lawrence Bataljin","1708","3","0.0","2.0","AUS","30"
"2026-07-20","209238","Sebastian Dominguez","1858","2","0.0","0.0","GUA","24"
"2026-07-20","120545","Ko Suzuki","1884","2","0.0","-1.0","JPN","34"
"2026-07-20","213819","Andrei Kunitsyn","1908","2","0.0","-8.0","RUS","21"
"2026-07-20","212724","Anas Bennour Dit Sahli","1912","2","0.0","-4.0","TUN","19"
"2026-07-20","213494","Bogdan Seleznev","1913","2","0.0","-4.0","RUS","24"
"2026-07-20","214159","Yassin Ahmed Wageh","2277","1","0.0","2.0","EGY","18"
"2026-07-20","209885","Gokberk Saritas","2278","1","0.0","2.0","TUR","23"
"2026-07-20","212067","Ye Hongyu","2279","1","0.0","2.0","CHN","21"
