ranking_date,player_id,player_name,atp_rank,atp_points,atp_points_change,atp_rank_change,country,age,source_file
2026-06-29,206173,Jannik Sinner,1,13450,0.0,0.0,ITA,24,atp_rankings_2026_06_29.csv
2026-06-29,207989,Carlos Alcaraz,2,9460,0.0,0.0,ESP,23,atp_rankings_2026_06_29.csv
2026-06-29,100644,Alexander Zverev,3,7190,0.0,0.0,GER,29,atp_rankings_2026_06_29.csv
2026-06-29,200000,Felix Auger Aliassime,4,4390,-50.0,0.0,CAN,25,atp_rankings_2026_06_29.csv
2026-06-29,210097,Ben Shelton,5,4160,0.0,0.0,USA,23,atp_rankings_2026_06_29.csv
2026-06-29,200282,Alex De Minaur,6,4110,0.0,0.0,AUS,27,atp_rankings_2026_06_29.csv
2026-06-29,126203,Taylor Fritz,7,3765,-150.0,0.0,USA,28,atp_rankings_2026_06_29.csv
2026-06-29,104925,Novak Djokovic,8,3760,0.0,0.0,SRB,39,atp_rankings_2026_06_29.csv
2026-06-29,106421,Daniil Medvedev,9,3580,0.0,0.0,RUS,30,atp_rankings_2026_06_29.csv
2026-06-29,207925,Flavio Cobolli,10,3460,0.0,0.0,ITA,24,atp_rankings_2026_06_29.csv
2026-06-29,122330,Alexander Bublik,11,2620,0.0,0.0,KAZ,29,atp_rankings_2026_06_29.csv
2026-06-29,134770,Casper Ruud,12,2425,0.0,0.0,NOR,27,atp_rankings_2026_06_29.csv
2026-06-29,126094,Andrey Rublev,13,2420,0.0,0.0,RUS,28,atp_rankings_2026_06_29.csv
2026-06-29,208103,Jiri Lehecka,14,2360,0.0,0.0,CZE,24,atp_rankings_2026_06_29.csv
2026-06-29,207518,Lorenzo Musetti,15,2325,0.0,0.0,ITA,24,atp_rankings_2026_06_29.csv
2026-06-29,209260,Luciano Darderi,16,2300,0.0,0.0,ITA,24,atp_rankings_2026_06_29.csv
2026-06-29,210530,Learner Tien,17,2270,-20.0,1.0,USA,20,atp_rankings_2026_06_29.csv
2026-06-29,210084,Jakub Mensik,18,2255,-40.0,-1.0,CZE,20,atp_rankings_2026_06_29.csv
2026-06-29,126207,Frances Tiafoe,19,2180,0.0,0.0,USA,28,atp_rankings_2026_06_29.csv
2026-06-29,200473,Valentin Vacherot,20,2138,0.0,0.0,MON,27,atp_rankings_2026_06_29.csv
2026-06-29,202103,Francisco Cerundolo,21,2110,0.0,0.0,ARG,27,atp_rankings_2026_06_29.csv
2026-06-29,111575,Karen Khachanov,22,2080,0.0,0.0,RUS,30,atp_rankings_2026_06_29.csv
2026-06-29,200221,Alejandro Davidovich Fokina,23,2060,150.0,2.0,ESP,27,atp_rankings_2026_06_29.csv
2026-06-29,209950,Arthur Fils,24,1940,0.0,-1.0,FRA,22,atp_rankings_2026_06_29.csv
2026-06-29,126205,Tommy Paul,25,1925,0.0,-1.0,USA,29,atp_rankings_2026_06_29.csv
2026-06-29,212588,Rafael Jodar,26,1839,-10.0,0.0,ESP,19,atp_rankings_2026_06_29.csv
2026-06-29,211663,Joao Fonseca,27,1710,-25.0,0.0,BRA,19,atp_rankings_2026_06_29.csv
2026-06-29,126239,Arthur Rinderknech,28,1683,-5.0,0.0,FRA,30,atp_rankings_2026_06_29.csv
2026-06-29,111815,Cameron Norrie,29,1595,0.0,0.0,GBR,30,atp_rankings_2026_06_29.csv
2026-06-29,200005,Ugo Humbert,30,1575,65.0,0.0,FRA,28,atp_rankings_2026_06_29.csv
2026-06-29,206909,Brandon Nakashima,31,1485,0.0,0.0,USA,24,atp_rankings_2026_06_29.csv
2026-06-29,144869,Tomas Martin Etcheverry,32,1460,0.0,0.0,ARG,26,atp_rankings_2026_06_29.csv
2026-06-29,126214,Alejandro Tabilo,33,1428,0.0,0.0,CHI,29,atp_rankings_2026_06_29.csv
2026-06-29,209860,Ignacio Buse,34,1375,15.0,0.0,PER,22,atp_rankings_2026_06_29.csv
2026-06-29,208286,Matteo Arnaldi,35,1349,13.0,0.0,ITA,25,atp_rankings_2026_06_29.csv
2026-06-29,210696,Alexander Blockx,36,1275,0.0,1.0,BEL,21,atp_rankings_2026_06_29.csv
2026-06-29,200267,Zizou Bergs,37,1250,240.0,11.0,BEL,27,atp_rankings_2026_06_29.csv
2026-06-29,208363,Mariano Navone,38,1165,0.0,0.0,ARG,25,atp_rankings_2026_06_29.csv
2026-06-29,144895,Corentin Moutet,39,1163,-115.0,-3.0,FRA,27,atp_rankings_2026_06_29.csv
2026-06-29,105173,Adrian Mannarino,40,1139,0.0,0.0,FRA,38,atp_rankings_2026_06_29.csv
2026-06-29,133430,Denis Shapovalov,41,1130,0.0,0.0,CAN,27,atp_rankings_2026_06_29.csv
2026-06-29,207678,Juan Manuel Cerundolo,42,1108,53.0,3.0,ARG,24,atp_rankings_2026_06_29.csv
2026-06-29,209920,Raphael Collignon,43,1091,22.0,0.0,BEL,24,atp_rankings_2026_06_29.csv
2026-06-29,144719,Jaume Munar,44,1075,10.0,0.0,ESP,29,atp_rankings_2026_06_29.csv
2026-06-29,111794,Kamil Majchrzak,45,1032,0.0,1.0,POL,30,atp_rankings_2026_06_29.csv
2026-06-29,210506,Alex Michelsen,46,1025,-90.0,-4.0,USA,21,atp_rankings_2026_06_29.csv
2026-06-29,210319,Ethan Quinn,47,1021,127.0,16.0,USA,22,atp_rankings_2026_06_29.csv
2026-06-29,132686,Nuno Borges,48,1020,75.0,5.0,POR,29,atp_rankings_2026_06_29.csv
2026-06-29,207830,Tomas Machac,49,1020,0.0,-2.0,CZE,25,atp_rankings_2026_06_29.csv
2026-06-29,200175,Miomir Kecmanovic,50,1020,40.0,1.0,SRB,26,atp_rankings_2026_06_29.csv
2026-06-29,126610,Matteo Berrettini,51,985,0.0,-2.0,ITA,30,atp_rankings_2026_06_29.csv
2026-06-29,209279,Terence Atmane,52,982,0.0,-2.0,FRA,24,atp_rankings_2026_06_29.csv
2026-06-29,206681,Fabian Marozsan,53,970,75.0,9.0,HUN,26,atp_rankings_2026_06_29.csv
2026-06-29,122298,Botic Van De Zandschulp,54,969,0.0,-2.0,NED,30,atp_rankings_2026_06_29.csv
2026-06-29,202058,Thiago Agustin Tirante,55,961,17.0,-1.0,ARG,25,atp_rankings_2026_06_29.csv
2026-06-29,105870,Yannick Hanfmann,56,949,9.0,-1.0,GER,34,atp_rankings_2026_06_29.csv
2026-06-29,202104,Sebastian Baez,57,935,0.0,-1.0,ARG,25,atp_rankings_2026_06_29.csv
2026-06-29,134868,Tallon Griekspoor,58,935,-230.0,-19.0,NED,29,atp_rankings_2026_06_29.csv
2026-06-29,200116,Camilo Ugo Carabelli,59,930,0.0,-2.0,ARG,27,atp_rankings_2026_06_29.csv
2026-06-29,211776,Martin Landaluce,60,926,0.0,-2.0,ESP,20,atp_rankings_2026_06_29.csv
2026-06-29,127157,Daniel Altmaier,61,924,0.0,-2.0,GER,27,atp_rankings_2026_06_29.csv
2026-06-29,105227,Marin Cilic,62,911,0.0,-2.0,CRO,37,atp_rankings_2026_06_29.csv
2026-06-29,200624,Sebastian Korda,63,900,0.0,-2.0,USA,25,atp_rankings_2026_06_29.csv
2026-06-29,200240,Vit Kopriva,64,893,37.0,4.0,CZE,29,atp_rankings_2026_06_29.csv
2026-06-29,208882,Roman Andres Burruchaga,65,875,0.0,1.0,ARG,24,atp_rankings_2026_06_29.csv
2026-06-29,208260,Zachary Svajda,66,855,7.0,3.0,USA,23,atp_rankings_2026_06_29.csv
2026-06-29,208233,Mattia Bellucci,67,851,-25.0,-2.0,ITA,25,atp_rankings_2026_06_29.csv
2026-06-29,209098,Hamad Medjedovic,68,844,-50.0,-4.0,SRB,22,atp_rankings_2026_06_29.csv
2026-06-29,132283,Lorenzo Sonego,69,843,10.0,3.0,ITA,31,atp_rankings_2026_06_29.csv
2026-06-29,206499,Aleksandar Kovacevic,70,837,0.0,0.0,USA,27,atp_rankings_2026_06_29.csv
2026-06-29,105807,Pablo Carreno Busta,71,834,0.0,0.0,ESP,34,atp_rankings_2026_06_29.csv
2026-06-29,209226,Adolfo Daniel Vallejo,72,828,0.0,1.0,PAR,22,atp_rankings_2026_06_29.csv
2026-06-29,207411,Jesper De Jong,73,808,0.0,1.0,NED,26,atp_rankings_2026_06_29.csv
2026-06-29,105526,Jan Lennard Struff,74,804,25.0,3.0,GER,36,atp_rankings_2026_06_29.csv
2026-06-29,208316,Valentin Royer,75,798,0.0,0.0,FRA,25,atp_rankings_2026_06_29.csv
2026-06-29,105916,Marton Fucsovics,76,781,0.0,0.0,HUN,34,atp_rankings_2026_06_29.csv
2026-06-29,208029,Holger Rune,77,760,0.0,2.0,DEN,23,atp_rankings_2026_06_29.csv
2026-06-29,209070,Arthur Cazaux,78,757,0.0,2.0,FRA,23,atp_rankings_2026_06_29.csv
2026-06-29,105902,James Duckworth,79,748,-28.0,-1.0,AUS,34,atp_rankings_2026_06_29.csv
2026-06-29,209414,Luca Van Assche,80,735,0.0,2.0,FRA,22,atp_rankings_2026_06_29.csv
2026-06-29,202385,Jenson Brooksby,81,720,-147.0,-14.0,USA,25,atp_rankings_2026_06_29.csv
2026-06-29,208014,Rinky Hijikata,82,717,0.0,1.0,AUS,25,atp_rankings_2026_06_29.csv
2026-06-29,208659,Giovanni Mpetshi Perricard,83,710,0.0,1.0,FRA,22,atp_rankings_2026_06_29.csv
2026-06-29,210017,Daniel Merida Aguilar,84,706,0.0,1.0,ESP,21,atp_rankings_2026_06_29.csv
2026-06-29,200443,Adam Walton,85,704,28.0,7.0,AUS,27,atp_rankings_2026_06_29.csv
2026-06-29,207182,Emilio Nava,86,704,0.0,1.0,USA,24,atp_rankings_2026_06_29.csv
2026-06-29,126774,Stefanos Tsitsipas,87,700,0.0,1.0,GRE,27,atp_rankings_2026_06_29.csv
2026-06-29,209113,Gabriel Diallo,88,695,10.0,3.0,CAN,24,atp_rankings_2026_06_29.csv
2026-06-29,209976,Dino Prizmic,89,691,-44.0,-8.0,CRO,20,atp_rankings_2026_06_29.csv
2026-06-29,200647,Sho Shimabukuro,90,691,0.0,-1.0,JPN,28,atp_rankings_2026_06_29.csv
2026-06-29,207681,Francisco Comesana,91,688,0.0,-1.0,ARG,25,atp_rankings_2026_06_29.csv
2026-06-29,106218,Marcos Giron,92,680,-25.0,-6.0,USA,32,atp_rankings_2026_06_29.csv
2026-06-29,126127,Benjamin Bonzi,93,673,0.0,0.0,FRA,30,atp_rankings_2026_06_29.csv
2026-06-29,105477,Marco Trungelliti,94,670,0.0,0.0,ARG,36,atp_rankings_2026_06_29.csv
2026-06-29,111460,Quentin Halys,95,666,40.0,6.0,FRA,29,atp_rankings_2026_06_29.csv
2026-06-29,128034,Hubert Hurkacz,96,665,0.0,-1.0,POL,29,atp_rankings_2026_06_29.csv
2026-06-29,208118,Eliot Spizzirri,97,662,0.0,-1.0,USA,24,atp_rankings_2026_06_29.csv
2026-06-29,210262,Jaime Faria,98,660,0.0,-1.0,POR,22,atp_rankings_2026_06_29.csv
2026-06-29,207686,Alexander Shevchenko,99,658,0.0,-1.0,KAZ,25,atp_rankings_2026_06_29.csv
2026-06-29,123828,Jan Choinski,100,657,56.0,6.0,GBR,30,atp_rankings_2026_06_29.csv
2026-06-29,144684,Alex Molcan,101,639,13.0,1.0,SVK,28,atp_rankings_2026_06_29.csv
2026-06-29,200059,Yibing Wu,102,634,0.0,-3.0,CHN,26,atp_rankings_2026_06_29.csv
2026-06-29,200615,Alexei Popyrin,103,630,0.0,-3.0,AUS,26,atp_rankings_2026_06_29.csv
2026-06-29,126846,Aleksandar Vukic,104,614,0.0,-1.0,AUS,30,atp_rankings_2026_06_29.csv
2026-06-29,106000,Damir Dzumhur,105,604,0.0,-1.0,BIH,34,atp_rankings_2026_06_29.csv
2026-06-29,102093,Martin Damm,106,603,0.0,-1.0,USA,22,atp_rankings_2026_06_29.csv
2026-06-29,207352,Bu Yunchaokete,107,598,0.0,0.0,CHN,24,atp_rankings_2026_06_29.csv
2026-06-29,209409,Coleman Wong,108,584,0.0,0.0,HKG,22,atp_rankings_2026_06_29.csv
2026-06-29,104527,Stan Wawrinka,109,563,0.0,1.0,SUI,41,atp_rankings_2026_06_29.csv
2026-06-29,124116,Sebastian Ofner,110,557,0.0,1.0,AUT,30,atp_rankings_2026_06_29.csv
2026-06-29,105932,Nikoloz Basilashvili,111,554,0.0,1.0,GEO,34,atp_rankings_2026_06_29.csv
2026-06-29,207494,Dalibor Svrcina,112,550,0.0,1.0,CZE,23,atp_rankings_2026_06_29.csv
2026-06-29,200516,Patrick Kypson,113,548,0.0,1.0,USA,26,atp_rankings_2026_06_29.csv
2026-06-29,209259,Arthur Fery,114,547,19.0,4.0,GBR,23,atp_rankings_2026_06_29.csv
2026-06-29,124187,Reilly Opelka,115,546,-25.0,-6.0,USA,28,atp_rankings_2026_06_29.csv
2026-06-29,208169,Titouan Droguet,116,534,0.0,-1.0,FRA,25,atp_rankings_2026_06_29.csv
2026-06-29,209857,Leandro Riedi,117,533,0.0,-1.0,SUI,24,atp_rankings_2026_06_29.csv
2026-06-29,200384,Hugo Gaston,118,533,0.0,-1.0,FRA,25,atp_rankings_2026_06_29.csv
2026-06-29,208010,Pablo Llamas Ruiz,119,525,0.0,0.0,ESP,23,atp_rankings_2026_06_29.csv
2026-06-29,207680,Facundo Diaz Acosta,120,525,0.0,0.0,ARG,25,atp_rankings_2026_06_29.csv
2026-06-29,149282,Nicolai Budkov Kjaer,121,522,0.0,0.0,NOR,19,atp_rankings_2026_06_29.csv
2026-06-29,210012,Henrique Rocha,122,519,0.0,0.0,POR,22,atp_rankings_2026_06_29.csv
2026-06-29,210389,Toby Samuel,123,515,101.0,19.0,GBR,23,atp_rankings_2026_06_29.csv
2026-06-29,106331,Christopher Oconnell,124,505,0.0,-1.0,AUS,32,atp_rankings_2026_06_29.csv
2026-06-29,106426,Cristian Garin,125,504,0.0,-1.0,CHI,30,atp_rankings_2026_06_29.csv
2026-06-29,124186,Alexandre Muller,126,494,0.0,-1.0,FRA,29,atp_rankings_2026_06_29.csv
2026-06-29,208013,Dane Sweeny,127,493,0.0,-1.0,AUS,25,atp_rankings_2026_06_29.csv
2026-06-29,208353,Francesco Maestrelli,128,480,0.0,0.0,ITA,23,atp_rankings_2026_06_29.csv
2026-06-29,209147,Vilius Gaubas,129,474,0.0,0.0,LTU,21,atp_rankings_2026_06_29.csv
2026-06-29,105882,Stefano Travaglia,130,464,0.0,0.0,ITA,34,atp_rankings_2026_06_29.csv
2026-06-29,207733,Jack Draper,131,460,100.0,29.0,GBR,24,atp_rankings_2026_06_29.csv
2026-06-29,126128,Roman Safiullin,132,458,-25.0,-5.0,RUS,28,atp_rankings_2026_06_29.csv
2026-06-29,126504,Andrea Pellegrino,133,457,0.0,-2.0,ITA,29,atp_rankings_2026_06_29.csv
2026-06-29,124079,Pedro Martinez,134,451,0.0,0.0,ESP,29,atp_rankings_2026_06_29.csv
2026-06-29,210460,Nishesh Basavareddy,135,446,-7.0,-2.0,USA,21,atp_rankings_2026_06_29.csv
2026-06-29,210338,Arthur Gea,136,445,-12.0,-4.0,FRA,21,atp_rankings_2026_06_29.csv
2026-06-29,144642,Tomas Barrios Vera,137,442,0.0,-2.0,CHI,28,atp_rankings_2026_06_29.csv
2026-06-29,209957,Jack Pinnington Jones,138,434,25.0,7.0,GBR,23,atp_rankings_2026_06_29.csv
2026-06-29,208021,Kyrian Jacquet,139,433,0.0,-3.0,FRA,25,atp_rankings_2026_06_29.csv
2026-06-29,202261,Otto Virtanen,140,432,0.0,-3.0,FIN,25,atp_rankings_2026_06_29.csv
2026-06-29,208361,Gustavo Heide,141,430,0.0,-3.0,BRA,24,atp_rankings_2026_06_29.csv
2026-06-29,200514,Jurij Rodionov,142,426,0.0,-3.0,AUT,27,atp_rankings_2026_06_29.csv
2026-06-29,200416,August Holmgren,143,423,0.0,-2.0,DEN,28,atp_rankings_2026_06_29.csv
2026-06-29,210116,Michael Zheng,144,410,0.0,-1.0,USA,22,atp_rankings_2026_06_29.csv
2026-06-29,111456,Mackenzie Mcdonald,145,409,0.0,-1.0,USA,31,atp_rankings_2026_06_29.csv
2026-06-29,105777,Grigor Dimitrov,146,407,50.0,18.0,BUL,35,atp_rankings_2026_06_29.csv
2026-06-29,209284,Elmer Moller,147,406,6.0,2.0,DEN,22,atp_rankings_2026_06_29.csv
2026-06-29,208852,Stefanos Sakellaridis,148,404,0.0,-2.0,GRE,21,atp_rankings_2026_06_29.csv
2026-06-29,209262,Tristan Schoolkate,149,403,0.0,-2.0,AUS,25,atp_rankings_2026_06_29.csv
2026-06-29,210536,Rei Sakamoto,150,403,0.0,-2.0,JPN,20,atp_rankings_2026_06_29.csv
2026-06-29,208278,Shintaro Mochizuki,151,397,0.0,-1.0,JPN,23,atp_rankings_2026_06_29.csv
2026-06-29,106109,Alex Bolt,152,381,0.0,-1.0,AUS,33,atp_rankings_2026_06_29.csv
2026-06-29,105583,Dusan Lajovic,153,378,0.0,0.0,SRB,35,atp_rankings_2026_06_29.csv
2026-06-29,144645,Zdenek Kolar,154,378,0.0,0.0,CZE,29,atp_rankings_2026_06_29.csv
2026-06-29,126129,Billy Harris,155,375,-50.0,-15.0,GBR,31,atp_rankings_2026_06_29.csv
2026-06-29,111442,Jordan Thompson,156,373,0.0,1.0,AUS,32,atp_rankings_2026_06_29.csv
2026-06-29,121411,Moez Echargui,157,373,-3.0,-2.0,TUN,33,atp_rankings_2026_06_29.csv
2026-06-29,208119,Liam Draxl,158,368,0.0,0.0,CAN,24,atp_rankings_2026_06_29.csv
2026-06-29,207985,Jacob Fearnley,159,362,-18.0,-7.0,GBR,24,atp_rankings_2026_06_29.csv
2026-06-29,144750,Lloyd Harris,160,359,0.0,1.0,RSA,29,atp_rankings_2026_06_29.csv
2026-06-29,111190,Zhizhen Zhang,161,359,0.0,1.0,CHN,29,atp_rankings_2026_06_29.csv
2026-06-29,106198,Hugo Dellien,162,357,0.0,3.0,BOL,33,atp_rankings_2026_06_29.csv
2026-06-29,106148,Roberto Carballes Baena,163,353,0.0,3.0,ESP,33,atp_rankings_2026_06_29.csv
2026-06-29,210136,Mark Lajal,164,352,0.0,3.0,EST,23,atp_rankings_2026_06_29.csv
2026-06-29,200711,Nicolas Mejia,165,349,-3.0,3.0,COL,26,atp_rankings_2026_06_29.csv
2026-06-29,208134,Luca Nardi,166,348,0.0,3.0,ITA,22,atp_rankings_2026_06_29.csv
2026-06-29,209903,Lukas Neumayer,167,345,0.0,3.0,AUT,23,atp_rankings_2026_06_29.csv
2026-06-29,206750,Daniil Glinka,168,345,0.0,3.0,EST,26,atp_rankings_2026_06_29.csv
2026-06-29,200436,Zsombor Piros,169,342,0.0,3.0,HUN,26,atp_rankings_2026_06_29.csv
2026-06-29,200259,Ugo Blanchet,170,341,0.0,3.0,FRA,27,atp_rankings_2026_06_29.csv
2026-06-29,127760,Lukas Klein,171,335,0.0,6.0,SVK,28,atp_rankings_2026_06_29.csv
2026-06-29,207608,Timofey Skatov,172,335,0.0,6.0,KAZ,25,atp_rankings_2026_06_29.csv
2026-06-29,208210,Chris Rodesch,173,334,0.0,6.0,LUX,24,atp_rankings_2026_06_29.csv
2026-06-29,210748,Federico Cina,174,333,0.0,6.0,ITA,19,atp_rankings_2026_06_29.csv
2026-06-29,127339,Borna Gojo,175,332,0.0,6.0,CRO,28,atp_rankings_2026_06_29.csv
2026-06-29,106415,Yoshihito Nishioka,176,331,0.0,6.0,JPN,30,atp_rankings_2026_06_29.csv
2026-06-29,212082,Joel Schwaerzler,177,331,-10.0,-3.0,AUT,20,atp_rankings_2026_06_29.csv
2026-06-29,206904,Gauthier Onclin,178,331,0.0,5.0,BEL,25,atp_rankings_2026_06_29.csv
2026-06-29,200008,Alexis Galarneau,179,328,0.0,5.0,CAN,27,atp_rankings_2026_06_29.csv
2026-06-29,210053,Luka Mikrut,180,328,-12.0,-4.0,CRO,22,atp_rankings_2026_06_29.csv
2026-06-29,210178,Juan Carlos Prado Angelo,181,327,-47.0,-25.0,BOL,21,atp_rankings_2026_06_29.csv
2026-06-29,208293,Gonzalo Bueno,182,322,-19.0,-7.0,PER,22,atp_rankings_2026_06_29.csv
2026-06-29,105138,Roberto Bautista Agut,183,318,-40.0,-20.0,ESP,38,atp_rankings_2026_06_29.csv
2026-06-29,122554,David Jorda Sanchis,184,312,0.0,2.0,ESP,32,atp_rankings_2026_06_29.csv
2026-06-29,208859,Francesco Passaro,185,310,6.0,5.0,ITA,25,atp_rankings_2026_06_29.csv
2026-06-29,212256,Colton Smith,186,309,0.0,2.0,USA,23,atp_rankings_2026_06_29.csv
2026-06-29,200329,Remy Bertola,187,308,-3.0,0.0,SUI,27,atp_rankings_2026_06_29.csv
2026-06-29,111200,Elias Ymer,188,305,-7.0,-3.0,SWE,30,atp_rankings_2026_06_29.csv
2026-06-29,202127,Clement Tabur,189,303,0.0,2.0,FRA,26,atp_rankings_2026_06_29.csv
2026-06-29,211533,Gianluca Cadenasso,190,303,0.0,2.0,ITA,21,atp_rankings_2026_06_29.csv
2026-06-29,207729,Tristan Boyer,191,302,0.0,2.0,USA,25,atp_rankings_2026_06_29.csv
2026-06-29,111581,Michael Mmoh,192,301,0.0,2.0,USA,28,atp_rankings_2026_06_29.csv
2026-06-29,206748,Giulio Zeppieri,193,296,0.0,2.0,ITA,24,atp_rankings_2026_06_29.csv
2026-06-29,126535,Carlos Taberner,194,295,0.0,2.0,ESP,28,atp_rankings_2026_06_29.csv
2026-06-29,106065,Marco Cecchinato,195,292,-69.0,-36.0,ITA,33,atp_rankings_2026_06_29.csv
2026-06-29,208843,Jerome Kym,196,291,0.0,1.0,SUI,23,atp_rankings_2026_06_29.csv
2026-06-29,126663,Juan Pablo Ficovich,197,291,0.0,1.0,ARG,29,atp_rankings_2026_06_29.csv
2026-06-29,126964,Vitaliy Sachko,198,291,0.0,1.0,UKR,28,atp_rankings_2026_06_29.csv
2026-06-29,208004,Harold Mayot,199,284,0.0,2.0,FRA,24,atp_rankings_2026_06_29.csv
2026-06-29,126952,Soon Woo Kwon,200,280,0.0,2.0,KOR,28,atp_rankings_2026_06_29.csv
2026-06-29,144821,Genaro Alberto Olivieri,201,280,-8.0,-1.0,ARG,27,atp_rankings_2026_06_29.csv
2026-06-29,207784,Harry Wendelken,202,280,0.0,1.0,GBR,24,atp_rankings_2026_06_29.csv
2026-06-29,106121,Taro Daniel,203,279,0.0,1.0,JPN,33,atp_rankings_2026_06_29.csv
2026-06-29,106071,Bernard Tomic,204,278,-31.0,-15.0,AUS,33,atp_rankings_2026_06_29.csv
2026-06-29,206889,Clement Chidekh,205,277,0.0,0.0,FRA,25,atp_rankings_2026_06_29.csv
2026-06-29,200318,Yu Hsiou Hsu,206,274,0.0,0.0,TPE,27,atp_rankings_2026_06_29.csv
2026-06-29,210317,James Mccabe,207,273,0.0,0.0,AUS,22,atp_rankings_2026_06_29.csv
2026-06-29,212063,Matej Dodig,208,272,0.0,1.0,CRO,20,atp_rankings_2026_06_29.csv
2026-06-29,106281,Liam Broady,209,272,0.0,1.0,GBR,32,atp_rankings_2026_06_29.csv
2026-06-29,211451,Gilles Arnaud Bailly,210,272,-1.0,-2.0,BEL,20,atp_rankings_2026_06_29.csv
2026-06-29,111797,Nicolas Jarry,211,270,0.0,0.0,CHI,30,atp_rankings_2026_06_29.csv
2026-06-29,144870,Federico Agustin Gomez,212,270,0.0,0.0,ARG,29,atp_rankings_2026_06_29.csv
2026-06-29,200677,Rio Noguchi,213,266,0.0,1.0,JPN,27,atp_rankings_2026_06_29.csv
2026-06-29,207663,Nikolas Sanchez Izquierdo,214,266,0.0,1.0,ESP,27,atp_rankings_2026_06_29.csv
2026-06-29,213608,Moise Kouame,215,264,-1.0,1.0,FRA,17,atp_rankings_2026_06_29.csv
2026-06-29,210167,Tom Gentzsch,216,263,0.0,1.0,GER,22,atp_rankings_2026_06_29.csv
2026-06-29,202146,Luka Pavlovic,217,261,0.0,1.0,FRA,26,atp_rankings_2026_06_29.csv
2026-06-29,207546,Pol Martin Tiffon,218,261,0.0,1.0,ESP,26,atp_rankings_2026_06_29.csv
2026-06-29,111576,Sumit Nagal,219,260,73.0,66.0,IND,28,atp_rankings_2026_06_29.csv
2026-06-29,208269,Felix Gill,220,260,0.0,0.0,GBR,24,atp_rankings_2026_06_29.csv
2026-06-29,209209,Filip Misolic,221,259,0.0,0.0,AUT,24,atp_rankings_2026_06_29.csv
2026-06-29,106293,Kimmer Coppejans,222,258,0.0,0.0,BEL,32,atp_rankings_2026_06_29.csv
2026-06-29,126409,Hugo Grenier,223,254,0.0,1.0,FRA,30,atp_rankings_2026_06_29.csv
2026-06-29,210464,Darwin Blanch,224,253,0.0,1.0,USA,18,atp_rankings_2026_06_29.csv
2026-06-29,210220,Edas Butvilas,225,253,0.0,1.0,LTU,21,atp_rankings_2026_06_29.csv
2026-06-29,105841,Lorenzo Giustino,226,251,0.0,2.0,ITA,34,atp_rankings_2026_06_29.csv
2026-06-29,200462,Andrea Guerrieri,227,248,0.0,2.0,ITA,27,atp_rankings_2026_06_29.csv
2026-06-29,208024,Max Alcala Gurri,228,248,8.0,6.0,ESP,23,atp_rankings_2026_06_29.csv
2026-06-29,202358,Chun Hsin Tseng,229,247,-7.0,-6.0,TPE,24,atp_rankings_2026_06_29.csv
2026-06-29,210297,Lautaro Midon,230,247,-4.0,-3.0,ARG,22,atp_rankings_2026_06_29.csv
2026-06-29,106393,Frederico Ferreira Silva,231,246,0.0,-1.0,POR,31,atp_rankings_2026_06_29.csv
2026-06-29,200610,Oliver Crawford,232,243,0.0,0.0,GBR,27,atp_rankings_2026_06_29.csv
2026-06-29,208279,Alejandro Moro Canas,233,242,0.0,0.0,ESP,25,atp_rankings_2026_06_29.csv
2026-06-29,111513,Laslo Djere,234,241,-25.0,-21.0,SRB,31,atp_rankings_2026_06_29.csv
2026-06-29,202260,Henri Squire,235,238,0.0,0.0,GER,25,atp_rankings_2026_06_29.csv
2026-06-29,206307,Joao Lucas Reis Da Silva,236,238,0.0,0.0,BRA,26,atp_rankings_2026_06_29.csv
2026-06-29,200385,Dan Added,237,237,0.0,0.0,FRA,27,atp_rankings_2026_06_29.csv
2026-06-29,207815,Guido Ivan Justo,238,237,0.0,0.0,ARG,28,atp_rankings_2026_06_29.csv
2026-06-29,208069,Max Houkes,239,236,-9.0,-8.0,NED,25,atp_rankings_2026_06_29.csv
2026-06-29,212044,Yi Zhou,240,234,0.0,-1.0,CHN,21,atp_rankings_2026_06_29.csv
2026-06-29,105676,David Goffin,241,233,0.0,-1.0,BEL,35,atp_rankings_2026_06_29.csv
2026-06-29,109303,Stefano Napolitano,242,233,0.0,-1.0,ITA,31,atp_rankings_2026_06_29.csv
2026-06-29,205734,Thiago Seyboth Wild,243,233,50.0,49.0,BRA,26,atp_rankings_2026_06_29.csv
2026-06-29,209911,Guy Den Ouden,244,232,0.0,-2.0,NED,24,atp_rankings_2026_06_29.csv
2026-06-29,208364,Franco Roncadelli,245,232,0.0,-2.0,URU,26,atp_rankings_2026_06_29.csv
2026-06-29,126652,Jay Clarke,246,230,0.0,-1.0,GBR,27,atp_rankings_2026_06_29.csv
2026-06-29,202333,Keegan Smith,247,229,0.0,-1.0,USA,28,atp_rankings_2026_06_29.csv
2026-06-29,134840,Raul Brancaccio,248,227,0.0,0.0,ITA,29,atp_rankings_2026_06_29.csv
2026-06-29,200303,Pavel Kotov,249,226,0.0,0.0,RUS,27,atp_rankings_2026_06_29.csv
2026-06-29,210119,Andrej Nedic,250,226,34.0,27.0,BIH,21,atp_rankings_2026_06_29.csv
2026-06-29,105732,Pierre Hugues Herbert,251,224,0.0,-1.0,FRA,35,atp_rankings_2026_06_29.csv
2026-06-29,200748,Andres Andrade,252,223,0.0,-1.0,ECU,27,atp_rankings_2026_06_29.csv
2026-06-29,209875,Alex Barrena,253,220,-8.0,-6.0,ARG,23,atp_rankings_2026_06_29.csv
2026-06-29,202475,Philip Henning,254,219,0.0,-2.0,RSA,25,atp_rankings_2026_06_29.csv
2026-06-29,207527,Buvaysar Gadamauri,255,219,0.0,-2.0,BEL,25,atp_rankings_2026_06_29.csv
2026-06-29,210558,Hynek Barton,256,219,0.0,-2.0,CZE,22,atp_rankings_2026_06_29.csv
2026-06-29,111187,Kaichi Uchida,257,218,0.0,-2.0,JPN,31,atp_rankings_2026_06_29.csv
2026-06-29,208144,Giles Hussey,258,218,35.0,35.0,GBR,29,atp_rankings_2026_06_29.csv
2026-06-29,213149,Felix Balshaw,259,217,47.0,61.0,FRA,20,atp_rankings_2026_06_29.csv
2026-06-29,208046,Pedro Boscardin Dias,260,217,-14.0,-16.0,BRA,23,atp_rankings_2026_06_29.csv
2026-06-29,209405,Daniel Rincon,261,215,0.0,-5.0,ESP,23,atp_rankings_2026_06_29.csv
2026-06-29,202147,Florent Bax,262,215,0.0,-5.0,FRA,27,atp_rankings_2026_06_29.csv
2026-06-29,210318,Andre Ilagan,263,215,0.0,-5.0,USA,25,atp_rankings_2026_06_29.csv
2026-06-29,209406,Abedallah Shelbayh,264,212,32.0,35.0,JOR,22,atp_rankings_2026_06_29.csv
2026-06-29,212020,Michele Ribecai,265,211,0.0,-6.0,ITA,23,atp_rankings_2026_06_29.csv
2026-06-29,104792,Gael Monfils,266,210,0.0,-6.0,FRA,39,atp_rankings_2026_06_29.csv
2026-06-29,200572,Nick Hardt,267,210,8.0,3.0,DOM,25,atp_rankings_2026_06_29.csv
2026-06-29,106162,Franco Agamenone,268,210,5.0,-3.0,ITA,33,atp_rankings_2026_06_29.csv
2026-06-29,208540,Inaki Montes De La Torre,269,209,35.0,43.0,ESP,23,atp_rankings_2026_06_29.csv
2026-06-29,111806,Fajing Sun,270,209,0.0,-9.0,CHN,29,atp_rankings_2026_06_29.csv
2026-06-29,212309,Diego Dedura Palomero,271,209,0.0,-9.0,GER,18,atp_rankings_2026_06_29.csv
2026-06-29,206470,Cezar Cretu,272,207,21.0,15.0,ROU,25,atp_rankings_2026_06_29.csv
2026-06-29,211902,Henry Searle,273,206,0.0,-10.0,GBR,20,atp_rankings_2026_06_29.csv
2026-06-29,209992,Juncheng Shang,274,205,0.0,-10.0,CHN,21,atp_rankings_2026_06_29.csv
2026-06-29,207969,Stefan Dostanic,275,204,0.0,-9.0,USA,24,atp_rankings_2026_06_29.csv
2026-06-29,208223,Alvaro Guillen Meza,276,204,0.0,-9.0,ECU,23,atp_rankings_2026_06_29.csv
2026-06-29,202400,Alastair Gray,277,203,0.0,-9.0,GBR,28,atp_rankings_2026_06_29.csv
2026-06-29,202262,Filip Cristian Jianu,278,203,0.0,-9.0,ROU,24,atp_rankings_2026_06_29.csv
2026-06-29,211514,Justin Engel,279,201,0.0,-7.0,GER,18,atp_rankings_2026_06_29.csv
2026-06-29,207732,Miguel Damas,280,201,-1.0,-9.0,ESP,26,atp_rankings_2026_06_29.csv
2026-06-29,207213,Duje Ajdukovic,281,200,11.0,2.0,CRO,25,atp_rankings_2026_06_29.csv
2026-06-29,209322,Martin Krumich,282,199,8.0,-2.0,CZE,23,atp_rankings_2026_06_29.csv
2026-06-29,209849,Sascha Gueymard Wayenburg,283,198,6.0,-5.0,FRA,22,atp_rankings_2026_06_29.csv
2026-06-29,209874,Maks Kasnikowski,284,195,0.0,-11.0,POL,22,atp_rankings_2026_06_29.csv
2026-06-29,200277,Charles Broom,285,195,0.0,-11.0,GBR,28,atp_rankings_2026_06_29.csv
2026-06-29,209951,Petr Bar Biryukov,286,194,0.0,-11.0,RUS,24,atp_rankings_2026_06_29.csv
2026-06-29,210412,Juan Manuel La Serna,287,192,12.0,11.0,ARG,22,atp_rankings_2026_06_29.csv
2026-06-29,210005,Kilian Feldbausch,288,191,0.0,-9.0,SUI,20,atp_rankings_2026_06_29.csv
2026-06-29,209326,Murphy Cassone,289,191,7.0,2.0,USA,23,atp_rankings_2026_06_29.csv
2026-06-29,208913,Juan Bautista Torres,290,190,0.0,-9.0,ARG,24,atp_rankings_2026_06_29.csv
2026-06-29,123921,Calvin Hemery,291,189,0.0,-9.0,FRA,31,atp_rankings_2026_06_29.csv
2026-06-29,106329,Thiago Monteiro,292,187,0.0,-6.0,BRA,32,atp_rankings_2026_06_29.csv
2026-06-29,207491,Sandro Kopp,293,187,21.0,33.0,AUT,26,atp_rankings_2026_06_29.csv
2026-06-29,133297,Yosuke Watanuki,294,185,0.0,-6.0,JPN,28,atp_rankings_2026_06_29.csv
2026-06-29,211617,Maxim Mrva,295,185,0.0,-5.0,CZE,18,atp_rankings_2026_06_29.csv
2026-06-29,207130,Matias Soto,296,183,4.0,4.0,CHI,27,atp_rankings_2026_06_29.csv
2026-06-29,123755,Daniel Elahi Galan,297,181,0.0,-3.0,COL,30,atp_rankings_2026_06_29.csv
2026-06-29,211577,Antoine Ghibaudo,298,181,4.0,5.0,FRA,21,atp_rankings_2026_06_29.csv
2026-06-29,200672,Sergey Fomin,299,181,0.0,-3.0,UZB,25,atp_rankings_2026_06_29.csv
2026-06-29,207171,Hamish Stewart,300,180,3.0,5.0,GBR,26,atp_rankings_2026_06_29.csv
2026-06-29,207785,George Loffhagen,301,179,-13.0,-25.0,GBR,25,atp_rankings_2026_06_29.csv
2026-06-29,207415,Daniel Michalski,302,178,8.0,19.0,POL,26,atp_rankings_2026_06_29.csv
2026-06-29,208421,Lilian Marmousez,303,177,1.0,5.0,FRA,24,atp_rankings_2026_06_29.csv
2026-06-29,209899,Ilia Simakin,304,177,0.0,-2.0,RUS,22,atp_rankings_2026_06_29.csv
2026-06-29,105062,Mikhail Kukushkin,305,177,0.0,-1.0,KAZ,38,atp_rankings_2026_06_29.csv
2026-06-29,211346,Andres Martin,306,177,5.0,9.0,USA,24,atp_rankings_2026_06_29.csv
2026-06-29,123961,Murkel Alejandro Dellien Velasco,307,177,0.0,-1.0,BOL,28,atp_rankings_2026_06_29.csv
2026-06-29,122669,Juan Pablo Varillas,308,176,0.0,1.0,PER,30,atp_rankings_2026_06_29.csv
2026-06-29,209898,Dali Blanch,309,176,-9.0,-20.0,USA,23,atp_rankings_2026_06_29.csv
2026-06-29,117361,Akira Santillan,310,176,0.0,0.0,AUS,29,atp_rankings_2026_06_29.csv
2026-06-29,144817,Marc Andrea Huesler,311,175,0.0,0.0,SUI,30,atp_rankings_2026_06_29.csv
2026-06-29,211542,Filippo Romano,312,175,-3.0,-11.0,ITA,20,atp_rankings_2026_06_29.csv
2026-06-29,208902,Johannus Monday,313,174,-7.0,-18.0,GBR,24,atp_rankings_2026_06_29.csv
2026-06-29,209131,Eliakim Coulibaly,314,174,0.0,-1.0,CIV,24,atp_rankings_2026_06_29.csv
2026-06-29,207797,Jonas Forejtek,315,172,0.0,-1.0,CZE,25,atp_rankings_2026_06_29.csv
2026-06-29,202320,Beibit Zhukayev,316,170,0.0,3.0,KAZ,25,atp_rankings_2026_06_29.csv
2026-06-29,111578,Stefan Kozlov,317,169,0.0,5.0,USA,28,atp_rankings_2026_06_29.csv
2026-06-29,209080,Blaise Bicknell,318,169,-2.0,0.0,JAM,24,atp_rankings_2026_06_29.csv
2026-06-29,106177,Oriol Roca Batalla,319,169,-2.0,-3.0,ESP,33,atp_rankings_2026_06_29.csv
2026-06-29,210377,Luciano Emanuel Ambrogi,320,169,0.0,3.0,ARG,22,atp_rankings_2026_06_29.csv
2026-06-29,212225,Thomas Faurel,321,168,-8.0,-14.0,FRA,20,atp_rankings_2026_06_29.csv
2026-06-29,210340,Philip Sekulic,322,168,0.0,2.0,AUS,22,atp_rankings_2026_06_29.csv
2026-06-29,105911,Andrea Collarini,323,167,0.0,2.0,ARG,34,atp_rankings_2026_06_29.csv
2026-06-29,209850,Robin Bertrand,324,167,-21.0,-40.0,FRA,23,atp_rankings_2026_06_29.csv
2026-06-29,211711,Braden Shick,325,166,3.0,5.0,USA,22,atp_rankings_2026_06_29.csv
2026-06-29,106034,Yasutaka Uchiyama,326,164,0.0,1.0,JPN,33,atp_rankings_2026_06_29.csv
2026-06-29,106044,Nicolas Kicker,327,164,8.0,13.0,ARG,33,atp_rankings_2026_06_29.csv
2026-06-29,127108,Igor Ribeiro Marcondes,328,163,0.0,1.0,BRA,29,atp_rankings_2026_06_29.csv
2026-06-29,209407,Max Basing,329,162,0.0,2.0,GBR,23,atp_rankings_2026_06_29.csv
2026-06-29,208342,Tyler Zink,330,162,0.0,3.0,USA,25,atp_rankings_2026_06_29.csv
2026-06-29,206703,Paul Jubb,331,161,0.0,3.0,GBR,26,atp_rankings_2026_06_29.csv
2026-06-29,207368,Mert Alkaya,332,161,-1.0,0.0,TUR,26,atp_rankings_2026_06_29.csv
2026-06-29,126107,Michael Geerts,333,159,0.0,3.0,BEL,31,atp_rankings_2026_06_29.csv
2026-06-29,210557,Petr Brunclik,334,158,0.0,3.0,CZE,19,atp_rankings_2026_06_29.csv
2026-06-29,212268,Max Schoenhaus,335,158,0.0,3.0,GER,18,atp_rankings_2026_06_29.csv
2026-06-29,200188,Matteo Martineau,336,158,1.0,3.0,FRA,27,atp_rankings_2026_06_29.csv
2026-06-29,211500,Tiago Pereira,337,157,-7.0,-9.0,POR,22,atp_rankings_2026_06_29.csv
2026-06-29,210202,Rodrigo Pacheco Mendez,338,155,0.0,3.0,MEX,21,atp_rankings_2026_06_29.csv
2026-06-29,202354,Matthew Dellavedova,339,155,12.0,22.0,AUS,26,atp_rankings_2026_06_29.csv
2026-06-29,207129,Yanki Erel,340,153,0.0,2.0,TUR,25,atp_rankings_2026_06_29.csv
2026-06-29,211661,Juan Estevez,341,153,0.0,2.0,ARG,20,atp_rankings_2026_06_29.csv
2026-06-29,105649,Cedrik Marcel Stebe,342,152,0.0,2.0,GER,35,atp_rankings_2026_06_29.csv
2026-06-29,208502,Dominic Stricker,343,152,3.0,5.0,SUI,23,atp_rankings_2026_06_29.csv
2026-06-29,117360,Marc Polmans,344,152,12.0,22.0,AUS,29,atp_rankings_2026_06_29.csv
2026-06-29,126555,Tung Lin Wu,345,152,0.0,1.0,TPE,28,atp_rankings_2026_06_29.csv
2026-06-29,211627,Hayato Matsuoka,346,150,0.0,1.0,JPN,21,atp_rankings_2026_06_29.csv
2026-06-29,209890,Mili Poljicak,347,149,-3.0,-2.0,CRO,21,atp_rankings_2026_06_29.csv
2026-06-29,210472,Oliver Tarvet,348,147,0.0,1.0,GBR,22,atp_rankings_2026_06_29.csv
2026-06-29,106283,Mitchell Krueger,349,147,0.0,1.0,USA,32,atp_rankings_2026_06_29.csv
2026-06-29,209916,Marko Topo,350,146,6.0,14.0,GER,22,atp_rankings_2026_06_29.csv
2026-06-29,208025,Alex Martinez,351,146,-25.0,-34.0,ESP,25,atp_rankings_2026_06_29.csv
2026-06-29,200346,Mats Rosenkranz,352,145,0.0,0.0,GER,27,atp_rankings_2026_06_29.csv
2026-06-29,202239,Florian Broska,353,145,-2.0,-2.0,GER,28,atp_rankings_2026_06_29.csv
2026-06-29,106057,Facundo Mena,354,145,0.0,-1.0,ARG,33,atp_rankings_2026_06_29.csv
2026-06-29,106380,Gonzalo Villanueva,355,145,21.0,42.0,ARG,31,atp_rankings_2026_06_29.csv
2026-06-29,202122,Yuta Shimizu,356,144,0.0,1.0,JPN,27,atp_rankings_2026_06_29.csv
2026-06-29,212207,Ognjen Milic,357,144,7.0,13.0,SRB,19,atp_rankings_2026_06_29.csv
2026-06-29,208457,Radu Mihai Papoe,358,144,0.0,0.0,ROU,23,atp_rankings_2026_06_29.csv
2026-06-29,133872,Enrico Dalla Valle,359,143,2.0,4.0,ITA,28,atp_rankings_2026_06_29.csv
2026-06-29,200184,Andrey Chepelev,360,143,4.0,9.0,RUS,27,atp_rankings_2026_06_29.csv
2026-06-29,209952,Sean Cuenin,361,142,-2.0,-5.0,FRA,22,atp_rankings_2026_06_29.csv
2026-06-29,209354,Ioannis Xilas,362,142,0.0,0.0,GRE,25,atp_rankings_2026_06_29.csv
2026-06-29,210682,Federico Bondioli,363,142,-2.0,-4.0,ITA,21,atp_rankings_2026_06_29.csv
2026-06-29,105613,Norbert Gombos,364,140,0.0,1.0,SVK,35,atp_rankings_2026_06_29.csv
2026-06-29,206867,Tommaso Compagnucci,365,140,6.0,9.0,ITA,26,atp_rankings_2026_06_29.csv
2026-06-29,202199,Carlos Sanchez Jover,366,140,0.0,1.0,ESP,25,atp_rankings_2026_06_29.csv
2026-06-29,212251,Daniel Milavsky,367,139,-6.0,-12.0,USA,24,atp_rankings_2026_06_29.csv
2026-06-29,213635,Jacopo Vasami,368,137,-22.0,-33.0,ITA,18,atp_rankings_2026_06_29.csv
2026-06-29,209318,Petr Nesterov,369,136,12.0,27.0,BUL,23,atp_rankings_2026_06_29.csv
2026-06-29,200309,Marek Gengel,370,136,0.0,2.0,CZE,30,atp_rankings_2026_06_29.csv
2026-06-29,210042,Gabriele Piraino,371,134,0.0,2.0,ITA,22,atp_rankings_2026_06_29.csv
2026-06-29,202359,Marvin Moeller,372,134,-5.0,-4.0,GER,27,atp_rankings_2026_06_29.csv
2026-06-29,123983,Nerman Fatic,373,133,0.0,2.0,BIH,31,atp_rankings_2026_06_29.csv
2026-06-29,202326,Ivan Marrero Curbelo,374,133,14.0,33.0,ESP,27,atp_rankings_2026_06_29.csv
2026-06-29,200495,Eduardo Ribeiro,375,133,0.0,1.0,BRA,28,atp_rankings_2026_06_29.csv
2026-06-29,207760,Anton Matusevich,376,133,0.0,1.0,GBR,25,atp_rankings_2026_06_29.csv
2026-06-29,207231,Mathys Erhard,377,133,3.0,7.0,FRA,24,atp_rankings_2026_06_29.csv
2026-06-29,209506,Francesco Forti,378,132,0.0,1.0,ITA,26,atp_rankings_2026_06_29.csv
2026-06-29,109054,Daniel Masur,379,131,0.0,1.0,GER,31,atp_rankings_2026_06_29.csv
2026-06-29,212241,Carlo Alberto Caniato,380,131,-14.0,-26.0,ITA,20,atp_rankings_2026_06_29.csv
2026-06-29,129911,Marat Sharipov,381,131,0.0,0.0,RUS,23,atp_rankings_2026_06_29.csv
2026-06-29,208143,Garrett Johns,382,131,-2.0,-4.0,USA,25,atp_rankings_2026_06_29.csv
2026-06-29,117359,Jake Delaney,383,131,13.0,29.0,AUS,29,atp_rankings_2026_06_29.csv
2026-06-29,144973,Santiago Fa Rodriguez Taverna,384,131,4.0,8.0,ARG,26,atp_rankings_2026_06_29.csv
2026-06-29,105554,Daniel Evans,385,130,-50.0,-88.0,GBR,36,atp_rankings_2026_06_29.csv
2026-06-29,211768,Manas Dhamne,386,130,0.0,-4.0,IND,18,atp_rankings_2026_06_29.csv
2026-06-29,123809,Ivan Gakhov,387,130,-6.0,-16.0,RUS,29,atp_rankings_2026_06_29.csv
2026-06-29,208937,Kasidit Samrej,388,130,0.0,-3.0,THA,25,atp_rankings_2026_06_29.csv
2026-06-29,126106,Ryan Peniston,389,129,0.0,-3.0,GBR,30,atp_rankings_2026_06_29.csv
2026-06-29,144972,Geoffrey Blancaneaux,390,129,0.0,-2.0,FRA,27,atp_rankings_2026_06_29.csv
2026-06-29,209512,Tom Paris,391,128,0.0,-2.0,FRA,23,atp_rankings_2026_06_29.csv
2026-06-29,126337,Renta Tokuda,392,128,2.0,2.0,JPN,28,atp_rankings_2026_06_29.csv
2026-06-29,134068,Vadym Ursu,393,128,0.0,-3.0,UKR,29,atp_rankings_2026_06_29.csv
2026-06-29,206589,Gabi Adrian Boitan,394,127,8.0,14.0,ROU,26,atp_rankings_2026_06_29.csv
2026-06-29,212222,Raphael Perot,395,127,0.0,-4.0,FRA,24,atp_rankings_2026_06_29.csv
2026-06-29,207993,Justin Boulais,396,126,-3.0,-9.0,CAN,24,atp_rankings_2026_06_29.csv
2026-06-29,207799,Matheus Pucinelli De Almeida,397,125,6.0,12.0,BRA,25,atp_rankings_2026_06_29.csv
2026-06-29,211636,Lucio Ratti,398,123,-2.0,-3.0,ARG,22,atp_rankings_2026_06_29.csv
2026-06-29,207186,Arthur Weber,399,122,0.0,-1.0,FRA,34,atp_rankings_2026_06_29.csv
2026-06-29,208649,Andrew Fenty,400,122,-8.0,-17.0,USA,26,atp_rankings_2026_06_29.csv
2026-06-29,200452,Patrick Zahraj,401,122,0.0,-2.0,GER,26,atp_rankings_2026_06_29.csv
2026-06-29,105413,Andrej Martin,402,121,0.0,-2.0,SVK,36,atp_rankings_2026_06_29.csv
2026-06-29,206662,Georgii Kravchenko,403,121,24.0,69.0,UKR,25,atp_rankings_2026_06_29.csv
2026-06-29,211621,Arthur Nagel,404,121,0.0,-3.0,FRA,23,atp_rankings_2026_06_29.csv
2026-06-29,210085,Lui Maxted,405,120,0.0,-3.0,GBR,22,atp_rankings_2026_06_29.csv
2026-06-29,210129,Samuele Pieri,406,120,0.0,-3.0,ITA,24,atp_rankings_2026_06_29.csv
2026-06-29,210221,Jay Dylan Hara Friend,407,119,0.0,-3.0,JPN,22,atp_rankings_2026_06_29.csv
2026-06-29,209983,Mika Brunold,408,119,0.0,-3.0,SUI,21,atp_rankings_2026_06_29.csv
2026-06-29,106292,Hernan Casanova,409,119,0.0,-3.0,ARG,32,atp_rankings_2026_06_29.csv
2026-06-29,132573,Luca Castelnuovo,410,119,-24.0,-50.0,SUI,29,atp_rankings_2026_06_29.csv
2026-06-29,207502,Stefan Palosi,411,118,2.0,6.0,ROU,26,atp_rankings_2026_06_29.csv
2026-06-29,212785,Carlos Maria Zarate,412,118,0.0,-1.0,ARG,,atp_rankings_2026_06_29.csv
2026-06-29,105180,Daniel Dutra Da Silva,413,118,0.0,0.0,BRA,37,atp_rankings_2026_06_29.csv
2026-06-29,213194,Jack Kennedy,414,117,0.0,0.0,USA,18,atp_rankings_2026_06_29.csv
2026-06-29,208189,Gianmarco Ferrari,415,117,7.0,18.0,ITA,25,atp_rankings_2026_06_29.csv
2026-06-29,207200,Cyril Vandermeersch,416,117,0.0,-1.0,FRA,27,atp_rankings_2026_06_29.csv
2026-06-29,201987,Masamichi Imamura,417,117,6.0,14.0,JPN,27,atp_rankings_2026_06_29.csv
2026-06-29,209079,Samir Banerjee,418,116,0.0,-2.0,USA,22,atp_rankings_2026_06_29.csv
2026-06-29,133975,Benjamin Hassan,419,115,6.0,19.0,LBN,31,atp_rankings_2026_06_29.csv
2026-06-29,208389,James Trotter,420,114,0.0,0.0,JPN,26,atp_rankings_2026_06_29.csv
2026-06-29,111454,Li Tu,421,114,0.0,0.0,AUS,30,atp_rankings_2026_06_29.csv
2026-06-29,207834,Juan Alejandro Hernandez Serrano,422,114,0.0,0.0,MEX,27,atp_rankings_2026_06_29.csv
2026-06-29,144656,Corentin Denolly,423,114,-1.0,-5.0,FRA,29,atp_rankings_2026_06_29.csv
2026-06-29,200266,Javier Barranco Cosano,424,113,0.0,-1.0,ESP,27,atp_rankings_2026_06_29.csv
2026-06-29,126627,Johan Nikles,425,113,0.0,-1.0,SUI,29,atp_rankings_2026_06_29.csv
2026-06-29,211504,Jack Loge,426,113,0.0,1.0,BEL,21,atp_rankings_2026_06_29.csv
2026-06-29,106220,Dimitar Kuzmanov,427,113,5.0,16.0,BUL,32,atp_rankings_2026_06_29.csv
2026-06-29,144716,Oleg Prihodko,428,112,-6.0,-18.0,UKR,28,atp_rankings_2026_06_29.csv
2026-06-29,207992,Cannon Kingsley,429,112,0.0,-1.0,USA,25,atp_rankings_2026_06_29.csv
2026-06-29,209274,Carl Emil Overbeck,430,112,3.0,7.0,DEN,24,atp_rankings_2026_06_29.csv
2026-06-29,131911,Lucas Poullain,431,112,0.0,-2.0,FRA,30,atp_rankings_2026_06_29.csv
2026-06-29,126206,Alex Rybakov,432,110,-16.0,-39.0,USA,29,atp_rankings_2026_06_29.csv
2026-06-29,202075,Adria Soriano Barrera,433,109,0.0,2.0,COL,27,atp_rankings_2026_06_29.csv
2026-06-29,210399,Edward Winter,434,109,-1.0,-2.0,AUS,21,atp_rankings_2026_06_29.csv
2026-06-29,210107,Bor Artnak,435,109,0.0,1.0,SLO,22,atp_rankings_2026_06_29.csv
2026-06-29,208431,Semen Pankin,436,109,-6.0,-17.0,RUS,26,atp_rankings_2026_06_29.csv
2026-06-29,210382,Maximus Jones,437,109,-4.0,-11.0,THA,21,atp_rankings_2026_06_29.csv
2026-06-29,206553,Luca Potenza,438,109,-4.0,-13.0,ITA,25,atp_rankings_2026_06_29.csv
2026-06-29,105487,Facundo Bagnis,439,108,0.0,1.0,ARG,36,atp_rankings_2026_06_29.csv
2026-06-29,105430,Radu Albot,440,108,0.0,1.0,MDA,36,atp_rankings_2026_06_29.csv
2026-06-29,212090,Sergio Callejon Hernando,441,108,0.0,1.0,ESP,21,atp_rankings_2026_06_29.csv
2026-06-29,209254,Valerio Aboian,442,107,8.0,22.0,ARG,24,atp_rankings_2026_06_29.csv
2026-06-29,207728,Moerani Bouzige,443,107,0.0,2.0,AUS,26,atp_rankings_2026_06_29.csv
2026-06-29,200366,Olukayode Alafia Damina Ayeni,444,106,0.0,2.0,USA,26,atp_rankings_2026_06_29.csv
2026-06-29,209984,Milos Karol,445,105,0.0,3.0,SVK,23,atp_rankings_2026_06_29.csv
2026-06-29,209264,Pietro Fellin,446,105,14.0,45.0,ITA,24,atp_rankings_2026_06_29.csv
2026-06-29,209167,Olle Wallin,447,104,-2.0,0.0,SWE,24,atp_rankings_2026_06_29.csv
2026-06-29,106187,Denis Yevseyev,448,104,2.0,9.0,KAZ,33,atp_rankings_2026_06_29.csv
2026-06-29,200321,San Hui Sin,449,104,0.0,2.0,KOR,29,atp_rankings_2026_06_29.csv
2026-06-29,210285,Sebastian Sorger,450,103,3.0,12.0,AUT,20,atp_rankings_2026_06_29.csv
2026-06-29,144814,Eero Vasa,451,103,3.0,12.0,FIN,29,atp_rankings_2026_06_29.csv
2026-06-29,207669,Robert Strombachs,452,103,0.0,1.0,LAT,26,atp_rankings_2026_06_29.csv
2026-06-29,208253,Niels Visker,453,103,0.0,2.0,NED,24,atp_rankings_2026_06_29.csv
2026-06-29,202271,Lorenzo Joaquin Rodriguez,454,103,0.0,2.0,ARG,26,atp_rankings_2026_06_29.csv
2026-06-29,209088,Quinn Vandecasteele,455,102,0.0,3.0,USA,23,atp_rankings_2026_06_29.csv
2026-06-29,127123,Mateus Alves,456,101,0.0,4.0,BRA,25,atp_rankings_2026_06_29.csv
2026-06-29,200374,Nicolas Alvarez Varona,457,100,0.0,4.0,ESP,25,atp_rankings_2026_06_29.csv
2026-06-29,148679,Henry Bernet,458,100,3.0,13.0,SUI,19,atp_rankings_2026_06_29.csv
2026-06-29,208104,Andrea Picchione,459,98,-3.0,0.0,ITA,28,atp_rankings_2026_06_29.csv
2026-06-29,202420,Aidan Mchugh,460,98,0.0,5.0,GBR,25,atp_rankings_2026_06_29.csv
2026-06-29,207704,Alex Marti Pujolras,461,98,0.0,6.0,ESP,27,atp_rankings_2026_06_29.csv
2026-06-29,202113,Hikaru Shiraishi,462,98,0.0,6.0,JPN,26,atp_rankings_2026_06_29.csv
2026-06-29,101495,Miguel Tobon,463,98,-7.0,-14.0,COL,20,atp_rankings_2026_06_29.csv
2026-06-29,132052,Christian Langmo,464,98,1.0,10.0,USA,30,atp_rankings_2026_06_29.csv
2026-06-29,106186,Jason Kubler,465,97,0.0,4.0,AUS,33,atp_rankings_2026_06_29.csv
2026-06-29,212216,Trevor Svajda,466,97,0.0,4.0,USA,20,atp_rankings_2026_06_29.csv
2026-06-29,208426,Tiago Torres,467,97,13.0,47.0,POR,23,atp_rankings_2026_06_29.csv
2026-06-29,133997,Sergi Perez Contri,468,97,0.0,5.0,ESP,28,atp_rankings_2026_06_29.csv
2026-06-29,212219,Mees Rottgering,469,96,0.0,6.0,NED,18,atp_rankings_2026_06_29.csv
2026-06-29,200666,Jie Cui,470,96,-15.0,-40.0,CHN,28,atp_rankings_2026_06_29.csv
2026-06-29,208257,Fabrizio Andaloro,471,95,-9.0,-21.0,ITA,25,atp_rankings_2026_06_29.csv
2026-06-29,105655,Hiroki Moriya,472,95,4.0,18.0,JPN,35,atp_rankings_2026_06_29.csv
2026-06-29,210668,Massimo Giunta,473,95,-14.0,-34.0,ITA,21,atp_rankings_2026_06_29.csv
2026-06-29,212077,Lorenzo Carboni,474,95,0.0,2.0,ITA,20,atp_rankings_2026_06_29.csv
2026-06-29,202290,Dhakshineswar Suresh,475,94,0.0,2.0,IND,26,atp_rankings_2026_06_29.csv
2026-06-29,106362,Laurent Lokoli,476,94,0.0,2.0,FRA,31,atp_rankings_2026_06_29.csv
2026-06-29,209338,Daniel Siniakov,477,94,0.0,2.0,CZE,23,atp_rankings_2026_06_29.csv
2026-06-29,209907,Viacheslav Bielinskyi,478,94,1.0,5.0,UKR,22,atp_rankings_2026_06_29.csv
2026-06-29,106290,Filip Peliwo,479,94,0.0,2.0,POL,32,atp_rankings_2026_06_29.csv
2026-06-29,208240,Alexandr Binda,480,94,0.0,2.0,ITA,24,atp_rankings_2026_06_29.csv
2026-06-29,126340,Viktor Durasovic,481,93,3.0,12.0,NOR,29,atp_rankings_2026_06_29.csv
2026-06-29,209518,Tibo Colson,482,92,-15.0,-38.0,BEL,25,atp_rankings_2026_06_29.csv
2026-06-29,211628,Koki Matsuda,483,92,0.0,1.0,JPN,25,atp_rankings_2026_06_29.csv
2026-06-29,200484,Rudolf Molleker,484,92,-2.0,-4.0,GER,25,atp_rankings_2026_06_29.csv
2026-06-29,208153,Giuseppe La Vela,485,92,5.0,20.0,ITA,25,atp_rankings_2026_06_29.csv
2026-06-29,208322,Eric Vanshelboim,486,92,0.0,1.0,UKR,24,atp_rankings_2026_06_29.csv
2026-06-29,210000,Karan Singh,487,92,0.0,1.0,IND,22,atp_rankings_2026_06_29.csv
2026-06-29,106172,Maxime Chazal,488,91,0.0,1.0,FRA,33,atp_rankings_2026_06_29.csv
2026-06-29,122352,Christoph Negritu,489,91,-12.0,-35.0,GER,32,atp_rankings_2026_06_29.csv
2026-06-29,125847,Jelle Sels,490,91,2.0,11.0,NED,30,atp_rankings_2026_06_29.csv
2026-06-29,106423,Thanasi Kokkinakis,491,90,0.0,1.0,AUS,30,atp_rankings_2026_06_29.csv
2026-06-29,212174,Enzo Aguiard,492,90,1.0,6.0,AUS,23,atp_rankings_2026_06_29.csv
2026-06-29,200550,Vladyslav Orlov,493,90,0.0,1.0,UKR,31,atp_rankings_2026_06_29.csv
2026-06-29,212305,Juan Cruz Martin Manzano,494,90,0.0,1.0,ITA,21,atp_rankings_2026_06_29.csv
2026-06-29,213001,Mika Petkovic,495,90,3.0,11.0,GER,19,atp_rankings_2026_06_29.csv
2026-06-29,106203,Pedro Sakamoto,496,90,0.0,0.0,BRA,33,atp_rankings_2026_06_29.csv
2026-06-29,202297,Dan Martin,497,89,0.0,0.0,CAN,27,atp_rankings_2026_06_29.csv
2026-06-29,211639,Alejo Sanchez Quilez,498,89,0.0,1.0,ESP,21,atp_rankings_2026_06_29.csv
2026-06-29,210054,Matthew William Donald,499,89,-3.0,-14.0,CZE,21,atp_rankings_2026_06_29.csv
2026-06-29,208158,Dominik Palan,500,89,0.0,0.0,CZE,25,atp_rankings_2026_06_29.csv
2026-06-29,207764,Ryan Nijboer,501,89,14.0,42.0,NED,26,atp_rankings_2026_06_29.csv
2026-06-29,134329,Blake Ellis,502,88,0.0,0.0,AUS,27,atp_rankings_2026_06_29.csv
2026-06-29,202235,Jacopo Berrettini,503,88,-10.0,-37.0,ITA,27,atp_rankings_2026_06_29.csv
2026-06-29,210214,Joao Eduardo Schiessl,504,88,-15.0,-52.0,BRA,21,atp_rankings_2026_06_29.csv
2026-06-29,124040,Colin Sinclair,505,88,0.0,-1.0,NMI,31,atp_rankings_2026_06_29.csv
2026-06-29,207202,Karl Poling,506,87,0.0,1.0,USA,26,atp_rankings_2026_06_29.csv
2026-06-29,210744,Kaylan Bigun,507,86,0.0,1.0,USA,20,atp_rankings_2026_06_29.csv
2026-06-29,210470,Tai Sach,508,86,1.0,1.0,AUS,23,atp_rankings_2026_06_29.csv
2026-06-29,207998,Takuya Kumasaka,509,85,-7.0,-23.0,JPN,27,atp_rankings_2026_06_29.csv
2026-06-29,208819,Max Hans Rehberg,510,84,0.0,0.0,GER,22,atp_rankings_2026_06_29.csv
2026-06-29,209394,Anton Shepp,511,84,0.0,2.0,NZL,23,atp_rankings_2026_06_29.csv
2026-06-29,208063,Paulo Andre Saraiva Dos Santos,512,84,-4.0,-9.0,BRA,26,atp_rankings_2026_06_29.csv
2026-06-29,207490,Carlos Lopez Montagud,513,83,-1.0,-1.0,ESP,25,atp_rankings_2026_06_29.csv
2026-06-29,209403,Faris Zakaryia,514,83,0.0,1.0,EGY,25,atp_rankings_2026_06_29.csv
2026-06-29,207708,Dusan Obradovic,515,83,0.0,1.0,SRB,25,atp_rankings_2026_06_29.csv
2026-06-29,209142,Sebastian Gima,516,83,6.0,21.0,ROU,24,atp_rankings_2026_06_29.csv
2026-06-29,211558,Karim Bennani,517,82,0.0,1.0,MAR,18,atp_rankings_2026_06_29.csv
2026-06-29,210393,Maxim Zhukov,518,82,0.0,-1.0,RUS,21,atp_rankings_2026_06_29.csv
2026-06-29,207220,Taha Baadi,519,82,0.0,0.0,CAN,24,atp_rankings_2026_06_29.csv
2026-06-29,209163,Emile Hudd,520,82,0.0,0.0,GBR,26,atp_rankings_2026_06_29.csv
2026-06-29,209261,Matteo Gigante,521,81,0.0,0.0,ITA,24,atp_rankings_2026_06_29.csv
2026-06-29,209863,Leo Borg,522,81,0.0,1.0,SWE,23,atp_rankings_2026_06_29.csv
2026-06-29,210726,Cesar Bouchelaghem,523,81,1.0,1.0,FRA,22,atp_rankings_2026_06_29.csv
2026-06-29,200297,Aziz Ouakaa,524,81,12.0,47.0,TUN,26,atp_rankings_2026_06_29.csv
2026-06-29,212275,Thijs Boogaard,525,80,25.0,115.0,NED,17,atp_rankings_2026_06_29.csv
2026-06-29,106168,Sidharth Rawat,526,80,0.0,-1.0,IND,33,atp_rankings_2026_06_29.csv
2026-06-29,207605,Jakub Paul,527,79,0.0,-1.0,SUI,27,atp_rankings_2026_06_29.csv
2026-06-29,200574,Alexander Donski,528,79,0.0,-1.0,BUL,27,atp_rankings_2026_06_29.csv
2026-06-29,209971,Michael Bassem Sobhy,529,79,0.0,0.0,EGY,22,atp_rankings_2026_06_29.csv
2026-06-29,211727,Pavle Marinkov,530,79,0.0,0.0,AUS,20,atp_rankings_2026_06_29.csv
2026-06-29,117357,Omar Jasika,531,79,0.0,0.0,AUS,29,atp_rankings_2026_06_29.csv
2026-06-29,208126,John Echeverria,532,78,2.0,7.0,ESP,24,atp_rankings_2026_06_29.csv
2026-06-29,200086,Toufik Sahtali,533,78,0.0,0.0,ALG,27,atp_rankings_2026_06_29.csv
2026-06-29,206325,Pedro Vives Marcos,534,77,0.0,0.0,ESP,25,atp_rankings_2026_06_29.csv
2026-06-29,210730,Reda Bennani,535,77,-2.0,-7.0,MAR,19,atp_rankings_2026_06_29.csv
2026-06-29,209867,Daniil Ostapenkov,536,77,0.0,-1.0,BLR,23,atp_rankings_2026_06_29.csv
2026-06-29,208328,Max Wiskandt,537,77,0.0,-1.0,GER,24,atp_rankings_2026_06_29.csv
2026-06-29,212104,Pablo Martinez Gomez,538,76,7.0,27.0,ESP,20,atp_rankings_2026_06_29.csv
2026-06-29,125802,Ilya Ivashka,539,76,1.0,2.0,BLR,32,atp_rankings_2026_06_29.csv
2026-06-29,105806,Mirza Basic,540,76,0.0,-2.0,BIH,34,atp_rankings_2026_06_29.csv
2026-06-29,209120,Yassine Dlimi,541,76,-8.0,-30.0,MAR,23,atp_rankings_2026_06_29.csv
2026-06-29,211566,Patrick Schoen,542,76,1.0,0.0,SUI,21,atp_rankings_2026_06_29.csv
2026-06-29,211530,Tomasz Berkieta,543,76,7.0,24.0,POL,19,atp_rankings_2026_06_29.csv
2026-06-29,200070,Kirill Kivattsev,544,76,-3.0,-12.0,RUS,28,atp_rankings_2026_06_29.csv
2026-06-29,124154,Sasi Kumar Mukund,545,75,0.0,0.0,IND,29,atp_rankings_2026_06_29.csv
2026-06-29,211898,Mae Malige,546,75,0.0,-2.0,FRA,20,atp_rankings_2026_06_29.csv
2026-06-29,211324,Mitsuki Wei Kang Leong,547,75,1.0,2.0,MAS,21,atp_rankings_2026_06_29.csv
2026-06-29,212051,Joaquin  Aguilar Cardozo,548,74,8.0,34.0,URU,21,atp_rankings_2026_06_29.csv
2026-06-29,111202,Hyeon Chung,549,74,0.0,-1.0,KOR,30,atp_rankings_2026_06_29.csv
2026-06-29,144970,Constantin Bittoun Kouzmine,550,74,-2.0,-10.0,FRA,27,atp_rankings_2026_06_29.csv
2026-06-29,207878,James Story,551,73,0.0,-1.0,GBR,25,atp_rankings_2026_06_29.csv
2026-06-29,207793,Alec Deckers,552,73,0.0,0.0,NED,26,atp_rankings_2026_06_29.csv
2026-06-29,208297,Maxwell Mckennon,553,73,0.0,1.0,USA,24,atp_rankings_2026_06_29.csv
2026-06-29,209251,Stefan Popovic,554,73,0.0,1.0,SRB,23,atp_rankings_2026_06_29.csv
2026-06-29,209278,Alec Beckley,555,72,-1.0,-4.0,RSA,25,atp_rankings_2026_06_29.csv
2026-06-29,200014,Digvijaypratap Singh,556,72,0.0,0.0,IND,26,atp_rankings_2026_06_29.csv
2026-06-29,210121,Kokoro Isomura,557,72,0.0,0.0,JPN,23,atp_rankings_2026_06_29.csv
2026-06-29,200587,Brandon Holt,558,71,-38.0,-124.0,USA,28,atp_rankings_2026_06_29.csv
2026-06-29,131934,Andrea Vavassori,559,71,0.0,-1.0,ITA,31,atp_rankings_2026_06_29.csv
2026-06-29,208909,Johan Alexander Rodriguez Rodriguez,560,71,-3.0,-14.0,COL,22,atp_rankings_2026_06_29.csv
2026-06-29,208854,Aidan Mayo,561,71,-3.0,-14.0,USA,23,atp_rankings_2026_06_29.csv
2026-06-29,105944,Juan Sebastian Gomez,562,71,0.0,-3.0,COL,34,atp_rankings_2026_06_29.csv
2026-06-29,209871,Amr Elsayed Abdou Ahmed Mohamed,563,71,0.0,-3.0,EGY,27,atp_rankings_2026_06_29.csv
2026-06-29,207407,Peter Makk,564,71,1.0,0.0,HUN,24,atp_rankings_2026_06_29.csv
2026-06-29,210731,Filip Jeff Planinsek,565,71,-2.0,-12.0,SLO,25,atp_rankings_2026_06_29.csv
2026-06-29,211409,Guillaume Dalmasso,566,71,0.0,-5.0,FRA,23,atp_rankings_2026_06_29.csv
2026-06-29,208285,Fausto Tabacco,567,71,14.0,68.0,ITA,24,atp_rankings_2026_06_29.csv
2026-06-29,209931,Lukas Pokorny,568,70,0.0,-5.0,SVK,24,atp_rankings_2026_06_29.csv
2026-06-29,213360,Niels Mcdonald,569,70,12.0,51.0,GER,18,atp_rankings_2026_06_29.csv
2026-06-29,144985,Ergi Kirkin,570,70,8.0,27.0,TUR,27,atp_rankings_2026_06_29.csv
2026-06-29,210295,Cooper Williams,571,69,0.0,-5.0,USA,21,atp_rankings_2026_06_29.csv
2026-06-29,126125,Maxime Janvier,572,69,0.0,-4.0,FRA,29,atp_rankings_2026_06_29.csv
2026-06-29,209362,Aristotelis Thanos,573,68,0.0,-1.0,GRE,25,atp_rankings_2026_06_29.csv
2026-06-29,200214,Alan Fernando Rubio Fierros,574,68,4.0,15.0,MEX,27,atp_rankings_2026_06_29.csv
2026-06-29,208605,Mario Gonzalez Fernandez,575,68,0.0,-2.0,ESP,24,atp_rankings_2026_06_29.csv
2026-06-29,209510,Nino Ehrenschneider,576,68,0.0,-2.0,GER,25,atp_rankings_2026_06_29.csv
2026-06-29,209923,Romain Faucon,577,68,0.0,-2.0,BEL,23,atp_rankings_2026_06_29.csv
2026-06-29,106310,Alexander Ritschard,578,67,0.0,-2.0,SUI,32,atp_rankings_2026_06_29.csv
2026-06-29,210714,Robin Catry,579,67,0.0,-1.0,FRA,24,atp_rankings_2026_06_29.csv
2026-06-29,212025,Yannik Kelm,580,67,-2.0,-11.0,GER,21,atp_rankings_2026_06_29.csv
2026-06-29,105938,Antoine Escoffier,581,66,0.0,-2.0,FRA,34,atp_rankings_2026_06_29.csv
2026-06-29,208044,Etienne Donnet,582,66,0.0,-2.0,FRA,25,atp_rankings_2026_06_29.csv
2026-06-29,210142,Olaf Pieczkowski,583,66,0.0,-2.0,POL,22,atp_rankings_2026_06_29.csv
2026-06-29,210425,Svyatoslav Gulin,584,66,-15.0,-62.0,RUS,23,atp_rankings_2026_06_29.csv
2026-06-29,206467,Federico Arnaboldi,585,66,1.0,1.0,ITA,26,atp_rankings_2026_06_29.csv
2026-06-29,208586,Joshua Sheehy,586,65,0.0,-2.0,USA,29,atp_rankings_2026_06_29.csv
2026-06-29,200096,Dragos Nicolae Madaras,587,65,0.0,-2.0,SWE,28,atp_rankings_2026_06_29.csv
2026-06-29,212598,Emilien Demanet,588,65,-1.0,-5.0,BEL,21,atp_rankings_2026_06_29.csv
2026-06-29,207664,Luca Staeheli,589,65,0.0,-2.0,SUI,26,atp_rankings_2026_06_29.csv
2026-06-29,210505,Marcel Zielinski,590,65,-4.0,-20.0,POL,25,atp_rankings_2026_06_29.csv
2026-06-29,208168,Nicolas Tepmahc,591,65,3.0,8.0,FRA,25,atp_rankings_2026_06_29.csv
2026-06-29,211651,Alexander Vasilev,592,64,4.0,18.0,BUL,19,atp_rankings_2026_06_29.csv
2026-06-29,212405,Gavin Young,593,64,14.0,88.0,USA,23,atp_rankings_2026_06_29.csv
2026-06-29,106249,Joao Domingues,594,64,3.0,7.0,POR,32,atp_rankings_2026_06_29.csv
2026-06-29,210553,Jacob Bradshaw,595,64,0.0,-4.0,AUS,23,atp_rankings_2026_06_29.csv
2026-06-29,210599,Ryan Dickerson,596,64,0.0,-4.0,USA,29,atp_rankings_2026_06_29.csv
2026-06-29,210498,Gerard Campana Lee,597,64,0.0,-4.0,KOR,21,atp_rankings_2026_06_29.csv
2026-06-29,212978,Izan Almazan Valiente,598,63,8.0,45.0,ESP,20,atp_rankings_2026_06_29.csv
2026-06-29,212190,Karol Filar,599,63,-2.0,-11.0,POL,27,atp_rankings_2026_06_29.csv
2026-06-29,200273,Hady Habib,600,62,0.0,-4.0,LIB,27,atp_rankings_2026_06_29.csv
2026-06-29,134120,Kuan Yi Lee,601,62,2.0,12.0,TPE,29,atp_rankings_2026_06_29.csv
2026-06-29,208343,Andrew Paulson,602,61,0.0,-2.0,CZE,24,atp_rankings_2026_06_29.csv
2026-06-29,126939,Khumoun Sultanov,603,61,4.0,29.0,UZB,27,atp_rankings_2026_06_29.csv
2026-06-29,207657,Tristan Mccormick,604,61,0.0,0.0,USA,27,atp_rankings_2026_06_29.csv
2026-06-29,206922,Luca Wiedenmann,605,61,0.0,0.0,GER,28,atp_rankings_2026_06_29.csv
2026-06-29,213178,Cruz Hewitt,606,61,0.0,0.0,AUS,17,atp_rankings_2026_06_29.csv
2026-06-29,210223,Leonardo Rossi,607,61,0.0,1.0,ITA,23,atp_rankings_2026_06_29.csv
2026-06-29,202150,Dan Alexandru Tomescu,608,60,15.0,108.0,ROU,27,atp_rankings_2026_06_29.csv
2026-06-29,106072,Alexey Vatutin,609,60,0.0,0.0,RUS,33,atp_rankings_2026_06_29.csv
2026-06-29,132041,Alfredo Perez,610,60,-1.0,-8.0,USA,29,atp_rankings_2026_06_29.csv
2026-06-29,211618,Jan Kumstat,611,60,1.0,5.0,CZE,19,atp_rankings_2026_06_29.csv
2026-06-29,202356,Tsung Hao Huang,612,60,-1.0,-9.0,TPE,26,atp_rankings_2026_06_29.csv
2026-06-29,200125,Mykyta Mashtakov,613,60,23.0,172.0,UKR,27,atp_rankings_2026_06_29.csv
2026-06-29,207535,Marlon Vankan,614,60,15.0,107.0,GER,25,atp_rankings_2026_06_29.csv
2026-06-29,210250,Erik Arutiunian,615,59,-1.0,-4.0,BLR,21,atp_rankings_2026_06_29.csv
2026-06-29,207484,Neil Oberleitner,616,59,-1.0,-4.0,AUT,26,atp_rankings_2026_06_29.csv
2026-06-29,211325,Aryan Shah,617,59,0.0,0.0,IND,20,atp_rankings_2026_06_29.csv
2026-06-29,132744,Alberto Barroso Campos,618,59,0.0,0.0,ESP,30,atp_rankings_2026_06_29.csv
2026-06-29,207893,Daniel De Jonge,619,59,0.0,0.0,NED,26,atp_rankings_2026_06_29.csv
2026-06-29,202209,Imanol Lopez Morillo,620,59,-12.0,-58.0,ESP,26,atp_rankings_2026_06_29.csv
2026-06-29,210029,Bruno Kuzuhara,621,59,-2.0,-14.0,USA,22,atp_rankings_2026_06_29.csv
2026-06-29,207803,Igor Gimenez,622,58,-1.0,-7.0,BRA,26,atp_rankings_2026_06_29.csv
2026-06-29,209866,Karlis Ozolins,623,58,0.0,-2.0,LAT,24,atp_rankings_2026_06_29.csv
2026-06-29,209191,Oleksandr Ovcharenko,624,58,0.0,-2.0,UKR,24,atp_rankings_2026_06_29.csv
2026-06-29,200595,Lorenzo Bocchi,625,58,0.0,-2.0,ITA,28,atp_rankings_2026_06_29.csv
2026-06-29,208099,Santiago De La Fuente,626,58,0.0,-2.0,ARG,24,atp_rankings_2026_06_29.csv
2026-06-29,212784,Maximo Zeitune,627,58,0.0,-2.0,ARG,19,atp_rankings_2026_06_29.csv
2026-06-29,210218,Bruno Fernandez,628,58,-2.0,-14.0,BRA,21,atp_rankings_2026_06_29.csv
2026-06-29,200255,Alexander Weis,629,57,0.0,1.0,ITA,29,atp_rankings_2026_06_29.csv
2026-06-29,207884,Arthur Bouquier,630,57,0.0,1.0,FRA,25,atp_rankings_2026_06_29.csv
2026-06-29,208071,Oleksii Krutykh,631,57,0.0,2.0,UKR,26,atp_rankings_2026_06_29.csv
2026-06-29,209246,Alan Magadan,632,57,-1.0,-5.0,MEX,25,atp_rankings_2026_06_29.csv
2026-06-29,200713,Federico Iannaccone,633,57,0.0,1.0,ITA,27,atp_rankings_2026_06_29.csv
2026-06-29,126177,Strong Kirchheimer,634,57,3.0,18.0,USA,31,atp_rankings_2026_06_29.csv
2026-06-29,209185,Alessandro Pecci,635,56,-8.0,-45.0,ITA,25,atp_rankings_2026_06_29.csv
2026-06-29,210537,Josip Simundza,636,56,0.0,1.0,CRO,21,atp_rankings_2026_06_29.csv
2026-06-29,212788,Amir Omarkhanov,637,56,0.0,-1.0,KAZ,18,atp_rankings_2026_06_29.csv
2026-06-29,213713,Melios Efstathiou,638,56,4.0,34.0,CYP,,atp_rankings_2026_06_29.csv
2026-06-29,111153,Christopher Eubanks,639,55,0.0,-1.0,USA,30,atp_rankings_2026_06_29.csv
2026-06-29,211673,Duncan Chan,640,55,1.0,6.0,CAN,20,atp_rankings_2026_06_29.csv
2026-06-29,138485,Conner Huertas Del Pino,641,55,0.0,-2.0,PER,30,atp_rankings_2026_06_29.csv
2026-06-29,210721,Iliyan Radulov,642,55,1.0,5.0,BUL,21,atp_rankings_2026_06_29.csv
2026-06-29,210034,Shunsuke Mitsui,643,55,-8.0,-49.0,JPN,24,atp_rankings_2026_06_29.csv
2026-06-29,212258,Adhithya Ganesan,644,55,0.0,-3.0,USA,20,atp_rankings_2026_06_29.csv
2026-06-29,209302,Peter Fajta,645,55,2.0,17.0,HUN,24,atp_rankings_2026_06_29.csv
2026-06-29,210447,Leo Raquillet,646,55,0.0,-4.0,FRA,20,atp_rankings_2026_06_29.csv
2026-06-29,132999,Kai Wehnelt,647,55,7.0,45.0,GER,30,atp_rankings_2026_06_29.csv
2026-06-29,211901,Yanis Ghazouani Durand,648,55,-3.0,-20.0,FRA,25,atp_rankings_2026_06_29.csv
2026-06-29,208182,Saba Purtseladze,649,55,0.0,-5.0,GEO,24,atp_rankings_2026_06_29.csv
2026-06-29,132831,Giovanni Oradini,650,55,-7.0,-52.0,ITA,28,atp_rankings_2026_06_29.csv
2026-06-29,210025,Branko Djuric,651,54,15.0,115.0,SRB,21,atp_rankings_2026_06_29.csv
2026-06-29,122078,Dmitry Popko,652,54,3.0,23.0,KAZ,29,atp_rankings_2026_06_29.csv
2026-06-29,133794,S D Prajwal Dev,653,54,0.0,-4.0,IND,30,atp_rankings_2026_06_29.csv
2026-06-29,129814,Ivan Ivanov,654,54,0.0,-4.0,BUL,17,atp_rankings_2026_06_29.csv
2026-06-29,209140,Millen Hurrion,655,54,0.0,-4.0,GBR,27,atp_rankings_2026_06_29.csv
2026-06-29,212830,Samuel Alejandro Linde Palacios,656,54,-1.0,-11.0,COL,18,atp_rankings_2026_06_29.csv
2026-06-29,122113,Yurii Dzhavakian,657,54,1.0,8.0,UKR,33,atp_rankings_2026_06_29.csv
2026-06-29,212029,Dimitris Sakellaridis,658,54,0.0,-5.0,GRE,20,atp_rankings_2026_06_29.csv
2026-06-29,202342,Ryan Seggerman,659,53,0.0,-4.0,USA,26,atp_rankings_2026_06_29.csv
2026-06-29,212248,Fryderyk Lechno Wasiutynski,660,53,0.0,-4.0,POL,21,atp_rankings_2026_06_29.csv
2026-06-29,210077,Aidan Kim,661,53,0.0,-4.0,USA,21,atp_rankings_2026_06_29.csv
2026-06-29,202398,Michael Vrbensky,662,53,0.0,-4.0,CZE,26,atp_rankings_2026_06_29.csv
2026-06-29,126762,Aleksandre Bakshi,663,53,0.0,-4.0,GEO,28,atp_rankings_2026_06_29.csv
2026-06-29,209517,Igor Kudriashov,664,53,-1.0,-16.0,RUS,22,atp_rankings_2026_06_29.csv
2026-06-29,210242,Ryan Colby,665,53,0.0,-5.0,USA,22,atp_rankings_2026_06_29.csv
2026-06-29,126208,Yusuke Takahashi,666,53,0.0,-3.0,JPN,28,atp_rankings_2026_06_29.csv
2026-06-29,210507,Nicolas Villalon,667,53,0.0,-3.0,CHI,22,atp_rankings_2026_06_29.csv
2026-06-29,208861,Keisuke Saitoh,668,53,1.0,3.0,JPN,25,atp_rankings_2026_06_29.csv
2026-06-29,105671,Gastao Elias,669,52,0.0,-3.0,POR,35,atp_rankings_2026_06_29.csv
2026-06-29,210236,Attila Boros,670,52,-1.0,-9.0,HUN,22,atp_rankings_2026_06_29.csv
2026-06-29,210715,Yaroslav Demin,671,52,0.0,-4.0,RUS,20,atp_rankings_2026_06_29.csv
2026-06-29,209043,Yuta Kikuchi,672,52,0.0,-3.0,JPN,26,atp_rankings_2026_06_29.csv
2026-06-29,210650,Stefan Adrian Andreescu,673,52,-6.0,-47.0,ROU,24,atp_rankings_2026_06_29.csv
2026-06-29,212531,Nicolas Arseneault,674,51,1.0,5.0,CAN,19,atp_rankings_2026_06_29.csv
2026-06-29,207994,Chase Ferguson,675,51,0.0,1.0,AUS,27,atp_rankings_2026_06_29.csv
2026-06-29,210672,Leo Vithoontien,676,51,0.0,2.0,JPN,26,atp_rankings_2026_06_29.csv
2026-06-29,210545,Luis Carlos Alvarez,677,50,0.0,3.0,MEX,21,atp_rankings_2026_06_29.csv
2026-06-29,211767,James Watt,678,50,-1.0,-4.0,NZL,26,atp_rankings_2026_06_29.csv
2026-06-29,200665,Yuta Kawahashi,679,50,0.0,3.0,JPN,28,atp_rankings_2026_06_29.csv
2026-06-29,210063,Matyas Cerny,680,50,0.0,3.0,CZE,24,atp_rankings_2026_06_29.csv
2026-06-29,208876,Egor Agafonov,681,50,0.0,3.0,RUS,23,atp_rankings_2026_06_29.csv
2026-06-29,210687,Pawit Sornlaksup,682,50,0.0,3.0,THA,26,atp_rankings_2026_06_29.csv
2026-06-29,210086,Lorenzo Angelini,683,50,7.0,51.0,ITA,20,atp_rankings_2026_06_29.csv
2026-06-29,144907,Adrian Oetzbach,684,49,-1.0,2.0,GER,28,atp_rankings_2026_06_29.csv
2026-06-29,200670,J J Wolf,685,48,25.0,241.0,USA,27,atp_rankings_2026_06_29.csv
2026-06-29,126183,Mariano Kestelboim,686,48,0.0,3.0,ARG,30,atp_rankings_2026_06_29.csv
2026-06-29,200445,Maxence Beauge,687,48,0.0,1.0,FRA,26,atp_rankings_2026_06_29.csv
2026-06-29,202154,Uisung Park,688,48,0.0,2.0,KOR,25,atp_rankings_2026_06_29.csv
2026-06-29,208411,Daniel Antonio Nunez,689,48,-4.0,-21.0,CHI,25,atp_rankings_2026_06_29.csv
2026-06-29,126723,Denys Klok,690,48,-4.0,-20.0,RUS,28,atp_rankings_2026_06_29.csv
2026-06-29,144923,Louis Wessels,691,48,0.0,2.0,GER,27,atp_rankings_2026_06_29.csv
2026-06-29,200632,Evan Zhu,692,48,-3.0,-15.0,USA,27,atp_rankings_2026_06_29.csv
2026-06-29,133820,Ignacio Monzon,693,48,0.0,2.0,ARG,28,atp_rankings_2026_06_29.csv
2026-06-29,210157,Dylan Dietrich,694,47,14.0,118.0,SUI,21,atp_rankings_2026_06_29.csv
2026-06-29,210320,Kyle Kang,695,47,-4.0,-22.0,USA,21,atp_rankings_2026_06_29.csv
2026-06-29,210028,Ozan Baris,696,47,1.0,12.0,USA,22,atp_rankings_2026_06_29.csv
2026-06-29,207907,Arda Azkara,697,47,-15.0,-102.0,TUR,23,atp_rankings_2026_06_29.csv
2026-06-29,208267,Oscar Weightman,698,47,0.0,-2.0,GBR,24,atp_rankings_2026_06_29.csv
2026-06-29,202168,Ye Cong Mo,699,47,0.0,-2.0,CHN,26,atp_rankings_2026_06_29.csv
2026-06-29,207736,Arklon Huertas Del Pino,700,47,1.0,10.0,PER,31,atp_rankings_2026_06_29.csv
2026-06-29,209385,Samuel Vincent Ruggeri,701,47,0.0,-3.0,ITA,24,atp_rankings_2026_06_29.csv
2026-06-29,200661,Yuki Mochizuki,702,47,-1.0,-11.0,JPN,28,atp_rankings_2026_06_29.csv
2026-06-29,212071,Kasra Rahmani,703,47,0.0,-3.0,IRI,19,atp_rankings_2026_06_29.csv
2026-06-29,209914,Andreja Petrovic,704,47,0.0,-3.0,NOR,26,atp_rankings_2026_06_29.csv
2026-06-29,207557,Maik Steiner,705,47,0.0,-3.0,GER,32,atp_rankings_2026_06_29.csv
2026-06-29,202305,Franco Ribero,706,47,0.0,-3.0,ARG,26,atp_rankings_2026_06_29.csv
2026-06-29,210252,Seydina Andre,707,47,1.0,7.0,SEN,22,atp_rankings_2026_06_29.csv
2026-06-29,206923,Shinji Hazawa,708,47,0.0,-4.0,JPN,27,atp_rankings_2026_06_29.csv
2026-06-29,209360,Samir Hamza Reguig,709,47,0.0,-3.0,ALG,24,atp_rankings_2026_06_29.csv
2026-06-29,210538,Noa Vukadin,710,46,0.0,-3.0,CRO,22,atp_rankings_2026_06_29.csv
2026-06-29,210494,Theo Papamalamis,711,46,15.0,125.0,FRA,20,atp_rankings_2026_06_29.csv
2026-06-29,200538,Matyas Fuele,712,46,0.0,-1.0,HUN,27,atp_rankings_2026_06_29.csv
2026-06-29,207456,Dong Ju Kim,713,46,0.0,-1.0,KOR,24,atp_rankings_2026_06_29.csv
2026-06-29,207592,Martin Van Der Meerschen,714,46,-1.0,-15.0,BEL,26,atp_rankings_2026_06_29.csv
2026-06-29,212969,Matisse Bobichon,715,46,1.0,4.0,FRA,24,atp_rankings_2026_06_29.csv
2026-06-29,212886,Radu David Turcanu,716,46,3.0,15.0,ROU,20,atp_rankings_2026_06_29.csv
2026-06-29,208532,Thiago Cigarran,717,46,1.0,5.0,ARG,26,atp_rankings_2026_06_29.csv
2026-06-29,207134,Fitriadi M Rifqi,718,46,0.0,-5.0,INA,27,atp_rankings_2026_06_29.csv
2026-06-29,211756,Michal Krajci,719,46,-2.0,-25.0,SVK,21,atp_rankings_2026_06_29.csv
2026-06-29,105453,Kei Nishikori,720,45,0.0,-5.0,JPN,36,atp_rankings_2026_06_29.csv
2026-06-29,211543,Lorenzo Sciahbasi,721,45,0.0,-4.0,ITA,20,atp_rankings_2026_06_29.csv
2026-06-29,210513,Tuncay Duran,722,45,-3.0,-35.0,TUR,22,atp_rankings_2026_06_29.csv
2026-06-29,212244,Gabriel Ghetu,723,45,0.0,-5.0,ROU,18,atp_rankings_2026_06_29.csv
2026-06-29,200176,Manish Sureshkumar,724,45,0.0,-4.0,IND,26,atp_rankings_2026_06_29.csv
2026-06-29,211707,Amit Vales,725,45,0.0,-2.0,ISR,21,atp_rankings_2026_06_29.csv
2026-06-29,208152,Gabriele Bosio,726,45,0.0,-2.0,ITA,25,atp_rankings_2026_06_29.csv
2026-06-29,212831,Samuel Heredia,727,45,-2.0,-22.0,COL,20,atp_rankings_2026_06_29.csv
2026-06-29,211479,Gustavo Ribeiro De Almeida,728,44,3.0,15.0,BRA,20,atp_rankings_2026_06_29.csv
2026-06-29,209067,Hunter Heck,729,44,4.0,27.0,USA,24,atp_rankings_2026_06_29.csv
2026-06-29,210083,Jakub Nicod,730,44,0.0,-5.0,CZE,21,atp_rankings_2026_06_29.csv
2026-06-29,202258,Rafael Izquierdo Luque,731,44,0.0,-5.0,ESP,26,atp_rankings_2026_06_29.csv
2026-06-29,209937,Giorgio Tabacco,732,44,3.0,14.0,ITA,22,atp_rankings_2026_06_29.csv
2026-06-29,202346,Ben Jones,733,44,0.0,-6.0,GBR,28,atp_rankings_2026_06_29.csv
2026-06-29,212221,Tianhui Zhang,734,44,0.0,-6.0,CHN,20,atp_rankings_2026_06_29.csv
2026-06-29,213062,Nikolai Barsukov,735,44,2.0,6.0,GER,,atp_rankings_2026_06_29.csv
2026-06-29,202148,Michiel De Krom,736,44,3.0,16.0,NED,28,atp_rankings_2026_06_29.csv
2026-06-29,211649,Fernando Cavallo,737,43,0.0,-5.0,ARG,20,atp_rankings_2026_06_29.csv
2026-06-29,210604,Loann Massard,738,43,0.0,-5.0,FRA,20,atp_rankings_2026_06_29.csv
2026-06-29,149145,Matteo Covato,739,43,0.0,-4.0,ITA,21,atp_rankings_2026_06_29.csv
2026-06-29,212958,Spencer Johnson,740,42,14.0,129.0,USA,23,atp_rankings_2026_06_29.csv
2026-06-29,212115,Hoyoung Roh,741,42,8.0,62.0,KOR,20,atp_rankings_2026_06_29.csv
2026-06-29,208092,Filippo Moroni,742,42,-15.0,-113.0,ITA,25,atp_rankings_2026_06_29.csv
2026-06-29,210093,Sander Jong,743,42,0.0,-7.0,NED,26,atp_rankings_2026_06_29.csv
2026-06-29,208078,Tomas Farjat,744,42,-1.0,-14.0,ARG,25,atp_rankings_2026_06_29.csv
2026-06-29,214590,Nikita Belozertsev,745,42,3.0,20.0,UZB,17,atp_rankings_2026_06_29.csv
2026-06-29,211355,Oskar Brostrom Poulsen,746,42,0.0,-9.0,DEN,24,atp_rankings_2026_06_29.csv
2026-06-29,207601,Manuel Mazza,747,42,-25.0,-170.0,ITA,27,atp_rankings_2026_06_29.csv
2026-06-29,208265,Pierre Delage,748,42,0.0,-10.0,FRA,25,atp_rankings_2026_06_29.csv
2026-06-29,105868,Wilson Leite,749,42,7.0,52.0,BRA,34,atp_rankings_2026_06_29.csv
2026-06-29,202230,Maxence Bertimon,750,42,0.0,-11.0,FRA,26,atp_rankings_2026_06_29.csv
2026-06-29,202089,Aleksandr Braynin,751,42,4.0,24.0,UKR,26,atp_rankings_2026_06_29.csv
2026-06-29,110618,Elmar Ejupovic,752,41,0.0,-10.0,GER,33,atp_rankings_2026_06_29.csv
2026-06-29,212711,Daniel Jade,753,41,0.0,-9.0,FRA,17,atp_rankings_2026_06_29.csv
2026-06-29,210629,Alejandro Juan Mano,754,41,2.0,15.0,ESP,21,atp_rankings_2026_06_29.csv
2026-06-29,212160,Ryan Fishback,755,41,0.0,-8.0,USA,24,atp_rankings_2026_06_29.csv
2026-06-29,210577,Alejandro Turriziani Alvarez,756,41,0.0,-11.0,ESP,23,atp_rankings_2026_06_29.csv
2026-06-29,208386,Matt Kuhar,757,41,0.0,-9.0,USA,30,atp_rankings_2026_06_29.csv
2026-06-29,212157,Timofei Derepasko,758,41,0.0,-9.0,RUS,19,atp_rankings_2026_06_29.csv
2026-06-29,206916,Joshua Charlton,759,41,0.0,-8.0,AUS,26,atp_rankings_2026_06_29.csv
2026-06-29,210052,Nicolas Zanellato,760,41,6.0,42.0,BRA,24,atp_rankings_2026_06_29.csv
2026-06-29,121264,Oscar Jose Gutierrez,761,41,0.0,-8.0,BRA,33,atp_rankings_2026_06_29.csv
2026-06-29,200218,Mate Valkusz,762,40,-13.0,-108.0,HUN,27,atp_rankings_2026_06_29.csv
2026-06-29,206912,Stuart Parker,763,40,0.0,-9.0,GBR,28,atp_rankings_2026_06_29.csv
2026-06-29,211501,Kenta Miyoshi,764,40,4.0,24.0,JPN,22,atp_rankings_2026_06_29.csv
2026-06-29,210686,Michael Agwi,765,40,0.0,-8.0,IRL,22,atp_rankings_2026_06_29.csv
2026-06-29,207239,Nikolay Vylegzhanin,766,40,0.0,-8.0,RUS,26,atp_rankings_2026_06_29.csv
2026-06-29,210398,Gabriele Pennaforti,767,40,-3.0,-38.0,ITA,25,atp_rankings_2026_06_29.csv
2026-06-29,213760,Pavel Lagutin,768,40,0.0,-9.0,RUS,21,atp_rankings_2026_06_29.csv
2026-06-29,207987,Ryuki Matsuda,769,40,0.0,-9.0,JPN,26,atp_rankings_2026_06_29.csv
2026-06-29,210200,Yanaki Milev,770,40,-1.0,-20.0,BUL,22,atp_rankings_2026_06_29.csv
2026-06-29,211897,Naoya Honda,771,40,2.0,3.0,JPN,20,atp_rankings_2026_06_29.csv
2026-06-29,208925,John Hallquist Lithen,772,40,2.0,4.0,SWE,24,atp_rankings_2026_06_29.csv
2026-06-29,207181,Govind Nanda,773,39,0.0,-10.0,USA,25,atp_rankings_2026_06_29.csv
2026-06-29,111788,Naoki Nakagawa,774,39,4.0,25.0,JPN,29,atp_rankings_2026_06_29.csv
2026-06-29,202327,Marko Miladinovic,775,39,0.0,-7.0,SRB,25,atp_rankings_2026_06_29.csv
2026-06-29,212306,Ignacio Parisca,776,39,-1.0,-15.0,VEN,20,atp_rankings_2026_06_29.csv
2026-06-29,212286,Rodrigo Alujas,777,39,-1.0,-15.0,MEX,23,atp_rankings_2026_06_29.csv
2026-06-29,213977,Cosme Rolland De Ravel,778,38,0.0,-7.0,FRA,22,atp_rankings_2026_06_29.csv
2026-06-29,208230,Alibek Kachmazov,779,38,0.0,-7.0,RUS,23,atp_rankings_2026_06_29.csv
2026-06-29,106075,Jozef Kovalik,780,38,3.0,13.0,SVK,33,atp_rankings_2026_06_29.csv
2026-06-29,135753,Patrick Maloney,781,38,-8.0,-72.0,USA,26,atp_rankings_2026_06_29.csv
2026-06-29,212749,Andres Santamarta Roig,782,38,10.0,89.0,ESP,19,atp_rankings_2026_06_29.csv
2026-06-29,209198,Gian Luca Tanner,783,38,0.0,-10.0,SUI,25,atp_rankings_2026_06_29.csv
2026-06-29,105700,Jose Pereira,784,38,-1.0,-17.0,BRA,35,atp_rankings_2026_06_29.csv
2026-06-29,134389,Tim Handel,785,38,-1.0,-15.0,GER,29,atp_rankings_2026_06_29.csv
2026-06-29,200325,Emil Ruusuvuori,786,37,0.0,-9.0,FIN,27,atp_rankings_2026_06_29.csv
2026-06-29,126209,Peter Bertran,787,37,0.0,-8.0,DOM,30,atp_rankings_2026_06_29.csv
2026-06-29,134794,Alexis Gautier,788,37,-2.0,-24.0,FRA,29,atp_rankings_2026_06_29.csv
2026-06-29,214004,Michael Antonius,789,37,0.0,-11.0,USA,,atp_rankings_2026_06_29.csv
2026-06-29,210488,Roger Pascual Ferra,790,37,2.0,2.0,ESP,20,atp_rankings_2026_06_29.csv
2026-06-29,202366,Tadeas Paroulek,791,37,0.0,-11.0,CZE,26,atp_rankings_2026_06_29.csv
2026-06-29,210328,Matt Ponchet,792,37,0.0,-10.0,FRA,22,atp_rankings_2026_06_29.csv
2026-06-29,213996,Anton Arzhankin,793,37,0.0,-10.0,RUS,,atp_rankings_2026_06_29.csv
2026-06-29,126335,Sora Fukuda,794,37,0.0,-10.0,JPN,28,atp_rankings_2026_06_29.csv
2026-06-29,207660,Nicholas David Ionel,795,37,0.0,-9.0,ROU,23,atp_rankings_2026_06_29.csv
2026-06-29,207383,Taisei Ichikawa,796,37,0.0,-9.0,JPN,25,atp_rankings_2026_06_29.csv
2026-06-29,213965,Andrew Johnson,797,36,0.0,-8.0,USA,16,atp_rankings_2026_06_29.csv
2026-06-29,211550,Yusuke Kusuhara,798,36,1.0,-3.0,JPN,28,atp_rankings_2026_06_29.csv
2026-06-29,125833,Mert Naci Turker,799,36,0.0,-9.0,TUR,27,atp_rankings_2026_06_29.csv
2026-06-29,200030,Facundo Juarez,800,35,0.0,-6.0,ITA,28,atp_rankings_2026_06_29.csv
2026-06-29,122495,Shintaro Imai,801,35,-2.0,-20.0,JPN,32,atp_rankings_2026_06_29.csv
2026-06-29,210203,Pedro Rodenas,802,35,2.0,11.0,ESP,22,atp_rankings_2026_06_29.csv
2026-06-29,206921,Scott Jones,803,35,0.0,-7.0,AUS,28,atp_rankings_2026_06_29.csv
2026-06-29,212086,Grigory Shebekin,804,35,0.0,-6.0,RUS,21,atp_rankings_2026_06_29.csv
2026-06-29,211664,Nicolas Oliveira,805,34,3.0,29.0,BRA,20,atp_rankings_2026_06_29.csv
2026-06-29,110602,Dennis Novak,806,34,0.0,-1.0,AUT,32,atp_rankings_2026_06_29.csv
2026-06-29,200335,Felipe Meligeni Alves,807,34,0.0,-1.0,BRA,28,atp_rankings_2026_06_29.csv
2026-06-29,200270,Alex Knaff,808,34,0.0,-1.0,LUX,28,atp_rankings_2026_06_29.csv
2026-06-29,212288,Vincent Marysko,809,34,1.0,9.0,GER,20,atp_rankings_2026_06_29.csv
2026-06-29,132017,Mwendwa Mbithi,810,34,0.0,-2.0,USA,28,atp_rankings_2026_06_29.csv
2026-06-29,212603,Benjamin Torrealba,811,34,-8.0,-71.0,CHI,21,atp_rankings_2026_06_29.csv
2026-06-29,208818,Finn Murgett,812,34,0.0,-2.0,GBR,24,atp_rankings_2026_06_29.csv
2026-06-29,212455,Lucas Andrade Da Silva,813,33,7.0,72.0,BRA,21,atp_rankings_2026_06_29.csv
2026-06-29,213010,Marc Van Der Merwe,814,33,0.0,1.0,RSA,31,atp_rankings_2026_06_29.csv
2026-06-29,125806,Dominik Kellovsky,815,33,0.0,1.0,CZE,29,atp_rankings_2026_06_29.csv
2026-06-29,210143,Maximilian Homberg,816,33,0.0,1.0,GER,23,atp_rankings_2026_06_29.csv
2026-06-29,208372,Natan Rodrigues,817,33,0.0,2.0,BRA,24,atp_rankings_2026_06_29.csv
2026-06-29,212748,Anas Mazdrashki,818,33,1.0,10.0,BUL,,atp_rankings_2026_06_29.csv
2026-06-29,212269,Marc Majdandzic,819,33,1.0,10.0,GER,21,atp_rankings_2026_06_29.csv
2026-06-29,202369,Daniel Salazar Martinez,820,33,0.0,1.0,COL,25,atp_rankings_2026_06_29.csv
2026-06-29,208277,Taiyo Yamanaka,821,33,1.0,9.0,JPN,24,atp_rankings_2026_06_29.csv
2026-06-29,208302,Nikola Slavic,822,33,0.0,0.0,SWE,25,atp_rankings_2026_06_29.csv
2026-06-29,210099,Dinko Dinev,823,33,2.0,22.0,BUL,22,atp_rankings_2026_06_29.csv
2026-06-29,207776,William Grant,824,33,-1.0,-15.0,USA,25,atp_rankings_2026_06_29.csv
2026-06-29,208094,Jorge Plans,825,33,0.0,-2.0,ESP,24,atp_rankings_2026_06_29.csv
2026-06-29,210145,John Sperle,826,33,1.0,5.0,GER,24,atp_rankings_2026_06_29.csv
2026-06-29,210652,Dragos Nicolae Cazacu,827,33,-1.0,-16.0,ROU,22,atp_rankings_2026_06_29.csv
2026-06-29,144826,Aziz Dougaz,828,32,-8.0,-73.0,TUN,29,atp_rankings_2026_06_29.csv
2026-06-29,213036,Luis Guto Miguel,829,32,0.0,-5.0,BRA,17,atp_rankings_2026_06_29.csv
2026-06-29,202418,Stijn Slump,830,32,0.0,-5.0,NED,27,atp_rankings_2026_06_29.csv
2026-06-29,208806,Stefano Dagostino,831,32,3.0,26.0,ITA,22,atp_rankings_2026_06_29.csv
2026-06-29,105814,Maximilian Neuchrist,832,32,-3.0,-32.0,AUT,34,atp_rankings_2026_06_29.csv
2026-06-29,212171,Nicolas Jadoun,833,32,3.0,31.0,FRA,23,atp_rankings_2026_06_29.csv
2026-06-29,211758,Matthew Summers,834,32,0.0,-2.0,GBR,27,atp_rankings_2026_06_29.csv
2026-06-29,209253,Andrea Fiorentini,835,32,0.0,-2.0,ITA,25,atp_rankings_2026_06_29.csv
2026-06-29,212839,Oliver Bonding,836,31,0.0,-1.0,GBR,19,atp_rankings_2026_06_29.csv
2026-06-29,202277,Damien Wenger,837,31,-3.0,-33.0,SUI,26,atp_rankings_2026_06_29.csv
2026-06-29,126573,Thomas Fancutt,838,31,3.0,30.0,AUS,31,atp_rankings_2026_06_29.csv
2026-06-29,213003,Pierluigi Basile,839,31,0.0,-1.0,ITA,19,atp_rankings_2026_06_29.csv
2026-06-29,126581,Juan Sebastian Osorio,840,31,-1.0,-14.0,COL,28,atp_rankings_2026_06_29.csv
2026-06-29,209166,Calvin Mueller,841,31,0.0,-2.0,GER,26,atp_rankings_2026_06_29.csv
2026-06-29,132374,Jesse Flores,842,31,0.0,0.0,CRC,31,atp_rankings_2026_06_29.csv
2026-06-29,144748,Kris Van Wyk,843,31,-1.0,-16.0,RSA,29,atp_rankings_2026_06_29.csv
2026-06-29,132310,Tiago Cacao,844,31,0.0,-3.0,POR,28,atp_rankings_2026_06_29.csv
2026-06-29,208166,Xiaofei Wang,845,31,0.0,-2.0,CHN,23,atp_rankings_2026_06_29.csv
2026-06-29,208533,Joao Victor Couto Loureiro,846,31,1.0,5.0,BRA,23,atp_rankings_2026_06_29.csv
2026-06-29,106432,Borna Coric,847,30,0.0,-1.0,CRO,29,atp_rankings_2026_06_29.csv
2026-06-29,209959,Woobin Shin,848,30,-3.0,-34.0,KOR,22,atp_rankings_2026_06_29.csv
2026-06-29,200228,Felix Corwin,849,30,-1.0,-9.0,USA,30,atp_rankings_2026_06_29.csv
2026-06-29,104932,Kenny De Schepper,850,30,0.0,-2.0,FRA,39,atp_rankings_2026_06_29.csv
2026-06-29,207788,Thanapet Chanta,851,30,-1.0,-7.0,THA,26,atp_rankings_2026_06_29.csv
2026-06-29,207404,Miles Jones,852,30,0.0,-2.0,USA,25,atp_rankings_2026_06_29.csv
2026-06-29,213059,Carles Cordoba,853,30,1.0,6.0,ESP,20,atp_rankings_2026_06_29.csv
2026-06-29,209095,Francisco Rocha,854,30,1.0,6.0,POR,26,atp_rankings_2026_06_29.csv
2026-06-29,111568,Michael Zhu,855,30,0.0,-3.0,USA,33,atp_rankings_2026_06_29.csv
2026-06-29,211484,Jangjun Kim,856,29,1.0,11.0,KOR,19,atp_rankings_2026_06_29.csv
2026-06-29,213066,Stefan Horia Haita,857,29,0.0,-4.0,ROU,19,atp_rankings_2026_06_29.csv
2026-06-29,213825,Keaton Hance,858,29,0.0,-4.0,USA,18,atp_rankings_2026_06_29.csv
2026-06-29,209904,Alejandro Manzanera Pertusa,859,29,0.0,-4.0,ESP,23,atp_rankings_2026_06_29.csv
2026-06-29,212235,Noah Zamora,860,29,0.0,-4.0,USA,23,atp_rankings_2026_06_29.csv
2026-06-29,210623,Jakub Filip,861,29,-1.0,-12.0,CZE,20,atp_rankings_2026_06_29.csv
2026-06-29,209985,Amaury Raynel,862,29,-4.0,-42.0,FRA,24,atp_rankings_2026_06_29.csv
2026-06-29,206782,Demetris Azoides,863,29,0.0,-5.0,GRE,25,atp_rankings_2026_06_29.csv
2026-06-29,208147,Alexandre Aubriot,864,29,0.0,-2.0,FRA,27,atp_rankings_2026_06_29.csv
2026-06-29,208264,Carles Hernandez,865,29,0.0,-2.0,ESP,25,atp_rankings_2026_06_29.csv
2026-06-29,202124,Kosuke Ogura,866,29,0.0,-1.0,JPN,30,atp_rankings_2026_06_29.csv
2026-06-29,134457,Nicolas Moreno De Alboran,867,28,0.0,-1.0,USA,28,atp_rankings_2026_06_29.csv
2026-06-29,212285,Albert Pedrico Kravtsov,868,28,-2.0,-21.0,ESP,21,atp_rankings_2026_06_29.csv
2026-06-29,211394,Patrick Brady,869,28,0.0,1.0,GBR,21,atp_rankings_2026_06_29.csv
2026-06-29,210254,Adrien Gobat,870,28,0.0,2.0,FRA,24,atp_rankings_2026_06_29.csv
2026-06-29,211524,Abel Forger,871,28,-7.0,-74.0,NED,20,atp_rankings_2026_06_29.csv
2026-06-29,210483,Yaojie Zeng,872,28,0.0,1.0,CHN,24,atp_rankings_2026_06_29.csv
2026-06-29,122294,Gabriele Maria Noce,873,28,3.0,36.0,ITA,30,atp_rankings_2026_06_29.csv
2026-06-29,126971,Marcus Walters,874,28,-1.0,-13.0,GBR,28,atp_rankings_2026_06_29.csv
2026-06-29,212725,Alaa Trifi,875,28,0.0,1.0,TUN,19,atp_rankings_2026_06_29.csv
2026-06-29,111505,Enzo Couacaud,876,27,0.0,1.0,FRA,31,atp_rankings_2026_06_29.csv
2026-06-29,210294,Jack Anthrop,877,27,-8.0,-86.0,USA,22,atp_rankings_2026_06_29.csv
2026-06-29,200216,Giovanni Fonio,878,27,-4.0,-41.0,ITA,28,atp_rankings_2026_06_29.csv
2026-06-29,213838,Ronit Karki,879,27,2.0,25.0,USA,18,atp_rankings_2026_06_29.csv
2026-06-29,144915,Mikalai Haliak,880,27,0.0,0.0,BLR,27,atp_rankings_2026_06_29.csv
2026-06-29,211391,Iannis Miletich,881,27,-1.0,-7.0,ITA,20,atp_rankings_2026_06_29.csv
2026-06-29,213046,Pieter De Lange,882,27,8.0,123.0,NED,,atp_rankings_2026_06_29.csv
2026-06-29,211658,Tomas Martinez,883,27,1.0,12.0,ARG,22,atp_rankings_2026_06_29.csv
2026-06-29,208160,Sam Ryan Ziegann,884,27,1.0,12.0,AUS,27,atp_rankings_2026_06_29.csv
2026-06-29,210424,Michel Hopp,885,27,0.0,-4.0,GER,27,atp_rankings_2026_06_29.csv
2026-06-29,202125,Benjamin Pietri,886,27,0.0,-4.0,FRA,29,atp_rankings_2026_06_29.csv
2026-06-29,200330,Tomas Curras Abasolo,887,27,0.0,-3.0,ESP,26,atp_rankings_2026_06_29.csv
2026-06-29,211708,Manuel Plunger,888,26,0.0,-2.0,ITA,23,atp_rankings_2026_06_29.csv
2026-06-29,105948,Federico Coria,889,26,0.0,-2.0,ARG,34,atp_rankings_2026_06_29.csv
2026-06-29,148674,Emon Van Loben Sels,890,26,0.0,-2.0,USA,21,atp_rankings_2026_06_29.csv
2026-06-29,209882,Jeffrey Von Der Schulenburg,891,26,-1.0,-13.0,SUI,24,atp_rankings_2026_06_29.csv
2026-06-29,209124,Blu Baker,892,26,0.0,0.0,GBR,24,atp_rankings_2026_06_29.csv
2026-06-29,212832,Salvador Price,893,26,0.0,0.0,COL,21,atp_rankings_2026_06_29.csv
2026-06-29,212533,Markus Molder,894,26,0.0,0.0,EST,21,atp_rankings_2026_06_29.csv
2026-06-29,212461,Daniele Rapagnetta,895,26,0.0,3.0,ITA,19,atp_rankings_2026_06_29.csv
2026-06-29,207794,Younes Lalami Laaroussi,896,26,-1.0,-13.0,MAR,25,atp_rankings_2026_06_29.csv
2026-06-29,209337,Luca Castagnola,897,26,-2.0,-22.0,ITA,24,atp_rankings_2026_06_29.csv
2026-06-29,200441,Grigoriy Lomakin,898,26,0.0,1.0,KAZ,28,atp_rankings_2026_06_29.csv
2026-06-29,106401,Nick Kyrgios,899,25,0.0,1.0,AUS,31,atp_rankings_2026_06_29.csv
2026-06-29,134087,Johannes Ingildsen,900,25,0.0,1.0,DEN,28,atp_rankings_2026_06_29.csv
2026-06-29,210323,Luis Felipe Miguel,901,25,0.0,1.0,BRA,22,atp_rankings_2026_06_29.csv
2026-06-29,213007,Tristan Stringer,902,25,-2.0,-23.0,USA,20,atp_rankings_2026_06_29.csv
2026-06-29,104729,Ivan Nedelko,903,25,0.0,3.0,RUS,40,atp_rankings_2026_06_29.csv
2026-06-29,207682,Lorenzo Gagliardo,904,25,0.0,1.0,ITA,26,atp_rankings_2026_06_29.csv
2026-06-29,144925,Nitin Kumar Sinha,905,25,1.0,10.0,IND,27,atp_rankings_2026_06_29.csv
2026-06-29,209099,Kristijan Juhas,906,25,0.0,1.0,SRB,25,atp_rankings_2026_06_29.csv
2026-06-29,208229,Qian Sun,907,25,0.0,1.0,CHN,24,atp_rankings_2026_06_29.csv
2026-06-29,117353,Duck Hee Lee,908,25,1.0,10.0,KOR,28,atp_rankings_2026_06_29.csv
2026-06-29,208844,Keshav Chopra,909,25,8.0,124.0,USA,24,atp_rankings_2026_06_29.csv
2026-06-29,206749,Niccolo Catini,910,25,-1.0,-13.0,ITA,28,atp_rankings_2026_06_29.csv
2026-06-29,208653,Isaac Becroft,911,25,0.0,-1.0,NZL,25,atp_rankings_2026_06_29.csv
2026-06-29,212070,Ali Yazdani,912,25,1.0,11.0,IRI,22,atp_rankings_2026_06_29.csv
2026-06-29,210048,Pierre Yves Bailly,913,24,0.0,-2.0,BEL,22,atp_rankings_2026_06_29.csv
2026-06-29,123993,Lucas Gerch,914,24,-1.0,-11.0,GER,31,atp_rankings_2026_06_29.csv
2026-06-29,213932,Theodore Dean,915,24,-2.0,-25.0,USA,24,atp_rankings_2026_06_29.csv
2026-06-29,214018,Jamie Mackenzie,916,24,0.0,-4.0,GER,,atp_rankings_2026_06_29.csv
2026-06-29,212944,Ryo Tabata,917,24,0.0,-4.0,JPN,18,atp_rankings_2026_06_29.csv
2026-06-29,208382,Herman Hoeyeraal,918,24,0.0,-4.0,NOR,24,atp_rankings_2026_06_29.csv
2026-06-29,208320,Christopher Li,919,24,0.0,-3.0,PER,22,atp_rankings_2026_06_29.csv
2026-06-29,206216,Tom Zeuch,920,24,0.0,0.0,GER,26,atp_rankings_2026_06_29.csv
2026-06-29,212478,William Rejchtman Vinciguerra,921,24,0.0,0.0,SWE,19,atp_rankings_2026_06_29.csv
2026-06-29,212972,Andrea De Marchi,922,24,8.0,132.0,ITA,19,atp_rankings_2026_06_29.csv
2026-06-29,212022,Daniil Sarksian,923,24,0.0,1.0,RUS,20,atp_rankings_2026_06_29.csv
2026-06-29,207841,Muhammad Shoaib,924,23,0.0,1.0,PAK,24,atp_rankings_2026_06_29.csv
2026-06-29,104905,Nicolas Barrientos,925,23,2.0,29.0,COL,39,atp_rankings_2026_06_29.csv
2026-06-29,212733,Matthew Forbes,926,23,0.0,1.0,USA,20,atp_rankings_2026_06_29.csv
2026-06-29,208931,Toby Alex Kodat,927,23,0.0,1.0,USA,23,atp_rankings_2026_06_29.csv
2026-06-29,210039,Orel Kimhi,928,23,0.0,1.0,ISR,22,atp_rankings_2026_06_29.csv
2026-06-29,126165,Aoran Wang,929,23,2.0,34.0,CHN,29,atp_rankings_2026_06_29.csv
2026-06-29,127087,Dominik Recek,930,23,0.0,0.0,CZE,31,atp_rankings_2026_06_29.csv
2026-06-29,208237,Aleksa Ciric,931,23,0.0,0.0,SRB,26,atp_rankings_2026_06_29.csv
2026-06-29,207343,Hanyi Liu,932,23,0.0,0.0,CHN,25,atp_rankings_2026_06_29.csv
2026-06-29,209128,Diego Augusto Barreto Sanchez,933,23,-1.0,-16.0,ESP,24,atp_rankings_2026_06_29.csv
2026-06-29,212816,Lucca Helguera Casado,934,23,-1.0,-12.0,ESP,20,atp_rankings_2026_06_29.csv
2026-06-29,212574,Egor Pleshivtsev,935,23,0.0,-1.0,RUS,,atp_rankings_2026_06_29.csv
2026-06-29,149842,Nicolas Ian Kotzen,936,22,0.0,-1.0,USA,23,atp_rankings_2026_06_29.csv
2026-06-29,144841,Christian Sigsgaard,937,22,-4.0,-48.0,DEN,29,atp_rankings_2026_06_29.csv
2026-06-29,212311,Stijn Paardekooper,938,22,0.0,0.0,NED,22,atp_rankings_2026_06_29.csv
2026-06-29,212949,Ziga Sesko,939,22,0.0,0.0,SLO,17,atp_rankings_2026_06_29.csv
2026-06-29,211503,Nico Hipfl,940,22,8.0,143.0,AUT,20,atp_rankings_2026_06_29.csv
2026-06-29,212780,Enzo Kohlmann De Freitas,941,22,0.0,-1.0,BRA,19,atp_rankings_2026_06_29.csv
2026-06-29,208055,Ajeet Rai,942,22,0.0,0.0,NZL,27,atp_rankings_2026_06_29.csv
2026-06-29,208003,Bekkhan Atlangeriev,943,22,0.0,-2.0,RUS,25,atp_rankings_2026_06_29.csv
2026-06-29,210477,Artur Kukasian,944,22,0.0,-1.0,RUS,22,atp_rankings_2026_06_29.csv
2026-06-29,208051,Axel Nefve,945,22,-2.0,-26.0,USA,25,atp_rankings_2026_06_29.csv
2026-06-29,211497,Rocco Piatti,946,22,1.0,20.0,MON,21,atp_rankings_2026_06_29.csv
2026-06-29,211774,Ryotaro Taguchi,947,22,0.0,-3.0,JPN,25,atp_rankings_2026_06_29.csv
2026-06-29,209956,Dev Javia,948,22,-1.0,-15.0,IND,24,atp_rankings_2026_06_29.csv
2026-06-29,211646,Louis Larue,949,22,0.0,-3.0,FRA,22,atp_rankings_2026_06_29.csv
2026-06-29,209171,Thantub Suksumrarn,950,22,0.0,-3.0,THA,25,atp_rankings_2026_06_29.csv
2026-06-29,207676,Adan Freire Da Silva,951,22,0.0,-3.0,FRA,27,atp_rankings_2026_06_29.csv
2026-06-29,212259,Benjamin Thomas George,952,22,1.0,20.0,CAN,23,atp_rankings_2026_06_29.csv
2026-06-29,202244,Jeremy Gschwendtner,953,22,0.0,-4.0,GBR,27,atp_rankings_2026_06_29.csv
2026-06-29,210456,Karim Ibrahim,954,22,0.0,-4.0,EGY,22,atp_rankings_2026_06_29.csv
2026-06-29,202334,Jesse Delaney,955,22,0.0,-4.0,AUS,27,atp_rankings_2026_06_29.csv
2026-06-29,208401,Giannicola Misasi,956,22,0.0,-3.0,ITA,25,atp_rankings_2026_06_29.csv
2026-06-29,212076,Zoran Ludoski,957,21,0.0,-2.0,SRB,21,atp_rankings_2026_06_29.csv
2026-06-29,210478,Sebastian Gorzny,958,21,0.0,-2.0,USA,22,atp_rankings_2026_06_29.csv
2026-06-29,106137,Tristan Lamasine,959,21,0.0,-2.0,FRA,33,atp_rankings_2026_06_29.csv
2026-06-29,202345,Arvid Nordquist,960,21,0.0,-2.0,SWE,28,atp_rankings_2026_06_29.csv
2026-06-29,209355,Timo Legout,961,21,0.0,-2.0,FRA,24,atp_rankings_2026_06_29.csv
2026-06-29,214589,Yannick Theodor Alexandrescou,962,21,0.0,-1.0,FRA,18,atp_rankings_2026_06_29.csv
2026-06-29,209334,Micah Braswell,963,21,0.0,-1.0,USA,24,atp_rankings_2026_06_29.csv
2026-06-29,209905,Shunsuke Nakagawa,964,21,1.0,13.0,JPN,26,atp_rankings_2026_06_29.csv
2026-06-29,126953,Chan Yeong Oh,965,21,1.0,15.0,KOR,28,atp_rankings_2026_06_29.csv
2026-06-29,134490,Justin Roberts,966,21,0.0,-2.0,BAH,29,atp_rankings_2026_06_29.csv
2026-06-29,209115,Oliver Okonkwo,967,21,0.0,-2.0,GBR,26,atp_rankings_2026_06_29.csv
2026-06-29,212308,Markus Malaszszak,968,21,2.0,28.0,GER,21,atp_rankings_2026_06_29.csv
2026-06-29,212888,Rares Teodor Pieleanu,969,21,-1.0,-24.0,ROU,19,atp_rankings_2026_06_29.csv
2026-06-29,200418,Karl Friberg,970,21,0.0,0.0,SWE,27,atp_rankings_2026_06_29.csv
2026-06-29,213048,Alan Wazny,971,21,0.0,-3.0,POL,,atp_rankings_2026_06_29.csv
2026-06-29,210684,Niccolo Ciavarella,972,21,0.0,-1.0,ITA,22,atp_rankings_2026_06_29.csv
2026-06-29,208466,Evan Bynoe,973,21,0.0,-1.0,USA,27,atp_rankings_2026_06_29.csv
2026-06-29,106397,Wishaya Trongcharoenchaikul,974,21,-1.0,-22.0,THA,31,atp_rankings_2026_06_29.csv
2026-06-29,210531,Paul Inchauspe,975,20,-2.0,-39.0,FRA,22,atp_rankings_2026_06_29.csv
2026-06-29,209280,Devin Badenhorst,976,20,0.0,-2.0,RSA,22,atp_rankings_2026_06_29.csv
2026-06-29,207809,Khololwam Montsi,977,20,0.0,-2.0,RSA,23,atp_rankings_2026_06_29.csv
2026-06-29,209943,Ilya Snitari,978,20,-2.0,-41.0,MDA,24,atp_rankings_2026_06_29.csv
2026-06-29,210759,Gianluca Brunkow,979,20,0.0,-3.0,USA,23,atp_rankings_2026_06_29.csv
2026-06-29,210727,Taym Al Azmeh,980,20,-1.0,-20.0,GER,22,atp_rankings_2026_06_29.csv
2026-06-29,209204,Iiro Vasa,981,20,0.0,-3.0,FIN,23,atp_rankings_2026_06_29.csv
2026-06-29,212852,Kacper Szymkowiak,982,20,0.0,-3.0,POL,21,atp_rankings_2026_06_29.csv
2026-06-29,213014,Simeon Stankovic,983,20,1.0,9.0,SRB,,atp_rankings_2026_06_29.csv
2026-06-29,212203,Luca Preda,984,20,0.0,-3.0,ROU,20,atp_rankings_2026_06_29.csv
2026-06-29,109334,Bastian Malla,985,20,0.0,-3.0,CHI,29,atp_rankings_2026_06_29.csv
2026-06-29,211491,Robert Guna,986,20,2.0,31.0,ROU,20,atp_rankings_2026_06_29.csv
2026-06-29,212630,Aaron Funk,987,20,0.0,-3.0,GER,20,atp_rankings_2026_06_29.csv
2026-06-29,212280,Giulio Perego,988,20,0.0,-5.0,ITA,23,atp_rankings_2026_06_29.csv
2026-06-29,213356,Michele Mecarelli,989,20,0.0,-4.0,ITA,19,atp_rankings_2026_06_29.csv
2026-06-29,210554,Marko Maksimovic,990,20,0.0,-4.0,SRB,20,atp_rankings_2026_06_29.csv
2026-06-29,209164,Lorenzo Rottoli,991,20,-1.0,-24.0,ITA,24,atp_rankings_2026_06_29.csv
2026-06-29,211467,Aditya Vishal Balsekar,992,20,0.0,-5.0,IND,23,atp_rankings_2026_06_29.csv
2026-06-29,212631,David Eichenseher,993,20,1.0,10.0,GER,20,atp_rankings_2026_06_29.csv
2026-06-29,212616,Yuta Tomida,994,20,0.0,-6.0,JPN,19,atp_rankings_2026_06_29.csv
2026-06-29,202275,Fermin Tenti,995,20,0.0,-6.0,ARG,29,atp_rankings_2026_06_29.csv
2026-06-29,212030,Kerem Yilmaz,996,20,4.0,59.0,TUR,19,atp_rankings_2026_06_29.csv
2026-06-29,200276,Niklas Schell,997,20,1.0,9.0,GER,27,atp_rankings_2026_06_29.csv
2026-06-29,212246,Volodymyr Iakubenko,998,20,2.0,26.0,UKR,20,atp_rankings_2026_06_29.csv
2026-06-29,210523,Luca Pow,999,19,0.0,-9.0,GBR,21,atp_rankings_2026_06_29.csv
2026-06-29,213603,Joaquin Guilleme,1000,19,2.0,25.0,NIC,,atp_rankings_2026_06_29.csv
2026-06-29,212127,Charlie Robertson,1001,19,0.0,-10.0,GBR,19,atp_rankings_2026_06_29.csv
2026-06-29,206556,Lautaro Agustin Falabella,1002,19,0.0,-8.0,ARG,28,atp_rankings_2026_06_29.csv
2026-06-29,210683,Peter Buldorini,1003,19,0.0,-10.0,ITA,21,atp_rankings_2026_06_29.csv
2026-06-29,212142,Maxwell Exsted,1004,19,0.0,-9.0,USA,19,atp_rankings_2026_06_29.csv
2026-06-29,208132,Noah Schachter,1005,19,0.0,-7.0,USA,26,atp_rankings_2026_06_29.csv
2026-06-29,144751,Rigele Te,1006,19,0.0,-9.0,CHN,28,atp_rankings_2026_06_29.csv
2026-06-29,208424,Julian Cundom,1007,19,0.0,-7.0,ARG,25,atp_rankings_2026_06_29.csv
2026-06-29,202065,Petros Tsitsipas,1008,19,0.0,-9.0,GRE,25,atp_rankings_2026_06_29.csv
2026-06-29,210394,Nikita Ianin,1009,19,0.0,-7.0,RUS,24,atp_rankings_2026_06_29.csv
2026-06-29,213143,Sydney Zick,1010,19,1.0,11.0,GER,19,atp_rankings_2026_06_29.csv
2026-06-29,208613,Ezequiel Monferrer,1011,19,0.0,-7.0,ARG,23,atp_rankings_2026_06_29.csv
2026-06-29,208006,Rafael Tosetto,1012,19,1.0,11.0,BRA,27,atp_rankings_2026_06_29.csv
2026-06-29,213806,Kriish Tyagi,1013,18,0.0,-6.0,IND,19,atp_rankings_2026_06_29.csv
2026-06-29,105575,Ricardas Berankis,1014,18,0.0,-6.0,LTU,36,atp_rankings_2026_06_29.csv
2026-06-29,212476,Noritaka Koizumi,1015,18,0.0,-6.0,JPN,23,atp_rankings_2026_06_29.csv
2026-06-29,106264,Karue Sell,1016,18,0.0,-6.0,BRA,32,atp_rankings_2026_06_29.csv
2026-06-29,210091,Filip Pieczonka,1017,18,0.0,-6.0,POL,22,atp_rankings_2026_06_29.csv
2026-06-29,106227,Ji Sung Nam,1018,18,0.0,-6.0,KOR,32,atp_rankings_2026_06_29.csv
2026-06-29,148673,Dominique Rolland,1019,18,0.0,-6.0,USA,21,atp_rankings_2026_06_29.csv
2026-06-29,211585,Alex Kuperstein,1020,18,0.0,-6.0,USA,27,atp_rankings_2026_06_29.csv
2026-06-29,213677,Dante Pagani,1020,18,0.0,-6.0,ARG,,atp_rankings_2026_06_29.csv
2026-06-29,200671,Daisuke Sumizawa,1022,18,0.0,-6.0,JPN,27,atp_rankings_2026_06_29.csv
2026-06-29,209247,Axel Garcian,1023,18,-8.0,-132.0,FRA,24,atp_rankings_2026_06_29.csv
2026-06-29,109694,Pedro Araujo,1024,18,0.0,-6.0,POR,24,atp_rankings_2026_06_29.csv
2026-06-29,126135,Jumpei Yamasaki,1025,18,0.0,-6.0,JPN,28,atp_rankings_2026_06_29.csv
2026-06-29,209203,Evgeny Philippov,1026,18,0.0,-6.0,RUS,24,atp_rankings_2026_06_29.csv
2026-06-29,149843,Conor Gannon,1027,18,-1.0,-26.0,IRL,24,atp_rankings_2026_06_29.csv
2026-06-29,209038,Linang Xiao,1028,18,0.0,-6.0,CHN,26,atp_rankings_2026_06_29.csv
2026-06-29,213987,Vignesh Gogineni,1029,17,1.0,12.0,USA,,atp_rankings_2026_06_29.csv
2026-06-29,205842,Arthur Reymond,1030,17,0.0,-2.0,FRA,27,atp_rankings_2026_06_29.csv
2026-06-29,209330,Bautista Vilicich,1031,17,0.0,-2.0,ARG,24,atp_rankings_2026_06_29.csv
2026-06-29,208039,Ronald Hohmann,1032,17,0.0,-2.0,USA,24,atp_rankings_2026_06_29.csv
2026-06-29,212149,Nikola Djosic,1033,17,0.0,-2.0,SUI,18,atp_rankings_2026_06_29.csv
2026-06-29,212059,Zach Stephens,1034,17,0.0,-2.0,GBR,20,atp_rankings_2026_06_29.csv
2026-06-29,213174,Mickael Kaouk,1035,17,4.0,77.0,FRA,,atp_rankings_2026_06_29.csv
2026-06-29,213969,Joao Vitor Scramin Do Lago,1036,17,0.0,-2.0,BRA,20,atp_rankings_2026_06_29.csv
2026-06-29,211334,Aljaz Jeran,1037,17,0.0,-2.0,SLO,22,atp_rankings_2026_06_29.csv
2026-06-29,213103,Viktor Frydrych,1038,17,2.0,36.0,GBR,,atp_rankings_2026_06_29.csv
2026-06-29,200166,Stefan Vujic,1039,17,0.0,-3.0,AUS,28,atp_rankings_2026_06_29.csv
2026-06-29,210409,Pavlos Tsitsipas,1040,17,0.0,-3.0,GRE,20,atp_rankings_2026_06_29.csv
2026-06-29,208250,Mihai Razvan Marinescu,1041,17,0.0,-2.0,ROU,24,atp_rankings_2026_06_29.csv
2026-06-29,105077,Albert Ramos,1042,16,0.0,-2.0,ESP,38,atp_rankings_2026_06_29.csv
2026-06-29,212926,Andrew Delgado,1043,16,0.0,-1.0,USA,21,atp_rankings_2026_06_29.csv
2026-06-29,210132,Julio Cesar Porras,1044,16,0.0,-1.0,ARG,28,atp_rankings_2026_06_29.csv
2026-06-29,106078,Egor Gerasimov,1045,16,-1.0,-19.0,BLR,33,atp_rankings_2026_06_29.csv
2026-06-29,126283,Yunseong Chung,1046,16,0.0,-2.0,KOR,28,atp_rankings_2026_06_29.csv
2026-06-29,210098,Victor Lilov,1047,16,0.0,-2.0,USA,22,atp_rankings_2026_06_29.csv
2026-06-29,208130,Geun Jun Kim,1048,16,0.0,-2.0,KOR,24,atp_rankings_2026_06_29.csv
2026-06-29,212460,Yan Cheng Chen,1049,16,0.0,-2.0,TPE,24,atp_rankings_2026_06_29.csv
2026-06-29,211761,Valentin Basel,1050,16,3.0,64.0,ARG,22,atp_rankings_2026_06_29.csv
2026-06-29,207927,Thando Longwe Smit,1051,16,0.0,-3.0,RSA,25,atp_rankings_2026_06_29.csv
2026-06-29,211700,Ruslan Tiukaev,1052,16,0.0,-3.0,RUS,21,atp_rankings_2026_06_29.csv
2026-06-29,134276,Jacob Brumm,1053,16,0.0,-3.0,USA,27,atp_rankings_2026_06_29.csv
2026-06-29,210182,Mateo Del Pino,1054,16,0.0,-3.0,ARG,23,atp_rankings_2026_06_29.csv
2026-06-29,208057,Diego Fernandez Flores,1055,16,0.0,-3.0,CHI,25,atp_rankings_2026_06_29.csv
2026-06-29,205831,Ammar Alhogbani,1056,16,1.0,19.0,USA,27,atp_rankings_2026_06_29.csv
2026-06-29,209233,Pietro Marino,1057,16,1.0,20.0,ITA,25,atp_rankings_2026_06_29.csv
2026-06-29,202220,Nicolas Bruna,1058,16,0.0,-2.0,CHI,27,atp_rankings_2026_06_29.csv
2026-06-29,212552,Nicolas Ifi,1059,16,-1.0,-21.0,BEL,28,atp_rankings_2026_06_29.csv
2026-06-29,211323,Jacopo Bilardo,1060,16,0.0,-3.0,ITA,21,atp_rankings_2026_06_29.csv
2026-06-29,212760,Joaquim Almeida,1061,15,0.0,-3.0,BRA,24,atp_rankings_2026_06_29.csv
2026-06-29,126536,David Pichler,1062,15,0.0,-3.0,AUT,30,atp_rankings_2026_06_29.csv
2026-06-29,126197,Orlando Luz,1063,15,0.0,-3.0,BRA,28,atp_rankings_2026_06_29.csv
2026-06-29,214558,Pablo Perez Ramos,1064,15,0.0,-3.0,ESP,23,atp_rankings_2026_06_29.csv
2026-06-29,206746,Benjamin Winter Lopez,1065,15,0.0,-3.0,ESP,28,atp_rankings_2026_06_29.csv
2026-06-29,209258,Alexandre Reco,1066,15,0.0,-3.0,FRA,27,atp_rankings_2026_06_29.csv
2026-06-29,200050,Finn Bass,1067,15,0.0,-3.0,GBR,26,atp_rankings_2026_06_29.csv
2026-06-29,126216,Alexander Klintcharov,1068,15,0.0,-3.0,NZL,29,atp_rankings_2026_06_29.csv
2026-06-29,214231,Johan Oscar Lien,1069,15,2.0,39.0,NOR,18,atp_rankings_2026_06_29.csv
2026-06-29,133014,Enzo Wallart,1070,15,0.0,-4.0,FRA,29,atp_rankings_2026_06_29.csv
2026-06-29,202419,Justin Schlageter,1071,15,1.0,11.0,GER,25,atp_rankings_2026_06_29.csv
2026-06-29,208855,Christopher Papa,1072,15,0.0,-5.0,USA,25,atp_rankings_2026_06_29.csv
2026-06-29,209913,Fons Van Sambeek,1073,15,0.0,-5.0,NED,24,atp_rankings_2026_06_29.csv
2026-06-29,212064,Duje Markovina,1074,15,0.0,-5.0,CRO,18,atp_rankings_2026_06_29.csv
2026-06-29,208518,Hazem Naw,1075,15,0.0,-5.0,SYR,26,atp_rankings_2026_06_29.csv
2026-06-29,149267,Andrea Colombo,1076,15,4.0,91.0,ITA,23,atp_rankings_2026_06_29.csv
2026-06-29,211317,Chen Dong,1076,15,0.0,-4.0,AUS,23,atp_rankings_2026_06_29.csv
2026-06-29,212834,Nicolas Garcia Longo,1078,15,1.0,12.0,ARG,21,atp_rankings_2026_06_29.csv
2026-06-29,213591,Billy Suarez,1079,15,-1.0,-26.0,USA,,atp_rankings_2026_06_29.csv
2026-06-29,124099,Mohamed Nazim Makhlouf,1080,15,0.0,-4.0,ALG,29,atp_rankings_2026_06_29.csv
2026-06-29,106214,Oscar Otte,1081,14,0.0,-1.0,GER,32,atp_rankings_2026_06_29.csv
2026-06-29,206573,Trey Hilderbrand,1082,14,0.0,-3.0,USA,26,atp_rankings_2026_06_29.csv
2026-06-29,202361,Simon Reveniau,1083,14,1.0,15.0,FRA,28,atp_rankings_2026_06_29.csv
2026-06-29,144932,Kristjan Tamm,1084,14,0.0,-3.0,EST,28,atp_rankings_2026_06_29.csv
2026-06-29,206600,Zura Tkemaladze,1085,14,0.0,1.0,GEO,26,atp_rankings_2026_06_29.csv
2026-06-29,212084,Denis Petak,1086,14,0.0,-2.0,CZE,19,atp_rankings_2026_06_29.csv
2026-06-29,200289,Mathieu Scaglia,1087,14,1.0,24.0,FRA,27,atp_rankings_2026_06_29.csv
2026-06-29,213043,Hiromasa Koyama,1088,14,0.0,-3.0,JPN,18,atp_rankings_2026_06_29.csv
2026-06-29,212889,Daniel Uta,1089,14,0.0,-2.0,ROU,19,atp_rankings_2026_06_29.csv
2026-06-29,207331,Vladislav Melnic,1090,14,-1.0,-19.0,ROU,27,atp_rankings_2026_06_29.csv
2026-06-29,211564,Brian Bozemoj,1091,14,0.0,-2.0,NED,22,atp_rankings_2026_06_29.csv
2026-06-29,205825,Joao Vitor Goncalves Ceolin,1092,14,0.0,-1.0,BRA,27,atp_rankings_2026_06_29.csv
2026-06-29,208816,Jeremy Schifris,1093,14,-1.0,-20.0,GER,24,atp_rankings_2026_06_29.csv
2026-06-29,214013,Fanming Meng,1094,14,0.0,-2.0,CHN,,atp_rankings_2026_06_29.csv
2026-06-29,212639,Yuto Oki,1095,14,1.0,22.0,JPN,,atp_rankings_2026_06_29.csv
2026-06-29,209921,Ali Habib,1096,14,0.0,-4.0,GBR,23,atp_rankings_2026_06_29.csv
2026-06-29,211645,Christian Djonov,1097,14,1.0,21.0,GER,26,atp_rankings_2026_06_29.csv
2026-06-29,212903,Melih Anavatan,1098,14,0.0,-4.0,TUR,,atp_rankings_2026_06_29.csv
2026-06-29,212762,Victor Hugo Remondy Pagotto,1099,14,0.0,-4.0,BRA,21,atp_rankings_2026_06_29.csv
2026-06-29,206736,Benjamin O'Connell,1100,14,0.0,-4.0,AUS,27,atp_rankings_2026_06_29.csv
2026-06-29,144731,Kody Pearson,1101,13,-1.0,-23.0,AUS,26,atp_rankings_2026_06_29.csv
2026-06-29,210312,Oliver Ojakaar,1102,13,0.0,-5.0,EST,21,atp_rankings_2026_06_29.csv
2026-06-29,211675,Keegan Rice,1103,13,0.0,-4.0,CAN,20,atp_rankings_2026_06_29.csv
2026-06-29,212847,Alejandro Hayen,1104,13,0.0,-4.0,MEX,28,atp_rankings_2026_06_29.csv
2026-06-29,209064,Suk Hyun Choo,1105,13,0.0,-4.0,KOR,25,atp_rankings_2026_06_29.csv
2026-06-29,106167,Joris De Loore,1105,13,0.0,-4.0,BEL,33,atp_rankings_2026_06_29.csv
2026-06-29,105359,Jason Jung,1107,13,0.0,-4.0,TPE,37,atp_rankings_2026_06_29.csv
2026-06-29,200457,Jannik Opitz,1108,13,0.0,-4.0,GER,28,atp_rankings_2026_06_29.csv
2026-06-29,212892,Vlado Jankanj,1109,13,1.0,20.0,SRB,,atp_rankings_2026_06_29.csv
2026-06-29,213210,Maan Kesharwani,1110,13,0.0,-4.0,IND,,atp_rankings_2026_06_29.csv
2026-06-29,210736,Shu Matsuoka,1111,13,0.0,-6.0,JPN,22,atp_rankings_2026_06_29.csv
2026-06-29,134405,Koray Kirci,1112,13,0.0,-5.0,TUR,27,atp_rankings_2026_06_29.csv
2026-06-29,214043,Lachlan James Mcfadzean,1113,13,0.0,-4.0,AUS,19,atp_rankings_2026_06_29.csv
2026-06-29,209997,Marcello Serafini,1114,13,0.0,-4.0,ITA,23,atp_rankings_2026_06_29.csv
2026-06-29,208908,Rafael De Alba,1115,13,-1.0,-27.0,MEX,,atp_rankings_2026_06_29.csv
2026-06-29,211329,James Van Herzeele,1116,13,0.0,-3.0,THA,,atp_rankings_2026_06_29.csv
2026-06-29,210532,Giacomo Crisostomo,1117,13,1.0,22.0,ITA,22,atp_rankings_2026_06_29.csv
2026-06-29,202081,Diogo Marques,1118,13,0.0,-2.0,POR,26,atp_rankings_2026_06_29.csv
2026-06-29,212649,Seung Woo Cho,1119,13,0.0,-4.0,KOR,28,atp_rankings_2026_06_29.csv
2026-06-29,210429,Pietro Romeo Scomparin,1120,13,-8.0,-151.0,ITA,25,atp_rankings_2026_06_29.csv
2026-06-29,212295,Enzo Camargo Lima,1121,13,0.0,-2.0,BRA,22,atp_rankings_2026_06_29.csv
2026-06-29,210047,Lorenzo Lorusso,1122,13,0.0,-2.0,ITA,26,atp_rankings_2026_06_29.csv
2026-06-29,211676,Saveliy Ivanov,1123,13,0.0,-2.0,RUS,21,atp_rankings_2026_06_29.csv
2026-06-29,209917,Benito Sanchez Martinez,1124,12,0.0,-2.0,GER,24,atp_rankings_2026_06_29.csv
2026-06-29,210038,Matias Ponce De Leon Gomila,1125,12,0.0,-2.0,ESP,23,atp_rankings_2026_06_29.csv
2026-06-29,213098,Hugo Car,1126,12,1.0,20.0,FRA,23,atp_rankings_2026_06_29.csv
2026-06-29,209879,Luc Koenig,1127,12,0.0,-3.0,GBR,22,atp_rankings_2026_06_29.csv
2026-06-29,212542,Jerry Roddick,1128,12,0.0,-3.0,USA,24,atp_rankings_2026_06_29.csv
2026-06-29,133835,Gijs Brouwer,1129,12,0.0,-3.0,NED,30,atp_rankings_2026_06_29.csv
2026-06-29,210002,Rohan Mehra,1130,12,0.0,-3.0,IND,24,atp_rankings_2026_06_29.csv
2026-06-29,211655,Julian  Alonso,1131,12,0.0,-3.0,ESP,21,atp_rankings_2026_06_29.csv
2026-06-29,214123,Elijah Sanogo,1132,12,1.0,20.0,FRA,17,atp_rankings_2026_06_29.csv
2026-06-29,202090,Adrian Andreev,1133,12,0.0,-3.0,BUL,25,atp_rankings_2026_06_29.csv
2026-06-29,214206,Thiago Agustin Pernas,1134,12,0.0,-2.0,ARG,25,atp_rankings_2026_06_29.csv
2026-06-29,208467,Alexander Kotzen,1135,12,0.0,-2.0,USA,25,atp_rankings_2026_06_29.csv
2026-06-29,104510,Stefan Seifert,1136,12,0.0,-5.0,GER,41,atp_rankings_2026_06_29.csv
2026-06-29,210198,George Lazarov,1137,12,3.0,93.0,BUL,21,atp_rankings_2026_06_29.csv
2026-06-29,210163,Elgin Khoeblal,1138,12,0.0,-3.0,NED,24,atp_rankings_2026_06_29.csv
2026-06-29,212134,Maxence Rivet,1139,12,0.0,-2.0,FRA,22,atp_rankings_2026_06_29.csv
2026-06-29,212260,Rocco Valente,1140,12,0.0,-4.0,ARG,21,atp_rankings_2026_06_29.csv
2026-06-29,136648,Jefferson Wendler Filho,1141,12,0.0,-3.0,BRA,30,atp_rankings_2026_06_29.csv
2026-06-29,200024,Makoto Ochi,1142,12,0.0,-1.0,JPN,30,atp_rankings_2026_06_29.csv
2026-06-29,211904,Maximilian Figl,1143,12,0.0,0.0,ITA,22,atp_rankings_2026_06_29.csv
2026-06-29,208864,Leyton Rivera,1144,12,0.0,0.0,NOR,24,atp_rankings_2026_06_29.csv
2026-06-29,210416,Bryce Nakashima,1145,11,8.0,438.0,USA,22,atp_rankings_2026_06_29.csv
2026-06-29,213771,Dominick Mosejczuk,1146,11,0.0,-1.0,USA,19,atp_rankings_2026_06_29.csv
2026-06-29,212857,Cooper Woestendick,1147,11,0.0,1.0,USA,19,atp_rankings_2026_06_29.csv
2026-06-29,209928,Kalin Ivanovski,1148,11,0.0,-1.0,MKD,22,atp_rankings_2026_06_29.csv
2026-06-29,210115,Yunseok Jang,1149,11,0.0,0.0,KOR,23,atp_rankings_2026_06_29.csv
2026-06-29,212202,Alvin Nicholas Tudorica,1150,11,0.0,0.0,CAN,24,atp_rankings_2026_06_29.csv
2026-06-29,149115,Adam Jilly,1151,11,1.0,31.0,HUN,19,atp_rankings_2026_06_29.csv
2026-06-29,210667,Edoardo Cherie Ligniere,1152,11,1.0,32.0,ITA,22,atp_rankings_2026_06_29.csv
2026-06-29,207172,Connor Thomson,1153,11,0.0,0.0,GBR,25,atp_rankings_2026_06_29.csv
2026-06-29,210705,Matt Hulme,1154,11,0.0,0.0,AUS,27,atp_rankings_2026_06_29.csv
2026-06-29,212481,Federico Aguilar Cardozo,1155,11,0.0,0.0,URU,21,atp_rankings_2026_06_29.csv
2026-06-29,212110,Mathis Bondaz,1156,11,0.0,-5.0,FRA,,atp_rankings_2026_06_29.csv
2026-06-29,209887,Liam Gavrielides,1157,11,0.0,-1.0,GER,22,atp_rankings_2026_06_29.csv
2026-06-29,213935,Daniil Kakhniuk,1158,11,0.0,-1.0,BLR,,atp_rankings_2026_06_29.csv
2026-06-29,210722,Viktor Markov,1159,11,0.0,-1.0,BUL,21,atp_rankings_2026_06_29.csv
2026-06-29,210436,Hayden Jones,1160,11,0.0,0.0,AUS,19,atp_rankings_2026_06_29.csv
2026-06-29,209999,Leonardo Malgaroli,1161,11,0.0,-2.0,ITA,23,atp_rankings_2026_06_29.csv
2026-06-29,138104,Stefan Cooper,1162,11,0.0,-1.0,GBR,30,atp_rankings_2026_06_29.csv
2026-06-29,144744,Kazuki Nishiwaki,1163,11,0.0,-1.0,JPN,31,atp_rankings_2026_06_29.csv
2026-06-29,208249,Gian Marco Ortenzi,1164,11,1.0,28.0,ITA,26,atp_rankings_2026_06_29.csv
2026-06-29,210605,Liam Branger,1165,11,0.0,-1.0,FRA,25,atp_rankings_2026_06_29.csv
2026-06-29,213772,Lorenzo Comino,1166,11,0.0,0.0,ITA,20,atp_rankings_2026_06_29.csv
2026-06-29,209314,Jan Kupcic,1167,11,0.0,-4.0,SLO,25,atp_rankings_2026_06_29.csv
2026-06-29,209516,Valentin Lapalu,1168,11,0.0,-3.0,FRA,24,atp_rankings_2026_06_29.csv
2026-06-29,213580,Leonardo Primucci,1169,11,-1.0,-29.0,ITA,,atp_rankings_2026_06_29.csv
2026-06-29,212726,Sungbeen Sim,1170,11,0.0,-2.0,KOR,29,atp_rankings_2026_06_29.csv
2026-06-29,212210,Filippo Mazzola,1171,11,0.0,0.0,ITA,21,atp_rankings_2026_06_29.csv
2026-06-29,211390,Sergi Fita Juan,1172,11,0.0,-2.0,ESP,,atp_rankings_2026_06_29.csv
2026-06-29,144937,Nicolas Parizzia,1173,11,0.0,-1.0,SUI,27,atp_rankings_2026_06_29.csv
2026-06-29,211532,Nicolo Toffanin,1174,11,0.0,-1.0,ITA,23,atp_rankings_2026_06_29.csv
2026-06-29,106132,Toby Martin,1175,11,0.0,-1.0,GBR,33,atp_rankings_2026_06_29.csv
2026-06-29,105334,Luis David Martinez,1176,10,0.0,-1.0,VEN,37,atp_rankings_2026_06_29.csv
2026-06-29,207996,Siddhant Banthia,1177,10,0.0,-1.0,IND,25,atp_rankings_2026_06_29.csv
2026-06-29,111569,Gage Brymer,1178,10,0.0,1.0,USA,31,atp_rankings_2026_06_29.csv
2026-06-29,213601,Pranav Karthik,1178,10,0.0,0.0,IND,,atp_rankings_2026_06_29.csv
2026-06-29,214377,Tito Chavez,1180,10,0.0,-1.0,ESP,18,atp_rankings_2026_06_29.csv
2026-06-29,126878,David Poljak,1181,10,0.0,0.0,CZE,30,atp_rankings_2026_06_29.csv
2026-06-29,212841,Lucas Marionneau,1182,10,0.0,1.0,FRA,19,atp_rankings_2026_06_29.csv
2026-06-29,211635,Segundo Goity Zapico,1183,10,0.0,2.0,ARG,20,atp_rankings_2026_06_29.csv
2026-06-29,209060,Alexander Bernard,1184,10,1.0,34.0,USA,22,atp_rankings_2026_06_29.csv
2026-06-29,109946,Pedro Rodrigues,1185,10,-7.0,-158.0,BRA,20,atp_rankings_2026_06_29.csv
2026-06-29,149128,Goncalo Marques,1186,10,0.0,0.0,POR,20,atp_rankings_2026_06_29.csv
2026-06-29,212820,Martin Sabas,1187,10,0.0,1.0,FRA,24,atp_rankings_2026_06_29.csv
2026-06-29,210570,Kevin Edengren,1188,10,0.0,-1.0,SWE,20,atp_rankings_2026_06_29.csv
2026-06-29,212647,Jaesung Choe,1189,10,1.0,35.0,KOR,26,atp_rankings_2026_06_29.csv
2026-06-29,212530,Mikael Arseneault,1190,10,0.0,-1.0,CAN,19,atp_rankings_2026_06_29.csv
2026-06-29,149142,Tanguy Genier,1191,10,7.0,487.0,SUI,28,atp_rankings_2026_06_29.csv
2026-06-29,210166,Mika Lipp,1192,10,0.0,-2.0,GER,22,atp_rankings_2026_06_29.csv
2026-06-29,110751,Sebastian Fanselow,1193,10,0.0,-2.0,GER,34,atp_rankings_2026_06_29.csv
2026-06-29,117352,Oliver Anderson,1194,10,-2.0,-60.0,AUS,28,atp_rankings_2026_06_29.csv
2026-06-29,210740,Liam Krall,1195,10,0.0,-1.0,USA,24,atp_rankings_2026_06_29.csv
2026-06-29,126185,Evgenii Tiurnev,1196,10,0.0,-3.0,RUS,29,atp_rankings_2026_06_29.csv
2026-06-29,211574,Ethan Cook,1197,10,0.0,-2.0,AUS,23,atp_rankings_2026_06_29.csv
2026-06-29,202293,Charles Bertimon,1198,10,2.0,74.0,FRA,26,atp_rankings_2026_06_29.csv
2026-06-29,210514,Edison Ambarzumjan,1199,10,0.0,-3.0,GER,29,atp_rankings_2026_06_29.csv
2026-06-29,213198,Kacper Knitter,1199,10,0.0,-3.0,POL,18,atp_rankings_2026_06_29.csv
2026-06-29,210183,Marcel Kamrowski,1201,10,0.0,-2.0,POL,23,atp_rankings_2026_06_29.csv
2026-06-29,213701,Tobia Costanzo Baragiola Mordini,1202,10,0.0,-2.0,ITA,,atp_rankings_2026_06_29.csv
2026-06-29,208185,Michael Gloeckler,1203,10,0.0,-2.0,AUT,27,atp_rankings_2026_06_29.csv
2026-06-29,207864,Noel Larwig,1203,10,0.0,-5.0,GER,24,atp_rankings_2026_06_29.csv
2026-06-29,145008,Hugo Pierre,1205,10,0.0,-3.0,FRA,30,atp_rankings_2026_06_29.csv
2026-06-29,210535,Maxim Shin,1206,10,-2.0,-64.0,UZB,23,atp_rankings_2026_06_29.csv
2026-06-29,213848,Nicholas Roberts,1207,10,0.0,-4.0,FRA,19,atp_rankings_2026_06_29.csv
2026-06-29,212935,Ferdinand Livet Novkirichka,1208,10,0.0,-4.0,FRA,,atp_rankings_2026_06_29.csv
2026-06-29,208186,Preston Brown,1209,10,0.0,-4.0,USA,24,atp_rankings_2026_06_29.csv
2026-06-29,209852,Zsombor Velcz,1210,9,-1.0,-34.0,HUN,23,atp_rankings_2026_06_29.csv
2026-06-29,208370,Keenan Mayo,1211,9,0.0,-5.0,USA,26,atp_rankings_2026_06_29.csv
2026-06-29,149277,Andrea Meduri,1211,9,0.0,-3.0,ITA,21,atp_rankings_2026_06_29.csv
2026-06-29,210613,Derek Pham,1211,9,0.0,-5.0,AUS,22,atp_rankings_2026_06_29.csv
2026-06-29,210645,Ofek Shimanov,1214,9,0.0,-6.0,ISR,20,atp_rankings_2026_06_29.csv
2026-06-29,212880,Ilyas Milad Fahim,1215,9,0.0,-5.0,MAR,20,atp_rankings_2026_06_29.csv
2026-06-29,213956,Andrej Loncarevic,1216,9,0.0,-5.0,FRA,20,atp_rankings_2026_06_29.csv
2026-06-29,106262,Boris Arias,1217,9,0.0,-5.0,BOL,32,atp_rankings_2026_06_29.csv
2026-06-29,209910,Szymon Kielan,1218,9,0.0,-5.0,POL,23,atp_rankings_2026_06_29.csv
2026-06-29,200456,Martin Borisiouk,1219,9,0.0,-5.0,BLR,25,atp_rankings_2026_06_29.csv
2026-06-29,106348,Evgeny Karlovskiy,1220,9,0.0,-5.0,RUS,31,atp_rankings_2026_06_29.csv
2026-06-29,212930,Mario Martinez Serrano,1220,9,0.0,-5.0,ESP,22,atp_rankings_2026_06_29.csv
2026-06-29,213802,Mustafa Ege Sik,1222,9,0.0,-4.0,TUR,16,atp_rankings_2026_06_29.csv
2026-06-29,210274,Sebastian Dominko,1223,9,0.0,-3.0,SLO,23,atp_rankings_2026_06_29.csv
2026-06-29,212885,Cezar Gabriel Papoe,1224,9,2.0,82.0,ROU,18,atp_rankings_2026_06_29.csv
2026-06-29,131910,Lucas Bouquet,1225,9,0.0,-2.0,FRA,28,atp_rankings_2026_06_29.csv
2026-06-29,149272,Tudor Batin,1226,9,1.0,32.0,ROU,19,atp_rankings_2026_06_29.csv
2026-06-29,212250,James Connel,1227,9,0.0,-2.0,GBR,23,atp_rankings_2026_06_29.csv
2026-06-29,213889,Arjun Rathi,1228,9,0.0,-2.0,IND,,atp_rankings_2026_06_29.csv
2026-06-29,211366,Vuk Radjenovic,1229,9,2.0,80.0,SRB,21,atp_rankings_2026_06_29.csv
2026-06-29,207452,Matthew Thomson,1230,9,0.0,-3.0,USA,26,atp_rankings_2026_06_29.csv
2026-06-29,213648,Udit Kamboj,1231,9,0.0,-3.0,IND,,atp_rankings_2026_06_29.csv
2026-06-29,133291,Ryota Tanuma,1232,9,0.0,-3.0,JPN,30,atp_rankings_2026_06_29.csv
2026-06-29,200036,Abhinav Sanjeev Shanmugam,1233,9,0.0,-3.0,IND,27,atp_rankings_2026_06_29.csv
2026-06-29,211505,Denis Constantin Spiridon,1234,9,0.0,-2.0,ITA,23,atp_rankings_2026_06_29.csv
2026-06-29,207183,Ishaque Eqbal,1235,9,0.0,-2.0,IND,28,atp_rankings_2026_06_29.csv
2026-06-29,210185,Alen Mujakic,1236,9,0.0,-2.0,GER,22,atp_rankings_2026_06_29.csv
2026-06-29,211480,Aleksander Chayka,1237,9,0.0,-1.0,RUS,21,atp_rankings_2026_06_29.csv
2026-06-29,208866,Leonid Sheyngezikht,1238,9,0.0,0.0,BUL,25,atp_rankings_2026_06_29.csv
2026-06-29,207236,Taketo Takamisawa,1239,9,0.0,-2.0,JPN,28,atp_rankings_2026_06_29.csv
2026-06-29,211388,Felipe De Dios,1240,9,0.0,-1.0,ARG,22,atp_rankings_2026_06_29.csv
2026-06-29,212106,Noah Lopez Cherubino,1241,9,2.0,91.0,ESP,,atp_rankings_2026_06_29.csv
2026-06-29,213717,Sebastiano Cocola,1242,9,0.0,-3.0,ITA,,atp_rankings_2026_06_29.csv
2026-06-29,111197,Jonathan Mridha,1243,9,0.0,-1.0,SWE,31,atp_rankings_2026_06_29.csv
2026-06-29,212770,Timeo Trufelli,1243,9,0.0,-2.0,FRA,18,atp_rankings_2026_06_29.csv
2026-06-29,212871,Piet Luis Pinter,1245,9,-2.0,-76.0,AUT,21,atp_rankings_2026_06_29.csv
2026-06-29,211662,Gabriel Schenekenberg,1246,9,0.0,-4.0,BRA,21,atp_rankings_2026_06_29.csv
2026-06-29,200197,Boris Butulija,1247,9,1.0,34.0,SRB,27,atp_rankings_2026_06_29.csv
2026-06-29,210754,Jan Hrazdil,1248,9,0.0,-4.0,CZE,21,atp_rankings_2026_06_29.csv
2026-06-29,213361,Ivan Gretskiy,1249,9,0.0,-4.0,RUS,20,atp_rankings_2026_06_29.csv
2026-06-29,210745,Matthias Ujvary,1250,9,0.0,-4.0,AUT,21,atp_rankings_2026_06_29.csv
2026-06-29,144672,Duarte Vale,1251,8,0.0,-4.0,POR,27,atp_rankings_2026_06_29.csv
2026-06-29,208871,Takeru Yuzuki,1252,8,0.0,-4.0,JPN,27,atp_rankings_2026_06_29.csv
2026-06-29,214433,Tanishk Konduri,1253,8,1.0,34.0,USA,17,atp_rankings_2026_06_29.csv
2026-06-29,212899,Moritz Kudernatsch,1254,8,4.0,237.0,GER,21,atp_rankings_2026_06_29.csv
2026-06-29,210728,Youssef Kadiri Hassani,1255,8,0.0,-5.0,MAR,22,atp_rankings_2026_06_29.csv
2026-06-29,212300,Sasha Rozin,1256,8,0.0,-7.0,CAN,20,atp_rankings_2026_06_29.csv
2026-06-29,212284,Pengyu Lu,1257,8,0.0,-6.0,CHN,24,atp_rankings_2026_06_29.csv
2026-06-29,211670,Marko Mesarovic,1258,8,-1.0,-36.0,USA,,atp_rankings_2026_06_29.csv
2026-06-29,213836,Gavin Goode,1259,8,0.0,-5.0,USA,,atp_rankings_2026_06_29.csv
2026-06-29,109734,Skander Mansouri,1260,8,0.0,-5.0,TUN,30,atp_rankings_2026_06_29.csv
2026-06-29,212075,Rodrigo Fernandes,1261,8,0.0,-8.0,POR,19,atp_rankings_2026_06_29.csv
2026-06-29,212604,Diego Jarry Fillol,1262,8,0.0,-5.0,USA,23,atp_rankings_2026_06_29.csv
2026-06-29,212769,Leo Lagarrigue,1263,8,0.0,-7.0,FRA,19,atp_rankings_2026_06_29.csv
2026-06-29,210458,Bernardo Munk Mesa,1264,8,0.0,-5.0,ESP,20,atp_rankings_2026_06_29.csv
2026-06-29,214112,Remy Dugardin,1265,8,0.0,-5.0,FRA,,atp_rankings_2026_06_29.csv
2026-06-29,212499,Vardan Manukyan,1266,8,0.0,-5.0,RUS,21,atp_rankings_2026_06_29.csv
2026-06-29,208840,Daniel Bagnolini,1267,8,0.0,-5.0,ITA,23,atp_rankings_2026_06_29.csv
2026-06-29,200419,Jonas Eriksson Ziverts,1268,8,0.0,-3.0,SWE,27,atp_rankings_2026_06_29.csv
2026-06-29,210055,Noah Lopez,1269,8,0.0,-3.0,SUI,24,atp_rankings_2026_06_29.csv
2026-06-29,144788,Louis Tessa,1270,8,0.0,0.0,FRA,28,atp_rankings_2026_06_29.csv
2026-06-29,213766,Enrique Carrascosa Diaz,1271,8,0.0,-8.0,ESP,,atp_rankings_2026_06_29.csv
2026-06-29,208892,Mohamed Ali Abibsi,1272,8,0.0,-8.0,ALG,24,atp_rankings_2026_06_29.csv
2026-06-29,213916,Ashton Mcleod,1272,8,0.0,-5.0,AUS,18,atp_rankings_2026_06_29.csv
2026-06-29,213653,Benjamin Willwerth,1274,8,0.0,-6.0,USA,,atp_rankings_2026_06_29.csv
2026-06-29,212606,Leonardo Borrelli,1275,8,0.0,-6.0,ITA,21,atp_rankings_2026_06_29.csv
2026-06-29,212934,Antoni Fabre,1276,8,0.0,-5.0,FRA,,atp_rankings_2026_06_29.csv
2026-06-29,209973,Edouard Villoslada,1277,8,1.0,47.0,FRA,26,atp_rankings_2026_06_29.csv
2026-06-29,132054,Nathan Ponwith,1278,8,0.0,-5.0,USA,28,atp_rankings_2026_06_29.csv
2026-06-29,209392,Reece Falck,1279,8,0.0,-4.0,NZL,24,atp_rankings_2026_06_29.csv
2026-06-29,149152,Aaron Gil Garcia,1280,8,0.0,-7.0,LUX,22,atp_rankings_2026_06_29.csv
2026-06-29,213131,Luke Hooper,1281,8,0.0,-5.0,GBR,,atp_rankings_2026_06_29.csv
2026-06-29,200220,Ezekiel Clark,1282,8,0.0,-3.0,USA,27,atp_rankings_2026_06_29.csv
2026-06-29,210192,Lucca Pinto,1282,8,0.0,-5.0,BRA,23,atp_rankings_2026_06_29.csv
2026-06-29,212536,James Beaven,1284,8,0.0,-5.0,GBR,21,atp_rankings_2026_06_29.csv
2026-06-29,212589,Luka Talan Lopatic,1284,8,0.0,-7.0,SLO,18,atp_rankings_2026_06_29.csv
2026-06-29,209118,Niklas Waldner,1286,8,0.0,-4.0,AUT,24,atp_rankings_2026_06_29.csv
2026-06-29,144730,Tomohiro Masabayashi,1287,8,0.0,-3.0,JPN,28,atp_rankings_2026_06_29.csv
2026-06-29,208164,Yassine Smiej,1288,8,0.0,-3.0,MAR,26,atp_rankings_2026_06_29.csv
2026-06-29,209977,Matas Vasiliauskas,1289,8,1.0,50.0,LTU,24,atp_rankings_2026_06_29.csv
2026-06-29,106234,Aslan Karatsev,1290,7,0.0,-2.0,RUS,32,atp_rankings_2026_06_29.csv
2026-06-29,208603,Cleeve Harper,1291,7,0.0,-2.0,CAN,25,atp_rankings_2026_06_29.csv
2026-06-29,207507,Stefan Latinovic,1292,7,0.0,-2.0,SRB,26,atp_rankings_2026_06_29.csv
2026-06-29,106296,Gregoire Barrere,1293,7,0.0,-2.0,FRA,32,atp_rankings_2026_06_29.csv
2026-06-29,210475,Preston Stearns,1294,7,0.0,-2.0,USA,22,atp_rankings_2026_06_29.csv
2026-06-29,213654,Noah Johnston,1295,7,0.0,-1.0,USA,,atp_rankings_2026_06_29.csv
2026-06-29,144081,Alex Chang,1296,7,0.0,-1.0,USA,40,atp_rankings_2026_06_29.csv
2026-06-29,202247,Simon Beaupain,1297,7,-1.0,-45.0,BEL,27,atp_rankings_2026_06_29.csv
2026-06-29,144707,Mikael Ymer,1298,7,-2.0,-81.0,SWE,27,atp_rankings_2026_06_29.csv
2026-06-29,210486,Nicholas Godsick,1299,7,0.0,-3.0,USA,21,atp_rankings_2026_06_29.csv
2026-06-29,213060,Adam Lynch,1300,7,0.0,-3.0,USA,,atp_rankings_2026_06_29.csv
2026-06-29,200331,Leonardo Aboian,1301,7,0.0,-3.0,ARG,28,atp_rankings_2026_06_29.csv
2026-06-29,105985,Darian King,1302,7,0.0,-3.0,BAR,34,atp_rankings_2026_06_29.csv
2026-06-29,210473,Fnu Nidunjianzan,1302,7,0.0,-3.0,CHN,22,atp_rankings_2026_06_29.csv
2026-06-29,208190,Davide Tortora,1304,7,0.0,-3.0,ITA,25,atp_rankings_2026_06_29.csv
2026-06-29,106232,Roberto Cid,1305,7,0.0,-3.0,DOM,32,atp_rankings_2026_06_29.csv
2026-06-29,211790,Rudy Quan,1306,7,-2.0,-86.0,USA,20,atp_rankings_2026_06_29.csv
2026-06-29,213632,Glib Sekachov,1306,7,1.0,53.0,UKR,,atp_rankings_2026_06_29.csv
2026-06-29,207233,Nemanja Malesevic,1308,7,0.0,-5.0,BIH,24,atp_rankings_2026_06_29.csv
2026-06-29,214341,Oscar Brown,1309,7,2.0,124.0,GBR,24,atp_rankings_2026_06_29.csv
2026-06-29,214126,Matteo Sciahbasi,1310,7,0.0,-2.0,ITA,19,atp_rankings_2026_06_29.csv
2026-06-29,130493,Tiago Silva,1310,7,0.0,-7.0,POR,21,atp_rankings_2026_06_29.csv
2026-06-29,214038,Laurence Teunissen,1310,7,0.0,-7.0,NED,,atp_rankings_2026_06_29.csv
2026-06-29,209955,Mikail Alimli,1313,7,0.0,-4.0,FRA,22,atp_rankings_2026_06_29.csv
2026-06-29,213175,Lucca Liu,1313,7,0.0,-4.0,USA,22,atp_rankings_2026_06_29.csv
2026-06-29,214266,Stefan Ilie Bogdan Petre,1313,7,1.0,52.0,ROU,18,atp_rankings_2026_06_29.csv
2026-06-29,207831,Ignacio Antonio Becerra Otarola,1316,7,0.0,-4.0,CHI,25,atp_rankings_2026_06_29.csv
2026-06-29,213829,Mac Visser,1316,7,0.0,-4.0,NED,21,atp_rankings_2026_06_29.csv
2026-06-29,106175,Ricardo Rodriguez,1318,7,0.0,-4.0,VEN,33,atp_rankings_2026_06_29.csv
2026-06-29,210742,Phillip Jordan,1319,7,0.0,-4.0,USA,25,atp_rankings_2026_06_29.csv
2026-06-29,213557,Alessandro Battiston,1320,7,0.0,-4.0,ITA,,atp_rankings_2026_06_29.csv
2026-06-29,214246,Nikolas Stoot,1321,7,0.0,-4.0,USA,18,atp_rankings_2026_06_29.csv
2026-06-29,104986,Vishnu Vardhan,1321,7,0.0,-4.0,IND,38,atp_rankings_2026_06_29.csv
2026-06-29,208835,Rafael Giotis,1323,7,1.0,54.0,GER,25,atp_rankings_2026_06_29.csv
2026-06-29,213619,Oskari Paldanius,1324,7,0.0,-5.0,FIN,,atp_rankings_2026_06_29.csv
2026-06-29,132018,Drew Van Orderlain,1325,7,0.0,-5.0,USA,31,atp_rankings_2026_06_29.csv
2026-06-29,211450,Alessio Basile,1326,7,0.0,-2.0,BEL,21,atp_rankings_2026_06_29.csv
2026-06-29,213004,Arthur Bellegy,1327,7,1.0,54.0,FRA,,atp_rankings_2026_06_29.csv
2026-06-29,213138,Alexander Wagner,1328,7,0.0,-5.0,AUT,19,atp_rankings_2026_06_29.csv
2026-06-29,133224,Francesco Ferrari,1329,7,0.0,-3.0,ITA,29,atp_rankings_2026_06_29.csv
2026-06-29,202106,Juan Bautista Otegui,1330,7,-2.0,-95.0,ARG,27,atp_rankings_2026_06_29.csv
2026-06-29,212786,Victor Braga,1331,7,0.0,-4.0,BRA,21,atp_rankings_2026_06_29.csv
2026-06-29,213026,Amine Jamji,1332,7,0.0,-4.0,MAR,,atp_rankings_2026_06_29.csv
2026-06-29,213882,Gray Voelzke,1333,7,0.0,-3.0,USA,23,atp_rankings_2026_06_29.csv
2026-06-29,210003,Chirag Duhan,1334,7,0.0,-6.0,IND,22,atp_rankings_2026_06_29.csv
2026-06-29,213800,Ty Host,1334,7,0.0,-1.0,AUS,19,atp_rankings_2026_06_29.csv
2026-06-29,212263,Xing Dao Chen,1336,7,0.0,0.0,CHN,22,atp_rankings_2026_06_29.csv
2026-06-29,212199,Tymur Bieldiugin,1337,7,-1.0,-54.0,UKR,20,atp_rankings_2026_06_29.csv
2026-06-29,213585,Roman Kharlamov,1337,7,0.0,0.0,RUS,,atp_rankings_2026_06_29.csv
2026-06-29,200234,Joshua Peck,1339,7,0.0,-1.0,CAN,27,atp_rankings_2026_06_29.csv
2026-06-29,208581,Noah Thurner,1340,7,-1.0,-54.0,GER,26,atp_rankings_2026_06_29.csv
2026-06-29,213119,Landon Ardila,1341,6,0.0,1.0,USA,,atp_rankings_2026_06_29.csv
2026-06-29,214425,Yannik Alvarez,1342,6,0.0,1.0,PUR,17,atp_rankings_2026_06_29.csv
2026-06-29,210504,Billy Blaydes,1342,6,4.0,353.0,GBR,22,atp_rankings_2026_06_29.csv
2026-06-29,131951,Daniel Cukierman,1342,6,0.0,1.0,ISR,30,atp_rankings_2026_06_29.csv
2026-06-29,106368,Ramkumar Ramanathan,1342,6,0.0,1.0,IND,31,atp_rankings_2026_06_29.csv
2026-06-29,144682,Kaito Uesugi,1342,6,2.0,138.0,JPN,31,atp_rankings_2026_06_29.csv
2026-06-29,105156,Federico Zeballos,1342,6,0.0,1.0,BOL,38,atp_rankings_2026_06_29.csv
2026-06-29,211609,Max Dahlin,1348,6,0.0,-1.0,SWE,20,atp_rankings_2026_06_29.csv
2026-06-29,144848,Sergio Luis Hernandez Ramirez,1348,6,0.0,-1.0,COL,26,atp_rankings_2026_06_29.csv
2026-06-29,144874,Ryan James Storrie,1350,6,0.0,0.0,GBR,28,atp_rankings_2026_06_29.csv
2026-06-29,210102,Neo Niedner,1351,6,2.0,140.0,GER,22,atp_rankings_2026_06_29.csv
2026-06-29,202165,Alberto Lim,1352,6,2.0,144.0,PHI,27,atp_rankings_2026_06_29.csv
2026-06-29,212153,Filip Gustafsson,1353,6,0.0,-2.0,SWE,21,atp_rankings_2026_06_29.csv
2026-06-29,212992,Niels Ratiu,1353,6,-1.0,-60.0,BEL,20,atp_rankings_2026_06_29.csv
2026-06-29,200681,Adil Kalyanpur,1355,6,0.0,-3.0,IND,26,atp_rankings_2026_06_29.csv
2026-06-29,210746,Paul Barbier Gazeu,1356,6,0.0,-3.0,FRA,21,atp_rankings_2026_06_29.csv
2026-06-29,213839,Santiago Giamichelle,1357,6,0.0,-3.0,ARG,22,atp_rankings_2026_06_29.csv
2026-06-29,210697,Harold Huens,1357,6,0.0,0.0,BEL,24,atp_rankings_2026_06_29.csv
2026-06-29,207836,Muzammil Murtaza,1357,6,1.0,46.0,PAK,26,atp_rankings_2026_06_29.csv
2026-06-29,209932,Michal Novansky,1357,6,0.0,-3.0,SVK,23,atp_rankings_2026_06_29.csv
2026-06-29,212912,Mathys Domenc,1361,6,0.0,-5.0,FRA,16,atp_rankings_2026_06_29.csv
2026-06-29,213957,Daniel Phillips,1362,6,1.0,45.0,BER,21,atp_rankings_2026_06_29.csv
2026-06-29,212066,Artem Alekseychuk,1363,6,0.0,-6.0,RUS,,atp_rankings_2026_06_29.csv
2026-06-29,213120,Lorenzo Berto,1364,6,1.0,47.0,ITA,19,atp_rankings_2026_06_29.csv
2026-06-29,210364,Mateo Castañeda,1365,6,0.0,-3.0,COL,20,atp_rankings_2026_06_29.csv
2026-06-29,212750,Clement Lemire,1366,6,2.0,148.0,FRA,19,atp_rankings_2026_06_29.csv
2026-06-29,200105,Frazier Rengifo,1367,6,0.0,-7.0,COL,27,atp_rankings_2026_06_29.csv
2026-06-29,212894,Patrik Munkhammar,1368,6,0.0,-7.0,SWE,18,atp_rankings_2026_06_29.csv
2026-06-29,212937,Achilles Belkovics,1369,6,0.0,-3.0,HUN,,atp_rankings_2026_06_29.csv
2026-06-29,210631,Linus Lagerbohm,1369,6,1.0,52.0,FIN,18,atp_rankings_2026_06_29.csv
2026-06-29,211610,Andreas Timini,1369,6,-1.0,-63.0,CYP,20,atp_rankings_2026_06_29.csv
2026-06-29,212896,Melvin Kumar,1372,6,0.0,-9.0,SWE,20,atp_rankings_2026_06_29.csv
2026-06-29,209416,Juan Carlos Aguilar,1373,6,0.0,-9.0,CAN,27,atp_rankings_2026_06_29.csv
2026-06-29,202192,Kuzey Cekirge,1373,6,0.0,0.0,TUR,26,atp_rankings_2026_06_29.csv
2026-06-29,133197,Joao Silva,1375,6,1.0,51.0,POR,19,atp_rankings_2026_06_29.csv
2026-06-29,214202,Gus Grumet,1376,6,0.0,-10.0,USA,18,atp_rankings_2026_06_29.csv
2026-06-29,202190,Gregor Ramskogler,1377,6,0.0,-8.0,AUT,27,atp_rankings_2026_06_29.csv
2026-06-29,207248,Naoki Tajima,1377,6,1.0,51.0,JPN,25,atp_rankings_2026_06_29.csv
2026-06-29,213215,Bill Chan,1379,6,0.0,-9.0,SGP,,atp_rankings_2026_06_29.csv
2026-06-29,212069,Kabir Hans,1380,6,0.0,-9.0,IND,24,atp_rankings_2026_06_29.csv
2026-06-29,213992,Lev Seidman,1380,6,0.0,-9.0,USA,18,atp_rankings_2026_06_29.csv
2026-06-29,212471,Minghui Zhang,1382,6,0.0,-3.0,CHN,21,atp_rankings_2026_06_29.csv
2026-06-29,212130,Mariano Tammaro,1383,6,0.0,-3.0,ITA,22,atp_rankings_2026_06_29.csv
2026-06-29,149266,Fadi Bidan,1384,6,0.0,-10.0,LBN,20,atp_rankings_2026_06_29.csv
2026-06-29,212683,Theo Herrmann,1384,6,0.0,-18.0,FRA,21,atp_rankings_2026_06_29.csv
2026-06-29,213092,Jonas Kucera,1384,6,0.0,-10.0,CZE,19,atp_rankings_2026_06_29.csv
2026-06-29,210155,Jasza Szajrych,1384,6,0.0,-10.0,POL,24,atp_rankings_2026_06_29.csv
2026-06-29,213151,Flynn Thomas,1388,6,1.0,52.0,SUI,,atp_rankings_2026_06_29.csv
2026-06-29,209979,Madhwin Kamath,1389,6,0.0,-11.0,IND,24,atp_rankings_2026_06_29.csv
2026-06-29,211387,Jonas Pelle Hartenstein,1390,6,-1.0,-68.0,GER,24,atp_rankings_2026_06_29.csv
2026-06-29,206669,Hugo Maia,1391,6,0.0,-10.0,POR,25,atp_rankings_2026_06_29.csv
2026-06-29,210732,Miha Vetrih,1392,6,0.0,-9.0,SLO,23,atp_rankings_2026_06_29.csv
2026-06-29,207408,Niklas Guttau,1393,6,0.0,-9.0,GER,26,atp_rankings_2026_06_29.csv
2026-06-29,212932,Noah Karma,1394,6,2.0,164.0,SUI,,atp_rankings_2026_06_29.csv
2026-06-29,213765,Weiwen Pan,1395,6,0.0,-9.0,CHN,20,atp_rankings_2026_06_29.csv
2026-06-29,202314,Parth Aggarwal,1396,6,0.0,-7.0,IND,28,atp_rankings_2026_06_29.csv
2026-06-29,213898,Richard Antoni,1396,6,0.0,-11.0,GER,,atp_rankings_2026_06_29.csv
2026-06-29,211495,Andrin Casanova,1398,6,0.0,-11.0,SUI,21,atp_rankings_2026_06_29.csv
2026-06-29,213536,Sergio Planella Hernandez,1398,6,-1.0,-67.0,ESP,,atp_rankings_2026_06_29.csv
2026-06-29,211516,Lorenzo Beraldo,1400,6,0.0,-10.0,ITA,19,atp_rankings_2026_06_29.csv
2026-06-29,210735,Radovan Michalik,1401,6,0.0,-9.0,SVK,23,atp_rankings_2026_06_29.csv
2026-06-29,213614,Dmitry Bessonov,1402,6,0.0,-9.0,RUS,,atp_rankings_2026_06_29.csv
2026-06-29,202217,Vito Dellelba,1402,6,1.0,65.0,ITA,27,atp_rankings_2026_06_29.csv
2026-06-29,211667,Matteo Fondriest,1402,6,-1.0,-68.0,ITA,21,atp_rankings_2026_06_29.csv
2026-06-29,213201,Valentino Grippo,1402,6,0.0,-9.0,ARG,,atp_rankings_2026_06_29.csv
2026-06-29,211364,Mihai Alexandru Coman,1406,6,0.0,-16.0,ROU,21,atp_rankings_2026_06_29.csv
2026-06-29,149162,Xiaoyin Yang,1407,6,0.0,-11.0,CHN,21,atp_rankings_2026_06_29.csv
2026-06-29,213064,Samuele Seghetti,1408,6,0.0,-11.0,ITA,19,atp_rankings_2026_06_29.csv
2026-06-29,212624,Nikola Jovic,1409,6,-1.0,-74.0,SRB,19,atp_rankings_2026_06_29.csv
2026-06-29,206646,Louis Van Herck,1409,6,0.0,-16.0,LUX,26,atp_rankings_2026_06_29.csv
2026-06-29,212465,Charles Chen,1411,6,0.0,-13.0,CHN,18,atp_rankings_2026_06_29.csv
2026-06-29,134310,Alexey Aleshchev,1412,6,-1.0,-72.0,RUS,27,atp_rankings_2026_06_29.csv
2026-06-29,210455,Noah Perfetti,1412,6,-1.0,-72.0,ITA,25,atp_rankings_2026_06_29.csv
2026-06-29,210352,Santiago  Lora,1414,5,0.0,-15.0,BOL,18,atp_rankings_2026_06_29.csv
2026-06-29,126609,Patrik Niklas Salminen,1415,5,0.0,-15.0,FIN,29,atp_rankings_2026_06_29.csv
2026-06-29,209855,James Hopper,1416,5,0.0,-15.0,GBR,24,atp_rankings_2026_06_29.csv
2026-06-29,210438,Jeremy Jin,1416,5,0.0,-15.0,AUS,22,atp_rankings_2026_06_29.csv
2026-06-29,211740,Jeremy Zhang,1418,5,0.0,-15.0,AUS,20,atp_rankings_2026_06_29.csv
2026-06-29,211551,Asahi Harazaki,1419,5,0.0,-14.0,JPN,,atp_rankings_2026_06_29.csv
2026-06-29,109318,Pawel Cias,1419,5,0.0,-14.0,POL,32,atp_rankings_2026_06_29.csv
2026-06-29,212854,Felipe Virgili Berini,1421,5,0.0,-14.0,ITA,21,atp_rankings_2026_06_29.csv
2026-06-29,211386,Alessio Vasquez Gehrke,1422,5,0.0,-13.0,GER,23,atp_rankings_2026_06_29.csv
2026-06-29,210474,Alexander Frusina,1423,5,0.0,-11.0,USA,20,atp_rankings_2026_06_29.csv
2026-06-29,210170,Noah Schlagenhauf,1423,5,0.0,-11.0,GER,23,atp_rankings_2026_06_29.csv
2026-06-29,213818,William Mirarchi,1425,5,0.0,-11.0,ITA,19,atp_rankings_2026_06_29.csv
2026-06-29,207230,Damien Salvestre,1426,5,0.0,-11.0,FRA,24,atp_rankings_2026_06_29.csv
2026-06-29,212863,Benjamin Chelia,1427,5,0.0,-11.0,ARG,18,atp_rankings_2026_06_29.csv
2026-06-29,214192,Ymerali Ibraimi,1427,5,0.0,-11.0,AUS,17,atp_rankings_2026_06_29.csv
2026-06-29,207439,Dax Donders,1429,5,0.0,-11.0,NED,25,atp_rankings_2026_06_29.csv
2026-06-29,213783,Oswaldo Alejandro Reyes Tirado,1429,5,0.0,-11.0,MEX,18,atp_rankings_2026_06_29.csv
2026-06-29,202128,Louis Dussin,1431,5,0.0,-11.0,FRA,26,atp_rankings_2026_06_29.csv
2026-06-29,200474,Ivan Denisov,1432,5,0.0,-10.0,RUS,26,atp_rankings_2026_06_29.csv
2026-06-29,212617,Shu Muto,1432,5,0.0,-10.0,JPN,,atp_rankings_2026_06_29.csv
2026-06-29,213023,Filippo Francesco Garbero,1434,5,0.0,-10.0,ITA,,atp_rankings_2026_06_29.csv
2026-06-29,105590,Uladzimir Ignatik,1434,5,0.0,-10.0,BLR,35,atp_rankings_2026_06_29.csv
2026-06-29,210140,Ioan Alexandru Chirita,1436,5,0.0,-1.0,ROU,23,atp_rankings_2026_06_29.csv
2026-06-29,208052,Matthew Segura,1437,5,0.0,-10.0,USA,25,atp_rankings_2026_06_29.csv
2026-06-29,208197,Ammar Elamin,1438,5,0.0,-10.0,IRL,24,atp_rankings_2026_06_29.csv
2026-06-29,210348,Jarno Jans,1438,5,0.0,-10.0,NED,26,atp_rankings_2026_06_29.csv
2026-06-29,213785,Toshiki Karigyo,1438,5,0.0,-10.0,JPN,24,atp_rankings_2026_06_29.csv
2026-06-29,210229,Aleksa Pisaric,1438,5,0.0,-10.0,SRB,20,atp_rankings_2026_06_29.csv
2026-06-29,212632,Peter Alam,1442,5,0.0,-9.0,GBR,24,atp_rankings_2026_06_29.csv
2026-06-29,212752,Filippo Alberti,1443,5,0.0,-8.0,ITA,23,atp_rankings_2026_06_29.csv
2026-06-29,210733,Arthur Bonnaud,1443,5,0.0,-8.0,FRA,29,atp_rankings_2026_06_29.csv
2026-06-29,212840,Thomas Gerbaud,1443,5,0.0,-8.0,FRA,22,atp_rankings_2026_06_29.csv
2026-06-29,213815,Sergey Petrov,1446,5,0.0,-7.0,RUS,,atp_rankings_2026_06_29.csv
2026-06-29,207772,Yuttana Charoenphon,1447,5,0.0,-7.0,THA,25,atp_rankings_2026_06_29.csv
2026-06-29,106245,Rodolfo Jauregui Sainz De Rozas,1447,5,0.0,-7.0,MEX,32,atp_rankings_2026_06_29.csv
2026-06-29,212545,Henry Lieberman,1449,5,0.0,-6.0,USA,26,atp_rankings_2026_06_29.csv
2026-06-29,212078,Riku Takahata,1449,5,0.0,-6.0,JPN,24,atp_rankings_2026_06_29.csv
2026-06-29,213801,Jake Dembo,1451,5,0.0,-6.0,AUS,,atp_rankings_2026_06_29.csv
2026-06-29,213600,Dillon Beckles,1452,5,0.0,-5.0,USA,,atp_rankings_2026_06_29.csv
2026-06-29,149134,Matei Florin Breazu,1452,5,0.0,-3.0,ROU,18,atp_rankings_2026_06_29.csv
2026-06-29,210092,Filiberto Fumagalli,1452,5,2.0,205.0,ITA,24,atp_rankings_2026_06_29.csv
2026-06-29,213218,Elias Julian Werner,1455,5,0.0,-7.0,GER,,atp_rankings_2026_06_29.csv
2026-06-29,208853,Adrien Burdet,1456,5,3.0,416.0,SUI,24,atp_rankings_2026_06_29.csv
2026-06-29,213721,Pierre Antoine Faut,1457,5,0.0,-12.0,FRA,,atp_rankings_2026_06_29.csv
2026-06-29,213121,Lars Goran Verwerft,1457,5,0.0,1.0,BEL,23,atp_rankings_2026_06_29.csv
2026-06-29,210595,Jiri Cizek,1459,5,0.0,-10.0,CZE,20,atp_rankings_2026_06_29.csv
2026-06-29,213628,Volodymyr Gurenko,1459,5,0.0,-10.0,CAN,,atp_rankings_2026_06_29.csv
2026-06-29,207209,Raghav Jaisinghani,1459,5,0.0,-10.0,IND,28,atp_rankings_2026_06_29.csv
2026-06-29,208365,Amador Salazar,1459,5,-2.0,-139.0,CHI,25,atp_rankings_2026_06_29.csv
2026-06-29,210284,Pijus Vaitiekunas,1459,5,0.0,-10.0,LTU,23,atp_rankings_2026_06_29.csv
2026-06-29,200310,Alexander Zgirovsky,1459,5,0.0,-10.0,BLR,24,atp_rankings_2026_06_29.csv
2026-06-29,208381,Nicolas Esteban Rico Arias,1465,5,0.0,-10.0,COL,25,atp_rankings_2026_06_29.csv
2026-06-29,211690,Toprak Avcibasi,1466,5,0.0,-10.0,TUR,22,atp_rankings_2026_06_29.csv
2026-06-29,213393,Breno Braga,1467,5,0.0,-8.0,BRA,21,atp_rankings_2026_06_29.csv
2026-06-29,214016,Bautista De La Pena,1467,5,0.0,-8.0,BRA,17,atp_rankings_2026_06_29.csv
2026-06-29,149130,Joe Leather,1467,5,0.0,-8.0,GBR,,atp_rankings_2026_06_29.csv
2026-06-29,214229,Mathys Picard,1470,5,0.0,-7.0,FRA,18,atp_rankings_2026_06_29.csv
2026-06-29,213532,Stefan Storch,1470,5,0.0,-7.0,AUS,,atp_rankings_2026_06_29.csv
2026-06-29,212109,Antonio Voljavec,1470,5,1.0,77.0,CRO,20,atp_rankings_2026_06_29.csv
2026-06-29,212919,Ivan Biletic,1473,5,0.0,-16.0,BIH,19,atp_rankings_2026_06_29.csv
2026-06-29,213024,Ivan Iutkin,1474,5,0.0,-9.0,RUS,19,atp_rankings_2026_06_29.csv
2026-06-29,209417,Alan Bojarski,1475,5,0.0,-9.0,POL,22,atp_rankings_2026_06_29.csv
2026-06-29,105060,Aldin Setkic,1475,5,-1.0,-88.0,BIH,38,atp_rankings_2026_06_29.csv
2026-06-29,212757,Jack Bruce Smith,1477,5,0.0,-10.0,AUS,24,atp_rankings_2026_06_29.csv
2026-06-29,213927,Gabriele Crivellaro,1477,5,0.0,-10.0,ITA,19,atp_rankings_2026_06_29.csv
2026-06-29,212183,Yuquan Jin,1477,5,0.0,-10.0,CHN,25,atp_rankings_2026_06_29.csv
2026-06-29,210632,Vadym Konovchuk,1480,5,0.0,-4.0,UKR,22,atp_rankings_2026_06_29.csv
2026-06-29,202323,Arjun Mehrotra,1480,5,0.0,-8.0,AUS,29,atp_rankings_2026_06_29.csv
2026-06-29,211407,Andrea Bacaloni,1482,5,0.0,-5.0,ITA,24,atp_rankings_2026_06_29.csv
2026-06-29,212797,Hitesh Chauhan,1482,5,0.0,-9.0,IND,18,atp_rankings_2026_06_29.csv
2026-06-29,202077,Ewen Lumsden,1482,5,0.0,-9.0,GBR,26,atp_rankings_2026_06_29.csv
2026-06-29,213923,Gilberto Ravasio,1482,5,0.0,-11.0,ITA,21,atp_rankings_2026_06_29.csv
2026-06-29,209391,Corban Crowther,1486,5,0.0,-11.0,NZL,23,atp_rankings_2026_06_29.csv
2026-06-29,144955,Yuichiro Inui,1487,5,0.0,-8.0,JPN,31,atp_rankings_2026_06_29.csv
2026-06-29,122474,Guy Orly Iradukunda,1488,4,0.0,-8.0,BDI,30,atp_rankings_2026_06_29.csv
2026-06-29,212575,Amirkhamza Nasridinov,1488,4,0.0,-8.0,RUS,20,atp_rankings_2026_06_29.csv
2026-06-29,126120,Nino Serdarusic,1488,4,0.0,-8.0,CRO,29,atp_rankings_2026_06_29.csv
2026-06-29,212648,Theodore Winegar,1488,4,0.0,-8.0,USA,24,atp_rankings_2026_06_29.csv
2026-06-29,213626,Angel Veliz,1492,4,0.0,-7.0,ECU,17,atp_rankings_2026_06_29.csv
2026-06-29,200692,Herbert Jody Maginley,1493,4,0.0,-6.0,ANT,31,atp_rankings_2026_06_29.csv
2026-06-29,209925,Thijmen Loof,1494,4,0.0,-6.0,NED,23,atp_rankings_2026_06_29.csv
2026-06-29,210569,Sebastian Eriksson,1495,4,0.0,-6.0,SWE,21,atp_rankings_2026_06_29.csv
2026-06-29,210405,Azuma Visaya,1495,4,0.0,-10.0,USA,22,atp_rankings_2026_06_29.csv
2026-06-29,212158,Will Mayew,1497,4,0.0,-4.0,USA,22,atp_rankings_2026_06_29.csv
2026-06-29,214541,Heorhii Shylov,1497,4,0.0,-4.0,UKR,18,atp_rankings_2026_06_29.csv
2026-06-29,212061,Haydar Cem Gokpinar,1499,4,0.0,-10.0,TUR,,atp_rankings_2026_06_29.csv
2026-06-29,105335,Sho Katayama,1499,4,0.0,-3.0,JPN,37,atp_rankings_2026_06_29.csv
2026-06-29,212859,Matisse Farzam,1501,4,0.0,-8.0,USA,19,atp_rankings_2026_06_29.csv
2026-06-29,209273,Romain Gales,1501,4,0.0,-1.0,FRA,21,atp_rankings_2026_06_29.csv
2026-06-29,212139,Vit Kalina,1501,4,1.0,91.0,CZE,20,atp_rankings_2026_06_29.csv
2026-06-29,212148,Novak Novakovic,1504,4,0.0,-8.0,SRB,25,atp_rankings_2026_06_29.csv
2026-06-29,212068,Stepan Baum,1505,4,0.0,1.0,CZE,22,atp_rankings_2026_06_29.csv
2026-06-29,214213,Rhys Lawlor,1505,4,0.0,1.0,GBR,17,atp_rankings_2026_06_29.csv
2026-06-29,211622,Loan Lestir,1507,4,0.0,-8.0,FRA,20,atp_rankings_2026_06_29.csv
2026-06-29,212291,Siwanat Auytayakul,1508,4,1.0,96.0,THA,21,atp_rankings_2026_06_29.csv
2026-06-29,213011,John Bothma,1508,4,0.0,0.0,RSA,18,atp_rankings_2026_06_29.csv
2026-06-29,200487,Jordan Hasson,1508,4,0.0,0.0,ISR,26,atp_rankings_2026_06_29.csv
2026-06-29,212232,Yeonsu Jeong,1508,4,0.0,0.0,KOR,,atp_rankings_2026_06_29.csv
2026-06-29,211358,Adam Majchrzak,1508,4,0.0,0.0,POL,20,atp_rankings_2026_06_29.csv
2026-06-29,212037,Amir Milushev,1508,4,0.0,-8.0,UZB,21,atp_rankings_2026_06_29.csv
2026-06-29,123843,Davide Pontoglio,1508,4,0.0,0.0,ITA,33,atp_rankings_2026_06_29.csv
2026-06-29,213738,Jack Satterfield,1508,4,1.0,96.0,USA,,atp_rankings_2026_06_29.csv
2026-06-29,212459,Kai I Wang,1508,4,0.0,-8.0,TPE,21,atp_rankings_2026_06_29.csv
2026-06-29,211330,Vasco Leote Prata,1517,4,0.0,-13.0,POR,22,atp_rankings_2026_06_29.csv
2026-06-29,210105,Martyn Pawelski,1518,4,0.0,-3.0,POL,21,atp_rankings_2026_06_29.csv
2026-06-29,133667,Congsup Congcar,1519,4,0.0,-3.0,THA,29,atp_rankings_2026_06_29.csv
2026-06-29,208027,Alex Jones,1519,4,0.0,-3.0,USA,27,atp_rankings_2026_06_29.csv
2026-06-29,212231,Junhyeon Lee,1519,4,0.0,-3.0,KOR,,atp_rankings_2026_06_29.csv
2026-06-29,210301,Benjamin Ignacio Torres Fernandez,1519,4,0.0,6.0,CHI,22,atp_rankings_2026_06_29.csv
2026-06-29,210526,Niccolo Baroni,1523,4,0.0,-3.0,ITA,22,atp_rankings_2026_06_29.csv
2026-06-29,213204,Zane Stevens,1523,4,0.0,-3.0,AUS,20,atp_rankings_2026_06_29.csv
2026-06-29,213814,Gustavo Albieri,1525,4,0.0,-3.0,BRA,18,atp_rankings_2026_06_29.csv
2026-06-29,212767,Aryan Lakshmanan,1525,4,0.0,-3.0,IND,21,atp_rankings_2026_06_29.csv
2026-06-29,149268,Gabriele Vulpitta,1525,4,0.0,2.0,ITA,21,atp_rankings_2026_06_29.csv
2026-06-29,206580,Nicola Rispoli,1528,4,0.0,-4.0,ITA,28,atp_rankings_2026_06_29.csv
2026-06-29,208007,Karlo Kajin,1529,4,0.0,-13.0,CRO,26,atp_rankings_2026_06_29.csv
2026-06-29,210114,Julien Penzlin,1529,4,0.0,-4.0,GER,24,atp_rankings_2026_06_29.csv
2026-06-29,211660,Ryan Augusto Dos Santos,1531,4,0.0,-3.0,BRA,22,atp_rankings_2026_06_29.csv
2026-06-29,211684,Emirhan Bulut,1531,4,0.0,-3.0,TUR,20,atp_rankings_2026_06_29.csv
2026-06-29,206790,Alexis Gurmendi,1531,4,0.0,-3.0,ARG,28,atp_rankings_2026_06_29.csv
2026-06-29,212951,Mak Mikovic,1531,4,0.0,-3.0,SLO,20,atp_rankings_2026_06_29.csv
2026-06-29,127143,Jirat Navasirisomboon,1531,4,0.0,-3.0,THA,29,atp_rankings_2026_06_29.csv
2026-06-29,213667,Valentin Guadagno,1536,4,0.0,-2.0,ARG,,atp_rankings_2026_06_29.csv
2026-06-29,202439,Sean Hodkin,1536,4,0.0,-2.0,GBR,27,atp_rankings_2026_06_29.csv
2026-06-29,213576,Matt Kleiman,1536,4,0.0,-2.0,USA,,atp_rankings_2026_06_29.csv
2026-06-29,210601,Oskari Eerola,1539,4,0.0,-2.0,FIN,24,atp_rankings_2026_06_29.csv
2026-06-29,213200,Juan Ignacio Gallego,1539,4,0.0,-2.0,ARG,,atp_rankings_2026_06_29.csv
2026-06-29,211322,Lasse Poertner,1539,4,0.0,-11.0,GER,20,atp_rankings_2026_06_29.csv
2026-06-29,213777,Savva Rybkin,1539,4,2.0,322.0,RUS,,atp_rankings_2026_06_29.csv
2026-06-29,207367,Bora Sengul,1539,4,0.0,-2.0,TUR,24,atp_rankings_2026_06_29.csv
2026-06-29,210651,Vlad Cristian Breazu,1544,4,0.0,3.0,ROU,22,atp_rankings_2026_06_29.csv
2026-06-29,211457,Sven Corbinais,1544,4,1.0,122.0,FRA,23,atp_rankings_2026_06_29.csv
2026-06-29,212864,Valentin Garay,1544,4,0.0,-4.0,ARG,19,atp_rankings_2026_06_29.csv
2026-06-29,212963,Sebastian Grundtvig Jorgensen,1544,4,0.0,-4.0,DEN,25,atp_rankings_2026_06_29.csv
2026-06-29,209877,Stevan Popovic,1544,4,0.0,-4.0,GER,24,atp_rankings_2026_06_29.csv
2026-06-29,210420,Gheorghe Claudiu Schinteie,1544,4,0.0,-4.0,ROU,24,atp_rankings_2026_06_29.csv
2026-06-29,149153,Gabriele Volpi,1544,4,0.0,-4.0,ITA,30,atp_rankings_2026_06_29.csv
2026-06-29,210649,Giammarco Gandolfi,1551,4,2.0,321.0,ITA,22,atp_rankings_2026_06_29.csv
2026-06-29,212924,Emanuel Ivanisevic,1551,4,0.0,-5.0,CRO,18,atp_rankings_2026_06_29.csv
2026-06-29,211762,David Naharro,1551,4,-1.0,-92.0,ESP,22,atp_rankings_2026_06_29.csv
2026-06-29,212738,Manel Lazaro Juncadella,1554,4,0.0,-2.0,ESP,20,atp_rankings_2026_06_29.csv
2026-06-29,213624,Kosuke Shibano,1554,4,0.0,-7.0,JPN,,atp_rankings_2026_06_29.csv
2026-06-29,207738,Brandon Perez,1556,4,0.0,1.0,VEN,26,atp_rankings_2026_06_29.csv
2026-06-29,211411,Tyler Stice,1556,4,0.0,-5.0,USA,25,atp_rankings_2026_06_29.csv
2026-06-29,148670,Karol Malirz,1558,4,0.0,-6.0,POL,23,atp_rankings_2026_06_29.csv
2026-06-29,213391,Silvio Mencaglia,1558,4,0.0,-6.0,ITA,21,atp_rankings_2026_06_29.csv
2026-06-29,210204,Drazen Petrovic,1558,4,0.0,-11.0,BIH,23,atp_rankings_2026_06_29.csv
2026-06-29,210417,Adrian Arcon,1561,4,0.0,-5.0,AUS,24,atp_rankings_2026_06_29.csv
2026-06-29,207559,Darrshan Suresh,1562,4,0.0,-4.0,MAS,25,atp_rankings_2026_06_29.csv
2026-06-29,211600,Carlos Giraldi,1563,4,1.0,119.0,ESP,21,atp_rankings_2026_06_29.csv
2026-06-29,209967,Antoine Berger,1564,4,0.0,-2.0,FRA,28,atp_rankings_2026_06_29.csv
2026-06-29,122234,Alp Horoz,1565,4,0.0,-3.0,TUR,31,atp_rankings_2026_06_29.csv
2026-06-29,208867,Tomas Luis,1565,4,-1.0,-88.0,POR,24,atp_rankings_2026_06_29.csv
2026-06-29,214015,Xavi Palomar,1567,4,0.0,-6.0,ESP,,atp_rankings_2026_06_29.csv
2026-06-29,212745,Tadeo Meneo,1568,4,0.0,-4.0,ARG,21,atp_rankings_2026_06_29.csv
2026-06-29,213037,Luis Garcia Paez,1569,4,0.0,-4.0,ESP,20,atp_rankings_2026_06_29.csv
2026-06-29,210076,Ioannis Kountourakis,1570,4,0.0,-4.0,GRE,23,atp_rankings_2026_06_29.csv
2026-06-29,205885,Joao Graa,1571,4,0.0,-4.0,POR,25,atp_rankings_2026_06_29.csv
2026-06-29,214565,Bienvenue Bolangi,1572,3,0.0,-4.0,COD,24,atp_rankings_2026_06_29.csv
2026-06-29,122081,Luis Britto,1572,3,0.0,-4.0,BRA,33,atp_rankings_2026_06_29.csv
2026-06-29,210756,Loren Thomas Byers,1572,3,0.0,-4.0,USA,24,atp_rankings_2026_06_29.csv
2026-06-29,131905,Manuel Guinard,1572,3,0.0,-4.0,FRA,30,atp_rankings_2026_06_29.csv
2026-06-29,108766,Samir Iftikhar,1572,3,0.0,-4.0,PAK,34,atp_rankings_2026_06_29.csv
2026-06-29,214587,Aradhya Kshitij,1572,3,0.0,-4.0,IND,17,atp_rankings_2026_06_29.csv
2026-06-29,144747,Courtney John Lock,1572,3,0.0,-4.0,ZIM,29,atp_rankings_2026_06_29.csv
2026-06-29,202417,Siphosothando Montsi,1572,3,0.0,-4.0,RSA,26,atp_rankings_2026_06_29.csv
2026-06-29,106425,Blake Mott,1572,3,0.0,-4.0,AUS,30,atp_rankings_2026_06_29.csv
2026-06-29,208485,Kiranpal Pannu,1572,3,0.0,-4.0,NZL,29,atp_rankings_2026_06_29.csv
2026-06-29,134256,Reese Stalder,1572,3,0.0,-4.0,USA,29,atp_rankings_2026_06_29.csv
2026-06-29,212642,Patrik Trhac,1572,3,0.0,-4.0,USA,27,atp_rankings_2026_06_29.csv
2026-06-29,126193,Mark Whitehouse,1572,3,0.0,-4.0,GBR,33,atp_rankings_2026_06_29.csv
2026-06-29,213655,Maximus Dussault,1585,3,,,USA,,atp_rankings_2026_06_29.csv
2026-06-29,208123,Tom Hands,1585,3,0.0,-4.0,GBR,29,atp_rankings_2026_06_29.csv
2026-06-29,214581,Oscar Andres Martinez De Freitas,1585,3,,,VEN,20,atp_rankings_2026_06_29.csv
2026-06-29,213784,Guillermo Tunas,1585,3,0.0,-4.0,MEX,25,atp_rankings_2026_06_29.csv
2026-06-29,202269,Justin Barki,1589,3,0.0,-6.0,INA,26,atp_rankings_2026_06_29.csv
2026-06-29,208262,Alejo Lorenzo Lingua Lavallen,1589,3,0.0,-6.0,ARG,25,atp_rankings_2026_06_29.csv
2026-06-29,214483,Harrison Satara,1589,3,0.0,-6.0,AUS,19,atp_rankings_2026_06_29.csv
2026-06-29,213633,Rethin Pranav Senthil Kumar,1589,3,2.0,384.0,IND,,atp_rankings_2026_06_29.csv
2026-06-29,214001,Damien Clerc,1593,3,0.0,-6.0,FRA,,atp_rankings_2026_06_29.csv
2026-06-29,207839,Yousaf Khalil,1593,3,0.0,-6.0,PAK,27,atp_rankings_2026_06_29.csv
2026-06-29,111515,Thai Son Kwiatkowski,1593,3,0.0,-6.0,USA,31,atp_rankings_2026_06_29.csv
2026-06-29,212966,Pablo Perez Navarro,1593,3,0.0,-6.0,ESP,,atp_rankings_2026_06_29.csv
2026-06-29,210230,Wissam Abderrahman,1597,3,0.0,-5.0,TUN,22,atp_rankings_2026_06_29.csv
2026-06-29,214280,Fantino Alberca,1597,3,0.0,-5.0,ARG,21,atp_rankings_2026_06_29.csv
2026-06-29,209206,Antonio Caruso,1597,3,0.0,-5.0,ITA,26,atp_rankings_2026_06_29.csv
2026-06-29,211570,Cesar Cruz,1597,3,0.0,-5.0,ESA,19,atp_rankings_2026_06_29.csv
2026-06-29,210117,William Jansen,1597,3,0.0,-5.0,GBR,21,atp_rankings_2026_06_29.csv
2026-06-29,211536,Patrik Meszaros,1597,3,1.0,150.0,HUN,20,atp_rankings_2026_06_29.csv
2026-06-29,214332,Henrique Ortenblad Nogueira,1597,3,0.0,-5.0,BRA,23,atp_rankings_2026_06_29.csv
2026-06-29,212491,Alexander Razeghi,1597,3,0.0,-5.0,USA,20,atp_rankings_2026_06_29.csv
2026-06-29,200598,Isaiah Strode,1597,3,0.0,7.0,USA,28,atp_rankings_2026_06_29.csv
2026-06-29,210571,Isac Stroemberg,1597,3,0.0,-5.0,SWE,23,atp_rankings_2026_06_29.csv
2026-06-29,130247,Anton Chekhov,1607,3,0.0,-5.0,RUS,33,atp_rankings_2026_06_29.csv
2026-06-29,210444,Charlelie Cosnet,1607,3,-2.0,-198.0,FRA,23,atp_rankings_2026_06_29.csv
2026-06-29,,Jakub Vrba,1607,3,1.0,121.0,,,atp_rankings_2026_06_29.csv
2026-06-29,213985,Kelly Giese,1610,3,0.0,-23.0,USA,21,atp_rankings_2026_06_29.csv
2026-06-29,213862,Robert Watzka,1610,3,0.0,-7.0,ESP,20,atp_rankings_2026_06_29.csv
2026-06-29,208890,Richard Zusman,1610,3,0.0,12.0,USA,25,atp_rankings_2026_06_29.csv
2026-06-29,213840,Teodor Davidov,1613,3,0.0,-9.0,USA,,atp_rankings_2026_06_29.csv
2026-06-29,207761,Julien De Cuyper,1613,3,0.0,-9.0,FRA,27,atp_rankings_2026_06_29.csv
2026-06-29,124001,Gergely Madarasz,1613,3,0.0,-9.0,HUN,31,atp_rankings_2026_06_29.csv
2026-06-29,212950,Vid Mohar,1613,3,0.0,-21.0,SLO,20,atp_rankings_2026_06_29.csv
2026-06-29,120922,Maciej Rajski,1613,3,0.0,-9.0,POL,35,atp_rankings_2026_06_29.csv
2026-06-29,214210,Vincent Reisach,1613,3,0.0,-9.0,GER,17,atp_rankings_2026_06_29.csv
2026-06-29,207973,Ainius Sabaliauskas,1613,3,0.0,-9.0,LTU,22,atp_rankings_2026_06_29.csv
2026-06-29,212083,Aleksandre Shvangiradze,1613,3,0.0,-9.0,GEO,20,atp_rankings_2026_06_29.csv
2026-06-29,,James Weber,1613,3,0.0,-9.0,,,atp_rankings_2026_06_29.csv
2026-06-29,206888,Zhao Zhao,1613,3,0.0,-9.0,CHN,26,atp_rankings_2026_06_29.csv
2026-06-29,209117,Marco Furlanetto,1623,3,0.0,-5.0,ITA,25,atp_rankings_2026_06_29.csv
2026-06-29,206893,Piotr Galus,1623,3,1.0,134.0,POL,25,atp_rankings_2026_06_29.csv
2026-06-29,213069,Gasper Matijasic,1623,3,0.0,-5.0,SLO,,atp_rankings_2026_06_29.csv
2026-06-29,214390,Antonin Witz,1623,3,0.0,-5.0,FRA,17,atp_rankings_2026_06_29.csv
2026-06-29,208334,Deney Wassermann,1627,3,0.0,-5.0,NED,25,atp_rankings_2026_06_29.csv
2026-06-29,213045,Manvydas Balciunas,1628,3,1.0,172.0,NED,20,atp_rankings_2026_06_29.csv
2026-06-29,214269,Marcel Latak,1628,3,0.0,-24.0,USA,17,atp_rankings_2026_06_29.csv
2026-06-29,211638,Jack Loutit,1628,3,0.0,4.0,NZL,22,atp_rankings_2026_06_29.csv
2026-06-29,210602,Peetu Pohjola,1628,3,0.0,-4.0,FIN,25,atp_rankings_2026_06_29.csv
2026-06-29,212167,Darius Florin Pop,1628,3,0.0,-4.0,ROU,22,atp_rankings_2026_06_29.csv
2026-06-29,213830,Saki Tange,1628,3,0.0,-24.0,JPN,22,atp_rankings_2026_06_29.csv
2026-06-29,210711,Francisco Tomas Geschwind,1634,3,0.0,-8.0,ARG,23,atp_rankings_2026_06_29.csv
2026-06-29,149278,Daniel Khazime,1634,3,0.0,-8.0,RUS,21,atp_rankings_2026_06_29.csv
2026-06-29,214436,Simone Massellani,1634,3,1.0,144.0,ITA,18,atp_rankings_2026_06_29.csv
2026-06-29,210060,Aleksandar Mihailovic,1634,3,0.0,-8.0,SRB,23,atp_rankings_2026_06_29.csv
2026-06-29,213196,Rihards Neimanis,1634,3,0.0,-8.0,LAT,18,atp_rankings_2026_06_29.csv
2026-06-29,207541,Michalis Sakellaridis,1634,3,0.0,-8.0,GRE,25,atp_rankings_2026_06_29.csv
2026-06-29,207586,Justas Trainauskas,1634,3,0.0,-8.0,LTU,24,atp_rankings_2026_06_29.csv
2026-06-29,213074,Hugo Hashimoto,1641,3,0.0,-9.0,USA,23,atp_rankings_2026_06_29.csv
2026-06-29,206895,Alex Kobelt,1641,3,0.0,-9.0,USA,29,atp_rankings_2026_06_29.csv
2026-06-29,213058,Weiyi Kong,1641,3,0.0,-9.0,CHN,,atp_rankings_2026_06_29.csv
2026-06-29,210190,Timofey Stepanov,1641,3,0.0,-9.0,SUI,22,atp_rankings_2026_06_29.csv
2026-06-29,212965,Juan Jose Bianchi,1645,3,0.0,-7.0,VEN,25,atp_rankings_2026_06_29.csv
2026-06-29,213920,Nathan Cox,1645,3,1.0,159.0,USA,,atp_rankings_2026_06_29.csv
2026-06-29,200622,Hernando Jose Escurra Isnardi,1645,3,0.0,-7.0,PAR,28,atp_rankings_2026_06_29.csv
2026-06-29,125843,Ren Nakamura,1645,3,0.0,-7.0,JPN,31,atp_rankings_2026_06_29.csv
2026-06-29,213980,Arnav Paparkar,1645,3,0.0,-7.0,IND,18,atp_rankings_2026_06_29.csv
2026-06-29,213553,Dmytro Shirokyi,1645,3,0.0,-7.0,UKR,19,atp_rankings_2026_06_29.csv
2026-06-29,105419,Patricio Alvarado,1651,3,0.0,-8.0,ECU,36,atp_rankings_2026_06_29.csv
2026-06-29,208873,Nikola Basic,1651,3,0.0,-8.0,CRO,24,atp_rankings_2026_06_29.csv
2026-06-29,214029,Ye Chen,1651,3,0.0,-19.0,CHN,,atp_rankings_2026_06_29.csv
2026-06-29,214264,Jerrid Gaines,1651,3,0.0,-8.0,USA,17,atp_rankings_2026_06_29.csv
2026-06-29,210598,Nicolas Hollender,1651,3,0.0,-8.0,ARG,24,atp_rankings_2026_06_29.csv
2026-06-29,214214,Daniel Jovanovski,1651,3,0.0,-8.0,AUS,18,atp_rankings_2026_06_29.csv
2026-06-29,213798,Noah Brownrigg,1657,3,0.0,-8.0,AUS,19,atp_rankings_2026_06_29.csv
2026-06-29,214156,Mahmoud Chetouane,1657,3,0.0,-8.0,TUN,18,atp_rankings_2026_06_29.csv
2026-06-29,210153,David Fix,1657,3,0.0,-8.0,GER,21,atp_rankings_2026_06_29.csv
2026-06-29,212798,Shanker Heisnam,1657,3,0.0,-8.0,IND,,atp_rankings_2026_06_29.csv
2026-06-29,213979,Kunanan Pantaratorn,1657,3,0.0,-8.0,THA,17,atp_rankings_2026_06_29.csv
2026-06-29,207958,Roman Postolka,1657,3,0.0,-8.0,CZE,27,atp_rankings_2026_06_29.csv
2026-06-29,211474,Pablo Trochu,1657,3,0.0,0.0,FRA,22,atp_rankings_2026_06_29.csv
2026-06-29,213228,Valentin Gonzalez Galino,1664,3,0.0,-21.0,ESP,17,atp_rankings_2026_06_29.csv
2026-06-29,211539,Gabor Hornung,1664,3,1.0,180.0,HUN,21,atp_rankings_2026_06_29.csv
2026-06-29,212180,Shaoyun Liu,1664,3,0.0,-8.0,CHN,24,atp_rankings_2026_06_29.csv
2026-06-29,212310,Pepijn Bastiaansen,1667,3,0.0,-1.0,NED,20,atp_rankings_2026_06_29.csv
2026-06-29,212262,Kylian Collignon,1667,3,-1.0,-127.0,BEL,21,atp_rankings_2026_06_29.csv
2026-06-29,212876,Pedro Andre De Almeida Santos,1667,3,0.0,-10.0,BRA,21,atp_rankings_2026_06_29.csv
2026-06-29,213640,Stephane Pierre Jo Kamendje,1667,3,0.0,-10.0,CAN,,atp_rankings_2026_06_29.csv
2026-06-29,213461,Andrea Mchich,1667,3,0.0,-10.0,FRA,20,atp_rankings_2026_06_29.csv
2026-06-29,213617,Mattia Nannelli,1667,3,0.0,-10.0,ITA,,atp_rankings_2026_06_29.csv
2026-06-29,213716,Yoshka Sborowsky,1667,3,0.0,-18.0,FRA,,atp_rankings_2026_06_29.csv
2026-06-29,210205,Edoardo Zanada,1667,3,0.0,-10.0,ITA,25,atp_rankings_2026_06_29.csv
2026-06-29,210110,Alessandro Bellifemine,1675,3,0.0,-11.0,ITA,25,atp_rankings_2026_06_29.csv
2026-06-29,211389,Manuel Mouilleron Salvo,1675,3,0.0,-11.0,ARG,23,atp_rankings_2026_06_29.csv
2026-06-29,213930,Zangar Nurlanuly,1675,3,0.0,-4.0,KAZ,17,atp_rankings_2026_06_29.csv
2026-06-29,213758,Pablo Aunion,1678,3,1.0,183.0,ESP,19,atp_rankings_2026_06_29.csv
2026-06-29,144813,Benjamin Hannestad,1678,3,0.0,-12.0,DEN,29,atp_rankings_2026_06_29.csv
2026-06-29,213637,Daniel Domingos,1680,3,0.0,-9.0,AGO,,atp_rankings_2026_06_29.csv
2026-06-29,212806,Benjamin Gusic Wan,1680,3,0.0,-9.0,GBR,18,atp_rankings_2026_06_29.csv
2026-06-29,149124,Oskar Grzegorzewski,1682,3,-1.0,-130.0,POL,21,atp_rankings_2026_06_29.csv
2026-06-29,213579,Jan Klimas,1682,3,0.0,-16.0,CZE,,atp_rankings_2026_06_29.csv
2026-06-29,212119,Nik Mikovic,1682,3,0.0,-8.0,SLO,21,atp_rankings_2026_06_29.csv
2026-06-29,212498,Benoit Torcq,1682,3,0.0,-8.0,BEL,20,atp_rankings_2026_06_29.csv
2026-06-29,214170,Cagan Efe Tufecki,1682,3,0.0,-8.0,TUR,22,atp_rankings_2026_06_29.csv
2026-06-29,213180,Leonardo Cattaneo,1687,3,0.0,-9.0,ITA,20,atp_rankings_2026_06_29.csv
2026-06-29,212094,Liam Delicata,1687,3,0.0,-4.0,MLT,25,atp_rankings_2026_06_29.csv
2026-06-29,213791,Fumin Jiang,1687,3,1.0,198.0,CHN,,atp_rankings_2026_06_29.csv
2026-06-29,211601,Alvaro Peiro Serrano,1687,3,0.0,-9.0,ESP,22,atp_rankings_2026_06_29.csv
2026-06-29,213588,Esteban Talavera Cortes,1687,3,0.0,-13.0,ESP,,atp_rankings_2026_06_29.csv
2026-06-29,211454,Federico Valle,1687,3,0.0,-9.0,ITA,26,atp_rankings_2026_06_29.csv
2026-06-29,206447,Daniel Batista,1693,3,-1.0,-133.0,POR,27,atp_rankings_2026_06_29.csv
2026-06-29,210423,Alessandro Coccioli,1693,3,0.0,-10.0,ITA,23,atp_rankings_2026_06_29.csv
2026-06-29,213376,Jeffrey Fradkin,1693,3,0.0,-10.0,USA,24,atp_rankings_2026_06_29.csv
2026-06-29,213298,Carl Holder,1693,3,0.0,-10.0,FRA,19,atp_rankings_2026_06_29.csv
2026-06-29,213075,Alejandro Lopez Escribano,1693,3,0.0,-10.0,ESP,20,atp_rankings_2026_06_29.csv
2026-06-29,213692,Karim Mabrouk,1698,3,0.0,-9.0,EGY,,atp_rankings_2026_06_29.csv
2026-06-29,212289,Tom Sickenberger,1698,3,0.0,-15.0,GER,,atp_rankings_2026_06_29.csv
2026-06-29,200045,Anthony Susanto,1698,3,0.0,-9.0,INA,29,atp_rankings_2026_06_29.csv
2026-06-29,210032,Pierre Antoine Tailleu,1698,3,0.0,-9.0,FRA,22,atp_rankings_2026_06_29.csv
2026-06-29,211455,Oren Vasser,1698,3,0.0,-9.0,USA,26,atp_rankings_2026_06_29.csv
2026-06-29,213378,Adam Farag Cao,1703,3,0.0,-10.0,CAN,18,atp_rankings_2026_06_29.csv
2026-06-29,211490,Daniel Verbeek,1704,3,1.0,189.0,NED,22,atp_rankings_2026_06_29.csv
2026-06-29,124045,Lawrence Bataljin,1705,3,0.0,-11.0,AUS,30,atp_rankings_2026_06_29.csv
2026-06-29,111436,Nick Chappell,1706,2,0.0,8.0,USA,33,atp_rankings_2026_06_29.csv
2026-06-29,213691,Connor Doig,1706,2,0.0,-11.0,RSA,,atp_rankings_2026_06_29.csv
2026-06-29,212790,Nour Fathalla,1706,2,0.0,-11.0,EGY,,atp_rankings_2026_06_29.csv
2026-06-29,200225,Nathaniel Lammons,1706,2,0.0,-11.0,USA,32,atp_rankings_2026_06_29.csv
2026-06-29,126630,Ivan Liutarevich,1706,2,0.0,-11.0,BLR,30,atp_rankings_2026_06_29.csv
2026-06-29,207505,Mario Mansilla Diez,1706,2,0.0,-11.0,ESP,24,atp_rankings_2026_06_29.csv
2026-06-29,211754,Pablo Manzano Lapuerta,1706,2,0.0,-11.0,ESP,,atp_rankings_2026_06_29.csv
2026-06-29,214329,Diego Eduardo Munoz Navia,1706,2,0.0,-11.0,BOL,20,atp_rankings_2026_06_29.csv
2026-06-29,212218,Rohan  Murali,1706,2,0.0,-11.0,USA,21,atp_rankings_2026_06_29.csv
2026-06-29,208254,Ignacio Novo,1706,2,0.0,-11.0,ARG,25,atp_rankings_2026_06_29.csv
2026-06-29,207547,Bruno Pujol Navarro,1706,2,0.0,-11.0,ESP,24,atp_rankings_2026_06_29.csv
2026-06-29,126845,Max Purcell,1706,2,,,AUS,28,atp_rankings_2026_06_29.csv
2026-06-29,212913,Pietro Ricci,1706,2,0.0,-11.0,ITA,,atp_rankings_2026_06_29.csv
2026-06-29,105578,Cristian Rodriguez,1706,2,0.0,-11.0,COL,36,atp_rankings_2026_06_29.csv
2026-06-29,214327,Oliver Andre Solis Encinas,1706,2,0.0,-11.0,BOL,,atp_rankings_2026_06_29.csv
2026-06-29,127443,Andres Urrea,1706,2,0.0,-11.0,COL,31,atp_rankings_2026_06_29.csv
2026-06-29,208874,Seita Watanabe,1706,2,0.0,-11.0,JPN,25,atp_rankings_2026_06_29.csv
2026-06-29,214270,Tomas Zurmendi,1706,2,0.0,-11.0,URU,17,atp_rankings_2026_06_29.csv
2026-06-29,210014,Imran Daniel Abd Hazli,1724,2,0.0,-10.0,MAS,21,atp_rankings_2026_06_29.csv
2026-06-29,212678,David Bakonyi,1724,2,0.0,-10.0,HUN,19,atp_rankings_2026_06_29.csv
2026-06-29,214331,Valentino Conte,1724,2,0.0,-10.0,ARG,21,atp_rankings_2026_06_29.csv
2026-06-29,207649,Savriyan Danilov,1724,2,0.0,23.0,RUS,26,atp_rankings_2026_06_29.csv
2026-06-29,212570,Nikita Filin,1724,2,0.0,-10.0,USA,20,atp_rankings_2026_06_29.csv
2026-06-29,214337,Eudald Gonzalez,1724,2,0.0,-10.0,ESP,18,atp_rankings_2026_06_29.csv
2026-06-29,212782,Saahith Jayaraman,1724,2,0.0,-10.0,USA,,atp_rankings_2026_06_29.csv
2026-06-29,109737,Markos Kalovelonis,1724,2,0.0,-10.0,GRE,32,atp_rankings_2026_06_29.csv
2026-06-29,213873,Benjamin Perez,1724,2,0.0,-10.0,CHI,19,atp_rankings_2026_06_29.csv
2026-06-29,210693,Hudson Rivera,1724,2,0.0,-10.0,USA,22,atp_rankings_2026_06_29.csv
2026-06-29,213189,Tanakorn Srirat,1724,2,0.0,-10.0,THA,,atp_rankings_2026_06_29.csv
2026-06-29,212705,Nathan Trouve,1724,2,0.0,-10.0,FRA,20,atp_rankings_2026_06_29.csv
2026-06-29,214054,Baltazar Wiger Nordas,1724,2,0.0,-10.0,NOR,22,atp_rankings_2026_06_29.csv
2026-06-29,210037,Mehdi Benchakroun,1737,2,-4.0,-388.0,MAR,22,atp_rankings_2026_06_29.csv
2026-06-29,214138,Bastian Berenz,1737,2,0.0,-9.0,AUT,,atp_rankings_2026_06_29.csv
2026-06-29,123847,Bogdan Bobrov,1737,2,0.0,-9.0,RUS,28,atp_rankings_2026_06_29.csv
2026-06-29,212914,Corey Craig,1737,2,0.0,-9.0,USA,22,atp_rankings_2026_06_29.csv
2026-06-29,214292,Ignacio De Armas,1737,2,0.0,-9.0,VEN,17,atp_rankings_2026_06_29.csv
2026-06-29,209294,Diego Duran,1737,2,0.0,-9.0,ESA,,atp_rankings_2026_06_29.csv
2026-06-29,213263,Christoph Gayk,1737,2,0.0,-9.0,GER,20,atp_rankings_2026_06_29.csv
2026-06-29,213141,Georgi Georgiev,1737,2,0.0,-9.0,BUL,19,atp_rankings_2026_06_29.csv
2026-06-29,211472,Oliver Johansson,1737,2,0.0,-9.0,SWE,,atp_rankings_2026_06_29.csv
2026-06-29,212669,Botond Kisantal,1737,2,0.0,-9.0,HUN,20,atp_rankings_2026_06_29.csv
2026-06-29,212276,Stian Klaassen,1737,2,1.0,157.0,NED,23,atp_rankings_2026_06_29.csv
2026-06-29,214598,Cem Christopher Kucukhuseyin,1737,2,1.0,157.0,TUR,19,atp_rankings_2026_06_29.csv
2026-06-29,212023,Oscar Lacides,1737,2,0.0,-9.0,GUD,21,atp_rankings_2026_06_29.csv
2026-06-29,105011,Illya Marchenko,1737,2,0.0,-9.0,UKR,38,atp_rankings_2026_06_29.csv
2026-06-29,213651,Agustin Salazar Salazar,1737,2,0.0,-9.0,MEX,22,atp_rankings_2026_06_29.csv
2026-06-29,106138,Yaraslav Shyla,1737,2,0.0,-9.0,BLR,33,atp_rankings_2026_06_29.csv
2026-06-29,213999,Leon Sloboda,1737,2,0.0,-9.0,SVK,,atp_rankings_2026_06_29.csv
2026-06-29,208151,Filippo Speziali,1737,2,0.0,-9.0,ITA,26,atp_rankings_2026_06_29.csv
2026-06-29,212099,Benjamin Vitter,1737,2,0.0,-9.0,FRA,23,atp_rankings_2026_06_29.csv
2026-06-29,208589,Nikita Volonski,1737,2,0.0,-9.0,AUS,24,atp_rankings_2026_06_29.csv
2026-06-29,214010,Shixun Zhu,1737,2,0.0,-9.0,CHN,,atp_rankings_2026_06_29.csv
2026-06-29,105339,Yan Bai,1758,2,0.0,-11.0,CHN,37,atp_rankings_2026_06_29.csv
2026-06-29,214125,Raffaele Ciurnelli,1758,2,0.0,-44.0,ITA,18,atp_rankings_2026_06_29.csv
2026-06-29,208821,Ondrej Horak,1758,2,0.0,-11.0,CZE,23,atp_rankings_2026_06_29.csv
2026-06-29,144896,Hao Sheng Koay,1758,2,0.0,-11.0,MAS,27,atp_rankings_2026_06_29.csv
2026-06-29,210743,Pranav Kumar,1758,2,0.0,15.0,USA,26,atp_rankings_2026_06_29.csv
2026-06-29,212916,Marko Milosavljevic,1758,2,0.0,-11.0,SRB,,atp_rankings_2026_06_29.csv
2026-06-29,211732,Kaua Lorenzo Santos Gava,1758,2,0.0,-11.0,BRA,22,atp_rankings_2026_06_29.csv
2026-06-29,213274,Eli Stephenson,1758,2,0.0,-11.0,USA,21,atp_rankings_2026_06_29.csv
2026-06-29,211333,Vito Tonejc,1758,2,0.0,-11.0,CRO,26,atp_rankings_2026_06_29.csv
2026-06-29,209982,Konstantin Zhzhenov,1758,2,0.0,-11.0,RUS,22,atp_rankings_2026_06_29.csv
2026-06-29,208206,Walid Ahouda,1768,2,-2.0,-268.0,MAR,22,atp_rankings_2026_06_29.csv
2026-06-29,212796,Tristan Berard,1768,2,0.0,-11.0,FRA,,atp_rankings_2026_06_29.csv
2026-06-29,209889,Thomas Braithwaite,1768,2,0.0,10.0,AUS,26,atp_rankings_2026_06_29.csv
2026-06-29,212462,Evan Burnett,1768,2,0.0,10.0,USA,20,atp_rankings_2026_06_29.csv
2026-06-29,210188,Petar Jovanovic,1768,2,0.0,-11.0,MNE,22,atp_rankings_2026_06_29.csv
2026-06-29,214435,Dimitar Kisimov,1768,2,1.0,205.0,BUL,18,atp_rankings_2026_06_29.csv
2026-06-29,214276,Min Ho Ko,1768,2,0.0,-11.0,KOR,18,atp_rankings_2026_06_29.csv
2026-06-29,211406,Yazid Lahjomri,1768,2,-1.0,-150.0,MAR,21,atp_rankings_2026_06_29.csv
2026-06-29,214265,Jordan Lee,1768,2,0.0,-11.0,USA,16,atp_rankings_2026_06_29.csv
2026-06-29,116985,Petr Michnev,1768,2,0.0,-11.0,CZE,36,atp_rankings_2026_06_29.csv
2026-06-29,211587,Diogo Morais,1768,2,0.0,-11.0,POR,21,atp_rankings_2026_06_29.csv
2026-06-29,207972,Minjong Park,1768,2,0.0,-11.0,KOR,24,atp_rankings_2026_06_29.csv
2026-06-29,122536,Juan Pablo Paz,1768,2,0.0,-11.0,ARG,31,atp_rankings_2026_06_29.csv
2026-06-29,213118,Massimo Pizzigoni,1768,2,0.0,-11.0,ITA,20,atp_rankings_2026_06_29.csv
2026-06-29,213964,Bengt Johan Reinhard,1768,2,0.0,-11.0,GER,19,atp_rankings_2026_06_29.csv
2026-06-29,207587,Martins Rocens,1768,2,0.0,-11.0,LAT,26,atp_rankings_2026_06_29.csv
2026-06-29,104908,Mikal Oliver Statham,1768,2,0.0,-11.0,NZL,39,atp_rankings_2026_06_29.csv
2026-06-29,207370,Ryusuke Horiuchi,1785,2,0.0,-12.0,JPN,27,atp_rankings_2026_06_29.csv
2026-06-29,214607,Kaan Isik Kosaner,1785,2,0.0,-12.0,TUR,17,atp_rankings_2026_06_29.csv
2026-06-29,214025,Boxiong Zhang,1785,2,0.0,-12.0,CHN,,atp_rankings_2026_06_29.csv
2026-06-29,210101,Simone Agostini,1788,2,0.0,-10.0,ITA,29,atp_rankings_2026_06_29.csv
2026-06-29,105029,Sergey Betov,1788,2,0.0,16.0,BLR,38,atp_rankings_2026_06_29.csv
2026-06-29,213051,Thanaphat Boosarawongse,1788,2,0.0,-10.0,THA,20,atp_rankings_2026_06_29.csv
2026-06-29,208216,Alberto Bronzetti,1788,2,-2.0,-280.0,ITA,28,atp_rankings_2026_06_29.csv
2026-06-29,213885,Nav Dayal,1788,2,0.0,-10.0,USA,,atp_rankings_2026_06_29.csv
2026-06-29,212129,Mariano Dedura Palomero,1788,2,0.0,-10.0,GER,20,atp_rankings_2026_06_29.csv
2026-06-29,213678,Felipe Dreer,1788,2,0.0,-10.0,ARG,,atp_rankings_2026_06_29.csv
2026-06-29,211634,Tobia Grandinetti,1788,2,0.0,-10.0,ARG,22,atp_rankings_2026_06_29.csv
2026-06-29,214011,Kaigaoge Kang,1788,2,0.0,-10.0,CHN,,atp_rankings_2026_06_29.csv
2026-06-29,,Jea Moon Lee,1788,2,0.0,-10.0,,,atp_rankings_2026_06_29.csv
2026-06-29,214333,Woong Bi Lee,1788,2,0.0,-10.0,KOR,21,atp_rankings_2026_06_29.csv
2026-06-29,134113,Cing Yang Meng,1788,2,0.0,-10.0,TPE,27,atp_rankings_2026_06_29.csv
2026-06-29,214355,Eyad Reda Ezzat Mohamed Sherif,1788,2,0.0,-10.0,EGY,18,atp_rankings_2026_06_29.csv
2026-06-29,208933,Dian Nedev,1788,2,0.0,-10.0,BUL,25,atp_rankings_2026_06_29.csv
2026-06-29,210081,Viacheslav Ovchinnikov,1788,2,0.0,-10.0,RUS,23,atp_rankings_2026_06_29.csv
2026-06-29,212953,Ilija Palavestra,1788,2,0.0,-10.0,USA,,atp_rankings_2026_06_29.csv
2026-06-29,212230,Seungmin Park,1788,2,0.0,-10.0,KOR,20,atp_rankings_2026_06_29.csv
2026-06-29,213186,David Petrovic,1788,2,0.0,16.0,GER,21,atp_rankings_2026_06_29.csv
2026-06-29,214261,Lautaro Rocha,1788,2,0.0,-10.0,ARG,19,atp_rankings_2026_06_29.csv
2026-06-29,214142,Kai Thompson,1788,2,0.0,-31.0,HKG,,atp_rankings_2026_06_29.csv
2026-06-29,200205,Valentin Vanta,1788,2,0.0,-10.0,ROU,28,atp_rankings_2026_06_29.csv
2026-06-29,213213,Hyu Kawanishi,1809,2,0.0,-36.0,JPN,,atp_rankings_2026_06_29.csv
2026-06-29,210265,Aleksandr Lobanov,1809,2,0.0,-9.0,RUS,25,atp_rankings_2026_06_29.csv
2026-06-29,209035,Mikel Martinez,1809,2,0.0,-9.0,ESP,25,atp_rankings_2026_06_29.csv
2026-06-29,213955,Santiago Pesino,1809,2,0.0,-9.0,ARG,19,atp_rankings_2026_06_29.csv
2026-06-29,214198,Daniel Aleksandar Amarandei,1813,2,0.0,-9.0,ITA,18,atp_rankings_2026_06_29.csv
2026-06-29,213278,Leonardo Angeloni,1813,2,0.0,-9.0,ITA,21,atp_rankings_2026_06_29.csv
2026-06-29,214488,Henry Best,1813,2,0.0,-9.0,GBR,19,atp_rankings_2026_06_29.csv
2026-06-29,210403,Ivan Dreycopp,1813,2,0.0,-9.0,ARG,22,atp_rankings_2026_06_29.csv
2026-06-29,210753,Matic Kriznik,1813,2,0.0,-9.0,SLO,20,atp_rankings_2026_06_29.csv
2026-06-29,149139,Arthur Laborde,1813,2,0.0,12.0,SUI,22,atp_rankings_2026_06_29.csv
2026-06-29,212851,Espen Lagarde,1813,2,0.0,-9.0,FRA,24,atp_rankings_2026_06_29.csv
2026-06-29,212293,Karl Kazuma Lee,1813,2,0.0,-9.0,USA,23,atp_rankings_2026_06_29.csv
2026-06-29,211701,Jules Leroux,1813,2,0.0,12.0,FRA,20,atp_rankings_2026_06_29.csv
2026-06-29,149141,Marko Nikolic,1813,2,0.0,-9.0,SRB,21,atp_rankings_2026_06_29.csv
2026-06-29,209974,Aleksander Orlikowski,1813,2,0.0,-9.0,POL,22,atp_rankings_2026_06_29.csv
2026-06-29,213287,Diego Ortiz Gamonsl,1813,2,0.0,-9.0,CHI,22,atp_rankings_2026_06_29.csv
2026-06-29,212923,Hugo Ouzilou,1813,2,0.0,-9.0,SUI,22,atp_rankings_2026_06_29.csv
2026-06-29,213173,Nicola Senn,1813,2,0.0,-9.0,SUI,,atp_rankings_2026_06_29.csv
2026-06-29,209870,Gunawan Trismuwantara,1813,2,0.0,-9.0,INA,23,atp_rankings_2026_06_29.csv
2026-06-29,202357,Bang Shuo Yin,1813,2,0.0,-9.0,TPE,27,atp_rankings_2026_06_29.csv
2026-06-29,206789,Lingxi Zhao,1813,2,0.0,-9.0,CHN,26,atp_rankings_2026_06_29.csv
2026-06-29,208315,Javier Molino,1830,2,0.0,-8.0,ESP,25,atp_rankings_2026_06_29.csv
2026-06-29,211674,Kuang Qing Xu,1830,2,0.0,-8.0,CHN,20,atp_rankings_2026_06_29.csv
2026-06-29,208154,Laurin Aerne,1832,2,0.0,-7.0,SUI,27,atp_rankings_2026_06_29.csv
2026-06-29,134545,Alexis Canter,1832,2,0.0,-7.0,GBR,28,atp_rankings_2026_06_29.csv
2026-06-29,,Hugo Cardinaud,1832,2,0.0,-7.0,,,atp_rankings_2026_06_29.csv
2026-06-29,213759,Maxi Carrascosa Diaz,1832,2,0.0,-7.0,ESP,,atp_rankings_2026_06_29.csv
2026-06-29,214317,Giovanni Ciocca,1832,2,0.0,-7.0,ITA,19,atp_rankings_2026_06_29.csv
2026-06-29,212720,Juan Carlos Fuentes Vasquez,1832,2,0.0,-7.0,ESA,20,atp_rankings_2026_06_29.csv
2026-06-29,212638,Gregor Hausberger,1832,2,0.0,-7.0,AUT,23,atp_rankings_2026_06_29.csv
2026-06-29,149104,Patrik Homola,1832,2,0.0,-7.0,CZE,22,atp_rankings_2026_06_29.csv
2026-06-29,211742,Daniel Lara Salmeron,1832,2,0.0,-7.0,ESP,25,atp_rankings_2026_06_29.csv
2026-06-29,214082,Justin Lenders,1832,2,0.0,-7.0,SUI,,atp_rankings_2026_06_29.csv
2026-06-29,213135,Ruslan Serazhetdinov,1832,2,0.0,-7.0,RUS,21,atp_rankings_2026_06_29.csv
2026-06-29,200479,Luke Simkiss,1832,2,0.0,-7.0,GBR,27,atp_rankings_2026_06_29.csv
2026-06-29,210331,Alessandro Spadola,1832,2,1.0,361.0,ITA,23,atp_rankings_2026_06_29.csv
2026-06-29,212196,Yua Taka,1832,2,0.0,-7.0,JPN,,atp_rankings_2026_06_29.csv
2026-06-29,212103,Zhan Zheng,1832,2,0.0,-7.0,CHN,23,atp_rankings_2026_06_29.csv
2026-06-29,209199,Ilias Zimmermann,1832,2,0.0,-7.0,SUI,,atp_rankings_2026_06_29.csv
2026-06-29,209238,Sebastian Dominguez,1848,2,0.0,-4.0,GUA,24,atp_rankings_2026_06_29.csv
2026-06-29,210315,Pietro Pampanin,1848,2,0.0,9.0,ITA,23,atp_rankings_2026_06_29.csv
2026-06-29,212473,Miles Clark,1850,2,0.0,-4.0,USA,,atp_rankings_2026_06_29.csv
2026-06-29,214209,Lenny Couturier,1850,2,0.0,-4.0,FRA,17,atp_rankings_2026_06_29.csv
2026-06-29,210454,Jesse De Jager,1850,2,0.0,-4.0,NED,24,atp_rankings_2026_06_29.csv
2026-06-29,213114,Chun Chien Hou,1850,2,0.0,-4.0,TPE,20,atp_rankings_2026_06_29.csv
2026-06-29,210341,Ajay Malik,1850,2,0.0,-4.0,IND,23,atp_rankings_2026_06_29.csv
2026-06-29,213810,Alex Santino Nunez Vera,1850,2,0.0,-4.0,PAR,18,atp_rankings_2026_06_29.csv
2026-06-29,212900,Andrea Paolini,1850,2,0.0,-4.0,ITA,23,atp_rankings_2026_06_29.csv
2026-06-29,138467,Marvin Bernardo Becker Spiering,1850,2,0.0,-4.0,BRA,28,atp_rankings_2026_06_29.csv
2026-06-29,212294,Matei Todoran,1850,2,0.0,-4.0,ROU,,atp_rankings_2026_06_29.csv
2026-06-29,212753,Allan Gatoto,1859,2,0.0,-2.0,BDI,,atp_rankings_2026_06_29.csv
2026-06-29,120545,Ko Suzuki,1859,2,0.0,-2.0,JPN,34,atp_rankings_2026_06_29.csv
2026-06-29,209847,Dorian Tremblay,1859,2,0.0,-2.0,FRA,24,atp_rankings_2026_06_29.csv
2026-06-29,211517,Gregorio Biondolillo,1862,2,0.0,-1.0,ITA,26,atp_rankings_2026_06_29.csv
2026-06-29,212860,Dakotah Bobo,1862,2,0.0,-1.0,USA,23,atp_rankings_2026_06_29.csv
2026-06-29,213629,Vincent Dullinger,1862,2,0.0,-16.0,GER,,atp_rankings_2026_06_29.csv
2026-06-29,210191,Gian Gruenig,1862,2,0.0,-16.0,SUI,26,atp_rankings_2026_06_29.csv
2026-06-29,212981,Jonas Gundacker,1862,2,-1.0,-196.0,AUT,23,atp_rankings_2026_06_29.csv
2026-06-29,209103,Haoyuan Huang,1862,2,0.0,10.0,CHN,23,atp_rankings_2026_06_29.csv
2026-06-29,213774,Dmitry Kopilevich,1862,2,0.0,10.0,SLO,19,atp_rankings_2026_06_29.csv
2026-06-29,210330,Evangelos Kypriotis,1862,2,0.0,-1.0,GRE,23,atp_rankings_2026_06_29.csv
2026-06-29,214111,Tomas Jordi Leston,1862,2,0.0,-1.0,ARG,,atp_rankings_2026_06_29.csv
2026-06-29,213931,Jun Hao Luo,1862,2,0.0,-1.0,CHN,18,atp_rankings_2026_06_29.csv
2026-06-29,213958,Ramazan Kaan Oktay,1862,2,0.0,-1.0,TUR,,atp_rankings_2026_06_29.csv
2026-06-29,210287,Noah Regas Luis,1862,2,0.0,-1.0,ESP,22,atp_rankings_2026_06_29.csv
2026-06-29,206827,Alan Sau Franco,1862,2,0.0,-1.0,MEX,25,atp_rankings_2026_06_29.csv
2026-06-29,210666,Ha Minh Duc Vu,1862,2,0.0,-1.0,VIE,23,atp_rankings_2026_06_29.csv
2026-06-29,210068,Lorenzo Ferri,1876,2,0.0,-4.0,ITA,22,atp_rankings_2026_06_29.csv
2026-06-29,214139,Nicola Ion,1876,2,0.0,-4.0,CAN,,atp_rankings_2026_06_29.csv
2026-06-29,,Alvaro Jimenez,1876,2,0.0,-4.0,,,atp_rankings_2026_06_29.csv
2026-06-29,124074,Kazuma Kawachi,1876,2,0.0,-4.0,JPN,31,atp_rankings_2026_06_29.csv
2026-06-29,214117,Jack Mcgary,1876,2,0.0,-4.0,USA,20,atp_rankings_2026_06_29.csv
2026-06-29,206739,Essa Qabazard,1876,2,0.0,-4.0,KUW,24,atp_rankings_2026_06_29.csv
2026-06-29,209255,Vladan Tadic,1876,2,0.0,-4.0,BIH,25,atp_rankings_2026_06_29.csv
2026-06-29,212890,Caheer Warik,1876,2,0.0,-4.0,IND,,atp_rankings_2026_06_29.csv
2026-06-29,214037,Jan Wygona,1876,2,0.0,-4.0,POL,,atp_rankings_2026_06_29.csv
2026-06-29,,Ignasi Forcano Aparicio,1885,2,0.0,3.0,,,atp_rankings_2026_06_29.csv
2026-06-29,213373,William Nolan,1885,2,0.0,0.0,GBR,23,atp_rankings_2026_06_29.csv
2026-06-29,213819,Andrei Kunitsyn,1887,2,0.0,0.0,RUS,21,atp_rankings_2026_06_29.csv
2026-06-29,209346,Stijn Pel,1888,2,0.0,0.0,NED,24,atp_rankings_2026_06_29.csv
2026-06-29,212724,Anas Bennour Dit Sahli,1889,2,0.0,-1.0,TUN,19,atp_rankings_2026_06_29.csv
2026-06-29,210103,Luca Parenti,1889,2,0.0,-1.0,ITA,22,atp_rankings_2026_06_29.csv
2026-06-29,207463,Sheng Tang,1889,2,0.0,-1.0,CHN,26,atp_rankings_2026_06_29.csv
2026-06-29,214385,Motoharu Abe,1892,1,0.0,2.0,JPN,17,atp_rankings_2026_06_29.csv
2026-06-29,120792,M Abid Ali Khan Akbar,1892,1,0.0,2.0,PAK,35,atp_rankings_2026_06_29.csv
2026-06-29,105618,Juan Samuel Arauzo Martinez,1892,1,0.0,2.0,ESP,35,atp_rankings_2026_06_29.csv
2026-06-29,210616,Jean Baptiste Badon,1892,1,0.0,2.0,USA,23,atp_rankings_2026_06_29.csv
2026-06-29,213950,Nicolas Baena,1892,1,0.0,81.0,PER,18,atp_rankings_2026_06_29.csv
2026-06-29,211458,Nathan Anthony Barki,1892,1,0.0,2.0,INA,21,atp_rankings_2026_06_29.csv
2026-06-29,214283,Juan Ignacio Barraza,1892,1,0.0,2.0,ARG,25,atp_rankings_2026_06_29.csv
2026-06-29,213966,Jerry Barton,1892,1,0.0,2.0,USA,23,atp_rankings_2026_06_29.csv
2026-06-29,214613,Marko Bekeni,1892,1,,,SVK,18,atp_rankings_2026_06_29.csv
2026-06-29,212712,Alexis Berquier,1892,1,0.0,2.0,FRA,,atp_rankings_2026_06_29.csv
2026-06-29,209093,Juliusz Bienkiewicz,1892,1,0.0,2.0,POL,,atp_rankings_2026_06_29.csv
2026-06-29,212668,Tyler Bowers,1892,1,0.0,2.0,USA,23,atp_rankings_2026_06_29.csv
2026-06-29,213942,Tighe Brunetti,1892,1,0.0,2.0,USA,22,atp_rankings_2026_06_29.csv
2026-06-29,209991,Hanamichi Carvajal,1892,1,0.0,2.0,CHI,24,atp_rankings_2026_06_29.csv
2026-06-29,213115,Elijah Cham,1892,1,0.0,2.0,AUS,,atp_rankings_2026_06_29.csv
2026-06-29,212676,Matthieu Chambonniere,1892,1,,,FRA,22,atp_rankings_2026_06_29.csv
2026-06-29,211730,Sandesh Dattatray Kurale,1892,1,0.0,2.0,IND,,atp_rankings_2026_06_29.csv
2026-06-29,214218,Malanqi Du,1892,1,0.0,2.0,CHN,23,atp_rankings_2026_06_29.csv
2026-06-29,214353,Gian Durrer,1892,1,0.0,2.0,SUI,22,atp_rankings_2026_06_29.csv
2026-06-29,214472,Finn Emslie Robson,1892,1,0.0,2.0,NZL,21,atp_rankings_2026_06_29.csv
2026-06-29,210408,Luca Fantini,1892,1,0.0,81.0,ITA,25,atp_rankings_2026_06_29.csv
2026-06-29,213671,Roberto Ferrer Guimaraes,1892,1,0.0,2.0,USA,,atp_rankings_2026_06_29.csv
2026-06-29,214502,Kanta Kujisaki,1892,1,0.0,2.0,JPN,19,atp_rankings_2026_06_29.csv
2026-06-29,214310,Pietro Gava,1892,1,0.0,2.0,BRA,16,atp_rankings_2026_06_29.csv
2026-06-29,206625,Daniil Golubev,1892,1,0.0,2.0,RUS,24,atp_rankings_2026_06_29.csv
2026-06-29,213568,Federico Gaston Gonzalez Benitez,1892,1,0.0,2.0,PRY,,atp_rankings_2026_06_29.csv
2026-06-29,213890,Henry Jefferson,1892,1,0.0,2.0,GBR,,atp_rankings_2026_06_29.csv
2026-06-29,202155,Yeongseok Jeong,1892,1,0.0,2.0,KOR,26,atp_rankings_2026_06_29.csv
2026-06-29,212521,Thomas Kostka,1892,1,0.0,2.0,FRA,23,atp_rankings_2026_06_29.csv
2026-06-29,210112,Veljko Krstic,1892,1,,,SRB,22,atp_rankings_2026_06_29.csv
2026-06-29,214233,Woong Chan Lee,1892,1,0.0,2.0,KOR,17,atp_rankings_2026_06_29.csv
2026-06-29,104810,Zhe Li,1892,1,0.0,81.0,CHN,39,atp_rankings_2026_06_29.csv
2026-06-29,214455,Liangxuan Lu,1892,1,0.0,2.0,CHN,16,atp_rankings_2026_06_29.csv
2026-06-29,148678,Cyrus Mahjoob,1892,1,0.0,2.0,USA,20,atp_rankings_2026_06_29.csv
2026-06-29,214251,Noah Martens,1892,1,0.0,2.0,BEL,24,atp_rankings_2026_06_29.csv
2026-06-29,214614,Matisse Martin,1892,1,0.0,2.0,FRA,17,atp_rankings_2026_06_29.csv
2026-06-29,210050,Dusan Milanovic,1892,1,0.0,2.0,SRB,24,atp_rankings_2026_06_29.csv
2026-06-29,204737,Alejandro Moreno,1892,1,0.0,2.0,MEX,36,atp_rankings_2026_06_29.csv
2026-06-29,213733,Ronan Tashinga Mtisi,1892,1,0.0,2.0,ZIM,18,atp_rankings_2026_06_29.csv
2026-06-29,214306,Juan Francisco Munoz,1892,1,0.0,2.0,MEX,18,atp_rankings_2026_06_29.csv
2026-06-29,149283,Freddy Murray,1892,1,0.0,2.0,IRL,22,atp_rankings_2026_06_29.csv
2026-06-29,214100,Niklas Niggemann,1892,1,0.0,2.0,GER,23,atp_rankings_2026_06_29.csv
2026-06-29,210133,Valdemar Frederik Pape,1892,1,0.0,2.0,DEN,22,atp_rankings_2026_06_29.csv
2026-06-29,214254,Roberto Perez Socas,1892,1,0.0,2.0,ESP,18,atp_rankings_2026_06_29.csv
2026-06-29,210212,Alexander Petrov,1892,1,0.0,2.0,BUL,24,atp_rankings_2026_06_29.csv
2026-06-29,214426,Felix Raser,1892,1,0.0,2.0,AUT,17,atp_rankings_2026_06_29.csv
2026-06-29,214160,Henry Ren,1892,1,0.0,2.0,CAN,22,atp_rankings_2026_06_29.csv
2026-06-29,200100,Tomas Rengel Sierra,1892,1,0.0,2.0,ARG,29,atp_rankings_2026_06_29.csv
2026-06-29,214635,Milan Ristov,1892,1,,,MNE,20,atp_rankings_2026_06_29.csv
2026-06-29,214649,Felipe Rivadeneira,1892,1,0.0,2.0,ECU,20,atp_rankings_2026_06_29.csv
2026-06-29,209880,Carl Roothman,1892,1,0.0,2.0,RSA,23,atp_rankings_2026_06_29.csv
2026-06-29,105633,Mohamed Safwat,1892,1,0.0,2.0,EGY,35,atp_rankings_2026_06_29.csv
2026-06-29,202363,Fabien Salle,1892,1,0.0,2.0,FRA,26,atp_rankings_2026_06_29.csv
2026-06-29,105688,Manuel Sanchez,1892,1,0.0,2.0,MEX,35,atp_rankings_2026_06_29.csv
2026-06-29,213672,Erik Schiessl,1892,1,0.0,2.0,GER,,atp_rankings_2026_06_29.csv
2026-06-29,214271,Mauricio Schtulmann Gasca,1892,1,0.0,2.0,MEX,17,atp_rankings_2026_06_29.csv
2026-06-29,213761,Jack Secord,1892,1,0.0,2.0,USA,,atp_rankings_2026_06_29.csv
2026-06-29,210467,Rafael Segado Esteve,1892,1,0.0,2.0,ESP,20,atp_rankings_2026_06_29.csv
2026-06-29,211630,Jan Simonsson,1892,1,0.0,2.0,SWE,22,atp_rankings_2026_06_29.csv
2026-06-29,214531,Oliwier Sterniczuk,1892,1,0.0,2.0,POL,18,atp_rankings_2026_06_29.csv
2026-06-29,208301,Gustaf Strom,1892,1,0.0,2.0,SWE,24,atp_rankings_2026_06_29.csv
2026-06-29,210664,Bjorn Swenson,1892,1,0.0,81.0,USA,22,atp_rankings_2026_06_29.csv
2026-06-29,210162,Harry Thursfield,1892,1,0.0,2.0,GBR,25,atp_rankings_2026_06_29.csv
2026-06-29,214639,Alexandr Tiutchenko,1892,1,0.0,2.0,UKR,16,atp_rankings_2026_06_29.csv
2026-06-29,214602,Aleksandar Tolev,1892,1,,,BUL,16,atp_rankings_2026_06_29.csv
2026-06-29,214045,Ryan Torres,1892,1,0.0,2.0,PHI,,atp_rankings_2026_06_29.csv
2026-06-29,214508,Mikhail Tsapenko,1892,1,0.0,2.0,RUS,18,atp_rankings_2026_06_29.csv
2026-06-29,208397,Barkat Khan,1892,1,0.0,2.0,PAK,28,atp_rankings_2026_06_29.csv
2026-06-29,210356,Andres Urquiola Montellano,1892,1,0.0,2.0,BOL,22,atp_rankings_2026_06_29.csv
2026-06-29,214458,Adria Velazquez Farre,1892,1,0.0,2.0,ESP,16,atp_rankings_2026_06_29.csv
2026-06-29,213937,Dawid Wisniewski,1892,1,0.0,2.0,POL,,atp_rankings_2026_06_29.csv
2026-06-29,211741,Anthony Wright,1892,1,0.0,2.0,GBR,21,atp_rankings_2026_06_29.csv
2026-06-29,212165,Rafael Ymer,1892,1,0.0,2.0,SWE,20,atp_rankings_2026_06_29.csv
2026-06-29,127894,Yusuke Yoshikawa,1892,1,0.0,2.0,JPN,32,atp_rankings_2026_06_29.csv
2026-06-29,214132,William Zhang,1892,1,0.0,2.0,USA,,atp_rankings_2026_06_29.csv
2026-06-29,214285,Daniel Adeleye,1967,1,0.0,6.0,NGR,20,atp_rankings_2026_06_29.csv
2026-06-29,126732,Eric Ahren Moonga,1967,1,0.0,6.0,SWE,30,atp_rankings_2026_06_29.csv
2026-06-29,214643,Alan Aiukhanov,1967,1,0.0,6.0,RUS,17,atp_rankings_2026_06_29.csv
2026-06-29,206738,Bader Alabdullah,1967,1,0.0,6.0,KUW,24,atp_rankings_2026_06_29.csv
2026-06-29,212493,Ramiro Amarilla,1967,1,0.0,6.0,ARG,24,atp_rankings_2026_06_29.csv
2026-06-29,144727,Joao Antonio,1967,1,0.0,6.0,POR,27,atp_rankings_2026_06_29.csv
2026-06-29,149100,Romeo Arcuschin,1967,1,0.0,6.0,ARG,,atp_rankings_2026_06_29.csv
2026-06-29,214008,David Asenov,1967,1,0.0,6.0,CAN,,atp_rankings_2026_06_29.csv
2026-06-29,214232,Lorenzo Balducci,1967,1,0.0,6.0,ITA,18,atp_rankings_2026_06_29.csv
2026-06-29,105871,Sekou Bangoura,1967,1,0.0,6.0,USA,34,atp_rankings_2026_06_29.csv
2026-06-29,211640,Victor Barrere,1967,1,0.0,6.0,FRA,,atp_rankings_2026_06_29.csv
2026-06-29,211396,Vladimir Bazilevskiy,1967,1,0.0,6.0,ISR,20,atp_rankings_2026_06_29.csv
2026-06-29,212504,Nika Bidzinashvili,1967,1,0.0,6.0,GEO,,atp_rankings_2026_06_29.csv
2026-06-29,213663,Maximilian Borisov,1967,1,0.0,6.0,BUL,,atp_rankings_2026_06_29.csv
2026-06-29,210440,Federico Bove,1967,1,0.0,6.0,ITA,27,atp_rankings_2026_06_29.csv
2026-06-29,212057,Gabriele Brancatelli,1967,1,0.0,6.0,USA,22,atp_rankings_2026_06_29.csv
2026-06-29,214659,Dmitrii Burtsev,1967,1,0.0,6.0,RUS,20,atp_rankings_2026_06_29.csv
2026-06-29,210434,Charlie Camus,1967,1,0.0,6.0,FRA,19,atp_rankings_2026_06_29.csv
2026-06-29,132456,Vasilios Caripi,1967,1,0.0,6.0,RSA,34,atp_rankings_2026_06_29.csv
2026-06-29,212663,Gianluca Carlini,1967,1,,,ITA,20,atp_rankings_2026_06_29.csv
2026-06-29,212517,Marcos Castro Fabra,1967,1,0.0,6.0,ESP,19,atp_rankings_2026_06_29.csv
2026-06-29,207780,Jordan Chiu,1967,1,0.0,6.0,USA,25,atp_rankings_2026_06_29.csv
2026-06-29,213711,Dario Alexandru Ciobotaru,1967,1,0.0,6.0,ROU,,atp_rankings_2026_06_29.csv
2026-06-29,208672,Jose Luis Claro,1967,1,0.0,6.0,PER,22,atp_rankings_2026_06_29.csv
2026-06-29,212883,Andres Delgadillo,1967,1,0.0,6.0,MEX,,atp_rankings_2026_06_29.csv
2026-06-29,213736,Martin Doskocil,1967,1,0.0,6.0,CZE,,atp_rankings_2026_06_29.csv
2026-06-29,127140,Alessandro Dragoni,1967,1,0.0,6.0,ITA,28,atp_rankings_2026_06_29.csv
2026-06-29,211402,Mikhail Dubrouski,1967,1,0.0,6.0,BLR,,atp_rankings_2026_06_29.csv
2026-06-29,214308,Tomas Dummer Macedo,1967,1,0.0,6.0,BRA,17,atp_rankings_2026_06_29.csv
2026-06-29,105273,Mauricio Echazu,1967,1,0.0,6.0,PER,37,atp_rankings_2026_06_29.csv
2026-06-29,214551,Marwan Ehab,1967,1,0.0,6.0,EGY,17,atp_rankings_2026_06_29.csv
2026-06-29,210729,Hamza El Amine,1967,1,-1.0,-210.0,MAR,22,atp_rankings_2026_06_29.csv
2026-06-29,210035,Karim El Feky,1967,1,0.0,6.0,EGY,24,atp_rankings_2026_06_29.csv
2026-06-29,214131,Edward Etty,1967,1,0.0,6.0,NED,24,atp_rankings_2026_06_29.csv
2026-06-29,214133,Wen Bo Fan,1967,1,0.0,6.0,CHN,18,atp_rankings_2026_06_29.csv
2026-06-29,214248,Oriol Font,1967,1,0.0,6.0,ESP,20,atp_rankings_2026_06_29.csv
2026-06-29,202307,Alejandro Garcia,1967,1,0.0,6.0,ESP,24,atp_rankings_2026_06_29.csv
2026-06-29,214312,Rafael Augusto Garcia Finetto,1967,1,0.0,6.0,BRA,18,atp_rankings_2026_06_29.csv
2026-06-29,213767,Alexander Glomb,1967,1,0.0,6.0,GER,,atp_rankings_2026_06_29.csv
2026-06-29,210400,Nicolas Rafael Goldberg Alviani,1967,1,0.0,6.0,ESP,23,atp_rankings_2026_06_29.csv
2026-06-29,214660,Alexander Guajardo,1967,1,0.0,-73.0,USA,19,atp_rankings_2026_06_29.csv
2026-06-29,214083,Thomas Gunzinger,1967,1,0.0,6.0,SUI,,atp_rankings_2026_06_29.csv
2026-06-29,214467,Zac Hamill,1967,1,0.0,-73.0,AUS,21,atp_rankings_2026_06_29.csv
2026-06-29,210151,Mark Havlicek,1967,1,0.0,6.0,CZE,22,atp_rankings_2026_06_29.csv
2026-06-29,210388,Kaeri Hernandez Mariona,1967,1,0.0,6.0,GUA,23,atp_rankings_2026_06_29.csv
2026-06-29,213917,Yuya Hirose,1967,1,0.0,6.0,JPN,,atp_rankings_2026_06_29.csv
2026-06-29,214555,Juchan Hwang,1967,1,0.0,6.0,KOR,18,atp_rankings_2026_06_29.csv
2026-06-29,214078,Leonardo Iemmi,1967,1,0.0,6.0,ITA,21,atp_rankings_2026_06_29.csv
2026-06-29,213959,Ilya Ignatov,1967,1,0.0,6.0,UZB,20,atp_rankings_2026_06_29.csv
2026-06-29,205905,Sergio Ingles Garre,1967,1,0.0,6.0,ESP,27,atp_rankings_2026_06_29.csv
2026-06-29,213342,David Jeanne Grandinot,1967,1,0.0,6.0,FRA,23,atp_rankings_2026_06_29.csv
2026-06-29,210422,Roan Jones,1967,1,0.0,6.0,GBR,22,atp_rankings_2026_06_29.csv
2026-06-29,212527,Adam Kaczmarek,1967,1,0.0,6.0,POL,22,atp_rankings_2026_06_29.csv
2026-06-29,214191,Omar Kandil,1967,1,0.0,6.0,EGY,16,atp_rankings_2026_06_29.csv
2026-06-29,214137,Marko Knezevic,1967,1,0.0,6.0,NED,19,atp_rankings_2026_06_29.csv
2026-06-29,214216,Anes Latifovic,1967,1,0.0,6.0,GER,21,atp_rankings_2026_06_29.csv
2026-06-29,211787,Matteo Lavizzari,1967,1,-1.0,-210.0,SUI,21,atp_rankings_2026_06_29.csv
2026-06-29,210548,Tim Loosen,1967,1,0.0,6.0,GER,24,atp_rankings_2026_06_29.csv
2026-06-29,208848,Mikolaj Lorens,1967,1,0.0,6.0,POL,24,atp_rankings_2026_06_29.csv
2026-06-29,213971,Tomas Marin,1967,1,0.0,6.0,COL,,atp_rankings_2026_06_29.csv
2026-06-29,210419,Daniele Minighini,1967,1,0.0,6.0,ITA,21,atp_rankings_2026_06_29.csv
2026-06-29,213005,Ali Missoum,1967,1,0.0,6.0,MAR,17,atp_rankings_2026_06_29.csv
2026-06-29,208204,Francois Musitelli,1967,1,0.0,6.0,FRA,27,atp_rankings_2026_06_29.csv
2026-06-29,149157,Luis Jose Nakamine,1967,1,0.0,6.0,PER,20,atp_rankings_2026_06_29.csv
2026-06-29,211545,Seiya Nakanishi,1967,1,0.0,6.0,JPN,29,atp_rankings_2026_06_29.csv
2026-06-29,214373,Pierre Ngijol Carre,1967,1,0.0,6.0,FRA,,atp_rankings_2026_06_29.csv
2026-06-29,212909,Dingzheng Nima,1967,1,0.0,6.0,CHN,22,atp_rankings_2026_06_29.csv
2026-06-29,213613,Kaue Noatto,1967,1,0.0,6.0,BRA,,atp_rankings_2026_06_29.csv
2026-06-29,214600,Alexander Ikenna Okonkwo,1967,1,0.0,6.0,GBR,21,atp_rankings_2026_06_29.csv
2026-06-29,200075,Yshai Oliel,1967,1,0.0,6.0,ISR,26,atp_rankings_2026_06_29.csv
2026-06-29,209873,Eric Jr. Olivarez,1967,1,0.0,114.0,PHI,28,atp_rankings_2026_06_29.csv
2026-06-29,212764,Fabrizio Karol Pio Osti,1967,1,0.0,114.0,ITA,20,atp_rankings_2026_06_29.csv
2026-06-29,213922,Max Pade,1967,1,0.0,6.0,GER,,atp_rankings_2026_06_29.csv
2026-06-29,214547,Ntungamili Raguin,1967,1,0.0,6.0,BOT,17,atp_rankings_2026_06_29.csv
2026-06-29,,Philippe Renard,1967,1,0.0,6.0,,,atp_rankings_2026_06_29.csv
2026-06-29,,Pablo Robledo,1967,1,0.0,6.0,,,atp_rankings_2026_06_29.csv
2026-06-29,214087,Jan Sadzik,1967,1,0.0,6.0,POL,18,atp_rankings_2026_06_29.csv
2026-06-29,214530,Oliver Sanders,1967,1,0.0,6.0,CZE,18,atp_rankings_2026_06_29.csv
2026-06-29,214024,Djordje Sapic,1967,1,0.0,6.0,SRB,,atp_rankings_2026_06_29.csv
2026-06-29,214318,Michael Savano,1967,1,0.0,6.0,USA,18,atp_rankings_2026_06_29.csv
2026-06-29,208418,Jonas Schaer,1967,1,0.0,6.0,SUI,26,atp_rankings_2026_06_29.csv
2026-06-29,209948,Jan Sebesta,1967,1,0.0,-73.0,SUI,23,atp_rankings_2026_06_29.csv
2026-06-29,210349,Amaan Siddiqui,1967,1,0.0,6.0,IND,24,atp_rankings_2026_06_29.csv
2026-06-29,214387,Svarmanyu Singh,1967,1,0.0,6.0,IND,20,atp_rankings_2026_06_29.csv
2026-06-29,213723,Stephen Slocombe,1967,1,0.0,6.0,BAR,23,atp_rankings_2026_06_29.csv
2026-06-29,214031,Nicholas Steiglehner,1967,1,0.0,6.0,USA,22,atp_rankings_2026_06_29.csv
2026-06-29,212636,Maxime St Hilaire,1967,1,0.0,6.0,CAN,23,atp_rankings_2026_06_29.csv
2026-06-29,214290,Leonardo Suarez,1967,1,0.0,6.0,BOL,17,atp_rankings_2026_06_29.csv
2026-06-29,213981,Elias Sumann,1967,1,0.0,6.0,AUT,20,atp_rankings_2026_06_29.csv
2026-06-29,214514,Abubakar Talha,1967,1,0.0,6.0,PAK,16,atp_rankings_2026_06_29.csv
2026-06-29,212092,Yu Tanaka,1967,1,0.0,6.0,JPN,22,atp_rankings_2026_06_29.csv
2026-06-29,214068,Daniel Tazabekov,1967,1,0.0,6.0,KAZ,18,atp_rankings_2026_06_29.csv
2026-06-29,208329,Maximilian Todorov,1967,1,0.0,-73.0,GER,26,atp_rankings_2026_06_29.csv
2026-06-29,214297,Julian Valenzuela,1967,1,0.0,6.0,CHI,18,atp_rankings_2026_06_29.csv
2026-06-29,214187,Luigi Valletta,1967,1,0.0,6.0,ITA,18,atp_rankings_2026_06_29.csv
2026-06-29,210206,Jip Van Assendelft,1967,1,0.0,6.0,NED,24,atp_rankings_2026_06_29.csv
2026-06-29,125804,Brandon Walkin,1967,1,0.0,6.0,GBR,31,atp_rankings_2026_06_29.csv
2026-06-29,213907,Christian Wedel,1967,1,0.0,6.0,GER,,atp_rankings_2026_06_29.csv
2026-06-29,214358,Finn Willman,1967,1,0.0,6.0,NZL,19,atp_rankings_2026_06_29.csv
2026-06-29,214110,Kai An Wu,1967,1,0.0,6.0,TPE,19,atp_rankings_2026_06_29.csv
2026-06-29,126715,Fernando Yamacita,1967,1,0.0,6.0,BRA,28,atp_rankings_2026_06_29.csv
2026-06-29,214509,Natsuki Yamamoto,1967,1,0.0,6.0,JPN,20,atp_rankings_2026_06_29.csv
2026-06-29,208076,Danielle Abadia,2069,1,0.0,12.0,SGP,24,atp_rankings_2026_06_29.csv
2026-06-29,210662,Marco Alvarez,2069,1,0.0,12.0,USA,25,atp_rankings_2026_06_29.csv
2026-06-29,209041,Bozo Barun,2069,1,0.0,-96.0,CRO,25,atp_rankings_2026_06_29.csv
2026-06-29,109732,Enrique Bogo,2069,1,0.0,12.0,BRA,30,atp_rankings_2026_06_29.csv
2026-06-29,214301,Matthew Carroll,2069,1,0.0,12.0,GBR,,atp_rankings_2026_06_29.csv
2026-06-29,209282,Ian Luca Cervantes Tomas,2069,1,0.0,78.0,MEX,22,atp_rankings_2026_06_29.csv
2026-06-29,214154,Enrique Collar,2069,1,0.0,12.0,ESP,18,atp_rankings_2026_06_29.csv
2026-06-29,208927,Milledge Cossu,2069,1,0.0,12.0,USA,24,atp_rankings_2026_06_29.csv
2026-06-29,209933,Clement Deleersnyder,2069,1,0.0,12.0,FRA,24,atp_rankings_2026_06_29.csv
2026-06-29,133880,Thomas Deschamps,2069,1,-1.0,-291.0,FRA,27,atp_rankings_2026_06_29.csv
2026-06-29,214165,Joao Pedro Didoni Bonini,2069,1,0.0,12.0,BRA,18,atp_rankings_2026_06_29.csv
2026-06-29,212929,Nikola Djukic Valera,2069,1,0.0,12.0,ESP,,atp_rankings_2026_06_29.csv
2026-06-29,214351,Filip Drab,2069,1,,,SVK,18,atp_rankings_2026_06_29.csv
2026-06-29,211685,Birtan Duran,2069,1,0.0,-96.0,TUR,21,atp_rankings_2026_06_29.csv
2026-06-29,210432,Felix  Einig,2069,1,,,GER,26,atp_rankings_2026_06_29.csv
2026-06-29,213961,Tarek Erlewein,2069,1,0.0,12.0,GER,23,atp_rankings_2026_06_29.csv
2026-06-29,214375,Luis Andres Flores Avila,2069,1,0.0,12.0,MEX,18,atp_rankings_2026_06_29.csv
2026-06-29,211353,Thomas Nicholas Gadecki,2069,1,-1.0,-291.0,AUS,20,atp_rankings_2026_06_29.csv
2026-06-29,214305,Mario Andre Galarraga,2069,1,0.0,12.0,ECU,18,atp_rankings_2026_06_29.csv
2026-06-29,214017,Jon Gamble,2069,1,0.0,12.0,USA,,atp_rankings_2026_06_29.csv
2026-06-29,209895,Sai Karteek Reddy Ganta,2069,1,0.0,12.0,IND,26,atp_rankings_2026_06_29.csv
2026-06-29,209316,Anthony Genov,2069,1,0.0,12.0,BUL,24,atp_rankings_2026_06_29.csv
2026-06-29,214364,Alexander Gschiel,2069,1,0.0,-96.0,AUT,19,atp_rankings_2026_06_29.csv
2026-06-29,213282,Trisztan Gubi,2069,1,0.0,12.0,HUN,21,atp_rankings_2026_06_29.csv
2026-06-29,213680,Javier Guzman,2069,1,0.0,12.0,CHL,,atp_rankings_2026_06_29.csv
2026-06-29,213949,Julius Maximilian Haus,2069,1,0.0,12.0,GER,19,atp_rankings_2026_06_29.csv
2026-06-29,214096,llan Hediger,2069,1,0.0,12.0,SUI,19,atp_rankings_2026_06_29.csv
2026-06-29,208083,Adam Heinonen,2069,1,0.0,12.0,SWE,23,atp_rankings_2026_06_29.csv
2026-06-29,214520,Stijn Hofman,2069,1,0.0,12.0,NED,23,atp_rankings_2026_06_29.csv
2026-06-29,208878,Ryder Jackson,2069,1,0.0,12.0,USA,21,atp_rankings_2026_06_29.csv
2026-06-29,213199,Dorian Juszczak,2069,1,0.0,12.0,POL,21,atp_rankings_2026_06_29.csv
2026-06-29,214035,Guelord Kayombo,2069,1,0.0,12.0,COD,,atp_rankings_2026_06_29.csv
2026-06-29,103499,Aqeel Khan,2069,1,0.0,12.0,PAK,46,atp_rankings_2026_06_29.csv
2026-06-29,200690,Yuhei Kono,2069,1,0.0,12.0,JPN,30,atp_rankings_2026_06_29.csv
2026-06-29,210248,Jakub Kroslak,2069,1,0.0,12.0,SVK,23,atp_rankings_2026_06_29.csv
2026-06-29,210159,Tomas Lanik,2069,1,0.0,-96.0,SVK,24,atp_rankings_2026_06_29.csv
2026-06-29,213565,Isaac Lhomond,2069,1,0.0,12.0,FRA,,atp_rankings_2026_06_29.csv
2026-06-29,208841,Zekai Li,2069,1,0.0,12.0,CHN,26,atp_rankings_2026_06_29.csv
2026-06-29,213850,Aron Janos Major,2069,1,0.0,-96.0,HUN,,atp_rankings_2026_06_29.csv
2026-06-29,211699,Franco Marini,2069,1,0.0,12.0,ARG,,atp_rankings_2026_06_29.csv
2026-06-29,212188,Benjamin Martin,2069,1,0.0,12.0,FRA,21,atp_rankings_2026_06_29.csv
2026-06-29,132804,Jordi Mas De Ugarte,2069,1,0.0,12.0,ESP,30,atp_rankings_2026_06_29.csv
2026-06-29,214099,Kaspar Mathes,2069,1,0.0,-96.0,GER,,atp_rankings_2026_06_29.csv
2026-06-29,214314,Cooper Mccarthy,2069,1,0.0,12.0,RSA,16,atp_rankings_2026_06_29.csv
2026-06-29,214576,Andre Megrabian,2069,1,0.0,12.0,BEL,21,atp_rankings_2026_06_29.csv
2026-06-29,132433,Stefan Menichella,2069,1,0.0,12.0,USA,31,atp_rankings_2026_06_29.csv
2026-06-29,214367,Marco Migliorati,2069,1,0.0,12.0,ITA,22,atp_rankings_2026_06_29.csv
2026-06-29,213158,Vicente Monge,2069,1,0.0,12.0,PER,19,atp_rankings_2026_06_29.csv
2026-06-29,212938,Botond Nagy,2069,1,0.0,78.0,HUN,,atp_rankings_2026_06_29.csv
2026-06-29,212805,Saba George Nanobashvili,2069,1,0.0,12.0,SWE,21,atp_rankings_2026_06_29.csv
2026-06-29,211489,Maximilian Oezcelik,2069,1,0.0,12.0,GER,,atp_rankings_2026_06_29.csv
2026-06-29,212813,Kentaro Otsuka,2069,1,0.0,12.0,JPN,,atp_rankings_2026_06_29.csv
2026-06-29,212619,Charlie Pade,2069,1,0.0,12.0,AUS,21,atp_rankings_2026_06_29.csv
2026-06-29,212047,Danil Panarin,2069,1,,,RUS,21,atp_rankings_2026_06_29.csv
2026-06-29,212633,Tomas Pinho,2069,1,0.0,12.0,POR,23,atp_rankings_2026_06_29.csv
2026-06-29,214172,Mattias Pisanu,2069,1,0.0,12.0,ITA,18,atp_rankings_2026_06_29.csv
2026-06-29,212170,David Prasievi,2069,1,0.0,12.0,USA,,atp_rankings_2026_06_29.csv
2026-06-29,211592,Tadija Radovanovic,2069,1,0.0,12.0,SRB,26,atp_rankings_2026_06_29.csv
2026-06-29,214222,Felix Roussel,2069,1,,,CAN,18,atp_rankings_2026_06_29.csv
2026-06-29,214019,Hidde Schoenmakers,2069,1,0.0,12.0,NED,,atp_rankings_2026_06_29.csv
2026-06-29,131999,Kyle Seelig,2069,1,0.0,12.0,USA,28,atp_rankings_2026_06_29.csv
2026-06-29,214372,Rajat Shirur,2069,1,0.0,12.0,USA,18,atp_rankings_2026_06_29.csv
2026-06-29,214328,Andre Souza,2069,1,0.0,12.0,BRA,23,atp_rankings_2026_06_29.csv
2026-06-29,211607,Filip Stidell,2069,1,0.0,12.0,SWE,20,atp_rankings_2026_06_29.csv
2026-06-29,211493,Calin Teodor Stirbu,2069,1,0.0,78.0,ROU,20,atp_rankings_2026_06_29.csv
2026-06-29,212557,Samuel Stolarik,2069,1,0.0,12.0,SVK,22,atp_rankings_2026_06_29.csv
2026-06-29,213160,Adam Gabor Szoke,2069,1,0.0,12.0,HUN,22,atp_rankings_2026_06_29.csv
2026-06-29,210702,Jinpeng Tang,2069,1,0.0,12.0,CHN,19,atp_rankings_2026_06_29.csv
2026-06-29,214088,Uladzislau Tarasevich,2069,1,0.0,12.0,BEL,21,atp_rankings_2026_06_29.csv
2026-06-29,213020,Aadarsh Tripathi,2069,1,0.0,-96.0,USA,22,atp_rankings_2026_06_29.csv
2026-06-29,214077,Vaal Urankar,2069,1,0.0,12.0,SLO,21,atp_rankings_2026_06_29.csv
2026-06-29,212098,Iker Urribarrens Ramirez,2069,1,0.0,12.0,ESP,22,atp_rankings_2026_06_29.csv
2026-06-29,207725,Niels Peter Van Noord,2069,1,0.0,12.0,CAN,26,atp_rankings_2026_06_29.csv
2026-06-29,213746,Felipe Vazquez,2069,1,0.0,-96.0,URU,18,atp_rankings_2026_06_29.csv
2026-06-29,213708,Henrik Villanger,2069,1,0.0,12.0,NOR,,atp_rankings_2026_06_29.csv
2026-06-29,214307,Ids Waterbolk,2069,1,0.0,12.0,NED,25,atp_rankings_2026_06_29.csv
2026-06-29,211563,Aaron James Williams,2069,1,0.0,12.0,GER,22,atp_rankings_2026_06_29.csv
2026-06-29,212102,Maximus Zavier Wong,2069,1,0.0,12.0,SIN,,atp_rankings_2026_06_29.csv
2026-06-29,210597,Ahmed Zaki,2069,1,0.0,12.0,EGY,21,atp_rankings_2026_06_29.csv
2026-06-29,213047,Marcin Andrzejczak,2148,1,0.0,-1.0,POL,,atp_rankings_2026_06_29.csv
2026-06-29,214055,Flavio Bocci,2148,1,0.0,-1.0,ITA,,atp_rankings_2026_06_29.csv
2026-06-29,212601,Luka Bojicic Ono,2148,1,0.0,-1.0,BRA,21,atp_rankings_2026_06_29.csv
2026-06-29,212497,Alvaro Bueno Gil,2148,1,0.0,-1.0,ESP,26,atp_rankings_2026_06_29.csv
2026-06-29,149161,David Cristian Carteputreda,2148,1,0.0,-67.0,ROU,19,atp_rankings_2026_06_29.csv
2026-06-29,214241,Sasha Colleu,2148,1,0.0,-1.0,FRA,,atp_rankings_2026_06_29.csv
2026-06-29,214147,Livas Eduardo De Carvalho Damazio,2148,1,0.0,-1.0,BRA,16,atp_rankings_2026_06_29.csv
2026-06-29,214544,Tugra Duran,2148,1,0.0,-1.0,TUR,19,atp_rankings_2026_06_29.csv
2026-06-29,207167,Barney Fitzpatrick,2148,1,0.0,-1.0,GBR,24,atp_rankings_2026_06_29.csv
2026-06-29,200187,Luc Fomba,2148,1,0.0,-1.0,FRA,27,atp_rankings_2026_06_29.csv
2026-06-29,207748,Hong Lin Fu,2148,1,0.0,-1.0,TPE,24,atp_rankings_2026_06_29.csv
2026-06-29,208243,Seon Yong Han,2148,1,0.0,-1.0,KOR,25,atp_rankings_2026_06_29.csv
2026-06-29,212472,Xirui Han,2148,1,0.0,-1.0,CHN,20,atp_rankings_2026_06_29.csv
2026-06-29,212270,Ruben Hartig,2148,1,,,GER,23,atp_rankings_2026_06_29.csv
2026-06-29,214005,Ludvig Fredrik Hede,2148,1,0.0,-1.0,SWE,19,atp_rankings_2026_06_29.csv
2026-06-29,214263,Matic Hribar,2148,1,0.0,-1.0,SLO,19,atp_rankings_2026_06_29.csv
2026-06-29,213928,Reid Jarvis,2148,1,0.0,45.0,USA,,atp_rankings_2026_06_29.csv
2026-06-29,208157,Jan Jermar,2148,1,0.0,-1.0,CZE,26,atp_rankings_2026_06_29.csv
2026-06-29,214067,Mikhail Khodorchenko,2148,1,0.0,-1.0,RUS,,atp_rankings_2026_06_29.csv
2026-06-29,213181,Rein Koenders,2148,1,0.0,-1.0,NED,,atp_rankings_2026_06_29.csv
2026-06-29,214076,Matyas Kozlovsky,2148,1,0.0,-1.0,CZE,18,atp_rankings_2026_06_29.csv
2026-06-29,214259,Rodrigo Leal,2148,1,0.0,-1.0,POR,,atp_rankings_2026_06_29.csv
2026-06-29,125848,Niels Lootsma,2148,1,0.0,-1.0,NED,31,atp_rankings_2026_06_29.csv
2026-06-29,209328,Martin Maldonado,2148,1,0.0,-1.0,ECU,,atp_rankings_2026_06_29.csv
2026-06-29,212754,Norbert Marosik,2148,1,0.0,-1.0,SVK,22,atp_rankings_2026_06_29.csv
2026-06-29,208897,Pablo Masjuan Ginel,2148,1,0.0,-1.0,ESP,23,atp_rankings_2026_06_29.csv
2026-06-29,212024,Alejandro Melero Kretzer,2148,1,0.0,-1.0,ESP,21,atp_rankings_2026_06_29.csv
2026-06-29,213831,Vicente Freda,2148,1,0.0,-1.0,BRA,19,atp_rankings_2026_06_29.csv
2026-06-29,200233,Nicaise Muamba,2148,1,0.0,45.0,CAN,25,atp_rankings_2026_06_29.csv
2026-06-29,210476,Enmanuel Munoz,2148,1,0.0,-1.0,DOM,21,atp_rankings_2026_06_29.csv
2026-06-29,209137,Noppadol Noikor,2148,1,0.0,-1.0,THA,26,atp_rankings_2026_06_29.csv
2026-06-29,214404,Oscar Pinto Sansano,2148,1,0.0,-1.0,ESP,23,atp_rankings_2026_06_29.csv
2026-06-29,214247,Vihaan Reddy,2148,1,0.0,-1.0,IND,16,atp_rankings_2026_06_29.csv
2026-06-29,211603,Freddie Ridout,2148,1,0.0,-1.0,GBR,,atp_rankings_2026_06_29.csv
2026-06-29,213905,Daniil Stepanov,2148,1,0.0,-1.0,RUS,19,atp_rankings_2026_06_29.csv
2026-06-29,211703,Sarthak Suden,2148,1,0.0,-1.0,IND,,atp_rankings_2026_06_29.csv
2026-06-29,210580,Zaharije Zak Talic,2148,1,0.0,-1.0,AUS,27,atp_rankings_2026_06_29.csv
2026-06-29,212488,Ludovico Vaccari,2148,1,,,ITA,21,atp_rankings_2026_06_29.csv
2026-06-29,214427,Tim Vaisman,2148,1,0.0,-1.0,ISR,19,atp_rankings_2026_06_29.csv
2026-06-29,210704,Kian Vakili,2148,1,0.0,-1.0,USA,22,atp_rankings_2026_06_29.csv
2026-06-29,212869,Franco Ariel Vazquez,2148,1,0.0,-1.0,ARG,,atp_rankings_2026_06_29.csv
2026-06-29,106210,Jiri Vesely,2148,1,0.0,-1.0,CZE,32,atp_rankings_2026_06_29.csv
2026-06-29,202413,Lazar Vojinovic,2148,1,0.0,-1.0,SRB,27,atp_rankings_2026_06_29.csv
2026-06-29,212469,Qiulin Wang,2148,1,0.0,-1.0,CHN,23,atp_rankings_2026_06_29.csv
2026-06-29,208726,Alberto Odiseo Alvarado Berrospi,2192,1,0.0,1.0,PER,26,atp_rankings_2026_06_29.csv
2026-06-29,213535,Mario Arce Fernandez,2192,1,0.0,1.0,ESP,,atp_rankings_2026_06_29.csv
2026-06-29,106339,Felipe Assuncao Garla,2192,1,0.0,1.0,BRA,32,atp_rankings_2026_06_29.csv
2026-06-29,214211,Arian Barbic,2192,1,0.0,-45.0,GER,17,atp_rankings_2026_06_29.csv
2026-06-29,138328,Patricio Betancourt Gonzalez,2192,1,0.0,1.0,MEX,32,atp_rankings_2026_06_29.csv
2026-06-29,211738,Jonah Braswell,2192,1,0.0,1.0,USA,22,atp_rankings_2026_06_29.csv
2026-06-29,214063,Simon Caldwell,2192,1,0.0,1.0,USA,,atp_rankings_2026_06_29.csv
2026-06-29,214014,Pedro Henrique Chabalgoity,2192,1,0.0,1.0,BRA,,atp_rankings_2026_06_29.csv
2026-06-29,214094,Penn Charusorn,2192,1,0.0,1.0,THA,18,atp_rankings_2026_06_29.csv
2026-06-29,213140,Edoardo De Filippo,2192,1,0.0,1.0,ITA,21,atp_rankings_2026_06_29.csv
2026-06-29,208559,Rahul Dhokia,2192,1,0.0,31.0,GBR,25,atp_rankings_2026_06_29.csv
2026-06-29,210396,Dmitry Dolzhenkov,2192,1,0.0,1.0,RUS,21,atp_rankings_2026_06_29.csv
2026-06-29,212792,Thomas Drayton,2192,1,0.0,1.0,GBR,,atp_rankings_2026_06_29.csv
2026-06-29,149285,Mustapha El Natour,2192,1,0.0,1.0,LBN,21,atp_rankings_2026_06_29.csv
2026-06-29,202347,Francisco Faria,2192,1,0.0,1.0,POR,27,atp_rankings_2026_06_29.csv
2026-06-29,214124,Matteo Gribaldo,2192,1,0.0,1.0,ITA,,atp_rankings_2026_06_29.csv
2026-06-29,212150,Oskar Jansson,2192,1,0.0,1.0,SWE,21,atp_rankings_2026_06_29.csv
2026-06-29,208558,Rafael Kis Balazs,2192,1,0.0,1.0,HUN,24,atp_rankings_2026_06_29.csv
2026-06-29,212272,Nikos Lehmann,2192,1,0.0,1.0,ARG,21,atp_rankings_2026_06_29.csv
2026-06-29,214294,Augusto Mateo Lucarelli,2192,1,0.0,-45.0,ARG,19,atp_rankings_2026_06_29.csv
2026-06-29,213152,William Manning,2192,1,0.0,-45.0,USA,20,atp_rankings_2026_06_29.csv
2026-06-29,210670,Sasa Markovic,2192,1,-1.0,-367.0,SRB,20,atp_rankings_2026_06_29.csv
2026-06-29,214260,Salvador Monteiro,2192,1,0.0,1.0,POR,18,atp_rankings_2026_06_29.csv
2026-06-29,212811,Matteo Mura,2192,1,0.0,1.0,ITA,,atp_rankings_2026_06_29.csv
2026-06-29,213595,Oluwaseun Peter Ogunsakin,2192,1,0.0,-45.0,NGA,,atp_rankings_2026_06_29.csv
2026-06-29,210011,Aristarkh Safonov,2192,1,0.0,1.0,RUS,23,atp_rankings_2026_06_29.csv
2026-06-29,207685,Peter Sallay,2192,1,0.0,1.0,HUN,25,atp_rankings_2026_06_29.csv
2026-06-29,207178,Joe Tyler,2192,1,0.0,1.0,GBR,27,atp_rankings_2026_06_29.csv
2026-06-29,214028,Matei Varbanciu,2192,1,0.0,1.0,ROU,,atp_rankings_2026_06_29.csv
2026-06-29,212087,Dmitrii Vasilev,2192,1,0.0,1.0,RUS,25,atp_rankings_2026_06_29.csv
2026-06-29,212956,Lachlan Vickery,2192,1,0.0,1.0,AUS,22,atp_rankings_2026_06_29.csv
2026-06-29,144927,Siddharth Vishwakarma,2192,1,0.0,1.0,IND,31,atp_rankings_2026_06_29.csv
2026-06-29,208542,Linghao Zhang,2192,1,0.0,1.0,CHN,23,atp_rankings_2026_06_29.csv
2026-06-29,211554,Suk Ann,2225,1,0.0,-2.0,KOR,,atp_rankings_2026_06_29.csv
2026-06-29,213855,Cezar Stefan Bentzel,2225,1,0.0,-2.0,ROU,,atp_rankings_2026_06_29.csv
2026-06-29,213612,Daniil Bogatov,2225,1,0.0,-2.0,RUS,,atp_rankings_2026_06_29.csv
2026-06-29,213952,Leonel Cesar Castro,2225,1,0.0,-2.0,ARG,,atp_rankings_2026_06_29.csv
2026-06-29,212529,Alex Finkelstein,2225,1,0.0,-2.0,USA,23,atp_rankings_2026_06_29.csv
2026-06-29,214070,Jose Freitas,2225,1,0.0,-2.0,POR,19,atp_rankings_2026_06_29.csv
2026-06-29,212925,Alexandru Toubi Hebhang Balan,2225,1,0.0,-2.0,CAN,,atp_rankings_2026_06_29.csv
2026-06-29,210723,Liam Hignett,2225,1,0.0,-2.0,GBR,26,atp_rankings_2026_06_29.csv
2026-06-29,213970,Nicolas Hurtado Novoa,2225,1,0.0,-2.0,COL,,atp_rankings_2026_06_29.csv
2026-06-29,127999,Petr Iamachkine,2225,1,0.0,22.0,PER,30,atp_rankings_2026_06_29.csv
2026-06-29,213168,Patrick Jozwicki,2225,1,0.0,-2.0,AUT,,atp_rankings_2026_06_29.csv
2026-06-29,212701,Ruslan Kastsiukevich,2225,1,0.0,-2.0,BLR,19,atp_rankings_2026_06_29.csv
2026-06-29,211589,Tilen Kovac,2225,1,0.0,-2.0,SLO,23,atp_rankings_2026_06_29.csv
2026-06-29,213185,Makar Krivoshchekov,2225,1,0.0,-2.0,RUS,20,atp_rankings_2026_06_29.csv
2026-06-29,212825,Cian Maguire,2225,1,0.0,-2.0,IRL,26,atp_rankings_2026_06_29.csv
2026-06-29,214207,Thomas Enrique Menzel Piccioli,2225,1,0.0,-2.0,CHI,18,atp_rankings_2026_06_29.csv
2026-06-29,212945,Yong Joon Park,2225,1,0.0,-2.0,KOR,24,atp_rankings_2026_06_29.csv
2026-06-29,213415,Glauco Pinheiro Da Cruz Junior,2225,1,0.0,-2.0,BRA,21,atp_rankings_2026_06_29.csv
2026-06-29,211677,Matthew Rankin,2225,1,-1.0,-400.0,GBR,21,atp_rankings_2026_06_29.csv
2026-06-29,209281,Dylan Salton,2225,1,0.0,-2.0,RSA,23,atp_rankings_2026_06_29.csv
2026-06-29,210453,Cedric Stanke,2225,1,0.0,-2.0,GER,27,atp_rankings_2026_06_29.csv
2026-06-29,212922,Maties Torres Ramis,2225,1,0.0,-2.0,ESP,,atp_rankings_2026_06_29.csv
2026-06-29,212164,Breno Rossetto Urvaneja,2225,1,0.0,22.0,BRA,21,atp_rankings_2026_06_29.csv
2026-06-29,214081,Denis Vishenchuk Vishenko,2225,1,0.0,-2.0,RUS,19,atp_rankings_2026_06_29.csv
2026-06-29,213883,Yue Xia,2225,1,0.0,-2.0,CHN,,atp_rankings_2026_06_29.csv
2026-06-29,213410,Romain Andres,2250,1,0.0,-3.0,FRA,19,atp_rankings_2026_06_29.csv
2026-06-29,206645,Samuel De Felipe Garcia,2250,1,0.0,-3.0,ESP,26,atp_rankings_2026_06_29.csv
2026-06-29,207980,Alexey Dubinin,2250,1,0.0,-3.0,RUS,27,atp_rankings_2026_06_29.csv
2026-06-29,212571,Jim Hendrikx,2250,1,0.0,-3.0,NED,25,atp_rankings_2026_06_29.csv
2026-06-29,213664,Vladimir Holban,2250,1,0.0,-3.0,GRE,,atp_rankings_2026_06_29.csv
2026-06-29,111772,Krittin Koaykul,2250,1,0.0,-3.0,THA,31,atp_rankings_2026_06_29.csv
2026-06-29,211573,Lucky Candra Kurniawan,2250,1,0.0,-3.0,INA,22,atp_rankings_2026_06_29.csv
2026-06-29,213339,Agustin Libre,2250,1,0.0,-3.0,ARG,19,atp_rankings_2026_06_29.csv
2026-06-29,210751,Isaac Nortey,2250,1,0.0,8.0,GHA,26,atp_rankings_2026_06_29.csv
2026-06-29,212716,Kyle Overmyer,2250,,,8.0,USA,22,atp_rankings_2026_06_29.csv
2026-06-29,214012,Jaden Dewandaka Tan,2250,1,0.0,-3.0,INA,,atp_rankings_2026_06_29.csv
2026-06-29,211766,Zachary Adam Gedge,2261,1,0.0,-3.0,AUS,,atp_rankings_2026_06_29.csv
2026-06-29,212192,Victor Bini,2261,1,0.0,-3.0,BRA,23,atp_rankings_2026_06_29.csv
2026-06-29,213775,Mateo Carballo,2261,1,0.0,-3.0,ARG,,atp_rankings_2026_06_29.csv
2026-06-29,212875,Zhengyu Sun,2261,1,0.0,-3.0,CHN,19,atp_rankings_2026_06_29.csv
2026-06-29,212971,Tsz Fu Wong,2261,1,0.0,-3.0,HKG,20,atp_rankings_2026_06_29.csv
2026-06-29,209267,Vesa Ahti,2266,1,0.0,-1.0,FIN,27,atp_rankings_2026_06_29.csv
2026-06-29,209978,Jordi Garcia Mestre,2267,1,0.0,-1.0,ESP,23,atp_rankings_2026_06_29.csv
2026-06-29,214159,Yassin Ahmed Wageh,2267,1,0.0,-1.0,EGY,18,atp_rankings_2026_06_29.csv
2026-06-29,210174,Matic Dimic,2269,1,0.0,-3.0,SLO,24,atp_rankings_2026_06_29.csv
2026-06-29,213537,Jose Dominguez Alonso,2269,1,0.0,0.0,ESP,,atp_rankings_2026_06_29.csv
2026-06-29,209885,Gokberk Saritas,2271,1,0.0,-1.0,TUR,22,atp_rankings_2026_06_29.csv
2026-06-29,212067,Ye Hongyu,2272,1,0.0,-1.0,CHN,21,atp_rankings_2026_06_29.csv
2026-06-29,213494,Bogdan Seleznev,2273,1,0.0,-1.0,RUS,24,atp_rankings_2026_06_29.csv
