ranking_date,player_id,player_name,atp_rank,atp_points,atp_points_change,atp_rank_change,country,age,source_file
2026-03-16,207989,Carlos Alcaraz,1,13550,0.0,0.0,ESP,22,atp_rankings_2026_03_16.csv
2026-03-16,206173,Jannik Sinner,2,11400,1000.0,0.0,ITA,24,atp_rankings_2026_03_16.csv
2026-03-16,104925,Novak Djokovic,3,5370,90.0,0.0,SRB,38,atp_rankings_2026_03_16.csv
2026-03-16,100644,Alexander Zverev,4,4905,350.0,0.0,GER,28,atp_rankings_2026_03_16.csv
2026-03-16,207518,Lorenzo Musetti,5,4365,-40.0,0.0,ITA,24,atp_rankings_2026_03_16.csv
2026-03-16,200282,Alex De Minaur,6,4185,-50.0,0.0,AUS,27,atp_rankings_2026_03_16.csv
2026-03-16,126203,Taylor Fritz,7,4170,-50.0,0.0,USA,28,atp_rankings_2026_03_16.csv
2026-03-16,200000,Felix Auger Aliassime,8,4000,50.0,1.0,CAN,25,atp_rankings_2026_03_16.csv
2026-03-16,210097,Ben Shelton,9,3860,-150.0,-1.0,USA,23,atp_rankings_2026_03_16.csv
2026-03-16,106421,Daniil Medvedev,10,3610,250.0,1.0,RUS,30,atp_rankings_2026_03_16.csv
2026-03-16,122330,Alexander Bublik,11,3385,-20.0,-1.0,KAZ,28,atp_rankings_2026_03_16.csv
2026-03-16,134770,Casper Ruud,12,2715,90.0,1.0,NOR,27,atp_rankings_2026_03_16.csv
2026-03-16,210084,Jakub Mensik,13,2650,0.0,-1.0,CZE,20,atp_rankings_2026_03_16.csv
2026-03-16,207925,Flavio Cobolli,14,2520,40.0,1.0,ITA,23,atp_rankings_2026_03_16.csv
2026-03-16,111575,Karen Khachanov,15,2410,-40.0,1.0,RUS,29,atp_rankings_2026_03_16.csv
2026-03-16,126094,Andrey Rublev,16,2400,0.0,1.0,RUS,28,atp_rankings_2026_03_16.csv
2026-03-16,200221,Alejandro Davidovich Fokina,17,2260,70.0,2.0,ESP,26,atp_rankings_2026_03_16.csv
2026-03-16,209260,Luciano Darderi,18,2084,-20.0,3.0,ITA,24,atp_rankings_2026_03_16.csv
2026-03-16,202103,Francisco Cerundolo,19,2020,-150.0,1.0,ARG,27,atp_rankings_2026_03_16.csv
2026-03-16,126207,Frances Tiafoe,20,1920,50.0,2.0,USA,28,atp_rankings_2026_03_16.csv
2026-03-16,210530,Learner Tien,21,1860,175.0,6.0,USA,20,atp_rankings_2026_03_16.csv
2026-03-16,208103,Jiri Lehecka,22,1850,0.0,1.0,CZE,24,atp_rankings_2026_03_16.csv
2026-03-16,126205,Tommy Paul,23,1765,-50.0,1.0,USA,28,atp_rankings_2026_03_16.csv
2026-03-16,111815,Cameron Norrie,24,1753,150.0,5.0,GBR,30,atp_rankings_2026_03_16.csv
2026-03-16,200473,Valentin Vacherot,25,1741,50.0,1.0,MON,27,atp_rankings_2026_03_16.csv
2026-03-16,207733,Jack Draper,26,1710,-800.0,-12.0,GBR,24,atp_rankings_2026_03_16.csv
2026-03-16,126239,Arthur Rinderknech,27,1657,40.0,1.0,FRA,30,atp_rankings_2026_03_16.csv
2026-03-16,208029,Holger Rune,28,1640,-650.0,-10.0,DEN,22,atp_rankings_2026_03_16.csv
2026-03-16,134868,Tallon Griekspoor,29,1585,-200.0,-4.0,NED,29,atp_rankings_2026_03_16.csv
2026-03-16,206909,Brandon Nakashima,30,1485,-50.0,0.0,USA,24,atp_rankings_2026_03_16.csv
2026-03-16,209950,Arthur Fils,31,1440,0.0,1.0,FRA,21,atp_rankings_2026_03_16.csv
2026-03-16,144869,Tomas Martin Etcheverry,32,1430,-15.0,-1.0,ARG,26,atp_rankings_2026_03_16.csv
2026-03-16,144895,Corentin Moutet,33,1383,0.0,0.0,FRA,26,atp_rankings_2026_03_16.csv
2026-03-16,200005,Ugo Humbert,34,1245,-40.0,0.0,FRA,27,atp_rankings_2026_03_16.csv
2026-03-16,144719,Jaume Munar,35,1225,-10.0,1.0,ESP,28,atp_rankings_2026_03_16.csv
2026-03-16,200624,Sebastian Korda,36,1200,-20.0,1.0,USA,25,atp_rankings_2026_03_16.csv
2026-03-16,209113,Gabriel Diallo,37,1185,10.0,1.0,CAN,24,atp_rankings_2026_03_16.csv
2026-03-16,133430,Denis Shapovalov,38,1160,0.0,1.0,CAN,26,atp_rankings_2026_03_16.csv
2026-03-16,211663,Joao Fonseca,39,1135,-105.0,-4.0,BRA,19,atp_rankings_2026_03_16.csv
2026-03-16,210506,Alex Michelsen,40,1135,50.0,4.0,USA,21,atp_rankings_2026_03_16.csv
2026-03-16,126214,Alejandro Tabilo,41,1118,-20.0,-1.0,CHI,28,atp_rankings_2026_03_16.csv
2026-03-16,202385,Jenson Brooksby,42,1115,-20.0,-1.0,USA,25,atp_rankings_2026_03_16.csv
2026-03-16,105173,Adrian Mannarino,43,1060,35.0,5.0,FRA,37,atp_rankings_2026_03_16.csv
2026-03-16,105777,Grigor Dimitrov,44,1035,-70.0,-2.0,BUL,34,atp_rankings_2026_03_16.csv
2026-03-16,200267,Zizou Bergs,45,1030,0.0,2.0,BEL,26,atp_rankings_2026_03_16.csv
2026-03-16,206681,Fabian Marozsan,46,1020,-20.0,0.0,HUN,26,atp_rankings_2026_03_16.csv
2026-03-16,200615,Alexei Popyrin,47,1010,-40.0,-2.0,AUS,26,atp_rankings_2026_03_16.csv
2026-03-16,207830,Tomas Machac,48,1000,-10.0,2.0,CZE,25,atp_rankings_2026_03_16.csv
2026-03-16,105227,Marin Cilic,49,1000,10.0,2.0,CRO,37,atp_rankings_2026_03_16.csv
2026-03-16,132686,Nuno Borges,50,995,-25.0,-1.0,POR,29,atp_rankings_2026_03_16.csv
2026-03-16,126774,Stefanos Tsitsipas,51,995,-90.0,-8.0,GRE,27,atp_rankings_2026_03_16.csv
2026-03-16,202104,Sebastian Baez,52,980,40.0,1.0,ARG,25,atp_rankings_2026_03_16.csv
2026-03-16,209279,Terence Atmane,53,968,10.0,-1.0,FRA,24,atp_rankings_2026_03_16.csv
2026-03-16,105916,Marton Fucsovics,54,959,43.0,2.0,HUN,34,atp_rankings_2026_03_16.csv
2026-03-16,127157,Daniel Altmaier,55,906,-15.0,0.0,GER,27,atp_rankings_2026_03_16.csv
2026-03-16,210319,Ethan Quinn,56,906,145.0,17.0,USA,22,atp_rankings_2026_03_16.csv
2026-03-16,111794,Kamil Majchrzak,57,905,10.0,0.0,POL,30,atp_rankings_2026_03_16.csv
2026-03-16,200175,Miomir Kecmanovic,58,895,20.0,0.0,SRB,26,atp_rankings_2026_03_16.csv
2026-03-16,208659,Giovanni Mpetshi Perricard,59,890,-40.0,-5.0,FRA,22,atp_rankings_2026_03_16.csv
2026-03-16,200240,Vit Kopriva,60,876,28.0,2.0,CZE,28,atp_rankings_2026_03_16.csv
2026-03-16,208363,Mariano Navone,61,855,130.0,18.0,ARG,25,atp_rankings_2026_03_16.csv
2026-03-16,132283,Lorenzo Sonego,62,840,-10.0,-1.0,ITA,30,atp_rankings_2026_03_16.csv
2026-03-16,209860,Ignacio Buse,63,836,-12.0,0.0,PER,21,atp_rankings_2026_03_16.csv
2026-03-16,105870,Yannick Hanfmann,64,835,0.0,1.0,GER,34,atp_rankings_2026_03_16.csv
2026-03-16,122298,Botic Van De Zandschulp,65,823,-50.0,-6.0,NED,30,atp_rankings_2026_03_16.csv
2026-03-16,200116,Camilo Ugo Carabelli,66,810,20.0,1.0,ARG,26,atp_rankings_2026_03_16.csv
2026-03-16,124187,Reilly Opelka,67,803,17.0,1.0,USA,28,atp_rankings_2026_03_16.csv
2026-03-16,126610,Matteo Berrettini,68,800,-20.0,-2.0,ITA,29,atp_rankings_2026_03_16.csv
2026-03-16,208316,Valentin Royer,69,795,-77.0,-9.0,FRA,24,atp_rankings_2026_03_16.csv
2026-03-16,106218,Marcos Giron,70,790,10.0,-1.0,USA,32,atp_rankings_2026_03_16.csv
2026-03-16,207678,Juan Manuel Cerundolo,71,786,8.0,-1.0,ARG,24,atp_rankings_2026_03_16.csv
2026-03-16,209920,Raphael Collignon,72,768,35.0,5.0,BEL,24,atp_rankings_2026_03_16.csv
2026-03-16,209070,Arthur Cazaux,73,754,13.0,3.0,FRA,23,atp_rankings_2026_03_16.csv
2026-03-16,207182,Emilio Nava,74,741,-12.0,1.0,USA,24,atp_rankings_2026_03_16.csv
2026-03-16,128034,Hubert Hurkacz,75,735,-40.0,-4.0,POL,29,atp_rankings_2026_03_16.csv
2026-03-16,106000,Damir Dzumhur,76,723,-117.0,-12.0,BIH,33,atp_rankings_2026_03_16.csv
2026-03-16,208233,Mattia Bellucci,77,720,80.0,17.0,ITA,24,atp_rankings_2026_03_16.csv
2026-03-16,105526,Jan Lennard Struff,78,719,0.0,2.0,GER,35,atp_rankings_2026_03_16.csv
2026-03-16,208118,Eliot Spizzirri,79,718,-13.0,-1.0,USA,24,atp_rankings_2026_03_16.csv
2026-03-16,105902,James Duckworth,80,694,3.0,3.0,AUS,34,atp_rankings_2026_03_16.csv
2026-03-16,202058,Thiago Agustin Tirante,81,691,-65.0,-7.0,ARG,24,atp_rankings_2026_03_16.csv
2026-03-16,207681,Francisco Comesana,82,679,-15.0,0.0,ARG,25,atp_rankings_2026_03_16.csv
2026-03-16,207985,Jacob Fearnley,83,679,17.0,4.0,GBR,24,atp_rankings_2026_03_16.csv
2026-03-16,207686,Alexander Shevchenko,84,679,20.0,4.0,KAZ,25,atp_rankings_2026_03_16.csv
2026-03-16,200443,Adam Walton,85,674,24.0,6.0,AUS,26,atp_rankings_2026_03_16.csv
2026-03-16,124116,Sebastian Ofner,86,671,100.0,22.0,AUT,29,atp_rankings_2026_03_16.csv
2026-03-16,209209,Filip Misolic,87,671,0.0,-3.0,AUT,24,atp_rankings_2026_03_16.csv
2026-03-16,210696,Alexander Blockx,88,669,43.0,9.0,BEL,20,atp_rankings_2026_03_16.csv
2026-03-16,105138,Roberto Bautista Agut,89,668,23.0,4.0,ESP,37,atp_rankings_2026_03_16.csv
2026-03-16,124186,Alexandre Muller,90,665,-50.0,-9.0,FRA,29,atp_rankings_2026_03_16.csv
2026-03-16,207411,Jesper De Jong,91,665,0.0,-5.0,NED,25,atp_rankings_2026_03_16.csv
2026-03-16,206499,Aleksandar Kovacevic,92,661,-110.0,-20.0,USA,27,atp_rankings_2026_03_16.csv
2026-03-16,126846,Aleksandar Vukic,93,656,0.0,-4.0,AUS,29,atp_rankings_2026_03_16.csv
2026-03-16,104527,Stan Wawrinka,94,649,0.0,-2.0,SUI,40,atp_rankings_2026_03_16.csv
2026-03-16,106426,Cristian Garin,95,646,-10.0,-5.0,CHI,29,atp_rankings_2026_03_16.csv
2026-03-16,208260,Zachary Svajda,96,644,30.0,3.0,USA,23,atp_rankings_2026_03_16.csv
2026-03-16,200516,Patrick Kypson,97,640,0.0,-2.0,USA,26,atp_rankings_2026_03_16.csv
2026-03-16,208014,Rinky Hijikata,98,637,90.0,19.0,AUS,25,atp_rankings_2026_03_16.csv
2026-03-16,209226,Adolfo Daniel Vallejo,99,637,44.0,5.0,PAR,21,atp_rankings_2026_03_16.csv
2026-03-16,207494,Dalibor Svrcina,100,626,57.0,9.0,CZE,23,atp_rankings_2026_03_16.csv
2026-03-16,208286,Matteo Arnaldi,101,625,-40.0,-16.0,ITA,25,atp_rankings_2026_03_16.csv
2026-03-16,208882,Roman Andres Burruchaga,102,619,2.0,-4.0,ARG,24,atp_rankings_2026_03_16.csv
2026-03-16,126127,Benjamin Bonzi,103,616,52.0,8.0,FRA,29,atp_rankings_2026_03_16.csv
2026-03-16,126535,Carlos Taberner,104,608,0.0,-4.0,ESP,28,atp_rankings_2026_03_16.csv
2026-03-16,209147,Vilius Gaubas,105,603,0.0,-4.0,LTU,21,atp_rankings_2026_03_16.csv
2026-03-16,209414,Luca Van Assche,106,597,7.0,-1.0,FRA,21,atp_rankings_2026_03_16.csv
2026-03-16,200384,Hugo Gaston,107,594,-37.0,-11.0,FRA,25,atp_rankings_2026_03_16.csv
2026-03-16,209976,Dino Prizmic,108,591,50.0,11.0,CRO,20,atp_rankings_2026_03_16.csv
2026-03-16,212588,Rafael Jodar,109,588,-6.0,-6.0,ESP,19,atp_rankings_2026_03_16.csv
2026-03-16,200647,Sho Shimabukuro,110,584,30.0,3.0,JPN,28,atp_rankings_2026_03_16.csv
2026-03-16,111460,Quentin Halys,111,580,-20.0,-9.0,FRA,29,atp_rankings_2026_03_16.csv
2026-03-16,208353,Francesco Maestrelli,112,577,24.0,2.0,ITA,23,atp_rankings_2026_03_16.csv
2026-03-16,124079,Pedro Martinez,113,576,-10.0,-7.0,ESP,28,atp_rankings_2026_03_16.csv
2026-03-16,209262,Tristan Schoolkate,114,570,23.0,4.0,AUS,25,atp_rankings_2026_03_16.csv
2026-03-16,209098,Hamad Medjedovic,115,565,0.0,-5.0,SRB,22,atp_rankings_2026_03_16.csv
2026-03-16,105477,Marco Trungelliti,116,564,99.0,16.0,ARG,36,atp_rankings_2026_03_16.csv
2026-03-16,105807,Pablo Carreno Busta,117,561,-17.0,-10.0,ESP,34,atp_rankings_2026_03_16.csv
2026-03-16,200059,Yibing Wu,118,559,0.0,-6.0,CHN,26,atp_rankings_2026_03_16.csv
2026-03-16,144642,Tomas Barrios Vera,119,551,0.0,-4.0,CHI,28,atp_rankings_2026_03_16.csv
2026-03-16,209409,Coleman Wong,120,543,15.0,3.0,HKG,21,atp_rankings_2026_03_16.csv
2026-03-16,111442,Jordan Thompson,121,538,-10.0,-5.0,AUS,31,atp_rankings_2026_03_16.csv
2026-03-16,209284,Elmer Moller,122,534,0.0,-1.0,DEN,22,atp_rankings_2026_03_16.csv
2026-03-16,123828,Jan Choinski,123,532,2.0,-1.0,GBR,29,atp_rankings_2026_03_16.csv
2026-03-16,208169,Titouan Droguet,124,528,0.0,0.0,FRA,24,atp_rankings_2026_03_16.csv
2026-03-16,111456,Mackenzie Mcdonald,125,518,20.0,1.0,USA,30,atp_rankings_2026_03_16.csv
2026-03-16,202261,Otto Virtanen,126,512,25.0,2.0,FIN,24,atp_rankings_2026_03_16.csv
2026-03-16,105583,Dusan Lajovic,127,511,-24.0,-7.0,SRB,35,atp_rankings_2026_03_16.csv
2026-03-16,126504,Andrea Pellegrino,128,510,0.0,-3.0,ITA,28,atp_rankings_2026_03_16.csv
2026-03-16,208278,Shintaro Mochizuki,129,497,23.0,1.0,JPN,22,atp_rankings_2026_03_16.csv
2026-03-16,106331,Christopher Oconnell,130,493,0.0,-3.0,AUS,31,atp_rankings_2026_03_16.csv
2026-03-16,210012,Henrique Rocha,131,483,119.0,38.0,POR,21,atp_rankings_2026_03_16.csv
2026-03-16,208013,Dane Sweeny,132,470,2.0,-1.0,AUS,25,atp_rankings_2026_03_16.csv
2026-03-16,102093,Martin Damm,133,469,-8.0,-4.0,USA,22,atp_rankings_2026_03_16.csv
2026-03-16,105932,Nikoloz Basilashvili,134,463,-1.0,-1.0,GEO,34,atp_rankings_2026_03_16.csv
2026-03-16,210017,Daniel Merida Aguilar,135,458,26.0,4.0,ESP,21,atp_rankings_2026_03_16.csv
2026-03-16,209957,Jack Pinnington Jones,136,456,0.0,-2.0,GBR,22,atp_rankings_2026_03_16.csv
2026-03-16,149282,Nicolai Budkov Kjaer,137,455,48.0,13.0,NOR,19,atp_rankings_2026_03_16.csv
2026-03-16,126129,Billy Harris,138,449,43.0,13.0,GBR,31,atp_rankings_2026_03_16.csv
2026-03-16,208134,Luca Nardi,139,444,-10.0,-4.0,ITA,22,atp_rankings_2026_03_16.csv
2026-03-16,202358,Chun Hsin Tseng,140,441,27.0,4.0,TPE,24,atp_rankings_2026_03_16.csv
2026-03-16,121411,Moez Echargui,141,437,2.0,-3.0,TUN,33,atp_rankings_2026_03_16.csv
2026-03-16,208210,Chris Rodesch,142,434,-12.0,-5.0,LUX,24,atp_rankings_2026_03_16.csv
2026-03-16,208859,Francesco Passaro,143,431,0.0,-3.0,ITA,25,atp_rankings_2026_03_16.csv
2026-03-16,210338,Arthur Gea,144,417,40.0,17.0,FRA,21,atp_rankings_2026_03_16.csv
2026-03-16,210116,Michael Zheng,145,414,0.0,0.0,USA,22,atp_rankings_2026_03_16.csv
2026-03-16,208021,Kyrian Jacquet,146,407,0.0,3.0,FRA,24,atp_rankings_2026_03_16.csv
2026-03-16,208119,Liam Draxl,147,406,-6.0,0.0,CAN,24,atp_rankings_2026_03_16.csv
2026-03-16,200436,Zsombor Piros,148,402,-14.0,-6.0,HUN,26,atp_rankings_2026_03_16.csv
2026-03-16,144750,Lloyd Harris,149,399,0.0,3.0,RSA,29,atp_rankings_2026_03_16.csv
2026-03-16,207352,Bu Yunchaokete,150,394,-30.0,-9.0,CHN,24,atp_rankings_2026_03_16.csv
2026-03-16,211776,Martin Landaluce,151,394,3.0,4.0,ESP,20,atp_rankings_2026_03_16.csv
2026-03-16,111797,Nicolas Jarry,152,391,0.0,2.0,CHI,30,atp_rankings_2026_03_16.csv
2026-03-16,104792,Gael Monfils,153,390,-20.0,-5.0,FRA,39,atp_rankings_2026_03_16.csv
2026-03-16,200259,Ugo Blanchet,154,389,14.0,8.0,FRA,27,atp_rankings_2026_03_16.csv
2026-03-16,127760,Lukas Klein,155,386,0.0,3.0,SVK,27,atp_rankings_2026_03_16.csv
2026-03-16,105676,David Goffin,156,385,-30.0,-13.0,BEL,35,atp_rankings_2026_03_16.csv
2026-03-16,210262,Jaime Faria,157,381,6.0,6.0,POR,22,atp_rankings_2026_03_16.csv
2026-03-16,210136,Mark Lajal,158,379,0.0,2.0,EST,22,atp_rankings_2026_03_16.csv
2026-03-16,106198,Hugo Dellien,159,375,0.0,5.0,BOL,32,atp_rankings_2026_03_16.csv
2026-03-16,206748,Giulio Zeppieri,160,374,-23.0,-7.0,ITA,24,atp_rankings_2026_03_16.csv
2026-03-16,105882,Stefano Travaglia,161,373,3.0,5.0,ITA,34,atp_rankings_2026_03_16.csv
2026-03-16,212256,Colton Smith,162,371,-75.0,-26.0,USA,23,atp_rankings_2026_03_16.csv
2026-03-16,106109,Alex Bolt,163,369,0.0,4.0,AUS,33,atp_rankings_2026_03_16.csv
2026-03-16,210536,Rei Sakamoto,164,366,-16.0,-5.0,JPN,19,atp_rankings_2026_03_16.csv
2026-03-16,106148,Roberto Carballes Baena,165,365,-3.0,3.0,ESP,32,atp_rankings_2026_03_16.csv
2026-03-16,106415,Yoshihito Nishioka,166,361,0.0,4.0,JPN,30,atp_rankings_2026_03_16.csv
2026-03-16,210053,Luka Mikrut,167,360,-11.0,-2.0,CRO,21,atp_rankings_2026_03_16.csv
2026-03-16,209857,Leandro Riedi,168,359,3.0,4.0,SUI,24,atp_rankings_2026_03_16.csv
2026-03-16,111200,Elias Ymer,169,355,3.0,5.0,SWE,29,atp_rankings_2026_03_16.csv
2026-03-16,208843,Jerome Kym,170,354,12.0,10.0,SUI,23,atp_rankings_2026_03_16.csv
2026-03-16,210389,Toby Samuel,171,352,124.0,73.0,GBR,23,atp_rankings_2026_03_16.csv
2026-03-16,208004,Harold Mayot,172,347,0.0,6.0,FRA,24,atp_rankings_2026_03_16.csv
2026-03-16,209875,Alex Barrena,173,347,0.0,6.0,ARG,23,atp_rankings_2026_03_16.csv
2026-03-16,209259,Arthur Fery,174,342,-13.0,-1.0,GBR,23,atp_rankings_2026_03_16.csv
2026-03-16,209911,Guy Den Ouden,175,341,-50.0,-19.0,NED,23,atp_rankings_2026_03_16.csv
2026-03-16,212082,Joel Schwaerzler,176,341,69.0,38.0,AUT,20,atp_rankings_2026_03_16.csv
2026-03-16,200514,Jurij Rodionov,177,340,-8.0,0.0,AUT,26,atp_rankings_2026_03_16.csv
2026-03-16,106432,Borna Coric,178,338,-75.0,-32.0,CRO,29,atp_rankings_2026_03_16.csv
2026-03-16,126652,Jay Clarke,179,334,1.0,5.0,GBR,27,atp_rankings_2026_03_16.csv
2026-03-16,206889,Clement Chidekh,180,334,4.0,7.0,FRA,24,atp_rankings_2026_03_16.csv
2026-03-16,127339,Borna Gojo,181,333,22.0,13.0,CRO,28,atp_rankings_2026_03_16.csv
2026-03-16,144870,Federico Agustin Gomez,182,331,0.0,3.0,ARG,29,atp_rankings_2026_03_16.csv
2026-03-16,144645,Zdenek Kolar,183,331,23.0,14.0,CZE,29,atp_rankings_2026_03_16.csv
2026-03-16,206750,Daniil Glinka,184,328,-21.0,-8.0,EST,25,atp_rankings_2026_03_16.csv
2026-03-16,200711,Nicolas Mejia,185,325,-13.0,-4.0,COL,26,atp_rankings_2026_03_16.csv
2026-03-16,126964,Vitaliy Sachko,186,323,-6.0,2.0,UKR,28,atp_rankings_2026_03_16.csv
2026-03-16,106071,Bernard Tomic,187,323,0.0,2.0,AUS,33,atp_rankings_2026_03_16.csv
2026-03-16,105732,Pierre Hugues Herbert,188,320,-68.0,-31.0,FRA,34,atp_rankings_2026_03_16.csv
2026-03-16,202127,Clement Tabur,189,316,-2.0,1.0,FRA,26,atp_rankings_2026_03_16.csv
2026-03-16,211514,Justin Engel,190,315,0.0,2.0,GER,18,atp_rankings_2026_03_16.csv
2026-03-16,208010,Pablo Llamas Ruiz,191,314,0.0,2.0,ESP,23,atp_rankings_2026_03_16.csv
2026-03-16,144821,Genaro Alberto Olivieri,192,312,63.0,34.0,ARG,27,atp_rankings_2026_03_16.csv
2026-03-16,209261,Matteo Gigante,193,310,-50.0,-22.0,ITA,24,atp_rankings_2026_03_16.csv
2026-03-16,126409,Hugo Grenier,194,310,0.0,1.0,FRA,29,atp_rankings_2026_03_16.csv
2026-03-16,207608,Timofey Skatov,195,310,-8.0,-4.0,KAZ,25,atp_rankings_2026_03_16.csv
2026-03-16,200610,Oliver Crawford,196,309,0.0,0.0,GBR,26,atp_rankings_2026_03_16.csv
2026-03-16,200416,August Holmgren,197,307,6.0,4.0,DEN,27,atp_rankings_2026_03_16.csv
2026-03-16,210460,Nishesh Basavareddy,198,306,0.0,0.0,USA,20,atp_rankings_2026_03_16.csv
2026-03-16,106065,Marco Cecchinato,199,306,55.0,26.0,ITA,33,atp_rankings_2026_03_16.csv
2026-03-16,144684,Alex Molcan,200,302,0.0,0.0,SVK,28,atp_rankings_2026_03_16.csv
2026-03-16,105554,Daniel Evans,201,300,0.0,1.0,GBR,35,atp_rankings_2026_03_16.csv
2026-03-16,105841,Lorenzo Giustino,202,300,8.0,2.0,ITA,34,atp_rankings_2026_03_16.csv
2026-03-16,210748,Federico Cina,203,299,-36.0,-20.0,ITA,18,atp_rankings_2026_03_16.csv
2026-03-16,200385,Dan Added,204,297,2.0,-1.0,FRA,26,atp_rankings_2026_03_16.csv
2026-03-16,111513,Laslo Djere,205,288,0.0,1.0,SRB,30,atp_rankings_2026_03_16.csv
2026-03-16,210178,Juan Carlos Prado Angelo,206,288,9.0,4.0,BOL,21,atp_rankings_2026_03_16.csv
2026-03-16,208223,Alvaro Guillen Meza,207,287,0.0,0.0,ECU,23,atp_rankings_2026_03_16.csv
2026-03-16,126663,Juan Pablo Ficovich,208,286,-44.0,-22.0,ARG,29,atp_rankings_2026_03_16.csv
2026-03-16,200008,Alexis Galarneau,209,285,20.0,10.0,CAN,27,atp_rankings_2026_03_16.csv
2026-03-16,200329,Remy Bertola,210,282,9.0,2.0,SUI,27,atp_rankings_2026_03_16.csv
2026-03-16,206307,Joao Lucas Reis Da Silva,211,281,-10.0,-6.0,BRA,25,atp_rankings_2026_03_16.csv
2026-03-16,211451,Gilles Arnaud Bailly,212,280,0.0,-3.0,BEL,20,atp_rankings_2026_03_16.csv
2026-03-16,208293,Gonzalo Bueno,213,279,6.0,0.0,PER,21,atp_rankings_2026_03_16.csv
2026-03-16,212063,Matej Dodig,214,271,0.0,1.0,CRO,20,atp_rankings_2026_03_16.csv
2026-03-16,200318,Yu Hsiou Hsu,215,268,21.0,12.0,TPE,26,atp_rankings_2026_03_16.csv
2026-03-16,126128,Roman Safiullin,216,267,-36.0,-17.0,RUS,28,atp_rankings_2026_03_16.csv
2026-03-16,144817,Marc Andrea Huesler,217,262,0.0,4.0,SUI,29,atp_rankings_2026_03_16.csv
2026-03-16,209899,Ilia Simakin,218,260,0.0,5.0,RUS,22,atp_rankings_2026_03_16.csv
2026-03-16,202146,Luka Pavlovic,219,259,-17.0,-8.0,FRA,25,atp_rankings_2026_03_16.csv
2026-03-16,208852,Stefanos Sakellaridis,220,259,6.0,4.0,GRE,21,atp_rankings_2026_03_16.csv
2026-03-16,212044,Yi Zhou,221,258,-3.0,1.0,CHN,21,atp_rankings_2026_03_16.csv
2026-03-16,207785,George Loffhagen,222,256,-25.0,-14.0,GBR,24,atp_rankings_2026_03_16.csv
2026-03-16,200748,Andres Andrade,223,255,16.0,13.0,ECU,27,atp_rankings_2026_03_16.csv
2026-03-16,123755,Daniel Elahi Galan,224,250,-87.0,-42.0,COL,29,atp_rankings_2026_03_16.csv
2026-03-16,210297,Lautaro Midon,225,250,-21.0,-9.0,ARG,21,atp_rankings_2026_03_16.csv
2026-03-16,207680,Facundo Diaz Acosta,226,248,12.0,12.0,ARG,25,atp_rankings_2026_03_16.csv
2026-03-16,209903,Lukas Neumayer,227,247,4.0,3.0,AUT,23,atp_rankings_2026_03_16.csv
2026-03-16,106186,Jason Kubler,228,245,-25.0,-11.0,AUS,32,atp_rankings_2026_03_16.csv
2026-03-16,144973,Santiago Fa Rodriguez Taverna,229,244,6.0,8.0,ARG,26,atp_rankings_2026_03_16.csv
2026-03-16,200587,Brandon Holt,230,243,0.0,-1.0,USA,27,atp_rankings_2026_03_16.csv
2026-03-16,122078,Dmitry Popko,231,239,0.0,3.0,KAZ,29,atp_rankings_2026_03_16.csv
2026-03-16,207729,Tristan Boyer,232,238,-30.0,-14.0,USA,24,atp_rankings_2026_03_16.csv
2026-03-16,105911,Andrea Collarini,233,238,-6.0,-5.0,ARG,34,atp_rankings_2026_03_16.csv
2026-03-16,123983,Nerman Fatic,234,237,-2.0,-1.0,BIH,31,atp_rankings_2026_03_16.csv
2026-03-16,133297,Yosuke Watanuki,235,233,-116.0,-60.0,JPN,27,atp_rankings_2026_03_16.csv
2026-03-16,111187,Kaichi Uchida,236,233,0.0,5.0,JPN,31,atp_rankings_2026_03_16.csv
2026-03-16,205734,Thiago Seyboth Wild,237,232,-30.0,-17.0,BRA,26,atp_rankings_2026_03_16.csv
2026-03-16,106393,Frederico Ferreira Silva,238,231,-2.0,2.0,POR,30,atp_rankings_2026_03_16.csv
2026-03-16,208279,Alejandro Moro Canas,239,231,0.0,3.0,ESP,25,atp_rankings_2026_03_16.csv
2026-03-16,200335,Felipe Meligeni Alves,240,229,6.0,8.0,BRA,28,atp_rankings_2026_03_16.csv
2026-03-16,208046,Pedro Boscardin Dias,241,229,20.0,17.0,BRA,23,atp_rankings_2026_03_16.csv
2026-03-16,106329,Thiago Monteiro,242,228,-12.0,-10.0,BRA,31,atp_rankings_2026_03_16.csv
2026-03-16,202262,Filip Cristian Jianu,243,227,8.0,9.0,ROU,24,atp_rankings_2026_03_16.csv
2026-03-16,106293,Kimmer Coppejans,244,226,5.0,6.0,BEL,32,atp_rankings_2026_03_16.csv
2026-03-16,200677,Rio Noguchi,245,225,0.0,2.0,JPN,27,atp_rankings_2026_03_16.csv
2026-03-16,210317,James Mccabe,246,222,-19.0,-15.0,AUS,22,atp_rankings_2026_03_16.csv
2026-03-16,208902,Johannus Monday,247,221,0.0,2.0,GBR,24,atp_rankings_2026_03_16.csv
2026-03-16,210167,Tom Gentzsch,248,221,-6.0,-2.0,GER,22,atp_rankings_2026_03_16.csv
2026-03-16,123809,Ivan Gakhov,249,221,0.0,2.0,RUS,29,atp_rankings_2026_03_16.csv
2026-03-16,207784,Harry Wendelken,250,220,30.0,27.0,GBR,24,atp_rankings_2026_03_16.csv
2026-03-16,208069,Max Houkes,251,217,-11.0,-6.0,NED,25,atp_rankings_2026_03_16.csv
2026-03-16,208269,Felix Gill,252,216,0.0,1.0,GBR,23,atp_rankings_2026_03_16.csv
2026-03-16,207546,Pol Martin Tiffon,253,215,0.0,1.0,ESP,26,atp_rankings_2026_03_16.csv
2026-03-16,106283,Mitchell Krueger,254,214,0.0,1.0,USA,32,atp_rankings_2026_03_16.csv
2026-03-16,209916,Marko Topo,255,214,-25.0,-20.0,GER,22,atp_rankings_2026_03_16.csv
2026-03-16,209326,Murphy Cassone,256,214,23.0,19.0,USA,23,atp_rankings_2026_03_16.csv
2026-03-16,200277,Charles Broom,257,210,4.0,3.0,GBR,27,atp_rankings_2026_03_16.csv
2026-03-16,202260,Henri Squire,258,207,-4.0,-2.0,GER,25,atp_rankings_2026_03_16.csv
2026-03-16,212309,Diego Dedura Palomero,259,207,31.0,32.0,GER,18,atp_rankings_2026_03_16.csv
2026-03-16,207663,Nikolas Sanchez Izquierdo,260,206,11.0,11.0,ESP,27,atp_rankings_2026_03_16.csv
2026-03-16,209992,Juncheng Shang,261,205,0.0,0.0,CHN,21,atp_rankings_2026_03_16.csv
2026-03-16,126106,Ryan Peniston,262,205,-24.0,-19.0,GBR,30,atp_rankings_2026_03_16.csv
2026-03-16,106044,Nicolas Kicker,263,204,0.0,0.0,ARG,33,atp_rankings_2026_03_16.csv
2026-03-16,111806,Fajing Sun,264,202,0.0,1.0,CHN,29,atp_rankings_2026_03_16.csv
2026-03-16,111578,Stefan Kozlov,265,201,6.0,5.0,USA,28,atp_rankings_2026_03_16.csv
2026-03-16,207415,Daniel Michalski,266,201,-9.0,-9.0,POL,26,atp_rankings_2026_03_16.csv
2026-03-16,206904,Gauthier Onclin,267,201,9.0,6.0,BEL,25,atp_rankings_2026_03_16.csv
2026-03-16,202147,Florent Bax,268,200,3.0,0.0,FRA,26,atp_rankings_2026_03_16.csv
2026-03-16,209849,Sascha Gueymard Wayenburg,269,196,-6.0,-3.0,FRA,22,atp_rankings_2026_03_16.csv
2026-03-16,111190,Zhizhen Zhang,270,195,-10.0,-8.0,CHN,29,atp_rankings_2026_03_16.csv
2026-03-16,211617,Maxim Mrva,271,195,29.0,34.0,CZE,18,atp_rankings_2026_03_16.csv
2026-03-16,210464,Darwin Blanch,272,193,12.0,15.0,USA,18,atp_rankings_2026_03_16.csv
2026-03-16,211346,Andres Martin,273,193,0.0,-1.0,USA,24,atp_rankings_2026_03_16.csv
2026-03-16,207732,Miguel Damas,274,192,2.0,4.0,ESP,26,atp_rankings_2026_03_16.csv
2026-03-16,211500,Tiago Pereira,275,192,-9.0,-8.0,POR,21,atp_rankings_2026_03_16.csv
2026-03-16,106162,Franco Agamenone,276,191,-5.0,-7.0,ITA,32,atp_rankings_2026_03_16.csv
2026-03-16,210557,Petr Brunclik,277,187,-3.0,-1.0,CZE,19,atp_rankings_2026_03_16.csv
2026-03-16,111576,Sumit Nagal,278,185,0.0,4.0,IND,28,atp_rankings_2026_03_16.csv
2026-03-16,210220,Edas Butvilas,279,185,-50.0,-40.0,LTU,21,atp_rankings_2026_03_16.csv
2026-03-16,207815,Guido Ivan Justo,280,185,-3.0,-1.0,ARG,28,atp_rankings_2026_03_16.csv
2026-03-16,208182,Saba Purtseladze,281,184,-8.0,-7.0,GEO,24,atp_rankings_2026_03_16.csv
2026-03-16,106281,Liam Broady,282,182,-1.0,1.0,GBR,32,atp_rankings_2026_03_16.csv
2026-03-16,200303,Pavel Kotov,283,181,65.0,119.0,RUS,27,atp_rankings_2026_03_16.csv
2026-03-16,208361,Gustavo Heide,284,181,12.0,17.0,BRA,24,atp_rankings_2026_03_16.csv
2026-03-16,105062,Mikhail Kukushkin,285,181,-26.0,-26.0,KAZ,38,atp_rankings_2026_03_16.csv
2026-03-16,209131,Eliakim Coulibaly,286,181,6.0,7.0,CIV,23,atp_rankings_2026_03_16.csv
2026-03-16,206703,Paul Jubb,287,181,18.0,23.0,GBR,26,atp_rankings_2026_03_16.csv
2026-03-16,209850,Robin Bertrand,288,181,6.0,7.0,FRA,23,atp_rankings_2026_03_16.csv
2026-03-16,208421,Lilian Marmousez,289,179,0.0,0.0,FRA,24,atp_rankings_2026_03_16.csv
2026-03-16,122669,Juan Pablo Varillas,290,179,-6.0,-9.0,PER,30,atp_rankings_2026_03_16.csv
2026-03-16,127108,Igor Ribeiro Marcondes,291,179,14.0,16.0,BRA,28,atp_rankings_2026_03_16.csv
2026-03-16,209405,Daniel Rincon,292,177,8.0,11.0,ESP,23,atp_rankings_2026_03_16.csv
2026-03-16,126107,Michael Geerts,293,177,3.0,4.0,BEL,31,atp_rankings_2026_03_16.csv
2026-03-16,133975,Benjamin Hassan,294,175,-5.0,-6.0,LBN,31,atp_rankings_2026_03_16.csv
2026-03-16,126206,Alex Rybakov,295,175,8.0,9.0,USA,29,atp_rankings_2026_03_16.csv
2026-03-16,210119,Andrej Nedic,296,174,0.0,0.0,BIH,21,atp_rankings_2026_03_16.csv
2026-03-16,105613,Norbert Gombos,297,174,-1.0,-3.0,SVK,35,atp_rankings_2026_03_16.csv
2026-03-16,123961,Murkel Alejandro Dellien Velasco,298,174,-12.0,-18.0,BOL,28,atp_rankings_2026_03_16.csv
2026-03-16,109303,Stefano Napolitano,299,173,62.0,123.0,ITA,30,atp_rankings_2026_03_16.csv
2026-03-16,211533,Gianluca Cadenasso,300,173,0.0,-2.0,ITA,21,atp_rankings_2026_03_16.csv
2026-03-16,202333,Keegan Smith,301,173,7.0,5.0,USA,27,atp_rankings_2026_03_16.csv
2026-03-16,202320,Beibit Zhukayev,302,172,-6.0,-12.0,KAZ,25,atp_rankings_2026_03_16.csv
2026-03-16,210202,Rodrigo Pacheco Mendez,303,170,0.0,-3.0,MEX,20,atp_rankings_2026_03_16.csv
2026-03-16,202235,Jacopo Berrettini,304,169,0.0,-2.0,ITA,27,atp_rankings_2026_03_16.csv
2026-03-16,207491,Sandro Kopp,305,169,13.0,15.0,AUT,25,atp_rankings_2026_03_16.csv
2026-03-16,209406,Abedallah Shelbayh,306,168,12.0,13.0,JOR,22,atp_rankings_2026_03_16.csv
2026-03-16,206589,Gabi Adrian Boitan,307,167,-15.0,-21.0,ROU,26,atp_rankings_2026_03_16.csv
2026-03-16,106034,Yasutaka Uchiyama,308,166,-16.0,-23.0,JPN,33,atp_rankings_2026_03_16.csv
2026-03-16,208257,Fabrizio Andaloro,309,164,-8.0,-10.0,ITA,25,atp_rankings_2026_03_16.csv
2026-03-16,207799,Matheus Pucinelli De Almeida,310,164,-12.0,-18.0,BRA,24,atp_rankings_2026_03_16.csv
2026-03-16,117361,Akira Santillan,311,164,0.0,-3.0,AUS,28,atp_rankings_2026_03_16.csv
2026-03-16,106220,Dimitar Kuzmanov,312,164,-40.0,-48.0,BUL,32,atp_rankings_2026_03_16.csv
2026-03-16,200346,Mats Rosenkranz,313,163,-1.0,-4.0,GER,27,atp_rankings_2026_03_16.csv
2026-03-16,209407,Max Basing,314,161,0.0,-3.0,GBR,23,atp_rankings_2026_03_16.csv
2026-03-16,207213,Duje Ajdukovic,315,161,0.0,-3.0,CRO,25,atp_rankings_2026_03_16.csv
2026-03-16,210558,Hynek Barton,316,160,0.0,-3.0,CZE,21,atp_rankings_2026_03_16.csv
2026-03-16,210382,Maximus Jones,317,158,-1.0,-3.0,THA,21,atp_rankings_2026_03_16.csv
2026-03-16,126337,Renta Tokuda,318,157,0.0,-1.0,JPN,27,atp_rankings_2026_03_16.csv
2026-03-16,144972,Geoffrey Blancaneaux,319,157,-1.0,-4.0,FRA,27,atp_rankings_2026_03_16.csv
2026-03-16,208144,Giles Hussey,320,156,11.0,17.0,GBR,28,atp_rankings_2026_03_16.csv
2026-03-16,105180,Daniel Dutra Da Silva,321,156,0.0,0.0,BRA,37,atp_rankings_2026_03_16.csv
2026-03-16,123921,Calvin Hemery,322,155,-2.0,-6.0,FRA,31,atp_rankings_2026_03_16.csv
2026-03-16,207130,Matias Soto,323,155,-2.0,-5.0,CHI,26,atp_rankings_2026_03_16.csv
2026-03-16,209951,Petr Bar Biryukov,324,155,0.0,-2.0,RUS,24,atp_rankings_2026_03_16.csv
2026-03-16,105649,Cedrik Marcel Stebe,325,154,0.0,-2.0,GER,35,atp_rankings_2026_03_16.csv
2026-03-16,211577,Antoine Ghibaudo,326,154,10.0,12.0,FRA,21,atp_rankings_2026_03_16.csv
2026-03-16,202475,Philip Henning,327,154,0.0,-3.0,RSA,25,atp_rankings_2026_03_16.csv
2026-03-16,207969,Stefan Dostanic,328,152,19.0,30.0,USA,24,atp_rankings_2026_03_16.csv
2026-03-16,106057,Facundo Mena,329,151,6.0,7.0,ARG,33,atp_rankings_2026_03_16.csv
2026-03-16,210472,Oliver Tarvet,330,150,0.0,-3.0,GBR,22,atp_rankings_2026_03_16.csv
2026-03-16,208342,Tyler Zink,331,150,0.0,-3.0,USA,25,atp_rankings_2026_03_16.csv
2026-03-16,208364,Franco Roncadelli,332,150,4.0,1.0,URU,26,atp_rankings_2026_03_16.csv
2026-03-16,209952,Sean Cuenin,333,149,6.0,8.0,FRA,22,atp_rankings_2026_03_16.csv
2026-03-16,200672,Sergey Fomin,334,148,-2.0,-5.0,UZB,25,atp_rankings_2026_03_16.csv
2026-03-16,209322,Martin Krumich,335,148,8.0,11.0,CZE,23,atp_rankings_2026_03_16.csv
2026-03-16,208502,Dominic Stricker,336,147,9.0,13.0,SUI,23,atp_rankings_2026_03_16.csv
2026-03-16,209874,Maks Kasnikowski,337,146,-1.0,-6.0,POL,22,atp_rankings_2026_03_16.csv
2026-03-16,208913,Juan Bautista Torres,338,146,0.0,-4.0,ARG,23,atp_rankings_2026_03_16.csv
2026-03-16,208389,James Trotter,339,145,0.0,-4.0,JPN,26,atp_rankings_2026_03_16.csv
2026-03-16,202199,Carlos Sanchez Jover,340,145,7.0,11.0,ESP,25,atp_rankings_2026_03_16.csv
2026-03-16,210412,Juan Manuel La Serna,341,143,0.0,-1.0,ARG,22,atp_rankings_2026_03_16.csv
2026-03-16,200273,Hady Habib,342,143,0.0,-3.0,LIB,27,atp_rankings_2026_03_16.csv
2026-03-16,126952,Soon Woo Kwon,343,142,0.0,-1.0,KOR,28,atp_rankings_2026_03_16.csv
2026-03-16,207797,Jonas Forejtek,344,142,7.0,12.0,CZE,25,atp_rankings_2026_03_16.csv
2026-03-16,207231,Mathys Erhard,345,142,-6.0,-15.0,FRA,24,atp_rankings_2026_03_16.csv
2026-03-16,209512,Tom Paris,346,140,-6.0,-14.0,FRA,23,atp_rankings_2026_03_16.csv
2026-03-16,209354,Ioannis Xilas,347,139,7.0,16.0,GRE,24,atp_rankings_2026_03_16.csv
2026-03-16,200188,Matteo Martineau,348,139,-12.0,-22.0,FRA,27,atp_rankings_2026_03_16.csv
2026-03-16,208143,Garrett Johns,349,139,-14.0,-24.0,USA,25,atp_rankings_2026_03_16.csv
2026-03-16,129911,Marat Sharipov,350,137,0.0,4.0,RUS,23,atp_rankings_2026_03_16.csv
2026-03-16,111581,Michael Mmoh,351,136,3.0,8.0,USA,28,atp_rankings_2026_03_16.csv
2026-03-16,144716,Oleg Prihodko,352,136,0.0,3.0,UKR,28,atp_rankings_2026_03_16.csv
2026-03-16,126555,Tung Lin Wu,353,136,-1.0,-1.0,TPE,27,atp_rankings_2026_03_16.csv
2026-03-16,210318,Andre Ilagan,354,136,6.0,11.0,USA,25,atp_rankings_2026_03_16.csv
2026-03-16,202239,Florian Broska,355,135,-4.0,-8.0,GER,28,atp_rankings_2026_03_16.csv
2026-03-16,210042,Gabriele Piraino,356,135,0.0,1.0,ITA,22,atp_rankings_2026_03_16.csv
2026-03-16,202400,Alastair Gray,357,132,0.0,5.0,GBR,27,atp_rankings_2026_03_16.csv
2026-03-16,200321,San Hui Sin,358,132,-6.0,-8.0,KOR,28,atp_rankings_2026_03_16.csv
2026-03-16,200495,Eduardo Ribeiro,359,131,26.0,82.0,BRA,27,atp_rankings_2026_03_16.csv
2026-03-16,109054,Daniel Masur,360,130,17.0,55.0,GER,31,atp_rankings_2026_03_16.csv
2026-03-16,206470,Cezar Cretu,361,130,0.0,3.0,ROU,24,atp_rankings_2026_03_16.csv
2026-03-16,117360,Marc Polmans,362,130,2.0,5.0,AUS,28,atp_rankings_2026_03_16.csv
2026-03-16,212251,Daniel Milavsky,363,130,-7.0,-10.0,USA,24,atp_rankings_2026_03_16.csv
2026-03-16,106187,Denis Yevseyev,364,130,0.0,2.0,KAZ,32,atp_rankings_2026_03_16.csv
2026-03-16,212222,Raphael Perot,365,129,2.0,4.0,FRA,24,atp_rankings_2026_03_16.csv
2026-03-16,106380,Gonzalo Villanueva,366,129,-12.0,-22.0,ARG,31,atp_rankings_2026_03_16.csv
2026-03-16,209907,Viacheslav Bielinskyi,367,128,-4.0,-6.0,UKR,22,atp_rankings_2026_03_16.csv
2026-03-16,209983,Mika Brunold,368,128,7.0,16.0,SUI,21,atp_rankings_2026_03_16.csv
2026-03-16,200266,Javier Barranco Cosano,369,128,2.0,4.0,ESP,27,atp_rankings_2026_03_16.csv
2026-03-16,209080,Blaise Bicknell,370,128,34.0,105.0,JAM,24,atp_rankings_2026_03_16.csv
2026-03-16,212216,Trevor Svajda,371,127,10.0,25.0,USA,19,atp_rankings_2026_03_16.csv
2026-03-16,104755,Richard Gasquet,372,125,0.0,3.0,FRA,39,atp_rankings_2026_03_16.csv
2026-03-16,202075,Adria Soriano Barrera,373,125,-1.0,-1.0,COL,26,atp_rankings_2026_03_16.csv
2026-03-16,207171,Hamish Stewart,374,125,-1.0,0.0,GBR,26,atp_rankings_2026_03_16.csv
2026-03-16,208024,Max Alcala Gurri,375,125,0.0,2.0,ESP,23,atp_rankings_2026_03_16.csv
2026-03-16,211627,Hayato Matsuoka,376,125,-3.0,-8.0,JPN,21,atp_rankings_2026_03_16.csv
2026-03-16,207527,Buvaysar Gadamauri,377,125,3.0,5.0,BEL,25,atp_rankings_2026_03_16.csv
2026-03-16,211542,Filippo Romano,378,124,50.0,163.0,ITA,20,atp_rankings_2026_03_16.csv
2026-03-16,206467,Federico Arnaboldi,379,124,3.0,6.0,ITA,25,atp_rankings_2026_03_16.csv
2026-03-16,134840,Raul Brancaccio,380,124,-15.0,-32.0,ITA,28,atp_rankings_2026_03_16.csv
2026-03-16,122554,David Jorda Sanchis,381,124,0.0,0.0,ESP,31,atp_rankings_2026_03_16.csv
2026-03-16,207368,Mert Alkaya,382,123,-1.0,-2.0,TUR,25,atp_rankings_2026_03_16.csv
2026-03-16,117357,Omar Jasika,383,123,14.0,46.0,AUS,28,atp_rankings_2026_03_16.csv
2026-03-16,209167,Olle Wallin,384,123,5.0,10.0,SWE,24,atp_rankings_2026_03_16.csv
2026-03-16,213608,Moise Kouame,385,122,4.0,8.0,FRA,17,atp_rankings_2026_03_16.csv
2026-03-16,202297,Dan Martin,386,121,0.0,-3.0,CAN,26,atp_rankings_2026_03_16.csv
2026-03-16,202122,Yuta Shimizu,387,121,-12.0,-27.0,JPN,26,atp_rankings_2026_03_16.csv
2026-03-16,207129,Yanki Erel,388,121,-3.0,-10.0,TUR,25,atp_rankings_2026_03_16.csv
2026-03-16,212020,Michele Ribecai,389,121,6.0,24.0,ITA,23,atp_rankings_2026_03_16.csv
2026-03-16,105487,Facundo Bagnis,390,120,0.0,-4.0,ARG,36,atp_rankings_2026_03_16.csv
2026-03-16,111153,Christopher Eubanks,391,120,0.0,-4.0,USA,29,atp_rankings_2026_03_16.csv
2026-03-16,210085,Lui Maxted,392,120,4.0,11.0,GBR,22,atp_rankings_2026_03_16.csv
2026-03-16,131911,Lucas Poullain,393,120,8.0,28.0,FRA,30,atp_rankings_2026_03_16.csv
2026-03-16,106177,Oriol Roca Batalla,394,119,2.0,4.0,ESP,32,atp_rankings_2026_03_16.csv
2026-03-16,208540,Inaki Montes De La Torre,395,119,-6.0,-19.0,ESP,23,atp_rankings_2026_03_16.csv
2026-03-16,209890,Mili Poljicak,396,119,-1.0,-8.0,CRO,21,atp_rankings_2026_03_16.csv
2026-03-16,144656,Corentin Denolly,397,119,0.0,-7.0,FRA,28,atp_rankings_2026_03_16.csv
2026-03-16,105077,Albert Ramos,398,118,0.0,-7.0,ESP,38,atp_rankings_2026_03_16.csv
2026-03-16,212241,Carlo Alberto Caniato,399,118,-1.0,-10.0,ITA,20,atp_rankings_2026_03_16.csv
2026-03-16,207502,Stefan Palosi,400,118,0.0,-5.0,ROU,26,atp_rankings_2026_03_16.csv
2026-03-16,208104,Andrea Picchione,401,117,0.0,-4.0,ITA,27,atp_rankings_2026_03_16.csv
2026-03-16,210377,Luciano Emanuel Ambrogi,402,117,9.0,28.0,ARG,22,atp_rankings_2026_03_16.csv
2026-03-16,209079,Samir Banerjee,403,116,0.0,-2.0,USA,22,atp_rankings_2026_03_16.csv
2026-03-16,111202,Hyeon Chung,404,116,0.0,0.0,KOR,29,atp_rankings_2026_03_16.csv
2026-03-16,200452,Patrick Zahraj,405,116,-24.0,-60.0,GER,26,atp_rankings_2026_03_16.csv
2026-03-16,212225,Thomas Faurel,406,116,0.0,-1.0,FRA,20,atp_rankings_2026_03_16.csv
2026-03-16,105413,Andrej Martin,407,115,14.0,46.0,SVK,36,atp_rankings_2026_03_16.csv
2026-03-16,207186,Arthur Weber,408,115,0.0,-2.0,FRA,33,atp_rankings_2026_03_16.csv
2026-03-16,200462,Andrea Guerrieri,409,115,3.0,9.0,ITA,27,atp_rankings_2026_03_16.csv
2026-03-16,202420,Aidan Mchugh,410,114,-1.0,-1.0,GBR,25,atp_rankings_2026_03_16.csv
2026-03-16,209984,Milos Karol,411,114,12.0,38.0,SVK,23,atp_rankings_2026_03_16.csv
2026-03-16,105453,Kei Nishikori,412,113,-69.0,-128.0,JPN,36,atp_rankings_2026_03_16.csv
2026-03-16,132573,Luca Castelnuovo,413,113,-4.0,-14.0,SUI,29,atp_rankings_2026_03_16.csv
2026-03-16,211325,Aryan Shah,414,113,0.0,2.0,IND,20,atp_rankings_2026_03_16.csv
2026-03-16,200184,Andrey Chepelev,415,113,13.0,42.0,RUS,27,atp_rankings_2026_03_16.csv
2026-03-16,211711,Braden Shick,416,112,0.0,1.0,USA,22,atp_rankings_2026_03_16.csv
2026-03-16,212207,Ognjen Milic,417,112,17.0,53.0,SRB,18,atp_rankings_2026_03_16.csv
2026-03-16,132041,Alfredo Perez,418,112,-3.0,-8.0,USA,28,atp_rankings_2026_03_16.csv
2026-03-16,200666,Jie Cui,419,112,1.0,4.0,CHN,28,atp_rankings_2026_03_16.csv
2026-03-16,208025,Alex Martinez,420,112,-3.0,-8.0,ESP,24,atp_rankings_2026_03_16.csv
2026-03-16,208937,Kasidit Samrej,421,112,-5.0,-21.0,THA,25,atp_rankings_2026_03_16.csv
2026-03-16,134068,Vadym Ursu,422,111,1.0,5.0,UKR,29,atp_rankings_2026_03_16.csv
2026-03-16,106203,Pedro Sakamoto,423,110,-14.0,-44.0,BRA,32,atp_rankings_2026_03_16.csv
2026-03-16,122352,Christoph Negritu,424,109,-18.0,-54.0,GER,31,atp_rankings_2026_03_16.csv
2026-03-16,200484,Rudolf Molleker,425,108,1.0,6.0,GER,25,atp_rankings_2026_03_16.csv
2026-03-16,206553,Luca Potenza,426,108,-3.0,-1.0,ITA,25,atp_rankings_2026_03_16.csv
2026-03-16,210221,Jay Dylan Hara Friend,427,107,19.0,62.0,JPN,22,atp_rankings_2026_03_16.csv
2026-03-16,111454,Li Tu,428,107,-19.0,-57.0,AUS,29,atp_rankings_2026_03_16.csv
2026-03-16,106292,Hernan Casanova,429,107,-8.0,-21.0,ARG,32,atp_rankings_2026_03_16.csv
2026-03-16,206867,Tommaso Compagnucci,430,107,0.0,2.0,ITA,26,atp_rankings_2026_03_16.csv
2026-03-16,200309,Marek Gengel,431,107,-3.0,-5.0,CZE,30,atp_rankings_2026_03_16.csv
2026-03-16,202113,Hikaru Shiraishi,432,107,0.0,1.0,JPN,25,atp_rankings_2026_03_16.csv
2026-03-16,209898,Dali Blanch,433,107,0.0,1.0,USA,23,atp_rankings_2026_03_16.csv
2026-03-16,144826,Aziz Dougaz,434,106,-12.0,-42.0,TUN,28,atp_rankings_2026_03_16.csv
2026-03-16,211661,Juan Estevez,435,106,0.0,3.0,ARG,20,atp_rankings_2026_03_16.csv
2026-03-16,208649,Andrew Fenty,436,106,1.0,6.0,USA,26,atp_rankings_2026_03_16.csv
2026-03-16,210682,Federico Bondioli,437,106,0.0,3.0,ITA,20,atp_rankings_2026_03_16.csv
2026-03-16,106072,Alexey Vatutin,438,104,0.0,6.0,RUS,33,atp_rankings_2026_03_16.csv
2026-03-16,207834,Juan Alejandro Hernandez Serrano,439,104,-8.0,-19.0,MEX,26,atp_rankings_2026_03_16.csv
2026-03-16,211504,Jack Loge,440,104,0.0,5.0,BEL,21,atp_rankings_2026_03_16.csv
2026-03-16,106362,Laurent Lokoli,441,103,1.0,7.0,FRA,31,atp_rankings_2026_03_16.csv
2026-03-16,210005,Kilian Feldbausch,442,103,-12.0,-35.0,SUI,20,atp_rankings_2026_03_16.csv
2026-03-16,210425,Svyatoslav Gulin,443,103,-3.0,-6.0,RUS,23,atp_rankings_2026_03_16.csv
2026-03-16,207484,Neil Oberleitner,444,103,1.0,6.0,AUT,26,atp_rankings_2026_03_16.csv
2026-03-16,210000,Karan Singh,445,103,0.0,2.0,IND,22,atp_rankings_2026_03_16.csv
2026-03-16,105430,Radu Albot,446,102,-10.0,-27.0,MDA,36,atp_rankings_2026_03_16.csv
2026-03-16,144814,Eero Vasa,447,102,11.0,35.0,FIN,29,atp_rankings_2026_03_16.csv
2026-03-16,209318,Petr Nesterov,448,102,9.0,29.0,BUL,23,atp_rankings_2026_03_16.csv
2026-03-16,207992,Cannon Kingsley,449,101,4.0,16.0,USA,24,atp_rankings_2026_03_16.csv
2026-03-16,125847,Jelle Sels,450,101,-41.0,-107.0,NED,30,atp_rankings_2026_03_16.csv
2026-03-16,106121,Taro Daniel,451,100,-3.0,-5.0,JPN,33,atp_rankings_2026_03_16.csv
2026-03-16,126340,Viktor Durasovic,452,100,0.0,3.0,NOR,28,atp_rankings_2026_03_16.csv
2026-03-16,209264,Pietro Fellin,453,100,2.0,11.0,ITA,24,atp_rankings_2026_03_16.csv
2026-03-16,202359,Marvin Moeller,454,100,0.0,2.0,GER,27,atp_rankings_2026_03_16.csv
2026-03-16,132052,Christian Langmo,455,100,-5.0,-12.0,USA,29,atp_rankings_2026_03_16.csv
2026-03-16,208044,Etienne Donnet,456,99,-2.0,-4.0,FRA,25,atp_rankings_2026_03_16.csv
2026-03-16,210399,Edward Winter,457,99,0.0,1.0,AUS,21,atp_rankings_2026_03_16.csv
2026-03-16,207200,Cyril Vandermeersch,458,99,-12.0,-34.0,FRA,26,atp_rankings_2026_03_16.csv
2026-03-16,207669,Robert Strombachs,459,99,-16.0,-48.0,LAT,26,atp_rankings_2026_03_16.csv
2026-03-16,211768,Manas Dhamne,460,99,0.0,-1.0,IND,18,atp_rankings_2026_03_16.csv
2026-03-16,200374,Nicolas Alvarez Varona,461,98,0.0,0.0,ESP,24,atp_rankings_2026_03_16.csv
2026-03-16,105655,Hiroki Moriya,462,97,14.0,44.0,JPN,35,atp_rankings_2026_03_16.csv
2026-03-16,209931,Lukas Pokorny,463,97,-4.0,-9.0,SVK,24,atp_rankings_2026_03_16.csv
2026-03-16,209254,Valerio Aboian,464,97,-1.0,-2.0,ARG,23,atp_rankings_2026_03_16.csv
2026-03-16,208328,Max Wiskandt,465,97,0.0,1.0,GER,24,atp_rankings_2026_03_16.csv
2026-03-16,207878,James Story,466,97,0.0,1.0,GBR,25,atp_rankings_2026_03_16.csv
2026-03-16,210214,Joao Eduardo Schiessl,467,97,9.0,27.0,BRA,21,atp_rankings_2026_03_16.csv
2026-03-16,208240,Alexandr Binda,468,97,-2.0,-8.0,ITA,24,atp_rankings_2026_03_16.csv
2026-03-16,208189,Gianmarco Ferrari,469,97,0.0,-1.0,ITA,25,atp_rankings_2026_03_16.csv
2026-03-16,207728,Moerani Bouzige,470,96,8.0,25.0,AUS,26,atp_rankings_2026_03_16.csv
2026-03-16,134329,Blake Ellis,471,95,0.0,-2.0,AUS,27,atp_rankings_2026_03_16.csv
2026-03-16,105938,Antoine Escoffier,472,95,0.0,-1.0,FRA,34,atp_rankings_2026_03_16.csv
2026-03-16,106232,Roberto Cid,473,94,-12.0,-38.0,DOM,32,atp_rankings_2026_03_16.csv
2026-03-16,202290,Dhakshineswar Suresh,474,94,0.0,-2.0,IND,25,atp_rankings_2026_03_16.csv
2026-03-16,133872,Enrico Dalla Valle,475,94,6.0,17.0,ITA,27,atp_rankings_2026_03_16.csv
2026-03-16,135753,Patrick Maloney,476,94,-15.0,-48.0,USA,26,atp_rankings_2026_03_16.csv
2026-03-16,207993,Justin Boulais,477,94,17.0,50.0,CAN,24,atp_rankings_2026_03_16.csv
2026-03-16,207998,Takuya Kumasaka,478,94,1.0,1.0,JPN,27,atp_rankings_2026_03_16.csv
2026-03-16,209403,Faris Zakaryia,479,94,22.0,68.0,EGY,24,atp_rankings_2026_03_16.csv
2026-03-16,105671,Gastao Elias,480,93,-1.0,-6.0,POR,35,atp_rankings_2026_03_16.csv
2026-03-16,210250,Erik Arutiunian,481,93,0.0,-5.0,BLR,21,atp_rankings_2026_03_16.csv
2026-03-16,210285,Sebastian Sorger,482,93,24.0,81.0,AUT,20,atp_rankings_2026_03_16.csv
2026-03-16,212077,Lorenzo Carboni,483,93,-13.0,-44.0,ITA,20,atp_rankings_2026_03_16.csv
2026-03-16,210107,Bor Artnak,484,91,-3.0,-11.0,SLO,21,atp_rankings_2026_03_16.csv
2026-03-16,211530,Tomasz Berkieta,485,91,8.0,22.0,POL,19,atp_rankings_2026_03_16.csv
2026-03-16,106290,Filip Peliwo,486,91,0.0,-3.0,POL,32,atp_rankings_2026_03_16.csv
2026-03-16,126183,Mariano Kestelboim,487,90,-8.0,-24.0,ARG,30,atp_rankings_2026_03_16.csv
2026-03-16,208092,Filippo Moroni,488,89,-1.0,-4.0,ITA,25,atp_rankings_2026_03_16.csv
2026-03-16,209274,Carl Emil Overbeck,489,89,0.0,-3.0,DEN,24,atp_rankings_2026_03_16.csv
2026-03-16,207708,Dusan Obradovic,490,89,0.0,-2.0,SRB,24,atp_rankings_2026_03_16.csv
2026-03-16,126523,Bernabe Zapata Miralles,491,88,0.0,0.0,ESP,29,atp_rankings_2026_03_16.csv
2026-03-16,202356,Tsung Hao Huang,492,88,0.0,1.0,TPE,26,atp_rankings_2026_03_16.csv
2026-03-16,211902,Henry Searle,493,88,-5.0,-15.0,GBR,19,atp_rankings_2026_03_16.csv
2026-03-16,210129,Samuele Pieri,494,88,3.0,6.0,ITA,24,atp_rankings_2026_03_16.csv
2026-03-16,207764,Ryan Nijboer,495,88,10.0,29.0,NED,26,atp_rankings_2026_03_16.csv
2026-03-16,209362,Aristotelis Thanos,496,87,0.0,0.0,GRE,24,atp_rankings_2026_03_16.csv
2026-03-16,210142,Olaf Pieczkowski,497,87,0.0,0.0,POL,21,atp_rankings_2026_03_16.csv
2026-03-16,211898,Mae Malige,498,87,8.0,20.0,FRA,19,atp_rankings_2026_03_16.csv
2026-03-16,210714,Robin Catry,499,85,0.0,-1.0,FRA,24,atp_rankings_2026_03_16.csv
2026-03-16,207490,Carlos Lopez Montagud,500,85,-4.0,-13.0,ESP,25,atp_rankings_2026_03_16.csv
2026-03-16,117359,Jake Delaney,501,85,0.0,0.0,AUS,28,atp_rankings_2026_03_16.csv
2026-03-16,148679,Henry Bernet,502,84,0.0,0.0,SUI,19,atp_rankings_2026_03_16.csv
2026-03-16,210340,Philip Sekulic,503,84,0.0,1.0,AUS,22,atp_rankings_2026_03_16.csv
2026-03-16,126208,Yusuke Takahashi,504,84,-1.0,-5.0,JPN,28,atp_rankings_2026_03_16.csv
2026-03-16,201987,Masamichi Imamura,505,84,0.0,0.0,JPN,27,atp_rankings_2026_03_16.csv
2026-03-16,209088,Quinn Vandecasteele,506,84,1.0,3.0,USA,23,atp_rankings_2026_03_16.csv
2026-03-16,202271,Lorenzo Joaquin Rodriguez,507,84,6.0,15.0,ARG,26,atp_rankings_2026_03_16.csv
2026-03-16,202354,Matthew Dellavedova,508,84,5.0,11.0,AUS,25,atp_rankings_2026_03_16.csv
2026-03-16,105806,Mirza Basic,509,83,-8.0,-29.0,BIH,34,atp_rankings_2026_03_16.csv
2026-03-16,207239,Nikolay Vylegzhanin,510,83,-8.0,-29.0,RUS,25,atp_rankings_2026_03_16.csv
2026-03-16,212090,Sergio Callejon Hernando,511,83,0.0,-3.0,ESP,21,atp_rankings_2026_03_16.csv
2026-03-16,200550,Vladyslav Orlov,512,82,2.0,4.0,UKR,30,atp_rankings_2026_03_16.csv
2026-03-16,207657,Tristan Mccormick,513,82,-1.0,-3.0,USA,26,atp_rankings_2026_03_16.csv
2026-03-16,127123,Mateus Alves,514,81,0.0,-2.0,BRA,25,atp_rankings_2026_03_16.csv
2026-03-16,200216,Giovanni Fonio,515,80,-4.0,-12.0,ITA,27,atp_rankings_2026_03_16.csv
2026-03-16,210025,Branko Djuric,516,80,0.0,-1.0,SRB,21,atp_rankings_2026_03_16.csv
2026-03-16,208158,Dominik Palan,517,80,2.0,4.0,CZE,25,atp_rankings_2026_03_16.csv
2026-03-16,212531,Nicolas Arseneault,518,79,-1.0,-5.0,CAN,19,atp_rankings_2026_03_16.csv
2026-03-16,208230,Alibek Kachmazov,519,79,-22.0,-68.0,RUS,23,atp_rankings_2026_03_16.csv
2026-03-16,210393,Maxim Zhukov,520,79,0.0,-3.0,RUS,21,atp_rankings_2026_03_16.csv
2026-03-16,210650,Stefan Adrian Andreescu,521,79,1.0,2.0,ROU,24,atp_rankings_2026_03_16.csv
2026-03-16,207605,Jakub Paul,522,78,-10.0,-32.0,SUI,26,atp_rankings_2026_03_16.csv
2026-03-16,206912,Stuart Parker,523,78,-28.0,-87.0,GBR,28,atp_rankings_2026_03_16.csv
2026-03-16,210034,Shunsuke Mitsui,524,78,0.0,-4.0,JPN,23,atp_rankings_2026_03_16.csv
2026-03-16,206325,Pedro Vives Marcos,525,77,0.0,0.0,ESP,24,atp_rankings_2026_03_16.csv
2026-03-16,207987,Ryuki Matsuda,526,77,0.0,0.0,JPN,26,atp_rankings_2026_03_16.csv
2026-03-16,211639,Alejo Sanchez Quilez,527,77,7.0,31.0,ESP,20,atp_rankings_2026_03_16.csv
2026-03-16,212219,Mees Rottgering,528,77,0.0,0.0,NED,18,atp_rankings_2026_03_16.csv
2026-03-16,211621,Arthur Nagel,529,77,0.0,0.0,FRA,22,atp_rankings_2026_03_16.csv
2026-03-16,211628,Koki Matsuda,530,76,13.0,67.0,JPN,25,atp_rankings_2026_03_16.csv
2026-03-16,208322,Eric Vanshelboim,531,76,0.0,1.0,UKR,24,atp_rankings_2026_03_16.csv
2026-03-16,212268,Max Schoenhaus,532,75,0.0,1.0,GER,18,atp_rankings_2026_03_16.csv
2026-03-16,211727,Pavle Marinkov,533,75,1.0,10.0,AUS,20,atp_rankings_2026_03_16.csv
2026-03-16,210470,Tai Sach,534,75,0.0,2.0,AUS,23,atp_rankings_2026_03_16.csv
2026-03-16,134457,Nicolas Moreno De Alboran,535,74,18.0,98.0,USA,28,atp_rankings_2026_03_16.csv
2026-03-16,105339,Yan Bai,536,74,-15.0,-51.0,CHN,36,atp_rankings_2026_03_16.csv
2026-03-16,106172,Maxime Chazal,537,74,0.0,2.0,FRA,32,atp_rankings_2026_03_16.csv
2026-03-16,209518,Tibo Colson,538,74,-1.0,-4.0,BEL,25,atp_rankings_2026_03_16.csv
2026-03-16,202326,Ivan Marrero Curbelo,539,74,0.0,1.0,ESP,27,atp_rankings_2026_03_16.csv
2026-03-16,212051,Joaquin  Aguilar Cardozo,540,74,0.0,2.0,URU,20,atp_rankings_2026_03_16.csv
2026-03-16,206662,Georgii Kravchenko,541,74,3.0,11.0,UKR,25,atp_rankings_2026_03_16.csv
2026-03-16,209191,Oleksandr Ovcharenko,542,74,0.0,2.0,UKR,24,atp_rankings_2026_03_16.csv
2026-03-16,208297,Maxwell Mckennon,543,74,1.0,3.0,USA,23,atp_rankings_2026_03_16.csv
2026-03-16,208253,Niels Visker,544,74,3.0,10.0,NED,24,atp_rankings_2026_03_16.csv
2026-03-16,124154,Sasi Kumar Mukund,545,73,-2.0,-10.0,IND,29,atp_rankings_2026_03_16.csv
2026-03-16,126627,Johan Nikles,546,73,3.0,13.0,SUI,28,atp_rankings_2026_03_16.csv
2026-03-16,207760,Anton Matusevich,547,72,15.0,81.0,GBR,24,atp_rankings_2026_03_16.csv
2026-03-16,208431,Semen Pankin,548,72,11.0,60.0,RUS,26,atp_rankings_2026_03_16.csv
2026-03-16,211636,Lucio Ratti,549,72,0.0,-1.0,ARG,22,atp_rankings_2026_03_16.csv
2026-03-16,126125,Maxime Janvier,550,72,-2.0,-5.0,FRA,29,atp_rankings_2026_03_16.csv
2026-03-16,209871,Amr Elsayed Abdou Ahmed Mohamed,551,72,0.0,-2.0,EGY,27,atp_rankings_2026_03_16.csv
2026-03-16,209251,Stefan Popovic,552,72,1.0,3.0,SRB,22,atp_rankings_2026_03_16.csv
2026-03-16,208586,Joshua Sheehy,553,71,-3.0,-15.0,USA,29,atp_rankings_2026_03_16.csv
2026-03-16,213635,Jacopo Vasami,554,71,0.0,-4.0,ITA,18,atp_rankings_2026_03_16.csv
2026-03-16,209302,Peter Fajta,555,71,0.0,-4.0,HUN,23,atp_rankings_2026_03_16.csv
2026-03-16,200661,Yuki Mochizuki,556,71,-9.0,-42.0,JPN,28,atp_rankings_2026_03_16.csv
2026-03-16,210121,Kokoro Isomura,557,71,0.0,-4.0,JPN,23,atp_rankings_2026_03_16.csv
2026-03-16,110618,Elmar Ejupovic,558,70,0.0,-1.0,GER,33,atp_rankings_2026_03_16.csv
2026-03-16,210731,Filip Jeff Planinsek,559,70,4.0,21.0,SLO,24,atp_rankings_2026_03_16.csv
2026-03-16,207803,Igor Gimenez,560,70,0.0,1.0,BRA,26,atp_rankings_2026_03_16.csv
2026-03-16,210730,Reda Bennani,561,69,0.0,1.0,MAR,19,atp_rankings_2026_03_16.csv
2026-03-16,207704,Alex Marti Pujolras,562,69,-7.0,-32.0,ESP,27,atp_rankings_2026_03_16.csv
2026-03-16,101495,Miguel Tobon,563,69,8.0,44.0,COL,19,atp_rankings_2026_03_16.csv
2026-03-16,132744,Alberto Barroso Campos,564,69,-1.0,-4.0,ESP,29,atp_rankings_2026_03_16.csv
2026-03-16,144970,Constantin Bittoun Kouzmine,565,69,0.0,-1.0,FRA,27,atp_rankings_2026_03_16.csv
2026-03-16,208457,Radu Mihai Papoe,566,68,0.0,-1.0,ROU,23,atp_rankings_2026_03_16.csv
2026-03-16,200366,Olukayode Alafia Damina Ayeni,567,68,0.0,-1.0,USA,26,atp_rankings_2026_03_16.csv
2026-03-16,202398,Michael Vrbensky,568,68,0.0,-1.0,CZE,26,atp_rankings_2026_03_16.csv
2026-03-16,200572,Nick Hardt,569,68,8.0,43.0,DOM,25,atp_rankings_2026_03_16.csv
2026-03-16,207202,Karl Poling,570,68,0.0,0.0,USA,26,atp_rankings_2026_03_16.csv
2026-03-16,106310,Alexander Ritschard,571,67,0.0,0.0,SUI,31,atp_rankings_2026_03_16.csv
2026-03-16,207907,Arda Azkara,572,67,0.0,1.0,TUR,23,atp_rankings_2026_03_16.csv
2026-03-16,200214,Alan Fernando Rubio Fierros,573,67,3.0,19.0,MEX,27,atp_rankings_2026_03_16.csv
2026-03-16,207601,Manuel Mazza,574,67,0.0,0.0,ITA,26,atp_rankings_2026_03_16.csv
2026-03-16,212785,Carlos Maria Zarate,575,67,0.0,1.0,ARG,,atp_rankings_2026_03_16.csv
2026-03-16,211756,Michal Krajci,576,67,4.0,22.0,SVK,21,atp_rankings_2026_03_16.csv
2026-03-16,210668,Massimo Giunta,577,67,0.0,0.0,ITA,21,atp_rankings_2026_03_16.csv
2026-03-16,133997,Sergi Perez Contri,578,67,0.0,0.0,ESP,28,atp_rankings_2026_03_16.csv
2026-03-16,209142,Sebastian Gima,579,67,0.0,0.0,ROU,23,atp_rankings_2026_03_16.csv
2026-03-16,200070,Kirill Kivattsev,580,67,1.0,3.0,RUS,28,atp_rankings_2026_03_16.csv
2026-03-16,200014,Digvijaypratap Singh,581,66,0.0,1.0,IND,25,atp_rankings_2026_03_16.csv
2026-03-16,105944,Juan Sebastian Gomez,582,65,0.0,2.0,COL,34,atp_rankings_2026_03_16.csv
2026-03-16,200096,Dragos Nicolae Madaras,583,65,0.0,2.0,SWE,28,atp_rankings_2026_03_16.csv
2026-03-16,126762,Aleksandre Bakshi,584,65,-2.0,-9.0,GEO,28,atp_rankings_2026_03_16.csv
2026-03-16,209959,Woobin Shin,585,65,-3.0,-16.0,KOR,22,atp_rankings_2026_03_16.csv
2026-03-16,202366,Tadeas Paroulek,586,65,-16.0,-75.0,CZE,26,atp_rankings_2026_03_16.csv
2026-03-16,210687,Pawit Sornlaksup,587,65,4.0,22.0,THA,26,atp_rankings_2026_03_16.csv
2026-03-16,210054,Matthew William Donald,588,65,0.0,1.0,CZE,21,atp_rankings_2026_03_16.csv
2026-03-16,208605,Mario Gonzalez Fernandez,589,65,7.0,35.0,ESP,23,atp_rankings_2026_03_16.csv
2026-03-16,210029,Bruno Kuzuhara,590,65,0.0,0.0,USA,21,atp_rankings_2026_03_16.csv
2026-03-16,210721,Iliyan Radulov,591,64,0.0,0.0,BUL,20,atp_rankings_2026_03_16.csv
2026-03-16,209863,Leo Borg,592,64,-1.0,-5.0,SWE,22,atp_rankings_2026_03_16.csv
2026-03-16,207220,Taha Baadi,593,64,0.0,1.0,CAN,24,atp_rankings_2026_03_16.csv
2026-03-16,144923,Louis Wessels,594,64,2.0,8.0,GER,27,atp_rankings_2026_03_16.csv
2026-03-16,202150,Dan Alexandru Tomescu,595,63,0.0,0.0,ROU,26,atp_rankings_2026_03_16.csv
2026-03-16,207884,Arthur Bouquier,596,63,-50.0,-182.0,FRA,25,atp_rankings_2026_03_16.csv
2026-03-16,200270,Alex Knaff,597,63,8.0,47.0,LUX,28,atp_rankings_2026_03_16.csv
2026-03-16,208063,Paulo Andre Saraiva Dos Santos,598,63,-1.0,-5.0,BRA,25,atp_rankings_2026_03_16.csv
2026-03-16,208854,Aidan Mayo,599,62,3.0,19.0,USA,22,atp_rankings_2026_03_16.csv
2026-03-16,209506,Francesco Forti,600,62,0.0,-1.0,ITA,26,atp_rankings_2026_03_16.csv
2026-03-16,212258,Adhithya Ganesan,601,62,0.0,-1.0,USA,20,atp_rankings_2026_03_16.csv
2026-03-16,133794,S D Prajwal Dev,602,62,0.0,-1.0,IND,29,atp_rankings_2026_03_16.csv
2026-03-16,213149,Felix Balshaw,603,62,1.0,8.0,FRA,19,atp_rankings_2026_03_16.csv
2026-03-16,210498,Gerard Campana Lee,604,62,0.0,-1.0,KOR,21,atp_rankings_2026_03_16.csv
2026-03-16,207793,Alec Deckers,605,61,0.0,0.0,NED,25,atp_rankings_2026_03_16.csv
2026-03-16,212305,Juan Cruz Martin Manzano,606,61,5.0,31.0,ITA,21,atp_rankings_2026_03_16.csv
2026-03-16,200713,Federico Iannaccone,607,61,7.0,44.0,ITA,26,atp_rankings_2026_03_16.csv
2026-03-16,144985,Ergi Kirkin,608,60,-8.0,-40.0,TUR,27,atp_rankings_2026_03_16.csv
2026-03-16,105814,Maximilian Neuchrist,609,60,9.0,59.0,AUT,34,atp_rankings_2026_03_16.csv
2026-03-16,126723,Denys Klok,610,60,0.0,4.0,RUS,27,atp_rankings_2026_03_16.csv
2026-03-16,131934,Andrea Vavassori,611,59,0.0,5.0,ITA,30,atp_rankings_2026_03_16.csv
2026-03-16,210545,Luis Carlos Alvarez,612,59,0.0,5.0,MEX,21,atp_rankings_2026_03_16.csv
2026-03-16,105575,Ricardas Berankis,613,59,-4.0,-17.0,LTU,35,atp_rankings_2026_03_16.csv
2026-03-16,200255,Alexander Weis,614,59,-17.0,-83.0,ITA,28,atp_rankings_2026_03_16.csv
2026-03-16,209120,Yassine Dlimi,615,58,0.0,5.0,MAR,22,atp_rankings_2026_03_16.csv
2026-03-16,202277,Damien Wenger,616,58,0.0,5.0,SUI,25,atp_rankings_2026_03_16.csv
2026-03-16,212749,Andres Santamarta Roig,617,58,0.0,5.0,ESP,19,atp_rankings_2026_03_16.csv
2026-03-16,208876,Egor Agafonov,618,58,-8.0,-37.0,RUS,23,atp_rankings_2026_03_16.csv
2026-03-16,208071,Oleksii Krutykh,619,58,-7.0,-33.0,UKR,26,atp_rankings_2026_03_16.csv
2026-03-16,212190,Karol Filar,620,58,0.0,3.0,POL,27,atp_rankings_2026_03_16.csv
2026-03-16,134120,Kuan Yi Lee,621,58,-1.0,-2.0,TPE,29,atp_rankings_2026_03_16.csv
2026-03-16,209510,Nino Ehrenschneider,622,58,-7.0,-34.0,GER,24,atp_rankings_2026_03_16.csv
2026-03-16,202209,Imanol Lopez Morillo,623,58,1.0,7.0,ESP,26,atp_rankings_2026_03_16.csv
2026-03-16,200297,Aziz Ouakaa,624,58,0.0,1.0,TUN,26,atp_rankings_2026_03_16.csv
2026-03-16,200218,Mate Valkusz,625,57,0.0,1.0,HUN,27,atp_rankings_2026_03_16.csv
2026-03-16,209338,Daniel Siniakov,626,57,2.0,14.0,CZE,23,atp_rankings_2026_03_16.csv
2026-03-16,210083,Jakub Nicod,627,57,2.0,14.0,CZE,21,atp_rankings_2026_03_16.csv
2026-03-16,210726,Cesar Bouchelaghem,628,57,0.0,-1.0,FRA,21,atp_rankings_2026_03_16.csv
2026-03-16,200445,Maxence Beauge,629,57,4.0,26.0,FRA,25,atp_rankings_2026_03_16.csv
2026-03-16,212598,Emilien Demanet,630,57,0.0,-1.0,BEL,20,atp_rankings_2026_03_16.csv
2026-03-16,208153,Giuseppe La Vela,631,57,0.0,0.0,ITA,25,atp_rankings_2026_03_16.csv
2026-03-16,211501,Kenta Miyoshi,632,56,0.0,2.0,JPN,22,atp_rankings_2026_03_16.csv
2026-03-16,211543,Lorenzo Sciahbasi,633,56,0.0,2.0,ITA,20,atp_rankings_2026_03_16.csv
2026-03-16,207664,Luca Staeheli,634,56,2.0,16.0,SUI,26,atp_rankings_2026_03_16.csv
2026-03-16,106137,Tristan Lamasine,635,55,-15.0,-79.0,FRA,33,atp_rankings_2026_03_16.csv
2026-03-16,105952,Renzo Olivo,636,55,-12.0,-64.0,ARG,34,atp_rankings_2026_03_16.csv
2026-03-16,200665,Yuta Kawahashi,637,55,-1.0,-1.0,JPN,28,atp_rankings_2026_03_16.csv
2026-03-16,144907,Adrian Oetzbach,638,55,-2.0,-6.0,GER,28,atp_rankings_2026_03_16.csv
2026-03-16,208343,Andrew Paulson,639,54,0.0,9.0,CZE,24,atp_rankings_2026_03_16.csv
2026-03-16,122495,Shintaro Imai,640,54,-1.0,2.0,JPN,32,atp_rankings_2026_03_16.csv
2026-03-16,211550,Yusuke Kusuhara,641,54,0.0,8.0,JPN,28,atp_rankings_2026_03_16.csv
2026-03-16,211618,Jan Kumstat,642,54,3.0,24.0,CZE,19,atp_rankings_2026_03_16.csv
2026-03-16,125806,Dominik Kellovsky,643,54,-1.0,3.0,CZE,29,atp_rankings_2026_03_16.csv
2026-03-16,207776,William Grant,644,54,-2.0,-6.0,USA,25,atp_rankings_2026_03_16.csv
2026-03-16,213001,Mika Petkovic,645,54,4.0,31.0,GER,19,atp_rankings_2026_03_16.csv
2026-03-16,132831,Giovanni Oradini,646,54,0.0,6.0,ITA,28,atp_rankings_2026_03_16.csv
2026-03-16,207660,Nicholas David Ionel,647,54,-6.0,-32.0,ROU,23,atp_rankings_2026_03_16.csv
2026-03-16,122113,Yurii Dzhavakian,648,54,3.0,22.0,UKR,32,atp_rankings_2026_03_16.csv
2026-03-16,208909,Johan Alexander Rodriguez Rodriguez,649,53,0.0,4.0,COL,22,atp_rankings_2026_03_16.csv
2026-03-16,106264,Karue Sell,650,53,1.0,8.0,BRA,32,atp_rankings_2026_03_16.csv
2026-03-16,208426,Tiago Torres,651,53,3.0,21.0,POR,23,atp_rankings_2026_03_16.csv
2026-03-16,209517,Igor Kudriashov,652,53,0.0,2.0,RUS,22,atp_rankings_2026_03_16.csv
2026-03-16,202168,Ye Cong Mo,653,53,-2.0,-8.0,CHN,25,atp_rankings_2026_03_16.csv
2026-03-16,105948,Federico Coria,654,52,-22.0,-117.0,ARG,34,atp_rankings_2026_03_16.csv
2026-03-16,210320,Kyle Kang,655,52,0.0,1.0,USA,21,atp_rankings_2026_03_16.csv
2026-03-16,210077,Aidan Kim,656,52,0.0,1.0,USA,21,atp_rankings_2026_03_16.csv
2026-03-16,208931,Toby Alex Kodat,657,52,0.0,2.0,USA,23,atp_rankings_2026_03_16.csv
2026-03-16,212886,Radu David Turcanu,658,52,1.0,11.0,ROU,20,atp_rankings_2026_03_16.csv
2026-03-16,209971,Michael Bassem Sobhy,659,52,3.0,23.0,EGY,21,atp_rankings_2026_03_16.csv
2026-03-16,210599,Ryan Dickerson,660,52,3.0,23.0,USA,28,atp_rankings_2026_03_16.csv
2026-03-16,211324,Mitsuki Wei Kang Leong,661,52,0.0,0.0,MAS,21,atp_rankings_2026_03_16.csv
2026-03-16,211673,Duncan Chan,662,51,0.0,0.0,CAN,20,atp_rankings_2026_03_16.csv
2026-03-16,211767,James Watt,663,51,0.0,0.0,NZL,25,atp_rankings_2026_03_16.csv
2026-03-16,212157,Timofei Derepasko,664,51,0.0,3.0,RUS,19,atp_rankings_2026_03_16.csv
2026-03-16,210604,Loann Massard,665,51,-10.0,-55.0,FRA,20,atp_rankings_2026_03_16.csv
2026-03-16,211901,Yanis Ghazouani Durand,666,51,4.0,32.0,FRA,25,atp_rankings_2026_03_16.csv
2026-03-16,212029,Dimitris Sakellaridis,667,51,1.0,10.0,GRE,19,atp_rankings_2026_03_16.csv
2026-03-16,212405,Gavin Young,668,50,8.0,63.0,USA,23,atp_rankings_2026_03_16.csv
2026-03-16,207893,Daniel De Jonge,669,50,13.0,107.0,NED,26,atp_rankings_2026_03_16.csv
2026-03-16,207994,Chase Ferguson,670,50,1.0,11.0,AUS,27,atp_rankings_2026_03_16.csv
2026-03-16,210505,Marcel Zielinski,671,50,0.0,3.0,POL,25,atp_rankings_2026_03_16.csv
2026-03-16,209337,Luca Castagnola,672,50,1.0,12.0,ITA,23,atp_rankings_2026_03_16.csv
2026-03-16,200086,Toufik Sahtali,673,50,4.0,33.0,ALG,27,atp_rankings_2026_03_16.csv
2026-03-16,208168,Nicolas Tepmahc,674,50,0.0,1.0,FRA,24,atp_rankings_2026_03_16.csv
2026-03-16,208819,Max Hans Rehberg,675,49,3.0,25.0,GER,22,atp_rankings_2026_03_16.csv
2026-03-16,207181,Govind Nanda,676,49,-6.0,-37.0,USA,25,atp_rankings_2026_03_16.csv
2026-03-16,213003,Pierluigi Basile,677,49,0.0,1.0,ITA,19,atp_rankings_2026_03_16.csv
2026-03-16,111788,Naoki Nakagawa,678,49,0.0,1.0,JPN,29,atp_rankings_2026_03_16.csv
2026-03-16,200030,Facundo Juarez,679,49,-2.0,-14.0,ITA,28,atp_rankings_2026_03_16.csv
2026-03-16,106168,Sidharth Rawat,680,49,0.0,0.0,IND,32,atp_rankings_2026_03_16.csv
2026-03-16,209140,Millen Hurrion,681,49,5.0,37.0,GBR,26,atp_rankings_2026_03_16.csv
2026-03-16,202148,Michiel De Krom,682,49,9.0,76.0,NED,27,atp_rankings_2026_03_16.csv
2026-03-16,210686,Michael Agwi,683,48,-2.0,-12.0,IRL,22,atp_rankings_2026_03_16.csv
2026-03-16,209163,Emile Hudd,684,48,10.0,85.0,GBR,25,atp_rankings_2026_03_16.csv
2026-03-16,210447,Leo Raquillet,685,48,8.0,70.0,FRA,20,atp_rankings_2026_03_16.csv
2026-03-16,207557,Maik Steiner,686,48,4.0,33.0,GER,31,atp_rankings_2026_03_16.csv
2026-03-16,212070,Ali Yazdani,687,48,1.0,10.0,IRI,22,atp_rankings_2026_03_16.csv
2026-03-16,210223,Leonardo Rossi,688,48,7.0,61.0,ITA,23,atp_rankings_2026_03_16.csv
2026-03-16,111505,Enzo Couacaud,689,47,0.0,1.0,FRA,31,atp_rankings_2026_03_16.csv
2026-03-16,106075,Jozef Kovalik,690,47,0.0,1.0,SVK,33,atp_rankings_2026_03_16.csv
2026-03-16,207407,Peter Makk,691,47,3.0,25.0,HUN,24,atp_rankings_2026_03_16.csv
2026-03-16,205842,Arthur Reymond,692,47,0.0,0.0,FRA,26,atp_rankings_2026_03_16.csv
2026-03-16,210744,Kaylan Bigun,693,47,2.0,17.0,USA,19,atp_rankings_2026_03_16.csv
2026-03-16,208411,Daniel Antonio Nunez,694,47,1.0,8.0,CHI,24,atp_rankings_2026_03_16.csv
2026-03-16,208126,John Echeverria,695,47,-3.0,-22.0,ESP,24,atp_rankings_2026_03_16.csv
2026-03-16,210295,Cooper Williams,696,46,0.0,3.0,USA,20,atp_rankings_2026_03_16.csv
2026-03-16,200574,Alexander Donski,697,46,10.0,82.0,BUL,27,atp_rankings_2026_03_16.csv
2026-03-16,125802,Ilya Ivashka,698,46,0.0,3.0,BLR,32,atp_rankings_2026_03_16.csv
2026-03-16,210715,Yaroslav Demin,699,46,-1.0,-5.0,RUS,20,atp_rankings_2026_03_16.csv
2026-03-16,209043,Yuta Kikuchi,700,46,0.0,3.0,JPN,26,atp_rankings_2026_03_16.csv
2026-03-16,211524,Abel Forger,701,46,-1.0,-6.0,NED,20,atp_rankings_2026_03_16.csv
2026-03-16,210398,Gabriele Pennaforti,702,46,-14.0,-89.0,ITA,25,atp_rankings_2026_03_16.csv
2026-03-16,210218,Bruno Fernandez,703,46,0.0,1.0,BRA,21,atp_rankings_2026_03_16.csv
2026-03-16,208265,Pierre Delage,704,46,-1.0,-8.0,FRA,25,atp_rankings_2026_03_16.csv
2026-03-16,210672,Leo Vithoontien,705,46,0.0,2.0,JPN,26,atp_rankings_2026_03_16.csv
2026-03-16,126177,Strong Kirchheimer,706,46,1.0,9.0,USA,30,atp_rankings_2026_03_16.csv
2026-03-16,106378,Kyle Edmund,707,45,0.0,1.0,GBR,31,atp_rankings_2026_03_16.csv
2026-03-16,212104,Pablo Martinez Gomez,708,45,0.0,1.0,ESP,20,atp_rankings_2026_03_16.csv
2026-03-16,212969,Matisse Bobichon,709,45,-3.0,-22.0,FRA,24,atp_rankings_2026_03_16.csv
2026-03-16,144751,Rigele Te,710,45,-16.0,-104.0,CHN,28,atp_rankings_2026_03_16.csv
2026-03-16,208099,Santiago De La Fuente,711,45,-10.0,-68.0,ARG,24,atp_rankings_2026_03_16.csv
2026-03-16,209185,Alessandro Pecci,712,45,-2.0,-19.0,ITA,24,atp_rankings_2026_03_16.csv
2026-03-16,126335,Sora Fukuda,713,45,0.0,-2.0,JPN,28,atp_rankings_2026_03_16.csv
2026-03-16,202154,Uisung Park,714,45,0.0,-2.0,KOR,25,atp_rankings_2026_03_16.csv
2026-03-16,212244,Gabriel Ghetu,715,45,0.0,-2.0,ROU,18,atp_rankings_2026_03_16.csv
2026-03-16,212286,Rodrigo Alujas,716,45,0.0,-2.0,MEX,23,atp_rankings_2026_03_16.csv
2026-03-16,211409,Guillaume Dalmasso,717,45,3.0,24.0,FRA,23,atp_rankings_2026_03_16.csv
2026-03-16,126209,Peter Bertran,718,44,0.0,-1.0,DOM,30,atp_rankings_2026_03_16.csv
2026-03-16,212784,Maximo Zeitune,719,44,7.0,55.0,ARG,18,atp_rankings_2026_03_16.csv
2026-03-16,202418,Stijn Slump,720,44,-4.0,-32.0,NED,27,atp_rankings_2026_03_16.csv
2026-03-16,210629,Alejandro Juan Mano,721,44,3.0,25.0,ESP,21,atp_rankings_2026_03_16.csv
2026-03-16,202230,Maxence Bertimon,722,44,0.0,-2.0,FRA,26,atp_rankings_2026_03_16.csv
2026-03-16,124040,Colin Sinclair,723,44,2.0,14.0,NMI,31,atp_rankings_2026_03_16.csv
2026-03-16,149145,Matteo Covato,724,44,2.0,15.0,ITA,20,atp_rankings_2026_03_16.csv
2026-03-16,200325,Emil Ruusuvuori,725,43,-18.0,-121.0,FIN,26,atp_rankings_2026_03_16.csv
2026-03-16,109946,Pedro Rodrigues,726,43,0.0,-4.0,BRA,19,atp_rankings_2026_03_16.csv
2026-03-16,209124,Blu Baker,727,43,1.0,6.0,GBR,24,atp_rankings_2026_03_16.csv
2026-03-16,123993,Lucas Gerch,728,43,0.0,-5.0,GER,31,atp_rankings_2026_03_16.csv
2026-03-16,209866,Karlis Ozolins,729,43,0.0,-4.0,LAT,23,atp_rankings_2026_03_16.csv
2026-03-16,207535,Marlon Vankan,730,43,0.0,-3.0,GER,25,atp_rankings_2026_03_16.csv
2026-03-16,209985,Amaury Raynel,731,43,0.0,-2.0,FRA,23,atp_rankings_2026_03_16.csv
2026-03-16,212603,Benjamin Torrealba,732,43,8.0,63.0,CHI,20,atp_rankings_2026_03_16.csv
2026-03-16,138485,Conner Huertas Del Pino,733,42,0.0,-1.0,PER,30,atp_rankings_2026_03_16.csv
2026-03-16,209904,Alejandro Manzanera Pertusa,734,42,-1.0,-10.0,ESP,22,atp_rankings_2026_03_16.csv
2026-03-16,210063,Matyas Cerny,735,42,0.0,0.0,CZE,24,atp_rankings_2026_03_16.csv
2026-03-16,105700,Jose Pereira,736,42,0.0,0.0,BRA,35,atp_rankings_2026_03_16.csv
2026-03-16,200228,Felix Corwin,737,42,1.0,7.0,USA,29,atp_rankings_2026_03_16.csv
2026-03-16,208861,Keisuke Saitoh,738,42,4.0,33.0,JPN,24,atp_rankings_2026_03_16.csv
2026-03-16,208386,Matt Kuhar,739,42,3.0,26.0,USA,29,atp_rankings_2026_03_16.csv
2026-03-16,210537,Josip Simundza,740,42,-1.0,-10.0,CRO,21,atp_rankings_2026_03_16.csv
2026-03-16,211758,Matthew Summers,741,42,0.0,-3.0,GBR,27,atp_rankings_2026_03_16.csv
2026-03-16,202346,Ben Jones,742,42,-6.0,-53.0,GBR,27,atp_rankings_2026_03_16.csv
2026-03-16,212831,Samuel Heredia,743,42,2.0,16.0,COL,19,atp_rankings_2026_03_16.csv
2026-03-16,106227,Ji Sung Nam,744,41,-1.0,-10.0,KOR,32,atp_rankings_2026_03_16.csv
2026-03-16,209385,Samuel Vincent Ruggeri,745,41,0.0,-2.0,ITA,23,atp_rankings_2026_03_16.csv
2026-03-16,209867,Daniil Ostapenkov,746,41,1.0,8.0,BLR,22,atp_rankings_2026_03_16.csv
2026-03-16,132017,Mwendwa Mbithi,747,41,0.0,-2.0,USA,28,atp_rankings_2026_03_16.csv
2026-03-16,200632,Evan Zhu,748,41,0.0,-1.0,USA,27,atp_rankings_2026_03_16.csv
2026-03-16,210200,Yanaki Milev,749,41,-1.0,-9.0,BUL,21,atp_rankings_2026_03_16.csv
2026-03-16,133820,Ignacio Monzon,750,41,-1.0,-8.0,ARG,28,atp_rankings_2026_03_16.csv
2026-03-16,209128,Diego Augusto Barreto Sanchez,751,41,0.0,-3.0,ESP,23,atp_rankings_2026_03_16.csv
2026-03-16,134389,Tim Handel,752,41,-8.0,-67.0,GER,29,atp_rankings_2026_03_16.csv
2026-03-16,109739,Maximilian Marterer,753,40,0.0,-3.0,GER,30,atp_rankings_2026_03_16.csv
2026-03-16,134794,Alexis Gautier,754,40,0.0,-2.0,FRA,28,atp_rankings_2026_03_16.csv
2026-03-16,211558,Karim Bennani,755,40,4.0,26.0,MAR,18,atp_rankings_2026_03_16.csv
2026-03-16,126939,Khumoun Sultanov,756,40,-8.0,-70.0,UZB,27,atp_rankings_2026_03_16.csv
2026-03-16,212160,Ryan Fishback,757,40,-15.0,-110.0,USA,23,atp_rankings_2026_03_16.csv
2026-03-16,202089,Aleksandr Braynin,758,40,2.0,15.0,UKR,26,atp_rankings_2026_03_16.csv
2026-03-16,210048,Pierre Yves Bailly,759,39,0.0,1.0,BEL,22,atp_rankings_2026_03_16.csv
2026-03-16,212174,Enzo Aguiard,760,39,26.0,306.0,AUS,23,atp_rankings_2026_03_16.csv
2026-03-16,210513,Tuncay Duran,761,39,0.0,0.0,TUR,21,atp_rankings_2026_03_16.csv
2026-03-16,209416,Juan Carlos Aguilar,762,39,0.0,2.0,CAN,27,atp_rankings_2026_03_16.csv
2026-03-16,207134,Fitriadi M Rifqi,763,39,4.0,30.0,INA,27,atp_rankings_2026_03_16.csv
2026-03-16,132999,Kai Wehnelt,764,39,-1.0,-8.0,GER,30,atp_rankings_2026_03_16.csv
2026-03-16,212248,Fryderyk Lechno Wasiutynski,765,38,0.0,2.0,POL,20,atp_rankings_2026_03_16.csv
2026-03-16,210494,Theo Papamalamis,766,38,0.0,2.0,FRA,20,atp_rankings_2026_03_16.csv
2026-03-16,208078,Tomas Farjat,767,38,-2.0,-14.0,ARG,25,atp_rankings_2026_03_16.csv
2026-03-16,209247,Axel Garcian,768,38,0.0,2.0,FRA,23,atp_rankings_2026_03_16.csv
2026-03-16,213062,Nikolai Barsukov,769,38,15.0,146.0,GER,,atp_rankings_2026_03_16.csv
2026-03-16,104932,Kenny De Schepper,770,38,-5.0,-42.0,FRA,38,atp_rankings_2026_03_16.csv
2026-03-16,212788,Amir Omarkhanov,771,38,-2.0,-14.0,KAZ,18,atp_rankings_2026_03_16.csv
2026-03-16,212830,Samuel Alejandro Linde Palacios,772,38,-1.0,-6.0,COL,18,atp_rankings_2026_03_16.csv
2026-03-16,144915,Mikalai Haliak,773,37,0.0,2.0,BLR,27,atp_rankings_2026_03_16.csv
2026-03-16,209095,Francisco Rocha,774,37,1.0,12.0,POR,26,atp_rankings_2026_03_16.csv
2026-03-16,213713,Melios Efstathiou,775,37,2.0,22.0,CYP,,atp_rankings_2026_03_16.csv
2026-03-16,121264,Oscar Jose Gutierrez,776,37,1.0,11.0,BRA,32,atp_rankings_2026_03_16.csv
2026-03-16,208267,Oscar Weightman,777,36,1.0,12.0,GBR,24,atp_rankings_2026_03_16.csv
2026-03-16,210294,Jack Anthrop,778,36,0.0,2.0,USA,22,atp_rankings_2026_03_16.csv
2026-03-16,126185,Evgenii Tiurnev,779,36,0.0,5.0,RUS,28,atp_rankings_2026_03_16.csv
2026-03-16,129814,Ivan Ivanov,780,36,0.0,3.0,BUL,17,atp_rankings_2026_03_16.csv
2026-03-16,110602,Dennis Novak,781,36,-16.0,-121.0,AUT,32,atp_rankings_2026_03_16.csv
2026-03-16,210236,Attila Boros,782,36,2.0,20.0,HUN,22,atp_rankings_2026_03_16.csv
2026-03-16,212221,Tianhui Zhang,783,36,-10.0,-78.0,CHN,20,atp_rankings_2026_03_16.csv
2026-03-16,209164,Lorenzo Rottoli,784,36,-2.0,-12.0,ITA,24,atp_rankings_2026_03_16.csv
2026-03-16,212455,Lucas Andrade Da Silva,785,35,0.0,3.0,BRA,21,atp_rankings_2026_03_16.csv
2026-03-16,210488,Roger Pascual Ferra,786,35,0.0,4.0,ESP,20,atp_rankings_2026_03_16.csv
2026-03-16,211479,Gustavo Ribeiro De Almeida,787,35,-1.0,-5.0,BRA,19,atp_rankings_2026_03_16.csv
2026-03-16,200538,Matyas Fuele,788,35,-4.0,-26.0,HUN,27,atp_rankings_2026_03_16.csv
2026-03-16,213178,Cruz Hewitt,789,35,-16.0,-125.0,AUS,17,atp_rankings_2026_03_16.csv
2026-03-16,144748,Kris Van Wyk,790,35,0.0,1.0,RSA,29,atp_rankings_2026_03_16.csv
2026-03-16,211391,Iannis Miletich,791,35,0.0,5.0,ITA,20,atp_rankings_2026_03_16.csv
2026-03-16,210086,Lorenzo Angelini,792,35,14.0,149.0,ITA,20,atp_rankings_2026_03_16.csv
2026-03-16,214590,Nikita Belozertsev,793,34,0.0,6.0,UZB,17,atp_rankings_2026_03_16.csv
2026-03-16,210242,Ryan Colby,794,34,4.0,46.0,USA,22,atp_rankings_2026_03_16.csv
2026-03-16,211355,Oskar Brostrom Poulsen,795,34,0.0,5.0,DEN,24,atp_rankings_2026_03_16.csv
2026-03-16,202327,Marko Miladinovic,796,34,0.0,5.0,SRB,25,atp_rankings_2026_03_16.csv
2026-03-16,210328,Matt Ponchet,797,34,3.0,31.0,FRA,21,atp_rankings_2026_03_16.csv
2026-03-16,209278,Alec Beckley,798,34,-1.0,-6.0,RSA,24,atp_rankings_2026_03_16.csv
2026-03-16,207592,Martin Van Der Meerschen,799,34,-3.0,-22.0,BEL,25,atp_rankings_2026_03_16.csv
2026-03-16,207788,Thanapet Chanta,800,34,-2.0,-15.0,THA,26,atp_rankings_2026_03_16.csv
2026-03-16,212306,Ignacio Parisca,801,34,2.0,21.0,VEN,20,atp_rankings_2026_03_16.csv
2026-03-16,208094,Jorge Plans,802,34,0.0,3.0,ESP,24,atp_rankings_2026_03_16.csv
2026-03-16,212285,Albert Pedrico Kravtsov,803,33,0.0,5.0,ESP,20,atp_rankings_2026_03_16.csv
2026-03-16,207456,Dong Ju Kim,804,33,0.0,5.0,KOR,23,atp_rankings_2026_03_16.csv
2026-03-16,210203,Pedro Rodenas,805,33,0.0,5.0,ESP,21,atp_rankings_2026_03_16.csv
2026-03-16,209038,Linang Xiao,806,33,-1.0,-3.0,CHN,25,atp_rankings_2026_03_16.csv
2026-03-16,210577,Alejandro Turriziani Alvarez,807,33,2.0,22.0,ESP,23,atp_rankings_2026_03_16.csv
2026-03-16,206923,Shinji Hazawa,808,33,2.0,23.0,JPN,26,atp_rankings_2026_03_16.csv
2026-03-16,212025,Yannik Kelm,809,33,2.0,26.0,GER,21,atp_rankings_2026_03_16.csv
2026-03-16,208051,Axel Nefve,810,33,0.0,3.0,USA,25,atp_rankings_2026_03_16.csv
2026-03-16,208925,John Hallquist Lithen,811,33,4.0,43.0,SWE,24,atp_rankings_2026_03_16.csv
2026-03-16,210652,Dragos Nicolae Cazacu,812,33,0.0,4.0,ROU,22,atp_rankings_2026_03_16.csv
2026-03-16,208147,Alexandre Aubriot,813,33,1.0,13.0,FRA,26,atp_rankings_2026_03_16.csv
2026-03-16,106397,Wishaya Trongcharoenchaikul,814,33,-2.0,-16.0,THA,30,atp_rankings_2026_03_16.csv
2026-03-16,210553,Jacob Bradshaw,815,32,4.0,42.0,AUS,23,atp_rankings_2026_03_16.csv
2026-03-16,209330,Bautista Vilicich,816,32,-2.0,-12.0,ARG,24,atp_rankings_2026_03_16.csv
2026-03-16,212203,Luca Preda,817,32,0.0,2.0,ROU,19,atp_rankings_2026_03_16.csv
2026-03-16,209246,Alan Magadan,818,32,0.0,2.0,MEX,24,atp_rankings_2026_03_16.csv
2026-03-16,210098,Victor Lilov,819,32,0.0,2.0,USA,22,atp_rankings_2026_03_16.csv
2026-03-16,206916,Joshua Charlton,820,32,1.0,12.0,AUS,26,atp_rankings_2026_03_16.csv
2026-03-16,209923,Romain Faucon,821,32,-1.0,-6.0,BEL,23,atp_rankings_2026_03_16.csv
2026-03-16,210145,John Sperle,822,32,0.0,2.0,GER,24,atp_rankings_2026_03_16.csv
2026-03-16,208277,Taiyo Yamanaka,823,32,0.0,0.0,JPN,24,atp_rankings_2026_03_16.csv
2026-03-16,200330,Tomas Curras Abasolo,824,32,-5.0,-46.0,ESP,25,atp_rankings_2026_03_16.csv
2026-03-16,213760,Pavel Lagutin,825,31,1.0,16.0,RUS,21,atp_rankings_2026_03_16.csv
2026-03-16,202065,Petros Tsitsipas,826,31,-1.0,-8.0,GRE,25,atp_rankings_2026_03_16.csv
2026-03-16,208302,Nikola Slavic,827,31,0.0,3.0,SWE,25,atp_rankings_2026_03_16.csv
2026-03-16,117353,Duck Hee Lee,828,31,-2.0,-17.0,KOR,27,atp_rankings_2026_03_16.csv
2026-03-16,210143,Maximilian Homberg,829,31,0.0,4.0,GER,23,atp_rankings_2026_03_16.csv
2026-03-16,105868,Wilson Leite,830,31,-4.0,-36.0,BRA,34,atp_rankings_2026_03_16.csv
2026-03-16,212978,Izan Almazan Valiente,831,31,-3.0,-25.0,ESP,20,atp_rankings_2026_03_16.csv
2026-03-16,208285,Fausto Tabacco,832,31,0.0,4.0,ITA,23,atp_rankings_2026_03_16.csv
2026-03-16,210099,Dinko Dinev,833,31,0.0,4.0,BUL,22,atp_rankings_2026_03_16.csv
2026-03-16,209360,Samir Hamza Reguig,834,31,0.0,4.0,ALG,24,atp_rankings_2026_03_16.csv
2026-03-16,106401,Nick Kyrgios,835,30,-10.0,-84.0,AUS,30,atp_rankings_2026_03_16.csv
2026-03-16,212275,Thijs Boogaard,836,30,0.0,3.0,NED,17,atp_rankings_2026_03_16.csv
2026-03-16,209198,Gian Luca Tanner,837,30,0.0,5.0,SUI,25,atp_rankings_2026_03_16.csv
2026-03-16,209099,Kristijan Juhas,838,30,0.0,5.0,SRB,24,atp_rankings_2026_03_16.csv
2026-03-16,206922,Luca Wiedenmann,839,30,2.0,20.0,GER,27,atp_rankings_2026_03_16.csv
2026-03-16,206921,Scott Jones,840,30,3.0,27.0,AUS,28,atp_rankings_2026_03_16.csv
2026-03-16,132310,Tiago Cacao,841,30,4.0,39.0,POR,28,atp_rankings_2026_03_16.csv
2026-03-16,208372,Natan Rodrigues,842,30,0.0,2.0,BRA,24,atp_rankings_2026_03_16.csv
2026-03-16,210254,Adrien Gobat,843,30,-13.0,-117.0,FRA,24,atp_rankings_2026_03_16.csv
2026-03-16,109694,Pedro Araujo,844,30,-3.0,-32.0,POR,23,atp_rankings_2026_03_16.csv
2026-03-16,210424,Michel Hopp,845,30,-1.0,-11.0,GER,27,atp_rankings_2026_03_16.csv
2026-03-16,208532,Thiago Cigarran,846,30,0.0,0.0,ARG,25,atp_rankings_2026_03_16.csv
2026-03-16,144841,Christian Sigsgaard,847,29,0.0,1.0,DEN,29,atp_rankings_2026_03_16.csv
2026-03-16,106296,Gregoire Barrere,848,29,0.0,1.0,FRA,32,atp_rankings_2026_03_16.csv
2026-03-16,211566,Patrick Schoen,849,29,1.0,6.0,SUI,20,atp_rankings_2026_03_16.csv
2026-03-16,200176,Manish Sureshkumar,850,29,0.0,1.0,IND,26,atp_rankings_2026_03_16.csv
2026-03-16,209937,Giorgio Tabacco,851,29,1.0,12.0,ITA,22,atp_rankings_2026_03_16.csv
2026-03-16,209882,Jeffrey Von Der Schulenburg,852,29,-1.0,-7.0,SUI,24,atp_rankings_2026_03_16.csv
2026-03-16,212288,Vincent Marysko,853,29,0.0,-1.0,GER,20,atp_rankings_2026_03_16.csv
2026-03-16,202258,Rafael Izquierdo Luque,854,29,0.0,-1.0,ESP,26,atp_rankings_2026_03_16.csv
2026-03-16,211707,Amit Vales,855,29,-1.0,-8.0,ISR,20,atp_rankings_2026_03_16.csv
2026-03-16,210477,Artur Kukasian,856,29,-4.0,-42.0,RUS,21,atp_rankings_2026_03_16.csv
2026-03-16,212115,Hoyoung Roh,857,28,0.0,-1.0,KOR,19,atp_rankings_2026_03_16.csv
2026-03-16,213010,Marc Van Der Merwe,858,28,0.0,0.0,RSA,31,atp_rankings_2026_03_16.csv
2026-03-16,210132,Julio Cesar Porras,859,28,0.0,2.0,ARG,28,atp_rankings_2026_03_16.csv
2026-03-16,213194,Jack Kennedy,860,28,0.0,0.0,USA,17,atp_rankings_2026_03_16.csv
2026-03-16,208166,Xiaofei Wang,861,28,0.0,1.0,CHN,23,atp_rankings_2026_03_16.csv
2026-03-16,209914,Andreja Petrovic,862,28,1.0,6.0,NOR,26,atp_rankings_2026_03_16.csv
2026-03-16,210623,Jakub Filip,863,28,1.0,9.0,CZE,20,atp_rankings_2026_03_16.csv
2026-03-16,208533,Joao Victor Couto Loureiro,864,28,1.0,9.0,BRA,22,atp_rankings_2026_03_16.csv
2026-03-16,210523,Luca Pow,865,27,0.0,1.0,GBR,21,atp_rankings_2026_03_16.csv
2026-03-16,207736,Arklon Huertas Del Pino,866,27,-2.0,-16.0,PER,31,atp_rankings_2026_03_16.csv
2026-03-16,106078,Egor Gerasimov,867,27,-4.0,-40.0,BLR,33,atp_rankings_2026_03_16.csv
2026-03-16,106249,Joao Domingues,868,27,15.0,228.0,POR,32,atp_rankings_2026_03_16.csv
2026-03-16,212127,Charlie Robertson,869,27,0.0,0.0,GBR,19,atp_rankings_2026_03_16.csv
2026-03-16,212202,Alvin Nicholas Tudorica,870,27,-12.0,-107.0,CAN,24,atp_rankings_2026_03_16.csv
2026-03-16,206556,Lautaro Agustin Falabella,871,27,0.0,0.0,ARG,28,atp_rankings_2026_03_16.csv
2026-03-16,212748,Anas Mazdrashki,872,27,2.0,22.0,BUL,,atp_rankings_2026_03_16.csv
2026-03-16,144925,Nitin Kumar Sinha,873,27,0.0,2.0,IND,27,atp_rankings_2026_03_16.csv
2026-03-16,134276,Jacob Brumm,874,27,-1.0,-10.0,USA,27,atp_rankings_2026_03_16.csv
2026-03-16,208264,Carles Hernandez,875,27,0.0,1.0,ESP,24,atp_rankings_2026_03_16.csv
2026-03-16,208466,Evan Bynoe,876,27,2.0,20.0,USA,26,atp_rankings_2026_03_16.csv
2026-03-16,206749,Niccolo Catini,877,27,-5.0,-52.0,ITA,28,atp_rankings_2026_03_16.csv
2026-03-16,207383,Taisei Ichikawa,878,27,-1.0,-13.0,JPN,25,atp_rankings_2026_03_16.csv
2026-03-16,209253,Andrea Fiorentini,879,27,1.0,6.0,ITA,25,atp_rankings_2026_03_16.csv
2026-03-16,105373,Martin Klizan,880,26,0.0,-2.0,SVK,36,atp_rankings_2026_03_16.csv
2026-03-16,148674,Emon Van Loben Sels,881,26,0.0,-4.0,USA,21,atp_rankings_2026_03_16.csv
2026-03-16,209928,Kalin Ivanovski,882,26,0.0,-3.0,MKD,21,atp_rankings_2026_03_16.csv
2026-03-16,209394,Anton Shepp,883,26,3.0,27.0,NZL,23,atp_rankings_2026_03_16.csv
2026-03-16,104729,Ivan Nedelko,884,26,0.0,-3.0,RUS,39,atp_rankings_2026_03_16.csv
2026-03-16,126135,Jumpei Yamasaki,885,26,-1.0,-15.0,JPN,28,atp_rankings_2026_03_16.csv
2026-03-16,200595,Lorenzo Bocchi,886,26,0.0,-4.0,ITA,28,atp_rankings_2026_03_16.csv
2026-03-16,208055,Ajeet Rai,887,26,0.0,-4.0,NZL,27,atp_rankings_2026_03_16.csv
2026-03-16,202124,Kosuke Ogura,888,26,0.0,-2.0,JPN,30,atp_rankings_2026_03_16.csv
2026-03-16,200276,Niklas Schell,889,26,1.0,10.0,GER,27,atp_rankings_2026_03_16.csv
2026-03-16,106423,Thanasi Kokkinakis,890,25,0.0,-3.0,AUS,29,atp_rankings_2026_03_16.csv
2026-03-16,211708,Manuel Plunger,891,25,0.0,-3.0,ITA,23,atp_rankings_2026_03_16.csv
2026-03-16,149842,Nicolas Ian Kotzen,892,25,0.0,-3.0,USA,22,atp_rankings_2026_03_16.csv
2026-03-16,144707,Mikael Ymer,893,25,0.0,-3.0,SWE,27,atp_rankings_2026_03_16.csv
2026-03-16,211394,Patrick Brady,894,25,10.0,139.0,GBR,21,atp_rankings_2026_03_16.csv
2026-03-16,210265,Aleksandr Lobanov,895,25,0.0,-3.0,RUS,24,atp_rankings_2026_03_16.csv
2026-03-16,200671,Daisuke Sumizawa,896,25,0.0,-3.0,JPN,27,atp_rankings_2026_03_16.csv
2026-03-16,208806,Stefano Dagostino,897,25,0.0,-2.0,ITA,22,atp_rankings_2026_03_16.csv
2026-03-16,210052,Nicolas Zanellato,898,25,1.0,6.0,BRA,24,atp_rankings_2026_03_16.csv
2026-03-16,208818,Finn Murgett,899,25,0.0,-2.0,GBR,24,atp_rankings_2026_03_16.csv
2026-03-16,212171,Nicolas Jadoun,900,25,1.0,5.0,FRA,23,atp_rankings_2026_03_16.csv
2026-03-16,209943,Ilya Snitari,901,24,0.0,-1.0,MDA,23,atp_rankings_2026_03_16.csv
2026-03-16,209905,Shunsuke Nakagawa,902,24,0.0,-1.0,JPN,26,atp_rankings_2026_03_16.csv
2026-03-16,202125,Benjamin Pietri,903,24,1.0,11.0,FRA,29,atp_rankings_2026_03_16.csv
2026-03-16,125833,Mert Naci Turker,904,24,-3.0,-30.0,TUR,27,atp_rankings_2026_03_16.csv
2026-03-16,126971,Marcus Walters,905,24,0.0,-2.0,GBR,27,atp_rankings_2026_03_16.csv
2026-03-16,200125,Mykyta Mashtakov,906,24,1.0,10.0,UKR,26,atp_rankings_2026_03_16.csv
2026-03-16,210252,Seydina Andre,907,24,-1.0,-9.0,SEN,22,atp_rankings_2026_03_16.csv
2026-03-16,212733,Matthew Forbes,908,23,0.0,-2.0,USA,19,atp_rankings_2026_03_16.csv
2026-03-16,213932,Theodore Dean,909,23,0.0,-2.0,USA,23,atp_rankings_2026_03_16.csv
2026-03-16,106398,Pedro Cachin,910,23,0.0,-2.0,ARG,30,atp_rankings_2026_03_16.csv
2026-03-16,126165,Aoran Wang,911,23,-2.0,-20.0,CHN,29,atp_rankings_2026_03_16.csv
2026-03-16,209166,Calvin Mueller,912,23,0.0,-3.0,GER,25,atp_rankings_2026_03_16.csv
2026-03-16,212780,Enzo Kohlmann De Freitas,913,23,0.0,-2.0,BRA,19,atp_rankings_2026_03_16.csv
2026-03-16,212269,Marc Majdandzic,914,23,0.0,-2.0,GER,21,atp_rankings_2026_03_16.csv
2026-03-16,210483,Yaojie Zeng,915,23,1.0,10.0,CHN,24,atp_rankings_2026_03_16.csv
2026-03-16,212071,Kasra Rahmani,916,23,0.0,-3.0,IRI,19,atp_rankings_2026_03_16.csv
2026-03-16,210554,Marko Maksimovic,917,23,0.0,0.0,SRB,20,atp_rankings_2026_03_16.csv
2026-03-16,202275,Fermin Tenti,918,23,0.0,0.0,ARG,28,atp_rankings_2026_03_16.csv
2026-03-16,202334,Jesse Delaney,919,23,1.0,11.0,AUS,27,atp_rankings_2026_03_16.csv
2026-03-16,200220,Ezekiel Clark,920,23,0.0,-1.0,USA,27,atp_rankings_2026_03_16.csv
2026-03-16,210531,Paul Inchauspe,921,22,0.0,-1.0,FRA,22,atp_rankings_2026_03_16.csv
2026-03-16,206573,Trey Hilderbrand,922,22,0.0,-1.0,USA,25,atp_rankings_2026_03_16.csv
2026-03-16,200598,Isaiah Strode,923,22,0.0,-1.0,USA,28,atp_rankings_2026_03_16.csv
2026-03-16,212311,Stijn Paardekooper,924,22,1.0,12.0,NED,22,atp_rankings_2026_03_16.csv
2026-03-16,212832,Salvador Price,925,22,0.0,-2.0,COL,21,atp_rankings_2026_03_16.csv
2026-03-16,211774,Ryotaro Taguchi,926,22,0.0,-2.0,JPN,25,atp_rankings_2026_03_16.csv
2026-03-16,208132,Noah Schachter,927,22,-4.0,-43.0,USA,26,atp_rankings_2026_03_16.csv
2026-03-16,211649,Fernando Cavallo,928,22,0.0,-1.0,ARG,20,atp_rankings_2026_03_16.csv
2026-03-16,209956,Dev Javia,929,22,0.0,0.0,IND,24,atp_rankings_2026_03_16.csv
2026-03-16,122294,Gabriele Maria Noce,930,22,2.0,25.0,ITA,30,atp_rankings_2026_03_16.csv
2026-03-16,210507,Nicolas Villalon,931,22,4.0,58.0,CHI,22,atp_rankings_2026_03_16.csv
2026-03-16,208250,Mihai Razvan Marinescu,932,22,0.0,-1.0,ROU,24,atp_rankings_2026_03_16.csv
2026-03-16,200441,Grigoriy Lomakin,933,22,0.0,-1.0,KAZ,27,atp_rankings_2026_03_16.csv
2026-03-16,212076,Zoran Ludoski,934,21,0.0,-1.0,SRB,20,atp_rankings_2026_03_16.csv
2026-03-16,209334,Micah Braswell,935,21,0.0,0.0,USA,24,atp_rankings_2026_03_16.csv
2026-03-16,131910,Lucas Bouquet,936,21,0.0,1.0,FRA,28,atp_rankings_2026_03_16.csv
2026-03-16,207404,Miles Jones,937,21,-1.0,-11.0,USA,25,atp_rankings_2026_03_16.csv
2026-03-16,207676,Adan Freire Da Silva,938,21,-1.0,-10.0,FRA,26,atp_rankings_2026_03_16.csv
2026-03-16,207794,Younes Lalami Laaroussi,939,21,1.0,15.0,MAR,24,atp_rankings_2026_03_16.csv
2026-03-16,212259,Benjamin Thomas George,940,21,0.0,0.0,CAN,23,atp_rankings_2026_03_16.csv
2026-03-16,212461,Daniele Rapagnetta,941,21,0.0,-2.0,ITA,19,atp_rankings_2026_03_16.csv
2026-03-16,213965,Andrew Johnson,942,20,0.0,1.0,USA,16,atp_rankings_2026_03_16.csv
2026-03-16,210093,Sander Jong,943,20,15.0,432.0,NED,25,atp_rankings_2026_03_16.csv
2026-03-16,208897,Pablo Masjuan Ginel,944,20,0.0,0.0,ESP,23,atp_rankings_2026_03_16.csv
2026-03-16,212958,Spencer Johnson,945,20,0.0,0.0,USA,23,atp_rankings_2026_03_16.csv
2026-03-16,126283,Yunseong Chung,946,20,0.0,0.0,KOR,27,atp_rankings_2026_03_16.csv
2026-03-16,212944,Ryo Tabata,947,20,0.0,0.0,JPN,18,atp_rankings_2026_03_16.csv
2026-03-16,213059,Carles Cordoba,948,20,3.0,50.0,ESP,20,atp_rankings_2026_03_16.csv
2026-03-16,208229,Qian Sun,949,20,0.0,-1.0,CHN,24,atp_rankings_2026_03_16.csv
2026-03-16,208152,Gabriele Bosio,950,20,0.0,-1.0,ITA,25,atp_rankings_2026_03_16.csv
2026-03-16,126216,Alexander Klintcharov,951,20,0.0,1.0,NZL,29,atp_rankings_2026_03_16.csv
2026-03-16,111568,Michael Zhu,952,20,-1.0,-10.0,USA,33,atp_rankings_2026_03_16.csv
2026-03-16,126536,David Pichler,953,19,0.0,3.0,AUT,30,atp_rankings_2026_03_16.csv
2026-03-16,134087,Johannes Ingildsen,954,19,0.0,3.0,DEN,28,atp_rankings_2026_03_16.csv
2026-03-16,210028,Ozan Baris,955,19,0.0,3.0,USA,21,atp_rankings_2026_03_16.csv
2026-03-16,210727,Taym Al Azmeh,956,19,0.0,3.0,GER,21,atp_rankings_2026_03_16.csv
2026-03-16,208237,Aleksa Ciric,957,19,0.0,3.0,SRB,25,atp_rankings_2026_03_16.csv
2026-03-16,,Jea Moon Lee,958,19,0.0,3.0,,,atp_rankings_2026_03_16.csv
2026-03-16,210429,Pietro Romeo Scomparin,959,19,0.0,4.0,ITA,24,atp_rankings_2026_03_16.csv
2026-03-16,209171,Thantub Suksumrarn,960,19,0.0,2.0,THA,24,atp_rankings_2026_03_16.csv
2026-03-16,202077,Ewen Lumsden,961,19,0.0,4.0,GBR,26,atp_rankings_2026_03_16.csv
2026-03-16,132374,Jesse Flores,962,19,1.0,21.0,CRC,30,atp_rankings_2026_03_16.csv
2026-03-16,210535,Maxim Shin,963,19,0.0,3.0,UZB,22,atp_rankings_2026_03_16.csv
2026-03-16,211564,Brian Bozemoj,964,19,-1.0,-14.0,NED,22,atp_rankings_2026_03_16.csv
2026-03-16,208613,Ezequiel Monferrer,965,19,1.0,20.0,ARG,22,atp_rankings_2026_03_16.csv
2026-03-16,212816,Lucca Helguera Casado,966,19,0.0,1.0,ESP,20,atp_rankings_2026_03_16.csv
2026-03-16,210047,Lorenzo Lorusso,967,19,0.0,1.0,ITA,26,atp_rankings_2026_03_16.csv
2026-03-16,208057,Diego Fernandez Flores,968,19,0.0,1.0,CHI,25,atp_rankings_2026_03_16.csv
2026-03-16,104905,Nicolas Barrientos,969,18,0.0,1.0,COL,38,atp_rankings_2026_03_16.csv
2026-03-16,210157,Dylan Dietrich,970,18,0.0,1.0,SUI,21,atp_rankings_2026_03_16.csv
2026-03-16,106234,Aslan Karatsev,971,18,-25.0,-250.0,RUS,32,atp_rankings_2026_03_16.csv
2026-03-16,117356,Cem Ilkel,972,18,-15.0,-165.0,TUR,30,atp_rankings_2026_03_16.csv
2026-03-16,211585,Alex Kuperstein,973,18,0.0,-1.0,USA,27,atp_rankings_2026_03_16.csv
2026-03-16,213677,Dante Pagani,973,18,0.0,0.0,ARG,,atp_rankings_2026_03_16.csv
2026-03-16,212839,Oliver Bonding,975,18,0.0,1.0,GBR,18,atp_rankings_2026_03_16.csv
2026-03-16,106167,Joris De Loore,976,18,0.0,1.0,BEL,32,atp_rankings_2026_03_16.csv
2026-03-16,212308,Markus Malaszszak,977,18,0.0,1.0,GER,21,atp_rankings_2026_03_16.csv
2026-03-16,208653,Isaac Becroft,978,18,2.0,40.0,NZL,25,atp_rankings_2026_03_16.csv
2026-03-16,133014,Enzo Wallart,979,18,0.0,1.0,FRA,29,atp_rankings_2026_03_16.csv
2026-03-16,212478,William Rejchtman Vinciguerra,980,18,1.0,20.0,SWE,19,atp_rankings_2026_03_16.csv
2026-03-16,202419,Justin Schlageter,981,18,-1.0,-17.0,GER,25,atp_rankings_2026_03_16.csv
2026-03-16,211658,Tomas Martinez,982,18,0.0,0.0,ARG,22,atp_rankings_2026_03_16.csv
2026-03-16,200418,Karl Friberg,983,18,0.0,-2.0,SWE,26,atp_rankings_2026_03_16.csv
2026-03-16,210683,Peter Buldorini,984,18,1.0,19.0,ITA,21,atp_rankings_2026_03_16.csv
2026-03-16,211897,Naoya Honda,985,18,-2.0,-32.0,JPN,20,atp_rankings_2026_03_16.csv
2026-03-16,202369,Daniel Salazar Martinez,986,18,0.0,0.0,COL,24,atp_rankings_2026_03_16.csv
2026-03-16,212888,Rares Teodor Pieleanu,987,18,1.0,18.0,ROU,19,atp_rankings_2026_03_16.csv
2026-03-16,211700,Ruslan Tiukaev,988,18,0.0,0.0,RUS,20,atp_rankings_2026_03_16.csv
2026-03-16,202244,Jeremy Gschwendtner,989,18,0.0,-2.0,GBR,27,atp_rankings_2026_03_16.csv
2026-03-16,208401,Giannicola Misasi,990,18,0.0,0.0,ITA,25,atp_rankings_2026_03_16.csv
2026-03-16,212926,Andrew Delgado,991,17,0.0,1.0,USA,20,atp_rankings_2026_03_16.csv
2026-03-16,212949,Ziga Sesko,992,17,0.0,-1.0,SLO,17,atp_rankings_2026_03_16.csv
2026-03-16,211674,Kuang Qing Xu,993,17,0.0,0.0,CHN,19,atp_rankings_2026_03_16.csv
2026-03-16,207595,Mateo Barreiros Reyes,994,17,0.0,0.0,BRA,25,atp_rankings_2026_03_16.csv
2026-03-16,211651,Alexander Vasilev,995,17,2.0,32.0,BUL,18,atp_rankings_2026_03_16.csv
2026-03-16,209064,Suk Hyun Choo,996,17,0.0,-1.0,KOR,24,atp_rankings_2026_03_16.csv
2026-03-16,148673,Dominique Rolland,997,17,0.0,-1.0,USA,21,atp_rankings_2026_03_16.csv
2026-03-16,207682,Lorenzo Gagliardo,998,17,1.0,14.0,ITA,25,atp_rankings_2026_03_16.csv
2026-03-16,213619,Oskari Paldanius,998,17,-1.0,-24.0,FIN,,atp_rankings_2026_03_16.csv
2026-03-16,206746,Benjamin Winter Lopez,1000,17,-1.0,-25.0,ESP,27,atp_rankings_2026_03_16.csv
2026-03-16,212059,Zach Stephens,1001,17,0.0,-2.0,GBR,19,atp_rankings_2026_03_16.csv
2026-03-16,211646,Louis Larue,1002,17,0.0,-1.0,FRA,21,atp_rankings_2026_03_16.csv
2026-03-16,126581,Juan Sebastian Osorio,1003,17,-4.0,-65.0,COL,28,atp_rankings_2026_03_16.csv
2026-03-16,212199,Tymur Bieldiugin,1004,17,0.0,-2.0,UKR,20,atp_rankings_2026_03_16.csv
2026-03-16,210003,Chirag Duhan,1005,17,0.0,-1.0,IND,22,atp_rankings_2026_03_16.csv
2026-03-16,213143,Sydney Zick,1006,17,1.0,15.0,GER,19,atp_rankings_2026_03_16.csv
2026-03-16,212972,Andrea De Marchi,1007,17,8.0,199.0,ITA,19,atp_rankings_2026_03_16.csv
2026-03-16,211317,Chen Dong,1008,17,0.0,-2.0,AUS,23,atp_rankings_2026_03_16.csv
2026-03-16,212725,Alaa Trifi,1009,17,4.0,70.0,TUN,19,atp_rankings_2026_03_16.csv
2026-03-16,213987,Vignesh Gogineni,1010,16,0.0,-3.0,USA,,atp_rankings_2026_03_16.csv
2026-03-16,211664,Nicolas Oliveira,1011,16,0.0,-3.0,BRA,19,atp_rankings_2026_03_16.csv
2026-03-16,202342,Ryan Seggerman,1012,16,0.0,-3.0,USA,26,atp_rankings_2026_03_16.csv
2026-03-16,127087,Dominik Recek,1013,16,0.0,-2.0,CZE,31,atp_rankings_2026_03_16.csv
2026-03-16,211675,Keegan Rice,1014,16,0.0,-4.0,CAN,19,atp_rankings_2026_03_16.csv
2026-03-16,208467,Alexander Kotzen,1015,16,0.0,1.0,USA,25,atp_rankings_2026_03_16.csv
2026-03-16,212142,Maxwell Exsted,1016,16,3.0,54.0,USA,19,atp_rankings_2026_03_16.csv
2026-03-16,208320,Christopher Li,1017,16,0.0,0.0,PER,22,atp_rankings_2026_03_16.csv
2026-03-16,206216,Tom Zeuch,1018,16,1.0,20.0,GER,26,atp_rankings_2026_03_16.csv
2026-03-16,213969,Joao Vitor Scramin Do Lago,1019,16,2.0,36.0,BRA,19,atp_rankings_2026_03_16.csv
2026-03-16,213014,Simeon Stankovic,1020,16,0.0,-1.0,SRB,,atp_rankings_2026_03_16.csv
2026-03-16,207183,Ishaque Eqbal,1021,16,-2.0,-37.0,IND,28,atp_rankings_2026_03_16.csv
2026-03-16,206600,Zura Tkemaladze,1022,16,0.0,1.0,GEO,25,atp_rankings_2026_03_16.csv
2026-03-16,208160,Sam Ryan Ziegann,1023,16,1.0,21.0,AUS,27,atp_rankings_2026_03_16.csv
2026-03-16,208844,Keshav Chopra,1024,16,0.0,0.0,USA,24,atp_rankings_2026_03_16.csv
2026-03-16,209233,Pietro Marino,1025,16,1.0,21.0,ITA,24,atp_rankings_2026_03_16.csv
2026-03-16,210456,Karim Ibrahim,1026,16,1.0,21.0,EGY,22,atp_rankings_2026_03_16.csv
2026-03-16,212552,Nicolas Ifi,1027,16,1.0,21.0,BEL,27,atp_rankings_2026_03_16.csv
2026-03-16,210409,Pavlos Tsitsipas,1028,16,0.0,-3.0,GRE,20,atp_rankings_2026_03_16.csv
2026-03-16,212022,Daniil Sarksian,1029,16,1.0,20.0,RUS,19,atp_rankings_2026_03_16.csv
2026-03-16,200670,J J Wolf,1030,15,,,USA,27,atp_rankings_2026_03_16.csv
2026-03-16,126197,Orlando Luz,1031,15,0.0,-5.0,BRA,28,atp_rankings_2026_03_16.csv
2026-03-16,106214,Oscar Otte,1032,15,0.0,-4.0,GER,32,atp_rankings_2026_03_16.csv
2026-03-16,202361,Simon Reveniau,1033,15,0.0,-4.0,FRA,27,atp_rankings_2026_03_16.csv
2026-03-16,214018,Jamie Mackenzie,1034,15,1.0,17.0,GER,,atp_rankings_2026_03_16.csv
2026-03-16,213360,Niels Mcdonald,1035,15,0.0,-5.0,GER,18,atp_rankings_2026_03_16.csv
2026-03-16,210091,Filip Pieczonka,1036,15,0.0,-5.0,POL,21,atp_rankings_2026_03_16.csv
2026-03-16,212235,Noah Zamora,1036,15,0.0,-5.0,USA,23,atp_rankings_2026_03_16.csv
2026-03-16,,Gilbert Klier Junior,1038,15,0.0,-4.0,,,atp_rankings_2026_03_16.csv
2026-03-16,124001,Gergely Madarasz,1039,15,0.0,-4.0,HUN,31,atp_rankings_2026_03_16.csv
2026-03-16,200331,Leonardo Aboian,1040,15,-2.0,-43.0,ARG,27,atp_rankings_2026_03_16.csv
2026-03-16,105332,Benoit Paire,1041,15,0.0,-5.0,FRA,36,atp_rankings_2026_03_16.csv
2026-03-16,212852,Kacper Szymkowiak,1042,15,0.0,-5.0,POL,21,atp_rankings_2026_03_16.csv
2026-03-16,212086,Grigory Shebekin,1043,15,0.0,-4.0,RUS,20,atp_rankings_2026_03_16.csv
2026-03-16,208130,Geun Jun Kim,1044,15,0.0,-4.0,KOR,24,atp_rankings_2026_03_16.csv
2026-03-16,208003,Bekkhan Atlangeriev,1045,15,-1.0,-25.0,RUS,25,atp_rankings_2026_03_16.csv
2026-03-16,212530,Mikael Arseneault,1046,15,0.0,-5.0,CAN,19,atp_rankings_2026_03_16.csv
2026-03-16,134405,Koray Kirci,1047,15,0.0,-5.0,TUR,27,atp_rankings_2026_03_16.csv
2026-03-16,207331,Vladislav Melnic,1048,15,1.0,8.0,ROU,26,atp_rankings_2026_03_16.csv
2026-03-16,212639,Yuto Oki,1049,15,0.0,-6.0,JPN,,atp_rankings_2026_03_16.csv
2026-03-16,144932,Kristjan Tamm,1050,15,-5.0,-99.0,EST,27,atp_rankings_2026_03_16.csv
2026-03-16,200050,Finn Bass,1051,15,-1.0,-29.0,GBR,26,atp_rankings_2026_03_16.csv
2026-03-16,212574,Egor Pleshivtsev,1052,15,0.0,-7.0,RUS,,atp_rankings_2026_03_16.csv
2026-03-16,211484,Jangjun Kim,1053,14,0.0,-3.0,KOR,19,atp_rankings_2026_03_16.csv
2026-03-16,207649,Savriyan Danilov,1054,14,0.0,-2.0,RUS,25,atp_rankings_2026_03_16.csv
2026-03-16,213806,Kriish Tyagi,1055,14,0.0,-1.0,IND,18,atp_rankings_2026_03_16.csv
2026-03-16,210436,Hayden Jones,1056,14,0.0,2.0,AUS,19,atp_rankings_2026_03_16.csv
2026-03-16,213046,Pieter De Lange,1057,14,0.0,2.0,NED,,atp_rankings_2026_03_16.csv
2026-03-16,213591,Billy Suarez,1058,14,1.0,19.0,USA,,atp_rankings_2026_03_16.csv
2026-03-16,208867,Tomas Luis,1059,14,-10.0,-157.0,POR,24,atp_rankings_2026_03_16.csv
2026-03-16,210038,Matias Ponce De Leon Gomila,1060,13,0.0,3.0,ESP,22,atp_rankings_2026_03_16.csv
2026-03-16,208262,Alejo Lorenzo Lingua Lavallen,1061,13,-3.0,-48.0,ARG,25,atp_rankings_2026_03_16.csv
2026-03-16,105359,Jason Jung,1062,13,0.0,2.0,TPE,36,atp_rankings_2026_03_16.csv
2026-03-16,210759,Gianluca Brunkow,1063,13,2.0,53.0,USA,23,atp_rankings_2026_03_16.csv
2026-03-16,209115,Oliver Okonkwo,1064,13,2.0,56.0,GBR,25,atp_rankings_2026_03_16.csv
2026-03-16,210274,Sebastian Dominko,1065,13,0.0,2.0,SLO,22,atp_rankings_2026_03_16.csv
2026-03-16,106348,Evgeny Karlovskiy,1065,13,-3.0,-51.0,RUS,31,atp_rankings_2026_03_16.csv
2026-03-16,126953,Chan Yeong Oh,1067,13,0.0,1.0,KOR,27,atp_rankings_2026_03_16.csv
2026-03-16,208424,Julian Cundom,1068,13,0.0,1.0,ARG,24,atp_rankings_2026_03_16.csv
2026-03-16,212481,Federico Aguilar Cardozo,1069,13,0.0,1.0,URU,20,atp_rankings_2026_03_16.csv
2026-03-16,212284,Pengyu Lu,1070,13,-1.0,-13.0,CHN,24,atp_rankings_2026_03_16.csv
2026-03-16,200289,Mathieu Scaglia,1071,13,0.0,1.0,FRA,27,atp_rankings_2026_03_16.csv
2026-03-16,210166,Mika Lipp,1072,13,0.0,2.0,GER,22,atp_rankings_2026_03_16.csv
2026-03-16,212295,Enzo Camargo Lima,1073,13,0.0,2.0,BRA,22,atp_rankings_2026_03_16.csv
2026-03-16,202106,Juan Bautista Otegui,1074,13,0.0,4.0,ARG,27,atp_rankings_2026_03_16.csv
2026-03-16,212246,Volodymyr Iakubenko,1075,13,2.0,64.0,UKR,20,atp_rankings_2026_03_16.csv
2026-03-16,145008,Hugo Pierre,1076,13,1.0,35.0,FRA,30,atp_rankings_2026_03_16.csv
2026-03-16,202305,Franco Ribero,1077,13,-1.0,-17.0,ARG,26,atp_rankings_2026_03_16.csv
2026-03-16,202220,Nicolas Bruna,1078,13,-1.0,-17.0,CHI,27,atp_rankings_2026_03_16.csv
2026-03-16,210745,Matthias Ujvary,1079,13,0.0,1.0,AUT,21,atp_rankings_2026_03_16.csv
2026-03-16,144730,Tomohiro Masabayashi,1080,13,0.0,1.0,JPN,28,atp_rankings_2026_03_16.csv
2026-03-16,104810,Zhe Li,1081,12,0.0,1.0,CHN,39,atp_rankings_2026_03_16.csv
2026-03-16,209280,Devin Badenhorst,1082,12,0.0,1.0,RSA,21,atp_rankings_2026_03_16.csv
2026-03-16,209917,Benito Sanchez Martinez,1083,12,0.0,1.0,GER,23,atp_rankings_2026_03_16.csv
2026-03-16,149115,Adam Jilly,1084,12,0.0,1.0,HUN,19,atp_rankings_2026_03_16.csv
2026-03-16,212892,Vlado Jankanj,1085,12,0.0,1.0,SRB,,atp_rankings_2026_03_16.csv
2026-03-16,208485,Kiranpal Pannu,1086,12,0.0,1.0,NZL,29,atp_rankings_2026_03_16.csv
2026-03-16,200456,Martin Borisiouk,1087,12,0.0,1.0,BLR,25,atp_rankings_2026_03_16.csv
2026-03-16,212930,Mario Martinez Serrano,1088,12,0.0,1.0,ESP,21,atp_rankings_2026_03_16.csv
2026-03-16,212885,Cezar Gabriel Papoe,1089,12,0.0,1.0,ROU,18,atp_rankings_2026_03_16.csv
2026-03-16,111569,Gage Brymer,1090,12,-4.0,-75.0,USA,31,atp_rankings_2026_03_16.csv
2026-03-16,126878,David Poljak,1091,12,0.0,1.0,CZE,29,atp_rankings_2026_03_16.csv
2026-03-16,210736,Shu Matsuoka,1092,12,0.0,1.0,JPN,22,atp_rankings_2026_03_16.csv
2026-03-16,210185,Alen Mujakic,1093,12,0.0,-2.0,GER,22,atp_rankings_2026_03_16.csv
2026-03-16,211329,James Van Herzeele,1094,12,0.0,1.0,THA,,atp_rankings_2026_03_16.csv
2026-03-16,213210,Maan Kesharwani,1095,12,0.0,2.0,IND,,atp_rankings_2026_03_16.csv
2026-03-16,202090,Adrian Andreev,1096,12,0.0,2.0,BUL,24,atp_rankings_2026_03_16.csv
2026-03-16,212149,Nikola Djosic,1097,12,0.0,2.0,SUI,18,atp_rankings_2026_03_16.csv
2026-03-16,209997,Marcello Serafini,1098,12,-6.0,-119.0,ITA,23,atp_rankings_2026_03_16.csv
2026-03-16,209889,Thomas Braithwaite,1099,12,-1.0,-26.0,AUS,26,atp_rankings_2026_03_16.csv
2026-03-16,211491,Robert Guna,1100,12,0.0,0.0,ROU,20,atp_rankings_2026_03_16.csv
2026-03-16,208908,Rafael De Alba,1101,12,0.0,0.0,MEX,,atp_rankings_2026_03_16.csv
2026-03-16,210182,Mateo Del Pino,1102,12,0.0,1.0,ARG,22,atp_rankings_2026_03_16.csv
2026-03-16,209921,Ali Habib,1103,12,0.0,1.0,GBR,23,atp_rankings_2026_03_16.csv
2026-03-16,207343,Hanyi Liu,1104,12,0.0,-2.0,CHN,24,atp_rankings_2026_03_16.csv
2026-03-16,206782,Demetris Azoides,1105,12,0.0,0.0,GRE,25,atp_rankings_2026_03_16.csv
2026-03-16,144937,Nicolas Parizzia,1106,12,-1.0,-30.0,SUI,27,atp_rankings_2026_03_16.csv
2026-03-16,205831,Ammar Alhogbani,1107,12,0.0,-1.0,USA,27,atp_rankings_2026_03_16.csv
2026-03-16,212871,Piet Luis Pinter,1108,12,0.0,0.0,AUT,20,atp_rankings_2026_03_16.csv
2026-03-16,207864,Noel Larwig,1109,12,0.0,0.0,GER,24,atp_rankings_2026_03_16.csv
2026-03-16,211480,Aleksander Chayka,1110,12,0.0,0.0,RUS,21,atp_rankings_2026_03_16.csv
2026-03-16,211761,Valentin Basel,1111,12,0.0,1.0,ARG,21,atp_rankings_2026_03_16.csv
2026-03-16,212726,Sungbeen Sim,1111,12,0.0,1.0,KOR,28,atp_rankings_2026_03_16.csv
2026-03-16,211323,Jacopo Bilardo,1113,12,-2.0,-51.0,ITA,21,atp_rankings_2026_03_16.csv
2026-03-16,210455,Noah Perfetti,1114,12,1.0,30.0,ITA,24,atp_rankings_2026_03_16.csv
2026-03-16,209852,Zsombor Velcz,1115,11,0.0,0.0,HUN,23,atp_rankings_2026_03_16.csv
2026-03-16,106425,Blake Mott,1116,11,0.0,1.0,AUS,29,atp_rankings_2026_03_16.csv
2026-03-16,133880,Thomas Deschamps,1117,11,-2.0,-52.0,FRA,27,atp_rankings_2026_03_16.csv
2026-03-16,214206,Thiago Agustin Pernas,1118,11,0.0,0.0,ARG,24,atp_rankings_2026_03_16.csv
2026-03-16,212110,Mathis Bondaz,1119,11,0.0,0.0,FRA,,atp_rankings_2026_03_16.csv
2026-03-16,210002,Rohan Mehra,1120,11,0.0,2.0,IND,23,atp_rankings_2026_03_16.csv
2026-03-16,207172,Connor Thomson,1120,11,0.0,2.0,GBR,25,atp_rankings_2026_03_16.csv
2026-03-16,211790,Rudy Quan,1122,11,-10.0,-188.0,USA,20,atp_rankings_2026_03_16.csv
2026-03-16,212064,Duje Markovina,1123,11,3.0,92.0,CRO,18,atp_rankings_2026_03_16.csv
2026-03-16,213174,Mickael Kaouk,1124,11,0.0,-3.0,FRA,,atp_rankings_2026_03_16.csv
2026-03-16,144927,Siddharth Vishwakarma,1125,11,0.0,0.0,IND,31,atp_rankings_2026_03_16.csv
2026-03-16,210705,Matt Hulme,1126,11,1.0,30.0,AUS,27,atp_rankings_2026_03_16.csv
2026-03-16,211497,Rocco Piatti,1127,11,0.0,0.0,MON,21,atp_rankings_2026_03_16.csv
2026-03-16,209999,Leonardo Malgaroli,1128,11,0.0,0.0,ITA,23,atp_rankings_2026_03_16.csv
2026-03-16,210514,Edison Ambarzumjan,1129,11,1.0,33.0,GER,29,atp_rankings_2026_03_16.csv
2026-03-16,136648,Jefferson Wendler Filho,1130,11,0.0,0.0,BRA,30,atp_rankings_2026_03_16.csv
2026-03-16,202190,Gregor Ramskogler,1131,11,0.0,1.0,AUT,27,atp_rankings_2026_03_16.csv
2026-03-16,212834,Nicolas Garcia Longo,1132,11,0.0,-1.0,ARG,20,atp_rankings_2026_03_16.csv
2026-03-16,200024,Makoto Ochi,1133,11,0.0,1.0,JPN,29,atp_rankings_2026_03_16.csv
2026-03-16,106175,Ricardo Rodriguez,1134,11,0.0,-1.0,VEN,32,atp_rankings_2026_03_16.csv
2026-03-16,202293,Charles Bertimon,1135,11,-1.0,-29.0,FRA,26,atp_rankings_2026_03_16.csv
2026-03-16,209203,Evgeny Philippov,1135,11,0.0,0.0,RUS,24,atp_rankings_2026_03_16.csv
2026-03-16,205825,Joao Vitor Goncalves Ceolin,1137,11,0.0,-1.0,BRA,26,atp_rankings_2026_03_16.csv
2026-03-16,208866,Leonid Sheyngezikht,1138,11,4.0,155.0,BUL,25,atp_rankings_2026_03_16.csv
2026-03-16,200166,Stefan Vujic,1138,11,0.0,0.0,AUS,27,atp_rankings_2026_03_16.csv
2026-03-16,212084,Denis Petak,1140,11,0.0,0.0,CZE,19,atp_rankings_2026_03_16.csv
2026-03-16,210684,Niccolo Ciavarella,1141,11,0.0,2.0,ITA,21,atp_rankings_2026_03_16.csv
2026-03-16,211676,Saveliy Ivanov,1142,11,-1.0,-28.0,RUS,21,atp_rankings_2026_03_16.csv
2026-03-16,105334,Luis David Martinez,1143,10,0.0,2.0,VEN,36,atp_rankings_2026_03_16.csv
2026-03-16,212276,Stian Klaassen,1144,10,0.0,2.0,NED,22,atp_rankings_2026_03_16.csv
2026-03-16,208151,Filippo Speziali,1144,10,0.0,2.0,ITA,25,atp_rankings_2026_03_16.csv
2026-03-16,213977,Cosme Rolland De Ravel,1146,10,0.0,2.0,FRA,21,atp_rankings_2026_03_16.csv
2026-03-16,210323,Luis Felipe Miguel,1147,10,2.0,64.0,BRA,22,atp_rankings_2026_03_16.csv
2026-03-16,207996,Siddhant Banthia,1148,10,0.0,1.0,IND,25,atp_rankings_2026_03_16.csv
2026-03-16,106288,Mathias Bourgue,1149,10,-4.0,-96.0,FRA,32,atp_rankings_2026_03_16.csv
2026-03-16,213802,Mustafa Ege Sik,1149,10,0.0,1.0,TUR,16,atp_rankings_2026_03_16.csv
2026-03-16,212857,Cooper Woestendick,1149,10,0.0,1.0,USA,19,atp_rankings_2026_03_16.csv
2026-03-16,212300,Sasha Rozin,1152,10,0.0,0.0,CAN,20,atp_rankings_2026_03_16.csv
2026-03-16,200457,Jannik Opitz,1153,10,0.0,0.0,GER,27,atp_rankings_2026_03_16.csv
2026-03-16,213603,Joaquin Guilleme,1154,10,0.0,1.0,NIC,,atp_rankings_2026_03_16.csv
2026-03-16,133291,Ryota Tanuma,1155,10,0.0,2.0,JPN,30,atp_rankings_2026_03_16.csv
2026-03-16,212820,Martin Sabas,1156,10,-1.0,-31.0,FRA,24,atp_rankings_2026_03_16.csv
2026-03-16,207927,Thando Longwe Smit,1157,10,-1.0,-33.0,RSA,24,atp_rankings_2026_03_16.csv
2026-03-16,208216,Alberto Bronzetti,1158,10,0.0,0.0,ITA,27,atp_rankings_2026_03_16.csv
2026-03-16,209516,Valentin Lapalu,1159,10,0.0,0.0,FRA,24,atp_rankings_2026_03_16.csv
2026-03-16,213007,Tristan Stringer,1160,10,0.0,0.0,USA,20,atp_rankings_2026_03_16.csv
2026-03-16,213356,Michele Mecarelli,1161,10,3.0,106.0,ITA,18,atp_rankings_2026_03_16.csv
2026-03-16,110751,Sebastian Fanselow,1162,10,0.0,5.0,GER,34,atp_rankings_2026_03_16.csv
2026-03-16,212649,Seung Woo Cho,1163,10,0.0,0.0,KOR,27,atp_rankings_2026_03_16.csv
2026-03-16,208249,Gian Marco Ortenzi,1164,10,-1.0,-35.0,ITA,26,atp_rankings_2026_03_16.csv
2026-03-16,210155,Jasza Szajrych,1165,10,0.0,0.0,POL,23,atp_rankings_2026_03_16.csv
2026-03-16,208039,Ronald Hohmann,1166,10,1.0,35.0,USA,24,atp_rankings_2026_03_16.csv
2026-03-16,117352,Oliver Anderson,1167,10,0.0,-4.0,AUS,27,atp_rankings_2026_03_16.csv
2026-03-16,212263,Xing Dao Chen,1168,10,0.0,0.0,CHN,22,atp_rankings_2026_03_16.csv
2026-03-16,209118,Niklas Waldner,1169,10,-1.0,-28.0,AUT,24,atp_rankings_2026_03_16.csv
2026-03-16,211904,Maximilian Figl,1170,10,0.0,-1.0,ITA,21,atp_rankings_2026_03_16.csv
2026-03-16,124099,Mohamed Nazim Makhlouf,1170,10,-1.0,-28.0,ALG,29,atp_rankings_2026_03_16.csv
2026-03-16,132054,Nathan Ponwith,1170,10,0.0,-1.0,USA,27,atp_rankings_2026_03_16.csv
2026-03-16,212616,Yuta Tomida,1173,10,0.0,1.0,JPN,19,atp_rankings_2026_03_16.csv
2026-03-16,106132,Toby Martin,1174,10,0.0,-1.0,GBR,33,atp_rankings_2026_03_16.csv
2026-03-16,200197,Boris Butulija,1175,10,0.0,-3.0,SRB,27,atp_rankings_2026_03_16.csv
2026-03-16,208186,Preston Brown,1176,10,0.0,1.0,USA,24,atp_rankings_2026_03_16.csv
2026-03-16,208864,Leyton Rivera,1177,10,0.0,-1.0,NOR,24,atp_rankings_2026_03_16.csv
2026-03-16,126149,Gianluca Mager,1178,9,0.0,0.0,ITA,31,atp_rankings_2026_03_16.csv
2026-03-16,209067,Hunter Heck,1179,9,0.0,0.0,USA,23,atp_rankings_2026_03_16.csv
2026-03-16,210613,Derek Pham,1179,9,0.0,0.0,AUS,21,atp_rankings_2026_03_16.csv
2026-03-16,105633,Mohamed Safwat,1181,9,0.0,0.0,EGY,35,atp_rankings_2026_03_16.csv
2026-03-16,213956,Andrej Loncarevic,1182,9,0.0,1.0,FRA,20,atp_rankings_2026_03_16.csv
2026-03-16,126120,Nino Serdarusic,1183,9,0.0,1.0,CRO,29,atp_rankings_2026_03_16.csv
2026-03-16,106368,Ramkumar Ramanathan,1184,9,0.0,1.0,IND,31,atp_rankings_2026_03_16.csv
2026-03-16,149277,Andrea Meduri,1185,9,0.0,1.0,ITA,21,atp_rankings_2026_03_16.csv
2026-03-16,209060,Alexander Bernard,1186,9,0.0,1.0,USA,22,atp_rankings_2026_03_16.csv
2026-03-16,149272,Tudor Batin,1187,9,0.0,1.0,ROU,19,atp_rankings_2026_03_16.csv
2026-03-16,213036,Luis Guto Miguel,1188,9,6.0,428.0,BRA,17,atp_rankings_2026_03_16.csv
2026-03-16,211655,Julian  Alonso,1189,9,0.0,0.0,ESP,21,atp_rankings_2026_03_16.csv
2026-03-16,109334,Bastian Malla,1190,9,3.0,132.0,CHI,29,atp_rankings_2026_03_16.csv
2026-03-16,213580,Leonardo Primucci,1191,9,0.0,-1.0,ITA,,atp_rankings_2026_03_16.csv
2026-03-16,210039,Orel Kimhi,1192,9,0.0,-1.0,ISR,22,atp_rankings_2026_03_16.csv
2026-03-16,210198,George Lazarov,1193,9,0.0,-1.0,BUL,21,atp_rankings_2026_03_16.csv
2026-03-16,208518,Hazem Naw,1194,9,0.0,-1.0,SYR,26,atp_rankings_2026_03_16.csv
2026-03-16,211610,Andreas Timini,1194,9,-1.0,-33.0,CYP,19,atp_rankings_2026_03_16.csv
2026-03-16,104986,Vishnu Vardhan,1194,9,0.0,-1.0,IND,38,atp_rankings_2026_03_16.csv
2026-03-16,207452,Matthew Thomson,1197,9,0.0,-2.0,USA,25,atp_rankings_2026_03_16.csv
2026-03-16,200474,Ivan Denisov,1198,9,0.0,-2.0,RUS,25,atp_rankings_2026_03_16.csv
2026-03-16,210754,Jan Hrazdil,1198,9,0.0,-2.0,CZE,21,atp_rankings_2026_03_16.csv
2026-03-16,210742,Phillip Jordan,1200,9,0.0,-2.0,USA,25,atp_rankings_2026_03_16.csv
2026-03-16,212533,Markus Molder,1200,9,-1.0,-34.0,EST,20,atp_rankings_2026_03_16.csv
2026-03-16,209955,Mikail Alimli,1202,9,0.0,-3.0,FRA,22,atp_rankings_2026_03_16.csv
2026-03-16,210163,Elgin Khoeblal,1203,9,0.0,-3.0,NED,24,atp_rankings_2026_03_16.csv
2026-03-16,211334,Aljaz Jeran,1204,9,0.0,-2.0,SLO,22,atp_rankings_2026_03_16.csv
2026-03-16,213103,Viktor Frydrych,1205,9,0.0,-2.0,GBR,,atp_rankings_2026_03_16.csv
2026-03-16,210532,Giacomo Crisostomo,1206,9,0.0,-2.0,ITA,22,atp_rankings_2026_03_16.csv
2026-03-16,144788,Louis Tessa,1207,9,0.0,-2.0,FRA,27,atp_rankings_2026_03_16.csv
2026-03-16,202081,Diogo Marques,1208,9,0.0,0.0,POR,26,atp_rankings_2026_03_16.csv
2026-03-16,208581,Noah Thurner,1209,9,-1.0,-34.0,GER,26,atp_rankings_2026_03_16.csv
2026-03-16,144672,Duarte Vale,1210,8,0.0,-1.0,POR,27,atp_rankings_2026_03_16.csv
2026-03-16,208370,Keenan Mayo,1211,8,0.0,-1.0,USA,25,atp_rankings_2026_03_16.csv
2026-03-16,210691,Joshua Lapadat,1212,8,-1.0,-31.0,CAN,23,atp_rankings_2026_03_16.csv
2026-03-16,133835,Gijs Brouwer,1213,8,0.0,-1.0,NED,30,atp_rankings_2026_03_16.csv
2026-03-16,210645,Ofek Shimanov,1214,8,0.0,-1.0,ISR,20,atp_rankings_2026_03_16.csv
2026-03-16,134384,Sebastian Prechtel,1215,8,0.0,-1.0,GER,29,atp_rankings_2026_03_16.csv
2026-03-16,202247,Simon Beaupain,1216,8,0.0,0.0,BEL,26,atp_rankings_2026_03_16.csv
2026-03-16,130493,Tiago Silva,1217,8,0.0,0.0,POR,21,atp_rankings_2026_03_16.csv
2026-03-16,213996,Anton Arzhankin,1218,8,3.0,163.0,RUS,,atp_rankings_2026_03_16.csv
2026-03-16,213825,Keaton Hance,1218,8,0.0,0.0,USA,18,atp_rankings_2026_03_16.csv
2026-03-16,214043,Lachlan James Mcfadzean,1218,8,0.0,0.0,AUS,19,atp_rankings_2026_03_16.csv
2026-03-16,207616,Oscar Moraing,1221,8,0.0,2.0,GER,26,atp_rankings_2026_03_16.csv
2026-03-16,207236,Taketo Takamisawa,1221,8,0.0,-1.0,JPN,27,atp_rankings_2026_03_16.csv
2026-03-16,211638,Jack Loutit,1223,8,0.0,-2.0,NZL,21,atp_rankings_2026_03_16.csv
2026-03-16,212280,Giulio Perego,1224,8,0.0,-2.0,ITA,22,atp_rankings_2026_03_16.csv
2026-03-16,212231,Junhyeon Lee,1225,8,0.0,-1.0,KOR,,atp_rankings_2026_03_16.csv
2026-03-16,207831,Ignacio Antonio Becerra Otarola,1226,8,2.0,109.0,CHI,25,atp_rankings_2026_03_16.csv
2026-03-16,213772,Lorenzo Comino,1227,8,0.0,2.0,ITA,20,atp_rankings_2026_03_16.csv
2026-03-16,144744,Kazuki Nishiwaki,1228,8,0.0,-3.0,JPN,31,atp_rankings_2026_03_16.csv
2026-03-16,209973,Edouard Villoslada,1229,8,0.0,-2.0,FRA,26,atp_rankings_2026_03_16.csv
2026-03-16,213701,Tobia Costanzo Baragiola Mordini,1230,8,0.0,-2.0,ITA,,atp_rankings_2026_03_16.csv
2026-03-16,210740,Liam Krall,1231,8,0.0,-1.0,USA,23,atp_rankings_2026_03_16.csv
2026-03-16,211467,Aditya Vishal Balsekar,1231,8,0.0,-1.0,IND,23,atp_rankings_2026_03_16.csv
2026-03-16,208873,Nikola Basic,1233,8,0.0,-1.0,CRO,24,atp_rankings_2026_03_16.csv
2026-03-16,212631,David Eichenseher,1234,8,0.0,-2.0,GER,20,atp_rankings_2026_03_16.csv
2026-03-16,209314,Jan Kupcic,1235,8,0.0,2.0,SLO,24,atp_rankings_2026_03_16.csv
2026-03-16,200036,Abhinav Sanjeev Shanmugam,1235,8,0.0,0.0,IND,27,atp_rankings_2026_03_16.csv
2026-03-16,149267,Andrea Colombo,1237,8,0.0,-1.0,ITA,23,atp_rankings_2026_03_16.csv
2026-03-16,211645,Christian Djonov,1238,8,0.0,-4.0,GER,26,atp_rankings_2026_03_16.csv
2026-03-16,211574,Ethan Cook,1239,8,0.0,-2.0,AUS,23,atp_rankings_2026_03_16.csv
2026-03-16,211532,Nicolo Toffanin,1240,8,1.0,45.0,ITA,23,atp_rankings_2026_03_16.csv
2026-03-16,206736,Benjamin O'Connell,1241,8,0.0,-2.0,AUS,26,atp_rankings_2026_03_16.csv
2026-03-16,212935,Ferdinand Livet Novkirichka,1242,8,2.0,111.0,FRA,,atp_rankings_2026_03_16.csv
2026-03-16,212134,Maxence Rivet,1242,8,-1.0,-36.0,FRA,22,atp_rankings_2026_03_16.csv
2026-03-16,144955,Yuichiro Inui,1244,8,1.0,51.0,JPN,30,atp_rankings_2026_03_16.csv
2026-03-16,212183,Yuquan Jin,1245,8,-2.0,-74.0,CHN,25,atp_rankings_2026_03_16.csv
2026-03-16,213064,Samuele Seghetti,1246,8,0.0,-4.0,ITA,19,atp_rankings_2026_03_16.csv
2026-03-16,212992,Niels Ratiu,1247,7,0.0,-4.0,BEL,20,atp_rankings_2026_03_16.csv
2026-03-16,144081,Alex Chang,1248,7,0.0,-4.0,USA,39,atp_rankings_2026_03_16.csv
2026-03-16,210538,Noa Vukadin,1249,7,0.0,-4.0,CRO,21,atp_rankings_2026_03_16.csv
2026-03-16,106005,Constant Lestienne,1250,7,-25.0,-433.0,FRA,33,atp_rankings_2026_03_16.csv
2026-03-16,210475,Preston Stearns,1251,7,0.0,-5.0,USA,22,atp_rankings_2026_03_16.csv
2026-03-16,209910,Szymon Kielan,1252,7,0.0,-4.0,POL,23,atp_rankings_2026_03_16.csv
2026-03-16,214589,Yannick Theodor Alexandrescou,1253,7,2.0,111.0,FRA,18,atp_rankings_2026_03_16.csv
2026-03-16,210722,Viktor Markov,1254,7,0.0,-4.0,BUL,20,atp_rankings_2026_03_16.csv
2026-03-16,210486,Nicholas Godsick,1255,7,0.0,-4.0,USA,21,atp_rankings_2026_03_16.csv
2026-03-16,105985,Darian King,1256,7,0.0,-3.0,BAR,33,atp_rankings_2026_03_16.csv
2026-03-16,210473,Fnu Nidunjianzan,1256,7,0.0,-3.0,CHN,22,atp_rankings_2026_03_16.csv
2026-03-16,209887,Liam Gavrielides,1258,7,0.0,-2.0,GER,22,atp_rankings_2026_03_16.csv
2026-03-16,212896,Melvin Kumar,1259,7,0.0,-1.0,SWE,19,atp_rankings_2026_03_16.csv
2026-03-16,207408,Niklas Guttau,1260,7,0.0,-1.0,GER,26,atp_rankings_2026_03_16.csv
2026-03-16,210458,Bernardo Munk Mesa,1261,7,0.0,-1.0,ESP,20,atp_rankings_2026_03_16.csv
2026-03-16,214231,Johan Oscar Lien,1262,7,2.0,133.0,NOR,18,atp_rankings_2026_03_16.csv
2026-03-16,134490,Justin Roberts,1262,7,0.0,-5.0,BAH,29,atp_rankings_2026_03_16.csv
2026-03-16,208382,Herman Hoeyeraal,1264,7,0.0,-3.0,NOR,24,atp_rankings_2026_03_16.csv
2026-03-16,208840,Daniel Bagnolini,1265,7,0.0,-3.0,ITA,23,atp_rankings_2026_03_16.csv
2026-03-16,202192,Kuzey Cekirge,1265,7,2.0,136.0,TUR,25,atp_rankings_2026_03_16.csv
2026-03-16,212894,Patrik Munkhammar,1267,7,0.0,-4.0,SWE,18,atp_rankings_2026_03_16.csv
2026-03-16,213923,Gilberto Ravasio,1267,7,0.0,-4.0,ITA,21,atp_rankings_2026_03_16.csv
2026-03-16,213766,Enrique Carrascosa Diaz,1269,7,2.0,137.0,ESP,,atp_rankings_2026_03_16.csv
2026-03-16,212770,Timeo Trufelli,1270,7,0.0,-4.0,FRA,18,atp_rankings_2026_03_16.csv
2026-03-16,211505,Denis Constantin Spiridon,1271,7,0.0,-3.0,ITA,23,atp_rankings_2026_03_16.csv
2026-03-16,213138,Alexander Wagner,1271,7,0.0,-6.0,AUT,19,atp_rankings_2026_03_16.csv
2026-03-16,213614,Dmitry Bessonov,1273,7,0.0,-1.0,RUS,,atp_rankings_2026_03_16.csv
2026-03-16,210605,Liam Branger,1273,7,3.0,223.0,FRA,25,atp_rankings_2026_03_16.csv
2026-03-16,211387,Jonas Pelle Hartenstein,1273,7,1.0,56.0,GER,24,atp_rankings_2026_03_16.csv
2026-03-16,211516,Lorenzo Beraldo,1276,7,-1.0,-50.0,ITA,19,atp_rankings_2026_03_16.csv
2026-03-16,213717,Sebastiano Cocola,1277,7,1.0,54.0,ITA,,atp_rankings_2026_03_16.csv
2026-03-16,212069,Kabir Hans,1277,7,0.0,-7.0,IND,24,atp_rankings_2026_03_16.csv
2026-03-16,210183,Marcel Kamrowski,1279,7,0.0,-11.0,POL,22,atp_rankings_2026_03_16.csv
2026-03-16,213092,Jonas Kucera,1279,7,0.0,-8.0,CZE,19,atp_rankings_2026_03_16.csv
2026-03-16,149124,Oskar Grzegorzewski,1281,7,0.0,-6.0,POL,21,atp_rankings_2026_03_16.csv
2026-03-16,211662,Gabriel Schenekenberg,1281,7,0.0,-6.0,BRA,21,atp_rankings_2026_03_16.csv
2026-03-16,209392,Reece Falck,1283,7,1.0,63.0,NZL,23,atp_rankings_2026_03_16.csv
2026-03-16,149843,Conor Gannon,1283,7,1.0,59.0,IRL,23,atp_rankings_2026_03_16.csv
2026-03-16,105060,Aldin Setkic,1283,7,0.0,-6.0,BIH,38,atp_rankings_2026_03_16.csv
2026-03-16,208365,Amador Salazar,1286,7,0.0,-13.0,CHI,25,atp_rankings_2026_03_16.csv
2026-03-16,210732,Miha Vetrih,1286,7,0.0,-6.0,SLO,23,atp_rankings_2026_03_16.csv
2026-03-16,211450,Alessio Basile,1288,7,0.0,-7.0,BEL,21,atp_rankings_2026_03_16.csv
2026-03-16,149152,Aaron Gil Garcia,1288,7,0.0,-7.0,LUX,22,atp_rankings_2026_03_16.csv
2026-03-16,213131,Luke Hooper,1290,7,0.0,-7.0,GBR,,atp_rankings_2026_03_16.csv
2026-03-16,212889,Daniel Uta,1291,7,0.0,-3.0,ROU,19,atp_rankings_2026_03_16.csv
2026-03-16,213048,Alan Wazny,1292,7,0.0,-13.0,POL,,atp_rankings_2026_03_16.csv
2026-03-16,209391,Corban Crowther,1293,7,0.0,-7.0,NZL,22,atp_rankings_2026_03_16.csv
2026-03-16,211411,Tyler Stice,1293,7,-4.0,-157.0,USA,25,atp_rankings_2026_03_16.csv
2026-03-16,212903,Melih Anavatan,1295,7,2.0,133.0,TUR,,atp_rankings_2026_03_16.csv
2026-03-16,212841,Lucas Marionneau,1296,7,0.0,-7.0,FRA,19,atp_rankings_2026_03_16.csv
2026-03-16,209977,Matas Vasiliauskas,1297,7,0.0,-2.0,LTU,23,atp_rankings_2026_03_16.csv
2026-03-16,212624,Nikola Jovic,1298,7,0.0,-1.0,SRB,19,atp_rankings_2026_03_16.csv
2026-03-16,209967,Antoine Berger,1299,7,0.0,-9.0,FRA,27,atp_rankings_2026_03_16.csv
2026-03-16,212465,Charles Chen,1299,7,0.0,-9.0,CHN,18,atp_rankings_2026_03_16.csv
2026-03-16,122234,Alp Horoz,1299,7,0.0,-9.0,TUR,30,atp_rankings_2026_03_16.csv
2026-03-16,213361,Ivan Gretskiy,1302,7,0.0,-8.0,RUS,20,atp_rankings_2026_03_16.csv
2026-03-16,211390,Sergi Fita Juan,1303,7,0.0,-5.0,ESP,,atp_rankings_2026_03_16.csv
2026-03-16,208006,Rafael Tosetto,1303,7,-1.0,-63.0,BRA,26,atp_rankings_2026_03_16.csv
2026-03-16,210632,Vadym Konovchuk,1305,7,-1.0,-64.0,UKR,22,atp_rankings_2026_03_16.csv
2026-03-16,212218,Rohan  Murali,1306,6,0.0,-7.0,USA,21,atp_rankings_2026_03_16.csv
2026-03-16,211635,Segundo Goity Zapico,1307,6,0.0,-7.0,ARG,20,atp_rankings_2026_03_16.csv
2026-03-16,211609,Max Dahlin,1308,6,0.0,-7.0,SWE,20,atp_rankings_2026_03_16.csv
2026-03-16,105156,Federico Zeballos,1308,6,0.0,-7.0,BOL,37,atp_rankings_2026_03_16.csv
2026-03-16,210037,Mehdi Benchakroun,1310,6,0.0,-7.0,MAR,22,atp_rankings_2026_03_16.csv
2026-03-16,144874,Ryan James Storrie,1311,6,0.0,-7.0,GBR,28,atp_rankings_2026_03_16.csv
2026-03-16,131951,Daniel Cukierman,1312,6,0.0,-7.0,ISR,30,atp_rankings_2026_03_16.csv
2026-03-16,212153,Filip Gustafsson,1313,6,0.0,-7.0,SWE,21,atp_rankings_2026_03_16.csv
2026-03-16,212075,Rodrigo Fernandes,1314,6,0.0,-7.0,POR,19,atp_rankings_2026_03_16.csv
2026-03-16,126193,Mark Whitehouse,1315,6,-1.0,-66.0,GBR,32,atp_rankings_2026_03_16.csv
2026-03-16,211333,Vito Tonejc,1316,6,0.0,-8.0,CRO,26,atp_rankings_2026_03_16.csv
2026-03-16,213654,Noah Johnston,1317,6,0.0,-7.0,USA,,atp_rankings_2026_03_16.csv
2026-03-16,209932,Michal Novansky,1317,6,0.0,-7.0,SVK,23,atp_rankings_2026_03_16.csv
2026-03-16,104510,Stefan Seifert,1317,6,0.0,-7.0,GER,41,atp_rankings_2026_03_16.csv
2026-03-16,200681,Adil Kalyanpur,1320,6,0.0,-7.0,IND,26,atp_rankings_2026_03_16.csv
2026-03-16,207809,Khololwam Montsi,1320,6,0.0,-7.0,RSA,23,atp_rankings_2026_03_16.csv
2026-03-16,105731,Steven Diez,1322,6,-4.0,-168.0,CAN,34,atp_rankings_2026_03_16.csv
2026-03-16,211670,Marko Mesarovic,1322,6,0.0,-7.0,USA,,atp_rankings_2026_03_16.csv
2026-03-16,213141,Georgi Georgiev,1324,6,0.0,-8.0,BUL,19,atp_rankings_2026_03_16.csv
2026-03-16,214112,Remy Dugardin,1325,6,0.0,-8.0,FRA,,atp_rankings_2026_03_16.csv
2026-03-16,213836,Gavin Goode,1325,6,0.0,-8.0,USA,,atp_rankings_2026_03_16.csv
2026-03-16,210697,Harold Huens,1327,6,0.0,-8.0,BEL,23,atp_rankings_2026_03_16.csv
2026-03-16,213935,Daniil Kakhniuk,1327,6,4.0,432.0,BLR,,atp_rankings_2026_03_16.csv
2026-03-16,212148,Novak Novakovic,1327,6,0.0,-8.0,SRB,25,atp_rankings_2026_03_16.csv
2026-03-16,212683,Theo Herrmann,1330,6,0.0,-21.0,FRA,21,atp_rankings_2026_03_16.csv
2026-03-16,138104,Stefan Cooper,1331,6,0.0,-9.0,GBR,29,atp_rankings_2026_03_16.csv
2026-03-16,212196,Yua Taka,1331,6,0.0,-7.0,JPN,,atp_rankings_2026_03_16.csv
2026-03-16,202128,Louis Dussin,1333,6,-1.0,-78.0,FRA,26,atp_rankings_2026_03_16.csv
2026-03-16,212606,Leonardo Borrelli,1334,6,1.0,47.0,ITA,20,atp_rankings_2026_03_16.csv
2026-03-16,210348,Jarno Jans,1335,6,0.0,-6.0,NED,25,atp_rankings_2026_03_16.csv
2026-03-16,209255,Vladan Tadic,1336,6,0.0,-10.0,BIH,25,atp_rankings_2026_03_16.csv
2026-03-16,149162,Xiaoyin Yang,1337,6,0.0,-10.0,CHN,21,atp_rankings_2026_03_16.csv
2026-03-16,213632,Glib Sekachov,1338,6,0.0,-10.0,UKR,,atp_rankings_2026_03_16.csv
2026-03-16,106245,Rodolfo Jauregui Sainz De Rozas,1339,6,0.0,-4.0,MEX,32,atp_rankings_2026_03_16.csv
2026-03-16,213882,Gray Voelzke,1339,6,2.0,157.0,USA,23,atp_rankings_2026_03_16.csv
2026-03-16,211474,Pablo Trochu,1341,6,0.0,-9.0,FRA,22,atp_rankings_2026_03_16.csv
2026-03-16,210364,Mateo Castañeda,1342,6,0.0,-1.0,COL,20,atp_rankings_2026_03_16.csv
2026-03-16,209979,Madhwin Kamath,1342,6,0.0,-9.0,IND,24,atp_rankings_2026_03_16.csv
2026-03-16,213579,Jan Klimas,1344,6,0.0,-9.0,CZE,,atp_rankings_2026_03_16.csv
2026-03-16,149278,Daniel Khazime,1345,6,0.0,-7.0,RUS,21,atp_rankings_2026_03_16.csv
2026-03-16,212460,Yan Cheng Chen,1346,6,0.0,-7.0,TPE,23,atp_rankings_2026_03_16.csv
2026-03-16,210733,Arthur Bonnaud,1347,6,0.0,-7.0,FRA,28,atp_rankings_2026_03_16.csv
2026-03-16,212934,Antoni Fabre,1348,6,0.0,-15.0,FRA,,atp_rankings_2026_03_16.csv
2026-03-16,212752,Filippo Alberti,1349,6,-1.0,-71.0,ITA,22,atp_rankings_2026_03_16.csv
2026-03-16,212106,Noah Lopez Cherubino,1349,6,0.0,-5.0,ESP,,atp_rankings_2026_03_16.csv
2026-03-16,210735,Radovan Michalik,1351,6,0.0,-6.0,SVK,22,atp_rankings_2026_03_16.csv
2026-03-16,211388,Felipe De Dios,1352,6,0.0,-9.0,ARG,22,atp_rankings_2026_03_16.csv
2026-03-16,213557,Alessandro Battiston,1353,6,1.0,72.0,ITA,,atp_rankings_2026_03_16.csv
2026-03-16,212762,Victor Hugo Remondy Pagotto,1353,6,0.0,-6.0,BRA,20,atp_rankings_2026_03_16.csv
2026-03-16,213180,Leonardo Cattaneo,1355,6,-1.0,-68.0,ITA,19,atp_rankings_2026_03_16.csv
2026-03-16,211503,Nico Hipfl,1355,6,1.0,72.0,AUT,19,atp_rankings_2026_03_16.csv
2026-03-16,212536,James Beaven,1357,6,0.0,-10.0,GBR,21,atp_rankings_2026_03_16.csv
2026-03-16,200234,Joshua Peck,1358,6,-1.0,-74.0,CAN,27,atp_rankings_2026_03_16.csv
2026-03-16,213848,Nicholas Roberts,1359,6,0.0,-10.0,FRA,19,atp_rankings_2026_03_16.csv
2026-03-16,207738,Brandon Perez,1360,6,0.0,-8.0,VEN,26,atp_rankings_2026_03_16.csv
2026-03-16,211495,Andrin Casanova,1361,6,0.0,-8.0,SUI,21,atp_rankings_2026_03_16.csv
2026-03-16,208816,Jeremy Schifris,1362,6,2.0,172.0,GER,24,atp_rankings_2026_03_16.csv
2026-03-16,205885,Joao Graa,1363,6,0.0,-7.0,POR,25,atp_rankings_2026_03_16.csv
2026-03-16,208603,Cleeve Harper,1364,5,0.0,-7.0,CAN,25,atp_rankings_2026_03_16.csv
2026-03-16,210352,Santiago  Lora,1365,5,0.0,-7.0,BOL,18,atp_rankings_2026_03_16.csv
2026-03-16,213552,Jagger Leach,1366,5,0.0,-6.0,USA,18,atp_rankings_2026_03_16.csv
2026-03-16,209855,James Hopper,1367,5,0.0,-6.0,GBR,24,atp_rankings_2026_03_16.csv
2026-03-16,210438,Jeremy Jin,1367,5,0.0,-6.0,AUS,21,atp_rankings_2026_03_16.csv
2026-03-16,209204,Iiro Vasa,1367,5,0.0,-9.0,FIN,23,atp_rankings_2026_03_16.csv
2026-03-16,211647,Jaden Weekes,1367,5,0.0,-6.0,CAN,21,atp_rankings_2026_03_16.csv
2026-03-16,209879,Luc Koenig,1371,5,0.0,-6.0,GBR,22,atp_rankings_2026_03_16.csv
2026-03-16,200611,Elliot Benchetrit,1372,5,-2.0,-125.0,MAR,27,atp_rankings_2026_03_16.csv
2026-03-16,210667,Edoardo Cherie Ligniere,1372,5,0.0,-6.0,ITA,21,atp_rankings_2026_03_16.csv
2026-03-16,200105,Frazier Rengifo,1372,5,0.0,-6.0,COL,27,atp_rankings_2026_03_16.csv
2026-03-16,211740,Jeremy Zhang,1372,5,0.0,-6.0,AUS,20,atp_rankings_2026_03_16.csv
2026-03-16,211551,Asahi Harazaki,1376,5,0.0,-7.0,JPN,,atp_rankings_2026_03_16.csv
2026-03-16,109318,Pawel Cias,1376,5,0.0,-7.0,POL,32,atp_rankings_2026_03_16.csv
2026-03-16,214004,Michael Antonius,1378,5,1.0,71.0,USA,,atp_rankings_2026_03_16.csv
2026-03-16,212250,James Connel,1378,5,1.0,71.0,GBR,23,atp_rankings_2026_03_16.csv
2026-03-16,207507,Stefan Latinovic,1378,5,2.0,184.0,SRB,26,atp_rankings_2026_03_16.csv
2026-03-16,213830,Saki Tange,1378,5,0.0,-7.0,JPN,22,atp_rankings_2026_03_16.csv
2026-03-16,211386,Alessio Vasquez Gehrke,1382,5,0.0,-10.0,GER,22,atp_rankings_2026_03_16.csv
2026-03-16,212647,Jaesung Choe,1383,5,0.0,-9.0,KOR,26,atp_rankings_2026_03_16.csv
2026-03-16,212769,Leo Lagarrigue,1384,5,0.0,-1.0,FRA,19,atp_rankings_2026_03_16.csv
2026-03-16,210474,Alexander Frusina,1385,5,0.0,-10.0,USA,20,atp_rankings_2026_03_16.csv
2026-03-16,210117,William Jansen,1386,5,0.0,-9.0,GBR,21,atp_rankings_2026_03_16.csv
2026-03-16,212037,Amir Milushev,1386,5,0.0,-9.0,UZB,20,atp_rankings_2026_03_16.csv
2026-03-16,213818,William Mirarchi,1386,5,0.0,1.0,ITA,19,atp_rankings_2026_03_16.csv
2026-03-16,210444,Charlelie Cosnet,1389,5,0.0,-10.0,FRA,23,atp_rankings_2026_03_16.csv
2026-03-16,213066,Stefan Horia Haita,1389,5,1.0,69.0,ROU,18,atp_rankings_2026_03_16.csv
2026-03-16,210055,Noah Lopez,1389,5,0.0,-17.0,SUI,24,atp_rankings_2026_03_16.csv
2026-03-16,207230,Damien Salvestre,1389,5,0.0,-10.0,FRA,24,atp_rankings_2026_03_16.csv
2026-03-16,206790,Alexis Gurmendi,1393,5,0.0,-10.0,ARG,28,atp_rankings_2026_03_16.csv
2026-03-16,214038,Laurence Teunissen,1394,5,0.0,-9.0,NED,,atp_rankings_2026_03_16.csv
2026-03-16,212937,Achilles Belkovics,1395,5,2.0,190.0,HUN,,atp_rankings_2026_03_16.csv
2026-03-16,209982,Konstantin Zhzhenov,1395,5,0.0,-8.0,RUS,21,atp_rankings_2026_03_16.csv
2026-03-16,213600,Dillon Beckles,1397,5,2.0,191.0,USA,,atp_rankings_2026_03_16.csv
2026-03-16,207209,Raghav Jaisinghani,1397,5,0.0,-7.0,IND,28,atp_rankings_2026_03_16.csv
2026-03-16,213785,Toshiki Karigyo,1397,5,0.0,-7.0,JPN,24,atp_rankings_2026_03_16.csv
2026-03-16,210602,Peetu Pohjola,1397,5,0.0,-7.0,FIN,25,atp_rankings_2026_03_16.csv
2026-03-16,213151,Flynn Thomas,1397,5,1.0,70.0,SUI,,atp_rankings_2026_03_16.csv
2026-03-16,213215,Bill Chan,1402,5,0.0,-9.0,SGP,,atp_rankings_2026_03_16.csv
2026-03-16,105590,Uladzimir Ignatik,1403,5,0.0,-9.0,BLR,35,atp_rankings_2026_03_16.csv
2026-03-16,213721,Pierre Antoine Faut,1404,5,0.0,-8.0,FRA,,atp_rankings_2026_03_16.csv
2026-03-16,212499,Vardan Manukyan,1404,5,0.0,-17.0,RUS,21,atp_rankings_2026_03_16.csv
2026-03-16,206669,Hugo Maia,1406,5,0.0,-21.0,POR,24,atp_rankings_2026_03_16.csv
2026-03-16,207772,Yuttana Charoenphon,1407,5,0.0,-10.0,THA,25,atp_rankings_2026_03_16.csv
2026-03-16,213175,Lucca Liu,1407,5,0.0,-10.0,USA,22,atp_rankings_2026_03_16.csv
2026-03-16,213218,Elias Julian Werner,1409,5,0.0,-10.0,GER,,atp_rankings_2026_03_16.csv
2026-03-16,210140,Ioan Alexandru Chirita,1410,5,0.0,-9.0,ROU,23,atp_rankings_2026_03_16.csv
2026-03-16,209258,Alexandre Reco,1410,5,0.0,-9.0,FRA,26,atp_rankings_2026_03_16.csv
2026-03-16,111436,Nick Chappell,1412,5,0.0,-8.0,USA,33,atp_rankings_2026_03_16.csv
2026-03-16,213829,Mac Visser,1412,5,0.0,-8.0,NED,20,atp_rankings_2026_03_16.csv
2026-03-16,207233,Nemanja Malesevic,1414,5,0.0,-2.0,BIH,24,atp_rankings_2026_03_16.csv
2026-03-16,149153,Gabriele Volpi,1415,5,0.0,-16.0,ITA,29,atp_rankings_2026_03_16.csv
2026-03-16,211690,Toprak Avcibasi,1416,5,0.0,-8.0,TUR,21,atp_rankings_2026_03_16.csv
2026-03-16,213898,Richard Antoni,1417,5,0.0,-8.0,GER,,atp_rankings_2026_03_16.csv
2026-03-16,213004,Arthur Bellegy,1417,5,1.0,85.0,FRA,,atp_rankings_2026_03_16.csv
2026-03-16,212767,Aryan Lakshmanan,1417,5,0.0,-8.0,IND,20,atp_rankings_2026_03_16.csv
2026-03-16,212262,Kylian Collignon,1420,5,0.0,-5.0,BEL,20,atp_rankings_2026_03_16.csv
2026-03-16,211322,Lasse Poertner,1420,5,0.0,-5.0,GER,20,atp_rankings_2026_03_16.csv
2026-03-16,211366,Vuk Radjenovic,1420,5,0.0,-5.0,SRB,20,atp_rankings_2026_03_16.csv
2026-03-16,208855,Christopher Papa,1423,5,0.0,-14.0,USA,24,atp_rankings_2026_03_16.csv
2026-03-16,149266,Fadi Bidan,1424,5,-2.0,-151.0,LBN,20,atp_rankings_2026_03_16.csv
2026-03-16,210191,Gian Gruenig,1424,5,0.0,-5.0,SUI,26,atp_rankings_2026_03_16.csv
2026-03-16,213198,Kacper Knitter,1424,5,0.0,-12.0,POL,18,atp_rankings_2026_03_16.csv
2026-03-16,149130,Joe Leather,1424,5,0.0,-5.0,GBR,,atp_rankings_2026_03_16.csv
2026-03-16,214013,Fanming Meng,1428,5,0.0,-13.0,CHN,,atp_rankings_2026_03_16.csv
2026-03-16,213927,Gabriele Crivellaro,1429,5,0.0,-7.0,ITA,18,atp_rankings_2026_03_16.csv
2026-03-16,144813,Benjamin Hannestad,1429,5,0.0,-4.0,DEN,29,atp_rankings_2026_03_16.csv
2026-03-16,212589,Luka Talan Lopatic,1431,5,0.0,-7.0,SLO,18,atp_rankings_2026_03_16.csv
2026-03-16,213043,Hiromasa Koyama,1432,5,0.0,-10.0,JPN,18,atp_rankings_2026_03_16.csv
2026-03-16,209417,Alan Bojarski,1433,5,-1.0,-83.0,POL,22,atp_rankings_2026_03_16.csv
2026-03-16,211667,Matteo Fondriest,1433,5,-1.0,-83.0,ITA,21,atp_rankings_2026_03_16.csv
2026-03-16,133224,Francesco Ferrari,1435,5,0.0,-6.0,ITA,28,atp_rankings_2026_03_16.csv
2026-03-16,212630,Aaron Funk,1435,5,0.0,-6.0,GER,20,atp_rankings_2026_03_16.csv
2026-03-16,213585,Roman Kharlamov,1435,5,1.0,94.0,RUS,,atp_rankings_2026_03_16.csv
2026-03-16,210076,Ioannis Kountourakis,1435,5,0.0,-6.0,GRE,23,atp_rankings_2026_03_16.csv
2026-03-16,206646,Louis Van Herck,1435,5,0.0,-6.0,LUX,26,atp_rankings_2026_03_16.csv
2026-03-16,208185,Michael Gloeckler,1440,5,0.0,-7.0,AUT,27,atp_rankings_2026_03_16.csv
2026-03-16,212210,Filippo Mazzola,1440,5,1.0,91.0,ITA,20,atp_rankings_2026_03_16.csv
2026-03-16,211407,Andrea Bacaloni,1442,5,0.0,-8.0,ITA,23,atp_rankings_2026_03_16.csv
2026-03-16,210192,Lucca Pinto,1442,5,-1.0,-89.0,BRA,23,atp_rankings_2026_03_16.csv
2026-03-16,134310,Alexey Aleshchev,1444,5,0.0,-7.0,RUS,27,atp_rankings_2026_03_16.csv
2026-03-16,210394,Nikita Ianin,1444,5,0.0,-9.0,RUS,24,atp_rankings_2026_03_16.csv
2026-03-16,208164,Yassine Smiej,1444,5,0.0,-9.0,MAR,26,atp_rankings_2026_03_16.csv
2026-03-16,212030,Kerem Yilmaz,1444,5,1.0,89.0,TUR,18,atp_rankings_2026_03_16.csv
2026-03-16,122474,Guy Orly Iradukunda,1448,4,,,BDI,29,atp_rankings_2026_03_16.csv
2026-03-16,208358,Aleksi Lofman,1448,4,0.0,-10.0,FIN,24,atp_rankings_2026_03_16.csv
2026-03-16,212575,Amirkhamza Nasridinov,1448,4,0.0,-10.0,RUS,20,atp_rankings_2026_03_16.csv
2026-03-16,144682,Kaito Uesugi,1448,4,0.0,-10.0,JPN,30,atp_rankings_2026_03_16.csv
2026-03-16,208190,Davide Tortora,1452,4,0.0,-11.0,ITA,25,atp_rankings_2026_03_16.csv
2026-03-16,213098,Hugo Car,1453,4,0.0,-11.0,FRA,23,atp_rankings_2026_03_16.csv
2026-03-16,208871,Takeru Yuzuki,1454,4,0.0,-11.0,JPN,27,atp_rankings_2026_03_16.csv
2026-03-16,213042,Hugo Coquelin,1455,4,0.0,-11.0,GBR,20,atp_rankings_2026_03_16.csv
2026-03-16,210569,Sebastian Eriksson,1455,4,0.0,-11.0,SWE,20,atp_rankings_2026_03_16.csv
2026-03-16,207836,Muzammil Murtaza,1455,4,0.0,-11.0,PAK,26,atp_rankings_2026_03_16.csv
2026-03-16,210405,Azuma Visaya,1455,4,0.0,-11.0,USA,22,atp_rankings_2026_03_16.csv
2026-03-16,212914,Corey Craig,1459,4,0.0,-11.0,USA,22,atp_rankings_2026_03_16.csv
2026-03-16,211570,Cesar Cruz,1460,4,0.0,-9.0,ESA,19,atp_rankings_2026_03_16.csv
2026-03-16,210416,Bryce Nakashima,1460,4,0.0,-9.0,USA,22,atp_rankings_2026_03_16.csv
2026-03-16,210746,Paul Barbier Gazeu,1462,4,0.0,-9.0,FRA,20,atp_rankings_2026_03_16.csv
2026-03-16,105335,Sho Katayama,1462,4,0.0,-9.0,JPN,36,atp_rankings_2026_03_16.csv
2026-03-16,209355,Timo Legout,1462,4,0.0,-9.0,FRA,24,atp_rankings_2026_03_16.csv
2026-03-16,212068,Stepan Baum,1465,4,0.0,-9.0,CZE,22,atp_rankings_2026_03_16.csv
2026-03-16,212899,Moritz Kudernatsch,1466,4,0.0,-9.0,GER,20,atp_rankings_2026_03_16.csv
2026-03-16,210565,Elijah Strode,1466,4,-3.0,-214.0,USA,24,atp_rankings_2026_03_16.csv
2026-03-16,208206,Walid Ahouda,1468,4,0.0,-10.0,MAR,22,atp_rankings_2026_03_16.csv
2026-03-16,130247,Anton Chekhov,1468,4,0.0,-10.0,RUS,33,atp_rankings_2026_03_16.csv
2026-03-16,211330,Vasco Leote Prata,1470,4,0.0,-9.0,POR,22,atp_rankings_2026_03_16.csv
2026-03-16,207439,Dax Donders,1471,4,0.0,-9.0,NED,25,atp_rankings_2026_03_16.csv
2026-03-16,212604,Diego Jarry Fillol,1471,4,0.0,-9.0,USA,23,atp_rankings_2026_03_16.csv
2026-03-16,202165,Alberto Lim,1471,4,0.0,-9.0,PHI,26,atp_rankings_2026_03_16.csv
2026-03-16,202195,Maxime Cressy,1474,4,-2.0,-153.0,USA,28,atp_rankings_2026_03_16.csv
2026-03-16,213815,Sergey Petrov,1474,4,0.0,-9.0,RUS,,atp_rankings_2026_03_16.csv
2026-03-16,206580,Nicola Rispoli,1474,4,0.0,-9.0,ITA,28,atp_rankings_2026_03_16.csv
2026-03-16,133667,Congsup Congcar,1477,4,0.0,-10.0,THA,29,atp_rankings_2026_03_16.csv
2026-03-16,209273,Romain Gales,1477,4,0.0,-10.0,FRA,21,atp_rankings_2026_03_16.csv
2026-03-16,123843,Davide Pontoglio,1477,4,0.0,-10.0,ITA,33,atp_rankings_2026_03_16.csv
2026-03-16,212459,Kai I Wang,1477,4,2.0,282.0,TPE,21,atp_rankings_2026_03_16.csv
2026-03-16,213889,Arjun Rathi,1481,4,0.0,-9.0,IND,,atp_rankings_2026_03_16.csv
2026-03-16,213648,Udit Kamboj,1482,4,0.0,-9.0,IND,,atp_rankings_2026_03_16.csv
2026-03-16,210743,Pranav Kumar,1483,4,0.0,-9.0,USA,26,atp_rankings_2026_03_16.csv
2026-03-16,120545,Ko Suzuki,1483,4,0.0,-9.0,JPN,34,atp_rankings_2026_03_16.csv
2026-03-16,210601,Oskari Eerola,1485,4,0.0,0.0,FIN,23,atp_rankings_2026_03_16.csv
2026-03-16,212924,Emanuel Ivanisevic,1485,4,0.0,-9.0,CRO,18,atp_rankings_2026_03_16.csv
2026-03-16,208933,Dian Nedev,1485,4,0.0,-9.0,BUL,25,atp_rankings_2026_03_16.csv
2026-03-16,209974,Aleksander Orlikowski,1485,4,0.0,-9.0,POL,22,atp_rankings_2026_03_16.csv
2026-03-16,212617,Shu Muto,1489,4,0.0,-9.0,JPN,,atp_rankings_2026_03_16.csv
2026-03-16,213204,Zane Stevens,1489,4,0.0,-9.0,AUS,19,atp_rankings_2026_03_16.csv
2026-03-16,213814,Gustavo Albieri,1491,4,0.0,-8.0,BRA,18,atp_rankings_2026_03_16.csv
2026-03-16,212840,Thomas Gerbaud,1491,4,0.0,-8.0,FRA,21,atp_rankings_2026_03_16.csv
2026-03-16,200233,Nicaise Muamba,1491,4,-2.0,-166.0,CAN,25,atp_rankings_2026_03_16.csv
2026-03-16,214016,Bautista De La Pena,1494,4,0.0,-9.0,BRA,16,atp_rankings_2026_03_16.csv
2026-03-16,211762,David Naharro,1494,4,0.0,-18.0,ESP,22,atp_rankings_2026_03_16.csv
2026-03-16,210115,Yunseok Jang,1496,4,0.0,-8.0,KOR,22,atp_rankings_2026_03_16.csv
2026-03-16,214229,Mathys Picard,1496,4,0.0,-16.0,FRA,18,atp_rankings_2026_03_16.csv
2026-03-16,206789,Lingxi Zhao,1496,4,0.0,-8.0,CHN,26,atp_rankings_2026_03_16.csv
2026-03-16,208890,Richard Zusman,1499,4,0.0,-9.0,USA,25,atp_rankings_2026_03_16.csv
2026-03-16,149134,Matei Florin Breazu,1500,4,0.0,-8.0,ROU,17,atp_rankings_2026_03_16.csv
2026-03-16,212963,Sebastian Grundtvig Jorgensen,1500,4,0.0,-8.0,DEN,24,atp_rankings_2026_03_16.csv
2026-03-16,213838,Ronit Karki,1500,4,1.0,107.0,USA,18,atp_rankings_2026_03_16.csv
2026-03-16,127143,Jirat Navasirisomboon,1500,4,0.0,-8.0,THA,29,atp_rankings_2026_03_16.csv
2026-03-16,210301,Benjamin Ignacio Torres Fernandez,1500,4,0.0,-8.0,CHI,22,atp_rankings_2026_03_16.csv
2026-03-16,213798,Noah Brownrigg,1505,4,0.0,-9.0,AUS,19,atp_rankings_2026_03_16.csv
2026-03-16,134545,Alexis Canter,1505,4,0.0,-9.0,GBR,27,atp_rankings_2026_03_16.csv
2026-03-16,212864,Valentin Garay,1505,4,0.0,-9.0,ARG,18,atp_rankings_2026_03_16.csv
2026-03-16,208835,Rafael Giotis,1505,4,0.0,-9.0,GER,25,atp_rankings_2026_03_16.csv
2026-03-16,208381,Nicolas Esteban Rico Arias,1505,4,0.0,2.0,COL,25,atp_rankings_2026_03_16.csv
2026-03-16,211539,Gabor Hornung,1510,4,0.0,-7.0,HUN,20,atp_rankings_2026_03_16.csv
2026-03-16,210105,Martyn Pawelski,1510,4,0.0,-7.0,POL,21,atp_rankings_2026_03_16.csv
2026-03-16,213045,Manvydas Balciunas,1512,4,-1.0,-100.0,NED,19,atp_rankings_2026_03_16.csv
2026-03-16,213765,Weiwen Pan,1512,4,0.0,0.0,CHN,20,atp_rankings_2026_03_16.csv
2026-03-16,212900,Andrea Paolini,1512,4,0.0,0.0,ITA,23,atp_rankings_2026_03_16.csv
2026-03-16,209913,Fons Van Sambeek,1512,4,0.0,-6.0,NED,24,atp_rankings_2026_03_16.csv
2026-03-16,210423,Alessandro Coccioli,1516,4,0.0,-9.0,ITA,23,atp_rankings_2026_03_16.csv
2026-03-16,210570,Kevin Edengren,1516,4,0.0,-9.0,SWE,20,atp_rankings_2026_03_16.csv
2026-03-16,213536,Sergio Planella Hernandez,1516,4,0.0,-9.0,ESP,,atp_rankings_2026_03_16.csv
2026-03-16,212078,Riku Takahata,1516,4,0.0,-9.0,JPN,24,atp_rankings_2026_03_16.csv
2026-03-16,207248,Naoki Tajima,1520,4,-1.0,-101.0,JPN,25,atp_rankings_2026_03_16.csv
2026-03-16,210651,Vlad Cristian Breazu,1521,4,0.0,-6.0,ROU,22,atp_rankings_2026_03_16.csv
2026-03-16,207367,Bora Sengul,1521,4,0.0,-6.0,TUR,24,atp_rankings_2026_03_16.csv
2026-03-16,212109,Antonio Voljavec,1521,4,0.0,-6.0,CRO,20,atp_rankings_2026_03_16.csv
2026-03-16,200310,Alexander Zgirovsky,1521,4,0.0,-2.0,BLR,24,atp_rankings_2026_03_16.csv
2026-03-16,212310,Pepijn Bastiaansen,1525,4,-8.0,-431.0,NED,20,atp_rankings_2026_03_16.csv
2026-03-16,209282,Ian Luca Cervantes Tomas,1525,4,0.0,-6.0,MEX,22,atp_rankings_2026_03_16.csv
2026-03-16,214015,Xavi Palomar,1527,4,0.0,-6.0,ESP,,atp_rankings_2026_03_16.csv
2026-03-16,212757,Jack Bruce Smith,1528,4,0.0,-16.0,AUS,24,atp_rankings_2026_03_16.csv
2026-03-16,132018,Drew Van Orderlain,1528,4,2.0,315.0,USA,31,atp_rankings_2026_03_16.csv
2026-03-16,211490,Daniel Verbeek,1530,4,0.0,-5.0,NED,21,atp_rankings_2026_03_16.csv
2026-03-16,213075,Alejandro Lopez Escribano,1531,4,0.0,-9.0,ESP,19,atp_rankings_2026_03_16.csv
2026-03-16,111197,Jonathan Mridha,1531,4,0.0,-4.0,SWE,30,atp_rankings_2026_03_16.csv
2026-03-16,211455,Oren Vasser,1531,4,0.0,-9.0,USA,26,atp_rankings_2026_03_16.csv
2026-03-16,211364,Mihai Alexandru Coman,1534,4,0.0,-6.0,ROU,21,atp_rankings_2026_03_16.csv
2026-03-16,213800,Ty Host,1535,4,0.0,-10.0,AUS,18,atp_rankings_2026_03_16.csv
2026-03-16,213791,Fumin Jiang,1535,4,0.0,-6.0,CHN,,atp_rankings_2026_03_16.csv
2026-03-16,206447,Daniel Batista,1537,4,0.0,-6.0,POR,27,atp_rankings_2026_03_16.csv
2026-03-16,212745,Tadeo Meneo,1537,4,1.0,113.0,ARG,20,atp_rankings_2026_03_16.csv
2026-03-16,212738,Manel Lazaro Juncadella,1539,4,0.0,-5.0,ESP,19,atp_rankings_2026_03_16.csv
2026-03-16,210756,Loren Thomas Byers,1540,3,0.0,-4.0,USA,24,atp_rankings_2026_03_16.csv
2026-03-16,206805,Luciano Carraro,1540,3,0.0,-4.0,ITA,27,atp_rankings_2026_03_16.csv
2026-03-16,131905,Manuel Guinard,1540,3,0.0,-4.0,FRA,30,atp_rankings_2026_03_16.csv
2026-03-16,108766,Samir Iftikhar,1540,3,0.0,-4.0,PAK,33,atp_rankings_2026_03_16.csv
2026-03-16,207839,Yousaf Khalil,1540,3,0.0,-4.0,PAK,26,atp_rankings_2026_03_16.csv
2026-03-16,200095,Nicola Kuhn,1540,3,0.0,8.0,GER,25,atp_rankings_2026_03_16.csv
2026-03-16,202417,Siphosothando Montsi,1540,3,0.0,-4.0,RSA,26,atp_rankings_2026_03_16.csv
2026-03-16,126609,Patrik Niklas Salminen,1540,3,0.0,-4.0,FIN,29,atp_rankings_2026_03_16.csv
2026-03-16,134256,Reese Stalder,1540,3,0.0,-4.0,USA,29,atp_rankings_2026_03_16.csv
2026-03-16,212642,Patrik Trhac,1540,3,0.0,-4.0,USA,27,atp_rankings_2026_03_16.csv
2026-03-16,210329,Antoine Vincent,1540,3,0.0,-4.0,FRA,27,atp_rankings_2026_03_16.csv
2026-03-16,213985,Kelly Giese,1551,3,0.0,-3.0,USA,21,atp_rankings_2026_03_16.csv
2026-03-16,208123,Tom Hands,1551,3,0.0,-3.0,GBR,29,atp_rankings_2026_03_16.csv
2026-03-16,209972,Adit Sinha,1551,3,0.0,-3.0,USA,22,atp_rankings_2026_03_16.csv
2026-03-16,106262,Boris Arias,1554,3,0.0,-2.0,BOL,32,atp_rankings_2026_03_16.csv
2026-03-16,202269,Justin Barki,1554,3,0.0,-2.0,INA,25,atp_rankings_2026_03_16.csv
2026-03-16,208178,Samuel Brosset,1554,3,0.0,-2.0,FRA,28,atp_rankings_2026_03_16.csv
2026-03-16,212859,Matisse Farzam,1554,3,0.0,-2.0,USA,19,atp_rankings_2026_03_16.csv
2026-03-16,209925,Thijmen Loof,1554,3,0.0,-2.0,NED,23,atp_rankings_2026_03_16.csv
2026-03-16,212158,Will Mayew,1554,3,0.0,-2.0,USA,21,atp_rankings_2026_03_16.csv
2026-03-16,210312,Oliver Ojakaar,1554,3,0.0,-2.0,EST,21,atp_rankings_2026_03_16.csv
2026-03-16,213957,Daniel Phillips,1554,3,0.0,-2.0,BER,21,atp_rankings_2026_03_16.csv
2026-03-16,207609,Alexey Zakharov,1554,3,0.0,-2.0,RUS,25,atp_rankings_2026_03_16.csv
2026-03-16,214001,Damien Clerc,1563,3,0.0,-2.0,FRA,,atp_rankings_2026_03_16.csv
2026-03-16,111515,Thai Son Kwiatkowski,1563,3,,,USA,31,atp_rankings_2026_03_16.csv
2026-03-16,210230,Wissam Abderrahman,1565,3,0.0,-3.0,TUN,22,atp_rankings_2026_03_16.csv
2026-03-16,207739,Yusuf Khamis,1565,3,0.0,-3.0,EGY,26,atp_rankings_2026_03_16.csv
2026-03-16,213058,Weiyi Kong,1565,3,0.0,-3.0,CHN,,atp_rankings_2026_03_16.csv
2026-03-16,212491,Alexander Razeghi,1565,3,0.0,-3.0,USA,19,atp_rankings_2026_03_16.csv
2026-03-16,210693,Hudson Rivera,1565,3,0.0,-3.0,USA,21,atp_rankings_2026_03_16.csv
2026-03-16,210571,Isac Stroemberg,1565,3,0.0,-3.0,SWE,23,atp_rankings_2026_03_16.csv
2026-03-16,214341,Oscar Brown,1571,3,0.0,-1.0,GBR,23,atp_rankings_2026_03_16.csv
2026-03-16,214192,Ymerali Ibraimi,1571,3,0.0,-1.0,AUS,17,atp_rankings_2026_03_16.csv
2026-03-16,214390,Antonin Witz,1571,3,1.0,116.0,FRA,17,atp_rankings_2026_03_16.csv
2026-03-16,208334,Deney Wassermann,1574,3,0.0,-2.0,NED,24,atp_rankings_2026_03_16.csv
2026-03-16,212291,Siwanat Auytayakul,1575,3,0.0,-2.0,THA,21,atp_rankings_2026_03_16.csv
2026-03-16,213011,John Bothma,1575,3,0.0,-2.0,RSA,18,atp_rankings_2026_03_16.csv
2026-03-16,214029,Ye Chen,1575,3,0.0,-2.0,CHN,,atp_rankings_2026_03_16.csv
2026-03-16,213840,Teodor Davidov,1575,3,1.0,129.0,USA,,atp_rankings_2026_03_16.csv
2026-03-16,212912,Mathys Domenc,1575,3,2.0,475.0,FRA,16,atp_rankings_2026_03_16.csv
2026-03-16,206895,Alex Kobelt,1575,3,0.0,-2.0,USA,28,atp_rankings_2026_03_16.csv
2026-03-16,120922,Maciej Rajski,1575,3,0.0,-2.0,POL,34,atp_rankings_2026_03_16.csv
2026-03-16,214210,Vincent Reisach,1575,3,0.0,-2.0,GER,17,atp_rankings_2026_03_16.csv
2026-03-16,213768,Kase Schinnerer,1575,3,-1.0,-108.0,USA,19,atp_rankings_2026_03_16.csv
2026-03-16,210190,Timofey Stepanov,1575,3,0.0,-2.0,SUI,22,atp_rankings_2026_03_16.csv
2026-03-16,214246,Nikolas Stoot,1575,3,0.0,-13.0,USA,18,atp_rankings_2026_03_16.csv
2026-03-16,213920,Nathan Cox,1586,3,0.0,-6.0,USA,,atp_rankings_2026_03_16.csv
2026-03-16,213678,Felipe Dreer,1586,3,0.0,-6.0,ARG,,atp_rankings_2026_03_16.csv
2026-03-16,212880,Ilyas Milad Fahim,1586,3,0.0,-6.0,MAR,20,atp_rankings_2026_03_16.csv
2026-03-16,211406,Yazid Lahjomri,1586,3,0.0,-6.0,MAR,20,atp_rankings_2026_03_16.csv
2026-03-16,212750,Clement Lemire,1586,3,0.0,-6.0,FRA,19,atp_rankings_2026_03_16.csv
2026-03-16,211660,Ryan Augusto Dos Santos,1591,3,0.0,-6.0,BRA,22,atp_rankings_2026_03_16.csv
2026-03-16,212951,Mak Mikovic,1591,3,2.0,514.0,SLO,19,atp_rankings_2026_03_16.csv
2026-03-16,213771,Dominick Mosejczuk,1591,3,0.0,3.0,USA,19,atp_rankings_2026_03_16.csv
2026-03-16,211677,Matthew Rankin,1591,3,0.0,-6.0,GBR,21,atp_rankings_2026_03_16.csv
2026-03-16,207973,Ainius Sabaliauskas,1591,3,0.0,3.0,LTU,22,atp_rankings_2026_03_16.csv
2026-03-16,210526,Niccolo Baroni,1596,3,0.0,-8.0,ITA,22,atp_rankings_2026_03_16.csv
2026-03-16,149104,Patrik Homola,1596,3,0.0,1.0,CZE,22,atp_rankings_2026_03_16.csv
2026-03-16,206673,Bharath Nishok Kumaran,1596,3,0.0,-8.0,IND,27,atp_rankings_2026_03_16.csv
2026-03-16,213196,Rihards Neimanis,1596,3,1.0,135.0,LAT,18,atp_rankings_2026_03_16.csv
2026-03-16,212092,Yu Tanaka,1596,3,0.0,-8.0,JPN,22,atp_rankings_2026_03_16.csv
2026-03-16,200205,Valentin Vanta,1596,3,1.0,135.0,ROU,28,atp_rankings_2026_03_16.csv
2026-03-16,210598,Nicolas Hollender,1602,3,0.0,5.0,ARG,24,atp_rankings_2026_03_16.csv
2026-03-16,212632,Peter Alam,1603,3,0.0,-6.0,GBR,23,atp_rankings_2026_03_16.csv
2026-03-16,213278,Leonardo Angeloni,1603,3,0.0,-6.0,ITA,21,atp_rankings_2026_03_16.csv
2026-03-16,105871,Sekou Bangoura,1603,3,0.0,-6.0,USA,34,atp_rankings_2026_03_16.csv
2026-03-16,214156,Mahmoud Chetouane,1603,3,0.0,-6.0,TUN,17,atp_rankings_2026_03_16.csv
2026-03-16,202439,Sean Hodkin,1603,3,0.0,-15.0,GBR,27,atp_rankings_2026_03_16.csv
2026-03-16,209986,Viktor Jovic,1603,3,0.0,13.0,SRB,24,atp_rankings_2026_03_16.csv
2026-03-16,149139,Arthur Laborde,1603,3,0.0,-15.0,SUI,21,atp_rankings_2026_03_16.csv
2026-03-16,209877,Stevan Popovic,1603,3,0.0,-6.0,GER,24,atp_rankings_2026_03_16.csv
2026-03-16,212098,Iker Urribarrens Ramirez,1603,3,0.0,-6.0,ESP,21,atp_rankings_2026_03_16.csv
2026-03-16,149268,Gabriele Vulpitta,1612,3,0.0,-6.0,ITA,20,atp_rankings_2026_03_16.csv
2026-03-16,213584,Artem Bogomolov,1613,3,0.0,-6.0,RUS,,atp_rankings_2026_03_16.csv
2026-03-16,211684,Emirhan Bulut,1613,3,0.0,-6.0,TUR,19,atp_rankings_2026_03_16.csv
2026-03-16,213801,Jake Dembo,1613,3,0.0,-6.0,AUS,,atp_rankings_2026_03_16.csv
2026-03-16,212806,Benjamin Gusic Wan,1613,3,0.0,-6.0,GBR,18,atp_rankings_2026_03_16.csv
2026-03-16,213026,Amine Jamji,1613,3,0.0,-19.0,MAR,,atp_rankings_2026_03_16.csv
2026-03-16,211589,Tilen Kovac,1613,3,0.0,-6.0,SLO,23,atp_rankings_2026_03_16.csv
2026-03-16,212167,Darius Florin Pop,1613,3,0.0,-6.0,ROU,21,atp_rankings_2026_03_16.csv
2026-03-16,210205,Edoardo Zanada,1613,3,0.0,-6.0,ITA,25,atp_rankings_2026_03_16.csv
2026-03-16,200187,Luc Fomba,1621,3,1.0,196.0,FRA,27,atp_rankings_2026_03_16.csv
2026-03-16,213667,Valentin Guadagno,1621,3,0.0,-24.0,ARG,,atp_rankings_2026_03_16.csv
2026-03-16,208841,Zekai Li,1621,3,0.0,-5.0,CHN,26,atp_rankings_2026_03_16.csv
2026-03-16,213461,Andrea Mchich,1621,3,1.0,138.0,FRA,20,atp_rankings_2026_03_16.csv
2026-03-16,122536,Juan Pablo Paz,1621,3,-2.0,-215.0,ARG,31,atp_rankings_2026_03_16.csv
2026-03-16,207541,Michalis Sakellaridis,1621,3,0.0,-5.0,GRE,25,atp_rankings_2026_03_16.csv
2026-03-16,202217,Vito Dellelba,1627,3,0.0,-7.0,ITA,27,atp_rankings_2026_03_16.csv
2026-03-16,213930,Zangar Nurlanuly,1627,3,1.0,155.0,KAZ,17,atp_rankings_2026_03_16.csv
2026-03-16,210284,Pijus Vaitiekunas,1627,3,-1.0,-136.0,LTU,23,atp_rankings_2026_03_16.csv
2026-03-16,210153,David Fix,1630,3,0.0,-8.0,GER,21,atp_rankings_2026_03_16.csv
2026-03-16,213298,Carl Holder,1630,3,1.0,187.0,FRA,19,atp_rankings_2026_03_16.csv
2026-03-16,213114,Chun Chien Hou,1630,3,0.0,-8.0,TPE,20,atp_rankings_2026_03_16.csv
2026-03-16,213640,Stephane Pierre Jo Kamendje,1630,3,0.0,-8.0,CAN,,atp_rankings_2026_03_16.csv
2026-03-16,212932,Noah Karma,1630,3,0.0,-8.0,SUI,,atp_rankings_2026_03_16.csv
2026-03-16,211787,Matteo Lavizzari,1630,3,0.0,-8.0,SUI,21,atp_rankings_2026_03_16.csv
2026-03-16,213391,Silvio Mencaglia,1630,3,0.0,-8.0,ITA,21,atp_rankings_2026_03_16.csv
2026-03-16,212119,Nik Mikovic,1630,3,0.0,-8.0,SLO,21,atp_rankings_2026_03_16.csv
2026-03-16,213617,Mattia Nannelli,1630,3,0.0,-33.0,ITA,,atp_rankings_2026_03_16.csv
2026-03-16,210420,Gheorghe Claudiu Schinteie,1630,3,0.0,-8.0,ROU,24,atp_rankings_2026_03_16.csv
2026-03-16,213624,Kosuke Shibano,1630,3,0.0,-8.0,JPN,,atp_rankings_2026_03_16.csv
2026-03-16,207559,Darrshan Suresh,1630,3,0.0,-8.0,MAS,25,atp_rankings_2026_03_16.csv
2026-03-16,105419,Patricio Alvarado,1642,3,-1.0,-124.0,ECU,36,atp_rankings_2026_03_16.csv
2026-03-16,144665,Ryotero Matsumura,1642,3,0.0,-9.0,JPN,29,atp_rankings_2026_03_16.csv
2026-03-16,212965,Juan Jose Bianchi,1644,3,0.0,-10.0,VEN,25,atp_rankings_2026_03_16.csv
2026-03-16,212797,Hitesh Chauhan,1644,3,0.0,-10.0,IND,18,atp_rankings_2026_03_16.csv
2026-03-16,210408,Luca Fantini,1644,3,0.0,-3.0,ITA,25,atp_rankings_2026_03_16.csv
2026-03-16,213201,Valentino Grippo,1644,3,0.0,-10.0,ARG,,atp_rankings_2026_03_16.csv
2026-03-16,210341,Ajay Malik,1644,3,0.0,-10.0,IND,23,atp_rankings_2026_03_16.csv
2026-03-16,210229,Aleksa Pisaric,1644,3,0.0,-10.0,SRB,20,atp_rankings_2026_03_16.csv
2026-03-16,210011,Aristarkh Safonov,1644,3,0.0,-10.0,RUS,23,atp_rankings_2026_03_16.csv
2026-03-16,210595,Jiri Cizek,1651,3,0.0,-10.0,CZE,20,atp_rankings_2026_03_16.csv
2026-03-16,212981,Jonas Gundacker,1651,3,0.0,-10.0,AUT,23,atp_rankings_2026_03_16.csv
2026-03-16,209103,Haoyuan Huang,1651,3,0.0,-17.0,CHN,23,atp_rankings_2026_03_16.csv
2026-03-16,212289,Tom Sickenberger,1651,3,1.0,183.0,GER,,atp_rankings_2026_03_16.csv
2026-03-16,213637,Daniel Domingos,1655,3,0.0,-9.0,AGO,,atp_rankings_2026_03_16.csv
2026-03-16,209346,Stijn Pel,1656,3,0.0,-15.0,NED,23,atp_rankings_2026_03_16.csv
2026-03-16,149142,Tanguy Genier,1657,3,-1.0,-135.0,SUI,28,atp_rankings_2026_03_16.csv
2026-03-16,212067,Ye Hongyu,1657,3,0.0,-12.0,CHN,21,atp_rankings_2026_03_16.csv
2026-03-16,211601,Alvaro Peiro Serrano,1657,3,1.0,185.0,ESP,22,atp_rankings_2026_03_16.csv
2026-03-16,212875,Zhengyu Sun,1657,3,0.0,-10.0,CHN,19,atp_rankings_2026_03_16.csv
2026-03-16,210110,Alessandro Bellifemine,1661,3,0.0,-12.0,ITA,24,atp_rankings_2026_03_16.csv
2026-03-16,207478,Zhenxiong Dong,1662,3,0.0,-11.0,CHN,27,atp_rankings_2026_03_16.csv
2026-03-16,213774,Dmitry Kopilevich,1662,3,0.0,-11.0,SLO,19,atp_rankings_2026_03_16.csv
2026-03-16,209885,Gokberk Saritas,1664,3,0.0,-11.0,TUR,22,atp_rankings_2026_03_16.csv
2026-03-16,124045,Lawrence Bataljin,1665,3,0.0,-10.0,AUS,29,atp_rankings_2026_03_16.csv
2026-03-16,211537,Alfred Almasi,1666,2,0.0,-10.0,SVK,,atp_rankings_2026_03_16.csv
2026-03-16,212678,David Bakonyi,1666,2,0.0,-10.0,HUN,19,atp_rankings_2026_03_16.csv
2026-03-16,213913,Casper Christensen,1666,2,0.0,-10.0,NOR,23,atp_rankings_2026_03_16.csv
2026-03-16,214331,Valentino Conte,1666,2,0.0,-10.0,ARG,21,atp_rankings_2026_03_16.csv
2026-03-16,213691,Connor Doig,1666,2,0.0,-10.0,RSA,,atp_rankings_2026_03_16.csv
2026-03-16,144848,Sergio Luis Hernandez Ramirez,1666,2,0.0,-10.0,COL,26,atp_rankings_2026_03_16.csv
2026-03-16,126630,Ivan Liutarevich,1666,2,0.0,-10.0,BLR,30,atp_rankings_2026_03_16.csv
2026-03-16,212916,Marko Milosavljevic,1666,2,0.0,-10.0,SRB,,atp_rankings_2026_03_16.csv
2026-03-16,214329,Diego Eduardo Munoz Navia,1666,2,0.0,-10.0,BOL,20,atp_rankings_2026_03_16.csv
2026-03-16,208254,Ignacio Novo,1666,2,0.0,-10.0,ARG,25,atp_rankings_2026_03_16.csv
2026-03-16,207547,Bruno Pujol Navarro,1666,2,0.0,-10.0,ESP,24,atp_rankings_2026_03_16.csv
2026-03-16,105578,Cristian Rodriguez,1666,2,0.0,-10.0,COL,35,atp_rankings_2026_03_16.csv
2026-03-16,214327,Oliver Andre Solis Encinas,1666,2,0.0,-10.0,BOL,,atp_rankings_2026_03_16.csv
2026-03-16,208874,Seita Watanabe,1666,2,0.0,-10.0,JPN,25,atp_rankings_2026_03_16.csv
2026-03-16,213523,Milan Welte,1666,2,0.0,-10.0,GER,24,atp_rankings_2026_03_16.csv
2026-03-16,214270,Tomas Zurmendi,1666,2,0.0,-10.0,URU,17,atp_rankings_2026_03_16.csv
2026-03-16,210504,Billy Blaydes,1682,2,0.0,-10.0,GBR,22,atp_rankings_2026_03_16.csv
2026-03-16,212570,Nikita Filin,1682,2,0.0,-10.0,USA,19,atp_rankings_2026_03_16.csv
2026-03-16,212782,Saahith Jayaraman,1682,2,0.0,-10.0,USA,,atp_rankings_2026_03_16.csv
2026-03-16,109737,Markos Kalovelonis,1682,2,0.0,-10.0,GRE,31,atp_rankings_2026_03_16.csv
2026-03-16,214269,Marcel Latak,1682,2,0.0,-10.0,USA,17,atp_rankings_2026_03_16.csv
2026-03-16,211622,Loan Lestir,1682,2,0.0,-10.0,FRA,20,atp_rankings_2026_03_16.csv
2026-03-16,207505,Mario Mansilla Diez,1682,2,0.0,-10.0,ESP,23,atp_rankings_2026_03_16.csv
2026-03-16,210102,Neo Niedner,1682,2,0.0,-10.0,GER,22,atp_rankings_2026_03_16.csv
2026-03-16,214332,Henrique Ortenblad Nogueira,1682,2,0.0,-10.0,BRA,22,atp_rankings_2026_03_16.csv
2026-03-16,213738,Jack Satterfield,1682,2,0.0,-10.0,USA,,atp_rankings_2026_03_16.csv
2026-03-16,210376,Max  Sheldon,1682,2,0.0,-10.0,USA,22,atp_rankings_2026_03_16.csv
2026-03-16,209225,Martin Antonio Vergara Del Puerto,1682,2,0.0,-10.0,PAR,21,atp_rankings_2026_03_16.csv
2026-03-16,214054,Baltazar Wiger Nordas,1682,2,0.0,-10.0,NOR,22,atp_rankings_2026_03_16.csv
2026-03-16,214138,Bastian Berenz,1695,2,0.0,-8.0,AUT,,atp_rankings_2026_03_16.csv
2026-03-16,214292,Ignacio De Armas,1695,2,0.0,-8.0,VEN,17,atp_rankings_2026_03_16.csv
2026-03-16,200199,Matteo De Vincentis,1695,2,0.0,-8.0,ITA,27,atp_rankings_2026_03_16.csv
2026-03-16,209294,Diego Duran,1695,2,0.0,-8.0,ESA,,atp_rankings_2026_03_16.csv
2026-03-16,126573,Thomas Fancutt,1695,2,,,AUS,31,atp_rankings_2026_03_16.csv
2026-03-16,210188,Petar Jovanovic,1695,2,0.0,-8.0,MNE,22,atp_rankings_2026_03_16.csv
2026-03-16,212139,Vit Kalina,1695,2,0.0,-8.0,CZE,20,atp_rankings_2026_03_16.csv
2026-03-16,214276,Min Ho Ko,1695,2,0.0,-8.0,KOR,18,atp_rankings_2026_03_16.csv
2026-03-16,212476,Noritaka Koizumi,1695,2,0.0,-8.0,JPN,22,atp_rankings_2026_03_16.csv
2026-03-16,212023,Oscar Lacides,1695,2,0.0,-8.0,GUD,21,atp_rankings_2026_03_16.csv
2026-03-16,105011,Illya Marchenko,1695,2,0.0,-8.0,UKR,38,atp_rankings_2026_03_16.csv
2026-03-16,214436,Simone Massellani,1695,2,1.0,161.0,ITA,18,atp_rankings_2026_03_16.csv
2026-03-16,202234,Savva Polukhin,1695,2,0.0,-8.0,RUS,27,atp_rankings_2026_03_16.csv
2026-03-16,106138,Yaraslav Shyla,1695,2,0.0,-8.0,BLR,33,atp_rankings_2026_03_16.csv
2026-03-16,213999,Leon Sloboda,1695,2,0.0,-8.0,SVK,,atp_rankings_2026_03_16.csv
2026-03-16,208589,Nikita Volonski,1695,2,0.0,-8.0,AUS,24,atp_rankings_2026_03_16.csv
2026-03-16,211741,Anthony Wright,1695,2,0.0,-8.0,GBR,21,atp_rankings_2026_03_16.csv
2026-03-16,209206,Antonio Caruso,1712,2,0.0,-8.0,ITA,26,atp_rankings_2026_03_16.csv
2026-03-16,214337,Eudald Gonzalez,1712,2,0.0,-8.0,ESP,17,atp_rankings_2026_03_16.csv
2026-03-16,208821,Ondrej Horak,1712,2,0.0,-8.0,CZE,23,atp_rankings_2026_03_16.csv
2026-03-16,208027,Alex Jones,1712,2,0.0,-40.0,USA,27,atp_rankings_2026_03_16.csv
2026-03-16,213367,Emiliano Jorquera,1712,2,0.0,-8.0,CAN,22,atp_rankings_2026_03_16.csv
2026-03-16,144896,Hao Sheng Koay,1712,2,0.0,-8.0,MAS,27,atp_rankings_2026_03_16.csv
2026-03-16,210631,Linus Lagerbohm,1712,2,0.0,-40.0,FIN,18,atp_rankings_2026_03_16.csv
2026-03-16,202345,Arvid Nordquist,1712,2,0.0,-8.0,SWE,27,atp_rankings_2026_03_16.csv
2026-03-16,213274,Eli Stephenson,1712,2,0.0,-8.0,USA,21,atp_rankings_2026_03_16.csv
2026-03-16,124126,Sarp Agabigun,1721,2,0.0,-9.0,TUR,28,atp_rankings_2026_03_16.csv
2026-03-16,214377,Tito Chavez,1721,2,1.0,219.0,ESP,18,atp_rankings_2026_03_16.csv
2026-03-16,212863,Benjamin Chelia,1721,2,0.0,-9.0,ARG,17,atp_rankings_2026_03_16.csv
2026-03-16,210711,Francisco Tomas Geschwind,1721,2,0.0,-9.0,ARG,22,atp_rankings_2026_03_16.csv
2026-03-16,213823,Federico Guarducci,1721,2,0.0,-9.0,ITA,21,atp_rankings_2026_03_16.csv
2026-03-16,202155,Yeongseok Jeong,1721,2,0.0,-9.0,KOR,26,atp_rankings_2026_03_16.csv
2026-03-16,212758,Jarrod Joyce,1721,2,0.0,-9.0,AUS,19,atp_rankings_2026_03_16.csv
2026-03-16,212669,Botond Kisantal,1721,2,0.0,-9.0,HUN,20,atp_rankings_2026_03_16.csv
2026-03-16,212851,Espen Lagarde,1721,2,0.0,-9.0,FRA,24,atp_rankings_2026_03_16.csv
2026-03-16,213069,Gasper Matijasic,1721,2,0.0,-9.0,SLO,,atp_rankings_2026_03_16.csv
2026-03-16,116985,Petr Michnev,1721,2,0.0,-9.0,CZE,36,atp_rankings_2026_03_16.csv
2026-03-16,211587,Diogo Morais,1721,2,0.0,-9.0,POR,21,atp_rankings_2026_03_16.csv
2026-03-16,125843,Ren Nakamura,1721,2,0.0,-9.0,JPN,31,atp_rankings_2026_03_16.csv
2026-03-16,210081,Viacheslav Ovchinnikov,1721,2,0.0,-9.0,RUS,23,atp_rankings_2026_03_16.csv
2026-03-16,213964,Bengt Johan Reinhard,1721,2,0.0,-9.0,GER,19,atp_rankings_2026_03_16.csv
2026-03-16,207587,Martins Rocens,1721,2,0.0,-9.0,LAT,25,atp_rankings_2026_03_16.csv
2026-03-16,213173,Nicola Senn,1721,2,1.0,219.0,SUI,,atp_rankings_2026_03_16.csv
2026-03-16,212099,Benjamin Vitter,1721,2,1.0,219.0,FRA,23,atp_rankings_2026_03_16.csv
2026-03-16,213907,Christian Wedel,1721,2,0.0,-9.0,GER,,atp_rankings_2026_03_16.csv
2026-03-16,213873,Benjamin Perez,1740,2,0.0,-11.0,CHI,18,atp_rankings_2026_03_16.csv
2026-03-16,212854,Felipe Virgili Berini,1740,2,0.0,-11.0,ITA,21,atp_rankings_2026_03_16.csv
2026-03-16,212462,Evan Burnett,1742,2,0.0,-11.0,USA,19,atp_rankings_2026_03_16.csv
2026-03-16,,Hugo Cardinaud,1742,2,0.0,-11.0,,,atp_rankings_2026_03_16.csv
2026-03-16,212129,Mariano Dedura Palomero,1742,2,0.0,-11.0,GER,20,atp_rankings_2026_03_16.csv
2026-03-16,212883,Andres Delgadillo,1742,2,0.0,17.0,MEX,,atp_rankings_2026_03_16.csv
2026-03-16,212929,Nikola Djukic Valera,1742,2,0.0,-11.0,ESP,,atp_rankings_2026_03_16.csv
2026-03-16,212720,Juan Carlos Fuentes Vasquez,1742,2,1.0,308.0,ESA,20,atp_rankings_2026_03_16.csv
2026-03-16,214202,Gus Grumet,1742,2,0.0,-11.0,USA,18,atp_rankings_2026_03_16.csv
2026-03-16,200662,Toru Horie,1742,2,0.0,-11.0,JPN,26,atp_rankings_2026_03_16.csv
2026-03-16,212150,Oskar Jansson,1742,2,0.0,-11.0,SWE,21,atp_rankings_2026_03_16.csv
2026-03-16,207256,Admir Kalender,1742,2,0.0,-11.0,CRO,25,atp_rankings_2026_03_16.csv
2026-03-16,210248,Jakub Kroslak,1742,2,0.0,-11.0,SVK,22,atp_rankings_2026_03_16.csv
2026-03-16,207431,Lewie Lane,1742,2,0.0,-11.0,GER,25,atp_rankings_2026_03_16.csv
2026-03-16,212545,Henry Lieberman,1742,2,0.0,-11.0,USA,25,atp_rankings_2026_03_16.csv
2026-03-16,134113,Cing Yang Meng,1742,2,0.0,-11.0,TPE,27,atp_rankings_2026_03_16.csv
2026-03-16,210060,Aleksandar Mihailovic,1742,2,0.0,-11.0,SRB,23,atp_rankings_2026_03_16.csv
2026-03-16,212953,Ilija Palavestra,1742,2,0.0,-11.0,USA,,atp_rankings_2026_03_16.csv
2026-03-16,213980,Arnav Paparkar,1742,2,0.0,-11.0,IND,18,atp_rankings_2026_03_16.csv
2026-03-16,202363,Fabien Salle,1742,2,0.0,-11.0,FRA,26,atp_rankings_2026_03_16.csv
2026-03-16,210170,Noah Schlagenhauf,1742,2,0.0,-11.0,GER,23,atp_rankings_2026_03_16.csv
2026-03-16,213553,Dmytro Shirokyi,1742,2,0.0,-11.0,UKR,19,atp_rankings_2026_03_16.csv
2026-03-16,209199,Ilias Zimmermann,1742,2,0.0,-11.0,SUI,,atp_rankings_2026_03_16.csv
2026-03-16,209117,Marco Furlanetto,1763,2,0.0,19.0,ITA,25,atp_rankings_2026_03_16.csv
2026-03-16,214264,Jerrid Gaines,1763,2,0.0,-7.0,USA,16,atp_rankings_2026_03_16.csv
2026-03-16,214214,Daniel Jovanovski,1763,2,0.0,-7.0,AUS,18,atp_rankings_2026_03_16.csv
2026-03-16,211396,Vladimir Bazilevskiy,1766,2,-2.0,-281.0,ISR,20,atp_rankings_2026_03_16.csv
2026-03-16,210308,Stylianos Christodoulou,1766,2,0.0,-7.0,CYP,21,atp_rankings_2026_03_16.csv
2026-03-16,212876,Pedro Andre De Almeida Santos,1766,2,0.0,-7.0,BRA,21,atp_rankings_2026_03_16.csv
2026-03-16,210403,Ivan Dreycopp,1766,2,0.0,-35.0,ARG,22,atp_rankings_2026_03_16.csv
2026-03-16,210729,Hamza El Amine,1766,2,0.0,-7.0,MAR,21,atp_rankings_2026_03_16.csv
2026-03-16,208197,Ammar Elamin,1766,2,0.0,24.0,IRL,23,atp_rankings_2026_03_16.csv
2026-03-16,200622,Hernando Jose Escurra Isnardi,1766,2,0.0,24.0,PAR,28,atp_rankings_2026_03_16.csv
2026-03-16,213576,Matt Kleiman,1766,2,0.0,-7.0,USA,,atp_rankings_2026_03_16.csv
2026-03-16,211701,Jules Leroux,1766,2,0.0,-7.0,FRA,20,atp_rankings_2026_03_16.csv
2026-03-16,213287,Diego Ortiz Gamonsl,1766,2,0.0,-7.0,CHI,22,atp_rankings_2026_03_16.csv
2026-03-16,132137,Tomislav Edward Papac,1766,2,0.0,-7.0,AUS,30,atp_rankings_2026_03_16.csv
2026-03-16,210114,Julien Penzlin,1766,2,0.0,-7.0,GER,23,atp_rankings_2026_03_16.csv
2026-03-16,214266,Stefan Ilie Bogdan Petre,1766,2,0.0,-7.0,ROU,17,atp_rankings_2026_03_16.csv
2026-03-16,213186,David Petrovic,1766,2,0.0,-7.0,GER,21,atp_rankings_2026_03_16.csv
2026-03-16,207958,Roman Postolka,1766,2,0.0,-7.0,CZE,26,atp_rankings_2026_03_16.csv
2026-03-16,210287,Noah Regas Luis,1766,2,0.0,-7.0,ESP,21,atp_rankings_2026_03_16.csv
2026-03-16,213135,Ruslan Serazhetdinov,1766,2,0.0,-7.0,RUS,20,atp_rankings_2026_03_16.csv
2026-03-16,209870,Gunawan Trismuwantara,1766,2,0.0,-7.0,INA,23,atp_rankings_2026_03_16.csv
2026-03-16,210704,Kian Vakili,1766,2,0.0,-35.0,USA,22,atp_rankings_2026_03_16.csv
2026-03-16,212751,Raphael Vaksmann,1766,2,0.0,24.0,FRA,,atp_rankings_2026_03_16.csv
2026-03-16,106210,Jiri Vesely,1766,2,0.0,24.0,CZE,32,atp_rankings_2026_03_16.csv
2026-03-16,212890,Caheer Warik,1766,2,0.0,-7.0,IND,,atp_rankings_2026_03_16.csv
2026-03-16,214037,Jan Wygona,1766,2,0.0,-7.0,POL,,atp_rankings_2026_03_16.csv
2026-03-16,207370,Ryusuke Horiuchi,1789,2,0.0,-7.0,JPN,27,atp_rankings_2026_03_16.csv
2026-03-16,212180,Shaoyun Liu,1789,2,0.0,-7.0,CHN,24,atp_rankings_2026_03_16.csv
2026-03-16,209035,Mikel Martinez,1789,2,0.0,-7.0,ESP,25,atp_rankings_2026_03_16.csv
2026-03-16,208315,Javier Molino,1789,2,0.0,-7.0,ESP,24,atp_rankings_2026_03_16.csv
2026-03-16,122649,Photos Photiades,1789,2,0.0,-7.0,CYP,22,atp_rankings_2026_03_16.csv
2026-03-16,208052,Matthew Segura,1789,2,0.0,-33.0,USA,25,atp_rankings_2026_03_16.csv
2026-03-16,208154,Laurin Aerne,1795,2,0.0,-5.0,SUI,27,atp_rankings_2026_03_16.csv
2026-03-16,210101,Simone Agostini,1795,2,0.0,-5.0,ITA,28,atp_rankings_2026_03_16.csv
2026-03-16,212473,Miles Clark,1795,2,0.0,-5.0,USA,,atp_rankings_2026_03_16.csv
2026-03-16,213885,Nav Dayal,1795,2,0.0,-5.0,USA,,atp_rankings_2026_03_16.csv
2026-03-16,210396,Dmitry Dolzhenkov,1795,2,0.0,-5.0,RUS,21,atp_rankings_2026_03_16.csv
2026-03-16,200419,Jonas Eriksson Ziverts,1795,2,0.0,-5.0,SWE,27,atp_rankings_2026_03_16.csv
2026-03-16,210649,Giammarco Gandolfi,1795,2,0.0,-5.0,ITA,22,atp_rankings_2026_03_16.csv
2026-03-16,214139,Nicola Ion,1795,2,0.0,-36.0,CAN,,atp_rankings_2026_03_16.csv
2026-03-16,212232,Yeonsu Jeong,1795,2,0.0,-5.0,KOR,,atp_rankings_2026_03_16.csv
2026-03-16,213185,Makar Krivoshchekov,1795,2,0.0,-5.0,RUS,20,atp_rankings_2026_03_16.csv
2026-03-16,211742,Daniel Lara Salmeron,1795,2,0.0,-5.0,ESP,24,atp_rankings_2026_03_16.csv
2026-03-16,214082,Justin Lenders,1795,2,0.0,-36.0,SUI,,atp_rankings_2026_03_16.csv
2026-03-16,213373,William Nolan,1795,2,0.0,-5.0,GBR,22,atp_rankings_2026_03_16.csv
2026-03-16,213979,Kunanan Pantaratorn,1795,2,0.0,-5.0,THA,17,atp_rankings_2026_03_16.csv
2026-03-16,207972,Minjong Park,1795,2,0.0,-5.0,KOR,24,atp_rankings_2026_03_16.csv
2026-03-16,210204,Drazen Petrovic,1795,2,0.0,-5.0,BIH,23,atp_rankings_2026_03_16.csv
2026-03-16,213716,Yoshka Sborowsky,1795,2,0.0,-5.0,FRA,,atp_rankings_2026_03_16.csv
2026-03-16,200479,Luke Simkiss,1795,2,0.0,-5.0,GBR,27,atp_rankings_2026_03_16.csv
2026-03-16,138467,Marvin Bernardo Becker Spiering,1795,2,0.0,-5.0,BRA,28,atp_rankings_2026_03_16.csv
2026-03-16,213532,Stefan Storch,1795,2,0.0,-5.0,AUS,,atp_rankings_2026_03_16.csv
2026-03-16,213588,Esteban Talavera Cortes,1795,2,0.0,-5.0,ESP,,atp_rankings_2026_03_16.csv
2026-03-16,202357,Bang Shuo Yin,1795,2,0.0,-5.0,TPE,27,atp_rankings_2026_03_16.csv
2026-03-16,212089,Kane Bonsach Ganley,1817,2,0.0,-1.0,DEN,21,atp_rankings_2026_03_16.csv
2026-03-16,209238,Sebastian Dominguez,1817,2,0.0,-35.0,GUA,23,atp_rankings_2026_03_16.csv
2026-03-16,208726,Alberto Odiseo Alvarado Berrospi,1819,2,0.0,8.0,PER,25,atp_rankings_2026_03_16.csv
2026-03-16,105029,Sergey Betov,1819,2,0.0,-2.0,BLR,38,atp_rankings_2026_03_16.csv
2026-03-16,212860,Dakotah Bobo,1819,2,1.0,357.0,USA,23,atp_rankings_2026_03_16.csv
2026-03-16,210454,Jesse De Jager,1819,2,0.0,-2.0,NED,23,atp_rankings_2026_03_16.csv
2026-03-16,212529,Alex Finkelstein,1819,2,-1.0,-197.0,USA,23,atp_rankings_2026_03_16.csv
2026-03-16,213376,Jeffrey Fradkin,1819,2,1.0,357.0,USA,24,atp_rankings_2026_03_16.csv
2026-03-16,210092,Filiberto Fumagalli,1819,2,0.0,-2.0,ITA,23,atp_rankings_2026_03_16.csv
2026-03-16,213628,Volodymyr Gurenko,1819,2,1.0,357.0,CAN,,atp_rankings_2026_03_16.csv
2026-03-16,212272,Nikos Lehmann,1819,2,0.0,-29.0,ARG,20,atp_rankings_2026_03_16.csv
2026-03-16,214111,Tomas Jordi Leston,1819,2,0.0,-2.0,ARG,,atp_rankings_2026_03_16.csv
2026-03-16,213810,Alex Santino Nunez Vera,1819,2,0.0,-2.0,PAR,18,atp_rankings_2026_03_16.csv
2026-03-16,212294,Matei Todoran,1819,2,0.0,-2.0,ROU,,atp_rankings_2026_03_16.csv
2026-03-16,212498,Benoit Torcq,1819,2,0.0,-29.0,BEL,20,atp_rankings_2026_03_16.csv
2026-03-16,210666,Ha Minh Duc Vu,1819,2,0.0,-2.0,VIE,22,atp_rankings_2026_03_16.csv
2026-03-16,208542,Linghao Zhang,1819,2,0.0,-2.0,CHN,23,atp_rankings_2026_03_16.csv
2026-03-16,209946,Maikel De Boes,1834,2,-2.0,-331.0,BEL,23,atp_rankings_2026_03_16.csv
2026-03-16,213653,Benjamin Willwerth,1834,2,-1.0,-214.0,USA,,atp_rankings_2026_03_16.csv
2026-03-16,123847,Bogdan Bobrov,1836,2,0.0,-9.0,RUS,28,atp_rankings_2026_03_16.csv
2026-03-16,211457,Sven Corbinais,1836,2,1.0,362.0,FRA,23,atp_rankings_2026_03_16.csv
2026-03-16,212711,Daniel Jade,1836,2,0.0,-9.0,FRA,17,atp_rankings_2026_03_16.csv
2026-03-16,212923,Hugo Ouzilou,1836,2,0.0,-9.0,SUI,22,atp_rankings_2026_03_16.csv
2026-03-16,206827,Alan Sau Franco,1836,2,0.0,-9.0,MEX,25,atp_rankings_2026_03_16.csv
2026-03-16,210331,Alessandro Spadola,1836,2,1.0,340.0,ITA,23,atp_rankings_2026_03_16.csv
2026-03-16,208504,Daiki Yoshimura,1836,2,0.0,-9.0,JPN,24,atp_rankings_2026_03_16.csv
2026-03-16,210315,Pietro Pampanin,1843,2,0.0,-10.0,ITA,23,atp_rankings_2026_03_16.csv
2026-03-16,212724,Anas Bennour Dit Sahli,1844,2,0.0,-10.0,TUN,19,atp_rankings_2026_03_16.csv
2026-03-16,212919,Ivan Biletic,1844,2,0.0,-10.0,BIH,19,atp_rankings_2026_03_16.csv
2026-03-16,,Alvaro Jimenez,1844,2,0.0,-10.0,,,atp_rankings_2026_03_16.csv
2026-03-16,210670,Sasa Markovic,1844,2,0.0,-10.0,SRB,20,atp_rankings_2026_03_16.csv
2026-03-16,213777,Savva Rybkin,1844,2,1.0,354.0,RUS,,atp_rankings_2026_03_16.csv
2026-03-16,213049,Mateya Stanisavljevic,1844,2,0.0,-10.0,SRB,19,atp_rankings_2026_03_16.csv
2026-03-16,211454,Federico Valle,1844,2,0.0,-10.0,ITA,25,atp_rankings_2026_03_16.csv
2026-03-16,209267,Vesa Ahti,1851,2,0.0,-17.0,FIN,26,atp_rankings_2026_03_16.csv
2026-03-16,202323,Arjun Mehrotra,1852,2,0.0,-9.0,AUS,28,atp_rankings_2026_03_16.csv
2026-03-16,149108,Loic Namigandet Tenguere,1852,2,0.0,-9.0,FRA,27,atp_rankings_2026_03_16.csv
2026-03-16,210032,Pierre Antoine Tailleu,1852,2,0.0,-9.0,FRA,22,atp_rankings_2026_03_16.csv
2026-03-16,212130,Mariano Tammaro,1852,2,0.0,-9.0,ITA,22,atp_rankings_2026_03_16.csv
2026-03-16,206905,Louis Herman,1856,2,0.0,-6.0,BEL,24,atp_rankings_2026_03_16.csv
2026-03-16,,Ignasi Forcano Aparicio,1857,2,0.0,-14.0,,,atp_rankings_2026_03_16.csv
2026-03-16,200045,Anthony Susanto,1857,2,0.0,-6.0,INA,28,atp_rankings_2026_03_16.csv
2026-03-16,212260,Rocco Valente,1857,2,0.0,-14.0,ARG,21,atp_rankings_2026_03_16.csv
2026-03-16,202314,Parth Aggarwal,1860,2,0.0,-7.0,IND,28,atp_rankings_2026_03_16.csv
2026-03-16,213378,Adam Farag Cao,1860,2,-1.0,-212.0,CAN,18,atp_rankings_2026_03_16.csv
2026-03-16,110773,Issei Okamura,1860,2,0.0,-6.0,JPN,33,atp_rankings_2026_03_16.csv
2026-03-16,207463,Sheng Tang,1863,2,0.0,-8.0,CHN,26,atp_rankings_2026_03_16.csv
2026-03-16,213037,Luis Garcia Paez,1864,2,-1.0,-210.0,ESP,20,atp_rankings_2026_03_16.csv
2026-03-16,214385,Motoharu Abe,1865,1,0.0,-9.0,JPN,17,atp_rankings_2026_03_16.csv
2026-03-16,126732,Eric Ahren Moonga,1865,1,0.0,-9.0,SWE,30,atp_rankings_2026_03_16.csv
2026-03-16,213849,Artur Aiukhanov,1865,1,0.0,-9.0,RUS,20,atp_rankings_2026_03_16.csv
2026-03-16,105618,Juan Samuel Arauzo Martinez,1865,1,0.0,-9.0,ESP,35,atp_rankings_2026_03_16.csv
2026-03-16,211458,Nathan Anthony Barki,1865,1,0.0,-9.0,INA,21,atp_rankings_2026_03_16.csv
2026-03-16,214283,Juan Ignacio Barraza,1865,1,0.0,-9.0,ARG,25,atp_rankings_2026_03_16.csv
2026-03-16,213966,Jerry Barton,1865,1,0.0,-9.0,USA,22,atp_rankings_2026_03_16.csv
2026-03-16,212712,Alexis Berquier,1865,1,0.0,-9.0,FRA,,atp_rankings_2026_03_16.csv
2026-03-16,209093,Juliusz Bienkiewicz,1865,1,0.0,-9.0,POL,,atp_rankings_2026_03_16.csv
2026-03-16,210211,Omar Brigida,1865,1,0.0,-9.0,ITA,26,atp_rankings_2026_03_16.csv
2026-03-16,213942,Tighe Brunetti,1865,1,0.0,-9.0,USA,22,atp_rankings_2026_03_16.csv
2026-03-16,132456,Vasilios Caripi,1865,1,0.0,75.0,RSA,34,atp_rankings_2026_03_16.csv
2026-03-16,214301,Matthew Carroll,1865,1,0.0,-9.0,GBR,,atp_rankings_2026_03_16.csv
2026-03-16,209991,Hanamichi Carvajal,1865,1,0.0,-9.0,CHI,23,atp_rankings_2026_03_16.csv
2026-03-16,212517,Marcos Castro Fabra,1865,1,0.0,-9.0,ESP,18,atp_rankings_2026_03_16.csv
2026-03-16,213115,Elijah Cham,1865,1,0.0,-9.0,AUS,,atp_rankings_2026_03_16.csv
2026-03-16,211730,Sandesh Dattatray Kurale,1865,1,0.0,-9.0,IND,,atp_rankings_2026_03_16.csv
2026-03-16,209933,Clement Deleersnyder,1865,1,0.0,-9.0,FRA,24,atp_rankings_2026_03_16.csv
2026-03-16,214218,Malanqi Du,1865,1,0.0,-9.0,CHN,23,atp_rankings_2026_03_16.csv
2026-03-16,214308,Tomas Dummer Macedo,1865,1,0.0,-9.0,BRA,17,atp_rankings_2026_03_16.csv
2026-03-16,211685,Birtan Duran,1865,1,0.0,-9.0,TUR,21,atp_rankings_2026_03_16.csv
2026-03-16,214353,Gian Durrer,1865,1,0.0,-9.0,SUI,21,atp_rankings_2026_03_16.csv
2026-03-16,212072,Samyar Elyasi,1865,1,0.0,-9.0,IRI,21,atp_rankings_2026_03_16.csv
2026-03-16,213671,Roberto Ferrer Guimaraes,1865,1,0.0,-9.0,USA,,atp_rankings_2026_03_16.csv
2026-03-16,213904,Xavier Ferrer Mateo,1865,1,0.0,-9.0,ESP,19,atp_rankings_2026_03_16.csv
2026-03-16,214248,Oriol Font,1865,1,0.0,-9.0,ESP,20,atp_rankings_2026_03_16.csv
2026-03-16,214312,Rafael Augusto Garcia Finetto,1865,1,0.0,-9.0,BRA,18,atp_rankings_2026_03_16.csv
2026-03-16,214310,Pietro Gava,1865,1,0.0,-9.0,BRA,16,atp_rankings_2026_03_16.csv
2026-03-16,213263,Christoph Gayk,1865,1,0.0,-9.0,GER,20,atp_rankings_2026_03_16.csv
2026-03-16,206625,Daniil Golubev,1865,1,0.0,-9.0,RUS,24,atp_rankings_2026_03_16.csv
2026-03-16,213868,Maxim Groysman,1865,1,0.0,-9.0,USA,,atp_rankings_2026_03_16.csv
2026-03-16,213028,Kornel Halmos,1865,1,0.0,-9.0,HUN,20,atp_rankings_2026_03_16.csv
2026-03-16,213142,Bryan Hernandez Cortes,1865,1,0.0,-9.0,ESP,19,atp_rankings_2026_03_16.csv
2026-03-16,213342,David Jeanne Grandinot,1865,1,0.0,-9.0,FRA,23,atp_rankings_2026_03_16.csv
2026-03-16,127195,Hamza Karmoussi,1865,1,0.0,-9.0,MAR,,atp_rankings_2026_03_16.csv
2026-03-16,211608,Nicolas Kobelt,1865,1,0.0,-9.0,SUI,21,atp_rankings_2026_03_16.csv
2026-03-16,212521,Thomas Kostka,1865,1,0.0,-9.0,FRA,22,atp_rankings_2026_03_16.csv
2026-03-16,210159,Tomas Lanik,1865,1,0.0,-9.0,SVK,23,atp_rankings_2026_03_16.csv
2026-03-16,214333,Woong Bi Lee,1865,1,0.0,-9.0,KOR,20,atp_rankings_2026_03_16.csv
2026-03-16,214233,Woong Chan Lee,1865,1,0.0,-9.0,KOR,17,atp_rankings_2026_03_16.csv
2026-03-16,214294,Augusto Mateo Lucarelli,1865,1,0.0,-9.0,ARG,19,atp_rankings_2026_03_16.csv
2026-03-16,148678,Cyrus Mahjoob,1865,1,0.0,-9.0,USA,20,atp_rankings_2026_03_16.csv
2026-03-16,214251,Noah Martens,1865,1,0.0,-9.0,BEL,23,atp_rankings_2026_03_16.csv
2026-03-16,214099,Kaspar Mathes,1865,1,0.0,-9.0,GER,,atp_rankings_2026_03_16.csv
2026-03-16,144988,Joel Meda,1865,1,0.0,-9.0,CIV,31,atp_rankings_2026_03_16.csv
2026-03-16,212707,Moein Moazam,1865,1,0.0,-9.0,IRI,23,atp_rankings_2026_03_16.csv
2026-03-16,204737,Alejandro Moreno,1865,1,0.0,-9.0,MEX,36,atp_rankings_2026_03_16.csv
2026-03-16,214306,Juan Francisco Munoz,1865,1,0.0,-9.0,MEX,18,atp_rankings_2026_03_16.csv
2026-03-16,149283,Freddy Murray,1865,1,0.0,-9.0,IRL,22,atp_rankings_2026_03_16.csv
2026-03-16,208718,Mason Naumovski,1865,1,0.0,-9.0,AUS,25,atp_rankings_2026_03_16.csv
2026-03-16,214100,Niklas Niggemann,1865,1,0.0,-9.0,GER,23,atp_rankings_2026_03_16.csv
2026-03-16,212909,Dingzheng Nima,1865,1,0.0,-9.0,CHN,22,atp_rankings_2026_03_16.csv
2026-03-16,213934,Ricard Novell,1865,1,0.0,-9.0,ESP,,atp_rankings_2026_03_16.csv
2026-03-16,210133,Valdemar Frederik Pape,1865,1,0.0,-9.0,DEN,22,atp_rankings_2026_03_16.csv
2026-03-16,123896,Matija Pecotic,1865,1,0.0,-9.0,CRO,36,atp_rankings_2026_03_16.csv
2026-03-16,214254,Roberto Perez Socas,1865,1,0.0,-9.0,ESP,18,atp_rankings_2026_03_16.csv
2026-03-16,209865,Peter Benjamin Privara,1865,1,0.0,-9.0,SVK,21,atp_rankings_2026_03_16.csv
2026-03-16,214426,Felix Raser,1865,1,0.0,-9.0,AUT,16,atp_rankings_2026_03_16.csv
2026-03-16,214160,Henry Ren,1865,1,0.0,-9.0,CAN,22,atp_rankings_2026_03_16.csv
2026-03-16,200100,Tomas Rengel Sierra,1865,1,-1.0,-178.0,ARG,29,atp_rankings_2026_03_16.csv
2026-03-16,213302,Rodrigo Reyna,1865,1,0.0,-9.0,MEX,27,atp_rankings_2026_03_16.csv
2026-03-16,209880,Carl Roothman,1865,1,0.0,-9.0,RSA,23,atp_rankings_2026_03_16.csv
2026-03-16,213837,Agassi Rusher,1865,1,0.0,-9.0,USA,,atp_rankings_2026_03_16.csv
2026-03-16,134423,Leevi Saatela,1865,1,0.0,-9.0,FIN,30,atp_rankings_2026_03_16.csv
2026-03-16,105816,Batyr Sapaev,1865,1,0.0,-9.0,UZB,34,atp_rankings_2026_03_16.csv
2026-03-16,214024,Djordje Sapic,1865,1,0.0,-9.0,SRB,,atp_rankings_2026_03_16.csv
2026-03-16,214271,Mauricio Schtulmann Gasca,1865,1,0.0,-9.0,MEX,17,atp_rankings_2026_03_16.csv
2026-03-16,209948,Jan Sebesta,1865,1,0.0,-9.0,SUI,23,atp_rankings_2026_03_16.csv
2026-03-16,213761,Jack Secord,1865,1,,,USA,,atp_rankings_2026_03_16.csv
2026-03-16,214372,Rajat Shirur,1865,1,0.0,-9.0,USA,18,atp_rankings_2026_03_16.csv
2026-03-16,210162,Harry Thursfield,1865,1,0.0,-9.0,GBR,25,atp_rankings_2026_03_16.csv
2026-03-16,208329,Maximilian Todorov,1865,1,0.0,-9.0,GER,26,atp_rankings_2026_03_16.csv
2026-03-16,214045,Ryan Torres,1865,1,0.0,-9.0,PHI,,atp_rankings_2026_03_16.csv
2026-03-16,207586,Justas Trainauskas,1865,1,0.0,-9.0,LTU,24,atp_rankings_2026_03_16.csv
2026-03-16,214077,Vaal Urankar,1865,1,0.0,-9.0,SLO,20,atp_rankings_2026_03_16.csv
2026-03-16,210356,Andres Urquiola Montellano,1865,1,0.0,-9.0,BOL,21,atp_rankings_2026_03_16.csv
2026-03-16,214458,Adria Velazquez Farre,1865,1,,,ESP,16,atp_rankings_2026_03_16.csv
2026-03-16,125804,Brandon Walkin,1865,1,0.0,-9.0,GBR,31,atp_rankings_2026_03_16.csv
2026-03-16,214307,Ids Waterbolk,1865,1,0.0,-9.0,NED,24,atp_rankings_2026_03_16.csv
2026-03-16,213937,Dawid Wisniewski,1865,1,0.0,-9.0,POL,,atp_rankings_2026_03_16.csv
2026-03-16,127894,Yusuke Yoshikawa,1865,1,0.0,-9.0,JPN,31,atp_rankings_2026_03_16.csv
2026-03-16,214132,William Zhang,1865,1,0.0,-9.0,USA,,atp_rankings_2026_03_16.csv
2026-03-16,214010,Shixun Zhu,1865,1,0.0,-9.0,CHN,,atp_rankings_2026_03_16.csv
2026-03-16,206738,Bader Alabdullah,1948,1,0.0,-8.0,KUW,23,atp_rankings_2026_03_16.csv
2026-03-16,214280,Fantino Alberca,1948,1,0.0,-8.0,ARG,21,atp_rankings_2026_03_16.csv
2026-03-16,212493,Ramiro Amarilla,1948,1,0.0,-8.0,ARG,24,atp_rankings_2026_03_16.csv
2026-03-16,144727,Joao Antonio,1948,1,0.0,-8.0,POR,26,atp_rankings_2026_03_16.csv
2026-03-16,149100,Romeo Arcuschin,1948,1,0.0,-8.0,ARG,,atp_rankings_2026_03_16.csv
2026-03-16,214008,David Asenov,1948,1,0.0,-8.0,CAN,,atp_rankings_2026_03_16.csv
2026-03-16,212123,Sergio Badini,1948,1,0.0,-8.0,ITA,21,atp_rankings_2026_03_16.csv
2026-03-16,213950,Nicolas Baena,1948,1,0.0,-8.0,PER,18,atp_rankings_2026_03_16.csv
2026-03-16,214232,Lorenzo Balducci,1948,1,0.0,-8.0,ITA,18,atp_rankings_2026_03_16.csv
2026-03-16,214211,Arian Barbic,1948,1,0.0,-8.0,GER,17,atp_rankings_2026_03_16.csv
2026-03-16,211640,Victor Barrere,1948,1,0.0,-8.0,FRA,,atp_rankings_2026_03_16.csv
2026-03-16,211471,Henrik Bladelius,1948,1,-1.0,-236.0,SWE,21,atp_rankings_2026_03_16.csv
2026-03-16,212601,Luka Bojicic Ono,1948,1,0.0,-8.0,BRA,21,atp_rankings_2026_03_16.csv
2026-03-16,213663,Maximilian Borisov,1948,1,0.0,-8.0,BUL,,atp_rankings_2026_03_16.csv
2026-03-16,210440,Federico Bove,1948,1,0.0,-8.0,ITA,27,atp_rankings_2026_03_16.csv
2026-03-16,212668,Tyler Bowers,1948,1,0.0,-8.0,USA,23,atp_rankings_2026_03_16.csv
2026-03-16,213711,Dario Alexandru Ciobotaru,1948,1,0.0,-8.0,ROU,,atp_rankings_2026_03_16.csv
2026-03-16,208672,Jose Luis Claro,1948,1,0.0,-8.0,PER,22,atp_rankings_2026_03_16.csv
2026-03-16,214154,Enrique Collar,1948,1,0.0,-8.0,ESP,18,atp_rankings_2026_03_16.csv
2026-03-16,214241,Sasha Colleu,1948,1,0.0,-8.0,FRA,,atp_rankings_2026_03_16.csv
2026-03-16,214209,Lenny Couturier,1948,1,,,FRA,17,atp_rankings_2026_03_16.csv
2026-03-16,214165,Joao Pedro Didoni Bonini,1948,1,0.0,-8.0,BRA,18,atp_rankings_2026_03_16.csv
2026-03-16,213736,Martin Doskocil,1948,1,0.0,102.0,CZE,,atp_rankings_2026_03_16.csv
2026-03-16,211402,Mikhail Dubrouski,1948,1,0.0,-8.0,BLR,,atp_rankings_2026_03_16.csv
2026-03-16,210260,Gabriel Elicha Navas,1948,1,0.0,-8.0,ESP,23,atp_rankings_2026_03_16.csv
2026-03-16,214131,Edward Etty,1948,1,0.0,-8.0,NED,24,atp_rankings_2026_03_16.csv
2026-03-16,214133,Wen Bo Fan,1948,1,0.0,-8.0,CHN,18,atp_rankings_2026_03_16.csv
2026-03-16,211353,Thomas Nicholas Gadecki,1948,1,0.0,-8.0,AUS,20,atp_rankings_2026_03_16.csv
2026-03-16,214017,Jon Gamble,1948,1,0.0,-8.0,USA,,atp_rankings_2026_03_16.csv
2026-03-16,202307,Alejandro Garcia,1948,1,0.0,-8.0,ESP,24,atp_rankings_2026_03_16.csv
2026-03-16,212996,Iker Gaztambide Arrastia,1948,1,0.0,-8.0,ESP,22,atp_rankings_2026_03_16.csv
2026-03-16,210478,Sebastian Gorzny,1948,1,0.0,-8.0,USA,22,atp_rankings_2026_03_16.csv
2026-03-16,211634,Tobia Grandinetti,1948,1,0.0,-8.0,ARG,22,atp_rankings_2026_03_16.csv
2026-03-16,214364,Alexander Gschiel,1948,1,0.0,-92.0,AUT,18,atp_rankings_2026_03_16.csv
2026-03-16,214083,Thomas Gunzinger,1948,1,0.0,-8.0,SUI,,atp_rankings_2026_03_16.csv
2026-03-16,103665,Ryan Haviland,1948,1,0.0,-8.0,USA,45,atp_rankings_2026_03_16.csv
2026-03-16,210151,Mark Havlicek,1948,1,0.0,-8.0,CZE,22,atp_rankings_2026_03_16.csv
2026-03-16,206716,Lukas Hellum Lilleengen,1948,1,0.0,-8.0,NOR,25,atp_rankings_2026_03_16.csv
2026-03-16,213917,Yuya Hirose,1948,1,0.0,-8.0,JPN,,atp_rankings_2026_03_16.csv
2026-03-16,214263,Matic Hribar,1948,1,0.0,-8.0,SLO,19,atp_rankings_2026_03_16.csv
2026-03-16,214078,Leonardo Iemmi,1948,1,0.0,-8.0,ITA,20,atp_rankings_2026_03_16.csv
2026-03-16,213959,Ilya Ignatov,1948,1,0.0,-8.0,UZB,20,atp_rankings_2026_03_16.csv
2026-03-16,205905,Sergio Ingles Garre,1948,1,0.0,-8.0,ESP,26,atp_rankings_2026_03_16.csv
2026-03-16,208878,Ryder Jackson,1948,1,0.0,-8.0,USA,20,atp_rankings_2026_03_16.csv
2026-03-16,212990,Alejandro Jacome Jaramillo,1948,1,0.0,-8.0,ECU,,atp_rankings_2026_03_16.csv
2026-03-16,211472,Oliver Johansson,1948,1,0.0,-8.0,SWE,,atp_rankings_2026_03_16.csv
2026-03-16,214011,Kaigaoge Kang,1948,1,0.0,-8.0,CHN,,atp_rankings_2026_03_16.csv
2026-03-16,210112,Veljko Krstic,1948,1,0.0,-8.0,SRB,22,atp_rankings_2026_03_16.csv
2026-03-16,213780,Alexander Krylov,1948,1,0.0,102.0,RUS,22,atp_rankings_2026_03_16.csv
2026-03-16,214216,Anes Latifovic,1948,1,0.0,-8.0,GER,20,atp_rankings_2026_03_16.csv
2026-03-16,214213,Rhys Lawlor,1948,1,0.0,-8.0,GBR,17,atp_rankings_2026_03_16.csv
2026-03-16,214265,Jordan Lee,1948,1,0.0,-92.0,USA,15,atp_rankings_2026_03_16.csv
2026-03-16,210548,Tim Loosen,1948,1,0.0,-8.0,GER,24,atp_rankings_2026_03_16.csv
2026-03-16,208848,Mikolaj Lorens,1948,1,0.0,-8.0,POL,24,atp_rankings_2026_03_16.csv
2026-03-16,105747,Karim Mohamed Maamoun,1948,1,0.0,-8.0,EGY,34,atp_rankings_2026_03_16.csv
2026-03-16,209328,Martin Maldonado,1948,1,0.0,-8.0,ECU,,atp_rankings_2026_03_16.csv
2026-03-16,213971,Tomas Marin,1948,1,0.0,-8.0,COL,,atp_rankings_2026_03_16.csv
2026-03-16,214367,Marco Migliorati,1948,1,0.0,-8.0,ITA,22,atp_rankings_2026_03_16.csv
2026-03-16,212278,Milos Mikovic,1948,1,0.0,-8.0,SRB,20,atp_rankings_2026_03_16.csv
2026-03-16,213005,Ali Missoum,1948,1,0.0,-8.0,MAR,17,atp_rankings_2026_03_16.csv
2026-03-16,149157,Luis Jose Nakamine,1948,1,0.0,-8.0,PER,19,atp_rankings_2026_03_16.csv
2026-03-16,211545,Seiya Nakanishi,1948,1,0.0,-8.0,JPN,29,atp_rankings_2026_03_16.csv
2026-03-16,214373,Pierre Ngijol Carre,1948,1,0.0,-8.0,FRA,,atp_rankings_2026_03_16.csv
2026-03-16,213793,Andy Nguyen,1948,1,0.0,-8.0,USA,21,atp_rankings_2026_03_16.csv
2026-03-16,211489,Maximilian Oezcelik,1948,1,0.0,-8.0,GER,,atp_rankings_2026_03_16.csv
2026-03-16,214600,Alexander Ikenna Okonkwo,1948,1,0.0,-8.0,GBR,21,atp_rankings_2026_03_16.csv
2026-03-16,200075,Yshai Oliel,1948,1,0.0,-8.0,ISR,26,atp_rankings_2026_03_16.csv
2026-03-16,144731,Kody Pearson,1948,1,0.0,-8.0,AUS,26,atp_rankings_2026_03_16.csv
2026-03-16,210212,Alexander Petrov,1948,1,0.0,-8.0,BUL,24,atp_rankings_2026_03_16.csv
2026-03-16,214172,Mattias Pisanu,1948,1,0.0,-8.0,ITA,18,atp_rankings_2026_03_16.csv
2026-03-16,211592,Tadija Radovanovic,1948,1,0.0,-8.0,SRB,25,atp_rankings_2026_03_16.csv
2026-03-16,211604,Yannik Rahman,1948,1,0.0,-8.0,USA,,atp_rankings_2026_03_16.csv
2026-03-16,,Philippe Renard,1948,1,0.0,-8.0,,,atp_rankings_2026_03_16.csv
2026-03-16,211603,Freddie Ridout,1948,1,0.0,-8.0,GBR,,atp_rankings_2026_03_16.csv
2026-03-16,,Pablo Robledo,1948,1,0.0,-8.0,,,atp_rankings_2026_03_16.csv
2026-03-16,214261,Lautaro Rocha,1948,1,0.0,-8.0,ARG,18,atp_rankings_2026_03_16.csv
2026-03-16,212542,Jerry Roddick,1948,1,0.0,-8.0,USA,23,atp_rankings_2026_03_16.csv
2026-03-16,200012,Tim Ruehl,1948,1,0.0,-8.0,GER,27,atp_rankings_2026_03_16.csv
2026-03-16,214087,Jan Sadzik,1948,1,0.0,-8.0,POL,17,atp_rankings_2026_03_16.csv
2026-03-16,213651,Agustin Salazar Salazar,1948,1,0.0,-8.0,MEX,22,atp_rankings_2026_03_16.csv
2026-03-16,105688,Manuel Sanchez,1948,1,0.0,-8.0,MEX,35,atp_rankings_2026_03_16.csv
2026-03-16,208418,Jonas Schaer,1948,1,0.0,-8.0,SUI,25,atp_rankings_2026_03_16.csv
2026-03-16,210467,Rafael Segado Esteve,1948,1,0.0,-8.0,ESP,20,atp_rankings_2026_03_16.csv
2026-03-16,213723,Stephen Slocombe,1948,1,0.0,-92.0,BAR,22,atp_rankings_2026_03_16.csv
2026-03-16,104908,Mikal Oliver Statham,1948,1,0.0,102.0,NZL,38,atp_rankings_2026_03_16.csv
2026-03-16,214031,Nicholas Steiglehner,1948,1,0.0,-8.0,USA,21,atp_rankings_2026_03_16.csv
2026-03-16,208301,Gustaf Strom,1948,1,0.0,-8.0,SWE,24,atp_rankings_2026_03_16.csv
2026-03-16,214290,Leonardo Suarez,1948,1,0.0,-8.0,BOL,17,atp_rankings_2026_03_16.csv
2026-03-16,213981,Elias Sumann,1948,1,0.0,-8.0,AUT,20,atp_rankings_2026_03_16.csv
2026-03-16,210702,Jinpeng Tang,1948,1,0.0,-8.0,CHN,19,atp_rankings_2026_03_16.csv
2026-03-16,214068,Daniel Tazabekov,1948,1,0.0,-8.0,KAZ,18,atp_rankings_2026_03_16.csv
2026-03-16,214142,Kai Thompson,1948,1,0.0,-8.0,HKG,,atp_rankings_2026_03_16.csv
2026-03-16,213020,Aadarsh Tripathi,1948,1,0.0,-8.0,USA,22,atp_rankings_2026_03_16.csv
2026-03-16,212705,Nathan Trouve,1948,1,0.0,-8.0,FRA,20,atp_rankings_2026_03_16.csv
2026-03-16,213869,Abdulaziz Usmonjonov,1948,1,0.0,-8.0,UZB,,atp_rankings_2026_03_16.csv
2026-03-16,214297,Julian Valenzuela,1948,1,0.0,-8.0,CHI,18,atp_rankings_2026_03_16.csv
2026-03-16,210206,Jip Van Assendelft,1948,1,0.0,-8.0,NED,24,atp_rankings_2026_03_16.csv
2026-03-16,212869,Franco Ariel Vazquez,1948,1,0.0,-8.0,ARG,,atp_rankings_2026_03_16.csv
2026-03-16,211563,Aaron James Williams,1948,1,0.0,-8.0,GER,22,atp_rankings_2026_03_16.csv
2026-03-16,214358,Finn Willman,1948,1,0.0,-8.0,NZL,18,atp_rankings_2026_03_16.csv
2026-03-16,212102,Maximus Zavier Wong,1948,1,0.0,-8.0,SIN,,atp_rankings_2026_03_16.csv
2026-03-16,214110,Kai An Wu,1948,1,0.0,-8.0,TPE,19,atp_rankings_2026_03_16.csv
2026-03-16,126715,Fernando Yamacita,1948,1,0.0,-8.0,BRA,28,atp_rankings_2026_03_16.csv
2026-03-16,213895,Arturs Zagars,1948,1,0.0,-8.0,LAT,,atp_rankings_2026_03_16.csv
2026-03-16,213845,Carlos Zerega,1948,1,0.0,-8.0,MEX,30,atp_rankings_2026_03_16.csv
2026-03-16,208076,Danielle Abadia,2053,1,0.0,-3.0,SGP,24,atp_rankings_2026_03_16.csv
2026-03-16,213193,Damir Abdusamadov,2053,1,0.0,-3.0,UZB,19,atp_rankings_2026_03_16.csv
2026-03-16,208892,Mohamed Ali Abibsi,2053,1,,,ALG,23,atp_rankings_2026_03_16.csv
2026-03-16,214198,Daniel Aleksandar Amarandei,2053,1,0.0,-3.0,ITA,18,atp_rankings_2026_03_16.csv
2026-03-16,106339,Felipe Assuncao Garla,2053,1,0.0,-3.0,BRA,31,atp_rankings_2026_03_16.csv
2026-03-16,214055,Flavio Bocci,2053,1,0.0,-3.0,ITA,,atp_rankings_2026_03_16.csv
2026-03-16,109732,Enrique Bogo,2053,1,0.0,-3.0,BRA,30,atp_rankings_2026_03_16.csv
2026-03-16,213051,Thanaphat Boosarawongse,2053,1,0.0,-3.0,THA,20,atp_rankings_2026_03_16.csv
2026-03-16,149161,David Cristian Carteputreda,2053,1,0.0,-3.0,ROU,19,atp_rankings_2026_03_16.csv
2026-03-16,144833,Andres Gabriel Ciurletti,2053,1,0.0,-3.0,ITA,28,atp_rankings_2026_03_16.csv
2026-03-16,212739,Lautaro Correa Beguerie,2053,1,0.0,-3.0,ARG,20,atp_rankings_2026_03_16.csv
2026-03-16,212792,Thomas Drayton,2053,1,0.0,-3.0,GBR,,atp_rankings_2026_03_16.csv
2026-03-16,213629,Vincent Dullinger,2053,1,0.0,-113.0,GER,,atp_rankings_2026_03_16.csv
2026-03-16,213961,Tarek Erlewein,2053,1,0.0,-3.0,GER,22,atp_rankings_2026_03_16.csv
2026-03-16,207167,Barney Fitzpatrick,2053,1,0.0,-3.0,GBR,23,atp_rankings_2026_03_16.csv
2026-03-16,214375,Luis Andres Flores Avila,2053,1,0.0,-3.0,MEX,17,atp_rankings_2026_03_16.csv
2026-03-16,209895,Sai Karteek Reddy Ganta,2053,1,0.0,-3.0,IND,25,atp_rankings_2026_03_16.csv
2026-03-16,213023,Filippo Francesco Garbero,2053,1,0.0,-3.0,ITA,,atp_rankings_2026_03_16.csv
2026-03-16,209316,Anthony Genov,2053,1,0.0,52.0,BUL,24,atp_rankings_2026_03_16.csv
2026-03-16,213767,Alexander Glomb,2053,1,-1.0,-322.0,GER,,atp_rankings_2026_03_16.csv
2026-03-16,213680,Javier Guzman,2053,1,0.0,-3.0,CHL,,atp_rankings_2026_03_16.csv
2026-03-16,213074,Hugo Hashimoto,2053,1,0.0,-3.0,USA,23,atp_rankings_2026_03_16.csv
2026-03-16,213949,Julius Maximilian Haus,2053,1,0.0,-3.0,GER,18,atp_rankings_2026_03_16.csv
2026-03-16,214096,llan Hediger,2053,1,,,SUI,19,atp_rankings_2026_03_16.csv
2026-03-16,210388,Kaeri Hernandez Mariona,2053,1,0.0,-3.0,GUA,23,atp_rankings_2026_03_16.csv
2026-03-16,213168,Patrick Jozwicki,2053,1,0.0,-3.0,AUT,,atp_rankings_2026_03_16.csv
2026-03-16,213199,Dorian Juszczak,2053,1,0.0,-3.0,POL,21,atp_rankings_2026_03_16.csv
2026-03-16,213565,Isaac Lhomond,2053,1,0.0,-3.0,FRA,,atp_rankings_2026_03_16.csv
2026-03-16,213931,Jun Hao Luo,2053,1,0.0,-113.0,CHN,18,atp_rankings_2026_03_16.csv
2026-03-16,211358,Adam Majchrzak,2053,1,0.0,-3.0,POL,20,atp_rankings_2026_03_16.csv
2026-03-16,213850,Aron Janos Major,2053,1,0.0,-3.0,HUN,,atp_rankings_2026_03_16.csv
2026-03-16,211699,Franco Marini,2053,1,0.0,-3.0,ARG,,atp_rankings_2026_03_16.csv
2026-03-16,212188,Benjamin Martin,2053,1,0.0,-3.0,FRA,20,atp_rankings_2026_03_16.csv
2026-03-16,132804,Jordi Mas De Ugarte,2053,1,0.0,-3.0,ESP,30,atp_rankings_2026_03_16.csv
2026-03-16,149125,Maciej Matuszczyk,2053,1,0.0,-3.0,POL,22,atp_rankings_2026_03_16.csv
2026-03-16,214355,Eyad Reda Ezzat Mohamed Sherif,2053,1,0.0,-113.0,EGY,18,atp_rankings_2026_03_16.csv
2026-03-16,213158,Vicente Monge,2053,1,0.0,-3.0,PER,19,atp_rankings_2026_03_16.csv
2026-03-16,208204,Francois Musitelli,2053,1,0.0,-3.0,FRA,27,atp_rankings_2026_03_16.csv
2026-03-16,200703,Bogdan Pavel,2053,1,-1.0,-322.0,ROU,26,atp_rankings_2026_03_16.csv
2026-03-16,212633,Tomas Pinho,2053,1,0.0,-3.0,POR,23,atp_rankings_2026_03_16.csv
2026-03-16,214404,Oscar Pinto Sansano,2053,1,0.0,-113.0,ESP,22,atp_rankings_2026_03_16.csv
2026-03-16,205941,Rishi Reddy,2053,1,0.0,-3.0,IND,27,atp_rankings_2026_03_16.csv
2026-03-16,212882,Jackson Ross,2053,1,0.0,52.0,USA,25,atp_rankings_2026_03_16.csv
2026-03-16,214019,Hidde Schoenmakers,2053,1,0.0,-3.0,NED,,atp_rankings_2026_03_16.csv
2026-03-16,213633,Rethin Pranav Senthil Kumar,2053,1,0.0,-3.0,IND,,atp_rankings_2026_03_16.csv
2026-03-16,214328,Andre Souza,2053,1,0.0,-3.0,BRA,23,atp_rankings_2026_03_16.csv
2026-03-16,211607,Filip Stidell,2053,1,0.0,-113.0,SWE,20,atp_rankings_2026_03_16.csv
2026-03-16,212557,Samuel Stolarik,2053,1,0.0,-3.0,SVK,21,atp_rankings_2026_03_16.csv
2026-03-16,211703,Sarthak Suden,2053,1,0.0,-3.0,IND,,atp_rankings_2026_03_16.csv
2026-03-16,210664,Bjorn Swenson,2053,1,0.0,-3.0,USA,22,atp_rankings_2026_03_16.csv
2026-03-16,213160,Adam Gabor Szoke,2053,1,0.0,-3.0,HUN,21,atp_rankings_2026_03_16.csv
2026-03-16,124067,Vullnet Tashi,2053,1,0.0,-3.0,SUI,33,atp_rankings_2026_03_16.csv
2026-03-16,213784,Guillermo Tunas,2053,1,0.0,-3.0,MEX,25,atp_rankings_2026_03_16.csv
2026-03-16,207725,Niels Peter Van Noord,2053,1,0.0,-113.0,CAN,25,atp_rankings_2026_03_16.csv
2026-03-16,210094,Alexander Vikhlyantsev,2053,1,0.0,-3.0,RUS,23,atp_rankings_2026_03_16.csv
2026-03-16,213708,Henrik Villanger,2053,1,0.0,-3.0,NOR,,atp_rankings_2026_03_16.csv
2026-03-16,,Jakub Vrba,2053,1,0.0,-3.0,,,atp_rankings_2026_03_16.csv
2026-03-16,212802,Yamato Yukawa,2053,1,0.0,-3.0,JPN,,atp_rankings_2026_03_16.csv
2026-03-16,210597,Ahmed Zaki,2053,1,0.0,-3.0,EGY,21,atp_rankings_2026_03_16.csv
2026-03-16,212821,Vitaliy Zatsepin,2053,1,0.0,-3.0,KAZ,20,atp_rankings_2026_03_16.csv
2026-03-16,212039,Mohammad Alkotop,2113,1,0.0,-8.0,JOR,21,atp_rankings_2026_03_16.csv
2026-03-16,213047,Marcin Andrzejczak,2113,1,0.0,-8.0,POL,,atp_rankings_2026_03_16.csv
2026-03-16,214094,Penn Charusorn,2113,1,0.0,-8.0,THA,18,atp_rankings_2026_03_16.csv
2026-03-16,200608,Andres Fernandez Canovas,2113,1,0.0,63.0,ESP,27,atp_rankings_2026_03_16.csv
2026-03-16,214070,Jose Freitas,2113,1,0.0,-8.0,POR,19,atp_rankings_2026_03_16.csv
2026-03-16,207748,Hong Lin Fu,2113,1,0.0,-8.0,TPE,24,atp_rankings_2026_03_16.csv
2026-03-16,213839,Santiago Giamichelle,2113,1,0.0,-8.0,ARG,22,atp_rankings_2026_03_16.csv
2026-03-16,210400,Nicolas Rafael Goldberg Alviani,2113,1,0.0,-8.0,ESP,23,atp_rankings_2026_03_16.csv
2026-03-16,214124,Matteo Gribaldo,2113,1,0.0,-63.0,ITA,,atp_rankings_2026_03_16.csv
2026-03-16,208243,Seon Yong Han,2113,1,0.0,-8.0,KOR,25,atp_rankings_2026_03_16.csv
2026-03-16,208083,Adam Heinonen,2113,1,0.0,32.0,SWE,23,atp_rankings_2026_03_16.csv
2026-03-16,210422,Roan Jones,2113,1,0.0,-8.0,GBR,22,atp_rankings_2026_03_16.csv
2026-03-16,208007,Karlo Kajin,2113,1,0.0,-8.0,CRO,26,atp_rankings_2026_03_16.csv
2026-03-16,213181,Rein Koenders,2113,1,0.0,-8.0,NED,,atp_rankings_2026_03_16.csv
2026-03-16,208417,Samuil Konov,2113,1,0.0,-8.0,BUL,23,atp_rankings_2026_03_16.csv
2026-03-16,210753,Matic Kriznik,2113,1,0.0,-8.0,SLO,20,atp_rankings_2026_03_16.csv
2026-03-16,200455,Aliaksandr Liaonenka,2113,1,-1.0,-354.0,BLR,26,atp_rankings_2026_03_16.csv
2026-03-16,212754,Norbert Marosik,2113,1,0.0,-8.0,SVK,22,atp_rankings_2026_03_16.csv
2026-03-16,210139,Gabriel Matuszewski,2113,1,0.0,-8.0,POL,21,atp_rankings_2026_03_16.csv
2026-03-16,214117,Jack Mcgary,2113,1,0.0,-8.0,USA,20,atp_rankings_2026_03_16.csv
2026-03-16,213916,Ashton Mcleod,2113,1,0.0,-8.0,AUS,18,atp_rankings_2026_03_16.csv
2026-03-16,212024,Alejandro Melero Kretzer,2113,1,0.0,-8.0,ESP,21,atp_rankings_2026_03_16.csv
2026-03-16,132433,Stefan Menichella,2113,1,0.0,-8.0,USA,31,atp_rankings_2026_03_16.csv
2026-03-16,210419,Daniele Minighini,2113,1,0.0,-8.0,ITA,21,atp_rankings_2026_03_16.csv
2026-03-16,212938,Botond Nagy,2113,1,0.0,-8.0,HUN,,atp_rankings_2026_03_16.csv
2026-03-16,212805,Saba George Nanobashvili,2113,1,0.0,-8.0,SWE,21,atp_rankings_2026_03_16.csv
2026-03-16,209137,Noppadol Noikor,2113,1,0.0,-8.0,THA,26,atp_rankings_2026_03_16.csv
2026-03-16,212764,Fabrizio Karol Pio Osti,2113,1,0.0,-8.0,ITA,20,atp_rankings_2026_03_16.csv
2026-03-16,212230,Seungmin Park,2113,1,0.0,-8.0,KOR,20,atp_rankings_2026_03_16.csv
2026-03-16,211493,Calin Teodor Stirbu,2113,1,0.0,-8.0,ROU,20,atp_rankings_2026_03_16.csv
2026-03-16,213813,Alexander Ushakov,2113,1,0.0,-8.0,RUS,,atp_rankings_2026_03_16.csv
2026-03-16,214028,Matei Varbanciu,2113,1,0.0,-8.0,ROU,,atp_rankings_2026_03_16.csv
2026-03-16,212469,Qiulin Wang,2113,1,0.0,-8.0,CHN,23,atp_rankings_2026_03_16.csv
2026-03-16,212220,Weitao Xu,2113,1,0.0,-8.0,CHN,20,atp_rankings_2026_03_16.csv
2026-03-16,213410,Romain Andres,2147,1,0.0,-2.0,FRA,19,atp_rankings_2026_03_16.csv
2026-03-16,211554,Suk Ann,2147,1,0.0,-2.0,KOR,,atp_rankings_2026_03_16.csv
2026-03-16,211738,Jonah Braswell,2147,1,0.0,-2.0,USA,22,atp_rankings_2026_03_16.csv
2026-03-16,213759,Maxi Carrascosa Diaz,2147,1,0.0,-42.0,ESP,,atp_rankings_2026_03_16.csv
2026-03-16,214014,Pedro Henrique Chabalgoity,2147,1,0.0,-2.0,BRA,,atp_rankings_2026_03_16.csv
2026-03-16,207761,Julien De Cuyper,2147,1,0.0,-2.0,FRA,26,atp_rankings_2026_03_16.csv
2026-03-16,213140,Edoardo De Filippo,2147,1,0.0,-2.0,ITA,21,atp_rankings_2026_03_16.csv
2026-03-16,213859,Andrei Corneliu Gadoiu,2147,1,0.0,-2.0,ROU,17,atp_rankings_2026_03_16.csv
2026-03-16,212925,Alexandru Toubi Hebhang Balan,2147,1,0.0,-2.0,CAN,,atp_rankings_2026_03_16.csv
2026-03-16,212571,Jim Hendrikx,2147,1,0.0,-2.0,NED,24,atp_rankings_2026_03_16.csv
2026-03-16,213664,Vladimir Holban,2147,1,0.0,-42.0,GRE,,atp_rankings_2026_03_16.csv
2026-03-16,213928,Reid Jarvis,2147,1,0.0,-2.0,USA,,atp_rankings_2026_03_16.csv
2026-03-16,208157,Jan Jermar,2147,1,0.0,-2.0,CZE,25,atp_rankings_2026_03_16.csv
2026-03-16,210575,Jack Karlsson Wistrand,2147,1,0.0,-2.0,SWE,23,atp_rankings_2026_03_16.csv
2026-03-16,208558,Rafael Kis Balazs,2147,1,0.0,-2.0,HUN,24,atp_rankings_2026_03_16.csv
2026-03-16,200690,Yuhei Kono,2147,1,0.0,-2.0,JPN,30,atp_rankings_2026_03_16.csv
2026-03-16,212576,Valentin Kopeikin,2147,1,0.0,-2.0,RUS,24,atp_rankings_2026_03_16.csv
2026-03-16,212293,Karl Kazuma Lee,2147,1,0.0,-2.0,USA,23,atp_rankings_2026_03_16.csv
2026-03-16,213060,Adam Lynch,2147,1,0.0,-2.0,USA,,atp_rankings_2026_03_16.csv
2026-03-16,213831,Vicente Freda,2147,1,0.0,-2.0,BRA,18,atp_rankings_2026_03_16.csv
2026-03-16,213329,Matteo Mesaglio,2147,1,0.0,-2.0,ITA,21,atp_rankings_2026_03_16.csv
2026-03-16,214260,Salvador Monteiro,2147,1,0.0,-42.0,POR,18,atp_rankings_2026_03_16.csv
2026-03-16,213958,Ramazan Kaan Oktay,2147,1,0.0,-42.0,TUR,,atp_rankings_2026_03_16.csv
2026-03-16,,Daniil Piatrouski,2147,1,0.0,-42.0,,,atp_rankings_2026_03_16.csv
2026-03-16,213415,Glauco Pinheiro Da Cruz Junior,2147,1,0.0,-2.0,BRA,20,atp_rankings_2026_03_16.csv
2026-03-16,213783,Oswaldo Alejandro Reyes Tirado,2147,1,0.0,29.0,MEX,18,atp_rankings_2026_03_16.csv
2026-03-16,207685,Peter Sallay,2147,1,0.0,-2.0,HUN,25,atp_rankings_2026_03_16.csv
2026-03-16,214123,Elijah Sanogo,2147,1,0.0,-2.0,FRA,17,atp_rankings_2026_03_16.csv
2026-03-16,214126,Matteo Sciahbasi,2147,1,,,ITA,18,atp_rankings_2026_03_16.csv
2026-03-16,131999,Kyle Seelig,2147,1,0.0,-2.0,USA,28,atp_rankings_2026_03_16.csv
2026-03-16,213992,Lev Seidman,2147,1,0.0,-2.0,USA,18,atp_rankings_2026_03_16.csv
2026-03-16,210453,Cedric Stanke,2147,1,0.0,-2.0,GER,27,atp_rankings_2026_03_16.csv
2026-03-16,212087,Dmitrii Vasilev,2147,1,0.0,-2.0,RUS,24,atp_rankings_2026_03_16.csv
2026-03-16,213758,Pablo Aunion,2180,1,0.0,-4.0,ESP,18,atp_rankings_2026_03_16.csv
2026-03-16,211517,Gregorio Biondolillo,2180,1,0.0,-35.0,ITA,25,atp_rankings_2026_03_16.csv
2026-03-16,213393,Breno Braga,2180,1,0.0,-4.0,BRA,21,atp_rankings_2026_03_16.csv
2026-03-16,210434,Charlie Camus,2180,1,0.0,18.0,FRA,19,atp_rankings_2026_03_16.csv
2026-03-16,208559,Rahul Dhokia,2180,1,0.0,-35.0,GBR,25,atp_rankings_2026_03_16.csv
2026-03-16,210723,Liam Hignett,2180,1,0.0,-35.0,GBR,26,atp_rankings_2026_03_16.csv
2026-03-16,213970,Nicolas Hurtado Novoa,2180,1,0.0,-4.0,COL,,atp_rankings_2026_03_16.csv
2026-03-16,211573,Lucky Candra Kurniawan,2180,1,0.0,-4.0,INA,22,atp_rankings_2026_03_16.csv
2026-03-16,125848,Niels Lootsma,2180,1,0.0,-4.0,NED,31,atp_rankings_2026_03_16.csv
2026-03-16,212825,Cian Maguire,2180,1,0.0,-4.0,IRL,26,atp_rankings_2026_03_16.csv
2026-03-16,148670,Karol Malirz,2180,1,0.0,-4.0,POL,23,atp_rankings_2026_03_16.csv
2026-03-16,214207,Thomas Enrique Menzel Piccioli,2180,1,0.0,-4.0,CHI,18,atp_rankings_2026_03_16.csv
2026-03-16,213770,Andreas Messis,2180,1,0.0,-4.0,GRE,,atp_rankings_2026_03_16.csv
2026-03-16,208239,Zhou Mingzhou,2180,1,0.0,-4.0,CHN,25,atp_rankings_2026_03_16.csv
2026-03-16,207178,Joe Tyler,2180,1,0.0,-4.0,GBR,27,atp_rankings_2026_03_16.csv
2026-03-16,202413,Lazar Vojinovic,2180,1,0.0,-4.0,SRB,27,atp_rankings_2026_03_16.csv
2026-03-16,212471,Minghui Zhang,2180,1,0.0,-4.0,CHN,21,atp_rankings_2026_03_16.csv
2026-03-16,213612,Daniil Bogatov,2197,1,0.0,1.0,RUS,,atp_rankings_2026_03_16.csv
2026-03-16,212497,Alvaro Bueno Gil,2197,1,0.0,1.0,ESP,25,atp_rankings_2026_03_16.csv
2026-03-16,213537,Jose Dominguez Alonso,2197,1,0.0,1.0,ESP,,atp_rankings_2026_03_16.csv
2026-03-16,210068,Lorenzo Ferri,2197,1,0.0,1.0,ITA,22,atp_rankings_2026_03_16.csv
2026-03-16,212638,Gregor Hausberger,2197,1,0.0,1.0,AUT,22,atp_rankings_2026_03_16.csv
2026-03-16,208668,Sean Hess,2197,1,0.0,15.0,ARG,24,atp_rankings_2026_03_16.csv
2026-03-16,213819,Andrei Kunitsyn,2197,1,0.0,1.0,RUS,21,atp_rankings_2026_03_16.csv
2026-03-16,211389,Manuel Mouilleron Salvo,2197,1,0.0,-21.0,ARG,22,atp_rankings_2026_03_16.csv
2026-03-16,210476,Enmanuel Munoz,2197,1,0.0,-21.0,DOM,21,atp_rankings_2026_03_16.csv
2026-03-16,213161,Fredrik Krogh Solheim,2197,1,0.0,1.0,NOR,,atp_rankings_2026_03_16.csv
2026-03-16,214170,Cagan Efe Tufecki,2197,1,0.0,1.0,TUR,22,atp_rankings_2026_03_16.csv
2026-03-16,214159,Yassin Ahmed Wageh,2197,1,0.0,-21.0,EGY,18,atp_rankings_2026_03_16.csv
2026-03-16,212103,Zhan Zheng,2197,1,0.0,1.0,CHN,23,atp_rankings_2026_03_16.csv
2026-03-16,208853,Adrien Burdet,2210,1,0.0,2.0,SUI,24,atp_rankings_2026_03_16.csv
2026-03-16,212094,Liam Delicata,2210,1,0.0,-12.0,MLT,24,atp_rankings_2026_03_16.csv
2026-03-16,211600,Carlos Giraldi,2210,1,0.0,2.0,ESP,20,atp_rankings_2026_03_16.csv
2026-03-16,207934,Philip Hjorth,2210,1,0.0,11.0,DEN,27,atp_rankings_2026_03_16.csv
2026-03-16,213024,Ivan Iutkin,2210,1,0.0,-12.0,RUS,18,atp_rankings_2026_03_16.csv
2026-03-16,111772,Krittin Koaykul,2210,1,0.0,2.0,THA,30,atp_rankings_2026_03_16.csv
2026-03-16,212716,Kyle Overmyer,2210,1,0.0,2.0,USA,22,atp_rankings_2026_03_16.csv
2026-03-16,212945,Yong Joon Park,2210,1,0.0,2.0,KOR,24,atp_rankings_2026_03_16.csv
2026-03-16,212164,Breno Rossetto Urvaneja,2210,1,0.0,2.0,BRA,21,atp_rankings_2026_03_16.csv
2026-03-16,212971,Tsz Fu Wong,2210,1,0.0,2.0,HKG,20,atp_rankings_2026_03_16.csv
2026-03-16,210417,Adrian Arcon,2220,1,0.0,1.0,AUS,24,atp_rankings_2026_03_16.csv
2026-03-16,212786,Victor Braga,2220,1,0.0,-8.0,BRA,21,atp_rankings_2026_03_16.csv
2026-03-16,213775,Mateo Carballo,2220,1,0.0,1.0,ARG,,atp_rankings_2026_03_16.csv
2026-03-16,212518,Leo Deflandre,2220,1,0.0,9.0,FRA,24,atp_rankings_2026_03_16.csv
2026-03-16,212472,Xirui Han,2220,1,0.0,1.0,CHN,19,atp_rankings_2026_03_16.csv
2026-03-16,212593,Filip Krolo,2220,1,0.0,1.0,GER,24,atp_rankings_2026_03_16.csv
2026-03-16,210751,Isaac Nortey,2220,1,0.0,1.0,GHA,26,atp_rankings_2026_03_16.csv
2026-03-16,206739,Essa Qabazard,2220,1,0.0,1.0,KUW,24,atp_rankings_2026_03_16.csv
2026-03-16,124074,Kazuma Kawachi,2228,1,0.0,1.0,JPN,31,atp_rankings_2026_03_16.csv
2026-03-16,210103,Luca Parenti,2228,1,0.0,-7.0,ITA,22,atp_rankings_2026_03_16.csv
2026-03-16,213582,Andrea Motta,2230,1,0.0,1.0,ITA,,atp_rankings_2026_03_16.csv
2026-03-16,209046,Atharva Sharma,2230,1,0.0,1.0,IND,25,atp_rankings_2026_03_16.csv
2026-03-16,208780,Kaya Arinc,2232,1,0.0,1.0,TUR,26,atp_rankings_2026_03_16.csv
2026-03-16,213494,Bogdan Seleznev,2233,1,-1.0,-382.0,RUS,23,atp_rankings_2026_03_16.csv
