ranking_date,player_id,player_name,atp_rank,atp_points,atp_points_change,atp_rank_change,country,age,source_file
2026-01-19,207989,Carlos Alcaraz,1,12050,0.0,0.0,ESP,22,atp_rankings_2026_01_19.csv
2026-01-19,206173,Jannik Sinner,2,11500,0.0,0.0,ITA,24,atp_rankings_2026_01_19.csv
2026-01-19,100644,Alexander Zverev,3,5105,0.0,0.0,GER,28,atp_rankings_2026_01_19.csv
2026-01-19,104925,Novak Djokovic,4,4780,0.0,0.0,SRB,38,atp_rankings_2026_01_19.csv
2026-01-19,207518,Lorenzo Musetti,5,4105,0.0,0.0,ITA,23,atp_rankings_2026_01_19.csv
2026-01-19,200282,Alex De Minaur,6,4080,0.0,0.0,AUS,26,atp_rankings_2026_01_19.csv
2026-01-19,210097,Ben Shelton,7,4000,40.0,1.0,USA,23,atp_rankings_2026_01_19.csv
2026-01-19,200000,Felix Auger Aliassime,8,3990,0.0,-1.0,CAN,25,atp_rankings_2026_01_19.csv
2026-01-19,126203,Taylor Fritz,9,3840,0.0,0.0,USA,28,atp_rankings_2026_01_19.csv
2026-01-19,122330,Alexander Bublik,10,3065,0.0,0.0,KAZ,28,atp_rankings_2026_01_19.csv
2026-01-19,207733,Jack Draper,11,2990,0.0,0.0,GBR,24,atp_rankings_2026_01_19.csv
2026-01-19,106421,Daniil Medvedev,12,2910,0.0,0.0,RUS,29,atp_rankings_2026_01_19.csv
2026-01-19,134770,Casper Ruud,13,2795,0.0,0.0,NOR,27,atp_rankings_2026_01_19.csv
2026-01-19,200221,Alejandro Davidovich Fokina,14,2635,50.0,1.0,ESP,26,atp_rankings_2026_01_19.csv
2026-01-19,126094,Andrey Rublev,15,2600,0.0,-1.0,RUS,28,atp_rankings_2026_01_19.csv
2026-01-19,208029,Holger Rune,16,2580,0.0,0.0,DEN,22,atp_rankings_2026_01_19.csv
2026-01-19,210084,Jakub Mensik,17,2345,220.0,1.0,CZE,20,atp_rankings_2026_01_19.csv
2026-01-19,111575,Karen Khachanov,18,2320,0.0,-1.0,RUS,29,atp_rankings_2026_01_19.csv
2026-01-19,208103,Jiri Lehecka,19,2090,0.0,0.0,CZE,24,atp_rankings_2026_01_19.csv
2026-01-19,126205,Tommy Paul,20,2050,50.0,1.0,USA,28,atp_rankings_2026_01_19.csv
2026-01-19,202103,Francisco Cerundolo,21,2035,0.0,-1.0,ARG,27,atp_rankings_2026_01_19.csv
2026-01-19,207925,Flavio Cobolli,22,1955,0.0,0.0,ITA,23,atp_rankings_2026_01_19.csv
2026-01-19,133430,Denis Shapovalov,23,1650,0.0,0.0,CAN,26,atp_rankings_2026_01_19.csv
2026-01-19,207830,Tomas Machac,24,1610,250.0,11.0,CZE,25,atp_rankings_2026_01_19.csv
2026-01-19,209260,Luciano Darderi,25,1599,20.0,-1.0,ITA,23,atp_rankings_2026_01_19.csv
2026-01-19,134868,Tallon Griekspoor,26,1565,0.0,-1.0,NED,29,atp_rankings_2026_01_19.csv
2026-01-19,111815,Cameron Norrie,27,1553,15.0,1.0,GBR,30,atp_rankings_2026_01_19.csv
2026-01-19,126239,Arthur Rinderknech,28,1551,0.0,-2.0,FRA,30,atp_rankings_2026_01_19.csv
2026-01-19,210530,Learner Tien,29,1540,0.0,-2.0,USA,20,atp_rankings_2026_01_19.csv
2026-01-19,206909,Brandon Nakashima,30,1535,0.0,-1.0,USA,24,atp_rankings_2026_01_19.csv
2026-01-19,200473,Valentin Vacherot,31,1519,50.0,1.0,MON,27,atp_rankings_2026_01_19.csv
2026-01-19,211663,Joao Fonseca,32,1510,0.0,-2.0,BRA,19,atp_rankings_2026_01_19.csv
2026-01-19,200005,Ugo Humbert,33,1510,155.0,3.0,FRA,27,atp_rankings_2026_01_19.csv
2026-01-19,126207,Frances Tiafoe,34,1500,0.0,-3.0,USA,27,atp_rankings_2026_01_19.csv
2026-01-19,126774,Stefanos Tsitsipas,35,1455,0.0,-2.0,GRE,27,atp_rankings_2026_01_19.csv
2026-01-19,202104,Sebastian Baez,36,1390,140.0,3.0,ARG,25,atp_rankings_2026_01_19.csv
2026-01-19,144895,Corentin Moutet,37,1383,0.0,-3.0,FRA,26,atp_rankings_2026_01_19.csv
2026-01-19,210506,Alex Michelsen,38,1350,0.0,-1.0,USA,21,atp_rankings_2026_01_19.csv
2026-01-19,144719,Jaume Munar,39,1335,40.0,-1.0,ESP,28,atp_rankings_2026_01_19.csv
2026-01-19,132283,Lorenzo Sonego,40,1240,0.0,0.0,ITA,30,atp_rankings_2026_01_19.csv
2026-01-19,209113,Gabriel Diallo,41,1215,0.0,0.0,CAN,24,atp_rankings_2026_01_19.csv
2026-01-19,209950,Arthur Fils,42,1210,0.0,0.0,FRA,21,atp_rankings_2026_01_19.csv
2026-01-19,200267,Zizou Bergs,43,1170,0.0,0.0,BEL,26,atp_rankings_2026_01_19.csv
2026-01-19,127157,Daniel Altmaier,44,1123,0.0,0.0,GER,27,atp_rankings_2026_01_19.csv
2026-01-19,105777,Grigor Dimitrov,45,1105,0.0,0.0,BUL,34,atp_rankings_2026_01_19.csv
2026-01-19,132686,Nuno Borges,46,1070,0.0,0.0,POR,28,atp_rankings_2026_01_19.csv
2026-01-19,206681,Fabian Marozsan,47,1065,90.0,5.0,HUN,26,atp_rankings_2026_01_19.csv
2026-01-19,202385,Jenson Brooksby,48,1042,25.0,0.0,USA,25,atp_rankings_2026_01_19.csv
2026-01-19,200116,Camilo Ugo Carabelli,49,1028,0.0,-2.0,ARG,26,atp_rankings_2026_01_19.csv
2026-01-19,200615,Alexei Popyrin,50,1000,0.0,-1.0,AUS,26,atp_rankings_2026_01_19.csv
2026-01-19,106218,Marcos Giron,51,985,90.0,9.0,USA,32,atp_rankings_2026_01_19.csv
2026-01-19,124186,Alexandre Muller,52,980,0.0,-2.0,FRA,28,atp_rankings_2026_01_19.csv
2026-01-19,200624,Sebastian Korda,53,975,0.0,-2.0,USA,25,atp_rankings_2026_01_19.csv
2026-01-19,105916,Marton Fucsovics,54,967,18.0,1.0,HUN,33,atp_rankings_2026_01_19.csv
2026-01-19,128034,Hubert Hurkacz,55,965,0.0,-2.0,POL,28,atp_rankings_2026_01_19.csv
2026-01-19,206499,Aleksandar Kovacevic,56,964,0.0,-2.0,USA,27,atp_rankings_2026_01_19.csv
2026-01-19,126610,Matteo Berrettini,57,945,0.0,-1.0,ITA,29,atp_rankings_2026_01_19.csv
2026-01-19,208316,Valentin Royer,58,924,0.0,-1.0,FRA,24,atp_rankings_2026_01_19.csv
2026-01-19,111794,Kamil Majchrzak,59,918,0.0,-1.0,POL,30,atp_rankings_2026_01_19.csv
2026-01-19,200175,Miomir Kecmanovic,60,910,0.0,-1.0,SRB,26,atp_rankings_2026_01_19.csv
2026-01-19,208659,Giovanni Mpetshi Perricard,61,905,40.0,2.0,FRA,22,atp_rankings_2026_01_19.csv
2026-01-19,144869,Tomas Martin Etcheverry,62,895,0.0,-1.0,ARG,26,atp_rankings_2026_01_19.csv
2026-01-19,124187,Reilly Opelka,63,873,0.0,-1.0,USA,28,atp_rankings_2026_01_19.csv
2026-01-19,209279,Terence Atmane,64,862,0.0,0.0,FRA,24,atp_rankings_2026_01_19.csv
2026-01-19,208286,Matteo Arnaldi,65,858,0.0,0.0,ITA,24,atp_rankings_2026_01_19.csv
2026-01-19,106000,Damir Dzumhur,66,837,0.0,0.0,BIH,33,atp_rankings_2026_01_19.csv
2026-01-19,209070,Arthur Cazaux,67,830,0.0,0.0,FRA,23,atp_rankings_2026_01_19.csv
2026-01-19,207681,Francisco Comesana,68,829,0.0,0.0,ARG,25,atp_rankings_2026_01_19.csv
2026-01-19,105173,Adrian Mannarino,69,810,0.0,0.0,FRA,37,atp_rankings_2026_01_19.csv
2026-01-19,105227,Marin Cilic,70,790,0.0,0.0,CRO,37,atp_rankings_2026_01_19.csv
2026-01-19,124079,Pedro Martinez,71,768,0.0,0.0,ESP,28,atp_rankings_2026_01_19.csv
2026-01-19,209920,Raphael Collignon,72,767,0.0,0.0,BEL,24,atp_rankings_2026_01_19.csv
2026-01-19,207411,Jesper De Jong,73,763,0.0,0.0,NED,25,atp_rankings_2026_01_19.csv
2026-01-19,208363,Mariano Navone,74,760,0.0,0.0,ARG,24,atp_rankings_2026_01_19.csv
2026-01-19,122298,Botic Van De Zandschulp,75,759,0.0,0.0,NED,30,atp_rankings_2026_01_19.csv
2026-01-19,208233,Mattia Bellucci,76,758,0.0,0.0,ITA,24,atp_rankings_2026_01_19.csv
2026-01-19,207985,Jacob Fearnley,77,752,0.0,0.0,GBR,24,atp_rankings_2026_01_19.csv
2026-01-19,126846,Aleksandar Vukic,78,746,53.0,9.0,AUS,29,atp_rankings_2026_01_19.csv
2026-01-19,126214,Alejandro Tabilo,79,737,15.0,2.0,CHI,28,atp_rankings_2026_01_19.csv
2026-01-19,210319,Ethan Quinn,80,733,0.0,-2.0,USA,21,atp_rankings_2026_01_19.csv
2026-01-19,200443,Adam Walton,81,727,0.0,-2.0,AUS,26,atp_rankings_2026_01_19.csv
2026-01-19,106426,Cristian Garin,82,726,0.0,-2.0,CHI,29,atp_rankings_2026_01_19.csv
2026-01-19,111460,Quentin Halys,83,725,28.0,2.0,FRA,29,atp_rankings_2026_01_19.csv
2026-01-19,209209,Filip Misolic,84,725,5.0,-2.0,AUT,24,atp_rankings_2026_01_19.csv
2026-01-19,208118,Eliot Spizzirri,85,725,53.0,4.0,USA,24,atp_rankings_2026_01_19.csv
2026-01-19,105526,Jan Lennard Struff,86,706,7.0,-2.0,GER,35,atp_rankings_2026_01_19.csv
2026-01-19,207678,Juan Manuel Cerundolo,87,700,0.0,-4.0,ARG,24,atp_rankings_2026_01_19.csv
2026-01-19,105902,James Duckworth,88,694,0.0,-2.0,AUS,33,atp_rankings_2026_01_19.csv
2026-01-19,207182,Emilio Nava,89,683,6.0,-1.0,USA,24,atp_rankings_2026_01_19.csv
2026-01-19,209098,Hamad Medjedovic,90,681,38.0,6.0,SRB,22,atp_rankings_2026_01_19.csv
2026-01-19,105138,Roberto Bautista Agut,91,670,0.0,-1.0,ESP,37,atp_rankings_2026_01_19.csv
2026-01-19,111513,Laslo Djere,92,659,0.0,-1.0,SRB,30,atp_rankings_2026_01_19.csv
2026-01-19,200384,Hugo Gaston,93,656,3.0,1.0,FRA,25,atp_rankings_2026_01_19.csv
2026-01-19,105807,Pablo Carreno Busta,94,656,0.0,-2.0,ESP,34,atp_rankings_2026_01_19.csv
2026-01-19,207494,Dalibor Svrcina,95,655,0.0,-2.0,CZE,23,atp_rankings_2026_01_19.csv
2026-01-19,210696,Alexander Blockx,96,653,0.0,-1.0,BEL,20,atp_rankings_2026_01_19.csv
2026-01-19,207686,Alexander Shevchenko,97,650,53.0,7.0,KAZ,25,atp_rankings_2026_01_19.csv
2026-01-19,209262,Tristan Schoolkate,98,641,0.0,-1.0,AUS,24,atp_rankings_2026_01_19.csv
2026-01-19,126535,Carlos Taberner,99,630,0.0,-1.0,ESP,28,atp_rankings_2026_01_19.csv
2026-01-19,209860,Ignacio Buse,100,627,0.0,-1.0,PER,21,atp_rankings_2026_01_19.csv
2026-01-19,200240,Vit Kopriva,101,626,0.0,-1.0,CZE,28,atp_rankings_2026_01_19.csv
2026-01-19,105870,Yannick Hanfmann,102,611,0.0,-1.0,GER,34,atp_rankings_2026_01_19.csv
2026-01-19,202058,Thiago Agustin Tirante,103,605,0.0,-1.0,ARG,24,atp_rankings_2026_01_19.csv
2026-01-19,208882,Roman Andres Burruchaga,104,604,0.0,-1.0,ARG,23,atp_rankings_2026_01_19.csv
2026-01-19,105932,Nikoloz Basilashvili,105,573,0.0,0.0,GEO,33,atp_rankings_2026_01_19.csv
2026-01-19,126127,Benjamin Bonzi,106,566,0.0,0.0,FRA,29,atp_rankings_2026_01_19.csv
2026-01-19,144642,Tomas Barrios Vera,107,565,0.0,0.0,CHI,28,atp_rankings_2026_01_19.csv
2026-01-19,208134,Luca Nardi,108,561,0.0,0.0,ITA,22,atp_rankings_2026_01_19.csv
2026-01-19,200587,Brandon Holt,109,553,0.0,0.0,USA,27,atp_rankings_2026_01_19.csv
2026-01-19,104792,Gael Monfils,110,550,0.0,0.0,FRA,39,atp_rankings_2026_01_19.csv
2026-01-19,111442,Jordan Thompson,111,548,0.0,0.0,AUS,31,atp_rankings_2026_01_19.csv
2026-01-19,208278,Shintaro Mochizuki,112,547,0.0,0.0,JPN,22,atp_rankings_2026_01_19.csv
2026-01-19,111456,Mackenzie Mcdonald,113,546,0.0,0.0,USA,30,atp_rankings_2026_01_19.csv
2026-01-19,208014,Rinky Hijikata,114,542,15.0,1.0,AUS,24,atp_rankings_2026_01_19.csv
2026-01-19,106415,Yoshihito Nishioka,115,528,0.0,-1.0,JPN,30,atp_rankings_2026_01_19.csv
2026-01-19,200516,Patrick Kypson,116,527,0.0,0.0,USA,26,atp_rankings_2026_01_19.csv
2026-01-19,105676,David Goffin,117,525,0.0,0.0,BEL,35,atp_rankings_2026_01_19.csv
2026-01-19,106331,Christopher Oconnell,118,521,0.0,0.0,AUS,31,atp_rankings_2026_01_19.csv
2026-01-19,209284,Elmer Moller,119,517,0.0,0.0,DEN,22,atp_rankings_2026_01_19.csv
2026-01-19,207352,Bu Yunchaokete,120,499,0.0,0.0,CHN,24,atp_rankings_2026_01_19.csv
2026-01-19,126129,Billy Harris,121,499,0.0,0.0,GBR,30,atp_rankings_2026_01_19.csv
2026-01-19,202358,Chun Hsin Tseng,122,498,0.0,0.0,TPE,24,atp_rankings_2026_01_19.csv
2026-01-19,106432,Borna Coric,123,498,0.0,0.0,CRO,29,atp_rankings_2026_01_19.csv
2026-01-19,123828,Jan Choinski,124,498,0.0,0.0,GBR,29,atp_rankings_2026_01_19.csv
2026-01-19,105583,Dusan Lajovic,125,497,0.0,0.0,SRB,35,atp_rankings_2026_01_19.csv
2026-01-19,202261,Otto Virtanen,126,488,0.0,0.0,FIN,24,atp_rankings_2026_01_19.csv
2026-01-19,209976,Dino Prizmic,127,481,0.0,0.0,CRO,20,atp_rankings_2026_01_19.csv
2026-01-19,208021,Kyrian Jacquet,128,477,0.0,0.0,FRA,24,atp_rankings_2026_01_19.csv
2026-01-19,209147,Vilius Gaubas,129,469,0.0,0.0,LTU,21,atp_rankings_2026_01_19.csv
2026-01-19,105477,Marco Trungelliti,130,468,0.0,0.0,ARG,35,atp_rankings_2026_01_19.csv
2026-01-19,124116,Sebastian Ofner,131,463,0.0,0.0,AUT,29,atp_rankings_2026_01_19.csv
2026-01-19,209409,Coleman Wong,132,456,0.0,0.0,HKG,21,atp_rankings_2026_01_19.csv
2026-01-19,111797,Nicolas Jarry,133,451,0.0,0.0,CHI,30,atp_rankings_2026_01_19.csv
2026-01-19,121411,Moez Echargui,134,448,0.0,0.0,TUN,33,atp_rankings_2026_01_19.csv
2026-01-19,149282,Nicolai Budkov Kjaer,135,446,0.0,0.0,NOR,19,atp_rankings_2026_01_19.csv
2026-01-19,127760,Lukas Klein,136,444,0.0,0.0,SVK,27,atp_rankings_2026_01_19.csv
2026-01-19,106198,Hugo Dellien,137,438,0.0,0.0,BOL,32,atp_rankings_2026_01_19.csv
2026-01-19,126504,Andrea Pellegrino,138,438,0.0,0.0,ITA,28,atp_rankings_2026_01_19.csv
2026-01-19,104527,Stan Wawrinka,139,437,0.0,0.0,SUI,40,atp_rankings_2026_01_19.csv
2026-01-19,208859,Francesco Passaro,140,436,0.0,0.0,ITA,25,atp_rankings_2026_01_19.csv
2026-01-19,208353,Francesco Maestrelli,141,436,0.0,0.0,ITA,23,atp_rankings_2026_01_19.csv
2026-01-19,200259,Ugo Blanchet,142,435,0.0,0.0,FRA,27,atp_rankings_2026_01_19.csv
2026-01-19,208260,Zachary Svajda,143,431,0.0,0.0,USA,23,atp_rankings_2026_01_19.csv
2026-01-19,200647,Sho Shimabukuro,144,430,0.0,0.0,JPN,28,atp_rankings_2026_01_19.csv
2026-01-19,208119,Liam Draxl,145,429,0.0,0.0,CAN,24,atp_rankings_2026_01_19.csv
2026-01-19,209226,Adolfo Daniel Vallejo,146,428,0.0,0.0,PAR,21,atp_rankings_2026_01_19.csv
2026-01-19,106148,Roberto Carballes Baena,147,427,0.0,0.0,ESP,32,atp_rankings_2026_01_19.csv
2026-01-19,212256,Colton Smith,148,424,0.0,0.0,USA,22,atp_rankings_2026_01_19.csv
2026-01-19,211776,Martin Landaluce,149,420,0.0,0.0,ESP,20,atp_rankings_2026_01_19.csv
2026-01-19,212588,Rafael Jodar,150,418,0.0,0.0,ESP,19,atp_rankings_2026_01_19.csv
2026-01-19,210262,Jaime Faria,151,413,0.0,0.0,POR,22,atp_rankings_2026_01_19.csv
2026-01-19,209261,Matteo Gigante,152,407,0.0,0.0,ITA,24,atp_rankings_2026_01_19.csv
2026-01-19,210136,Mark Lajal,153,407,0.0,0.0,EST,22,atp_rankings_2026_01_19.csv
2026-01-19,123755,Daniel Elahi Galan,154,405,0.0,0.0,COL,29,atp_rankings_2026_01_19.csv
2026-01-19,208169,Titouan Droguet,155,404,0.0,0.0,FRA,24,atp_rankings_2026_01_19.csv
2026-01-19,206748,Giulio Zeppieri,156,402,0.0,0.0,ITA,24,atp_rankings_2026_01_19.csv
2026-01-19,105732,Pierre Hugues Herbert,157,399,0.0,0.0,FRA,34,atp_rankings_2026_01_19.csv
2026-01-19,210012,Henrique Rocha,158,394,0.0,0.0,POR,21,atp_rankings_2026_01_19.csv
2026-01-19,208004,Harold Mayot,159,380,0.0,0.0,FRA,23,atp_rankings_2026_01_19.csv
2026-01-19,209911,Guy Den Ouden,160,372,0.0,0.0,NED,23,atp_rankings_2026_01_19.csv
2026-01-19,126663,Juan Pablo Ficovich,161,369,0.0,0.0,ARG,28,atp_rankings_2026_01_19.csv
2026-01-19,133297,Yosuke Watanuki,162,364,0.0,0.0,JPN,27,atp_rankings_2026_01_19.csv
2026-01-19,210053,Luka Mikrut,163,361,0.0,0.0,CRO,21,atp_rankings_2026_01_19.csv
2026-01-19,210017,Daniel Merida Aguilar,164,353,0.0,0.0,ESP,21,atp_rankings_2026_01_19.csv
2026-01-19,209414,Luca Van Assche,165,352,0.0,0.0,FRA,21,atp_rankings_2026_01_19.csv
2026-01-19,126964,Vitaliy Sachko,166,349,0.0,0.0,UKR,28,atp_rankings_2026_01_19.csv
2026-01-19,200514,Jurij Rodionov,167,348,0.0,0.0,AUT,26,atp_rankings_2026_01_19.csv
2026-01-19,200059,Yibing Wu,168,347,0.0,0.0,CHN,26,atp_rankings_2026_01_19.csv
2026-01-19,200711,Nicolas Mejia,169,345,0.0,0.0,COL,25,atp_rankings_2026_01_19.csv
2026-01-19,200436,Zsombor Piros,170,341,0.0,0.0,HUN,26,atp_rankings_2026_01_19.csv
2026-01-19,106109,Alex Bolt,171,339,0.0,0.0,AUS,33,atp_rankings_2026_01_19.csv
2026-01-19,126128,Roman Safiullin,172,338,0.0,0.0,RUS,28,atp_rankings_2026_01_19.csv
2026-01-19,210317,James Mccabe,173,337,0.0,0.0,AUS,22,atp_rankings_2026_01_19.csv
2026-01-19,210116,Michael Zheng,174,337,0.0,0.0,USA,21,atp_rankings_2026_01_19.csv
2026-01-19,111200,Elias Ymer,175,337,0.0,0.0,SWE,29,atp_rankings_2026_01_19.csv
2026-01-19,144645,Zdenek Kolar,176,337,0.0,0.0,CZE,29,atp_rankings_2026_01_19.csv
2026-01-19,102093,Martin Damm,177,333,0.0,0.0,USA,22,atp_rankings_2026_01_19.csv
2026-01-19,126652,Jay Clarke,178,330,0.0,0.0,GBR,27,atp_rankings_2026_01_19.csv
2026-01-19,126409,Hugo Grenier,179,327,0.0,0.0,FRA,29,atp_rankings_2026_01_19.csv
2026-01-19,209857,Leandro Riedi,180,326,0.0,0.0,SUI,23,atp_rankings_2026_01_19.csv
2026-01-19,207729,Tristan Boyer,181,326,0.0,0.0,USA,24,atp_rankings_2026_01_19.csv
2026-01-19,208013,Dane Sweeny,182,325,0.0,0.0,AUS,24,atp_rankings_2026_01_19.csv
2026-01-19,207608,Timofey Skatov,183,324,22.0,12.0,KAZ,24,atp_rankings_2026_01_19.csv
2026-01-19,211514,Justin Engel,184,323,0.0,-1.0,GER,18,atp_rankings_2026_01_19.csv
2026-01-19,106071,Bernard Tomic,185,317,0.0,-1.0,AUS,33,atp_rankings_2026_01_19.csv
2026-01-19,209259,Arthur Fery,186,316,0.0,-1.0,GBR,23,atp_rankings_2026_01_19.csv
2026-01-19,208843,Jerome Kym,187,315,0.0,-1.0,SUI,22,atp_rankings_2026_01_19.csv
2026-01-19,105554,Daniel Evans,188,314,0.0,-1.0,GBR,35,atp_rankings_2026_01_19.csv
2026-01-19,206889,Clement Chidekh,189,313,49.0,26.0,FRA,24,atp_rankings_2026_01_19.csv
2026-01-19,209875,Alex Barrena,190,312,0.0,-2.0,ARG,23,atp_rankings_2026_01_19.csv
2026-01-19,105882,Stefano Travaglia,191,308,0.0,-2.0,ITA,34,atp_rankings_2026_01_19.csv
2026-01-19,144870,Federico Agustin Gomez,192,306,0.0,-2.0,ARG,29,atp_rankings_2026_01_19.csv
2026-01-19,200416,August Holmgren,193,305,0.0,-2.0,DEN,27,atp_rankings_2026_01_19.csv
2026-01-19,106186,Jason Kubler,194,305,0.0,-2.0,AUS,32,atp_rankings_2026_01_19.csv
2026-01-19,208223,Alvaro Guillen Meza,195,305,0.0,-2.0,ECU,23,atp_rankings_2026_01_19.csv
2026-01-19,106329,Thiago Monteiro,196,304,0.0,-2.0,BRA,31,atp_rankings_2026_01_19.csv
2026-01-19,209957,Jack Pinnington Jones,197,300,0.0,-1.0,GBR,22,atp_rankings_2026_01_19.csv
2026-01-19,210338,Arthur Gea,198,300,0.0,-1.0,FRA,21,atp_rankings_2026_01_19.csv
2026-01-19,209849,Sascha Gueymard Wayenburg,199,298,0.0,-1.0,FRA,22,atp_rankings_2026_01_19.csv
2026-01-19,206750,Daniil Glinka,200,297,0.0,-1.0,EST,25,atp_rankings_2026_01_19.csv
2026-01-19,200385,Dan Added,201,295,0.0,-1.0,FRA,26,atp_rankings_2026_01_19.csv
2026-01-19,202127,Clement Tabur,202,294,0.0,-1.0,FRA,25,atp_rankings_2026_01_19.csv
2026-01-19,210536,Rei Sakamoto,203,292,0.0,-1.0,JPN,19,atp_rankings_2026_01_19.csv
2026-01-19,200610,Oliver Crawford,204,292,0.0,-1.0,GBR,26,atp_rankings_2026_01_19.csv
2026-01-19,106283,Mitchell Krueger,205,287,0.0,-1.0,USA,32,atp_rankings_2026_01_19.csv
2026-01-19,144684,Alex Molcan,206,286,0.0,-1.0,SVK,28,atp_rankings_2026_01_19.csv
2026-01-19,206307,Joao Lucas Reis Da Silva,207,284,0.0,-1.0,BRA,25,atp_rankings_2026_01_19.csv
2026-01-19,211451,Gilles Arnaud Bailly,208,283,0.0,-1.0,BEL,20,atp_rankings_2026_01_19.csv
2026-01-19,208210,Chris Rodesch,209,281,0.0,-1.0,LUX,24,atp_rankings_2026_01_19.csv
2026-01-19,210178,Juan Carlos Prado Angelo,210,279,0.0,-1.0,BOL,20,atp_rankings_2026_01_19.csv
2026-01-19,105841,Lorenzo Giustino,211,279,0.0,-1.0,ITA,34,atp_rankings_2026_01_19.csv
2026-01-19,207785,George Loffhagen,212,278,0.0,-1.0,GBR,24,atp_rankings_2026_01_19.csv
2026-01-19,208010,Pablo Llamas Ruiz,213,274,0.0,-1.0,ESP,23,atp_rankings_2026_01_19.csv
2026-01-19,200008,Alexis Galarneau,214,272,0.0,-1.0,CAN,26,atp_rankings_2026_01_19.csv
2026-01-19,208293,Gonzalo Bueno,215,271,0.0,-1.0,PER,21,atp_rankings_2026_01_19.csv
2026-01-19,208902,Johannus Monday,216,266,5.0,2.0,GBR,23,atp_rankings_2026_01_19.csv
2026-01-19,205734,Thiago Seyboth Wild,217,263,0.0,-1.0,BRA,25,atp_rankings_2026_01_19.csv
2026-01-19,202146,Luka Pavlovic,218,262,0.0,-1.0,FRA,25,atp_rankings_2026_01_19.csv
2026-01-19,126106,Ryan Peniston,219,260,0.0,0.0,GBR,30,atp_rankings_2026_01_19.csv
2026-01-19,200318,Yu Hsiou Hsu,220,257,0.0,0.0,TPE,26,atp_rankings_2026_01_19.csv
2026-01-19,144750,Lloyd Harris,221,256,0.0,0.0,RSA,28,atp_rankings_2026_01_19.csv
2026-01-19,122078,Dmitry Popko,222,255,0.0,0.0,KAZ,29,atp_rankings_2026_01_19.csv
2026-01-19,123983,Nerman Fatic,223,254,0.0,0.0,BIH,31,atp_rankings_2026_01_19.csv
2026-01-19,209326,Murphy Cassone,224,252,0.0,0.0,USA,23,atp_rankings_2026_01_19.csv
2026-01-19,200335,Felipe Meligeni Alves,225,251,0.0,0.0,BRA,27,atp_rankings_2026_01_19.csv
2026-01-19,209903,Lukas Neumayer,226,251,0.0,0.0,AUT,23,atp_rankings_2026_01_19.csv
2026-01-19,144973,Santiago Fa Rodriguez Taverna,227,251,1.0,0.0,ARG,26,atp_rankings_2026_01_19.csv
2026-01-19,111581,Michael Mmoh,228,247,0.0,0.0,USA,28,atp_rankings_2026_01_19.csv
2026-01-19,207884,Arthur Bouquier,229,247,0.0,0.0,FRA,25,atp_rankings_2026_01_19.csv
2026-01-19,106065,Marco Cecchinato,230,247,0.0,0.0,ITA,33,atp_rankings_2026_01_19.csv
2026-01-19,144821,Genaro Alberto Olivieri,231,247,0.0,0.0,ARG,27,atp_rankings_2026_01_19.csv
2026-01-19,210297,Lautaro Midon,232,247,4.0,2.0,ARG,21,atp_rankings_2026_01_19.csv
2026-01-19,105911,Andrea Collarini,233,247,19.0,7.0,ARG,33,atp_rankings_2026_01_19.csv
2026-01-19,210202,Rodrigo Pacheco Mendez,234,247,0.0,-2.0,MEX,20,atp_rankings_2026_01_19.csv
2026-01-19,212063,Matej Dodig,235,244,0.0,-2.0,CRO,20,atp_rankings_2026_01_19.csv
2026-01-19,200677,Rio Noguchi,236,241,19.0,10.0,JPN,27,atp_rankings_2026_01_19.csv
2026-01-19,210748,Federico Cina,237,240,0.0,-2.0,ITA,18,atp_rankings_2026_01_19.csv
2026-01-19,212044,Yi Zhou,238,236,12.0,6.0,CHN,20,atp_rankings_2026_01_19.csv
2026-01-19,209916,Marko Topo,239,234,0.0,-3.0,GER,22,atp_rankings_2026_01_19.csv
2026-01-19,105453,Kei Nishikori,240,232,0.0,-3.0,JPN,36,atp_rankings_2026_01_19.csv
2026-01-19,208361,Gustavo Heide,241,232,0.0,-3.0,BRA,23,atp_rankings_2026_01_19.csv
2026-01-19,210460,Nishesh Basavareddy,242,230,0.0,-3.0,USA,20,atp_rankings_2026_01_19.csv
2026-01-19,123961,Murkel Alejandro Dellien Velasco,243,228,10.0,8.0,BOL,28,atp_rankings_2026_01_19.csv
2026-01-19,122669,Juan Pablo Varillas,244,227,14.0,9.0,PER,30,atp_rankings_2026_01_19.csv
2026-01-19,212082,Joel Schwaerzler,245,225,0.0,-4.0,AUT,19,atp_rankings_2026_01_19.csv
2026-01-19,208279,Alejandro Moro Canas,246,225,0.0,-4.0,ESP,25,atp_rankings_2026_01_19.csv
2026-01-19,207680,Facundo Diaz Acosta,247,224,0.0,-4.0,ARG,25,atp_rankings_2026_01_19.csv
2026-01-19,111187,Kaichi Uchida,248,224,6.0,1.0,JPN,31,atp_rankings_2026_01_19.csv
2026-01-19,200273,Hady Habib,249,223,0.0,-4.0,LIB,27,atp_rankings_2026_01_19.csv
2026-01-19,208069,Max Houkes,250,221,0.0,-3.0,NED,25,atp_rankings_2026_01_19.csv
2026-01-19,210389,Toby Samuel,251,218,0.0,-3.0,GBR,23,atp_rankings_2026_01_19.csv
2026-01-19,106293,Kimmer Coppejans,252,218,0.0,-2.0,BEL,31,atp_rankings_2026_01_19.csv
2026-01-19,144817,Marc Andrea Huesler,253,216,0.0,-1.0,SUI,29,atp_rankings_2026_01_19.csv
2026-01-19,200329,Remy Bertola,254,214,2.0,1.0,SUI,27,atp_rankings_2026_01_19.csv
2026-01-19,209405,Daniel Rincon,255,212,0.0,-1.0,ESP,23,atp_rankings_2026_01_19.csv
2026-01-19,144972,Geoffrey Blancaneaux,256,212,0.0,0.0,FRA,27,atp_rankings_2026_01_19.csv
2026-01-19,207415,Daniel Michalski,257,211,4.0,3.0,POL,26,atp_rankings_2026_01_19.csv
2026-01-19,106044,Nicolas Kicker,258,210,0.0,-1.0,ARG,33,atp_rankings_2026_01_19.csv
2026-01-19,133975,Benjamin Hassan,259,208,0.0,-1.0,LBN,30,atp_rankings_2026_01_19.csv
2026-01-19,123921,Calvin Hemery,260,208,0.0,-1.0,FRA,30,atp_rankings_2026_01_19.csv
2026-01-19,202320,Beibit Zhukayev,261,207,6.0,4.0,KAZ,25,atp_rankings_2026_01_19.csv
2026-01-19,105062,Mikhail Kukushkin,262,203,25.0,31.0,KAZ,38,atp_rankings_2026_01_19.csv
2026-01-19,123809,Ivan Gakhov,263,203,0.0,-2.0,RUS,29,atp_rankings_2026_01_19.csv
2026-01-19,207546,Pol Martin Tiffon,264,202,75.0,109.0,ESP,26,atp_rankings_2026_01_19.csv
2026-01-19,106393,Frederico Ferreira Silva,265,202,0.0,-3.0,POR,30,atp_rankings_2026_01_19.csv
2026-01-19,106220,Dimitar Kuzmanov,266,202,0.0,-3.0,BUL,32,atp_rankings_2026_01_19.csv
2026-01-19,211500,Tiago Pereira,267,202,0.0,-3.0,POR,21,atp_rankings_2026_01_19.csv
2026-01-19,208046,Pedro Boscardin Dias,268,201,4.0,7.0,BRA,22,atp_rankings_2026_01_19.csv
2026-01-19,206904,Gauthier Onclin,269,200,0.0,-3.0,BEL,24,atp_rankings_2026_01_19.csv
2026-01-19,105948,Federico Coria,270,200,0.0,-3.0,ARG,33,atp_rankings_2026_01_19.csv
2026-01-19,111806,Fajing Sun,271,200,0.0,-3.0,CHN,29,atp_rankings_2026_01_19.csv
2026-01-19,209512,Tom Paris,272,200,0.0,-3.0,FRA,23,atp_rankings_2026_01_19.csv
2026-01-19,211346,Andres Martin,273,200,0.0,-3.0,USA,24,atp_rankings_2026_01_19.csv
2026-01-19,200748,Andres Andrade,274,200,0.0,-3.0,ECU,27,atp_rankings_2026_01_19.csv
2026-01-19,209899,Ilia Simakin,275,199,0.0,-3.0,RUS,22,atp_rankings_2026_01_19.csv
2026-01-19,202260,Henri Squire,276,199,4.0,0.0,GER,25,atp_rankings_2026_01_19.csv
2026-01-19,210220,Edas Butvilas,277,199,0.0,-4.0,LTU,21,atp_rankings_2026_01_19.csv
2026-01-19,202262,Filip Cristian Jianu,278,199,8.0,0.0,ROU,24,atp_rankings_2026_01_19.csv
2026-01-19,106162,Franco Agamenone,279,198,49.0,56.0,ITA,32,atp_rankings_2026_01_19.csv
2026-01-19,200452,Patrick Zahraj,280,198,0.0,-6.0,GER,26,atp_rankings_2026_01_19.csv
2026-01-19,111576,Sumit Nagal,281,194,4.0,-2.0,IND,28,atp_rankings_2026_01_19.csv
2026-01-19,200188,Matteo Martineau,282,193,0.0,-5.0,FRA,27,atp_rankings_2026_01_19.csv
2026-01-19,210167,Tom Gentzsch,283,193,6.0,0.0,GER,22,atp_rankings_2026_01_19.csv
2026-01-19,202147,Florent Bax,284,192,9.0,4.0,FRA,26,atp_rankings_2026_01_19.csv
2026-01-19,111578,Stefan Kozlov,285,190,0.0,-5.0,USA,27,atp_rankings_2026_01_19.csv
2026-01-19,126206,Alex Rybakov,286,189,0.0,-5.0,USA,28,atp_rankings_2026_01_19.csv
2026-01-19,208852,Stefanos Sakellaridis,287,187,0.0,-5.0,GRE,21,atp_rankings_2026_01_19.csv
2026-01-19,210558,Hynek Barton,288,187,12.0,12.0,CZE,21,atp_rankings_2026_01_19.csv
2026-01-19,127339,Borna Gojo,289,186,0.0,-5.0,CRO,27,atp_rankings_2026_01_19.csv
2026-01-19,111153,Christopher Eubanks,290,186,0.0,-5.0,USA,29,atp_rankings_2026_01_19.csv
2026-01-19,131934,Andrea Vavassori,291,185,38.0,45.0,ITA,30,atp_rankings_2026_01_19.csv
2026-01-19,208182,Saba Purtseladze,292,185,0.0,-6.0,GEO,24,atp_rankings_2026_01_19.csv
2026-01-19,126107,Michael Geerts,293,184,0.0,-6.0,BEL,31,atp_rankings_2026_01_19.csv
2026-01-19,106281,Liam Broady,294,183,7.0,2.0,GBR,32,atp_rankings_2026_01_19.csv
2026-01-19,210119,Andrej Nedic,295,182,0.0,-6.0,BIH,21,atp_rankings_2026_01_19.csv
2026-01-19,208257,Fabrizio Andaloro,296,180,0.0,-6.0,ITA,24,atp_rankings_2026_01_19.csv
2026-01-19,207799,Matheus Pucinelli De Almeida,297,180,4.0,0.0,BRA,24,atp_rankings_2026_01_19.csv
2026-01-19,129911,Marat Sharipov,298,179,9.0,5.0,RUS,23,atp_rankings_2026_01_19.csv
2026-01-19,209406,Abedallah Shelbayh,299,179,0.0,-8.0,JOR,22,atp_rankings_2026_01_19.csv
2026-01-19,208143,Garrett Johns,300,179,0.0,-8.0,USA,25,atp_rankings_2026_01_19.csv
2026-01-19,208342,Tyler Zink,301,178,0.0,-7.0,USA,24,atp_rankings_2026_01_19.csv
2026-01-19,106034,Yasutaka Uchiyama,302,177,10.0,5.0,JPN,33,atp_rankings_2026_01_19.csv
2026-01-19,105613,Norbert Gombos,303,177,13.0,12.0,SVK,35,atp_rankings_2026_01_19.csv
2026-01-19,200277,Charles Broom,304,177,8.0,0.0,GBR,27,atp_rankings_2026_01_19.csv
2026-01-19,210464,Darwin Blanch,305,176,0.0,-10.0,USA,18,atp_rankings_2026_01_19.csv
2026-01-19,207663,Nikolas Sanchez Izquierdo,306,176,7.0,-1.0,ESP,26,atp_rankings_2026_01_19.csv
2026-01-19,209850,Robin Bertrand,307,176,0.0,-9.0,FRA,22,atp_rankings_2026_01_19.csv
2026-01-19,202235,Jacopo Berrettini,308,175,0.0,-9.0,ITA,27,atp_rankings_2026_01_19.csv
2026-01-19,208389,James Trotter,309,173,0.0,-8.0,JPN,26,atp_rankings_2026_01_19.csv
2026-01-19,207491,Sandro Kopp,310,171,0.0,-8.0,AUT,25,atp_rankings_2026_01_19.csv
2026-01-19,202400,Alastair Gray,311,169,4.0,1.0,GBR,27,atp_rankings_2026_01_19.csv
2026-01-19,210382,Maximus Jones,312,169,43.0,66.0,THA,21,atp_rankings_2026_01_19.csv
2026-01-19,210557,Petr Brunclik,313,168,0.0,-7.0,CZE,19,atp_rankings_2026_01_19.csv
2026-01-19,208421,Lilian Marmousez,314,167,0.0,-6.0,FRA,24,atp_rankings_2026_01_19.csv
2026-01-19,207784,Harry Wendelken,315,167,3.0,1.0,GBR,24,atp_rankings_2026_01_19.csv
2026-01-19,144826,Aziz Dougaz,316,166,0.0,-7.0,TUN,28,atp_rankings_2026_01_19.csv
2026-01-19,211533,Gianluca Cadenasso,317,166,0.0,-7.0,ITA,21,atp_rankings_2026_01_19.csv
2026-01-19,209992,Juncheng Shang,318,165,0.0,-7.0,CHN,20,atp_rankings_2026_01_19.csv
2026-01-19,209131,Eliakim Coulibaly,319,165,0.0,-6.0,CIV,23,atp_rankings_2026_01_19.csv
2026-01-19,117361,Akira Santillan,320,165,0.0,-6.0,AUS,28,atp_rankings_2026_01_19.csv
2026-01-19,202199,Carlos Sanchez Jover,321,161,0.0,-4.0,ESP,25,atp_rankings_2026_01_19.csv
2026-01-19,202475,Philip Henning,322,160,4.0,4.0,RSA,25,atp_rankings_2026_01_19.csv
2026-01-19,209951,Petr Bar Biryukov,323,160,4.0,5.0,RUS,23,atp_rankings_2026_01_19.csv
2026-01-19,207732,Miguel Damas,324,159,0.0,-6.0,ESP,26,atp_rankings_2026_01_19.csv
2026-01-19,104755,Richard Gasquet,325,158,0.0,-6.0,FRA,39,atp_rankings_2026_01_19.csv
2026-01-19,105649,Cedrik Marcel Stebe,326,158,0.0,-6.0,GER,35,atp_rankings_2026_01_19.csv
2026-01-19,200346,Mats Rosenkranz,327,158,0.0,-6.0,GER,27,atp_rankings_2026_01_19.csv
2026-01-19,106057,Facundo Mena,328,157,0.0,-6.0,ARG,33,atp_rankings_2026_01_19.csv
2026-01-19,126340,Viktor Durasovic,329,157,0.0,-6.0,NOR,28,atp_rankings_2026_01_19.csv
2026-01-19,126337,Renta Tokuda,330,157,0.0,-6.0,JPN,27,atp_rankings_2026_01_19.csv
2026-01-19,206589,Gabi Adrian Boitan,331,157,0.0,-6.0,ROU,26,atp_rankings_2026_01_19.csv
2026-01-19,212309,Diego Dedura Palomero,332,156,0.0,-5.0,GER,17,atp_rankings_2026_01_19.csv
2026-01-19,207231,Mathys Erhard,333,156,0.0,-4.0,FRA,24,atp_rankings_2026_01_19.csv
2026-01-19,117357,Omar Jasika,334,155,0.0,-4.0,AUS,28,atp_rankings_2026_01_19.csv
2026-01-19,207213,Duje Ajdukovic,335,153,0.0,-4.0,CRO,24,atp_rankings_2026_01_19.csv
2026-01-19,200309,Marek Gengel,336,153,16.0,15.0,CZE,30,atp_rankings_2026_01_19.csv
2026-01-19,208269,Felix Gill,337,152,24.0,32.0,GBR,23,atp_rankings_2026_01_19.csv
2026-01-19,200672,Sergey Fomin,338,151,0.0,-6.0,UZB,24,atp_rankings_2026_01_19.csv
2026-01-19,210472,Oliver Tarvet,339,150,0.0,-6.0,GBR,22,atp_rankings_2026_01_19.csv
2026-01-19,105413,Andrej Martin,340,149,0.0,-6.0,SVK,36,atp_rankings_2026_01_19.csv
2026-01-19,132052,Christian Langmo,341,149,8.0,6.0,USA,29,atp_rankings_2026_01_19.csv
2026-01-19,132041,Alfredo Perez,342,147,0.0,-5.0,USA,28,atp_rankings_2026_01_19.csv
2026-01-19,207171,Hamish Stewart,343,147,0.0,-5.0,GBR,26,atp_rankings_2026_01_19.csv
2026-01-19,105180,Daniel Dutra Da Silva,344,147,1.0,-5.0,BRA,37,atp_rankings_2026_01_19.csv
2026-01-19,210042,Gabriele Piraino,345,145,1.0,-4.0,ITA,22,atp_rankings_2026_01_19.csv
2026-01-19,202122,Yuta Shimizu,346,145,0.0,-6.0,JPN,26,atp_rankings_2026_01_19.csv
2026-01-19,209322,Martin Krumich,347,145,1.0,-4.0,CZE,23,atp_rankings_2026_01_19.csv
2026-01-19,211617,Maxim Mrva,348,144,0.0,-6.0,CZE,18,atp_rankings_2026_01_19.csv
2026-01-19,106380,Gonzalo Villanueva,349,144,0.0,-5.0,ARG,31,atp_rankings_2026_01_19.csv
2026-01-19,125847,Jelle Sels,350,143,0.0,-5.0,NED,30,atp_rankings_2026_01_19.csv
2026-01-19,208364,Franco Roncadelli,351,141,0.0,-5.0,URU,25,atp_rankings_2026_01_19.csv
2026-01-19,211577,Antoine Ghibaudo,352,140,0.0,-4.0,FRA,20,atp_rankings_2026_01_19.csv
2026-01-19,200266,Javier Barranco Cosano,353,139,0.0,-4.0,ESP,27,atp_rankings_2026_01_19.csv
2026-01-19,208144,Giles Hussey,354,139,0.0,-4.0,GBR,28,atp_rankings_2026_01_19.csv
2026-01-19,202239,Florian Broska,355,137,25.0,61.0,GER,28,atp_rankings_2026_01_19.csv
2026-01-19,210318,Andre Ilagan,356,137,0.0,-4.0,USA,25,atp_rankings_2026_01_19.csv
2026-01-19,135753,Patrick Maloney,357,136,0.0,-4.0,USA,25,atp_rankings_2026_01_19.csv
2026-01-19,200321,San Hui Sin,358,136,0.0,-4.0,KOR,28,atp_rankings_2026_01_19.csv
2026-01-19,202075,Adria Soriano Barrera,359,135,0.0,-4.0,COL,26,atp_rankings_2026_01_19.csv
2026-01-19,200374,Nicolas Alvarez Varona,360,135,0.0,-4.0,ESP,24,atp_rankings_2026_01_19.csv
2026-01-19,208502,Dominic Stricker,361,133,0.0,-4.0,SUI,23,atp_rankings_2026_01_19.csv
2026-01-19,126555,Tung Lin Wu,362,133,2.0,-1.0,TPE,27,atp_rankings_2026_01_19.csv
2026-01-19,202333,Keegan Smith,363,133,24.0,61.0,USA,27,atp_rankings_2026_01_19.csv
2026-01-19,208913,Juan Bautista Torres,364,133,0.0,-6.0,ARG,23,atp_rankings_2026_01_19.csv
2026-01-19,122352,Christoph Negritu,365,132,0.0,-6.0,GER,31,atp_rankings_2026_01_19.csv
2026-01-19,206703,Paul Jubb,366,131,0.0,-6.0,GBR,26,atp_rankings_2026_01_19.csv
2026-01-19,106187,Denis Yevseyev,367,131,5.0,12.0,KAZ,32,atp_rankings_2026_01_19.csv
2026-01-19,111190,Zhizhen Zhang,368,130,0.0,-6.0,CHN,29,atp_rankings_2026_01_19.csv
2026-01-19,208230,Alibek Kachmazov,369,130,0.0,-6.0,RUS,23,atp_rankings_2026_01_19.csv
2026-01-19,105671,Gastao Elias,370,130,0.0,-6.0,POR,35,atp_rankings_2026_01_19.csv
2026-01-19,106292,Hernan Casanova,371,130,0.0,-6.0,ARG,31,atp_rankings_2026_01_19.csv
2026-01-19,206553,Luca Potenza,372,130,0.0,-6.0,ITA,25,atp_rankings_2026_01_19.csv
2026-01-19,106203,Pedro Sakamoto,373,129,2.0,2.0,BRA,32,atp_rankings_2026_01_19.csv
2026-01-19,106121,Taro Daniel,374,128,0.0,-7.0,JPN,32,atp_rankings_2026_01_19.csv
2026-01-19,207605,Jakub Paul,375,128,0.0,-7.0,SUI,26,atp_rankings_2026_01_19.csv
2026-01-19,209907,Viacheslav Bielinskyi,376,128,0.0,-6.0,UKR,22,atp_rankings_2026_01_19.csv
2026-01-19,106072,Alexey Vatutin,377,128,0.0,-6.0,RUS,33,atp_rankings_2026_01_19.csv
2026-01-19,207815,Guido Ivan Justo,378,128,0.0,-6.0,ARG,28,atp_rankings_2026_01_19.csv
2026-01-19,210005,Kilian Feldbausch,379,127,0.0,-5.0,SUI,20,atp_rankings_2026_01_19.csv
2026-01-19,206467,Federico Arnaboldi,380,127,0.0,-4.0,ITA,25,atp_rankings_2026_01_19.csv
2026-01-19,206470,Cezar Cretu,381,126,0.0,-4.0,ROU,24,atp_rankings_2026_01_19.csv
2026-01-19,212216,Trevor Svajda,382,124,0.0,-2.0,USA,19,atp_rankings_2026_01_19.csv
2026-01-19,208024,Max Alcala Gurri,383,124,0.0,-2.0,ESP,23,atp_rankings_2026_01_19.csv
2026-01-19,117360,Marc Polmans,384,123,0.0,-2.0,AUS,28,atp_rankings_2026_01_19.csv
2026-01-19,209890,Mili Poljicak,385,123,0.0,-2.0,CRO,21,atp_rankings_2026_01_19.csv
2026-01-19,202420,Aidan Mchugh,386,123,0.0,-2.0,GBR,25,atp_rankings_2026_01_19.csv
2026-01-19,122554,David Jorda Sanchis,387,123,0.0,-2.0,ESP,31,atp_rankings_2026_01_19.csv
2026-01-19,131911,Lucas Poullain,388,123,6.0,14.0,FRA,30,atp_rankings_2026_01_19.csv
2026-01-19,207130,Matias Soto,389,122,0.0,-3.0,CHI,26,atp_rankings_2026_01_19.csv
2026-01-19,207797,Jonas Forejtek,390,121,0.0,-3.0,CZE,24,atp_rankings_2026_01_19.csv
2026-01-19,209983,Mika Brunold,391,121,0.0,-3.0,SUI,21,atp_rankings_2026_01_19.csv
2026-01-19,207368,Mert Alkaya,392,121,6.0,15.0,TUR,25,atp_rankings_2026_01_19.csv
2026-01-19,105487,Facundo Bagnis,393,120,0.0,-4.0,ARG,35,atp_rankings_2026_01_19.csv
2026-01-19,111454,Li Tu,394,120,0.0,-4.0,AUS,29,atp_rankings_2026_01_19.csv
2026-01-19,209354,Ioannis Xilas,395,120,0.0,-4.0,GRE,24,atp_rankings_2026_01_19.csv
2026-01-19,212241,Carlo Alberto Caniato,396,120,0.0,-4.0,ITA,20,atp_rankings_2026_01_19.csv
2026-01-19,212251,Daniel Milavsky,397,120,2.0,0.0,USA,24,atp_rankings_2026_01_19.csv
2026-01-19,144656,Corentin Denolly,398,120,2.0,1.0,FRA,28,atp_rankings_2026_01_19.csv
2026-01-19,208104,Andrea Picchione,399,119,0.0,-6.0,ITA,27,atp_rankings_2026_01_19.csv
2026-01-19,211325,Aryan Shah,400,119,0.0,-6.0,IND,20,atp_rankings_2026_01_19.csv
2026-01-19,105077,Albert Ramos,401,118,0.0,-6.0,ESP,38,atp_rankings_2026_01_19.csv
2026-01-19,127108,Igor Ribeiro Marcondes,402,118,0.0,-6.0,BRA,28,atp_rankings_2026_01_19.csv
2026-01-19,207669,Robert Strombachs,403,118,0.0,-5.0,LAT,26,atp_rankings_2026_01_19.csv
2026-01-19,208937,Kasidit Samrej,404,118,4.0,9.0,THA,24,atp_rankings_2026_01_19.csv
2026-01-19,202297,Dan Martin,405,117,0.0,-5.0,CAN,26,atp_rankings_2026_01_19.csv
2026-01-19,212222,Raphael Perot,406,117,0.0,-5.0,FRA,24,atp_rankings_2026_01_19.csv
2026-01-19,134840,Raul Brancaccio,407,117,3.0,4.0,ITA,28,atp_rankings_2026_01_19.csv
2026-01-19,209079,Samir Banerjee,408,116,0.0,-5.0,USA,22,atp_rankings_2026_01_19.csv
2026-01-19,106005,Constant Lestienne,409,116,0.0,-5.0,FRA,33,atp_rankings_2026_01_19.csv
2026-01-19,211627,Hayato Matsuoka,410,116,0.0,-5.0,JPN,21,atp_rankings_2026_01_19.csv
2026-01-19,209167,Olle Wallin,411,116,13.0,32.0,SWE,24,atp_rankings_2026_01_19.csv
2026-01-19,210412,Juan Manuel La Serna,412,115,8.0,21.0,ARG,21,atp_rankings_2026_01_19.csv
2026-01-19,126183,Mariano Kestelboim,413,115,0.0,-7.0,ARG,29,atp_rankings_2026_01_19.csv
2026-01-19,208540,Inaki Montes De La Torre,414,115,0.0,-6.0,ESP,23,atp_rankings_2026_01_19.csv
2026-01-19,207834,Juan Alejandro Hernandez Serrano,415,115,0.0,-6.0,MEX,26,atp_rankings_2026_01_19.csv
2026-01-19,106177,Oriol Roca Batalla,416,114,0.0,-6.0,ESP,32,atp_rankings_2026_01_19.csv
2026-01-19,208025,Alex Martinez,417,114,0.0,-5.0,ESP,24,atp_rankings_2026_01_19.csv
2026-01-19,111202,Hyeon Chung,418,113,4.0,5.0,KOR,29,atp_rankings_2026_01_19.csv
2026-01-19,209952,Sean Cuenin,419,113,0.0,-5.0,FRA,21,atp_rankings_2026_01_19.csv
2026-01-19,209874,Maks Kasnikowski,420,112,1.0,-1.0,POL,22,atp_rankings_2026_01_19.csv
2026-01-19,206912,Stuart Parker,421,112,0.0,-6.0,GBR,28,atp_rankings_2026_01_19.csv
2026-01-19,200666,Jie Cui,422,112,0.0,-5.0,CHN,27,atp_rankings_2026_01_19.csv
2026-01-19,209407,Max Basing,423,111,0.0,-5.0,GBR,23,atp_rankings_2026_01_19.csv
2026-01-19,207484,Neil Oberleitner,424,111,2.0,1.0,AUT,26,atp_rankings_2026_01_19.csv
2026-01-19,212020,Michele Ribecai,425,111,0.0,-5.0,ITA,22,atp_rankings_2026_01_19.csv
2026-01-19,132573,Luca Castelnuovo,426,110,0.0,-5.0,SUI,28,atp_rankings_2026_01_19.csv
2026-01-19,212077,Lorenzo Carboni,427,110,0.0,-5.0,ITA,19,atp_rankings_2026_01_19.csv
2026-01-19,207200,Cyril Vandermeersch,428,110,7.0,16.0,FRA,26,atp_rankings_2026_01_19.csv
2026-01-19,202113,Hikaru Shiraishi,429,109,0.0,-3.0,JPN,25,atp_rankings_2026_01_19.csv
2026-01-19,134068,Vadym Ursu,430,109,0.0,-3.0,UKR,29,atp_rankings_2026_01_19.csv
2026-01-19,208044,Etienne Donnet,431,108,0.0,-3.0,FRA,24,atp_rankings_2026_01_19.csv
2026-01-19,105430,Radu Albot,432,108,0.0,-3.0,MDA,36,atp_rankings_2026_01_19.csv
2026-01-19,210250,Erik Arutiunian,433,108,0.0,-3.0,BLR,21,atp_rankings_2026_01_19.csv
2026-01-19,106232,Roberto Cid,434,107,0.0,-3.0,DOM,32,atp_rankings_2026_01_19.csv
2026-01-19,105575,Ricardas Berankis,435,107,0.0,-3.0,LTU,35,atp_rankings_2026_01_19.csv
2026-01-19,105938,Antoine Escoffier,436,107,0.0,-2.0,FRA,33,atp_rankings_2026_01_19.csv
2026-01-19,210377,Luciano Emanuel Ambrogi,437,107,0.0,-2.0,ARG,22,atp_rankings_2026_01_19.csv
2026-01-19,210682,Federico Bondioli,438,107,1.0,2.0,ITA,20,atp_rankings_2026_01_19.csv
2026-01-19,207186,Arthur Weber,439,106,0.0,-3.0,FRA,33,atp_rankings_2026_01_19.csv
2026-01-19,144716,Oleg Prihodko,440,106,0.0,-3.0,UKR,28,atp_rankings_2026_01_19.csv
2026-01-19,200484,Rudolf Molleker,441,106,6.0,9.0,GER,25,atp_rankings_2026_01_19.csv
2026-01-19,211898,Mae Malige,442,106,0.0,-4.0,FRA,19,atp_rankings_2026_01_19.csv
2026-01-19,207527,Buvaysar Gadamauri,443,106,0.0,-4.0,BEL,25,atp_rankings_2026_01_19.csv
2026-01-19,134329,Blake Ellis,444,105,0.0,-3.0,AUS,27,atp_rankings_2026_01_19.csv
2026-01-19,208328,Max Wiskandt,445,105,0.0,-3.0,GER,23,atp_rankings_2026_01_19.csv
2026-01-19,209984,Milos Karol,446,103,1.0,1.0,SVK,23,atp_rankings_2026_01_19.csv
2026-01-19,202359,Marvin Moeller,447,103,6.0,12.0,GER,27,atp_rankings_2026_01_19.csv
2026-01-19,208240,Alexandr Binda,448,103,0.0,-3.0,ITA,24,atp_rankings_2026_01_19.csv
2026-01-19,202271,Lorenzo Joaquin Rodriguez,449,103,0.0,-3.0,ARG,26,atp_rankings_2026_01_19.csv
2026-01-19,109303,Stefano Napolitano,450,101,0.0,-2.0,ITA,30,atp_rankings_2026_01_19.csv
2026-01-19,207129,Yanki Erel,451,101,0.0,-2.0,TUR,25,atp_rankings_2026_01_19.csv
2026-01-19,208322,Eric Vanshelboim,452,100,0.0,-1.0,UKR,24,atp_rankings_2026_01_19.csv
2026-01-19,209898,Dali Blanch,453,100,0.0,-1.0,USA,22,atp_rankings_2026_01_19.csv
2026-01-19,208189,Gianmarco Ferrari,454,100,0.0,-1.0,ITA,25,atp_rankings_2026_01_19.csv
2026-01-19,211661,Juan Estevez,455,99,6.0,19.0,ARG,20,atp_rankings_2026_01_19.csv
2026-01-19,200184,Andrey Chepelev,456,99,0.0,-2.0,RUS,27,atp_rankings_2026_01_19.csv
2026-01-19,210425,Svyatoslav Gulin,457,98,0.0,-2.0,RUS,23,atp_rankings_2026_01_19.csv
2026-01-19,200216,Giovanni Fonio,458,98,0.0,-2.0,ITA,27,atp_rankings_2026_01_19.csv
2026-01-19,210142,Olaf Pieczkowski,459,98,0.0,-2.0,POL,21,atp_rankings_2026_01_19.csv
2026-01-19,208649,Andrew Fenty,460,98,0.0,-2.0,USA,25,atp_rankings_2026_01_19.csv
2026-01-19,127123,Mateus Alves,461,97,0.0,-1.0,BRA,24,atp_rankings_2026_01_19.csv
2026-01-19,200495,Eduardo Ribeiro,462,96,0.0,-1.0,BRA,27,atp_rankings_2026_01_19.csv
2026-01-19,126523,Bernabe Zapata Miralles,463,96,0.0,-1.0,ESP,29,atp_rankings_2026_01_19.csv
2026-01-19,211902,Henry Searle,464,96,2.0,5.0,GBR,19,atp_rankings_2026_01_19.csv
2026-01-19,207878,James Story,465,96,0.0,-2.0,GBR,24,atp_rankings_2026_01_19.csv
2026-01-19,212207,Ognjen Milic,466,95,0.0,-2.0,SRB,18,atp_rankings_2026_01_19.csv
2026-01-19,209518,Tibo Colson,467,95,0.0,-2.0,BEL,25,atp_rankings_2026_01_19.csv
2026-01-19,210393,Maxim Zhukov,468,95,0.0,-2.0,RUS,20,atp_rankings_2026_01_19.csv
2026-01-19,207728,Moerani Bouzige,469,95,0.0,-2.0,AUS,26,atp_rankings_2026_01_19.csv
2026-01-19,202290,Dhakshineswar Suresh,470,94,0.0,-2.0,IND,25,atp_rankings_2026_01_19.csv
2026-01-19,210000,Karan Singh,471,94,0.0,-1.0,IND,22,atp_rankings_2026_01_19.csv
2026-01-19,207490,Carlos Lopez Montagud,472,94,0.0,-1.0,ESP,25,atp_rankings_2026_01_19.csv
2026-01-19,207998,Takuya Kumasaka,473,93,0.0,-1.0,JPN,27,atp_rankings_2026_01_19.csv
2026-01-19,144814,Eero Vasa,474,93,0.0,-1.0,FIN,28,atp_rankings_2026_01_19.csv
2026-01-19,117359,Jake Delaney,475,93,0.0,0.0,AUS,28,atp_rankings_2026_01_19.csv
2026-01-19,206325,Pedro Vives Marcos,476,92,0.0,0.0,ESP,24,atp_rankings_2026_01_19.csv
2026-01-19,208092,Filippo Moroni,477,92,0.0,0.0,ITA,24,atp_rankings_2026_01_19.csv
2026-01-19,106290,Filip Peliwo,478,92,0.0,0.0,POL,31,atp_rankings_2026_01_19.csv
2026-01-19,106362,Laurent Lokoli,479,91,0.0,0.0,FRA,31,atp_rankings_2026_01_19.csv
2026-01-19,207239,Nikolay Vylegzhanin,480,91,0.0,0.0,RUS,25,atp_rankings_2026_01_19.csv
2026-01-19,105806,Mirza Basic,481,90,0.0,0.0,BIH,34,atp_rankings_2026_01_19.csv
2026-01-19,109054,Daniel Masur,482,90,7.0,28.0,GER,31,atp_rankings_2026_01_19.csv
2026-01-19,209264,Pietro Fellin,483,90,0.0,-1.0,ITA,24,atp_rankings_2026_01_19.csv
2026-01-19,207502,Stefan Palosi,484,90,6.0,23.0,ROU,25,atp_rankings_2026_01_19.csv
2026-01-19,200303,Pavel Kotov,485,89,0.0,-2.0,RUS,27,atp_rankings_2026_01_19.csv
2026-01-19,126952,Soon Woo Kwon,486,89,0.0,-2.0,KOR,28,atp_rankings_2026_01_19.csv
2026-01-19,105339,Yan Bai,487,89,0.0,-2.0,CHN,36,atp_rankings_2026_01_19.csv
2026-01-19,210107,Bor Artnak,488,89,3.0,9.0,SLO,21,atp_rankings_2026_01_19.csv
2026-01-19,202366,Tadeas Paroulek,489,89,0.0,-3.0,CZE,26,atp_rankings_2026_01_19.csv
2026-01-19,210221,Jay Dylan Hara Friend,490,88,3.0,10.0,JPN,22,atp_rankings_2026_01_19.csv
2026-01-19,209080,Blaise Bicknell,491,88,0.0,-4.0,JAM,24,atp_rankings_2026_01_19.csv
2026-01-19,210214,Joao Eduardo Schiessl,492,88,0.0,-4.0,BRA,21,atp_rankings_2026_01_19.csv
2026-01-19,200255,Alexander Weis,493,88,0.0,-4.0,ITA,28,atp_rankings_2026_01_19.csv
2026-01-19,211504,Jack Loge,494,88,0.0,-4.0,BEL,21,atp_rankings_2026_01_19.csv
2026-01-19,210085,Lui Maxted,495,87,0.0,-4.0,GBR,22,atp_rankings_2026_01_19.csv
2026-01-19,209362,Aristotelis Thanos,496,87,0.0,-4.0,GRE,24,atp_rankings_2026_01_19.csv
2026-01-19,200462,Andrea Guerrieri,497,87,1.0,-1.0,ITA,27,atp_rankings_2026_01_19.csv
2026-01-19,210399,Edward Winter,498,87,0.0,-5.0,AUS,21,atp_rankings_2026_01_19.csv
2026-01-19,210025,Branko Djuric,499,87,0.0,-5.0,SRB,20,atp_rankings_2026_01_19.csv
2026-01-19,202356,Tsung Hao Huang,500,87,0.0,-5.0,TPE,26,atp_rankings_2026_01_19.csv
2026-01-19,207992,Cannon Kingsley,501,86,0.0,-3.0,USA,24,atp_rankings_2026_01_19.csv
2026-01-19,211768,Manas Dhamne,502,86,0.0,-3.0,IND,18,atp_rankings_2026_01_19.csv
2026-01-19,212531,Nicolas Arseneault,503,85,1.0,0.0,CAN,19,atp_rankings_2026_01_19.csv
2026-01-19,200550,Vladyslav Orlov,504,85,0.0,-3.0,UKR,30,atp_rankings_2026_01_19.csv
2026-01-19,207657,Tristan Mccormick,505,85,0.0,-3.0,USA,26,atp_rankings_2026_01_19.csv
2026-01-19,209274,Carl Emil Overbeck,506,84,3.0,8.0,DEN,24,atp_rankings_2026_01_19.csv
2026-01-19,126208,Yusuke Takahashi,507,84,0.0,-3.0,JPN,28,atp_rankings_2026_01_19.csv
2026-01-19,207704,Alex Marti Pujolras,508,84,0.0,-3.0,ESP,26,atp_rankings_2026_01_19.csv
2026-01-19,209191,Oleksandr Ovcharenko,509,84,0.0,-3.0,UKR,24,atp_rankings_2026_01_19.csv
2026-01-19,136440,Dominik Koepfer,510,83,0.0,-2.0,GER,31,atp_rankings_2026_01_19.csv
2026-01-19,148679,Henry Bernet,511,83,0.0,-2.0,SUI,18,atp_rankings_2026_01_19.csv
2026-01-19,105952,Renzo Olivo,512,82,0.0,-1.0,ARG,33,atp_rankings_2026_01_19.csv
2026-01-19,207764,Ryan Nijboer,513,82,0.0,-1.0,NED,26,atp_rankings_2026_01_19.csv
2026-01-19,106310,Alexander Ritschard,514,81,0.0,-1.0,SUI,31,atp_rankings_2026_01_19.csv
2026-01-19,105655,Hiroki Moriya,515,81,0.0,0.0,JPN,35,atp_rankings_2026_01_19.csv
2026-01-19,209254,Valerio Aboian,516,81,3.0,7.0,ARG,23,atp_rankings_2026_01_19.csv
2026-01-19,212225,Thomas Faurel,517,81,0.0,-1.0,FRA,19,atp_rankings_2026_01_19.csv
2026-01-19,210650,Stefan Adrian Andreescu,518,81,0.0,-1.0,ROU,24,atp_rankings_2026_01_19.csv
2026-01-19,202354,Matthew Dellavedova,519,81,0.0,-1.0,AUS,25,atp_rankings_2026_01_19.csv
2026-01-19,210340,Philip Sekulic,520,80,0.0,-1.0,AUS,22,atp_rankings_2026_01_19.csv
2026-01-19,208876,Egor Agafonov,521,80,0.0,-1.0,RUS,23,atp_rankings_2026_01_19.csv
2026-01-19,209931,Lukas Pokorny,522,79,3.0,10.0,SVK,23,atp_rankings_2026_01_19.csv
2026-01-19,209318,Petr Nesterov,523,79,0.0,-2.0,BUL,22,atp_rankings_2026_01_19.csv
2026-01-19,212090,Sergio Callejon Hernando,524,79,1.0,3.0,ESP,21,atp_rankings_2026_01_19.csv
2026-01-19,210129,Samuele Pieri,525,79,0.0,-3.0,ITA,23,atp_rankings_2026_01_19.csv
2026-01-19,133872,Enrico Dalla Valle,526,78,0.0,-2.0,ITA,27,atp_rankings_2026_01_19.csv
2026-01-19,207987,Ryuki Matsuda,527,78,0.0,-2.0,JPN,26,atp_rankings_2026_01_19.csv
2026-01-19,124154,Sasi Kumar Mukund,528,78,0.0,-2.0,IND,29,atp_rankings_2026_01_19.csv
2026-01-19,206867,Tommaso Compagnucci,529,78,0.0,-1.0,ITA,26,atp_rankings_2026_01_19.csv
2026-01-19,126125,Maxime Janvier,530,78,0.0,-1.0,FRA,29,atp_rankings_2026_01_19.csv
2026-01-19,126762,Aleksandre Bakshi,531,77,4.0,14.0,GEO,28,atp_rankings_2026_01_19.csv
2026-01-19,209863,Leo Borg,532,77,1.0,1.0,SWE,22,atp_rankings_2026_01_19.csv
2026-01-19,132744,Alberto Barroso Campos,533,77,0.0,-3.0,ESP,29,atp_rankings_2026_01_19.csv
2026-01-19,210029,Bruno Kuzuhara,534,77,0.0,-3.0,USA,21,atp_rankings_2026_01_19.csv
2026-01-19,105814,Maximilian Neuchrist,535,76,2.0,5.0,AUT,34,atp_rankings_2026_01_19.csv
2026-01-19,201987,Masamichi Imamura,536,76,0.0,-2.0,JPN,27,atp_rankings_2026_01_19.csv
2026-01-19,207708,Dusan Obradovic,537,76,7.0,25.0,SRB,24,atp_rankings_2026_01_19.csv
2026-01-19,209142,Sebastian Gima,538,76,0.0,-3.0,ROU,23,atp_rankings_2026_01_19.csv
2026-01-19,106423,Thanasi Kokkinakis,539,75,25.0,131.0,AUS,29,atp_rankings_2026_01_19.csv
2026-01-19,209302,Peter Fajta,540,75,0.0,-4.0,HUN,23,atp_rankings_2026_01_19.csv
2026-01-19,206662,Georgii Kravchenko,541,75,0.0,-4.0,UKR,25,atp_rankings_2026_01_19.csv
2026-01-19,209403,Faris Zakaryia,542,75,0.0,-4.0,EGY,24,atp_rankings_2026_01_19.csv
2026-01-19,210034,Shunsuke Mitsui,543,74,14.0,60.0,JPN,23,atp_rankings_2026_01_19.csv
2026-01-19,200661,Yuki Mochizuki,544,74,0.0,-5.0,JPN,28,atp_rankings_2026_01_19.csv
2026-01-19,208158,Dominik Palan,545,74,0.0,-4.0,CZE,25,atp_rankings_2026_01_19.csv
2026-01-19,202326,Ivan Marrero Curbelo,546,74,0.0,-4.0,ESP,27,atp_rankings_2026_01_19.csv
2026-01-19,210398,Gabriele Pennaforti,547,74,0.0,-4.0,ITA,25,atp_rankings_2026_01_19.csv
2026-01-19,200325,Emil Ruusuvuori,548,73,0.0,-4.0,FIN,26,atp_rankings_2026_01_19.csv
2026-01-19,208819,Max Hans Rehberg,549,73,15.0,69.0,GER,22,atp_rankings_2026_01_19.csv
2026-01-19,208297,Maxwell Mckennon,550,73,2.0,2.0,USA,23,atp_rankings_2026_01_19.csv
2026-01-19,209510,Nino Ehrenschneider,551,73,0.0,-5.0,GER,24,atp_rankings_2026_01_19.csv
2026-01-19,106137,Tristan Lamasine,552,72,0.0,-5.0,FRA,32,atp_rankings_2026_01_19.csv
2026-01-19,126627,Johan Nikles,553,72,0.0,-5.0,SUI,28,atp_rankings_2026_01_19.csv
2026-01-19,207181,Govind Nanda,554,71,0.0,-5.0,USA,24,atp_rankings_2026_01_19.csv
2026-01-19,110618,Elmar Ejupovic,555,71,0.0,-5.0,GER,32,atp_rankings_2026_01_19.csv
2026-01-19,144985,Ergi Kirkin,556,71,3.0,8.0,TUR,26,atp_rankings_2026_01_19.csv
2026-01-19,207993,Justin Boulais,557,71,0.0,-6.0,CAN,24,atp_rankings_2026_01_19.csv
2026-01-19,209871,Amr Elsayed Abdou Ahmed Mohamed,558,71,0.0,-5.0,EGY,26,atp_rankings_2026_01_19.csv
2026-01-19,211530,Tomasz Berkieta,559,70,0.0,-5.0,POL,19,atp_rankings_2026_01_19.csv
2026-01-19,211727,Pavle Marinkov,560,70,0.0,-5.0,AUS,19,atp_rankings_2026_01_19.csv
2026-01-19,207803,Igor Gimenez,561,70,0.0,-5.0,BRA,25,atp_rankings_2026_01_19.csv
2026-01-19,210121,Kokoro Isomura,562,70,0.0,-5.0,JPN,22,atp_rankings_2026_01_19.csv
2026-01-19,210730,Reda Bennani,563,69,0.0,-5.0,MAR,18,atp_rankings_2026_01_19.csv
2026-01-19,210714,Robin Catry,564,69,3.0,8.0,FRA,23,atp_rankings_2026_01_19.csv
2026-01-19,210285,Sebastian Sorger,565,69,0.0,-6.0,AUT,20,atp_rankings_2026_01_19.csv
2026-01-19,209959,Woobin Shin,566,69,0.0,-6.0,KOR,21,atp_rankings_2026_01_19.csv
2026-01-19,125806,Dominik Kellovsky,567,69,0.0,-6.0,CZE,29,atp_rankings_2026_01_19.csv
2026-01-19,208063,Paulo Andre Saraiva Dos Santos,568,69,0.0,-5.0,BRA,25,atp_rankings_2026_01_19.csv
2026-01-19,208071,Oleksii Krutykh,569,68,1.0,-1.0,UKR,25,atp_rankings_2026_01_19.csv
2026-01-19,211621,Arthur Nagel,570,68,2.0,3.0,FRA,22,atp_rankings_2026_01_19.csv
2026-01-19,209251,Stefan Popovic,571,68,0.0,-6.0,SRB,22,atp_rankings_2026_01_19.csv
2026-01-19,200070,Kirill Kivattsev,572,68,0.0,-6.0,RUS,28,atp_rankings_2026_01_19.csv
2026-01-19,207907,Arda Azkara,573,67,0.0,-6.0,TUR,22,atp_rankings_2026_01_19.csv
2026-01-19,211542,Filippo Romano,574,67,0.0,-5.0,ITA,20,atp_rankings_2026_01_19.csv
2026-01-19,211636,Lucio Ratti,575,67,7.0,32.0,ARG,21,atp_rankings_2026_01_19.csv
2026-01-19,207220,Taha Baadi,576,67,0.0,-6.0,CAN,24,atp_rankings_2026_01_19.csv
2026-01-19,207969,Stefan Dostanic,577,66,3.0,10.0,USA,24,atp_rankings_2026_01_19.csv
2026-01-19,208457,Radu Mihai Papoe,578,66,0.0,-7.0,ROU,23,atp_rankings_2026_01_19.csv
2026-01-19,200096,Dragos Nicolae Madaras,579,65,0.0,-5.0,SWE,28,atp_rankings_2026_01_19.csv
2026-01-19,106264,Karue Sell,580,65,0.0,-5.0,BRA,32,atp_rankings_2026_01_19.csv
2026-01-19,126939,Khumoun Sultanov,581,65,0.0,-5.0,UZB,27,atp_rankings_2026_01_19.csv
2026-01-19,106172,Maxime Chazal,582,65,0.0,-5.0,FRA,32,atp_rankings_2026_01_19.csv
2026-01-19,212202,Alvin Nicholas Tudorica,583,65,0.0,-5.0,CAN,23,atp_rankings_2026_01_19.csv
2026-01-19,211756,Michal Krajci,584,65,0.0,-5.0,SVK,21,atp_rankings_2026_01_19.csv
2026-01-19,106298,Lucas Pouille,585,64,0.0,-5.0,FRA,31,atp_rankings_2026_01_19.csv
2026-01-19,105944,Juan Sebastian Gomez,586,64,0.0,-5.0,COL,33,atp_rankings_2026_01_19.csv
2026-01-19,210731,Filip Jeff Planinsek,587,64,0.0,-5.0,SLO,24,atp_rankings_2026_01_19.csv
2026-01-19,207601,Manuel Mazza,588,64,0.0,-5.0,ITA,26,atp_rankings_2026_01_19.csv
2026-01-19,202398,Michael Vrbensky,589,64,0.0,-5.0,CZE,26,atp_rankings_2026_01_19.csv
2026-01-19,110602,Dennis Novak,590,64,0.0,-5.0,AUT,32,atp_rankings_2026_01_19.csv
2026-01-19,212051,Joaquin  Aguilar Cardozo,591,64,2.0,6.0,URU,20,atp_rankings_2026_01_19.csv
2026-01-19,210470,Tai Sach,592,64,0.0,-6.0,AUS,23,atp_rankings_2026_01_19.csv
2026-01-19,117356,Cem Ilkel,593,63,0.0,-5.0,TUR,30,atp_rankings_2026_01_19.csv
2026-01-19,202150,Dan Alexandru Tomescu,594,63,0.0,-5.0,ROU,26,atp_rankings_2026_01_19.csv
2026-01-19,106075,Jozef Kovalik,595,63,0.0,-5.0,SVK,33,atp_rankings_2026_01_19.csv
2026-01-19,211628,Koki Matsuda,596,63,0.0,-5.0,JPN,25,atp_rankings_2026_01_19.csv
2026-01-19,101495,Miguel Tobon,597,63,0.0,-4.0,COL,19,atp_rankings_2026_01_19.csv
2026-01-19,212258,Adhithya Ganesan,598,63,0.0,-6.0,USA,20,atp_rankings_2026_01_19.csv
2026-01-19,144970,Constantin Bittoun Kouzmine,599,63,0.0,-5.0,FRA,27,atp_rankings_2026_01_19.csv
2026-01-19,123993,Lucas Gerch,600,62,0.0,-5.0,GER,31,atp_rankings_2026_01_19.csv
2026-01-19,200014,Digvijaypratap Singh,601,62,0.0,-5.0,IND,25,atp_rankings_2026_01_19.csv
2026-01-19,209140,Millen Hurrion,602,62,0.0,-4.0,GBR,26,atp_rankings_2026_01_19.csv
2026-01-19,209416,Juan Carlos Aguilar,603,61,1.0,3.0,CAN,27,atp_rankings_2026_01_19.csv
2026-01-19,210054,Matthew William Donald,604,61,0.0,-5.0,CZE,21,atp_rankings_2026_01_19.csv
2026-01-19,207202,Karl Poling,605,61,0.0,-5.0,USA,26,atp_rankings_2026_01_19.csv
2026-01-19,212598,Emilien Demanet,606,61,0.0,-5.0,BEL,20,atp_rankings_2026_01_19.csv
2026-01-19,144907,Adrian Oetzbach,607,61,0.0,-5.0,GER,28,atp_rankings_2026_01_19.csv
2026-01-19,200572,Nick Hardt,608,60,0.0,-4.0,DOM,25,atp_rankings_2026_01_19.csv
2026-01-19,212749,Andres Santamarta Roig,609,60,0.0,-4.0,ESP,18,atp_rankings_2026_01_19.csv
2026-01-19,212785,Carlos Maria Zarate,610,60,0.0,-2.0,ARG,,atp_rankings_2026_01_19.csv
2026-01-19,210604,Loann Massard,611,60,0.0,-2.0,FRA,20,atp_rankings_2026_01_19.csv
2026-01-19,144923,Louis Wessels,612,60,0.0,-2.0,GER,27,atp_rankings_2026_01_19.csv
2026-01-19,210545,Luis Carlos Alvarez,613,59,0.0,-2.0,MEX,21,atp_rankings_2026_01_19.csv
2026-01-19,212268,Max Schoenhaus,614,59,0.0,-2.0,GER,18,atp_rankings_2026_01_19.csv
2026-01-19,200214,Alan Fernando Rubio Fierros,615,59,0.0,-2.0,MEX,26,atp_rankings_2026_01_19.csv
2026-01-19,208854,Aidan Mayo,616,59,0.0,-2.0,USA,22,atp_rankings_2026_01_19.csv
2026-01-19,200445,Maxence Beauge,617,59,0.0,-2.0,FRA,25,atp_rankings_2026_01_19.csv
2026-01-19,212219,Mees Rottgering,618,59,1.0,6.0,NED,18,atp_rankings_2026_01_19.csv
2026-01-19,210498,Gerard Campana Lee,619,59,0.0,-3.0,KOR,21,atp_rankings_2026_01_19.csv
2026-01-19,207660,Nicholas David Ionel,620,59,0.0,-3.0,ROU,23,atp_rankings_2026_01_19.csv
2026-01-19,209120,Yassine Dlimi,621,58,0.0,-2.0,MAR,22,atp_rankings_2026_01_19.csv
2026-01-19,122495,Shintaro Imai,622,58,0.0,-2.0,JPN,32,atp_rankings_2026_01_19.csv
2026-01-19,202277,Damien Wenger,623,58,0.0,-2.0,SUI,25,atp_rankings_2026_01_19.csv
2026-01-19,211543,Lorenzo Sciahbasi,624,58,0.0,-2.0,ITA,20,atp_rankings_2026_01_19.csv
2026-01-19,134120,Kuan Yi Lee,625,58,0.0,-2.0,TPE,29,atp_rankings_2026_01_19.csv
2026-01-19,208605,Mario Gonzalez Fernandez,626,58,0.0,-1.0,ESP,23,atp_rankings_2026_01_19.csv
2026-01-19,144707,Mikael Ymer,627,57,0.0,-1.0,SWE,27,atp_rankings_2026_01_19.csv
2026-01-19,210083,Jakub Nicod,628,57,0.0,-1.0,CZE,21,atp_rankings_2026_01_19.csv
2026-01-19,200665,Yuta Kawahashi,629,57,0.0,-1.0,JPN,27,atp_rankings_2026_01_19.csv
2026-01-19,212305,Juan Cruz Martin Manzano,630,57,0.0,-1.0,ITA,21,atp_rankings_2026_01_19.csv
2026-01-19,213149,Felix Balshaw,631,57,0.0,-1.0,FRA,19,atp_rankings_2026_01_19.csv
2026-01-19,133794,S D Prajwal Dev,632,57,0.0,-1.0,IND,29,atp_rankings_2026_01_19.csv
2026-01-19,200297,Aziz Ouakaa,633,57,0.0,-1.0,TUN,26,atp_rankings_2026_01_19.csv
2026-01-19,134457,Nicolas Moreno De Alboran,634,56,0.0,-1.0,USA,28,atp_rankings_2026_01_19.csv
2026-01-19,211501,Kenta Miyoshi,635,56,0.0,-1.0,JPN,21,atp_rankings_2026_01_19.csv
2026-01-19,207793,Alec Deckers,636,56,0.0,-1.0,NED,25,atp_rankings_2026_01_19.csv
2026-01-19,205842,Arthur Reymond,637,56,0.0,-1.0,FRA,26,atp_rankings_2026_01_19.csv
2026-01-19,212160,Ryan Fishback,638,56,0.0,-1.0,USA,23,atp_rankings_2026_01_19.csv
2026-01-19,126723,Denys Klok,639,56,0.0,-1.0,RUS,27,atp_rankings_2026_01_19.csv
2026-01-19,122113,Yurii Dzhavakian,640,56,0.0,-1.0,UKR,32,atp_rankings_2026_01_19.csv
2026-01-19,144841,Christian Sigsgaard,641,55,0.0,-1.0,DEN,28,atp_rankings_2026_01_19.csv
2026-01-19,208909,Johan Alexander Rodriguez Rodriguez,642,55,0.0,-1.0,COL,22,atp_rankings_2026_01_19.csv
2026-01-19,209338,Daniel Siniakov,643,55,0.0,-1.0,CZE,23,atp_rankings_2026_01_19.csv
2026-01-19,213608,Moise Kouame,644,55,25.0,188.0,FRA,16,atp_rankings_2026_01_19.csv
2026-01-19,211767,James Watt,645,55,0.0,-2.0,NZL,25,atp_rankings_2026_01_19.csv
2026-01-19,208931,Toby Alex Kodat,646,55,0.0,-2.0,USA,23,atp_rankings_2026_01_19.csv
2026-01-19,202168,Ye Cong Mo,647,55,0.0,-2.0,CHN,25,atp_rankings_2026_01_19.csv
2026-01-19,202209,Imanol Lopez Morillo,648,55,4.0,17.0,ESP,26,atp_rankings_2026_01_19.csv
2026-01-19,208343,Andrew Paulson,649,54,0.0,-3.0,CZE,24,atp_rankings_2026_01_19.csv
2026-01-19,200218,Mate Valkusz,650,54,0.0,-3.0,HUN,27,atp_rankings_2026_01_19.csv
2026-01-19,210494,Theo Papamalamis,651,54,14.0,92.0,FRA,20,atp_rankings_2026_01_19.csv
2026-01-19,211550,Yusuke Kusuhara,652,54,0.0,-4.0,JPN,28,atp_rankings_2026_01_19.csv
2026-01-19,144751,Rigele Te,653,54,0.0,-4.0,CHN,28,atp_rankings_2026_01_19.csv
2026-01-19,208099,Santiago De La Fuente,654,54,0.0,-4.0,ARG,23,atp_rankings_2026_01_19.csv
2026-01-19,209517,Igor Kudriashov,655,54,0.0,-4.0,RUS,22,atp_rankings_2026_01_19.csv
2026-01-19,210668,Massimo Giunta,656,54,0.0,-4.0,ITA,21,atp_rankings_2026_01_19.csv
2026-01-19,212190,Karol Filar,657,53,0.0,-4.0,POL,27,atp_rankings_2026_01_19.csv
2026-01-19,200030,Facundo Juarez,658,53,0.0,-4.0,ITA,28,atp_rankings_2026_01_19.csv
2026-01-19,209247,Axel Garcian,659,53,0.0,-4.0,FRA,23,atp_rankings_2026_01_19.csv
2026-01-19,210320,Kyle Kang,660,52,0.0,-4.0,USA,20,atp_rankings_2026_01_19.csv
2026-01-19,210077,Aidan Kim,661,52,0.0,-4.0,USA,21,atp_rankings_2026_01_19.csv
2026-01-19,200366,Olukayode Alafia Damina Ayeni,662,52,0.0,-4.0,USA,26,atp_rankings_2026_01_19.csv
2026-01-19,211639,Alejo Sanchez Quilez,663,52,0.0,-4.0,ESP,20,atp_rankings_2026_01_19.csv
2026-01-19,209088,Quinn Vandecasteele,664,52,1.0,4.0,USA,23,atp_rankings_2026_01_19.csv
2026-01-19,134389,Tim Handel,665,52,0.0,-5.0,GER,29,atp_rankings_2026_01_19.csv
2026-01-19,211673,Duncan Chan,666,51,0.0,-5.0,CAN,20,atp_rankings_2026_01_19.csv
2026-01-19,213635,Jacopo Vasami,667,51,0.0,-5.0,ITA,18,atp_rankings_2026_01_19.csv
2026-01-19,210721,Iliyan Radulov,668,51,0.0,-5.0,BUL,20,atp_rankings_2026_01_19.csv
2026-01-19,202418,Stijn Slump,669,51,0.0,-5.0,NED,26,atp_rankings_2026_01_19.csv
2026-01-19,208153,Giuseppe La Vela,670,51,0.0,-4.0,ITA,25,atp_rankings_2026_01_19.csv
2026-01-19,209337,Luca Castagnola,671,51,0.0,-4.0,ITA,23,atp_rankings_2026_01_19.csv
2026-01-19,132831,Giovanni Oradini,672,51,0.0,-3.0,ITA,28,atp_rankings_2026_01_19.csv
2026-01-19,106401,Nick Kyrgios,673,50,0.0,-2.0,AUS,30,atp_rankings_2026_01_19.csv
2026-01-19,106234,Aslan Karatsev,674,50,0.0,-2.0,RUS,32,atp_rankings_2026_01_19.csv
2026-01-19,210686,Michael Agwi,675,50,0.0,-2.0,IRL,22,atp_rankings_2026_01_19.csv
2026-01-19,211618,Jan Kumstat,676,50,0.0,-2.0,CZE,19,atp_rankings_2026_01_19.csv
2026-01-19,212886,Radu David Turcanu,677,50,0.0,-2.0,ROU,19,atp_rankings_2026_01_19.csv
2026-01-19,208411,Daniel Antonio Nunez,678,50,0.0,-2.0,CHI,24,atp_rankings_2026_01_19.csv
2026-01-19,208265,Pierre Delage,679,50,0.0,-2.0,FRA,24,atp_rankings_2026_01_19.csv
2026-01-19,208253,Niels Visker,680,50,0.0,-2.0,NED,24,atp_rankings_2026_01_19.csv
2026-01-19,200574,Alexander Donski,681,49,0.0,-2.0,BUL,27,atp_rankings_2026_01_19.csv
2026-01-19,111505,Enzo Couacaud,682,49,0.0,-2.0,FRA,30,atp_rankings_2026_01_19.csv
2026-01-19,211711,Braden Shick,683,49,1.0,7.0,USA,22,atp_rankings_2026_01_19.csv
2026-01-19,209506,Francesco Forti,684,49,0.0,-3.0,ITA,26,atp_rankings_2026_01_19.csv
2026-01-19,212969,Matisse Bobichon,685,49,0.0,-3.0,FRA,24,atp_rankings_2026_01_19.csv
2026-01-19,200228,Felix Corwin,686,49,0.0,-3.0,USA,29,atp_rankings_2026_01_19.csv
2026-01-19,209904,Alejandro Manzanera Pertusa,687,49,0.0,-3.0,ESP,22,atp_rankings_2026_01_19.csv
2026-01-19,106168,Sidharth Rawat,688,49,0.0,-3.0,IND,32,atp_rankings_2026_01_19.csv
2026-01-19,210599,Ryan Dickerson,689,49,0.0,-3.0,USA,28,atp_rankings_2026_01_19.csv
2026-01-19,211524,Abel Forger,690,49,0.0,-3.0,NED,20,atp_rankings_2026_01_19.csv
2026-01-19,106398,Pedro Cachin,691,48,0.0,-3.0,ARG,30,atp_rankings_2026_01_19.csv
2026-01-19,208586,Joshua Sheehy,692,48,0.0,-3.0,USA,28,atp_rankings_2026_01_19.csv
2026-01-19,209124,Blu Baker,693,48,0.0,-2.0,GBR,24,atp_rankings_2026_01_19.csv
2026-01-19,200270,Alex Knaff,694,48,8.0,51.0,LUX,28,atp_rankings_2026_01_19.csv
2026-01-19,209043,Yuta Kikuchi,695,48,0.0,-3.0,JPN,26,atp_rankings_2026_01_19.csv
2026-01-19,212286,Rodrigo Alujas,696,48,0.0,-3.0,MEX,23,atp_rankings_2026_01_19.csv
2026-01-19,109694,Pedro Araujo,697,48,0.0,-3.0,POR,23,atp_rankings_2026_01_19.csv
2026-01-19,133997,Sergi Perez Contri,698,48,0.0,-3.0,ESP,27,atp_rankings_2026_01_19.csv
2026-01-19,207760,Anton Matusevich,699,47,0.0,-3.0,GBR,24,atp_rankings_2026_01_19.csv
2026-01-19,210687,Pawit Sornlaksup,700,47,0.0,-3.0,THA,26,atp_rankings_2026_01_19.csv
2026-01-19,211324,Mitsuki Wei Kang Leong,701,47,0.0,-3.0,MAS,21,atp_rankings_2026_01_19.csv
2026-01-19,210672,Leo Vithoontien,702,47,0.0,-2.0,JPN,26,atp_rankings_2026_01_19.csv
2026-01-19,126177,Strong Kirchheimer,703,47,0.0,-4.0,USA,30,atp_rankings_2026_01_19.csv
2026-01-19,210295,Cooper Williams,704,46,0.0,-3.0,USA,20,atp_rankings_2026_01_19.csv
2026-01-19,213003,Pierluigi Basile,705,46,0.0,-3.0,ITA,19,atp_rankings_2026_01_19.csv
2026-01-19,210513,Tuncay Duran,706,46,0.0,-3.0,TUR,21,atp_rankings_2026_01_19.csv
2026-01-19,212221,Tianhui Zhang,707,46,0.0,-3.0,CHN,19,atp_rankings_2026_01_19.csv
2026-01-19,210505,Marcel Zielinski,708,46,0.0,-3.0,POL,25,atp_rankings_2026_01_19.csv
2026-01-19,106378,Kyle Edmund,709,45,0.0,-3.0,GBR,31,atp_rankings_2026_01_19.csv
2026-01-19,212104,Pablo Martinez Gomez,710,45,0.0,-3.0,ESP,19,atp_rankings_2026_01_19.csv
2026-01-19,126209,Peter Bertran,711,45,0.0,-3.0,DOM,29,atp_rankings_2026_01_19.csv
2026-01-19,126335,Sora Fukuda,712,45,0.0,-3.0,JPN,28,atp_rankings_2026_01_19.csv
2026-01-19,208431,Semen Pankin,713,45,0.0,-3.0,RUS,26,atp_rankings_2026_01_19.csv
2026-01-19,212244,Gabriel Ghetu,714,45,0.0,-3.0,ROU,18,atp_rankings_2026_01_19.csv
2026-01-19,207994,Chase Ferguson,715,45,0.0,-3.0,AUS,27,atp_rankings_2026_01_19.csv
2026-01-19,212070,Ali Yazdani,716,45,0.0,-3.0,IRI,22,atp_rankings_2026_01_19.csv
2026-01-19,200713,Federico Iannaccone,717,45,0.0,-3.0,ITA,26,atp_rankings_2026_01_19.csv
2026-01-19,211409,Guillaume Dalmasso,718,45,0.0,-2.0,FRA,23,atp_rankings_2026_01_19.csv
2026-01-19,104932,Kenny De Schepper,719,45,0.0,-4.0,FRA,38,atp_rankings_2026_01_19.csv
2026-01-19,210744,Kaylan Bigun,720,44,0.0,-3.0,USA,19,atp_rankings_2026_01_19.csv
2026-01-19,202154,Uisung Park,721,44,0.0,-3.0,KOR,25,atp_rankings_2026_01_19.csv
2026-01-19,105700,Jose Pereira,722,44,0.0,-3.0,BRA,34,atp_rankings_2026_01_19.csv
2026-01-19,209128,Diego Augusto Barreto Sanchez,723,44,0.0,-3.0,ESP,23,atp_rankings_2026_01_19.csv
2026-01-19,202148,Michiel De Krom,724,44,0.0,-3.0,NED,27,atp_rankings_2026_01_19.csv
2026-01-19,109946,Pedro Rodrigues,725,43,0.0,-3.0,BRA,19,atp_rankings_2026_01_19.csv
2026-01-19,106167,Joris De Loore,726,43,0.0,-3.0,BEL,32,atp_rankings_2026_01_19.csv
2026-01-19,111788,Naoki Nakagawa,727,43,0.0,-3.0,JPN,29,atp_rankings_2026_01_19.csv
2026-01-19,209867,Daniil Ostapenkov,728,43,2.0,9.0,BLR,22,atp_rankings_2026_01_19.csv
2026-01-19,211758,Matthew Summers,729,43,0.0,-4.0,GBR,27,atp_rankings_2026_01_19.csv
2026-01-19,209971,Michael Bassem Sobhy,730,43,0.0,-4.0,EGY,21,atp_rankings_2026_01_19.csv
2026-01-19,210099,Dinko Dinev,731,43,0.0,-4.0,BUL,21,atp_rankings_2026_01_19.csv
2026-01-19,207557,Maik Steiner,732,43,0.0,-4.0,GER,31,atp_rankings_2026_01_19.csv
2026-01-19,138485,Conner Huertas Del Pino,733,42,0.0,-4.0,PER,30,atp_rankings_2026_01_19.csv
2026-01-19,106227,Ji Sung Nam,734,42,0.0,-4.0,KOR,32,atp_rankings_2026_01_19.csv
2026-01-19,210537,Josip Simundza,735,42,2.0,13.0,CRO,21,atp_rankings_2026_01_19.csv
2026-01-19,133820,Ignacio Monzon,736,42,0.0,-5.0,ARG,28,atp_rankings_2026_01_19.csv
2026-01-19,132999,Kai Wehnelt,737,42,0.0,-5.0,GER,30,atp_rankings_2026_01_19.csv
2026-01-19,208285,Fausto Tabacco,738,42,0.0,-5.0,ITA,23,atp_rankings_2026_01_19.csv
2026-01-19,213001,Mika Petkovic,739,42,1.0,1.0,GER,19,atp_rankings_2026_01_19.csv
2026-01-19,213178,Cruz Hewitt,740,41,0.0,-6.0,AUS,17,atp_rankings_2026_01_19.csv
2026-01-19,212157,Timofei Derepasko,741,41,0.0,-6.0,RUS,19,atp_rankings_2026_01_19.csv
2026-01-19,208126,John Echeverria,742,41,0.0,-6.0,ESP,24,atp_rankings_2026_01_19.csv
2026-01-19,202230,Maxence Bertimon,743,41,1.0,7.0,FRA,26,atp_rankings_2026_01_19.csv
2026-01-19,209985,Amaury Raynel,744,41,1.0,7.0,FRA,23,atp_rankings_2026_01_19.csv
2026-01-19,208168,Nicolas Tepmahc,745,41,0.0,-7.0,FRA,24,atp_rankings_2026_01_19.csv
2026-01-19,200632,Evan Zhu,746,41,0.0,-7.0,USA,27,atp_rankings_2026_01_19.csv
2026-01-19,212029,Dimitris Sakellaridis,747,41,0.0,-6.0,GRE,19,atp_rankings_2026_01_19.csv
2026-01-19,109739,Maximilian Marterer,748,40,0.0,-6.0,GER,30,atp_rankings_2026_01_19.csv
2026-01-19,207664,Luca Staeheli,749,40,0.0,-5.0,SUI,25,atp_rankings_2026_01_19.csv
2026-01-19,209185,Alessandro Pecci,750,40,0.0,-4.0,ITA,24,atp_rankings_2026_01_19.csv
2026-01-19,208078,Tomas Farjat,751,40,0.0,-4.0,ARG,24,atp_rankings_2026_01_19.csv
2026-01-19,149145,Matteo Covato,752,40,0.0,-3.0,ITA,20,atp_rankings_2026_01_19.csv
2026-01-19,210200,Yanaki Milev,753,40,0.0,-1.0,BUL,21,atp_rankings_2026_01_19.csv
2026-01-19,134794,Alexis Gautier,754,39,0.0,-1.0,FRA,28,atp_rankings_2026_01_19.csv
2026-01-19,210726,Cesar Bouchelaghem,755,39,0.0,-1.0,FRA,21,atp_rankings_2026_01_19.csv
2026-01-19,212830,Samuel Alejandro Linde Palacios,756,39,0.0,-1.0,COL,18,atp_rankings_2026_01_19.csv
2026-01-19,211901,Yanis Ghazouani Durand,757,39,1.0,3.0,FRA,25,atp_rankings_2026_01_19.csv
2026-01-19,212831,Samuel Heredia,758,39,0.0,-2.0,COL,19,atp_rankings_2026_01_19.csv
2026-01-19,200330,Tomas Curras Abasolo,759,39,0.0,-2.0,ESP,25,atp_rankings_2026_01_19.csv
2026-01-19,132017,Mwendwa Mbithi,760,38,0.0,-2.0,USA,28,atp_rankings_2026_01_19.csv
2026-01-19,210447,Leo Raquillet,761,38,1.0,3.0,FRA,20,atp_rankings_2026_01_19.csv
2026-01-19,210254,Adrien Gobat,762,38,0.0,-3.0,FRA,24,atp_rankings_2026_01_19.csv
2026-01-19,106296,Gregoire Barrere,763,37,0.0,-2.0,FRA,31,atp_rankings_2026_01_19.csv
2026-01-19,208426,Tiago Torres,764,37,0.0,-2.0,POR,23,atp_rankings_2026_01_19.csv
2026-01-19,144748,Kris Van Wyk,765,37,0.0,-2.0,RSA,29,atp_rankings_2026_01_19.csv
2026-01-19,212203,Luca Preda,766,37,0.0,-1.0,ROU,19,atp_rankings_2026_01_19.csv
2026-01-19,211897,Naoya Honda,767,37,0.0,-1.0,JPN,19,atp_rankings_2026_01_19.csv
2026-01-19,210145,John Sperle,768,37,0.0,-1.0,GER,23,atp_rankings_2026_01_19.csv
2026-01-19,121264,Oscar Jose Gutierrez,769,37,0.0,-1.0,BRA,32,atp_rankings_2026_01_19.csv
2026-01-19,210294,Jack Anthrop,770,36,0.0,-1.0,USA,22,atp_rankings_2026_01_19.csv
2026-01-19,210715,Yaroslav Demin,771,36,15.0,167.0,RUS,20,atp_rankings_2026_01_19.csv
2026-01-19,210098,Victor Lilov,772,36,0.0,-2.0,USA,21,atp_rankings_2026_01_19.csv
2026-01-19,208386,Matt Kuhar,773,36,0.0,-1.0,USA,29,atp_rankings_2026_01_19.csv
2026-01-19,209095,Francisco Rocha,774,36,0.0,-3.0,POR,26,atp_rankings_2026_01_19.csv
2026-01-19,105868,Wilson Leite,775,36,3.0,38.0,BRA,34,atp_rankings_2026_01_19.csv
2026-01-19,202089,Aleksandr Braynin,776,36,0.0,-3.0,UKR,26,atp_rankings_2026_01_19.csv
2026-01-19,210223,Leonardo Rossi,777,36,0.0,-3.0,ITA,23,atp_rankings_2026_01_19.csv
2026-01-19,212455,Lucas Andrade Da Silva,778,35,0.0,-3.0,BRA,20,atp_rankings_2026_01_19.csv
2026-01-19,210488,Roger Pascual Ferra,779,35,0.0,-3.0,ESP,19,atp_rankings_2026_01_19.csv
2026-01-19,211558,Karim Bennani,780,35,0.0,-3.0,MAR,18,atp_rankings_2026_01_19.csv
2026-01-19,200538,Matyas Fuele,781,35,0.0,-3.0,HUN,27,atp_rankings_2026_01_19.csv
2026-01-19,210236,Attila Boros,782,35,0.0,-3.0,HUN,22,atp_rankings_2026_01_19.csv
2026-01-19,209278,Alec Beckley,783,35,0.0,-3.0,RSA,24,atp_rankings_2026_01_19.csv
2026-01-19,209163,Emile Hudd,784,35,0.0,-3.0,GBR,25,atp_rankings_2026_01_19.csv
2026-01-19,207592,Martin Van Der Meerschen,785,35,0.0,-3.0,BEL,25,atp_rankings_2026_01_19.csv
2026-01-19,124040,Colin Sinclair,786,35,0.0,-3.0,NMI,31,atp_rankings_2026_01_19.csv
2026-01-19,213713,Melios Efstathiou,787,35,0.0,-3.0,CYP,,atp_rankings_2026_01_19.csv
2026-01-19,211391,Iannis Miletich,788,35,0.0,-3.0,ITA,20,atp_rankings_2026_01_19.csv
2026-01-19,106397,Wishaya Trongcharoenchaikul,789,35,0.0,-3.0,THA,30,atp_rankings_2026_01_19.csv
2026-01-19,209360,Samir Hamza Reguig,790,35,0.0,-3.0,ALG,24,atp_rankings_2026_01_19.csv
2026-01-19,212248,Fryderyk Lechno Wasiutynski,791,34,0.0,-3.0,POL,20,atp_rankings_2026_01_19.csv
2026-01-19,206573,Trey Hilderbrand,792,34,0.0,-3.0,USA,25,atp_rankings_2026_01_19.csv
2026-01-19,125802,Ilya Ivashka,793,34,0.0,-2.0,BLR,31,atp_rankings_2026_01_19.csv
2026-01-19,209334,Micah Braswell,794,34,0.0,-4.0,USA,24,atp_rankings_2026_01_19.csv
2026-01-19,211479,Gustavo Ribeiro De Almeida,795,34,0.0,-3.0,BRA,19,atp_rankings_2026_01_19.csv
2026-01-19,209330,Bautista Vilicich,796,34,0.0,-1.0,ARG,24,atp_rankings_2026_01_19.csv
2026-01-19,212784,Maximo Zeitune,797,34,4.0,38.0,ARG,18,atp_rankings_2026_01_19.csv
2026-01-19,144915,Mikalai Haliak,798,34,0.0,-5.0,BLR,27,atp_rankings_2026_01_19.csv
2026-01-19,209038,Linang Xiao,799,34,0.0,-3.0,CHN,25,atp_rankings_2026_01_19.csv
2026-01-19,209246,Alan Magadan,800,34,0.0,-6.0,MEX,24,atp_rankings_2026_01_19.csv
2026-01-19,207788,Thanapet Chanta,801,34,2.0,16.0,THA,26,atp_rankings_2026_01_19.csv
2026-01-19,206916,Joshua Charlton,802,34,0.0,-5.0,AUS,26,atp_rankings_2026_01_19.csv
2026-01-19,207776,William Grant,803,34,0.0,-5.0,USA,24,atp_rankings_2026_01_19.csv
2026-01-19,200670,J J Wolf,804,33,0.0,-5.0,USA,27,atp_rankings_2026_01_19.csv
2026-01-19,208267,Oscar Weightman,805,33,0.0,-5.0,GBR,24,atp_rankings_2026_01_19.csv
2026-01-19,212285,Albert Pedrico Kravtsov,806,33,0.0,-5.0,ESP,20,atp_rankings_2026_01_19.csv
2026-01-19,214590,Nikita Belozertsev,807,33,0.0,-5.0,UZB,17,atp_rankings_2026_01_19.csv
2026-01-19,210203,Pedro Rodenas,808,33,0.0,-5.0,ESP,21,atp_rankings_2026_01_19.csv
2026-01-19,106348,Evgeny Karlovskiy,809,33,0.0,-5.0,RUS,31,atp_rankings_2026_01_19.csv
2026-01-19,212839,Oliver Bonding,810,33,0.0,-5.0,GBR,18,atp_rankings_2026_01_19.csv
2026-01-19,131910,Lucas Bouquet,811,33,0.0,-5.0,FRA,28,atp_rankings_2026_01_19.csv
2026-01-19,207134,Fitriadi M Rifqi,812,33,0.0,-5.0,INA,26,atp_rankings_2026_01_19.csv
2026-01-19,117353,Duck Hee Lee,813,33,0.0,-5.0,KOR,27,atp_rankings_2026_01_19.csv
2026-01-19,212788,Amir Omarkhanov,814,33,2.0,11.0,KAZ,18,atp_rankings_2026_01_19.csv
2026-01-19,206923,Shinji Hazawa,815,33,0.0,-6.0,JPN,26,atp_rankings_2026_01_19.csv
2026-01-19,210629,Alejandro Juan Mano,816,33,0.0,-6.0,ESP,21,atp_rankings_2026_01_19.csv
2026-01-19,200086,Toufik Sahtali,817,33,0.0,-6.0,ALG,27,atp_rankings_2026_01_19.csv
2026-01-19,210477,Artur Kukasian,818,33,0.0,-6.0,RUS,21,atp_rankings_2026_01_19.csv
2026-01-19,134276,Jacob Brumm,819,33,0.0,-5.0,USA,27,atp_rankings_2026_01_19.csv
2026-01-19,126185,Evgenii Tiurnev,820,32,3.0,19.0,RUS,28,atp_rankings_2026_01_19.csv
2026-01-19,208861,Keisuke Saitoh,821,32,0.0,-6.0,JPN,24,atp_rankings_2026_01_19.csv
2026-01-19,210218,Bruno Fernandez,822,32,0.0,-6.0,BRA,21,atp_rankings_2026_01_19.csv
2026-01-19,208055,Ajeet Rai,823,32,0.0,-5.0,NZL,27,atp_rankings_2026_01_19.csv
2026-01-19,210143,Maximilian Homberg,824,32,0.0,-5.0,GER,22,atp_rankings_2026_01_19.csv
2026-01-19,209164,Lorenzo Rottoli,825,32,0.0,-5.0,ITA,23,atp_rankings_2026_01_19.csv
2026-01-19,208277,Taiyo Yamanaka,826,32,0.0,-5.0,JPN,24,atp_rankings_2026_01_19.csv
2026-01-19,202124,Kosuke Ogura,827,32,0.0,-5.0,JPN,29,atp_rankings_2026_01_19.csv
2026-01-19,106078,Egor Gerasimov,828,31,0.0,-5.0,BLR,33,atp_rankings_2026_01_19.csv
2026-01-19,202065,Petros Tsitsipas,829,31,0.0,-5.0,GRE,25,atp_rankings_2026_01_19.csv
2026-01-19,210424,Michel Hopp,830,31,0.0,-4.0,GER,27,atp_rankings_2026_01_19.csv
2026-01-19,212288,Vincent Marysko,831,31,0.0,-4.0,GER,19,atp_rankings_2026_01_19.csv
2026-01-19,212603,Benjamin Torrealba,832,31,0.0,-4.0,CHI,20,atp_rankings_2026_01_19.csv
2026-01-19,206749,Niccolo Catini,833,31,0.0,-4.0,ITA,28,atp_rankings_2026_01_19.csv
2026-01-19,202346,Ben Jones,834,31,1.0,4.0,GBR,27,atp_rankings_2026_01_19.csv
2026-01-19,210048,Pierre Yves Bailly,835,30,3.0,24.0,BEL,22,atp_rankings_2026_01_19.csv
2026-01-19,105373,Martin Klizan,836,30,0.0,-6.0,SVK,36,atp_rankings_2026_01_19.csv
2026-01-19,210328,Matt Ponchet,837,30,2.0,11.0,FRA,21,atp_rankings_2026_01_19.csv
2026-01-19,209198,Gian Luca Tanner,838,30,0.0,-7.0,SUI,25,atp_rankings_2026_01_19.csv
2026-01-19,209099,Kristijan Juhas,839,30,0.0,-6.0,SRB,24,atp_rankings_2026_01_19.csv
2026-01-19,210577,Alejandro Turriziani Alvarez,840,30,0.0,-6.0,ESP,22,atp_rankings_2026_01_19.csv
2026-01-19,212025,Yannik Kelm,841,30,0.0,-5.0,GER,20,atp_rankings_2026_01_19.csv
2026-01-19,207535,Marlon Vankan,842,30,0.0,-5.0,GER,25,atp_rankings_2026_01_19.csv
2026-01-19,202327,Marko Miladinovic,843,29,15.0,207.0,SRB,25,atp_rankings_2026_01_19.csv
2026-01-19,210132,Julio Cesar Porras,844,29,0.0,-4.0,ARG,27,atp_rankings_2026_01_19.csv
2026-01-19,208094,Jorge Plans,845,29,0.0,-4.0,ESP,23,atp_rankings_2026_01_19.csv
2026-01-19,202258,Rafael Izquierdo Luque,846,29,0.0,-4.0,ESP,26,atp_rankings_2026_01_19.csv
2026-01-19,125833,Mert Naci Turker,847,29,1.0,6.0,TUR,27,atp_rankings_2026_01_19.csv
2026-01-19,208532,Thiago Cigarran,848,29,0.0,-5.0,ARG,25,atp_rankings_2026_01_19.csv
2026-01-19,208132,Noah Schachter,849,29,0.0,-5.0,USA,26,atp_rankings_2026_01_19.csv
2026-01-19,210554,Marko Maksimovic,850,29,0.0,-5.0,SRB,19,atp_rankings_2026_01_19.csv
2026-01-19,207456,Dong Ju Kim,851,28,0.0,-5.0,KOR,23,atp_rankings_2026_01_19.csv
2026-01-19,211566,Patrick Schoen,852,28,0.0,-5.0,SUI,20,atp_rankings_2026_01_19.csv
2026-01-19,212115,Hoyoung Roh,853,28,0.0,-5.0,KOR,19,atp_rankings_2026_01_19.csv
2026-01-19,213010,Marc Van Der Merwe,854,28,0.0,-4.0,RSA,31,atp_rankings_2026_01_19.csv
2026-01-19,129814,Ivan Ivanov,855,28,8.0,87.0,BUL,17,atp_rankings_2026_01_19.csv
2026-01-19,208166,Xiaofei Wang,856,28,0.0,-5.0,CHN,23,atp_rankings_2026_01_19.csv
2026-01-19,104729,Ivan Nedelko,857,28,0.0,-5.0,RUS,39,atp_rankings_2026_01_19.csv
2026-01-19,208302,Nikola Slavic,858,28,2.0,17.0,SWE,25,atp_rankings_2026_01_19.csv
2026-01-19,212306,Ignacio Parisca,859,28,0.0,-4.0,VEN,20,atp_rankings_2026_01_19.csv
2026-01-19,212978,Izan Almazan Valiente,860,28,0.0,-6.0,ESP,19,atp_rankings_2026_01_19.csv
2026-01-19,207383,Taisei Ichikawa,861,28,0.0,-4.0,JPN,25,atp_rankings_2026_01_19.csv
2026-01-19,200276,Niklas Schell,862,28,0.0,-6.0,GER,27,atp_rankings_2026_01_19.csv
2026-01-19,208147,Alexandre Aubriot,863,28,0.0,-5.0,FRA,26,atp_rankings_2026_01_19.csv
2026-01-19,202342,Ryan Seggerman,864,27,0.0,-4.0,USA,26,atp_rankings_2026_01_19.csv
2026-01-19,206922,Luca Wiedenmann,865,27,0.0,-4.0,GER,27,atp_rankings_2026_01_19.csv
2026-01-19,200598,Isaiah Strode,866,27,0.0,-4.0,USA,28,atp_rankings_2026_01_19.csv
2026-01-19,212127,Charlie Robertson,867,27,0.0,-4.0,GBR,19,atp_rankings_2026_01_19.csv
2026-01-19,209882,Jeffrey Von Der Schulenburg,868,27,0.0,-4.0,SUI,23,atp_rankings_2026_01_19.csv
2026-01-19,209937,Giorgio Tabacco,869,27,0.0,-4.0,ITA,22,atp_rankings_2026_01_19.csv
2026-01-19,126135,Jumpei Yamasaki,870,27,0.0,-4.0,JPN,28,atp_rankings_2026_01_19.csv
2026-01-19,206556,Lautaro Agustin Falabella,871,27,0.0,-4.0,ARG,28,atp_rankings_2026_01_19.csv
2026-01-19,210623,Jakub Filip,872,27,0.0,-4.0,CZE,20,atp_rankings_2026_01_19.csv
2026-01-19,211707,Amit Vales,873,27,0.0,-4.0,ISR,20,atp_rankings_2026_01_19.csv
2026-01-19,208925,John Hallquist Lithen,874,27,7.0,75.0,SWE,24,atp_rankings_2026_01_19.csv
2026-01-19,211708,Manuel Plunger,875,26,0.0,-5.0,ITA,23,atp_rankings_2026_01_19.csv
2026-01-19,148674,Emon Van Loben Sels,875,26,0.0,-5.0,USA,21,atp_rankings_2026_01_19.csv
2026-01-19,210523,Luca Pow,877,26,7.0,79.0,GBR,20,atp_rankings_2026_01_19.csv
2026-01-19,213760,Pavel Lagutin,878,26,4.0,42.0,RUS,20,atp_rankings_2026_01_19.csv
2026-01-19,209914,Andreja Petrovic,879,26,2.0,11.0,NOR,25,atp_rankings_2026_01_19.csv
2026-01-19,210553,Jacob Bradshaw,880,26,0.0,-8.0,AUS,23,atp_rankings_2026_01_19.csv
2026-01-19,209928,Kalin Ivanovski,881,26,0.0,-8.0,MKD,21,atp_rankings_2026_01_19.csv
2026-01-19,206921,Scott Jones,882,26,0.0,-8.0,AUS,28,atp_rankings_2026_01_19.csv
2026-01-19,210063,Matyas Cerny,883,26,0.0,-7.0,CZE,24,atp_rankings_2026_01_19.csv
2026-01-19,208533,Joao Victor Couto Loureiro,884,26,0.0,-7.0,BRA,22,atp_rankings_2026_01_19.csv
2026-01-19,208806,Stefano Dagostino,885,26,3.0,28.0,ITA,22,atp_rankings_2026_01_19.csv
2026-01-19,209253,Andrea Fiorentini,886,26,0.0,-8.0,ITA,24,atp_rankings_2026_01_19.csv
2026-01-19,106043,Diego Schwartzman,887,25,0.0,-8.0,ARG,33,atp_rankings_2026_01_19.csv
2026-01-19,149842,Nicolas Ian Kotzen,888,25,0.0,-8.0,USA,22,atp_rankings_2026_01_19.csv
2026-01-19,207736,Arklon Huertas Del Pino,889,25,0.0,-8.0,PER,31,atp_rankings_2026_01_19.csv
2026-01-19,126165,Aoran Wang,890,25,0.0,-8.0,CHN,28,atp_rankings_2026_01_19.csv
2026-01-19,132310,Tiago Cacao,891,25,0.0,-8.0,POR,27,atp_rankings_2026_01_19.csv
2026-01-19,213194,Jack Kennedy,892,25,7.0,86.0,USA,17,atp_rankings_2026_01_19.csv
2026-01-19,210265,Aleksandr Lobanov,893,25,0.0,-9.0,RUS,24,atp_rankings_2026_01_19.csv
2026-01-19,200671,Daisuke Sumizawa,894,25,0.0,-9.0,JPN,26,atp_rankings_2026_01_19.csv
2026-01-19,133014,Enzo Wallart,895,25,0.0,-9.0,FRA,28,atp_rankings_2026_01_19.csv
2026-01-19,210652,Dragos Nicolae Cazacu,896,25,0.0,-9.0,ROU,21,atp_rankings_2026_01_19.csv
2026-01-19,126197,Orlando Luz,897,24,0.0,-9.0,BRA,27,atp_rankings_2026_01_19.csv
2026-01-19,209943,Ilya Snitari,898,24,0.0,-9.0,MDA,23,atp_rankings_2026_01_19.csv
2026-01-19,209905,Shunsuke Nakagawa,899,24,0.0,-8.0,JPN,25,atp_rankings_2026_01_19.csv
2026-01-19,211649,Fernando Cavallo,900,24,0.0,-8.0,ARG,20,atp_rankings_2026_01_19.csv
2026-01-19,207404,Miles Jones,901,24,0.0,-8.0,USA,25,atp_rankings_2026_01_19.csv
2026-01-19,126971,Marcus Walters,902,24,1.0,8.0,GBR,27,atp_rankings_2026_01_19.csv
2026-01-19,208867,Tomas Luis,903,24,0.0,-9.0,POR,23,atp_rankings_2026_01_19.csv
2026-01-19,212748,Anas Mazdrashki,904,24,0.0,-9.0,BUL,,atp_rankings_2026_01_19.csv
2026-01-19,208818,Finn Murgett,905,24,0.0,-9.0,GBR,24,atp_rankings_2026_01_19.csv
2026-01-19,209956,Dev Javia,906,24,0.0,-9.0,IND,23,atp_rankings_2026_01_19.csv
2026-01-19,126216,Alexander Klintcharov,907,24,0.0,-9.0,NZL,29,atp_rankings_2026_01_19.csv
2026-01-19,207893,Daniel De Jonge,908,24,0.0,-9.0,NED,26,atp_rankings_2026_01_19.csv
2026-01-19,210252,Seydina Andre,909,24,0.0,-8.0,SEN,22,atp_rankings_2026_01_19.csv
2026-01-19,212171,Nicolas Jadoun,910,24,0.0,-8.0,FRA,23,atp_rankings_2026_01_19.csv
2026-01-19,200220,Ezekiel Clark,911,24,0.0,-11.0,USA,27,atp_rankings_2026_01_19.csv
2026-01-19,202334,Jesse Delaney,912,24,0.0,-9.0,AUS,27,atp_rankings_2026_01_19.csv
2026-01-19,213932,Theodore Dean,913,23,1.0,5.0,USA,23,atp_rankings_2026_01_19.csv
2026-01-19,209394,Anton Shepp,914,23,0.0,-10.0,NZL,23,atp_rankings_2026_01_19.csv
2026-01-19,106288,Mathias Bourgue,915,23,0.0,-10.0,FRA,32,atp_rankings_2026_01_19.csv
2026-01-19,207407,Peter Makk,915,23,0.0,-10.0,HUN,24,atp_rankings_2026_01_19.csv
2026-01-19,105332,Benoit Paire,917,23,0.0,-10.0,FRA,36,atp_rankings_2026_01_19.csv
2026-01-19,212780,Enzo Kohlmann De Freitas,918,23,0.0,-10.0,BRA,19,atp_rankings_2026_01_19.csv
2026-01-19,212071,Kasra Rahmani,919,23,0.0,-10.0,IRI,19,atp_rankings_2026_01_19.csv
2026-01-19,202125,Benjamin Pietri,920,23,2.0,17.0,FRA,29,atp_rankings_2026_01_19.csv
2026-01-19,208264,Carles Hernandez,921,23,0.0,-10.0,ESP,24,atp_rankings_2026_01_19.csv
2026-01-19,144925,Nitin Kumar Sinha,922,23,0.0,-10.0,IND,26,atp_rankings_2026_01_19.csv
2026-01-19,200125,Mykyta Mashtakov,923,23,0.0,-9.0,UKR,26,atp_rankings_2026_01_19.csv
2026-01-19,200441,Grigoriy Lomakin,924,23,0.0,-9.0,KAZ,27,atp_rankings_2026_01_19.csv
2026-01-19,212733,Matthew Forbes,925,22,0.0,-9.0,USA,19,atp_rankings_2026_01_19.csv
2026-01-19,210531,Paul Inchauspe,926,22,0.0,-9.0,FRA,21,atp_rankings_2026_01_19.csv
2026-01-19,209166,Calvin Mueller,927,22,0.0,-8.0,GER,25,atp_rankings_2026_01_19.csv
2026-01-19,200595,Lorenzo Bocchi,928,22,0.0,-7.0,ITA,28,atp_rankings_2026_01_19.csv
2026-01-19,211774,Ryotaro Taguchi,929,22,0.0,-7.0,JPN,25,atp_rankings_2026_01_19.csv
2026-01-19,210483,Yaojie Zeng,930,22,0.0,-7.0,CHN,23,atp_rankings_2026_01_19.csv
2026-01-19,212269,Marc Majdandzic,931,22,1.0,4.0,GER,20,atp_rankings_2026_01_19.csv
2026-01-19,212832,Salvador Price,932,22,0.0,-8.0,COL,20,atp_rankings_2026_01_19.csv
2026-01-19,207676,Adan Freire Da Silva,933,22,0.0,-8.0,FRA,26,atp_rankings_2026_01_19.csv
2026-01-19,208466,Evan Bynoe,934,22,0.0,-8.0,USA,26,atp_rankings_2026_01_19.csv
2026-01-19,209923,Romain Faucon,935,22,0.0,-8.0,BEL,23,atp_rankings_2026_01_19.csv
2026-01-19,209233,Pietro Marino,936,22,0.0,-8.0,ITA,24,atp_rankings_2026_01_19.csv
2026-01-19,208250,Mihai Razvan Marinescu,937,22,1.0,2.0,ROU,24,atp_rankings_2026_01_19.csv
2026-01-19,212076,Zoran Ludoski,938,21,0.0,-9.0,SRB,20,atp_rankings_2026_01_19.csv
2026-01-19,208237,Aleksa Ciric,939,21,0.0,-9.0,SRB,25,atp_rankings_2026_01_19.csv
2026-01-19,211790,Rudy Quan,940,21,0.0,-9.0,USA,19,atp_rankings_2026_01_19.csv
2026-01-19,210091,Filip Pieczonka,941,21,0.0,-9.0,POL,21,atp_rankings_2026_01_19.csv
2026-01-19,208897,Pablo Masjuan Ginel,942,21,0.0,-9.0,ESP,23,atp_rankings_2026_01_19.csv
2026-01-19,212311,Stijn Paardekooper,943,21,0.0,-9.0,NED,22,atp_rankings_2026_01_19.csv
2026-01-19,126581,Juan Sebastian Osorio,944,21,0.0,-8.0,COL,28,atp_rankings_2026_01_19.csv
2026-01-19,105731,Steven Diez,945,20,0.0,-5.0,CAN,34,atp_rankings_2026_01_19.csv
2026-01-19,126283,Yunseong Chung,946,20,0.0,-5.0,KOR,27,atp_rankings_2026_01_19.csv
2026-01-19,209866,Karlis Ozolins,947,20,1.0,17.0,LAT,23,atp_rankings_2026_01_19.csv
2026-01-19,208229,Qian Sun,948,20,0.0,-5.0,CHN,24,atp_rankings_2026_01_19.csv
2026-01-19,211564,Brian Bozemoj,949,20,0.0,-5.0,NED,22,atp_rankings_2026_01_19.csv
2026-01-19,207794,Younes Lalami Laaroussi,950,20,0.0,-5.0,MAR,24,atp_rankings_2026_01_19.csv
2026-01-19,144932,Kristjan Tamm,951,20,0.0,-5.0,EST,27,atp_rankings_2026_01_19.csv
2026-01-19,210003,Chirag Duhan,952,20,0.0,-5.0,IND,22,atp_rankings_2026_01_19.csv
2026-01-19,200050,Finn Bass,953,20,0.0,-5.0,GBR,26,atp_rankings_2026_01_19.csv
2026-01-19,208051,Axel Nefve,954,20,0.0,-4.0,USA,25,atp_rankings_2026_01_19.csv
2026-01-19,208057,Diego Fernandez Flores,955,20,0.0,-4.0,CHI,25,atp_rankings_2026_01_19.csv
2026-01-19,111568,Michael Zhu,956,20,0.0,-4.0,USA,33,atp_rankings_2026_01_19.csv
2026-01-19,126536,David Pichler,957,19,0.0,-4.0,AUT,29,atp_rankings_2026_01_19.csv
2026-01-19,134087,Johannes Ingildsen,958,19,0.0,-4.0,DEN,28,atp_rankings_2026_01_19.csv
2026-01-19,213141,Georgi Georgiev,959,19,0.0,-4.0,BUL,19,atp_rankings_2026_01_19.csv
2026-01-19,210028,Ozan Baris,960,19,0.0,-3.0,USA,21,atp_rankings_2026_01_19.csv
2026-01-19,210727,Taym Al Azmeh,961,19,0.0,-3.0,GER,21,atp_rankings_2026_01_19.csv
2026-01-19,210705,Matt Hulme,962,19,0.0,-3.0,AUS,26,atp_rankings_2026_01_19.csv
2026-01-19,,Jea Moon Lee,963,19,0.0,-3.0,,,atp_rankings_2026_01_19.csv
2026-01-19,200176,Manish Sureshkumar,964,19,0.0,-3.0,IND,26,atp_rankings_2026_01_19.csv
2026-01-19,210429,Pietro Romeo Scomparin,965,19,0.0,-3.0,ITA,24,atp_rankings_2026_01_19.csv
2026-01-19,209171,Thantub Suksumrarn,966,19,0.0,-3.0,THA,24,atp_rankings_2026_01_19.csv
2026-01-19,202090,Adrian Andreev,967,19,0.0,-2.0,BUL,24,atp_rankings_2026_01_19.csv
2026-01-19,208003,Bekkhan Atlangeriev,968,19,0.0,-2.0,RUS,24,atp_rankings_2026_01_19.csv
2026-01-19,209997,Marcello Serafini,969,19,0.0,-2.0,ITA,23,atp_rankings_2026_01_19.csv
2026-01-19,202077,Ewen Lumsden,970,19,0.0,-2.0,GBR,25,atp_rankings_2026_01_19.csv
2026-01-19,208152,Gabriele Bosio,971,19,0.0,-2.0,ITA,25,atp_rankings_2026_01_19.csv
2026-01-19,210052,Nicolas Zanellato,972,19,0.0,-2.0,BRA,23,atp_rankings_2026_01_19.csv
2026-01-19,211658,Tomas Martinez,973,19,0.0,-2.0,ARG,22,atp_rankings_2026_01_19.csv
2026-01-19,202419,Justin Schlageter,974,19,0.0,-2.0,GER,24,atp_rankings_2026_01_19.csv
2026-01-19,212841,Lucas Marionneau,975,19,0.0,-2.0,FRA,19,atp_rankings_2026_01_19.csv
2026-01-19,202244,Jeremy Gschwendtner,976,19,0.0,-2.0,GBR,27,atp_rankings_2026_01_19.csv
2026-01-19,104905,Nicolas Barrientos,977,18,0.0,-2.0,COL,38,atp_rankings_2026_01_19.csv
2026-01-19,213677,Dante Pagani,978,18,0.0,-2.0,ARG,,atp_rankings_2026_01_19.csv
2026-01-19,212958,Spencer Johnson,979,18,0.0,-2.0,USA,23,atp_rankings_2026_01_19.csv
2026-01-19,207595,Mateo Barreiros Reyes,980,18,0.0,-1.0,BRA,25,atp_rankings_2026_01_19.csv
2026-01-19,212944,Ryo Tabata,981,18,0.0,-1.0,JPN,18,atp_rankings_2026_01_19.csv
2026-01-19,208262,Alejo Lorenzo Lingua Lavallen,982,18,0.0,-1.0,ARG,24,atp_rankings_2026_01_19.csv
2026-01-19,212308,Markus Malaszszak,983,18,2.0,33.0,GER,21,atp_rankings_2026_01_19.csv
2026-01-19,200418,Karl Friberg,984,18,4.0,71.0,SWE,26,atp_rankings_2026_01_19.csv
2026-01-19,200331,Leonardo Aboian,985,18,0.0,-3.0,ARG,27,atp_rankings_2026_01_19.csv
2026-01-19,210683,Peter Buldorini,986,18,0.0,-2.0,ITA,21,atp_rankings_2026_01_19.csv
2026-01-19,210535,Maxim Shin,987,18,0.0,-4.0,UZB,22,atp_rankings_2026_01_19.csv
2026-01-19,209889,Thomas Braithwaite,988,18,0.0,-3.0,AUS,26,atp_rankings_2026_01_19.csv
2026-01-19,202369,Daniel Salazar Martinez,989,18,0.0,-3.0,COL,24,atp_rankings_2026_01_19.csv
2026-01-19,210047,Lorenzo Lorusso,990,18,0.0,-3.0,ITA,26,atp_rankings_2026_01_19.csv
2026-01-19,210086,Lorenzo Angelini,991,18,0.0,-3.0,ITA,19,atp_rankings_2026_01_19.csv
2026-01-19,210507,Nicolas Villalon,992,18,0.0,-3.0,CHI,21,atp_rankings_2026_01_19.csv
2026-01-19,208401,Giannicola Misasi,993,18,0.0,-3.0,ITA,25,atp_rankings_2026_01_19.csv
2026-01-19,210120,Gabriel Debru,994,17,0.0,-3.0,FRA,20,atp_rankings_2026_01_19.csv
2026-01-19,210242,Ryan Colby,995,17,0.0,-3.0,USA,22,atp_rankings_2026_01_19.csv
2026-01-19,212949,Ziga Sesko,996,17,0.0,-3.0,SLO,17,atp_rankings_2026_01_19.csv
2026-01-19,211674,Kuang Qing Xu,997,17,0.0,-3.0,CHN,19,atp_rankings_2026_01_19.csv
2026-01-19,212926,Andrew Delgado,998,17,0.0,-3.0,USA,20,atp_rankings_2026_01_19.csv
2026-01-19,209064,Suk Hyun Choo,999,17,0.0,-3.0,KOR,24,atp_rankings_2026_01_19.csv
2026-01-19,148673,Dominique Rolland,1000,17,0.0,-3.0,USA,21,atp_rankings_2026_01_19.csv
2026-01-19,127087,Dominik Recek,1001,17,0.0,-2.0,CZE,30,atp_rankings_2026_01_19.csv
2026-01-19,208485,Kiranpal Pannu,1002,17,0.0,-2.0,NZL,29,atp_rankings_2026_01_19.csv
2026-01-19,212478,William Rejchtman Vinciguerra,1003,17,0.0,-5.0,SWE,18,atp_rankings_2026_01_19.csv
2026-01-19,212310,Pepijn Bastiaansen,1004,17,0.0,-3.0,NED,20,atp_rankings_2026_01_19.csv
2026-01-19,202128,Louis Dussin,1005,17,0.0,-3.0,FRA,26,atp_rankings_2026_01_19.csv
2026-01-19,212059,Zach Stephens,1006,17,0.0,-3.0,GBR,19,atp_rankings_2026_01_19.csv
2026-01-19,132374,Jesse Flores,1007,17,0.0,-3.0,CRC,30,atp_rankings_2026_01_19.csv
2026-01-19,212199,Tymur Bieldiugin,1008,17,0.0,-3.0,UKR,20,atp_rankings_2026_01_19.csv
2026-01-19,212530,Mikael Arseneault,1009,17,0.0,-3.0,CAN,19,atp_rankings_2026_01_19.csv
2026-01-19,202275,Fermin Tenti,1010,17,0.0,-3.0,ARG,28,atp_rankings_2026_01_19.csv
2026-01-19,208160,Sam Ryan Ziegann,1011,17,0.0,-3.0,AUS,27,atp_rankings_2026_01_19.csv
2026-01-19,212888,Rares Teodor Pieleanu,1012,17,1.0,9.0,ROU,18,atp_rankings_2026_01_19.csv
2026-01-19,208613,Ezequiel Monferrer,1013,17,1.0,9.0,ARG,22,atp_rankings_2026_01_19.csv
2026-01-19,211700,Ruslan Tiukaev,1014,17,0.0,-5.0,RUS,20,atp_rankings_2026_01_19.csv
2026-01-19,211317,Chen Dong,1015,17,0.0,-5.0,AUS,23,atp_rankings_2026_01_19.csv
2026-01-19,213987,Vignesh Gogineni,1016,16,0.0,-5.0,USA,,atp_rankings_2026_01_19.csv
2026-01-19,211664,Nicolas Oliveira,1017,16,0.0,-5.0,BRA,19,atp_rankings_2026_01_19.csv
2026-01-19,211585,Alex Kuperstein,1018,16,0.0,-5.0,USA,27,atp_rankings_2026_01_19.csv
2026-01-19,211675,Keegan Rice,1019,16,0.0,-5.0,CAN,19,atp_rankings_2026_01_19.csv
2026-01-19,207682,Lorenzo Gagliardo,1020,16,0.0,-5.0,ITA,25,atp_rankings_2026_01_19.csv
2026-01-19,206746,Benjamin Winter Lopez,1021,16,0.0,-4.0,ESP,27,atp_rankings_2026_01_19.csv
2026-01-19,208653,Isaac Becroft,1022,16,0.0,-4.0,NZL,25,atp_rankings_2026_01_19.csv
2026-01-19,213014,Simeon Stankovic,1023,16,0.0,-4.0,SRB,,atp_rankings_2026_01_19.csv
2026-01-19,212816,Lucca Helguera Casado,1024,16,0.0,-4.0,ESP,20,atp_rankings_2026_01_19.csv
2026-01-19,210436,Hayden Jones,1025,16,0.0,-2.0,AUS,19,atp_rankings_2026_01_19.csv
2026-01-19,212552,Nicolas Ifi,1026,16,0.0,-2.0,BEL,27,atp_rankings_2026_01_19.csv
2026-01-19,211651,Alexander Vasilev,1027,15,0.0,-2.0,BUL,18,atp_rankings_2026_01_19.csv
2026-01-19,106214,Oscar Otte,1028,15,0.0,-2.0,GER,32,atp_rankings_2026_01_19.csv
2026-01-19,202361,Simon Reveniau,1029,15,0.0,-2.0,FRA,27,atp_rankings_2026_01_19.csv
2026-01-19,211355,Oskar Brostrom Poulsen,1030,15,4.0,90.0,DEN,24,atp_rankings_2026_01_19.csv
2026-01-19,106425,Blake Mott,1031,15,0.0,-3.0,AUS,29,atp_rankings_2026_01_19.csv
2026-01-19,211394,Patrick Brady,1032,15,0.0,-3.0,GBR,21,atp_rankings_2026_01_19.csv
2026-01-19,,Gilbert Klier Junior,1033,15,0.0,-3.0,,,atp_rankings_2026_01_19.csv
2026-01-19,208320,Christopher Li,1034,15,0.0,-3.0,PER,22,atp_rankings_2026_01_19.csv
2026-01-19,212852,Kacper Szymkowiak,1035,15,0.0,-3.0,POL,21,atp_rankings_2026_01_19.csv
2026-01-19,124001,Gergely Madarasz,1036,15,0.0,-3.0,HUN,31,atp_rankings_2026_01_19.csv
2026-01-19,126878,David Poljak,1037,15,0.0,-3.0,CZE,29,atp_rankings_2026_01_19.csv
2026-01-19,211646,Louis Larue,1038,15,0.0,-3.0,FRA,21,atp_rankings_2026_01_19.csv
2026-01-19,208908,Rafael De Alba,1039,15,0.0,-3.0,MEX,,atp_rankings_2026_01_19.csv
2026-01-19,134405,Koray Kirci,1040,15,0.0,-3.0,TUR,27,atp_rankings_2026_01_19.csv
2026-01-19,213046,Pieter De Lange,1041,15,0.0,-3.0,NED,,atp_rankings_2026_01_19.csv
2026-01-19,212284,Pengyu Lu,1042,15,0.0,-3.0,CHN,24,atp_rankings_2026_01_19.csv
2026-01-19,212259,Benjamin Thomas George,1043,15,0.0,-3.0,CAN,23,atp_rankings_2026_01_19.csv
2026-01-19,210456,Karim Ibrahim,1044,15,0.0,-3.0,EGY,22,atp_rankings_2026_01_19.csv
2026-01-19,212461,Daniele Rapagnetta,1045,15,0.0,-3.0,ITA,19,atp_rankings_2026_01_19.csv
2026-01-19,202220,Nicolas Bruna,1046,15,0.0,-3.0,CHI,27,atp_rankings_2026_01_19.csv
2026-01-19,210409,Pavlos Tsitsipas,1047,15,0.0,-3.0,GRE,20,atp_rankings_2026_01_19.csv
2026-01-19,133835,Gijs Brouwer,1048,14,1.0,15.0,NED,29,atp_rankings_2026_01_19.csv
2026-01-19,210157,Dylan Dietrich,1049,14,0.0,-4.0,SUI,21,atp_rankings_2026_01_19.csv
2026-01-19,211484,Jangjun Kim,1050,14,0.0,-4.0,KOR,19,atp_rankings_2026_01_19.csv
2026-01-19,207649,Savriyan Danilov,1051,14,0.0,-4.0,RUS,25,atp_rankings_2026_01_19.csv
2026-01-19,109334,Bastian Malla,1052,14,0.0,-4.0,CHI,29,atp_rankings_2026_01_19.csv
2026-01-19,213806,Kriish Tyagi,1053,14,0.0,-4.0,IND,18,atp_rankings_2026_01_19.csv
2026-01-19,133880,Thomas Deschamps,1054,14,0.0,-3.0,FRA,27,atp_rankings_2026_01_19.csv
2026-01-19,213619,Oskari Paldanius,1054,14,0.0,-3.0,FIN,,atp_rankings_2026_01_19.csv
2026-01-19,206216,Tom Zeuch,1054,14,0.0,-3.0,GER,25,atp_rankings_2026_01_19.csv
2026-01-19,212086,Grigory Shebekin,1057,14,0.0,-3.0,RUS,20,atp_rankings_2026_01_19.csv
2026-01-19,213969,Joao Vitor Scramin Do Lago,1058,14,0.0,-2.0,BRA,19,atp_rankings_2026_01_19.csv
2026-01-19,144927,Siddharth Vishwakarma,1059,14,0.0,-2.0,IND,31,atp_rankings_2026_01_19.csv
2026-01-19,208372,Natan Rodrigues,1060,14,0.0,-2.0,BRA,23,atp_rankings_2026_01_19.csv
2026-01-19,209921,Ali Habib,1061,14,1.0,16.0,GBR,23,atp_rankings_2026_01_19.csv
2026-01-19,207183,Ishaque Eqbal,1062,14,0.0,-3.0,IND,28,atp_rankings_2026_01_19.csv
2026-01-19,206600,Zura Tkemaladze,1063,14,4.0,107.0,GEO,25,atp_rankings_2026_01_19.csv
2026-01-19,202305,Franco Ribero,1064,14,0.0,-4.0,ARG,26,atp_rankings_2026_01_19.csv
2026-01-19,132054,Nathan Ponwith,1065,14,0.0,-4.0,USA,27,atp_rankings_2026_01_19.csv
2026-01-19,212022,Daniil Sarksian,1066,14,0.0,-4.0,RUS,19,atp_rankings_2026_01_19.csv
2026-01-19,210038,Matias Ponce De Leon Gomila,1067,13,0.0,-3.0,ESP,22,atp_rankings_2026_01_19.csv
2026-01-19,105359,Jason Jung,1068,13,0.0,-2.0,TPE,36,atp_rankings_2026_01_19.csv
2026-01-19,212405,Gavin Young,1069,13,0.0,-4.0,USA,23,atp_rankings_2026_01_19.csv
2026-01-19,212235,Noah Zamora,1070,13,0.0,-3.0,USA,22,atp_rankings_2026_01_19.csv
2026-01-19,212174,Enzo Aguiard,1071,13,0.0,-3.0,AUS,23,atp_rankings_2026_01_19.csv
2026-01-19,212892,Vlado Jankanj,1072,13,0.0,-3.0,SRB,,atp_rankings_2026_01_19.csv
2026-01-19,210274,Sebastian Dominko,1073,13,0.0,-3.0,SLO,22,atp_rankings_2026_01_19.csv
2026-01-19,208467,Alexander Kotzen,1074,13,0.0,-3.0,USA,25,atp_rankings_2026_01_19.csv
2026-01-19,126953,Chan Yeong Oh,1075,13,0.0,-3.0,KOR,27,atp_rankings_2026_01_19.csv
2026-01-19,208424,Julian Cundom,1076,13,0.0,-3.0,ARG,24,atp_rankings_2026_01_19.csv
2026-01-19,208216,Alberto Bronzetti,1077,13,0.0,-3.0,ITA,27,atp_rankings_2026_01_19.csv
2026-01-19,212142,Maxwell Exsted,1078,13,0.0,-3.0,USA,18,atp_rankings_2026_01_19.csv
2026-01-19,212481,Federico Aguilar Cardozo,1079,13,0.0,-3.0,URU,20,atp_rankings_2026_01_19.csv
2026-01-19,144937,Nicolas Parizzia,1080,13,0.0,-2.0,SUI,27,atp_rankings_2026_01_19.csv
2026-01-19,210166,Mika Lipp,1081,13,0.0,-1.0,GER,22,atp_rankings_2026_01_19.csv
2026-01-19,212295,Enzo Camargo Lima,1082,13,0.0,-1.0,BRA,22,atp_rankings_2026_01_19.csv
2026-01-19,212871,Piet Luis Pinter,1083,13,0.0,-1.0,AUT,20,atp_rankings_2026_01_19.csv
2026-01-19,207864,Noel Larwig,1084,13,0.0,-5.0,GER,24,atp_rankings_2026_01_19.csv
2026-01-19,208873,Nikola Basic,1085,13,0.0,-2.0,CRO,24,atp_rankings_2026_01_19.csv
2026-01-19,213591,Billy Suarez,1086,13,1.0,24.0,USA,,atp_rankings_2026_01_19.csv
2026-01-19,209203,Evgeny Philippov,1087,13,0.0,-3.0,RUS,23,atp_rankings_2026_01_19.csv
2026-01-19,202106,Juan Bautista Otegui,1088,13,1.0,27.0,ARG,26,atp_rankings_2026_01_19.csv
2026-01-19,122294,Gabriele Maria Noce,1089,13,0.0,-4.0,ITA,30,atp_rankings_2026_01_19.csv
2026-01-19,211323,Jacopo Bilardo,1090,13,0.0,-4.0,ITA,21,atp_rankings_2026_01_19.csv
2026-01-19,210745,Matthias Ujvary,1091,13,0.0,-4.0,AUT,21,atp_rankings_2026_01_19.csv
2026-01-19,144730,Tomohiro Masabayashi,1092,13,0.0,-4.0,JPN,27,atp_rankings_2026_01_19.csv
2026-01-19,104810,Zhe Li,1093,12,0.0,-4.0,CHN,39,atp_rankings_2026_01_19.csv
2026-01-19,209280,Devin Badenhorst,1094,12,0.0,-4.0,RSA,21,atp_rankings_2026_01_19.csv
2026-01-19,209917,Benito Sanchez Martinez,1095,12,0.0,-4.0,GER,23,atp_rankings_2026_01_19.csv
2026-01-19,207609,Alexey Zakharov,1096,12,0.0,-4.0,RUS,25,atp_rankings_2026_01_19.csv
2026-01-19,214018,Jamie Mackenzie,1097,12,0.0,-4.0,GER,,atp_rankings_2026_01_19.csv
2026-01-19,213360,Niels Mcdonald,1098,12,0.0,-4.0,GER,17,atp_rankings_2026_01_19.csv
2026-01-19,149115,Adam Jilly,1099,12,0.0,-4.0,HUN,19,atp_rankings_2026_01_19.csv
2026-01-19,200456,Martin Borisiouk,1100,12,0.0,-4.0,BLR,25,atp_rankings_2026_01_19.csv
2026-01-19,212930,Mario Martinez Serrano,1101,12,0.0,-4.0,ESP,21,atp_rankings_2026_01_19.csv
2026-01-19,212885,Cezar Gabriel Papoe,1102,12,0.0,-4.0,ROU,18,atp_rankings_2026_01_19.csv
2026-01-19,208130,Geun Jun Kim,1103,12,0.0,-4.0,KOR,24,atp_rankings_2026_01_19.csv
2026-01-19,210736,Shu Matsuoka,1104,12,0.0,-4.0,JPN,22,atp_rankings_2026_01_19.csv
2026-01-19,210185,Alen Mujakic,1105,12,0.0,-4.0,GER,22,atp_rankings_2026_01_19.csv
2026-01-19,212149,Nikola Djosic,1106,12,8.0,395.0,SUI,18,atp_rankings_2026_01_19.csv
2026-01-19,213210,Maan Kesharwani,1106,12,0.0,-4.0,IND,,atp_rankings_2026_01_19.csv
2026-01-19,200289,Mathieu Scaglia,1108,12,0.0,-5.0,FRA,27,atp_rankings_2026_01_19.csv
2026-01-19,209385,Samuel Vincent Ruggeri,1109,12,0.0,-5.0,ITA,23,atp_rankings_2026_01_19.csv
2026-01-19,212639,Yuto Oki,1110,12,0.0,-5.0,JPN,,atp_rankings_2026_01_19.csv
2026-01-19,208249,Gian Marco Ortenzi,1111,12,0.0,-5.0,ITA,25,atp_rankings_2026_01_19.csv
2026-01-19,207343,Hanyi Liu,1112,12,0.0,-5.0,CHN,24,atp_rankings_2026_01_19.csv
2026-01-19,211610,Andreas Timini,1113,12,0.0,-5.0,CYP,19,atp_rankings_2026_01_19.csv
2026-01-19,210155,Jasza Szajrych,1114,12,0.0,-5.0,POL,23,atp_rankings_2026_01_19.csv
2026-01-19,200166,Stefan Vujic,1115,12,0.0,-4.0,AUS,27,atp_rankings_2026_01_19.csv
2026-01-19,145008,Hugo Pierre,1116,12,0.0,-4.0,FRA,29,atp_rankings_2026_01_19.csv
2026-01-19,144788,Louis Tessa,1117,12,0.0,-4.0,FRA,27,atp_rankings_2026_01_19.csv
2026-01-19,205831,Ammar Alhogbani,1118,12,0.0,-4.0,USA,27,atp_rankings_2026_01_19.csv
2026-01-19,212726,Sungbeen Sim,1119,12,0.0,-3.0,KOR,28,atp_rankings_2026_01_19.csv
2026-01-19,211904,Maximilian Figl,1120,12,1.0,16.0,ITA,21,atp_rankings_2026_01_19.csv
2026-01-19,200197,Boris Butulija,1121,12,0.0,-4.0,SRB,27,atp_rankings_2026_01_19.csv
2026-01-19,211676,Saveliy Ivanov,1122,12,1.0,19.0,RUS,21,atp_rankings_2026_01_19.csv
2026-01-19,209852,Zsombor Velcz,1123,11,0.0,-5.0,HUN,23,atp_rankings_2026_01_19.csv
2026-01-19,214206,Thiago Agustin Pernas,1124,11,0.0,-5.0,ARG,24,atp_rankings_2026_01_19.csv
2026-01-19,210002,Rohan Mehra,1125,11,0.0,-4.0,IND,23,atp_rankings_2026_01_19.csv
2026-01-19,212110,Mathis Bondaz,1126,11,0.0,-4.0,FRA,,atp_rankings_2026_01_19.csv
2026-01-19,207172,Connor Thomson,1127,11,0.0,-4.0,GBR,25,atp_rankings_2026_01_19.csv
2026-01-19,211329,James Van Herzeele,1128,11,0.0,-4.0,THA,,atp_rankings_2026_01_19.csv
2026-01-19,207927,Thando Longwe Smit,1129,11,0.0,-4.0,RSA,24,atp_rankings_2026_01_19.csv
2026-01-19,136648,Jefferson Wendler Filho,1130,11,0.0,-4.0,BRA,30,atp_rankings_2026_01_19.csv
2026-01-19,210163,Elgin Khoeblal,1131,11,0.0,-4.0,NED,24,atp_rankings_2026_01_19.csv
2026-01-19,106175,Ricardo Rodriguez,1132,11,0.0,-4.0,VEN,32,atp_rankings_2026_01_19.csv
2026-01-19,209999,Leonardo Malgaroli,1133,11,0.0,-3.0,ITA,23,atp_rankings_2026_01_19.csv
2026-01-19,110751,Sebastian Fanselow,1134,11,1.0,29.0,GER,34,atp_rankings_2026_01_19.csv
2026-01-19,202190,Gregor Ramskogler,1135,11,0.0,-4.0,AUT,27,atp_rankings_2026_01_19.csv
2026-01-19,212834,Nicolas Garcia Longo,1136,11,0.0,-8.0,ARG,20,atp_rankings_2026_01_19.csv
2026-01-19,213062,Nikolai Barsukov,1137,11,0.0,-5.0,GER,,atp_rankings_2026_01_19.csv
2026-01-19,211411,Tyler Stice,1138,11,0.0,-5.0,USA,25,atp_rankings_2026_01_19.csv
2026-01-19,210684,Niccolo Ciavarella,1139,11,0.0,-5.0,ITA,21,atp_rankings_2026_01_19.csv
2026-01-19,211761,Valentin Basel,1140,11,0.0,-5.0,ARG,21,atp_rankings_2026_01_19.csv
2026-01-19,124099,Mohamed Nazim Makhlouf,1141,11,0.0,-4.0,ALG,29,atp_rankings_2026_01_19.csv
2026-01-19,210455,Noah Perfetti,1142,11,0.0,-4.0,ITA,24,atp_rankings_2026_01_19.csv
2026-01-19,106132,Toby Martin,1143,11,0.0,-4.0,GBR,32,atp_rankings_2026_01_19.csv
2026-01-19,208581,Noah Thurner,1144,11,0.0,-4.0,GER,25,atp_rankings_2026_01_19.csv
2026-01-19,105334,Luis David Martinez,1145,10,0.0,-3.0,VEN,36,atp_rankings_2026_01_19.csv
2026-01-19,212276,Stian Klaassen,1146,10,0.0,-3.0,NED,22,atp_rankings_2026_01_19.csv
2026-01-19,208151,Filippo Speziali,1146,10,0.0,-3.0,ITA,25,atp_rankings_2026_01_19.csv
2026-01-19,213977,Cosme Rolland De Ravel,1148,10,3.0,100.0,FRA,21,atp_rankings_2026_01_19.csv
2026-01-19,212218,Rohan  Murali,1149,10,0.0,-4.0,USA,21,atp_rankings_2026_01_19.csv
2026-01-19,207996,Siddhant Banthia,1150,10,0.0,-4.0,IND,25,atp_rankings_2026_01_19.csv
2026-01-19,131905,Manuel Guinard,1151,10,0.0,-4.0,FRA,30,atp_rankings_2026_01_19.csv
2026-01-19,213802,Mustafa Ege Sik,1152,10,0.0,-4.0,TUR,16,atp_rankings_2026_01_19.csv
2026-01-19,212857,Cooper Woestendick,1152,10,0.0,-4.0,USA,19,atp_rankings_2026_01_19.csv
2026-01-19,212300,Sasha Rozin,1154,10,0.0,-4.0,CAN,20,atp_rankings_2026_01_19.csv
2026-01-19,200457,Jannik Opitz,1155,10,0.0,-4.0,GER,27,atp_rankings_2026_01_19.csv
2026-01-19,207340,Daniel Paty,1156,10,0.0,-4.0,CZE,26,atp_rankings_2026_01_19.csv
2026-01-19,213603,Joaquin Guilleme,1157,10,0.0,-4.0,NIC,,atp_rankings_2026_01_19.csv
2026-01-19,126120,Nino Serdarusic,1158,10,0.0,-4.0,CRO,29,atp_rankings_2026_01_19.csv
2026-01-19,209115,Oliver Okonkwo,1159,10,0.0,-4.0,GBR,25,atp_rankings_2026_01_19.csv
2026-01-19,212820,Martin Sabas,1160,10,0.0,-4.0,FRA,24,atp_rankings_2026_01_19.csv
2026-01-19,106368,Ramkumar Ramanathan,1161,10,0.0,-4.0,IND,31,atp_rankings_2026_01_19.csv
2026-01-19,133291,Ryota Tanuma,1162,10,0.0,-4.0,JPN,30,atp_rankings_2026_01_19.csv
2026-01-19,210514,Edison Ambarzumjan,1163,10,0.0,-4.0,GER,29,atp_rankings_2026_01_19.csv
2026-01-19,206782,Demetris Azoides,1164,10,0.0,-4.0,GRE,25,atp_rankings_2026_01_19.csv
2026-01-19,211491,Robert Guna,1164,10,0.0,-4.0,ROU,20,atp_rankings_2026_01_19.csv
2026-01-19,210742,Phillip Jordan,1166,10,0.0,-4.0,USA,25,atp_rankings_2026_01_19.csv
2026-01-19,208039,Ronald Hohmann,1167,10,0.0,-4.0,USA,24,atp_rankings_2026_01_19.csv
2026-01-19,210182,Mateo Del Pino,1168,10,0.0,-3.0,ARG,22,atp_rankings_2026_01_19.csv
2026-01-19,212263,Xing Dao Chen,1169,10,0.0,-3.0,CHN,22,atp_rankings_2026_01_19.csv
2026-01-19,212533,Markus Molder,1170,10,0.0,-3.0,EST,20,atp_rankings_2026_01_19.csv
2026-01-19,211480,Aleksander Chayka,1171,10,0.0,-3.0,RUS,21,atp_rankings_2026_01_19.csv
2026-01-19,212084,Denis Petak,1172,10,0.0,-3.0,CZE,19,atp_rankings_2026_01_19.csv
2026-01-19,212725,Alaa Trifi,1173,10,3.0,127.0,TUN,19,atp_rankings_2026_01_19.csv
2026-01-19,212183,Yuquan Jin,1174,10,0.0,-3.0,CHN,25,atp_rankings_2026_01_19.csv
2026-01-19,209118,Niklas Waldner,1175,10,0.0,-3.0,AUT,24,atp_rankings_2026_01_19.csv
2026-01-19,212616,Yuta Tomida,1176,10,0.0,-3.0,JPN,19,atp_rankings_2026_01_19.csv
2026-01-19,213064,Samuele Seghetti,1177,10,0.0,-3.0,ITA,19,atp_rankings_2026_01_19.csv
2026-01-19,208864,Leyton Rivera,1178,10,0.0,-3.0,NOR,24,atp_rankings_2026_01_19.csv
2026-01-19,202081,Diogo Marques,1179,10,0.0,-3.0,POR,26,atp_rankings_2026_01_19.csv
2026-01-19,208186,Preston Brown,1180,10,0.0,-3.0,USA,24,atp_rankings_2026_01_19.csv
2026-01-19,210613,Derek Pham,1181,9,0.0,-3.0,AUS,21,atp_rankings_2026_01_19.csv
2026-01-19,210691,Joshua Lapadat,1182,9,0.0,-3.0,CAN,23,atp_rankings_2026_01_19.csv
2026-01-19,126149,Gianluca Mager,1182,9,0.0,-3.0,ITA,31,atp_rankings_2026_01_19.csv
2026-01-19,212275,Thijs Boogaard,1184,9,1.0,20.0,NED,17,atp_rankings_2026_01_19.csv
2026-01-19,105633,Mohamed Safwat,1185,9,0.0,-4.0,EGY,35,atp_rankings_2026_01_19.csv
2026-01-19,209060,Alexander Bernard,1186,9,0.0,-4.0,USA,22,atp_rankings_2026_01_19.csv
2026-01-19,149277,Andrea Meduri,1186,9,0.0,-4.0,ITA,20,atp_rankings_2026_01_19.csv
2026-01-19,213580,Leonardo Primucci,1186,9,0.0,-4.0,ITA,,atp_rankings_2026_01_19.csv
2026-01-19,149272,Tudor Batin,1189,9,0.0,-4.0,ROU,19,atp_rankings_2026_01_19.csv
2026-01-19,211655,Julian  Alonso,1190,9,2.0,71.0,ESP,20,atp_rankings_2026_01_19.csv
2026-01-19,210565,Elijah Strode,1191,9,0.0,-5.0,USA,23,atp_rankings_2026_01_19.csv
2026-01-19,106249,Joao Domingues,1192,9,1.0,22.0,POR,32,atp_rankings_2026_01_19.csv
2026-01-19,134384,Sebastian Prechtel,1193,9,0.0,-6.0,GER,29,atp_rankings_2026_01_19.csv
2026-01-19,210039,Orel Kimhi,1194,9,0.0,-6.0,ISR,22,atp_rankings_2026_01_19.csv
2026-01-19,210198,George Lazarov,1194,9,0.0,-6.0,BUL,20,atp_rankings_2026_01_19.csv
2026-01-19,209955,Mikail Alimli,1196,9,0.0,-6.0,FRA,22,atp_rankings_2026_01_19.csv
2026-01-19,207616,Oscar Moraing,1197,9,0.0,-6.0,GER,25,atp_rankings_2026_01_19.csv
2026-01-19,210754,Jan Hrazdil,1198,9,0.0,-6.0,CZE,20,atp_rankings_2026_01_19.csv
2026-01-19,210105,Martyn Pawelski,1199,9,0.0,-6.0,POL,21,atp_rankings_2026_01_19.csv
2026-01-19,200474,Ivan Denisov,1200,9,0.0,-6.0,RUS,25,atp_rankings_2026_01_19.csv
2026-01-19,211645,Christian Djonov,1201,9,0.0,-6.0,GER,25,atp_rankings_2026_01_19.csv
2026-01-19,212631,David Eichenseher,1202,9,1.0,27.0,GER,20,atp_rankings_2026_01_19.csv
2026-01-19,213103,Viktor Frydrych,1203,9,0.0,-7.0,GBR,,atp_rankings_2026_01_19.csv
2026-01-19,212246,Volodymyr Iakubenko,1203,9,1.0,30.0,UKR,20,atp_rankings_2026_01_19.csv
2026-01-19,212972,Andrea De Marchi,1205,9,0.0,-8.0,ITA,19,atp_rankings_2026_01_19.csv
2026-01-19,212630,Aaron Funk,1206,9,0.0,-8.0,GER,19,atp_rankings_2026_01_19.csv
2026-01-19,210532,Giacomo Crisostomo,1207,9,0.0,-8.0,ITA,22,atp_rankings_2026_01_19.csv
2026-01-19,205825,Joao Vitor Goncalves Ceolin,1208,9,0.0,-8.0,BRA,26,atp_rankings_2026_01_19.csv
2026-01-19,202293,Charles Bertimon,1209,9,0.0,-8.0,FRA,26,atp_rankings_2026_01_19.csv
2026-01-19,208370,Keenan Mayo,1210,8,0.0,-8.0,USA,25,atp_rankings_2026_01_19.csv
2026-01-19,210323,Luis Felipe Miguel,1211,8,0.0,-8.0,BRA,21,atp_rankings_2026_01_19.csv
2026-01-19,210645,Ofek Shimanov,1212,8,0.0,-7.0,ISR,20,atp_rankings_2026_01_19.csv
2026-01-19,131951,Daniel Cukierman,1213,8,0.0,-7.0,ISR,30,atp_rankings_2026_01_19.csv
2026-01-19,211333,Vito Tonejc,1214,8,0.0,-7.0,CRO,26,atp_rankings_2026_01_19.csv
2026-01-19,208334,Deney Wassermann,1215,8,0.0,-7.0,NED,24,atp_rankings_2026_01_19.csv
2026-01-19,213825,Keaton Hance,1216,8,0.0,-7.0,USA,17,atp_rankings_2026_01_19.csv
2026-01-19,202234,Savva Polukhin,1217,8,0.0,-7.0,RUS,27,atp_rankings_2026_01_19.csv
2026-01-19,202247,Simon Beaupain,1218,8,0.0,-7.0,BEL,26,atp_rankings_2026_01_19.csv
2026-01-19,106210,Jiri Vesely,1218,8,0.0,-7.0,CZE,32,atp_rankings_2026_01_19.csv
2026-01-19,130493,Tiago Silva,1220,8,0.0,-7.0,POR,21,atp_rankings_2026_01_19.csv
2026-01-19,105985,Darian King,1221,8,0.0,-6.0,BAR,33,atp_rankings_2026_01_19.csv
2026-01-19,207236,Taketo Takamisawa,1222,8,0.0,-6.0,JPN,27,atp_rankings_2026_01_19.csv
2026-01-19,208382,Herman Hoeyeraal,1223,8,0.0,-6.0,NOR,24,atp_rankings_2026_01_19.csv
2026-01-19,211638,Jack Loutit,1223,8,0.0,-6.0,NZL,21,atp_rankings_2026_01_19.csv
2026-01-19,212280,Giulio Perego,1225,8,0.0,-6.0,ITA,22,atp_rankings_2026_01_19.csv
2026-01-19,213721,Pierre Antoine Faut,1226,8,0.0,-6.0,FRA,,atp_rankings_2026_01_19.csv
2026-01-19,210458,Bernardo Munk Mesa,1227,8,1.0,39.0,ESP,19,atp_rankings_2026_01_19.csv
2026-01-19,212231,Junhyeon Lee,1228,8,0.0,-7.0,KOR,,atp_rankings_2026_01_19.csv
2026-01-19,211516,Lorenzo Beraldo,1229,8,0.0,-6.0,ITA,19,atp_rankings_2026_01_19.csv
2026-01-19,212649,Seung Woo Cho,1230,8,0.0,-6.0,KOR,27,atp_rankings_2026_01_19.csv
2026-01-19,209516,Valentin Lapalu,1231,8,0.0,-6.0,FRA,23,atp_rankings_2026_01_19.csv
2026-01-19,207452,Matthew Thomson,1232,8,0.0,-10.0,USA,25,atp_rankings_2026_01_19.csv
2026-01-19,212752,Filippo Alberti,1233,8,1.0,39.0,ITA,22,atp_rankings_2026_01_19.csv
2026-01-19,208365,Amador Salazar,1234,8,0.0,-8.0,CHI,24,atp_rankings_2026_01_19.csv
2026-01-19,213772,Lorenzo Comino,1235,8,0.0,-8.0,ITA,19,atp_rankings_2026_01_19.csv
2026-01-19,209973,Edouard Villoslada,1235,8,0.0,-8.0,FRA,25,atp_rankings_2026_01_19.csv
2026-01-19,105060,Aldin Setkic,1237,8,0.0,-7.0,BIH,38,atp_rankings_2026_01_19.csv
2026-01-19,213701,Tobia Costanzo Baragiola Mordini,1238,8,0.0,-7.0,ITA,,atp_rankings_2026_01_19.csv
2026-01-19,211334,Aljaz Jeran,1239,8,0.0,-7.0,SLO,22,atp_rankings_2026_01_19.csv
2026-01-19,117352,Oliver Anderson,1240,8,0.0,-5.0,AUS,27,atp_rankings_2026_01_19.csv
2026-01-19,212574,Egor Pleshivtsev,1240,8,0.0,-7.0,RUS,,atp_rankings_2026_01_19.csv
2026-01-19,209391,Corban Crowther,1242,8,0.0,-6.0,NZL,22,atp_rankings_2026_01_19.csv
2026-01-19,209314,Jan Kupcic,1243,8,0.0,-6.0,SLO,24,atp_rankings_2026_01_19.csv
2026-01-19,212134,Maxence Rivet,1243,8,1.0,46.0,FRA,22,atp_rankings_2026_01_19.csv
2026-01-19,207738,Brandon Perez,1245,8,0.0,-7.0,VEN,26,atp_rankings_2026_01_19.csv
2026-01-19,206736,Benjamin O'Connell,1246,8,0.0,-7.0,AUS,26,atp_rankings_2026_01_19.csv
2026-01-19,208866,Leonid Sheyngezikht,1246,8,0.0,-7.0,BUL,25,atp_rankings_2026_01_19.csv
2026-01-19,122234,Alp Horoz,1248,8,0.0,-6.0,TUR,30,atp_rankings_2026_01_19.csv
2026-01-19,213361,Ivan Gretskiy,1249,8,0.0,-8.0,RUS,19,atp_rankings_2026_01_19.csv
2026-01-19,211390,Sergi Fita Juan,1250,8,0.0,-7.0,ESP,,atp_rankings_2026_01_19.csv
2026-01-19,208006,Rafael Tosetto,1250,8,0.0,-7.0,BRA,26,atp_rankings_2026_01_19.csv
2026-01-19,210632,Vadym Konovchuk,1252,8,0.0,-7.0,UKR,22,atp_rankings_2026_01_19.csv
2026-01-19,208844,Keshav Chopra,1253,8,0.0,-7.0,USA,24,atp_rankings_2026_01_19.csv
2026-01-19,205885,Joao Graa,1254,8,0.0,-7.0,POR,25,atp_rankings_2026_01_19.csv
2026-01-19,208603,Cleeve Harper,1255,7,0.0,-6.0,CAN,25,atp_rankings_2026_01_19.csv
2026-01-19,212992,Niels Ratiu,1256,7,0.0,-6.0,BEL,20,atp_rankings_2026_01_19.csv
2026-01-19,144081,Alex Chang,1257,7,0.0,-6.0,USA,39,atp_rankings_2026_01_19.csv
2026-01-19,210538,Noa Vukadin,1258,7,0.0,-6.0,CRO,21,atp_rankings_2026_01_19.csv
2026-01-19,210475,Preston Stearns,1259,7,0.0,-6.0,USA,21,atp_rankings_2026_01_19.csv
2026-01-19,126193,Mark Whitehouse,1260,7,0.0,-6.0,GBR,32,atp_rankings_2026_01_19.csv
2026-01-19,200611,Elliot Benchetrit,1261,7,0.0,-6.0,MAR,27,atp_rankings_2026_01_19.csv
2026-01-19,213654,Noah Johnston,1262,7,0.0,-6.0,USA,,atp_rankings_2026_01_19.csv
2026-01-19,210722,Viktor Markov,1263,7,0.0,-6.0,BUL,20,atp_rankings_2026_01_19.csv
2026-01-19,210486,Nicholas Godsick,1264,7,0.0,-6.0,USA,21,atp_rankings_2026_01_19.csv
2026-01-19,210473,Fnu Nidunjianzan,1265,7,0.0,-6.0,CHN,22,atp_rankings_2026_01_19.csv
2026-01-19,214043,Lachlan James Mcfadzean,1266,7,0.0,-6.0,AUS,19,atp_rankings_2026_01_19.csv
2026-01-19,208518,Hazem Naw,1267,7,0.0,-5.0,SYR,26,atp_rankings_2026_01_19.csv
2026-01-19,209910,Szymon Kielan,1268,7,0.0,-5.0,POL,23,atp_rankings_2026_01_19.csv
2026-01-19,208840,Daniel Bagnolini,1269,7,0.0,-5.0,ITA,22,atp_rankings_2026_01_19.csv
2026-01-19,207408,Niklas Guttau,1269,7,0.0,-5.0,GER,26,atp_rankings_2026_01_19.csv
2026-01-19,213138,Alexander Wagner,1271,7,0.0,-4.0,AUT,19,atp_rankings_2026_01_19.csv
2026-01-19,111569,Gage Brymer,1272,7,0.0,-4.0,USA,30,atp_rankings_2026_01_19.csv
2026-01-19,212069,Kabir Hans,1272,7,0.0,-4.0,IND,24,atp_rankings_2026_01_19.csv
2026-01-19,212894,Patrik Munkhammar,1274,7,1.0,46.0,SWE,18,atp_rankings_2026_01_19.csv
2026-01-19,210743,Pranav Kumar,1275,7,0.0,-5.0,USA,26,atp_rankings_2026_01_19.csv
2026-01-19,211505,Denis Constantin Spiridon,1276,7,0.0,-5.0,ITA,23,atp_rankings_2026_01_19.csv
2026-01-19,210183,Marcel Kamrowski,1277,7,0.0,-4.0,POL,22,atp_rankings_2026_01_19.csv
2026-01-19,104986,Vishnu Vardhan,1278,7,0.0,-4.0,IND,38,atp_rankings_2026_01_19.csv
2026-01-19,213717,Sebastiano Cocola,1279,7,0.0,-4.0,ITA,,atp_rankings_2026_01_19.csv
2026-01-19,210740,Liam Krall,1280,7,0.0,-4.0,USA,23,atp_rankings_2026_01_19.csv
2026-01-19,213614,Dmitry Bessonov,1281,7,0.0,-4.0,RUS,,atp_rankings_2026_01_19.csv
2026-01-19,211662,Gabriel Schenekenberg,1281,7,0.0,-4.0,BRA,21,atp_rankings_2026_01_19.csv
2026-01-19,207331,Vladislav Melnic,1283,7,0.0,-4.0,ROU,26,atp_rankings_2026_01_19.csv
2026-01-19,210733,Arthur Bonnaud,1284,7,0.0,-4.0,FRA,28,atp_rankings_2026_01_19.csv
2026-01-19,149124,Oskar Grzegorzewski,1285,7,0.0,-4.0,POL,20,atp_rankings_2026_01_19.csv
2026-01-19,210732,Miha Vetrih,1286,7,1.0,49.0,SLO,23,atp_rankings_2026_01_19.csv
2026-01-19,211450,Alessio Basile,1287,7,0.0,-5.0,BEL,21,atp_rankings_2026_01_19.csv
2026-01-19,149266,Fadi Bidan,1288,7,0.0,-4.0,LBN,20,atp_rankings_2026_01_19.csv
2026-01-19,210364,Mateo Castañeda,1288,7,0.0,-4.0,COL,20,atp_rankings_2026_01_19.csv
2026-01-19,211574,Ethan Cook,1290,7,0.0,-4.0,AUS,22,atp_rankings_2026_01_19.csv
2026-01-19,149152,Aaron Gil Garcia,1290,7,0.0,-4.0,LUX,22,atp_rankings_2026_01_19.csv
2026-01-19,144813,Benjamin Hannestad,1290,7,0.0,-8.0,DEN,28,atp_rankings_2026_01_19.csv
2026-01-19,211667,Matteo Fondriest,1293,7,0.0,-5.0,ITA,21,atp_rankings_2026_01_19.csv
2026-01-19,211503,Nico Hipfl,1294,7,0.0,-5.0,AUT,19,atp_rankings_2026_01_19.csv
2026-01-19,213143,Sydney Zick,1294,7,0.0,-5.0,GER,19,atp_rankings_2026_01_19.csv
2026-01-19,213180,Leonardo Cattaneo,1296,7,0.0,-4.0,ITA,19,atp_rankings_2026_01_19.csv
2026-01-19,211532,Nicolo Toffanin,1297,7,0.0,-4.0,ITA,22,atp_rankings_2026_01_19.csv
2026-01-19,209417,Alan Bojarski,1298,7,0.0,-4.0,POL,22,atp_rankings_2026_01_19.csv
2026-01-19,209967,Antoine Berger,1299,7,0.0,-3.0,FRA,27,atp_rankings_2026_01_19.csv
2026-01-19,212624,Nikola Jovic,1300,7,0.0,-5.0,SRB,19,atp_rankings_2026_01_19.csv
2026-01-19,211495,Andrin Casanova,1301,7,0.0,-4.0,SUI,21,atp_rankings_2026_01_19.csv
2026-01-19,144955,Yuichiro Inui,1302,7,0.0,-4.0,JPN,30,atp_rankings_2026_01_19.csv
2026-01-19,209977,Matas Vasiliauskas,1302,7,0.0,-4.0,LTU,23,atp_rankings_2026_01_19.csv
2026-01-19,210759,Gianluca Brunkow,1304,6,0.0,-3.0,USA,23,atp_rankings_2026_01_19.csv
2026-01-19,211635,Segundo Goity Zapico,1305,6,0.0,-3.0,ARG,20,atp_rankings_2026_01_19.csv
2026-01-19,211609,Max Dahlin,1306,6,0.0,-3.0,SWE,20,atp_rankings_2026_01_19.csv
2026-01-19,213956,Andrej Loncarevic,1306,6,0.0,-3.0,FRA,20,atp_rankings_2026_01_19.csv
2026-01-19,210037,Mehdi Benchakroun,1308,6,0.0,-3.0,MAR,22,atp_rankings_2026_01_19.csv
2026-01-19,105011,Illya Marchenko,1308,6,1.0,42.0,UKR,38,atp_rankings_2026_01_19.csv
2026-01-19,212153,Filip Gustafsson,1310,6,0.0,-3.0,SWE,20,atp_rankings_2026_01_19.csv
2026-01-19,144874,Ryan James Storrie,1311,6,0.0,-3.0,GBR,27,atp_rankings_2026_01_19.csv
2026-01-19,214112,Remy Dugardin,1312,6,0.0,-6.0,FRA,,atp_rankings_2026_01_19.csv
2026-01-19,213836,Gavin Goode,1312,6,0.0,-3.0,USA,,atp_rankings_2026_01_19.csv
2026-01-19,209932,Michal Novansky,1314,6,0.0,-4.0,SVK,23,atp_rankings_2026_01_19.csv
2026-01-19,212075,Rodrigo Fernandes,1315,6,0.0,-4.0,POR,19,atp_rankings_2026_01_19.csv
2026-01-19,207809,Khololwam Montsi,1316,6,0.0,-4.0,RSA,23,atp_rankings_2026_01_19.csv
2026-01-19,211670,Marko Mesarovic,1317,6,0.0,-4.0,USA,,atp_rankings_2026_01_19.csv
2026-01-19,212064,Duje Markovina,1318,6,2.0,131.0,CRO,18,atp_rankings_2026_01_19.csv
2026-01-19,210697,Harold Huens,1319,6,0.0,-5.0,BEL,23,atp_rankings_2026_01_19.csv
2026-01-19,212148,Novak Novakovic,1319,6,0.0,-5.0,SRB,24,atp_rankings_2026_01_19.csv
2026-01-19,104510,Stefan Seifert,1319,6,1.0,47.0,GER,40,atp_rankings_2026_01_19.csv
2026-01-19,213600,Dillon Beckles,1322,6,0.0,-6.0,USA,,atp_rankings_2026_01_19.csv
2026-01-19,202195,Maxime Cressy,1323,6,0.0,-6.0,USA,28,atp_rankings_2026_01_19.csv
2026-01-19,134490,Justin Roberts,1324,6,0.0,-6.0,BAH,29,atp_rankings_2026_01_19.csv
2026-01-19,200233,Nicaise Muamba,1325,6,0.0,-6.0,CAN,25,atp_rankings_2026_01_19.csv
2026-01-19,209979,Madhwin Kamath,1326,6,0.0,-5.0,IND,24,atp_rankings_2026_01_19.csv
2026-01-19,209255,Vladan Tadic,1327,6,0.0,-5.0,BIH,25,atp_rankings_2026_01_19.csv
2026-01-19,213632,Glib Sekachov,1328,6,0.0,-5.0,UKR,,atp_rankings_2026_01_19.csv
2026-01-19,211387,Jonas Pelle Hartenstein,1329,6,0.0,-5.0,GER,24,atp_rankings_2026_01_19.csv
2026-01-19,210348,Jarno Jans,1329,6,0.0,-5.0,NED,25,atp_rankings_2026_01_19.csv
2026-01-19,207831,Ignacio Antonio Becerra Otarola,1331,6,0.0,-5.0,CHI,25,atp_rankings_2026_01_19.csv
2026-01-19,213579,Jan Klimas,1331,6,0.0,-5.0,CZE,,atp_rankings_2026_01_19.csv
2026-01-19,122536,Juan Pablo Paz,1331,6,0.0,-5.0,ARG,31,atp_rankings_2026_01_19.csv
2026-01-19,211388,Felipe De Dios,1334,6,0.0,-5.0,ARG,22,atp_rankings_2026_01_19.csv
2026-01-19,212460,Yan Cheng Chen,1335,6,0.0,-5.0,TPE,23,atp_rankings_2026_01_19.csv
2026-01-19,149130,Joe Leather,1336,6,0.0,-5.0,GBR,,atp_rankings_2026_01_19.csv
2026-01-19,149843,Conor Gannon,1337,6,0.0,-5.0,IRL,23,atp_rankings_2026_01_19.csv
2026-01-19,212106,Noah Lopez Cherubino,1338,6,0.0,-5.0,ESP,,atp_rankings_2026_01_19.csv
2026-01-19,209258,Alexandre Reco,1338,6,0.0,-5.0,FRA,26,atp_rankings_2026_01_19.csv
2026-01-19,213045,Manvydas Balciunas,1340,6,0.0,-4.0,NED,19,atp_rankings_2026_01_19.csv
2026-01-19,212536,James Beaven,1340,6,0.0,-4.0,GBR,21,atp_rankings_2026_01_19.csv
2026-01-19,200036,Abhinav Sanjeev Shanmugam,1340,6,0.0,-4.0,IND,27,atp_rankings_2026_01_19.csv
2026-01-19,209392,Reece Falck,1343,6,0.0,-3.0,NZL,23,atp_rankings_2026_01_19.csv
2026-01-19,210735,Radovan Michalik,1344,6,0.0,-3.0,SVK,22,atp_rankings_2026_01_19.csv
2026-01-19,105419,Patricio Alvarado,1345,6,0.0,-3.0,ECU,36,atp_rankings_2026_01_19.csv
2026-01-19,200024,Makoto Ochi,1345,6,0.0,-9.0,JPN,29,atp_rankings_2026_01_19.csv
2026-01-19,212762,Victor Hugo Remondy Pagotto,1345,6,0.0,-3.0,BRA,20,atp_rankings_2026_01_19.csv
2026-01-19,206646,Louis Van Herck,1348,6,0.0,-4.0,LUX,26,atp_rankings_2026_01_19.csv
2026-01-19,210192,Lucca Pinto,1349,6,0.0,-4.0,BRA,22,atp_rankings_2026_01_19.csv
2026-01-19,213131,Luke Hooper,1350,6,0.0,-4.0,GBR,,atp_rankings_2026_01_19.csv
2026-01-19,210408,Luca Fantini,1351,6,0.0,-4.0,ITA,25,atp_rankings_2026_01_19.csv
2026-01-19,212465,Charles Chen,1352,6,0.0,-4.0,CHN,18,atp_rankings_2026_01_19.csv
2026-01-19,212738,Manel Lazaro Juncadella,1353,6,0.0,-4.0,ESP,19,atp_rankings_2026_01_19.csv
2026-01-19,210352,Santiago  Lora,1354,5,0.0,-4.0,BOL,18,atp_rankings_2026_01_19.csv
2026-01-19,207725,Niels Peter Van Noord,1354,5,0.0,-4.0,CAN,25,atp_rankings_2026_01_19.csv
2026-01-19,213552,Jagger Leach,1356,5,0.0,-3.0,USA,18,atp_rankings_2026_01_19.csv
2026-01-19,209855,James Hopper,1357,5,0.0,-3.0,GBR,24,atp_rankings_2026_01_19.csv
2026-01-19,210438,Jeremy Jin,1357,5,0.0,-3.0,AUS,21,atp_rankings_2026_01_19.csv
2026-01-19,211647,Jaden Weekes,1357,5,0.0,-3.0,CAN,21,atp_rankings_2026_01_19.csv
2026-01-19,214589,Yannick Theodor Alexandrescou,1360,5,0.0,-3.0,FRA,18,atp_rankings_2026_01_19.csv
2026-01-19,209879,Luc Koenig,1361,5,0.0,-3.0,GBR,22,atp_rankings_2026_01_19.csv
2026-01-19,210667,Edoardo Cherie Ligniere,1362,5,0.0,-3.0,ITA,21,atp_rankings_2026_01_19.csv
2026-01-19,200105,Frazier Rengifo,1362,5,0.0,-3.0,COL,27,atp_rankings_2026_01_19.csv
2026-01-19,211740,Jeremy Zhang,1362,5,0.0,-3.0,AUS,20,atp_rankings_2026_01_19.csv
2026-01-19,211551,Asahi Harazaki,1365,5,0.0,-3.0,JPN,,atp_rankings_2026_01_19.csv
2026-01-19,109318,Pawel Cias,1365,5,0.0,-3.0,POL,31,atp_rankings_2026_01_19.csv
2026-01-19,213830,Saki Tange,1367,5,0.0,-3.0,JPN,22,atp_rankings_2026_01_19.csv
2026-01-19,211386,Alessio Vasquez Gehrke,1368,5,0.0,-3.0,GER,22,atp_rankings_2026_01_19.csv
2026-01-19,212647,Jaesung Choe,1369,5,0.0,-3.0,KOR,26,atp_rankings_2026_01_19.csv
2026-01-19,200681,Adil Kalyanpur,1370,5,0.0,-2.0,IND,25,atp_rankings_2026_01_19.csv
2026-01-19,210474,Alexander Frusina,1371,5,0.0,-2.0,USA,20,atp_rankings_2026_01_19.csv
2026-01-19,212037,Amir Milushev,1372,5,0.0,-2.0,UZB,20,atp_rankings_2026_01_19.csv
2026-01-19,210444,Charlelie Cosnet,1373,5,0.0,-2.0,FRA,22,atp_rankings_2026_01_19.csv
2026-01-19,213066,Stefan Horia Haita,1373,5,0.0,-2.0,ROU,18,atp_rankings_2026_01_19.csv
2026-01-19,213996,Anton Arzhankin,1375,5,0.0,-2.0,RUS,,atp_rankings_2026_01_19.csv
2026-01-19,212606,Leonardo Borrelli,1375,5,0.0,-2.0,ITA,20,atp_rankings_2026_01_19.csv
2026-01-19,210117,William Jansen,1377,5,0.0,-2.0,GBR,21,atp_rankings_2026_01_19.csv
2026-01-19,212499,Vardan Manukyan,1377,5,0.0,-2.0,RUS,21,atp_rankings_2026_01_19.csv
2026-01-19,213818,William Mirarchi,1377,5,0.0,-2.0,ITA,19,atp_rankings_2026_01_19.csv
2026-01-19,209982,Konstantin Zhzhenov,1377,5,0.0,-2.0,RUS,21,atp_rankings_2026_01_19.csv
2026-01-19,213785,Toshiki Karigyo,1381,5,0.0,-2.0,JPN,24,atp_rankings_2026_01_19.csv
2026-01-19,210602,Peetu Pohjola,1381,5,0.0,-2.0,FIN,24,atp_rankings_2026_01_19.csv
2026-01-19,213215,Bill Chan,1383,5,0.0,-2.0,SGP,,atp_rankings_2026_01_19.csv
2026-01-19,105590,Uladzimir Ignatik,1384,5,0.0,-2.0,BLR,35,atp_rankings_2026_01_19.csv
2026-01-19,212882,Jackson Ross,1384,5,0.0,-2.0,USA,24,atp_rankings_2026_01_19.csv
2026-01-19,144744,Kazuki Nishiwaki,1386,5,0.0,-1.0,JPN,31,atp_rankings_2026_01_19.csv
2026-01-19,213923,Gilberto Ravasio,1386,5,0.0,-1.0,ITA,21,atp_rankings_2026_01_19.csv
2026-01-19,149162,Xiaoyin Yang,1386,5,0.0,-1.0,CHN,21,atp_rankings_2026_01_19.csv
2026-01-19,212196,Yua Taka,1389,5,0.0,-1.0,JPN,,atp_rankings_2026_01_19.csv
2026-01-19,206790,Alexis Gurmendi,1390,5,0.0,-6.0,ARG,28,atp_rankings_2026_01_19.csv
2026-01-19,213829,Mac Visser,1391,5,0.0,-2.0,NED,20,atp_rankings_2026_01_19.csv
2026-01-19,207772,Yuttana Charoenphon,1392,5,0.0,-2.0,THA,25,atp_rankings_2026_01_19.csv
2026-01-19,106245,Rodolfo Jauregui Sainz De Rozas,1392,5,0.0,-2.0,MEX,32,atp_rankings_2026_01_19.csv
2026-01-19,213198,Kacper Knitter,1392,5,0.0,-2.0,POL,18,atp_rankings_2026_01_19.csv
2026-01-19,213175,Lucca Liu,1392,5,0.0,-2.0,USA,22,atp_rankings_2026_01_19.csv
2026-01-19,213218,Elias Julian Werner,1396,5,0.0,-2.0,GER,,atp_rankings_2026_01_19.csv
2026-01-19,202192,Kuzey Cekirge,1397,5,0.0,-2.0,TUR,25,atp_rankings_2026_01_19.csv
2026-01-19,210140,Ioan Alexandru Chirita,1397,5,0.0,-2.0,ROU,23,atp_rankings_2026_01_19.csv
2026-01-19,111436,Nick Chappell,1399,5,0.0,-2.0,USA,33,atp_rankings_2026_01_19.csv
2026-01-19,149153,Gabriele Volpi,1400,5,0.0,-2.0,ITA,29,atp_rankings_2026_01_19.csv
2026-01-19,211690,Toprak Avcibasi,1401,5,0.0,-1.0,TUR,21,atp_rankings_2026_01_19.csv
2026-01-19,213898,Richard Antoni,1402,5,0.0,-1.0,GER,,atp_rankings_2026_01_19.csv
2026-01-19,211539,Gabor Hornung,1403,5,0.0,-1.0,HUN,20,atp_rankings_2026_01_19.csv
2026-01-19,213048,Alan Wazny,1403,5,0.0,-1.0,POL,,atp_rankings_2026_01_19.csv
2026-01-19,213927,Gabriele Crivellaro,1405,5,0.0,-1.0,ITA,18,atp_rankings_2026_01_19.csv
2026-01-19,210191,Gian Gruenig,1405,5,0.0,-1.0,SUI,25,atp_rankings_2026_01_19.csv
2026-01-19,213092,Jonas Kucera,1405,5,0.0,-1.0,CZE,19,atp_rankings_2026_01_19.csv
2026-01-19,213007,Tristan Stringer,1405,5,0.0,-1.0,USA,20,atp_rankings_2026_01_19.csv
2026-01-19,212262,Kylian Collignon,1409,5,0.0,-11.0,BEL,20,atp_rankings_2026_01_19.csv
2026-01-19,149278,Daniel Khazime,1409,5,0.0,-1.0,RUS,21,atp_rankings_2026_01_19.csv
2026-01-19,214013,Fanming Meng,1409,5,0.0,-1.0,CHN,,atp_rankings_2026_01_19.csv
2026-01-19,211322,Lasse Poertner,1409,5,0.0,-1.0,GER,20,atp_rankings_2026_01_19.csv
2026-01-19,211366,Vuk Radjenovic,1409,5,0.0,-1.0,SRB,20,atp_rankings_2026_01_19.csv
2026-01-19,211474,Pablo Trochu,1414,5,0.0,-2.0,FRA,22,atp_rankings_2026_01_19.csv
2026-01-19,213043,Hiromasa Koyama,1415,5,0.0,-2.0,JPN,18,atp_rankings_2026_01_19.csv
2026-01-19,212589,Luka Talan Lopatic,1416,5,0.0,-2.0,SLO,18,atp_rankings_2026_01_19.csv
2026-01-19,213557,Alessandro Battiston,1417,5,0.0,-2.0,ITA,,atp_rankings_2026_01_19.csv
2026-01-19,212889,Daniel Uta,1418,5,0.0,-1.0,ROU,19,atp_rankings_2026_01_19.csv
2026-01-19,207248,Naoki Tajima,1419,5,0.0,-1.0,JPN,25,atp_rankings_2026_01_19.csv
2026-01-19,212935,Ferdinand Livet Novkirichka,1420,5,0.0,-4.0,FRA,,atp_rankings_2026_01_19.csv
2026-01-19,133224,Francesco Ferrari,1421,5,0.0,-2.0,ITA,28,atp_rankings_2026_01_19.csv
2026-01-19,208185,Michael Gloeckler,1422,5,0.0,-2.0,AUT,27,atp_rankings_2026_01_19.csv
2026-01-19,210076,Ioannis Kountourakis,1423,5,0.0,-2.0,GRE,23,atp_rankings_2026_01_19.csv
2026-01-19,211407,Andrea Bacaloni,1424,5,0.0,-2.0,ITA,23,atp_rankings_2026_01_19.csv
2026-01-19,134310,Alexey Aleshchev,1425,5,0.0,-2.0,RUS,27,atp_rankings_2026_01_19.csv
2026-01-19,210394,Nikita Ianin,1425,5,0.0,-2.0,RUS,24,atp_rankings_2026_01_19.csv
2026-01-19,209885,Gokberk Saritas,1427,5,0.0,-2.0,TUR,22,atp_rankings_2026_01_19.csv
2026-01-19,208358,Aleksi Lofman,1428,4,0.0,-2.0,FIN,23,atp_rankings_2026_01_19.csv
2026-01-19,212575,Amirkhamza Nasridinov,1428,4,0.0,-2.0,RUS,20,atp_rankings_2026_01_19.csv
2026-01-19,144682,Kaito Uesugi,1428,4,0.0,-2.0,JPN,30,atp_rankings_2026_01_19.csv
2026-01-19,105156,Federico Zeballos,1431,4,0.0,-2.0,BOL,37,atp_rankings_2026_01_19.csv
2026-01-19,213098,Hugo Car,1432,4,0.0,-2.0,FRA,23,atp_rankings_2026_01_19.csv
2026-01-19,208871,Takeru Yuzuki,1433,4,0.0,-2.0,JPN,27,atp_rankings_2026_01_19.csv
2026-01-19,123768,Collin Altamirano,1434,4,0.0,-2.0,USA,30,atp_rankings_2026_01_19.csv
2026-01-19,213042,Hugo Coquelin,1434,4,0.0,-2.0,GBR,20,atp_rankings_2026_01_19.csv
2026-01-19,210569,Sebastian Eriksson,1434,4,0.0,-2.0,SWE,20,atp_rankings_2026_01_19.csv
2026-01-19,207836,Muzammil Murtaza,1434,4,0.0,-2.0,PAK,26,atp_rankings_2026_01_19.csv
2026-01-19,210405,Azuma Visaya,1434,4,0.0,-2.0,USA,22,atp_rankings_2026_01_19.csv
2026-01-19,212914,Corey Craig,1439,4,0.0,-1.0,USA,22,atp_rankings_2026_01_19.csv
2026-01-19,212250,James Connel,1440,4,0.0,-1.0,GBR,22,atp_rankings_2026_01_19.csv
2026-01-19,211570,Cesar Cruz,1441,4,0.0,-1.0,ESA,19,atp_rankings_2026_01_19.csv
2026-01-19,210416,Bryce Nakashima,1441,4,0.0,-1.0,USA,21,atp_rankings_2026_01_19.csv
2026-01-19,210746,Paul Barbier Gazeu,1443,4,0.0,-1.0,FRA,20,atp_rankings_2026_01_19.csv
2026-01-19,105335,Sho Katayama,1443,4,0.0,-1.0,JPN,36,atp_rankings_2026_01_19.csv
2026-01-19,209355,Timo Legout,1443,4,0.0,-11.0,FRA,23,atp_rankings_2026_01_19.csv
2026-01-19,212068,Stepan Baum,1446,4,0.0,-2.0,CZE,22,atp_rankings_2026_01_19.csv
2026-01-19,213648,Udit Kamboj,1446,4,0.0,-2.0,IND,,atp_rankings_2026_01_19.csv
2026-01-19,200095,Nicola Kuhn,1446,4,0.0,-2.0,GER,25,atp_rankings_2026_01_19.csv
2026-01-19,206669,Hugo Maia,1446,4,0.0,-2.0,POR,24,atp_rankings_2026_01_19.csv
2026-01-19,212899,Moritz Kudernatsch,1450,4,0.0,-2.0,GER,20,atp_rankings_2026_01_19.csv
2026-01-19,208206,Walid Ahouda,1451,4,0.0,-2.0,MAR,22,atp_rankings_2026_01_19.csv
2026-01-19,130247,Anton Chekhov,1451,4,0.0,-2.0,RUS,33,atp_rankings_2026_01_19.csv
2026-01-19,212924,Emanuel Ivanisevic,1451,4,0.0,-2.0,CRO,18,atp_rankings_2026_01_19.csv
2026-01-19,207230,Damien Salvestre,1451,4,0.0,-2.0,FRA,23,atp_rankings_2026_01_19.csv
2026-01-19,211330,Vasco Leote Prata,1455,4,0.0,-1.0,POR,22,atp_rankings_2026_01_19.csv
2026-01-19,207439,Dax Donders,1456,4,0.0,-1.0,NED,25,atp_rankings_2026_01_19.csv
2026-01-19,212604,Diego Jarry Fillol,1456,4,0.0,-1.0,USA,22,atp_rankings_2026_01_19.csv
2026-01-19,202165,Alberto Lim,1456,4,0.0,-1.0,PHI,26,atp_rankings_2026_01_19.csv
2026-01-19,206580,Nicola Rispoli,1459,4,0.0,-1.0,ITA,28,atp_rankings_2026_01_19.csv
2026-01-19,133667,Congsup Congcar,1460,4,0.0,-1.0,THA,29,atp_rankings_2026_01_19.csv
2026-01-19,209273,Romain Gales,1460,4,0.0,-1.0,FRA,21,atp_rankings_2026_01_19.csv
2026-01-19,123843,Davide Pontoglio,1460,4,0.0,-1.0,ITA,33,atp_rankings_2026_01_19.csv
2026-01-19,213768,Kase Schinnerer,1460,4,0.0,-1.0,USA,19,atp_rankings_2026_01_19.csv
2026-01-19,120545,Ko Suzuki,1464,4,0.0,-1.0,JPN,34,atp_rankings_2026_01_19.csv
2026-01-19,210601,Oskari Eerola,1465,4,0.0,0.0,FIN,23,atp_rankings_2026_01_19.csv
2026-01-19,211762,David Naharro,1465,4,0.0,0.0,ESP,22,atp_rankings_2026_01_19.csv
2026-01-19,208933,Dian Nedev,1465,4,0.0,0.0,BUL,25,atp_rankings_2026_01_19.csv
2026-01-19,209974,Aleksander Orlikowski,1465,4,0.0,0.0,POL,22,atp_rankings_2026_01_19.csv
2026-01-19,213204,Zane Stevens,1469,4,0.0,1.0,AUS,19,atp_rankings_2026_01_19.csv
2026-01-19,213814,Gustavo Albieri,1470,4,0.0,2.0,BRA,18,atp_rankings_2026_01_19.csv
2026-01-19,210284,Pijus Vaitiekunas,1471,4,0.0,-8.0,LTU,22,atp_rankings_2026_01_19.csv
2026-01-19,211396,Vladimir Bazilevskiy,1472,4,0.0,1.0,ISR,20,atp_rankings_2026_01_19.csv
2026-01-19,208083,Adam Heinonen,1472,4,0.0,-7.0,SWE,23,atp_rankings_2026_01_19.csv
2026-01-19,212963,Sebastian Grundtvig Jorgensen,1472,4,1.0,106.0,DEN,24,atp_rankings_2026_01_19.csv
2026-01-19,208835,Rafael Giotis,1475,4,0.0,-1.0,GER,25,atp_rankings_2026_01_19.csv
2026-01-19,206789,Lingxi Zhao,1475,4,0.0,-1.0,CHN,26,atp_rankings_2026_01_19.csv
2026-01-19,214015,Xavi Palomar,1477,4,0.0,-6.0,ESP,,atp_rankings_2026_01_19.csv
2026-01-19,213004,Arthur Bellegy,1478,4,0.0,-2.0,FRA,,atp_rankings_2026_01_19.csv
2026-01-19,149134,Matei Florin Breazu,1479,4,0.0,-2.0,ROU,17,atp_rankings_2026_01_19.csv
2026-01-19,127143,Jirat Navasirisomboon,1479,4,0.0,-2.0,THA,29,atp_rankings_2026_01_19.csv
2026-01-19,212167,Darius Florin Pop,1479,4,0.0,-2.0,ROU,21,atp_rankings_2026_01_19.csv
2026-01-19,210301,Benjamin Ignacio Torres Fernandez,1479,4,0.0,-2.0,CHI,22,atp_rankings_2026_01_19.csv
2026-01-19,209913,Fons Van Sambeek,1479,4,0.0,-2.0,NED,23,atp_rankings_2026_01_19.csv
2026-01-19,210423,Alessandro Coccioli,1484,4,0.0,-2.0,ITA,23,atp_rankings_2026_01_19.csv
2026-01-19,212864,Valentin Garay,1484,4,0.0,-2.0,ARG,18,atp_rankings_2026_01_19.csv
2026-01-19,210115,Yunseok Jang,1484,4,0.0,-2.0,KOR,22,atp_rankings_2026_01_19.csv
2026-01-19,213882,Gray Voelzke,1484,4,0.0,-2.0,USA,23,atp_rankings_2026_01_19.csv
2026-01-19,208890,Richard Zusman,1488,4,0.0,-2.0,USA,25,atp_rankings_2026_01_19.csv
2026-01-19,209946,Maikel De Boes,1489,4,0.0,-2.0,BEL,23,atp_rankings_2026_01_19.csv
2026-01-19,207233,Nemanja Malesevic,1490,4,0.0,-2.0,BIH,24,atp_rankings_2026_01_19.csv
2026-01-19,213765,Weiwen Pan,1490,4,0.0,-2.0,CHN,20,atp_rankings_2026_01_19.csv
2026-01-19,210570,Kevin Edengren,1492,4,0.0,-2.0,SWE,20,atp_rankings_2026_01_19.csv
2026-01-19,213356,Michele Mecarelli,1492,4,0.0,-2.0,ITA,18,atp_rankings_2026_01_19.csv
2026-01-19,212078,Riku Takahata,1492,4,0.0,-2.0,JPN,24,atp_rankings_2026_01_19.csv
2026-01-19,212757,Jack Bruce Smith,1495,4,0.0,-2.0,AUS,24,atp_rankings_2026_01_19.csv
2026-01-19,212965,Juan Jose Bianchi,1496,4,0.0,-2.0,VEN,25,atp_rankings_2026_01_19.csv
2026-01-19,210651,Vlad Cristian Breazu,1496,4,0.0,-2.0,ROU,22,atp_rankings_2026_01_19.csv
2026-01-19,134545,Alexis Canter,1496,4,0.0,-2.0,GBR,27,atp_rankings_2026_01_19.csv
2026-01-19,200234,Joshua Peck,1496,4,0.0,-2.0,CAN,27,atp_rankings_2026_01_19.csv
2026-01-19,212109,Antonio Voljavec,1496,4,0.0,-2.0,CRO,19,atp_rankings_2026_01_19.csv
2026-01-19,211490,Daniel Verbeek,1501,4,0.0,-2.0,NED,21,atp_rankings_2026_01_19.csv
2026-01-19,209282,Ian Luca Cervantes Tomas,1502,4,0.0,-1.0,MEX,22,atp_rankings_2026_01_19.csv
2026-01-19,149142,Tanguy Genier,1502,4,0.0,-1.0,SUI,27,atp_rankings_2026_01_19.csv
2026-01-19,149267,Andrea Colombo,1504,4,0.0,-5.0,ITA,23,atp_rankings_2026_01_19.csv
2026-01-19,213585,Roman Kharlamov,1504,4,0.0,0.0,RUS,,atp_rankings_2026_01_19.csv
2026-01-19,213075,Alejandro Lopez Escribano,1506,4,0.0,-1.0,ESP,19,atp_rankings_2026_01_19.csv
2026-01-19,111197,Jonathan Mridha,1507,4,0.0,1.0,SWE,30,atp_rankings_2026_01_19.csv
2026-01-19,211455,Oren Vasser,1507,4,0.0,-2.0,USA,25,atp_rankings_2026_01_19.csv
2026-01-19,209127,Credit Chaiyarin,1509,4,0.0,0.0,THA,22,atp_rankings_2026_01_19.csv
2026-01-19,213791,Fumin Jiang,1510,4,0.0,-3.0,CHN,,atp_rankings_2026_01_19.csv
2026-01-19,208164,Yassine Smiej,1511,4,0.0,-1.0,MAR,26,atp_rankings_2026_01_19.csv
2026-01-19,213059,Carles Cordoba,1512,4,0.0,-1.0,ESP,20,atp_rankings_2026_01_19.csv
2026-01-19,212210,Filippo Mazzola,1513,4,0.0,-1.0,ITA,20,atp_rankings_2026_01_19.csv
2026-01-19,211364,Mihai Alexandru Coman,1514,4,0.0,-1.0,ROU,21,atp_rankings_2026_01_19.csv
2026-01-19,206447,Daniel Batista,1515,4,0.0,-1.0,POR,27,atp_rankings_2026_01_19.csv
2026-01-19,105819,Guido Andreozzi,1516,3,0.0,-1.0,ARG,34,atp_rankings_2026_01_19.csv
2026-01-19,210756,Loren Thomas Byers,1516,3,0.0,-1.0,USA,24,atp_rankings_2026_01_19.csv
2026-01-19,206805,Luciano Carraro,1516,3,0.0,-1.0,ITA,27,atp_rankings_2026_01_19.csv
2026-01-19,108766,Samir Iftikhar,1516,3,0.0,-1.0,PAK,33,atp_rankings_2026_01_19.csv
2026-01-19,207839,Yousaf Khalil,1516,3,0.0,-1.0,PAK,26,atp_rankings_2026_01_19.csv
2026-01-19,111192,Lucas Miedler,1516,3,0.0,-1.0,AUT,29,atp_rankings_2026_01_19.csv
2026-01-19,202417,Siphosothando Montsi,1516,3,0.0,-1.0,RSA,26,atp_rankings_2026_01_19.csv
2026-01-19,126609,Patrik Niklas Salminen,1516,3,0.0,-1.0,FIN,28,atp_rankings_2026_01_19.csv
2026-01-19,134256,Reese Stalder,1516,3,0.0,-1.0,USA,29,atp_rankings_2026_01_19.csv
2026-01-19,212642,Patrik Trhac,1516,3,0.0,-1.0,USA,27,atp_rankings_2026_01_19.csv
2026-01-19,213985,Kelly Giese,1526,3,0.0,-1.0,USA,21,atp_rankings_2026_01_19.csv
2026-01-19,208123,Tom Hands,1526,3,0.0,-1.0,GBR,29,atp_rankings_2026_01_19.csv
2026-01-19,210093,Sander Jong,1526,3,0.0,-1.0,NED,25,atp_rankings_2026_01_19.csv
2026-01-19,209972,Adit Sinha,1526,3,0.0,-1.0,USA,22,atp_rankings_2026_01_19.csv
2026-01-19,210329,Antoine Vincent,1526,3,0.0,-1.0,FRA,27,atp_rankings_2026_01_19.csv
2026-01-19,202269,Justin Barki,1531,3,0.0,-1.0,INA,25,atp_rankings_2026_01_19.csv
2026-01-19,208178,Samuel Brosset,1531,3,0.0,-1.0,FRA,28,atp_rankings_2026_01_19.csv
2026-01-19,212859,Matisse Farzam,1531,3,0.0,-1.0,USA,18,atp_rankings_2026_01_19.csv
2026-01-19,212683,Theo Herrmann,1531,3,0.0,-1.0,FRA,21,atp_rankings_2026_01_19.csv
2026-01-19,212158,Will Mayew,1531,3,0.0,-1.0,USA,21,atp_rankings_2026_01_19.csv
2026-01-19,210312,Oliver Ojakaar,1531,3,0.0,-1.0,EST,20,atp_rankings_2026_01_19.csv
2026-01-19,213957,Daniel Phillips,1531,3,0.0,-1.0,BER,20,atp_rankings_2026_01_19.csv
2026-01-19,214246,Nikolas Stoot,1531,3,0.0,-1.0,USA,18,atp_rankings_2026_01_19.csv
2026-01-19,214001,Damien Clerc,1539,3,0.0,-1.0,FRA,,atp_rankings_2026_01_19.csv
2026-01-19,214038,Laurence Teunissen,1539,3,0.0,-1.0,NED,,atp_rankings_2026_01_19.csv
2026-01-19,210230,Wissam Abderrahman,1541,3,0.0,-1.0,TUN,22,atp_rankings_2026_01_19.csv
2026-01-19,207739,Yusuf Khamis,1541,3,0.0,-1.0,EGY,25,atp_rankings_2026_01_19.csv
2026-01-19,213058,Weiyi Kong,1541,3,0.0,-1.0,CHN,,atp_rankings_2026_01_19.csv
2026-01-19,209925,Thijmen Loof,1541,3,0.0,-1.0,NED,23,atp_rankings_2026_01_19.csv
2026-01-19,212491,Alexander Razeghi,1541,3,0.0,-1.0,USA,19,atp_rankings_2026_01_19.csv
2026-01-19,210693,Hudson Rivera,1541,3,0.0,-1.0,USA,21,atp_rankings_2026_01_19.csv
2026-01-19,213738,Jack Satterfield,1541,3,0.0,-1.0,USA,,atp_rankings_2026_01_19.csv
2026-01-19,210571,Isac Stroemberg,1541,3,0.0,-1.0,SWE,22,atp_rankings_2026_01_19.csv
2026-01-19,214192,Ymerali Ibraimi,1549,3,0.0,-1.0,AUS,16,atp_rankings_2026_01_19.csv
2026-01-19,212291,Siwanat Auytayakul,1550,3,0.0,-1.0,THA,21,atp_rankings_2026_01_19.csv
2026-01-19,213011,John Bothma,1550,3,0.0,-1.0,RSA,17,atp_rankings_2026_01_19.csv
2026-01-19,207209,Raghav Jaisinghani,1550,3,0.0,-1.0,IND,27,atp_rankings_2026_01_19.csv
2026-01-19,207507,Stefan Latinovic,1550,3,0.0,-1.0,SRB,26,atp_rankings_2026_01_19.csv
2026-01-19,120922,Maciej Rajski,1550,3,0.0,-1.0,POL,34,atp_rankings_2026_01_19.csv
2026-01-19,210190,Timofey Stepanov,1550,3,0.0,-1.0,SUI,22,atp_rankings_2026_01_19.csv
2026-01-19,210605,Liam Branger,1556,3,0.0,-1.0,FRA,24,atp_rankings_2026_01_19.csv
2026-01-19,213920,Nathan Cox,1556,3,0.0,-1.0,USA,,atp_rankings_2026_01_19.csv
2026-01-19,213678,Felipe Dreer,1556,3,0.0,-1.0,ARG,,atp_rankings_2026_01_19.csv
2026-01-19,212880,Ilyas Milad Fahim,1556,3,0.0,-1.0,MAR,20,atp_rankings_2026_01_19.csv
2026-01-19,211406,Yazid Lahjomri,1556,3,0.0,-1.0,MAR,20,atp_rankings_2026_01_19.csv
2026-01-19,212750,Clement Lemire,1556,3,0.0,-1.0,FRA,19,atp_rankings_2026_01_19.csv
2026-01-19,214229,Mathys Picard,1556,3,1.0,155.0,FRA,18,atp_rankings_2026_01_19.csv
2026-01-19,213889,Arjun Rathi,1556,3,0.0,-1.0,IND,,atp_rankings_2026_01_19.csv
2026-01-19,212770,Timeo Trufelli,1556,3,0.0,-1.0,FRA,17,atp_rankings_2026_01_19.csv
2026-01-19,212937,Achilles Belkovics,1565,3,0.0,-2.0,HUN,,atp_rankings_2026_01_19.csv
2026-01-19,211684,Emirhan Bulut,1565,3,0.0,-2.0,TUR,19,atp_rankings_2026_01_19.csv
2026-01-19,214016,Bautista De La Pena,1565,3,0.0,-2.0,BRA,16,atp_rankings_2026_01_19.csv
2026-01-19,202345,Arvid Nordquist,1565,3,0.0,-2.0,SWE,27,atp_rankings_2026_01_19.csv
2026-01-19,211677,Matthew Rankin,1565,3,0.0,-2.0,GBR,21,atp_rankings_2026_01_19.csv
2026-01-19,210526,Niccolo Baroni,1570,3,0.0,-1.0,ITA,22,atp_rankings_2026_01_19.csv
2026-01-19,206673,Bharath Nishok Kumaran,1570,3,0.0,-1.0,IND,27,atp_rankings_2026_01_19.csv
2026-01-19,149139,Arthur Laborde,1570,3,0.0,-1.0,SUI,21,atp_rankings_2026_01_19.csv
2026-01-19,207431,Lewie Lane,1570,3,0.0,-1.0,GER,25,atp_rankings_2026_01_19.csv
2026-01-19,208204,Francois Musitelli,1570,3,0.0,-1.0,FRA,27,atp_rankings_2026_01_19.csv
2026-01-19,212617,Shu Muto,1570,3,0.0,-1.0,JPN,,atp_rankings_2026_01_19.csv
2026-01-19,212092,Yu Tanaka,1570,3,0.0,-1.0,JPN,22,atp_rankings_2026_01_19.csv
2026-01-19,,Illya Beloborodko,1577,3,0.0,-1.0,,,atp_rankings_2026_01_19.csv
2026-01-19,212840,Thomas Gerbaud,1577,3,0.0,-1.0,FRA,21,atp_rankings_2026_01_19.csv
2026-01-19,211660,Ryan Augusto Dos Santos,1579,3,0.0,-1.0,BRA,22,atp_rankings_2026_01_19.csv
2026-01-19,213766,Enrique Carrascosa Diaz,1579,3,0.0,-1.0,ESP,,atp_rankings_2026_01_19.csv
2026-01-19,213026,Amine Jamji,1579,3,0.0,-1.0,MAR,,atp_rankings_2026_01_19.csv
2026-01-19,213174,Mickael Kaouk,1579,3,0.0,-1.0,FRA,,atp_rankings_2026_01_19.csv
2026-01-19,212896,Melvin Kumar,1579,3,0.0,-16.0,SWE,19,atp_rankings_2026_01_19.csv
2026-01-19,213771,Dominick Mosejczuk,1579,3,0.0,-1.0,USA,19,atp_rankings_2026_01_19.csv
2026-01-19,207973,Ainius Sabaliauskas,1579,3,0.0,-1.0,LTU,22,atp_rankings_2026_01_19.csv
2026-01-19,213278,Leonardo Angeloni,1586,3,0.0,-1.0,ITA,20,atp_rankings_2026_01_19.csv
2026-01-19,105871,Sekou Bangoura,1586,3,0.0,-1.0,USA,34,atp_rankings_2026_01_19.csv
2026-01-19,213798,Noah Brownrigg,1586,3,0.0,-1.0,AUS,19,atp_rankings_2026_01_19.csv
2026-01-19,214156,Mahmoud Chetouane,1586,3,0.0,-1.0,TUN,17,atp_rankings_2026_01_19.csv
2026-01-19,213667,Valentin Guadagno,1586,3,0.0,-1.0,ARG,,atp_rankings_2026_01_19.csv
2026-01-19,149104,Patrik Homola,1586,3,0.0,-1.0,CZE,21,atp_rankings_2026_01_19.csv
2026-01-19,213036,Luis Guto Miguel,1586,3,0.0,-1.0,BRA,16,atp_rankings_2026_01_19.csv
2026-01-19,213617,Mattia Nannelli,1586,3,0.0,-1.0,ITA,,atp_rankings_2026_01_19.csv
2026-01-19,210212,Alexander Petrov,1586,3,0.0,-1.0,BUL,24,atp_rankings_2026_01_19.csv
2026-01-19,209877,Stevan Popovic,1586,3,0.0,-1.0,GER,24,atp_rankings_2026_01_19.csv
2026-01-19,212098,Iker Urribarrens Ramirez,1586,3,0.0,-1.0,ESP,21,atp_rankings_2026_01_19.csv
2026-01-19,212769,Leo Lagarrigue,1597,3,0.0,-1.0,FRA,19,atp_rankings_2026_01_19.csv
2026-01-19,149268,Gabriele Vulpitta,1597,3,0.0,-1.0,ITA,20,atp_rankings_2026_01_19.csv
2026-01-19,213584,Artem Bogomolov,1599,3,0.0,-1.0,RUS,,atp_rankings_2026_01_19.csv
2026-01-19,213801,Jake Dembo,1599,3,0.0,-1.0,AUS,,atp_rankings_2026_01_19.csv
2026-01-19,200608,Andres Fernandez Canovas,1599,3,0.0,-1.0,ESP,26,atp_rankings_2026_01_19.csv
2026-01-19,211589,Tilen Kovac,1599,3,0.0,-1.0,SLO,23,atp_rankings_2026_01_19.csv
2026-01-19,213653,Benjamin Willwerth,1599,3,0.0,-1.0,USA,,atp_rankings_2026_01_19.csv
2026-01-19,210205,Edoardo Zanada,1599,3,0.0,-1.0,ITA,25,atp_rankings_2026_01_19.csv
2026-01-19,209986,Viktor Jovic,1605,3,0.0,-1.0,SRB,23,atp_rankings_2026_01_19.csv
2026-01-19,212272,Nikos Lehmann,1605,3,0.0,-1.0,ARG,20,atp_rankings_2026_01_19.csv
2026-01-19,208841,Zekai Li,1605,3,0.0,-1.0,CHN,25,atp_rankings_2026_01_19.csv
2026-01-19,200703,Bogdan Pavel,1605,3,0.0,-1.0,ROU,26,atp_rankings_2026_01_19.csv
2026-01-19,213536,Sergio Planella Hernandez,1605,3,0.0,-1.0,ESP,,atp_rankings_2026_01_19.csv
2026-01-19,207541,Michalis Sakellaridis,1605,3,1.0,173.0,GRE,25,atp_rankings_2026_01_19.csv
2026-01-19,208855,Christopher Papa,1611,3,0.0,-2.0,USA,24,atp_rankings_2026_01_19.csv
2026-01-19,202217,Vito Dellelba,1612,3,0.0,-2.0,ITA,26,atp_rankings_2026_01_19.csv
2026-01-19,212806,Benjamin Gusic Wan,1612,3,0.0,-2.0,GBR,18,atp_rankings_2026_01_19.csv
2026-01-19,212529,Alex Finkelstein,1614,3,0.0,-2.0,USA,23,atp_rankings_2026_01_19.csv
2026-01-19,210153,David Fix,1614,3,0.0,-2.0,GER,20,atp_rankings_2026_01_19.csv
2026-01-19,213201,Valentino Grippo,1614,3,0.0,-2.0,ARG,,atp_rankings_2026_01_19.csv
2026-01-19,213114,Chun Chien Hou,1614,3,0.0,-2.0,TPE,19,atp_rankings_2026_01_19.csv
2026-01-19,213640,Stephane Pierre Jo Kamendje,1614,3,0.0,-2.0,CAN,,atp_rankings_2026_01_19.csv
2026-01-19,211787,Matteo Lavizzari,1614,3,0.0,-2.0,SUI,20,atp_rankings_2026_01_19.csv
2026-01-19,213391,Silvio Mencaglia,1614,3,0.0,-2.0,ITA,21,atp_rankings_2026_01_19.csv
2026-01-19,212119,Nik Mikovic,1614,3,0.0,-2.0,SLO,21,atp_rankings_2026_01_19.csv
2026-01-19,208381,Nicolas Esteban Rico Arias,1614,3,0.0,-2.0,COL,25,atp_rankings_2026_01_19.csv
2026-01-19,210420,Gheorghe Claudiu Schinteie,1614,3,0.0,-2.0,ROU,23,atp_rankings_2026_01_19.csv
2026-01-19,207559,Darrshan Suresh,1614,3,0.0,-2.0,MAS,24,atp_rankings_2026_01_19.csv
2026-01-19,212751,Raphael Vaksmann,1614,3,0.0,-2.0,FRA,,atp_rankings_2026_01_19.csv
2026-01-19,212934,Antoni Fabre,1626,3,1.0,189.0,FRA,,atp_rankings_2026_01_19.csv
2026-01-19,210670,Sasa Markovic,1626,3,0.0,-2.0,SRB,20,atp_rankings_2026_01_19.csv
2026-01-19,144665,Ryotero Matsumura,1626,3,0.0,-2.0,JPN,29,atp_rankings_2026_01_19.csv
2026-01-19,212900,Andrea Paolini,1626,3,0.0,-2.0,ITA,23,atp_rankings_2026_01_19.csv
2026-01-19,208726,Alberto Odiseo Alvarado Berrospi,1630,3,0.0,-3.0,PER,25,atp_rankings_2026_01_19.csv
2026-01-19,209103,Haoyuan Huang,1630,3,0.0,-3.0,CHN,23,atp_rankings_2026_01_19.csv
2026-01-19,210341,Ajay Malik,1630,3,0.0,-3.0,IND,23,atp_rankings_2026_01_19.csv
2026-01-19,210229,Aleksa Pisaric,1630,3,0.0,-3.0,SRB,20,atp_rankings_2026_01_19.csv
2026-01-19,210011,Aristarkh Safonov,1630,3,0.0,-3.0,RUS,22,atp_rankings_2026_01_19.csv
2026-01-19,211454,Federico Valle,1630,3,0.0,-3.0,ITA,25,atp_rankings_2026_01_19.csv
2026-01-19,211467,Aditya Vishal Balsekar,1630,3,0.0,-3.0,IND,23,atp_rankings_2026_01_19.csv
2026-01-19,200310,Alexander Zgirovsky,1630,3,0.0,-3.0,BLR,24,atp_rankings_2026_01_19.csv
2026-01-19,210434,Charlie Camus,1638,3,0.0,-3.0,FRA,19,atp_rankings_2026_01_19.csv
2026-01-19,212981,Jonas Gundacker,1638,3,0.0,-3.0,AUT,23,atp_rankings_2026_01_19.csv
2026-01-19,212067,Ye Hongyu,1638,3,0.0,-3.0,CHN,21,atp_rankings_2026_01_19.csv
2026-01-19,209346,Stijn Pel,1638,3,0.0,-3.0,NED,23,atp_rankings_2026_01_19.csv
2026-01-19,211497,Rocco Piatti,1642,3,0.0,-3.0,MON,21,atp_rankings_2026_01_19.csv
2026-01-19,213378,Adam Farag Cao,1643,3,0.0,-3.0,CAN,18,atp_rankings_2026_01_19.csv
2026-01-19,213848,Nicholas Roberts,1643,3,0.0,-3.0,FRA,19,atp_rankings_2026_01_19.csv
2026-01-19,213637,Daniel Domingos,1645,3,0.0,-3.0,AGO,,atp_rankings_2026_01_19.csv
2026-01-19,212875,Zhengyu Sun,1646,3,1.0,186.0,CHN,19,atp_rankings_2026_01_19.csv
2026-01-19,212130,Mariano Tammaro,1646,3,0.0,-3.0,ITA,21,atp_rankings_2026_01_19.csv
2026-01-19,212030,Kerem Yilmaz,1646,3,0.0,-3.0,TUR,18,atp_rankings_2026_01_19.csv
2026-01-19,212903,Melih Anavatan,1649,3,0.0,-6.0,TUR,,atp_rankings_2026_01_19.csv
2026-01-19,210595,Jiri Cizek,1649,3,0.0,-2.0,CZE,20,atp_rankings_2026_01_19.csv
2026-01-19,149108,Loic Namigandet Tenguere,1649,3,0.0,-6.0,FRA,27,atp_rankings_2026_01_19.csv
2026-01-19,210110,Alessandro Bellifemine,1652,3,0.0,-4.0,ITA,24,atp_rankings_2026_01_19.csv
2026-01-19,132018,Drew Van Orderlain,1653,3,1.0,186.0,USA,31,atp_rankings_2026_01_19.csv
2026-01-19,212745,Tadeo Meneo,1654,3,0.0,-5.0,ARG,20,atp_rankings_2026_01_19.csv
2026-01-19,110773,Issei Okamura,1654,3,0.0,-5.0,JPN,33,atp_rankings_2026_01_19.csv
2026-01-19,207478,Zhenxiong Dong,1656,3,0.0,-5.0,CHN,27,atp_rankings_2026_01_19.csv
2026-01-19,213037,Luis Garcia Paez,1657,3,0.0,-5.0,ESP,20,atp_rankings_2026_01_19.csv
2026-01-19,213774,Dmitry Kopilevich,1657,3,0.0,-5.0,SLO,19,atp_rankings_2026_01_19.csv
2026-01-19,208816,Jeremy Schifris,1659,3,0.0,-5.0,GER,24,atp_rankings_2026_01_19.csv
2026-01-19,124045,Lawrence Bataljin,1660,3,0.0,-5.0,AUS,29,atp_rankings_2026_01_19.csv
2026-01-19,211537,Alfred Almasi,1661,2,0.0,-5.0,SVK,,atp_rankings_2026_01_19.csv
2026-01-19,212678,David Bakonyi,1661,2,0.0,-5.0,HUN,19,atp_rankings_2026_01_19.csv
2026-01-19,200265,Ulises Blanch,1661,2,0.0,-5.0,USA,27,atp_rankings_2026_01_19.csv
2026-01-19,213913,Casper Christensen,1661,2,0.0,-5.0,NOR,23,atp_rankings_2026_01_19.csv
2026-01-19,214331,Valentino Conte,1661,2,0.0,-5.0,ARG,21,atp_rankings_2026_01_19.csv
2026-01-19,213691,Connor Doig,1661,2,0.0,-5.0,RSA,,atp_rankings_2026_01_19.csv
2026-01-19,144848,Sergio Luis Hernandez Ramirez,1661,2,0.0,-5.0,COL,26,atp_rankings_2026_01_19.csv
2026-01-19,214269,Marcel Latak,1661,2,0.0,-5.0,USA,16,atp_rankings_2026_01_19.csv
2026-01-19,126630,Ivan Liutarevich,1661,2,0.0,-5.0,BLR,29,atp_rankings_2026_01_19.csv
2026-01-19,212916,Marko Milosavljevic,1661,2,0.0,-5.0,SRB,,atp_rankings_2026_01_19.csv
2026-01-19,214329,Diego Eduardo Munoz Navia,1661,2,0.0,-5.0,BOL,20,atp_rankings_2026_01_19.csv
2026-01-19,208254,Ignacio Novo,1661,2,0.0,-5.0,ARG,25,atp_rankings_2026_01_19.csv
2026-01-19,105578,Cristian Rodriguez,1661,2,0.0,-5.0,COL,35,atp_rankings_2026_01_19.csv
2026-01-19,214327,Oliver Andre Solis Encinas,1661,2,0.0,-5.0,BOL,,atp_rankings_2026_01_19.csv
2026-01-19,,JJ Tracy,1661,2,0.0,-5.0,,,atp_rankings_2026_01_19.csv
2026-01-19,208874,Seita Watanabe,1661,2,0.0,-5.0,JPN,25,atp_rankings_2026_01_19.csv
2026-01-19,213523,Milan Welte,1661,2,0.0,-5.0,GER,24,atp_rankings_2026_01_19.csv
2026-01-19,214270,Tomas Zurmendi,1661,2,0.0,-5.0,URU,16,atp_rankings_2026_01_19.csv
2026-01-19,214004,Michael Antonius,1679,2,0.0,-4.0,USA,,atp_rankings_2026_01_19.csv
2026-01-19,210504,Billy Blaydes,1679,2,0.0,-4.0,GBR,22,atp_rankings_2026_01_19.csv
2026-01-19,212570,Nikita Filin,1679,2,0.0,-4.0,USA,19,atp_rankings_2026_01_19.csv
2026-01-19,207881,Raul Garcia,1679,2,0.0,-4.0,BOL,23,atp_rankings_2026_01_19.csv
2026-01-19,212782,Saahith Jayaraman,1679,2,0.0,-4.0,USA,,atp_rankings_2026_01_19.csv
2026-01-19,109737,Markos Kalovelonis,1679,2,0.0,-4.0,GRE,31,atp_rankings_2026_01_19.csv
2026-01-19,210631,Linus Lagerbohm,1679,2,,,FIN,18,atp_rankings_2026_01_19.csv
2026-01-19,211622,Loan Lestir,1679,2,0.0,-4.0,FRA,20,atp_rankings_2026_01_19.csv
2026-01-19,210102,Neo Niedner,1679,2,0.0,-4.0,GER,22,atp_rankings_2026_01_19.csv
2026-01-19,214332,Henrique Ortenblad Nogueira,1679,2,0.0,-4.0,BRA,22,atp_rankings_2026_01_19.csv
2026-01-19,210376,Max  Sheldon,1679,2,0.0,-4.0,USA,22,atp_rankings_2026_01_19.csv
2026-01-19,209225,Martin Antonio Vergara Del Puerto,1679,2,0.0,-4.0,PAR,21,atp_rankings_2026_01_19.csv
2026-01-19,214054,Baltazar Wiger Nordas,1679,2,0.0,-23.0,NOR,22,atp_rankings_2026_01_19.csv
2026-01-19,214341,Oscar Brown,1692,2,1.0,152.0,GBR,23,atp_rankings_2026_01_19.csv
2026-01-19,214292,Ignacio De Armas,1692,2,0.0,-6.0,VEN,17,atp_rankings_2026_01_19.csv
2026-01-19,200199,Matteo De Vincentis,1692,2,0.0,-6.0,ITA,27,atp_rankings_2026_01_19.csv
2026-01-19,209294,Diego Duran,1692,2,0.0,-6.0,ESA,,atp_rankings_2026_01_19.csv
2026-01-19,213965,Andrew Johnson,1692,2,0.0,-6.0,USA,16,atp_rankings_2026_01_19.csv
2026-01-19,210188,Petar Jovanovic,1692,2,0.0,-6.0,MNE,22,atp_rankings_2026_01_19.csv
2026-01-19,212139,Vit Kalina,1692,2,0.0,-6.0,CZE,20,atp_rankings_2026_01_19.csv
2026-01-19,214276,Min Ho Ko,1692,2,0.0,-6.0,KOR,18,atp_rankings_2026_01_19.csv
2026-01-19,212476,Noritaka Koizumi,1692,2,0.0,-6.0,JPN,22,atp_rankings_2026_01_19.csv
2026-01-19,212023,Oscar Lacides,1692,2,0.0,-6.0,GUD,21,atp_rankings_2026_01_19.csv
2026-01-19,210055,Noah Lopez,1692,2,0.0,-6.0,SUI,23,atp_rankings_2026_01_19.csv
2026-01-19,200100,Tomas Rengel Sierra,1692,2,0.0,-6.0,ARG,29,atp_rankings_2026_01_19.csv
2026-01-19,106138,Yaraslav Shyla,1692,2,0.0,-6.0,BLR,32,atp_rankings_2026_01_19.csv
2026-01-19,208589,Nikita Volonski,1692,2,0.0,-6.0,AUS,24,atp_rankings_2026_01_19.csv
2026-01-19,213907,Christian Wedel,1692,2,0.0,-6.0,GER,,atp_rankings_2026_01_19.csv
2026-01-19,211741,Anthony Wright,1692,2,0.0,-6.0,GBR,21,atp_rankings_2026_01_19.csv
2026-01-19,209206,Antonio Caruso,1708,2,0.0,-6.0,ITA,26,atp_rankings_2026_01_19.csv
2026-01-19,214029,Ye Chen,1708,2,0.0,-6.0,CHN,,atp_rankings_2026_01_19.csv
2026-01-19,124014,Ernesto Escobedo,1708,2,0.0,-6.0,MEX,29,atp_rankings_2026_01_19.csv
2026-01-19,208821,Ondrej Horak,1708,2,0.0,-6.0,CZE,23,atp_rankings_2026_01_19.csv
2026-01-19,208027,Alex Jones,1708,2,0.0,-6.0,USA,27,atp_rankings_2026_01_19.csv
2026-01-19,213367,Emiliano Jorquera,1708,2,0.0,-6.0,CAN,22,atp_rankings_2026_01_19.csv
2026-01-19,144896,Hao Sheng Koay,1708,2,0.0,-6.0,MAS,27,atp_rankings_2026_01_19.csv
2026-01-19,213815,Sergey Petrov,1708,2,0.0,-6.0,RUS,,atp_rankings_2026_01_19.csv
2026-01-19,213274,Eli Stephenson,1708,2,0.0,-6.0,USA,21,atp_rankings_2026_01_19.csv
2026-01-19,210711,Francisco Tomas Geschwind,1717,2,0.0,-6.0,ARG,22,atp_rankings_2026_01_19.csv
2026-01-19,213823,Federico Guarducci,1717,2,0.0,-6.0,ITA,21,atp_rankings_2026_01_19.csv
2026-01-19,202439,Sean Hodkin,1717,2,0.0,-6.0,GBR,27,atp_rankings_2026_01_19.csv
2026-01-19,212758,Jarrod Joyce,1717,2,0.0,-6.0,AUS,19,atp_rankings_2026_01_19.csv
2026-01-19,212669,Botond Kisantal,1717,2,0.0,-6.0,HUN,20,atp_rankings_2026_01_19.csv
2026-01-19,212851,Espen Lagarde,1717,2,0.0,-6.0,FRA,24,atp_rankings_2026_01_19.csv
2026-01-19,214231,Johan Oscar Lien,1717,2,0.0,-31.0,NOR,18,atp_rankings_2026_01_19.csv
2026-01-19,105747,Karim Mohamed Maamoun,1717,2,0.0,-6.0,EGY,34,atp_rankings_2026_01_19.csv
2026-01-19,213069,Gasper Matijasic,1717,2,0.0,-6.0,SLO,,atp_rankings_2026_01_19.csv
2026-01-19,116985,Petr Michnev,1717,2,0.0,-6.0,CZE,36,atp_rankings_2026_01_19.csv
2026-01-19,211587,Diogo Morais,1717,2,0.0,-6.0,POR,21,atp_rankings_2026_01_19.csv
2026-01-19,125843,Ren Nakamura,1717,2,0.0,-6.0,JPN,30,atp_rankings_2026_01_19.csv
2026-01-19,210081,Viacheslav Ovchinnikov,1717,2,0.0,-6.0,RUS,23,atp_rankings_2026_01_19.csv
2026-01-19,213964,Bengt Johan Reinhard,1717,2,0.0,-6.0,GER,18,atp_rankings_2026_01_19.csv
2026-01-19,213151,Flynn Thomas,1717,2,0.0,-6.0,SUI,,atp_rankings_2026_01_19.csv
2026-01-19,213873,Benjamin Perez,1732,2,0.0,-6.0,CHI,18,atp_rankings_2026_01_19.csv
2026-01-19,212854,Felipe Virgili Berini,1732,2,0.0,-6.0,ITA,20,atp_rankings_2026_01_19.csv
2026-01-19,124126,Sarp Agabigun,1734,2,0.0,-6.0,TUR,28,atp_rankings_2026_01_19.csv
2026-01-19,212462,Evan Burnett,1734,2,0.0,-6.0,USA,19,atp_rankings_2026_01_19.csv
2026-01-19,,Hugo Cardinaud,1734,2,0.0,-6.0,,,atp_rankings_2026_01_19.csv
2026-01-19,210403,Ivan Dreycopp,1734,2,0.0,-6.0,ARG,22,atp_rankings_2026_01_19.csv
2026-01-19,213767,Alexander Glomb,1734,2,0.0,-6.0,GER,,atp_rankings_2026_01_19.csv
2026-01-19,200662,Toru Horie,1734,2,0.0,-6.0,JPN,26,atp_rankings_2026_01_19.csv
2026-01-19,212150,Oskar Jansson,1734,2,0.0,-6.0,SWE,21,atp_rankings_2026_01_19.csv
2026-01-19,202155,Yeongseok Jeong,1734,2,0.0,-6.0,KOR,25,atp_rankings_2026_01_19.csv
2026-01-19,207256,Admir Kalender,1734,2,0.0,-6.0,CRO,25,atp_rankings_2026_01_19.csv
2026-01-19,210248,Jakub Kroslak,1734,2,0.0,-6.0,SVK,22,atp_rankings_2026_01_19.csv
2026-01-19,134113,Cing Yang Meng,1734,2,0.0,-6.0,TPE,27,atp_rankings_2026_01_19.csv
2026-01-19,210060,Aleksandar Mihailovic,1734,2,0.0,-6.0,SRB,23,atp_rankings_2026_01_19.csv
2026-01-19,212953,Ilija Palavestra,1734,2,0.0,-6.0,USA,,atp_rankings_2026_01_19.csv
2026-01-19,213980,Arnav Paparkar,1734,2,0.0,-6.0,IND,17,atp_rankings_2026_01_19.csv
2026-01-19,210287,Noah Regas Luis,1734,2,0.0,-6.0,ESP,21,atp_rankings_2026_01_19.csv
2026-01-19,210170,Noah Schlagenhauf,1734,2,0.0,-6.0,GER,23,atp_rankings_2026_01_19.csv
2026-01-19,213553,Dmytro Shirokyi,1734,2,0.0,-6.0,UKR,19,atp_rankings_2026_01_19.csv
2026-01-19,213588,Esteban Talavera Cortes,1734,2,0.0,-6.0,ESP,,atp_rankings_2026_01_19.csv
2026-01-19,200205,Valentin Vanta,1734,2,0.0,-6.0,ROU,28,atp_rankings_2026_01_19.csv
2026-01-19,209199,Ilias Zimmermann,1734,2,0.0,-6.0,SUI,,atp_rankings_2026_01_19.csv
2026-01-19,209238,Sebastian Dominguez,1754,2,0.0,-5.0,GUA,23,atp_rankings_2026_01_19.csv
2026-01-19,210291,Gabriel Evans,1754,2,0.0,-5.0,USA,29,atp_rankings_2026_01_19.csv
2026-01-19,214214,Daniel Jovanovski,1754,2,0.0,-5.0,AUS,17,atp_rankings_2026_01_19.csv
2026-01-19,212180,Shaoyun Liu,1754,2,0.0,-5.0,CHN,23,atp_rankings_2026_01_19.csv
2026-01-19,211471,Henrik Bladelius,1758,2,0.0,-5.0,SWE,21,atp_rankings_2026_01_19.csv
2026-01-19,210308,Stylianos Christodoulou,1758,2,0.0,-5.0,CYP,21,atp_rankings_2026_01_19.csv
2026-01-19,138104,Stefan Cooper,1758,2,0.0,-5.0,GBR,29,atp_rankings_2026_01_19.csv
2026-01-19,212876,Pedro Andre De Almeida Santos,1758,2,0.0,-5.0,BRA,21,atp_rankings_2026_01_19.csv
2026-01-19,210396,Dmitry Dolzhenkov,1758,2,0.0,-5.0,RUS,21,atp_rankings_2026_01_19.csv
2026-01-19,210729,Hamza El Amine,1758,2,0.0,-5.0,MAR,21,atp_rankings_2026_01_19.csv
2026-01-19,200419,Jonas Eriksson Ziverts,1758,2,0.0,-5.0,SWE,27,atp_rankings_2026_01_19.csv
2026-01-19,214139,Nicola Ion,1758,2,1.0,337.0,CAN,,atp_rankings_2026_01_19.csv
2026-01-19,213576,Matt Kleiman,1758,2,0.0,-5.0,USA,,atp_rankings_2026_01_19.csv
2026-01-19,206895,Alex Kobelt,1758,2,0.0,-5.0,USA,28,atp_rankings_2026_01_19.csv
2026-01-19,211701,Jules Leroux,1758,2,0.0,-30.0,FRA,20,atp_rankings_2026_01_19.csv
2026-01-19,212754,Norbert Marosik,1758,2,0.0,-5.0,SVK,21,atp_rankings_2026_01_19.csv
2026-01-19,132137,Tomislav Edward Papac,1758,2,0.0,-5.0,AUS,30,atp_rankings_2026_01_19.csv
2026-01-19,207972,Minjong Park,1758,2,0.0,-5.0,KOR,24,atp_rankings_2026_01_19.csv
2026-01-19,210114,Julien Penzlin,1758,2,0.0,-5.0,GER,23,atp_rankings_2026_01_19.csv
2026-01-19,213186,David Petrovic,1758,2,0.0,-5.0,GER,21,atp_rankings_2026_01_19.csv
2026-01-19,207958,Roman Postolka,1758,2,0.0,-5.0,CZE,26,atp_rankings_2026_01_19.csv
2026-01-19,206827,Alan Sau Franco,1758,2,0.0,-5.0,MEX,25,atp_rankings_2026_01_19.csv
2026-01-19,213135,Ruslan Serazhetdinov,1758,2,0.0,-5.0,RUS,20,atp_rankings_2026_01_19.csv
2026-01-19,209870,Gunawan Trismuwantara,1758,2,0.0,-5.0,INA,23,atp_rankings_2026_01_19.csv
2026-01-19,210704,Kian Vakili,1758,2,0.0,-5.0,USA,22,atp_rankings_2026_01_19.csv
2026-01-19,210666,Ha Minh Duc Vu,1758,2,0.0,-5.0,VIE,22,atp_rankings_2026_01_19.csv
2026-01-19,212459,Kai I Wang,1758,2,0.0,-5.0,TPE,21,atp_rankings_2026_01_19.csv
2026-01-19,214037,Jan Wygona,1758,2,0.0,-5.0,POL,,atp_rankings_2026_01_19.csv
2026-01-19,207370,Ryusuke Horiuchi,1782,2,0.0,-7.0,JPN,27,atp_rankings_2026_01_19.csv
2026-01-19,213930,Zangar Nurlanuly,1782,2,0.0,-7.0,KAZ,17,atp_rankings_2026_01_19.csv
2026-01-19,122649,Photos Photiades,1782,2,0.0,-7.0,CYP,22,atp_rankings_2026_01_19.csv
2026-01-19,208154,Laurin Aerne,1785,2,0.0,-7.0,SUI,27,atp_rankings_2026_01_19.csv
2026-01-19,210101,Simone Agostini,1785,2,0.0,-7.0,ITA,28,atp_rankings_2026_01_19.csv
2026-01-19,105029,Sergey Betov,1785,2,0.0,-7.0,BLR,38,atp_rankings_2026_01_19.csv
2026-01-19,212473,Miles Clark,1785,2,0.0,-7.0,USA,,atp_rankings_2026_01_19.csv
2026-01-19,213885,Nav Dayal,1785,2,0.0,-7.0,USA,,atp_rankings_2026_01_19.csv
2026-01-19,210454,Jesse De Jager,1785,2,0.0,-7.0,NED,23,atp_rankings_2026_01_19.csv
2026-01-19,212129,Mariano Dedura Palomero,1785,2,0.0,-7.0,GER,20,atp_rankings_2026_01_19.csv
2026-01-19,208197,Ammar Elamin,1785,2,0.0,-7.0,IRL,23,atp_rankings_2026_01_19.csv
2026-01-19,200187,Luc Fomba,1785,2,0.0,-7.0,FRA,26,atp_rankings_2026_01_19.csv
2026-01-19,210649,Giammarco Gandolfi,1785,2,0.0,-7.0,ITA,21,atp_rankings_2026_01_19.csv
2026-01-19,213298,Carl Holder,1785,2,0.0,-7.0,FRA,19,atp_rankings_2026_01_19.csv
2026-01-19,210598,Nicolas Hollender,1785,2,0.0,-7.0,ARG,24,atp_rankings_2026_01_19.csv
2026-01-19,212232,Yeonsu Jeong,1785,2,0.0,-7.0,KOR,,atp_rankings_2026_01_19.csv
2026-01-19,213185,Makar Krivoshchekov,1785,2,0.0,-7.0,RUS,20,atp_rankings_2026_01_19.csv
2026-01-19,211742,Daniel Lara Salmeron,1785,2,0.0,-7.0,ESP,24,atp_rankings_2026_01_19.csv
2026-01-19,212825,Cian Maguire,1785,2,0.0,-7.0,IRL,26,atp_rankings_2026_01_19.csv
2026-01-19,213979,Kunanan Pantaratorn,1785,2,0.0,-7.0,THA,17,atp_rankings_2026_01_19.csv
2026-01-19,144731,Kody Pearson,1785,2,0.0,-7.0,AUS,26,atp_rankings_2026_01_19.csv
2026-01-19,200479,Luke Simkiss,1785,2,0.0,-7.0,GBR,27,atp_rankings_2026_01_19.csv
2026-01-19,138467,Marvin Bernardo Becker Spiering,1785,2,0.0,-7.0,BRA,28,atp_rankings_2026_01_19.csv
2026-01-19,213532,Stefan Storch,1785,2,0.0,-7.0,AUS,,atp_rankings_2026_01_19.csv
2026-01-19,212498,Benoit Torcq,1785,2,1.0,356.0,BEL,20,atp_rankings_2026_01_19.csv
2026-01-19,202357,Bang Shuo Yin,1785,2,0.0,-7.0,TPE,26,atp_rankings_2026_01_19.csv
2026-01-19,209117,Marco Furlanetto,1808,2,0.0,-6.0,ITA,24,atp_rankings_2026_01_19.csv
2026-01-19,209035,Mikel Martinez,1808,2,0.0,-6.0,ESP,25,atp_rankings_2026_01_19.csv
2026-01-19,212883,Andres Delgadillo,1810,2,0.0,-6.0,MEX,,atp_rankings_2026_01_19.csv
2026-01-19,212711,Daniel Jade,1810,2,0.0,-6.0,FRA,16,atp_rankings_2026_01_19.csv
2026-01-19,,Alvaro Jimenez,1810,2,0.0,-6.0,,,atp_rankings_2026_01_19.csv
2026-01-19,212932,Noah Karma,1810,2,0.0,-6.0,SUI,,atp_rankings_2026_01_19.csv
2026-01-19,214111,Tomas Jordi Leston,1810,2,0.0,-6.0,ARG,,atp_rankings_2026_01_19.csv
2026-01-19,200455,Aliaksandr Liaonenka,1810,2,0.0,-6.0,BLR,26,atp_rankings_2026_01_19.csv
2026-01-19,213810,Alex Santino Nunez Vera,1810,2,0.0,-6.0,PAR,18,atp_rankings_2026_01_19.csv
2026-01-19,202363,Fabien Salle,1810,2,0.0,-6.0,FRA,26,atp_rankings_2026_01_19.csv
2026-01-19,213716,Yoshka Sborowsky,1810,2,0.0,-6.0,FRA,,atp_rankings_2026_01_19.csv
2026-01-19,210331,Alessandro Spadola,1810,2,0.0,-6.0,ITA,22,atp_rankings_2026_01_19.csv
2026-01-19,212294,Matei Todoran,1810,2,0.0,-32.0,ROU,,atp_rankings_2026_01_19.csv
2026-01-19,208542,Linghao Zhang,1810,2,0.0,-6.0,CHN,22,atp_rankings_2026_01_19.csv
2026-01-19,212089,Kane Bonsach Ganley,1822,2,0.0,-7.0,DEN,21,atp_rankings_2026_01_19.csv
2026-01-19,212632,Peter Alam,1823,2,0.0,-6.0,GBR,23,atp_rankings_2026_01_19.csv
2026-01-19,200622,Hernando Jose Escurra Isnardi,1823,2,0.0,-6.0,PAR,28,atp_rankings_2026_01_19.csv
2026-01-19,210092,Filiberto Fumagalli,1823,2,0.0,-6.0,ITA,23,atp_rankings_2026_01_19.csv
2026-01-19,207367,Bora Sengul,1823,2,0.0,-6.0,TUR,24,atp_rankings_2026_01_19.csv
2026-01-19,212289,Tom Sickenberger,1823,2,0.0,-6.0,GER,,atp_rankings_2026_01_19.csv
2026-01-19,208504,Daiki Yoshimura,1823,2,0.0,-6.0,JPN,23,atp_rankings_2026_01_19.csv
2026-01-19,209267,Vesa Ahti,1829,2,0.0,-6.0,FIN,26,atp_rankings_2026_01_19.csv
2026-01-19,212724,Anas Bennour Dit Sahli,1829,2,0.0,-6.0,TUN,19,atp_rankings_2026_01_19.csv
2026-01-19,123847,Bogdan Bobrov,1829,2,0.0,-6.0,RUS,28,atp_rankings_2026_01_19.csv
2026-01-19,213049,Mateya Stanisavljevic,1829,2,0.0,-6.0,SRB,19,atp_rankings_2026_01_19.csv
2026-01-19,210315,Pietro Pampanin,1833,2,0.0,-6.0,ITA,23,atp_rankings_2026_01_19.csv
2026-01-19,212923,Hugo Ouzilou,1834,2,0.0,-6.0,SUI,22,atp_rankings_2026_01_19.csv
2026-01-19,210103,Luca Parenti,1834,2,0.0,-6.0,ITA,22,atp_rankings_2026_01_19.csv
2026-01-19,,Ignasi Forcano Aparicio,1836,2,0.0,-4.0,,,atp_rankings_2026_01_19.csv
2026-01-19,202323,Arjun Mehrotra,1836,2,0.0,-4.0,AUS,28,atp_rankings_2026_01_19.csv
2026-01-19,211601,Alvaro Peiro Serrano,1836,2,0.0,-4.0,ESP,21,atp_rankings_2026_01_19.csv
2026-01-19,213494,Bogdan Seleznev,1836,2,0.0,-8.0,RUS,23,atp_rankings_2026_01_19.csv
2026-01-19,210032,Pierre Antoine Tailleu,1836,2,0.0,-4.0,FRA,22,atp_rankings_2026_01_19.csv
2026-01-19,206905,Louis Herman,1841,2,0.0,-10.0,BEL,24,atp_rankings_2026_01_19.csv
2026-01-19,213800,Ty Host,1842,2,1.0,381.0,AUS,18,atp_rankings_2026_01_19.csv
2026-01-19,200045,Anthony Susanto,1842,2,0.0,-5.0,INA,28,atp_rankings_2026_01_19.csv
2026-01-19,212260,Rocco Valente,1842,2,0.0,-5.0,ARG,21,atp_rankings_2026_01_19.csv
2026-01-19,202314,Parth Aggarwal,1845,2,0.0,-4.0,IND,28,atp_rankings_2026_01_19.csv
2026-01-19,208780,Kaya Arinc,1845,2,0.0,-6.0,TUR,26,atp_rankings_2026_01_19.csv
2026-01-19,207934,Philip Hjorth,1845,2,0.0,-4.0,DEN,26,atp_rankings_2026_01_19.csv
2026-01-19,207463,Sheng Tang,1848,2,0.0,-5.0,CHN,25,atp_rankings_2026_01_19.csv
2026-01-19,126732,Eric Ahren Moonga,1849,1,0.0,-5.0,SWE,30,atp_rankings_2026_01_19.csv
2026-01-19,213849,Artur Aiukhanov,1849,1,0.0,-5.0,RUS,19,atp_rankings_2026_01_19.csv
2026-01-19,105618,Juan Samuel Arauzo Martinez,1849,1,0.0,-5.0,ESP,35,atp_rankings_2026_01_19.csv
2026-01-19,106262,Boris Arias,1849,1,0.0,-5.0,BOL,32,atp_rankings_2026_01_19.csv
2026-01-19,214211,Arian Barbic,1849,1,0.0,-5.0,GER,17,atp_rankings_2026_01_19.csv
2026-01-19,211458,Nathan Anthony Barki,1849,1,0.0,-5.0,INA,21,atp_rankings_2026_01_19.csv
2026-01-19,214283,Juan Ignacio Barraza,1849,1,0.0,-5.0,ARG,24,atp_rankings_2026_01_19.csv
2026-01-19,213966,Jerry Barton,1849,1,0.0,-5.0,USA,22,atp_rankings_2026_01_19.csv
2026-01-19,214138,Bastian Berenz,1849,1,0.0,-5.0,AUT,,atp_rankings_2026_01_19.csv
2026-01-19,213739,Mika Berghaus,1849,1,0.0,-5.0,GER,,atp_rankings_2026_01_19.csv
2026-01-19,212712,Alexis Berquier,1849,1,0.0,-5.0,FRA,,atp_rankings_2026_01_19.csv
2026-01-19,209093,Juliusz Bienkiewicz,1849,1,0.0,-5.0,POL,,atp_rankings_2026_01_19.csv
2026-01-19,210211,Omar Brigida,1849,1,0.0,-5.0,ITA,26,atp_rankings_2026_01_19.csv
2026-01-19,213942,Tighe Brunetti,1849,1,0.0,-5.0,USA,22,atp_rankings_2026_01_19.csv
2026-01-19,211453,Miguel Angel Cabrera,1849,1,0.0,-5.0,CHI,25,atp_rankings_2026_01_19.csv
2026-01-19,214301,Matthew Carroll,1849,1,0.0,-5.0,GBR,,atp_rankings_2026_01_19.csv
2026-01-19,212517,Marcos Castro Fabra,1849,1,0.0,-5.0,ESP,18,atp_rankings_2026_01_19.csv
2026-01-19,213115,Elijah Cham,1849,1,0.0,-5.0,AUS,,atp_rankings_2026_01_19.csv
2026-01-19,214377,Tito Chavez,1849,1,,,ESP,17,atp_rankings_2026_01_19.csv
2026-01-19,208672,Jose Luis Claro,1849,1,0.0,-5.0,PER,22,atp_rankings_2026_01_19.csv
2026-01-19,211730,Sandesh Dattatray Kurale,1849,1,0.0,-5.0,IND,,atp_rankings_2026_01_19.csv
2026-01-19,106352,Matias Franco Descotte,1849,1,0.0,-5.0,ARG,31,atp_rankings_2026_01_19.csv
2026-01-19,214218,Malanqi Du,1849,1,0.0,-5.0,CHN,23,atp_rankings_2026_01_19.csv
2026-01-19,214308,Tomas Dummer Macedo,1849,1,0.0,-5.0,BRA,17,atp_rankings_2026_01_19.csv
2026-01-19,211685,Birtan Duran,1849,1,0.0,-5.0,TUR,21,atp_rankings_2026_01_19.csv
2026-01-19,214353,Gian Durrer,1849,1,0.0,-5.0,SUI,21,atp_rankings_2026_01_19.csv
2026-01-19,212072,Samyar Elyasi,1849,1,0.0,-5.0,IRI,21,atp_rankings_2026_01_19.csv
2026-01-19,213671,Roberto Ferrer Guimaraes,1849,1,0.0,-5.0,USA,,atp_rankings_2026_01_19.csv
2026-01-19,213904,Xavier Ferrer Mateo,1849,1,0.0,-5.0,ESP,19,atp_rankings_2026_01_19.csv
2026-01-19,214248,Oriol Font,1849,1,0.0,-5.0,ESP,20,atp_rankings_2026_01_19.csv
2026-01-19,214017,Jon Gamble,1849,1,0.0,-5.0,USA,,atp_rankings_2026_01_19.csv
2026-01-19,214312,Rafael Augusto Garcia Finetto,1849,1,0.0,-5.0,BRA,17,atp_rankings_2026_01_19.csv
2026-01-19,214310,Pietro Gava,1849,1,0.0,-5.0,BRA,16,atp_rankings_2026_01_19.csv
2026-01-19,206625,Daniil Golubev,1849,1,0.0,-5.0,RUS,24,atp_rankings_2026_01_19.csv
2026-01-19,213868,Maxim Groysman,1849,1,0.0,-5.0,USA,,atp_rankings_2026_01_19.csv
2026-01-19,214364,Alexander Gschiel,1849,1,0.0,-5.0,AUT,18,atp_rankings_2026_01_19.csv
2026-01-19,213028,Kornel Halmos,1849,1,0.0,-5.0,HUN,19,atp_rankings_2026_01_19.csv
2026-01-19,213142,Bryan Hernandez Cortes,1849,1,0.0,-5.0,ESP,19,atp_rankings_2026_01_19.csv
2026-01-19,205905,Sergio Ingles Garre,1849,1,0.0,-5.0,ESP,26,atp_rankings_2026_01_19.csv
2026-01-19,208878,Ryder Jackson,1849,1,0.0,-5.0,USA,20,atp_rankings_2026_01_19.csv
2026-01-19,127195,Hamza Karmoussi,1849,1,0.0,-5.0,MAR,,atp_rankings_2026_01_19.csv
2026-01-19,211608,Nicolas Kobelt,1849,1,0.0,-5.0,SUI,21,atp_rankings_2026_01_19.csv
2026-01-19,212521,Thomas Kostka,1849,1,0.0,-5.0,FRA,22,atp_rankings_2026_01_19.csv
2026-01-19,210159,Tomas Lanik,1849,1,0.0,-5.0,SVK,23,atp_rankings_2026_01_19.csv
2026-01-19,214265,Jordan Lee,1849,1,0.0,-5.0,USA,15,atp_rankings_2026_01_19.csv
2026-01-19,214333,Woong Bi Lee,1849,1,0.0,-5.0,KOR,20,atp_rankings_2026_01_19.csv
2026-01-19,214233,Woong Chan Lee,1849,1,0.0,-5.0,KOR,17,atp_rankings_2026_01_19.csv
2026-01-19,210548,Tim Loosen,1849,1,0.0,-5.0,GER,24,atp_rankings_2026_01_19.csv
2026-01-19,214294,Augusto Mateo Lucarelli,1849,1,0.0,-5.0,ARG,19,atp_rankings_2026_01_19.csv
2026-01-19,148678,Cyrus Mahjoob,1849,1,0.0,-5.0,USA,20,atp_rankings_2026_01_19.csv
2026-01-19,214251,Noah Martens,1849,1,0.0,-5.0,BEL,23,atp_rankings_2026_01_19.csv
2026-01-19,214099,Kaspar Mathes,1849,1,0.0,-5.0,GER,,atp_rankings_2026_01_19.csv
2026-01-19,144988,Joel Meda,1849,1,0.0,-5.0,CIV,30,atp_rankings_2026_01_19.csv
2026-01-19,212707,Moein Moazam,1849,1,0.0,-5.0,IRI,23,atp_rankings_2026_01_19.csv
2026-01-19,214355,Eyad Reda Ezzat Mohamed Sherif,1849,1,0.0,-5.0,EGY,18,atp_rankings_2026_01_19.csv
2026-01-19,204737,Alejandro Moreno,1849,1,0.0,-5.0,MEX,35,atp_rankings_2026_01_19.csv
2026-01-19,214306,Juan Francisco Munoz,1849,1,0.0,-5.0,MEX,18,atp_rankings_2026_01_19.csv
2026-01-19,149283,Freddy Murray,1849,1,0.0,-5.0,IRL,22,atp_rankings_2026_01_19.csv
2026-01-19,208718,Mason Naumovski,1849,1,0.0,-5.0,AUS,24,atp_rankings_2026_01_19.csv
2026-01-19,214373,Pierre Ngijol Carre,1849,1,0.0,-5.0,FRA,,atp_rankings_2026_01_19.csv
2026-01-19,214100,Niklas Niggemann,1849,1,0.0,-5.0,GER,23,atp_rankings_2026_01_19.csv
2026-01-19,212909,Dingzheng Nima,1849,1,0.0,-5.0,CHN,21,atp_rankings_2026_01_19.csv
2026-01-19,213934,Ricard Novell,1849,1,0.0,-5.0,ESP,,atp_rankings_2026_01_19.csv
2026-01-19,210133,Valdemar Frederik Pape,1849,1,0.0,-5.0,DEN,22,atp_rankings_2026_01_19.csv
2026-01-19,123896,Matija Pecotic,1849,1,0.0,-5.0,CRO,36,atp_rankings_2026_01_19.csv
2026-01-19,214254,Roberto Perez Socas,1849,1,0.0,-5.0,ESP,17,atp_rankings_2026_01_19.csv
2026-01-19,210361,Felipe Pinzon Moreno,1849,1,0.0,-5.0,USA,21,atp_rankings_2026_01_19.csv
2026-01-19,214160,Henry Ren,1849,1,0.0,-5.0,CAN,21,atp_rankings_2026_01_19.csv
2026-01-19,213302,Rodrigo Reyna,1849,1,0.0,-5.0,MEX,27,atp_rankings_2026_01_19.csv
2026-01-19,211603,Freddie Ridout,1849,1,0.0,-5.0,GBR,,atp_rankings_2026_01_19.csv
2026-01-19,209880,Carl Roothman,1849,1,0.0,-5.0,RSA,22,atp_rankings_2026_01_19.csv
2026-01-19,213837,Agassi Rusher,1849,1,0.0,-5.0,USA,,atp_rankings_2026_01_19.csv
2026-01-19,134423,Leevi Saatela,1849,1,0.0,-5.0,FIN,30,atp_rankings_2026_01_19.csv
2026-01-19,105816,Batyr Sapaev,1849,1,0.0,-5.0,UZB,34,atp_rankings_2026_01_19.csv
2026-01-19,214024,Djordje Sapic,1849,1,0.0,-5.0,SRB,,atp_rankings_2026_01_19.csv
2026-01-19,214271,Mauricio Schtulmann Gasca,1849,1,0.0,-5.0,MEX,17,atp_rankings_2026_01_19.csv
2026-01-19,209948,Jan Sebesta,1849,1,0.0,-5.0,SUI,22,atp_rankings_2026_01_19.csv
2026-01-19,213761,Jack Secord,1849,1,0.0,-5.0,USA,,atp_rankings_2026_01_19.csv
2026-01-19,214372,Rajat Shirur,1849,1,0.0,-5.0,USA,18,atp_rankings_2026_01_19.csv
2026-01-19,213751,Hayden Shoemake,1849,1,0.0,-5.0,USA,,atp_rankings_2026_01_19.csv
2026-01-19,213999,Leon Sloboda,1849,1,0.0,-5.0,SVK,,atp_rankings_2026_01_19.csv
2026-01-19,213723,Stephen Slocombe,1849,1,0.0,-5.0,BAR,22,atp_rankings_2026_01_19.csv
2026-01-19,210162,Harry Thursfield,1849,1,0.0,-5.0,GBR,25,atp_rankings_2026_01_19.csv
2026-01-19,208329,Maximilian Todorov,1849,1,0.0,-5.0,GER,26,atp_rankings_2026_01_19.csv
2026-01-19,214045,Ryan Torres,1849,1,0.0,-5.0,PHI,,atp_rankings_2026_01_19.csv
2026-01-19,207586,Justas Trainauskas,1849,1,0.0,-5.0,LTU,23,atp_rankings_2026_01_19.csv
2026-01-19,214077,Vaal Urankar,1849,1,0.0,-5.0,SLO,20,atp_rankings_2026_01_19.csv
2026-01-19,210356,Andres Urquiola Montellano,1849,1,0.0,-5.0,BOL,21,atp_rankings_2026_01_19.csv
2026-01-19,209204,Iiro Vasa,1849,1,0.0,-5.0,FIN,23,atp_rankings_2026_01_19.csv
2026-01-19,125804,Brandon Walkin,1849,1,0.0,-5.0,GBR,31,atp_rankings_2026_01_19.csv
2026-01-19,214307,Ids Waterbolk,1849,1,0.0,-5.0,NED,24,atp_rankings_2026_01_19.csv
2026-01-19,210448,Phoenix Weir,1849,1,0.0,-5.0,GBR,20,atp_rankings_2026_01_19.csv
2026-01-19,213937,Dawid Wisniewski,1849,1,0.0,-5.0,POL,,atp_rankings_2026_01_19.csv
2026-01-19,127894,Yusuke Yoshikawa,1849,1,0.0,-5.0,JPN,31,atp_rankings_2026_01_19.csv
2026-01-19,214132,William Zhang,1849,1,0.0,-5.0,USA,,atp_rankings_2026_01_19.csv
2026-01-19,214010,Shixun Zhu,1849,1,0.0,-5.0,CHN,,atp_rankings_2026_01_19.csv
2026-01-19,214280,Fantino Alberca,1945,1,0.0,-5.0,ARG,20,atp_rankings_2026_01_19.csv
2026-01-19,212493,Ramiro Amarilla,1945,1,0.0,-5.0,ARG,24,atp_rankings_2026_01_19.csv
2026-01-19,144727,Joao Antonio,1945,1,0.0,-5.0,POR,26,atp_rankings_2026_01_19.csv
2026-01-19,149100,Romeo Arcuschin,1945,1,0.0,-5.0,ARG,,atp_rankings_2026_01_19.csv
2026-01-19,214008,David Asenov,1945,1,0.0,-5.0,CAN,,atp_rankings_2026_01_19.csv
2026-01-19,213950,Nicolas Baena,1945,1,0.0,-5.0,PER,17,atp_rankings_2026_01_19.csv
2026-01-19,214232,Lorenzo Balducci,1945,1,0.0,-5.0,ITA,18,atp_rankings_2026_01_19.csv
2026-01-19,212796,Tristan Berard,1945,1,0.0,-5.0,FRA,,atp_rankings_2026_01_19.csv
2026-01-19,212601,Luka Bojicic Ono,1945,1,0.0,-5.0,BRA,20,atp_rankings_2026_01_19.csv
2026-01-19,213663,Maximilian Borisov,1945,1,0.0,-5.0,BUL,,atp_rankings_2026_01_19.csv
2026-01-19,210440,Federico Bove,1945,1,0.0,-5.0,ITA,27,atp_rankings_2026_01_19.csv
2026-01-19,212668,Tyler Bowers,1945,1,0.0,-5.0,USA,23,atp_rankings_2026_01_19.csv
2026-01-19,212863,Benjamin Chelia,1945,1,0.0,-5.0,ARG,17,atp_rankings_2026_01_19.csv
2026-01-19,214154,Enrique Collar,1945,1,0.0,-5.0,ESP,18,atp_rankings_2026_01_19.csv
2026-01-19,214241,Sasha Colleu,1945,1,0.0,-5.0,FRA,,atp_rankings_2026_01_19.csv
2026-01-19,214165,Joao Pedro Didoni Bonini,1945,1,0.0,-5.0,BRA,18,atp_rankings_2026_01_19.csv
2026-01-19,202153,Sid Donarski,1945,1,0.0,-5.0,CAN,28,atp_rankings_2026_01_19.csv
2026-01-19,211402,Mikhail Dubrouski,1945,1,0.0,-5.0,BLR,,atp_rankings_2026_01_19.csv
2026-01-19,210260,Gabriel Elicha Navas,1945,1,0.0,-5.0,ESP,22,atp_rankings_2026_01_19.csv
2026-01-19,210215,Lorenzo Esquici,1945,1,0.0,-5.0,BRA,22,atp_rankings_2026_01_19.csv
2026-01-19,214131,Edward Etty,1945,1,0.0,-5.0,NED,24,atp_rankings_2026_01_19.csv
2026-01-19,214133,Wen Bo Fan,1945,1,0.0,-5.0,CHN,18,atp_rankings_2026_01_19.csv
2026-01-19,212720,Juan Carlos Fuentes Vasquez,1945,1,0.0,-5.0,ESA,20,atp_rankings_2026_01_19.csv
2026-01-19,211353,Thomas Nicholas Gadecki,1945,1,0.0,-5.0,AUS,19,atp_rankings_2026_01_19.csv
2026-01-19,212996,Iker Gaztambide Arrastia,1945,1,0.0,-5.0,ESP,21,atp_rankings_2026_01_19.csv
2026-01-19,209962,Mikhail Gorokhov,1945,1,0.0,-5.0,RUS,21,atp_rankings_2026_01_19.csv
2026-01-19,210478,Sebastian Gorzny,1945,1,0.0,-5.0,USA,21,atp_rankings_2026_01_19.csv
2026-01-19,211634,Tobia Grandinetti,1945,1,0.0,-5.0,ARG,21,atp_rankings_2026_01_19.csv
2026-01-19,212927,Spencer Gray,1945,1,0.0,-5.0,USA,24,atp_rankings_2026_01_19.csv
2026-01-19,214124,Matteo Gribaldo,1945,1,0.0,-5.0,ITA,,atp_rankings_2026_01_19.csv
2026-01-19,214202,Gus Grumet,1945,1,0.0,-5.0,USA,18,atp_rankings_2026_01_19.csv
2026-01-19,214083,Thomas Gunzinger,1945,1,0.0,-5.0,SUI,,atp_rankings_2026_01_19.csv
2026-01-19,213680,Javier Guzman,1945,1,0.0,-5.0,CHL,,atp_rankings_2026_01_19.csv
2026-01-19,103665,Ryan Haviland,1945,1,0.0,-5.0,USA,45,atp_rankings_2026_01_19.csv
2026-01-19,210151,Mark Havlicek,1945,1,0.0,-5.0,CZE,22,atp_rankings_2026_01_19.csv
2026-01-19,213917,Yuya Hirose,1945,1,0.0,-5.0,JPN,,atp_rankings_2026_01_19.csv
2026-01-19,214263,Matic Hribar,1945,1,0.0,-5.0,SLO,18,atp_rankings_2026_01_19.csv
2026-01-19,214078,Leonardo Iemmi,1945,1,0.0,-5.0,ITA,20,atp_rankings_2026_01_19.csv
2026-01-19,213959,Ilya Ignatov,1945,1,0.0,-5.0,UZB,20,atp_rankings_2026_01_19.csv
2026-01-19,212990,Alejandro Jacome Jaramillo,1945,1,0.0,-5.0,ECU,,atp_rankings_2026_01_19.csv
2026-01-19,211472,Oliver Johansson,1945,1,,,SWE,,atp_rankings_2026_01_19.csv
2026-01-19,214011,Kaigaoge Kang,1945,1,0.0,-5.0,CHN,,atp_rankings_2026_01_19.csv
2026-01-19,210112,Veljko Krstic,1945,1,0.0,-5.0,SRB,22,atp_rankings_2026_01_19.csv
2026-01-19,214216,Anes Latifovic,1945,1,0.0,-5.0,GER,20,atp_rankings_2026_01_19.csv
2026-01-19,214213,Rhys Lawlor,1945,1,0.0,-5.0,GBR,16,atp_rankings_2026_01_19.csv
2026-01-19,208848,Mikolaj Lorens,1945,1,0.0,-5.0,POL,23,atp_rankings_2026_01_19.csv
2026-01-19,213931,Jun Hao Luo,1945,1,0.0,-5.0,CHN,18,atp_rankings_2026_01_19.csv
2026-01-19,209328,Martin Maldonado,1945,1,0.0,-5.0,ECU,,atp_rankings_2026_01_19.csv
2026-01-19,213971,Tomas Marin,1945,1,0.0,-5.0,COL,,atp_rankings_2026_01_19.csv
2026-01-19,214367,Marco Migliorati,1945,1,0.0,-5.0,ITA,22,atp_rankings_2026_01_19.csv
2026-01-19,212278,Milos Mikovic,1945,1,0.0,-5.0,SRB,20,atp_rankings_2026_01_19.csv
2026-01-19,213005,Ali Missoum,1945,1,0.0,-5.0,MAR,17,atp_rankings_2026_01_19.csv
2026-01-19,149157,Luis Jose Nakamine,1945,1,0.0,-5.0,PER,19,atp_rankings_2026_01_19.csv
2026-01-19,211545,Seiya Nakanishi,1945,1,0.0,-5.0,JPN,29,atp_rankings_2026_01_19.csv
2026-01-19,213793,Andy Nguyen,1945,1,0.0,-5.0,USA,21,atp_rankings_2026_01_19.csv
2026-01-19,211489,Maximilian Oezcelik,1945,1,0.0,-5.0,GER,,atp_rankings_2026_01_19.csv
2026-01-19,214600,Alexander Ikenna Okonkwo,1945,1,0.0,-5.0,GBR,20,atp_rankings_2026_01_19.csv
2026-01-19,214172,Mattias Pisanu,1945,1,0.0,-5.0,ITA,18,atp_rankings_2026_01_19.csv
2026-01-19,209865,Peter Benjamin Privara,1945,1,0.0,-5.0,SVK,21,atp_rankings_2026_01_19.csv
2026-01-19,211592,Tadija Radovanovic,1945,1,0.0,-5.0,SRB,25,atp_rankings_2026_01_19.csv
2026-01-19,211604,Yannik Rahman,1945,1,0.0,-5.0,USA,,atp_rankings_2026_01_19.csv
2026-01-19,,Philippe Renard,1945,1,0.0,-5.0,,,atp_rankings_2026_01_19.csv
2026-01-19,,Pablo Robledo,1945,1,0.0,-5.0,,,atp_rankings_2026_01_19.csv
2026-01-19,214261,Lautaro Rocha,1945,1,0.0,-5.0,ARG,18,atp_rankings_2026_01_19.csv
2026-01-19,200012,Tim Ruehl,1945,1,0.0,-5.0,GER,27,atp_rankings_2026_01_19.csv
2026-01-19,214087,Jan Sadzik,1945,1,0.0,-5.0,POL,17,atp_rankings_2026_01_19.csv
2026-01-19,213651,Agustin Salazar Salazar,1945,1,0.0,-5.0,MEX,21,atp_rankings_2026_01_19.csv
2026-01-19,208418,Jonas Schaer,1945,1,0.0,-5.0,SUI,25,atp_rankings_2026_01_19.csv
2026-01-19,210467,Rafael Segado Esteve,1945,1,0.0,-5.0,ESP,19,atp_rankings_2026_01_19.csv
2026-01-19,214328,Andre Souza,1945,1,0.0,-5.0,BRA,23,atp_rankings_2026_01_19.csv
2026-01-19,214031,Nicholas Steiglehner,1945,1,0.0,-5.0,USA,21,atp_rankings_2026_01_19.csv
2026-01-19,211607,Filip Stidell,1945,1,0.0,-5.0,SWE,20,atp_rankings_2026_01_19.csv
2026-01-19,208301,Gustaf Strom,1945,1,0.0,-5.0,SWE,24,atp_rankings_2026_01_19.csv
2026-01-19,214290,Leonardo Suarez,1945,1,0.0,-5.0,BOL,17,atp_rankings_2026_01_19.csv
2026-01-19,211703,Sarthak Suden,1945,1,0.0,-5.0,IND,,atp_rankings_2026_01_19.csv
2026-01-19,213981,Elias Sumann,1945,1,0.0,-5.0,AUT,20,atp_rankings_2026_01_19.csv
2026-01-19,210702,Jinpeng Tang,1945,1,0.0,-5.0,CHN,19,atp_rankings_2026_01_19.csv
2026-01-19,214068,Daniel Tazabekov,1945,1,0.0,-5.0,KAZ,18,atp_rankings_2026_01_19.csv
2026-01-19,214142,Kai Thompson,1945,1,0.0,-5.0,HKG,,atp_rankings_2026_01_19.csv
2026-01-19,213020,Aadarsh Tripathi,1945,1,0.0,-5.0,USA,22,atp_rankings_2026_01_19.csv
2026-01-19,212705,Nathan Trouve,1945,1,0.0,-5.0,FRA,20,atp_rankings_2026_01_19.csv
2026-01-19,213869,Abdulaziz Usmonjonov,1945,1,0.0,-5.0,UZB,,atp_rankings_2026_01_19.csv
2026-01-19,210206,Jip Van Assendelft,1945,1,0.0,-5.0,NED,23,atp_rankings_2026_01_19.csv
2026-01-19,213746,Felipe Vazquez,1945,1,0.0,-5.0,URU,17,atp_rankings_2026_01_19.csv
2026-01-19,212869,Franco Ariel Vazquez,1945,1,0.0,-5.0,ARG,,atp_rankings_2026_01_19.csv
2026-01-19,212099,Benjamin Vitter,1945,1,0.0,-5.0,FRA,23,atp_rankings_2026_01_19.csv
2026-01-19,209922,Max Westphal,1945,1,0.0,-5.0,FRA,22,atp_rankings_2026_01_19.csv
2026-01-19,211563,Aaron James Williams,1945,1,0.0,-5.0,GER,22,atp_rankings_2026_01_19.csv
2026-01-19,214358,Finn Willman,1945,1,0.0,-5.0,NZL,18,atp_rankings_2026_01_19.csv
2026-01-19,212102,Maximus Zavier Wong,1945,1,0.0,-5.0,SIN,,atp_rankings_2026_01_19.csv
2026-01-19,214110,Kai An Wu,1945,1,0.0,-5.0,TPE,19,atp_rankings_2026_01_19.csv
2026-01-19,126715,Fernando Yamacita,1945,1,0.0,-5.0,BRA,28,atp_rankings_2026_01_19.csv
2026-01-19,213895,Arturs Zagars,1945,1,0.0,-5.0,LAT,,atp_rankings_2026_01_19.csv
2026-01-19,211698,Gonzalo Zeitune,1945,1,0.0,-5.0,ARG,20,atp_rankings_2026_01_19.csv
2026-01-19,213845,Carlos Zerega,1945,1,0.0,-5.0,MEX,30,atp_rankings_2026_01_19.csv
2026-01-19,208076,Danielle Abadia,2040,1,0.0,-3.0,SGP,24,atp_rankings_2026_01_19.csv
2026-01-19,213193,Damir Abdusamadov,2040,1,0.0,-3.0,UZB,19,atp_rankings_2026_01_19.csv
2026-01-19,210662,Marco Alvarez,2040,1,0.0,-3.0,USA,25,atp_rankings_2026_01_19.csv
2026-01-19,214198,Daniel Aleksandar Amarandei,2040,1,0.0,-3.0,ITA,18,atp_rankings_2026_01_19.csv
2026-01-19,106339,Felipe Assuncao Garla,2040,1,0.0,-3.0,BRA,31,atp_rankings_2026_01_19.csv
2026-01-19,212123,Sergio Badini,2040,1,0.0,-3.0,ITA,21,atp_rankings_2026_01_19.csv
2026-01-19,214055,Flavio Bocci,2040,1,0.0,-3.0,ITA,,atp_rankings_2026_01_19.csv
2026-01-19,109732,Enrique Bogo,2040,1,0.0,-3.0,BRA,30,atp_rankings_2026_01_19.csv
2026-01-19,213051,Thanaphat Boosarawongse,2040,1,0.0,-3.0,THA,19,atp_rankings_2026_01_19.csv
2026-01-19,132456,Vasilios Caripi,2040,1,0.0,-3.0,RSA,34,atp_rankings_2026_01_19.csv
2026-01-19,202378,Ignacio Carou,2040,1,0.0,-3.0,URU,26,atp_rankings_2026_01_19.csv
2026-01-19,149161,David Cristian Carteputreda,2040,1,0.0,-3.0,ROU,18,atp_rankings_2026_01_19.csv
2026-01-19,213711,Dario Alexandru Ciobotaru,2040,1,0.0,-3.0,ROU,,atp_rankings_2026_01_19.csv
2026-01-19,206758,Antoine Cornut Chauvinc,2040,1,0.0,-3.0,FRA,25,atp_rankings_2026_01_19.csv
2026-01-19,212739,Lautaro Correa Beguerie,2040,1,0.0,-3.0,ARG,20,atp_rankings_2026_01_19.csv
2026-01-19,212929,Nikola Djukic Valera,2040,1,0.0,-3.0,ESP,,atp_rankings_2026_01_19.csv
2026-01-19,213961,Tarek Erlewein,2040,1,0.0,-3.0,GER,22,atp_rankings_2026_01_19.csv
2026-01-19,213023,Filippo Francesco Garbero,2040,1,0.0,-3.0,ITA,,atp_rankings_2026_01_19.csv
2026-01-19,213628,Volodymyr Gurenko,2040,1,0.0,-3.0,CAN,,atp_rankings_2026_01_19.csv
2026-01-19,213074,Hugo Hashimoto,2040,1,0.0,-3.0,USA,22,atp_rankings_2026_01_19.csv
2026-01-19,213949,Julius Maximilian Haus,2040,1,0.0,-3.0,GER,18,atp_rankings_2026_01_19.csv
2026-01-19,206716,Lukas Hellum Lilleengen,2040,1,0.0,-3.0,NOR,25,atp_rankings_2026_01_19.csv
2026-01-19,210388,Kaeri Hernandez Mariona,2040,1,0.0,-3.0,GUA,22,atp_rankings_2026_01_19.csv
2026-01-19,213168,Patrick Jozwicki,2040,1,0.0,-3.0,AUT,,atp_rankings_2026_01_19.csv
2026-01-19,213199,Dorian Juszczak,2040,1,0.0,-3.0,POL,20,atp_rankings_2026_01_19.csv
2026-01-19,213935,Daniil Kakhniuk,2040,1,0.0,-100.0,BLR,,atp_rankings_2026_01_19.csv
2026-01-19,213780,Alexander Krylov,2040,1,0.0,-3.0,RUS,22,atp_rankings_2026_01_19.csv
2026-01-19,214082,Justin Lenders,2040,1,0.0,-3.0,SUI,,atp_rankings_2026_01_19.csv
2026-01-19,213565,Isaac Lhomond,2040,1,0.0,-3.0,FRA,,atp_rankings_2026_01_19.csv
2026-01-19,211358,Adam Majchrzak,2040,1,0.0,-3.0,POL,20,atp_rankings_2026_01_19.csv
2026-01-19,213850,Aron Janos Major,2040,1,0.0,-3.0,HUN,,atp_rankings_2026_01_19.csv
2026-01-19,211699,Franco Marini,2040,1,0.0,-3.0,ARG,,atp_rankings_2026_01_19.csv
2026-01-19,212188,Benjamin Martin,2040,1,0.0,-3.0,FRA,20,atp_rankings_2026_01_19.csv
2026-01-19,132804,Jordi Mas De Ugarte,2040,1,0.0,-3.0,ESP,30,atp_rankings_2026_01_19.csv
2026-01-19,149125,Maciej Matuszczyk,2040,1,0.0,-3.0,POL,22,atp_rankings_2026_01_19.csv
2026-01-19,214117,Jack Mcgary,2040,1,0.0,-3.0,USA,20,atp_rankings_2026_01_19.csv
2026-01-19,213158,Vicente Monge,2040,1,0.0,-3.0,PER,19,atp_rankings_2026_01_19.csv
2026-01-19,214260,Salvador Monteiro,2040,1,0.0,-3.0,POR,17,atp_rankings_2026_01_19.csv
2026-01-19,214266,Stefan Ilie Bogdan Petre,2040,1,0.0,-100.0,ROU,17,atp_rankings_2026_01_19.csv
2026-01-19,212633,Tomas Pinho,2040,1,0.0,-3.0,POR,23,atp_rankings_2026_01_19.csv
2026-01-19,205941,Rishi Reddy,2040,1,0.0,-3.0,IND,27,atp_rankings_2026_01_19.csv
2026-01-19,106064,Lucas Renard,2040,1,0.0,-100.0,SWE,33,atp_rankings_2026_01_19.csv
2026-01-19,207587,Martins Rocens,2040,1,0.0,-3.0,LAT,25,atp_rankings_2026_01_19.csv
2026-01-19,105688,Manuel Sanchez,2040,1,0.0,-3.0,MEX,35,atp_rankings_2026_01_19.csv
2026-01-19,214123,Elijah Sanogo,2040,1,0.0,-3.0,FRA,17,atp_rankings_2026_01_19.csv
2026-01-19,214019,Hidde Schoenmakers,2040,1,,,NED,,atp_rankings_2026_01_19.csv
2026-01-19,213633,Rethin Pranav Senthil Kumar,2040,1,0.0,-3.0,IND,,atp_rankings_2026_01_19.csv
2026-01-19,212557,Samuel Stolarik,2040,1,0.0,-3.0,SVK,21,atp_rankings_2026_01_19.csv
2026-01-19,210664,Bjorn Swenson,2040,1,0.0,-3.0,USA,22,atp_rankings_2026_01_19.csv
2026-01-19,213160,Adam Gabor Szoke,2040,1,0.0,-3.0,HUN,21,atp_rankings_2026_01_19.csv
2026-01-19,213784,Guillermo Tunas,2040,1,0.0,-3.0,MEX,25,atp_rankings_2026_01_19.csv
2026-01-19,213531,Jake Van Emburgh,2040,1,0.0,-3.0,USA,27,atp_rankings_2026_01_19.csv
2026-01-19,210094,Alexander Vikhlyantsev,2040,1,0.0,-3.0,RUS,23,atp_rankings_2026_01_19.csv
2026-01-19,,Jakub Vrba,2040,1,0.0,-3.0,,,atp_rankings_2026_01_19.csv
2026-01-19,212802,Yamato Yukawa,2040,1,0.0,-3.0,JPN,,atp_rankings_2026_01_19.csv
2026-01-19,210597,Ahmed Zaki,2040,1,0.0,-3.0,EGY,20,atp_rankings_2026_01_19.csv
2026-01-19,212821,Vitaliy Zatsepin,2040,1,0.0,-3.0,KAZ,19,atp_rankings_2026_01_19.csv
2026-01-19,212039,Mohammad Alkotop,2097,1,0.0,-2.0,JOR,20,atp_rankings_2026_01_19.csv
2026-01-19,213410,Romain Andres,2097,1,0.0,-60.0,FRA,18,atp_rankings_2026_01_19.csv
2026-01-19,213047,Marcin Andrzejczak,2097,1,0.0,-2.0,POL,,atp_rankings_2026_01_19.csv
2026-01-19,213740,Mert Aytekin,2097,1,0.0,-2.0,TUR,,atp_rankings_2026_01_19.csv
2026-01-19,212860,Dakotah Bobo,2097,1,0.0,-2.0,USA,23,atp_rankings_2026_01_19.csv
2026-01-19,214094,Penn Charusorn,2097,1,0.0,-2.0,THA,18,atp_rankings_2026_01_19.csv
2026-01-19,144833,Andres Gabriel Ciurletti,2097,1,0.0,-2.0,ITA,28,atp_rankings_2026_01_19.csv
2026-01-19,212912,Mathys Domenc,2097,1,0.0,-2.0,FRA,16,atp_rankings_2026_01_19.csv
2026-01-19,214070,Jose Freitas,2097,1,0.0,-2.0,POR,19,atp_rankings_2026_01_19.csv
2026-01-19,207748,Hong Lin Fu,2097,1,0.0,-2.0,TPE,24,atp_rankings_2026_01_19.csv
2026-01-19,209887,Liam Gavrielides,2097,1,0.0,-60.0,GER,21,atp_rankings_2026_01_19.csv
2026-01-19,209316,Anthony Genov,2097,1,0.0,-2.0,BUL,23,atp_rankings_2026_01_19.csv
2026-01-19,213839,Santiago Giamichelle,2097,1,0.0,-2.0,ARG,22,atp_rankings_2026_01_19.csv
2026-01-19,210400,Nicolas Rafael Goldberg Alviani,2097,1,0.0,-2.0,ESP,23,atp_rankings_2026_01_19.csv
2026-01-19,212638,Gregor Hausberger,2097,1,0.0,-2.0,AUT,22,atp_rankings_2026_01_19.csv
2026-01-19,210723,Liam Hignett,2097,1,0.0,-2.0,GBR,26,atp_rankings_2026_01_19.csv
2026-01-19,213664,Vladimir Holban,2097,1,0.0,-2.0,GRE,,atp_rankings_2026_01_19.csv
2026-01-19,210422,Roan Jones,2097,1,0.0,-2.0,GBR,22,atp_rankings_2026_01_19.csv
2026-01-19,208007,Karlo Kajin,2097,1,0.0,-2.0,CRO,26,atp_rankings_2026_01_19.csv
2026-01-19,213838,Ronit Karki,2097,1,0.0,-2.0,USA,18,atp_rankings_2026_01_19.csv
2026-01-19,208417,Samuil Konov,2097,1,0.0,-2.0,BUL,23,atp_rankings_2026_01_19.csv
2026-01-19,210753,Matic Kriznik,2097,1,0.0,-2.0,SLO,20,atp_rankings_2026_01_19.csv
2026-01-19,212545,Henry Lieberman,2097,1,0.0,-2.0,USA,25,atp_rankings_2026_01_19.csv
2026-01-19,200013,Mirko Martinez,2097,1,0.0,-2.0,SUI,27,atp_rankings_2026_01_19.csv
2026-01-19,213461,Andrea Mchich,2097,1,0.0,-2.0,FRA,20,atp_rankings_2026_01_19.csv
2026-01-19,213916,Ashton Mcleod,2097,1,0.0,-2.0,AUS,18,atp_rankings_2026_01_19.csv
2026-01-19,212024,Alejandro Melero Kretzer,2097,1,0.0,-2.0,ESP,21,atp_rankings_2026_01_19.csv
2026-01-19,132433,Stefan Menichella,2097,1,0.0,-2.0,USA,31,atp_rankings_2026_01_19.csv
2026-01-19,214207,Thomas Enrique Menzel Piccioli,2097,1,0.0,-2.0,CHI,18,atp_rankings_2026_01_19.csv
2026-01-19,212951,Mak Mikovic,2097,1,0.0,-2.0,SLO,19,atp_rankings_2026_01_19.csv
2026-01-19,121366,Abdulhamid Mubarak,2097,1,0.0,-2.0,KUW,31,atp_rankings_2026_01_19.csv
2026-01-19,212938,Botond Nagy,2097,1,0.0,-2.0,HUN,,atp_rankings_2026_01_19.csv
2026-01-19,209137,Noppadol Noikor,2097,1,0.0,-2.0,THA,25,atp_rankings_2026_01_19.csv
2026-01-19,213373,William Nolan,2097,1,0.0,-2.0,GBR,22,atp_rankings_2026_01_19.csv
2026-01-19,213958,Ramazan Kaan Oktay,2097,1,0.0,-60.0,TUR,,atp_rankings_2026_01_19.csv
2026-01-19,200075,Yshai Oliel,2097,1,0.0,-2.0,ISR,26,atp_rankings_2026_01_19.csv
2026-01-19,213287,Diego Ortiz Gamonsl,2097,1,0.0,-2.0,CHI,22,atp_rankings_2026_01_19.csv
2026-01-19,212764,Fabrizio Karol Pio Osti,2097,1,0.0,-2.0,ITA,20,atp_rankings_2026_01_19.csv
2026-01-19,212230,Seungmin Park,2097,1,0.0,-2.0,KOR,20,atp_rankings_2026_01_19.csv
2026-01-19,,Daniil Piatrouski,2097,1,0.0,-60.0,,,atp_rankings_2026_01_19.csv
2026-01-19,213173,Nicola Senn,2097,1,0.0,-2.0,SUI,,atp_rankings_2026_01_19.csv
2026-01-19,211493,Calin Teodor Stirbu,2097,1,0.0,-2.0,ROU,19,atp_rankings_2026_01_19.csv
2026-01-19,213813,Alexander Ushakov,2097,1,0.0,-2.0,RUS,,atp_rankings_2026_01_19.csv
2026-01-19,214028,Matei Varbanciu,2097,1,0.0,-2.0,ROU,,atp_rankings_2026_01_19.csv
2026-01-19,213708,Henrik Villanger,2097,1,0.0,-60.0,NOR,,atp_rankings_2026_01_19.csv
2026-01-19,212469,Qiulin Wang,2097,1,0.0,-2.0,CHN,23,atp_rankings_2026_01_19.csv
2026-01-19,212890,Caheer Warik,2097,1,0.0,-2.0,IND,,atp_rankings_2026_01_19.csv
2026-01-19,212220,Weitao Xu,2097,1,0.0,-2.0,CHN,20,atp_rankings_2026_01_19.csv
2026-01-19,211554,Suk Ann,2145,1,0.0,-4.0,KOR,,atp_rankings_2026_01_19.csv
2026-01-19,209375,Michael Alejandro Beltran Rubio,2145,1,0.0,-4.0,COL,24,atp_rankings_2026_01_19.csv
2026-01-19,211517,Gregorio Biondolillo,2145,1,0.0,-4.0,ITA,25,atp_rankings_2026_01_19.csv
2026-01-19,211738,Jonah Braswell,2145,1,0.0,-4.0,USA,21,atp_rankings_2026_01_19.csv
2026-01-19,214014,Pedro Henrique Chabalgoity,2145,1,0.0,-4.0,BRA,,atp_rankings_2026_01_19.csv
2026-01-19,213140,Edoardo De Filippo,2145,1,0.0,-4.0,ITA,21,atp_rankings_2026_01_19.csv
2026-01-19,208559,Rahul Dhokia,2145,1,0.0,-4.0,GBR,25,atp_rankings_2026_01_19.csv
2026-01-19,213859,Andrei Corneliu Gadoiu,2145,1,0.0,-4.0,ROU,17,atp_rankings_2026_01_19.csv
2026-01-19,212925,Alexandru Toubi Hebhang Balan,2145,1,0.0,-4.0,CAN,,atp_rankings_2026_01_19.csv
2026-01-19,213970,Nicolas Hurtado Novoa,2145,1,0.0,-50.0,COL,,atp_rankings_2026_01_19.csv
2026-01-19,213024,Ivan Iutkin,2145,1,0.0,-4.0,RUS,18,atp_rankings_2026_01_19.csv
2026-01-19,213928,Reid Jarvis,2145,1,0.0,-4.0,USA,,atp_rankings_2026_01_19.csv
2026-01-19,208157,Jan Jermar,2145,1,0.0,-4.0,CZE,25,atp_rankings_2026_01_19.csv
2026-01-19,210575,Jack Karlsson Wistrand,2145,1,0.0,-50.0,SWE,23,atp_rankings_2026_01_19.csv
2026-01-19,208558,Rafael Kis Balazs,2145,1,0.0,-4.0,HUN,24,atp_rankings_2026_01_19.csv
2026-01-19,213181,Rein Koenders,2145,1,0.0,-4.0,NED,,atp_rankings_2026_01_19.csv
2026-01-19,200690,Yuhei Kono,2145,1,0.0,-4.0,JPN,30,atp_rankings_2026_01_19.csv
2026-01-19,212576,Valentin Kopeikin,2145,1,0.0,-4.0,RUS,24,atp_rankings_2026_01_19.csv
2026-01-19,212293,Karl Kazuma Lee,2145,1,0.0,-4.0,USA,23,atp_rankings_2026_01_19.csv
2026-01-19,148670,Karol Malirz,2145,1,0.0,-4.0,POL,23,atp_rankings_2026_01_19.csv
2026-01-19,213831,Vicente Freda,2145,1,0.0,-4.0,BRA,18,atp_rankings_2026_01_19.csv
2026-01-19,213329,Matteo Mesaglio,2145,1,0.0,-4.0,ITA,21,atp_rankings_2026_01_19.csv
2026-01-19,212805,Saba George Nanobashvili,2145,1,0.0,-4.0,SWE,21,atp_rankings_2026_01_19.csv
2026-01-19,210204,Drazen Petrovic,2145,1,0.0,-4.0,BIH,23,atp_rankings_2026_01_19.csv
2026-01-19,213415,Glauco Pinheiro Da Cruz Junior,2145,1,0.0,-4.0,BRA,20,atp_rankings_2026_01_19.csv
2026-01-19,207685,Peter Sallay,2145,1,0.0,-4.0,HUN,25,atp_rankings_2026_01_19.csv
2026-01-19,131999,Kyle Seelig,2145,1,0.0,-4.0,USA,28,atp_rankings_2026_01_19.csv
2026-01-19,213992,Lev Seidman,2145,1,0.0,-4.0,USA,18,atp_rankings_2026_01_19.csv
2026-01-19,210453,Cedric Stanke,2145,1,0.0,-4.0,GER,27,atp_rankings_2026_01_19.csv
2026-01-19,124067,Vullnet Tashi,2145,1,0.0,-4.0,SUI,33,atp_rankings_2026_01_19.csv
2026-01-19,207178,Joe Tyler,2145,1,0.0,-4.0,GBR,27,atp_rankings_2026_01_19.csv
2026-01-19,212087,Dmitrii Vasilev,2145,1,0.0,-4.0,RUS,24,atp_rankings_2026_01_19.csv
2026-01-19,214159,Yassin Ahmed Wageh,2145,1,0.0,-4.0,EGY,17,atp_rankings_2026_01_19.csv
2026-01-19,126505,Antoine Walch,2145,1,0.0,-4.0,FRA,32,atp_rankings_2026_01_19.csv
2026-01-19,213137,Alejandro Arcila,2179,1,0.0,-5.0,COL,18,atp_rankings_2026_01_19.csv
2026-01-19,212919,Ivan Biletic,2179,1,0.0,-5.0,BIH,19,atp_rankings_2026_01_19.csv
2026-01-19,213393,Breno Braga,2179,1,0.0,-5.0,BRA,21,atp_rankings_2026_01_19.csv
2026-01-19,212797,Hitesh Chauhan,2179,1,0.0,-5.0,IND,18,atp_rankings_2026_01_19.csv
2026-01-19,207761,Julien De Cuyper,2179,1,0.0,-5.0,FRA,26,atp_rankings_2026_01_19.csv
2026-01-19,213537,Jose Dominguez Alonso,2179,1,0.0,-5.0,ESP,,atp_rankings_2026_01_19.csv
2026-01-19,213376,Jeffrey Fradkin,2179,1,0.0,-5.0,USA,24,atp_rankings_2026_01_19.csv
2026-01-19,210590,Henri Haupt,2179,1,0.0,-5.0,GER,19,atp_rankings_2026_01_19.csv
2026-01-19,211573,Lucky Candra Kurniawan,2179,1,0.0,-5.0,INA,22,atp_rankings_2026_01_19.csv
2026-01-19,125848,Niels Lootsma,2179,1,0.0,-5.0,NED,31,atp_rankings_2026_01_19.csv
2026-01-19,213770,Andreas Messis,2179,1,0.0,-5.0,GRE,,atp_rankings_2026_01_19.csv
2026-01-19,208239,Zhou Mingzhou,2179,1,0.0,-5.0,CHN,25,atp_rankings_2026_01_19.csv
2026-01-19,211389,Manuel Mouilleron Salvo,2179,1,0.0,-5.0,ARG,22,atp_rankings_2026_01_19.csv
2026-01-19,213624,Kosuke Shibano,2179,1,0.0,-5.0,JPN,,atp_rankings_2026_01_19.csv
2026-01-19,104908,Mikal Oliver Statham,2179,1,0.0,-5.0,NZL,38,atp_rankings_2026_01_19.csv
2026-01-19,202413,Lazar Vojinovic,2179,1,0.0,-5.0,SRB,26,atp_rankings_2026_01_19.csv
2026-01-19,213612,Daniil Bogatov,2195,1,0.0,-3.0,RUS,,atp_rankings_2026_01_19.csv
2026-01-19,210175,Nicolas Buitrago,2195,1,0.0,-3.0,COL,27,atp_rankings_2026_01_19.csv
2026-01-19,212571,Jim Hendrikx,2195,1,0.0,-3.0,NED,24,atp_rankings_2026_01_19.csv
2026-01-19,206709,Moritz Hoffmann,2195,1,0.0,-3.0,GER,24,atp_rankings_2026_01_19.csv
2026-01-19,213819,Andrei Kunitsyn,2195,1,0.0,-3.0,RUS,21,atp_rankings_2026_01_19.csv
2026-01-19,212767,Aryan Lakshmanan,2195,1,0.0,-3.0,IND,20,atp_rankings_2026_01_19.csv
2026-01-19,210476,Enmanuel Munoz,2195,1,0.0,-3.0,DOM,20,atp_rankings_2026_01_19.csv
2026-01-19,213777,Savva Rybkin,2195,1,0.0,-3.0,RUS,,atp_rankings_2026_01_19.csv
2026-01-19,213161,Fredrik Krogh Solheim,2195,1,0.0,-21.0,NOR,,atp_rankings_2026_01_19.csv
2026-01-19,214170,Cagan Efe Tufecki,2195,1,0.0,-21.0,TUR,22,atp_rankings_2026_01_19.csv
2026-01-19,209513,Pavel Verbin,2195,1,0.0,-3.0,RUS,24,atp_rankings_2026_01_19.csv
2026-01-19,212471,Minghui Zhang,2195,1,0.0,-3.0,CHN,20,atp_rankings_2026_01_19.csv
2026-01-19,212103,Zhan Zheng,2195,1,0.0,-3.0,CHN,22,atp_rankings_2026_01_19.csv
2026-01-19,212786,Victor Braga,2208,1,0.0,-5.0,BRA,21,atp_rankings_2026_01_19.csv
2026-01-19,212497,Alvaro Bueno Gil,2208,1,0.0,-5.0,ESP,25,atp_rankings_2026_01_19.csv
2026-01-19,208853,Adrien Burdet,2208,1,0.0,-5.0,SUI,23,atp_rankings_2026_01_19.csv
2026-01-19,212094,Liam Delicata,2208,1,0.0,-5.0,MLT,24,atp_rankings_2026_01_19.csv
2026-01-19,211600,Carlos Giraldi,2208,1,0.0,-5.0,ESP,20,atp_rankings_2026_01_19.csv
2026-01-19,111772,Krittin Koaykul,2208,1,0.0,-5.0,THA,30,atp_rankings_2026_01_19.csv
2026-01-19,212593,Filip Krolo,2208,1,0.0,-5.0,GER,24,atp_rankings_2026_01_19.csv
2026-01-19,210139,Gabriel Matuszewski,2208,1,0.0,-5.0,POL,21,atp_rankings_2026_01_19.csv
2026-01-19,212716,Kyle Overmyer,2208,1,0.0,-5.0,USA,21,atp_rankings_2026_01_19.csv
2026-01-19,212945,Yong Joon Park,2208,1,0.0,-5.0,KOR,23,atp_rankings_2026_01_19.csv
2026-01-19,212164,Breno Rossetto Urvaneja,2208,1,0.0,-5.0,BRA,21,atp_rankings_2026_01_19.csv
2026-01-19,212971,Tsz Fu Wong,2208,1,0.0,-5.0,HKG,20,atp_rankings_2026_01_19.csv
2026-01-19,210417,Adrian Arcon,2220,1,0.0,-5.0,AUS,24,atp_rankings_2026_01_19.csv
2026-01-19,213775,Mateo Carballo,2220,1,0.0,-5.0,ARG,,atp_rankings_2026_01_19.csv
2026-01-19,212472,Xirui Han,2220,1,0.0,-5.0,CHN,19,atp_rankings_2026_01_19.csv
2026-01-19,210751,Isaac Nortey,2220,1,0.0,-5.0,GHA,26,atp_rankings_2026_01_19.csv
2026-01-19,124074,Kazuma Kawachi,2224,1,0.0,-5.0,JPN,31,atp_rankings_2026_01_19.csv
2026-01-19,213582,Andrea Motta,2224,1,0.0,-5.0,ITA,,atp_rankings_2026_01_19.csv
2026-01-19,212518,Leo Deflandre,2226,1,0.0,-7.0,FRA,23,atp_rankings_2026_01_19.csv
2026-01-19,208668,Sean Hess,2226,1,0.0,-3.0,ARG,24,atp_rankings_2026_01_19.csv
2026-01-19,206739,Essa Qabazard,2226,1,0.0,-7.0,KUW,24,atp_rankings_2026_01_19.csv
2026-01-19,209046,Atharva Sharma,2226,1,0.0,-3.0,IND,25,atp_rankings_2026_01_19.csv
