ranking_date,player_id,player_name,atp_rank,atp_points,atp_points_change,atp_rank_change,country,age,source_file
2026-02-02,207989,Carlos Alcaraz,1,13650,1600.0,0.0,ESP,22,atp_rankings_2026_02_02.csv
2026-02-02,206173,Jannik Sinner,2,10300,-1200.0,0.0,ITA,24,atp_rankings_2026_02_02.csv
2026-02-02,104925,Novak Djokovic,3,5280,500.0,1.0,SRB,38,atp_rankings_2026_02_02.csv
2026-02-02,100644,Alexander Zverev,4,4605,-500.0,-1.0,GER,28,atp_rankings_2026_02_02.csv
2026-02-02,207518,Lorenzo Musetti,5,4405,300.0,0.0,ITA,23,atp_rankings_2026_02_02.csv
2026-02-02,200282,Alex De Minaur,6,4080,0.0,0.0,AUS,26,atp_rankings_2026_02_02.csv
2026-02-02,126203,Taylor Fritz,7,3940,100.0,2.0,USA,28,atp_rankings_2026_02_02.csv
2026-02-02,200000,Felix Auger Aliassime,8,3725,-265.0,0.0,CAN,25,atp_rankings_2026_02_02.csv
2026-02-02,210097,Ben Shelton,9,3600,-400.0,-2.0,USA,23,atp_rankings_2026_02_02.csv
2026-02-02,122330,Alexander Bublik,10,3235,170.0,0.0,KAZ,28,atp_rankings_2026_02_02.csv
2026-02-02,106421,Daniil Medvedev,11,3060,150.0,1.0,RUS,29,atp_rankings_2026_02_02.csv
2026-02-02,134770,Casper Ruud,12,2945,150.0,1.0,NOR,27,atp_rankings_2026_02_02.csv
2026-02-02,207733,Jack Draper,13,2790,-200.0,-2.0,GBR,24,atp_rankings_2026_02_02.csv
2026-02-02,126094,Andrey Rublev,14,2600,0.0,1.0,RUS,28,atp_rankings_2026_02_02.csv
2026-02-02,200221,Alejandro Davidovich Fokina,15,2535,-100.0,-1.0,ESP,26,atp_rankings_2026_02_02.csv
2026-02-02,210084,Jakub Mensik,16,2445,100.0,1.0,CZE,20,atp_rankings_2026_02_02.csv
2026-02-02,208029,Holger Rune,17,2380,-200.0,-1.0,DEN,22,atp_rankings_2026_02_02.csv
2026-02-02,111575,Karen Khachanov,18,2320,0.0,0.0,RUS,29,atp_rankings_2026_02_02.csv
2026-02-02,202103,Francisco Cerundolo,19,2135,100.0,2.0,ARG,27,atp_rankings_2026_02_02.csv
2026-02-02,207925,Flavio Cobolli,20,1955,0.0,2.0,ITA,23,atp_rankings_2026_02_02.csv
2026-02-02,208103,Jiri Lehecka,21,1900,-190.0,-2.0,CZE,24,atp_rankings_2026_02_02.csv
2026-02-02,126205,Tommy Paul,22,1850,-200.0,-2.0,USA,28,atp_rankings_2026_02_02.csv
2026-02-02,209260,Luciano Darderi,23,1789,190.0,2.0,ITA,23,atp_rankings_2026_02_02.csv
2026-02-02,210530,Learner Tien,24,1710,170.0,5.0,USA,20,atp_rankings_2026_02_02.csv
2026-02-02,133430,Denis Shapovalov,25,1650,0.0,-2.0,CAN,26,atp_rankings_2026_02_02.csv
2026-02-02,111815,Cameron Norrie,26,1643,90.0,1.0,GBR,30,atp_rankings_2026_02_02.csv
2026-02-02,200473,Valentin Vacherot,27,1611,92.0,4.0,MON,27,atp_rankings_2026_02_02.csv
2026-02-02,207830,Tomas Machac,28,1610,0.0,-4.0,CZE,25,atp_rankings_2026_02_02.csv
2026-02-02,134868,Tallon Griekspoor,29,1565,0.0,-3.0,NED,29,atp_rankings_2026_02_02.csv
2026-02-02,126207,Frances Tiafoe,30,1550,50.0,4.0,USA,28,atp_rankings_2026_02_02.csv
2026-02-02,126239,Arthur Rinderknech,31,1542,-9.0,-3.0,FRA,30,atp_rankings_2026_02_02.csv
2026-02-02,206909,Brandon Nakashima,32,1535,0.0,-2.0,USA,24,atp_rankings_2026_02_02.csv
2026-02-02,126774,Stefanos Tsitsipas,33,1495,40.0,2.0,GRE,27,atp_rankings_2026_02_02.csv
2026-02-02,211663,Joao Fonseca,34,1440,-70.0,-2.0,BRA,19,atp_rankings_2026_02_02.csv
2026-02-02,202104,Sebastian Baez,35,1430,40.0,1.0,ARG,25,atp_rankings_2026_02_02.csv
2026-02-02,144895,Corentin Moutet,36,1383,0.0,1.0,FRA,26,atp_rankings_2026_02_02.csv
2026-02-02,144719,Jaume Munar,37,1375,40.0,2.0,ESP,28,atp_rankings_2026_02_02.csv
2026-02-02,200005,Ugo Humbert,38,1320,-190.0,-5.0,FRA,27,atp_rankings_2026_02_02.csv
2026-02-02,209113,Gabriel Diallo,39,1175,-40.0,2.0,CAN,24,atp_rankings_2026_02_02.csv
2026-02-02,200267,Zizou Bergs,40,1170,0.0,3.0,BEL,26,atp_rankings_2026_02_02.csv
2026-02-02,210506,Alex Michelsen,41,1160,-190.0,-3.0,USA,21,atp_rankings_2026_02_02.csv
2026-02-02,209950,Arthur Fils,42,1110,-100.0,0.0,FRA,21,atp_rankings_2026_02_02.csv
2026-02-02,105777,Grigor Dimitrov,43,1105,0.0,2.0,BUL,34,atp_rankings_2026_02_02.csv
2026-02-02,127157,Daniel Altmaier,44,1083,-40.0,0.0,GER,27,atp_rankings_2026_02_02.csv
2026-02-02,132686,Nuno Borges,45,1070,0.0,1.0,POR,28,atp_rankings_2026_02_02.csv
2026-02-02,206681,Fabian Marozsan,46,1065,0.0,1.0,HUN,26,atp_rankings_2026_02_02.csv
2026-02-02,202385,Jenson Brooksby,47,1042,0.0,1.0,USA,25,atp_rankings_2026_02_02.csv
2026-02-02,200116,Camilo Ugo Carabelli,48,1028,0.0,1.0,ARG,26,atp_rankings_2026_02_02.csv
2026-02-02,124186,Alexandre Muller,49,1020,40.0,3.0,FRA,29,atp_rankings_2026_02_02.csv
2026-02-02,105916,Marton Fucsovics,50,1009,42.0,4.0,HUN,33,atp_rankings_2026_02_02.csv
2026-02-02,200615,Alexei Popyrin,51,1000,0.0,-1.0,AUS,26,atp_rankings_2026_02_02.csv
2026-02-02,128034,Hubert Hurkacz,52,965,0.0,3.0,POL,28,atp_rankings_2026_02_02.csv
2026-02-02,200624,Sebastian Korda,53,960,-15.0,0.0,USA,25,atp_rankings_2026_02_02.csv
2026-02-02,144869,Tomas Martin Etcheverry,54,945,50.0,8.0,ARG,26,atp_rankings_2026_02_02.csv
2026-02-02,111794,Kamil Majchrzak,55,928,10.0,4.0,POL,30,atp_rankings_2026_02_02.csv
2026-02-02,208316,Valentin Royer,56,920,-4.0,2.0,FRA,24,atp_rankings_2026_02_02.csv
2026-02-02,208659,Giovanni Mpetshi Perricard,57,905,0.0,4.0,FRA,22,atp_rankings_2026_02_02.csv
2026-02-02,126610,Matteo Berrettini,58,895,-50.0,-1.0,ITA,29,atp_rankings_2026_02_02.csv
2026-02-02,106218,Marcos Giron,59,895,-90.0,-8.0,USA,32,atp_rankings_2026_02_02.csv
2026-02-02,132283,Lorenzo Sonego,60,890,-350.0,-20.0,ITA,30,atp_rankings_2026_02_02.csv
2026-02-02,105227,Marin Cilic,61,890,100.0,9.0,CRO,37,atp_rankings_2026_02_02.csv
2026-02-02,106000,Damir Dzumhur,62,877,40.0,4.0,BIH,33,atp_rankings_2026_02_02.csv
2026-02-02,124187,Reilly Opelka,63,873,0.0,0.0,USA,28,atp_rankings_2026_02_02.csv
2026-02-02,207681,Francisco Comesana,64,869,40.0,4.0,ARG,25,atp_rankings_2026_02_02.csv
2026-02-02,208286,Matteo Arnaldi,65,858,0.0,0.0,ITA,24,atp_rankings_2026_02_02.csv
2026-02-02,209279,Terence Atmane,66,849,-13.0,-2.0,FRA,24,atp_rankings_2026_02_02.csv
2026-02-02,122298,Botic Van De Zandschulp,67,849,90.0,8.0,NED,30,atp_rankings_2026_02_02.csv
2026-02-02,210319,Ethan Quinn,68,820,87.0,12.0,USA,21,atp_rankings_2026_02_02.csv
2026-02-02,200175,Miomir Kecmanovic,69,820,-90.0,-9.0,SRB,26,atp_rankings_2026_02_02.csv
2026-02-02,105173,Adrian Mannarino,70,810,0.0,-1.0,FRA,37,atp_rankings_2026_02_02.csv
2026-02-02,208118,Eliot Spizzirri,71,781,56.0,14.0,USA,24,atp_rankings_2026_02_02.csv
2026-02-02,209920,Raphael Collignon,72,777,10.0,0.0,BEL,24,atp_rankings_2026_02_02.csv
2026-02-02,126214,Alejandro Tabilo,73,774,37.0,6.0,CHI,28,atp_rankings_2026_02_02.csv
2026-02-02,208233,Mattia Bellucci,74,768,10.0,2.0,ITA,24,atp_rankings_2026_02_02.csv
2026-02-02,208363,Mariano Navone,75,760,0.0,-1.0,ARG,24,atp_rankings_2026_02_02.csv
2026-02-02,209070,Arthur Cazaux,76,755,-75.0,-9.0,FRA,23,atp_rankings_2026_02_02.csv
2026-02-02,124079,Pedro Martinez,77,728,-40.0,-6.0,ESP,28,atp_rankings_2026_02_02.csv
2026-02-02,209209,Filip Misolic,78,728,3.0,6.0,AUT,24,atp_rankings_2026_02_02.csv
2026-02-02,111460,Quentin Halys,79,725,0.0,4.0,FRA,29,atp_rankings_2026_02_02.csv
2026-02-02,209098,Hamad Medjedovic,80,717,36.0,10.0,SRB,22,atp_rankings_2026_02_02.csv
2026-02-02,200443,Adam Walton,81,712,-15.0,0.0,AUS,26,atp_rankings_2026_02_02.csv
2026-02-02,207182,Emilio Nava,82,710,27.0,7.0,USA,24,atp_rankings_2026_02_02.csv
2026-02-02,206499,Aleksandar Kovacevic,83,709,-255.0,-27.0,USA,27,atp_rankings_2026_02_02.csv
2026-02-02,105526,Jan Lennard Struff,84,706,0.0,2.0,GER,35,atp_rankings_2026_02_02.csv
2026-02-02,207678,Juan Manuel Cerundolo,85,698,-2.0,2.0,ARG,24,atp_rankings_2026_02_02.csv
2026-02-02,105902,James Duckworth,86,694,0.0,2.0,AUS,34,atp_rankings_2026_02_02.csv
2026-02-02,207686,Alexander Shevchenko,87,690,40.0,10.0,KAZ,25,atp_rankings_2026_02_02.csv
2026-02-02,207411,Jesper De Jong,88,673,-90.0,-15.0,NED,25,atp_rankings_2026_02_02.csv
2026-02-02,105138,Roberto Bautista Agut,89,670,0.0,2.0,ESP,37,atp_rankings_2026_02_02.csv
2026-02-02,207985,Jacob Fearnley,90,668,-84.0,-13.0,GBR,24,atp_rankings_2026_02_02.csv
2026-02-02,126846,Aleksandar Vukic,91,656,-90.0,-13.0,AUS,29,atp_rankings_2026_02_02.csv
2026-02-02,106426,Cristian Garin,92,656,-70.0,-10.0,CHI,29,atp_rankings_2026_02_02.csv
2026-02-02,105870,Yannick Hanfmann,93,653,42.0,9.0,GER,34,atp_rankings_2026_02_02.csv
2026-02-02,111513,Laslo Djere,94,651,-8.0,-2.0,SRB,30,atp_rankings_2026_02_02.csv
2026-02-02,202058,Thiago Agustin Tirante,95,647,42.0,8.0,ARG,24,atp_rankings_2026_02_02.csv
2026-02-02,207494,Dalibor Svrcina,96,643,-12.0,-1.0,CZE,23,atp_rankings_2026_02_02.csv
2026-02-02,200240,Vit Kopriva,97,632,6.0,4.0,CZE,28,atp_rankings_2026_02_02.csv
2026-02-02,209860,Ignacio Buse,98,623,-4.0,2.0,PER,21,atp_rankings_2026_02_02.csv
2026-02-02,200384,Hugo Gaston,99,616,-40.0,-6.0,FRA,25,atp_rankings_2026_02_02.csv
2026-02-02,105807,Pablo Carreno Busta,100,616,-40.0,-6.0,ESP,34,atp_rankings_2026_02_02.csv
2026-02-02,126535,Carlos Taberner,101,608,-22.0,-2.0,ESP,28,atp_rankings_2026_02_02.csv
2026-02-02,208021,Kyrian Jacquet,102,589,112.0,26.0,FRA,24,atp_rankings_2026_02_02.csv
2026-02-02,208014,Rinky Hijikata,103,584,42.0,11.0,AUS,24,atp_rankings_2026_02_02.csv
2026-02-02,209226,Adolfo Daniel Vallejo,104,580,152.0,42.0,PAR,21,atp_rankings_2026_02_02.csv
2026-02-02,210696,Alexander Blockx,105,579,-74.0,-9.0,BEL,20,atp_rankings_2026_02_02.csv
2026-02-02,208134,Luca Nardi,106,571,10.0,2.0,ITA,22,atp_rankings_2026_02_02.csv
2026-02-02,200516,Patrick Kypson,107,552,25.0,9.0,USA,26,atp_rankings_2026_02_02.csv
2026-02-02,208278,Shintaro Mochizuki,108,551,4.0,4.0,JPN,22,atp_rankings_2026_02_02.csv
2026-02-02,208260,Zachary Svajda,109,551,120.0,34.0,USA,23,atp_rankings_2026_02_02.csv
2026-02-02,111442,Jordan Thompson,110,548,0.0,1.0,AUS,31,atp_rankings_2026_02_02.csv
2026-02-02,111456,Mackenzie Mcdonald,111,547,1.0,2.0,USA,30,atp_rankings_2026_02_02.csv
2026-02-02,144642,Tomas Barrios Vera,112,546,-19.0,-5.0,CHI,28,atp_rankings_2026_02_02.csv
2026-02-02,104527,Stan Wawrinka,113,537,100.0,26.0,SUI,40,atp_rankings_2026_02_02.csv
2026-02-02,209262,Tristan Schoolkate,114,534,-107.0,-16.0,AUS,24,atp_rankings_2026_02_02.csv
2026-02-02,105676,David Goffin,115,515,-10.0,2.0,BEL,35,atp_rankings_2026_02_02.csv
2026-02-02,202261,Otto Virtanen,116,513,25.0,10.0,FIN,24,atp_rankings_2026_02_02.csv
2026-02-02,208353,Francesco Maestrelli,117,512,76.0,24.0,ITA,23,atp_rankings_2026_02_02.csv
2026-02-02,208882,Roman Andres Burruchaga,118,512,-92.0,-14.0,ARG,24,atp_rankings_2026_02_02.csv
2026-02-02,106331,Christopher Oconnell,119,511,-10.0,-1.0,AUS,31,atp_rankings_2026_02_02.csv
2026-02-02,209284,Elmer Moller,120,509,-8.0,-1.0,DEN,22,atp_rankings_2026_02_02.csv
2026-02-02,209976,Dino Prizmic,121,507,26.0,6.0,CRO,20,atp_rankings_2026_02_02.csv
2026-02-02,202358,Chun Hsin Tseng,122,504,6.0,0.0,TPE,24,atp_rankings_2026_02_02.csv
2026-02-02,105583,Dusan Lajovic,123,503,6.0,2.0,SRB,35,atp_rankings_2026_02_02.csv
2026-02-02,212588,Rafael Jodar,124,498,80.0,26.0,ESP,19,atp_rankings_2026_02_02.csv
2026-02-02,123828,Jan Choinski,125,498,0.0,-1.0,GBR,29,atp_rankings_2026_02_02.csv
2026-02-02,209147,Vilius Gaubas,126,495,26.0,3.0,LTU,21,atp_rankings_2026_02_02.csv
2026-02-02,209414,Luca Van Assche,127,493,141.0,38.0,FRA,21,atp_rankings_2026_02_02.csv
2026-02-02,126127,Benjamin Bonzi,128,492,-74.0,-22.0,FRA,29,atp_rankings_2026_02_02.csv
2026-02-02,126129,Billy Harris,129,491,-8.0,-8.0,GBR,31,atp_rankings_2026_02_02.csv
2026-02-02,106432,Borna Coric,130,488,-10.0,-7.0,CRO,29,atp_rankings_2026_02_02.csv
2026-02-02,106415,Yoshihito Nishioka,131,486,-42.0,-16.0,JPN,30,atp_rankings_2026_02_02.csv
2026-02-02,200587,Brandon Holt,132,478,-75.0,-23.0,USA,27,atp_rankings_2026_02_02.csv
2026-02-02,149282,Nicolai Budkov Kjaer,133,476,30.0,2.0,NOR,19,atp_rankings_2026_02_02.csv
2026-02-02,105477,Marco Trungelliti,134,472,4.0,-4.0,ARG,36,atp_rankings_2026_02_02.csv
2026-02-02,124116,Sebastian Ofner,135,471,8.0,-4.0,AUT,29,atp_rankings_2026_02_02.csv
2026-02-02,209409,Coleman Wong,136,466,10.0,-4.0,HKG,21,atp_rankings_2026_02_02.csv
2026-02-02,105932,Nikoloz Basilashvili,137,464,-109.0,-32.0,GEO,33,atp_rankings_2026_02_02.csv
2026-02-02,208210,Chris Rodesch,138,456,175.0,71.0,LUX,24,atp_rankings_2026_02_02.csv
2026-02-02,207352,Bu Yunchaokete,139,449,-50.0,-19.0,CHN,24,atp_rankings_2026_02_02.csv
2026-02-02,111797,Nicolas Jarry,140,441,-10.0,-7.0,CHI,30,atp_rankings_2026_02_02.csv
2026-02-02,200647,Sho Shimabukuro,141,441,11.0,3.0,JPN,28,atp_rankings_2026_02_02.csv
2026-02-02,121411,Moez Echargui,142,434,-14.0,-8.0,TUN,33,atp_rankings_2026_02_02.csv
2026-02-02,126504,Andrea Pellegrino,143,431,-7.0,-5.0,ITA,28,atp_rankings_2026_02_02.csv
2026-02-02,200059,Yibing Wu,144,427,80.0,24.0,CHN,26,atp_rankings_2026_02_02.csv
2026-02-02,210262,Jaime Faria,145,425,12.0,6.0,POR,22,atp_rankings_2026_02_02.csv
2026-02-02,208119,Liam Draxl,146,422,-7.0,-1.0,CAN,24,atp_rankings_2026_02_02.csv
2026-02-02,127760,Lukas Klein,147,420,-24.0,-11.0,SVK,27,atp_rankings_2026_02_02.csv
2026-02-02,210116,Michael Zheng,148,414,77.0,26.0,USA,22,atp_rankings_2026_02_02.csv
2026-02-02,106198,Hugo Dellien,149,403,-35.0,-12.0,BOL,32,atp_rankings_2026_02_02.csv
2026-02-02,208169,Titouan Droguet,150,403,-1.0,5.0,FRA,24,atp_rankings_2026_02_02.csv
2026-02-02,208013,Dane Sweeny,151,397,72.0,31.0,AUS,24,atp_rankings_2026_02_02.csv
2026-02-02,209259,Arthur Fery,152,396,80.0,34.0,GBR,23,atp_rankings_2026_02_02.csv
2026-02-02,206748,Giulio Zeppieri,153,393,-9.0,3.0,ITA,24,atp_rankings_2026_02_02.csv
2026-02-02,211776,Martin Landaluce,154,388,-32.0,-5.0,ESP,20,atp_rankings_2026_02_02.csv
2026-02-02,208859,Francesco Passaro,155,384,-52.0,-15.0,ITA,25,atp_rankings_2026_02_02.csv
2026-02-02,208004,Harold Mayot,156,380,0.0,3.0,FRA,23,atp_rankings_2026_02_02.csv
2026-02-02,210012,Henrique Rocha,157,379,-15.0,1.0,POR,21,atp_rankings_2026_02_02.csv
2026-02-02,210136,Mark Lajal,158,378,-29.0,-5.0,EST,22,atp_rankings_2026_02_02.csv
2026-02-02,111200,Elias Ymer,159,376,39.0,16.0,SWE,29,atp_rankings_2026_02_02.csv
2026-02-02,102093,Martin Damm,160,373,40.0,17.0,USA,22,atp_rankings_2026_02_02.csv
2026-02-02,212256,Colton Smith,161,371,-53.0,-13.0,USA,22,atp_rankings_2026_02_02.csv
2026-02-02,209911,Guy Den Ouden,162,371,-1.0,-2.0,NED,23,atp_rankings_2026_02_02.csv
2026-02-02,209261,Matteo Gigante,163,367,-40.0,-11.0,ITA,24,atp_rankings_2026_02_02.csv
2026-02-02,210053,Luka Mikrut,164,361,0.0,-1.0,CRO,21,atp_rankings_2026_02_02.csv
2026-02-02,104792,Gael Monfils,165,360,-190.0,-55.0,FRA,39,atp_rankings_2026_02_02.csv
2026-02-02,133297,Yosuke Watanuki,166,356,-8.0,-4.0,JPN,27,atp_rankings_2026_02_02.csv
2026-02-02,206750,Daniil Glinka,167,355,58.0,33.0,EST,25,atp_rankings_2026_02_02.csv
2026-02-02,210338,Arthur Gea,168,353,53.0,30.0,FRA,21,atp_rankings_2026_02_02.csv
2026-02-02,105732,Pierre Hugues Herbert,169,351,-48.0,-12.0,FRA,34,atp_rankings_2026_02_02.csv
2026-02-02,200514,Jurij Rodionov,170,350,2.0,-3.0,AUT,26,atp_rankings_2026_02_02.csv
2026-02-02,209857,Leandro Riedi,171,348,22.0,9.0,SUI,24,atp_rankings_2026_02_02.csv
2026-02-02,126663,Juan Pablo Ficovich,172,347,-22.0,-11.0,ARG,29,atp_rankings_2026_02_02.csv
2026-02-02,209957,Jack Pinnington Jones,173,344,44.0,24.0,GBR,22,atp_rankings_2026_02_02.csv
2026-02-02,200259,Ugo Blanchet,174,343,-92.0,-32.0,FRA,27,atp_rankings_2026_02_02.csv
2026-02-02,106148,Roberto Carballes Baena,175,343,-84.0,-28.0,ESP,32,atp_rankings_2026_02_02.csv
2026-02-02,200436,Zsombor Piros,176,341,0.0,-6.0,HUN,26,atp_rankings_2026_02_02.csv
2026-02-02,200711,Nicolas Mejia,177,341,-4.0,-8.0,COL,25,atp_rankings_2026_02_02.csv
2026-02-02,105882,Stefano Travaglia,178,340,32.0,13.0,ITA,34,atp_rankings_2026_02_02.csv
2026-02-02,106186,Jason Kubler,179,339,34.0,15.0,AUS,32,atp_rankings_2026_02_02.csv
2026-02-02,209875,Alex Barrena,180,337,25.0,10.0,ARG,23,atp_rankings_2026_02_02.csv
2026-02-02,144645,Zdenek Kolar,181,337,0.0,-5.0,CZE,29,atp_rankings_2026_02_02.csv
2026-02-02,126964,Vitaliy Sachko,182,336,-13.0,-16.0,UKR,28,atp_rankings_2026_02_02.csv
2026-02-02,210017,Daniel Merida Aguilar,183,336,-17.0,-19.0,ESP,21,atp_rankings_2026_02_02.csv
2026-02-02,210536,Rei Sakamoto,184,332,40.0,19.0,JPN,19,atp_rankings_2026_02_02.csv
2026-02-02,144750,Lloyd Harris,185,331,75.0,36.0,RSA,28,atp_rankings_2026_02_02.csv
2026-02-02,126652,Jay Clarke,186,330,0.0,-8.0,GBR,27,atp_rankings_2026_02_02.csv
2026-02-02,126128,Roman Safiullin,187,328,-10.0,-15.0,RUS,28,atp_rankings_2026_02_02.csv
2026-02-02,106109,Alex Bolt,188,327,-12.0,-17.0,AUS,33,atp_rankings_2026_02_02.csv
2026-02-02,126409,Hugo Grenier,189,324,-3.0,-10.0,FRA,29,atp_rankings_2026_02_02.csv
2026-02-02,207608,Timofey Skatov,190,324,0.0,-7.0,KAZ,25,atp_rankings_2026_02_02.csv
2026-02-02,123755,Daniel Elahi Galan,191,323,-82.0,-37.0,COL,29,atp_rankings_2026_02_02.csv
2026-02-02,208843,Jerome Kym,192,315,0.0,-5.0,SUI,22,atp_rankings_2026_02_02.csv
2026-02-02,105554,Daniel Evans,193,314,0.0,-5.0,GBR,35,atp_rankings_2026_02_02.csv
2026-02-02,106071,Bernard Tomic,194,313,-4.0,-9.0,AUS,33,atp_rankings_2026_02_02.csv
2026-02-02,210460,Nishesh Basavareddy,195,310,80.0,47.0,USA,20,atp_rankings_2026_02_02.csv
2026-02-02,211514,Justin Engel,196,309,-14.0,-12.0,GER,18,atp_rankings_2026_02_02.csv
2026-02-02,144870,Federico Agustin Gomez,197,306,0.0,-5.0,ARG,29,atp_rankings_2026_02_02.csv
2026-02-02,205734,Thiago Seyboth Wild,198,305,42.0,19.0,BRA,25,atp_rankings_2026_02_02.csv
2026-02-02,200416,August Holmgren,199,303,-2.0,-6.0,DEN,27,atp_rankings_2026_02_02.csv
2026-02-02,144684,Alex Molcan,200,302,16.0,6.0,SVK,28,atp_rankings_2026_02_02.csv
2026-02-02,208223,Alvaro Guillen Meza,201,298,-7.0,-6.0,ECU,23,atp_rankings_2026_02_02.csv
2026-02-02,206889,Clement Chidekh,202,298,-15.0,-13.0,FRA,24,atp_rankings_2026_02_02.csv
2026-02-02,200385,Dan Added,203,295,0.0,-2.0,FRA,26,atp_rankings_2026_02_02.csv
2026-02-02,208010,Pablo Llamas Ruiz,204,292,18.0,9.0,ESP,23,atp_rankings_2026_02_02.csv
2026-02-02,207785,George Loffhagen,205,291,13.0,7.0,GBR,24,atp_rankings_2026_02_02.csv
2026-02-02,211451,Gilles Arnaud Bailly,206,291,8.0,2.0,BEL,20,atp_rankings_2026_02_02.csv
2026-02-02,206307,Joao Lucas Reis Da Silva,207,291,7.0,0.0,BRA,25,atp_rankings_2026_02_02.csv
2026-02-02,210317,James Mccabe,208,289,-48.0,-35.0,AUS,22,atp_rankings_2026_02_02.csv
2026-02-02,105841,Lorenzo Giustino,209,284,5.0,2.0,ITA,34,atp_rankings_2026_02_02.csv
2026-02-02,106329,Thiago Monteiro,210,283,-21.0,-14.0,BRA,31,atp_rankings_2026_02_02.csv
2026-02-02,210178,Juan Carlos Prado Angelo,211,279,0.0,-1.0,BOL,20,atp_rankings_2026_02_02.csv
2026-02-02,200329,Remy Bertola,212,274,60.0,42.0,SUI,27,atp_rankings_2026_02_02.csv
2026-02-02,200610,Oliver Crawford,213,274,-18.0,-9.0,GBR,26,atp_rankings_2026_02_02.csv
2026-02-02,209899,Ilia Simakin,214,273,74.0,61.0,RUS,22,atp_rankings_2026_02_02.csv
2026-02-02,202127,Clement Tabur,215,266,-28.0,-13.0,FRA,26,atp_rankings_2026_02_02.csv
2026-02-02,106065,Marco Cecchinato,216,266,19.0,14.0,ITA,33,atp_rankings_2026_02_02.csv
2026-02-02,208293,Gonzalo Bueno,217,265,-6.0,-2.0,PER,21,atp_rankings_2026_02_02.csv
2026-02-02,207729,Tristan Boyer,218,262,-64.0,-37.0,USA,24,atp_rankings_2026_02_02.csv
2026-02-02,202146,Luka Pavlovic,219,262,0.0,-1.0,FRA,25,atp_rankings_2026_02_02.csv
2026-02-02,212044,Yi Zhou,220,261,25.0,18.0,CHN,20,atp_rankings_2026_02_02.csv
2026-02-02,200318,Yu Hsiou Hsu,221,261,4.0,-1.0,TPE,26,atp_rankings_2026_02_02.csv
2026-02-02,210202,Rodrigo Pacheco Mendez,222,256,9.0,12.0,MEX,20,atp_rankings_2026_02_02.csv
2026-02-02,209903,Lukas Neumayer,223,255,4.0,3.0,AUT,23,atp_rankings_2026_02_02.csv
2026-02-02,123983,Nerman Fatic,224,254,0.0,-1.0,BIH,31,atp_rankings_2026_02_02.csv
2026-02-02,210748,Federico Cina,225,252,12.0,12.0,ITA,18,atp_rankings_2026_02_02.csv
2026-02-02,200335,Felipe Meligeni Alves,226,251,0.0,-1.0,BRA,27,atp_rankings_2026_02_02.csv
2026-02-02,122078,Dmitry Popko,227,248,-7.0,-5.0,KAZ,29,atp_rankings_2026_02_02.csv
2026-02-02,207884,Arthur Bouquier,228,247,0.0,1.0,FRA,25,atp_rankings_2026_02_02.csv
2026-02-02,105911,Andrea Collarini,229,246,-1.0,4.0,ARG,34,atp_rankings_2026_02_02.csv
2026-02-02,144973,Santiago Fa Rodriguez Taverna,230,246,-5.0,-3.0,ARG,26,atp_rankings_2026_02_02.csv
2026-02-02,210297,Lautaro Midon,231,245,-2.0,1.0,ARG,21,atp_rankings_2026_02_02.csv
2026-02-02,200008,Alexis Galarneau,232,244,-28.0,-18.0,CAN,26,atp_rankings_2026_02_02.csv
2026-02-02,144817,Marc Andrea Huesler,233,244,28.0,20.0,SUI,29,atp_rankings_2026_02_02.csv
2026-02-02,126106,Ryan Peniston,234,244,-16.0,-15.0,GBR,30,atp_rankings_2026_02_02.csv
2026-02-02,212063,Matej Dodig,235,244,0.0,0.0,CRO,20,atp_rankings_2026_02_02.csv
2026-02-02,208902,Johannus Monday,236,244,-22.0,-20.0,GBR,24,atp_rankings_2026_02_02.csv
2026-02-02,208069,Max Houkes,237,242,21.0,13.0,NED,25,atp_rankings_2026_02_02.csv
2026-02-02,111581,Michael Mmoh,238,241,-6.0,-10.0,USA,28,atp_rankings_2026_02_02.csv
2026-02-02,144821,Genaro Alberto Olivieri,239,241,-6.0,-8.0,ARG,27,atp_rankings_2026_02_02.csv
2026-02-02,209916,Marko Topo,240,234,0.0,-1.0,GER,22,atp_rankings_2026_02_02.csv
2026-02-02,200677,Rio Noguchi,241,234,-7.0,-5.0,JPN,27,atp_rankings_2026_02_02.csv
2026-02-02,207415,Daniel Michalski,242,233,22.0,15.0,POL,26,atp_rankings_2026_02_02.csv
2026-02-02,212082,Joel Schwaerzler,243,231,6.0,2.0,AUT,20,atp_rankings_2026_02_02.csv
2026-02-02,209326,Murphy Cassone,244,227,-25.0,-20.0,USA,23,atp_rankings_2026_02_02.csv
2026-02-02,210389,Toby Samuel,245,225,7.0,6.0,GBR,23,atp_rankings_2026_02_02.csv
2026-02-02,208279,Alejandro Moro Canas,246,223,-2.0,0.0,ESP,25,atp_rankings_2026_02_02.csv
2026-02-02,111187,Kaichi Uchida,247,223,-1.0,1.0,JPN,31,atp_rankings_2026_02_02.csv
2026-02-02,210220,Edas Butvilas,248,223,24.0,29.0,LTU,21,atp_rankings_2026_02_02.csv
2026-02-02,106283,Mitchell Krueger,249,221,-66.0,-44.0,USA,32,atp_rankings_2026_02_02.csv
2026-02-02,106293,Kimmer Coppejans,250,221,3.0,2.0,BEL,31,atp_rankings_2026_02_02.csv
2026-02-02,123961,Murkel Alejandro Dellien Velasco,251,220,-8.0,-8.0,BOL,28,atp_rankings_2026_02_02.csv
2026-02-02,202262,Filip Cristian Jianu,252,218,19.0,26.0,ROU,24,atp_rankings_2026_02_02.csv
2026-02-02,208361,Gustavo Heide,253,215,-17.0,-12.0,BRA,23,atp_rankings_2026_02_02.csv
2026-02-02,105062,Mikhail Kukushkin,254,215,12.0,8.0,KAZ,38,atp_rankings_2026_02_02.csv
2026-02-02,123921,Calvin Hemery,255,212,4.0,5.0,FRA,31,atp_rankings_2026_02_02.csv
2026-02-02,144972,Geoffrey Blancaneaux,256,211,-1.0,0.0,FRA,27,atp_rankings_2026_02_02.csv
2026-02-02,200748,Andres Andrade,257,211,11.0,17.0,ECU,27,atp_rankings_2026_02_02.csv
2026-02-02,106393,Frederico Ferreira Silva,258,210,8.0,7.0,POR,30,atp_rankings_2026_02_02.csv
2026-02-02,133975,Benjamin Hassan,259,208,0.0,0.0,LBN,30,atp_rankings_2026_02_02.csv
2026-02-02,123809,Ivan Gakhov,260,208,5.0,3.0,RUS,29,atp_rankings_2026_02_02.csv
2026-02-02,209405,Daniel Rincon,261,207,-5.0,-6.0,ESP,23,atp_rankings_2026_02_02.csv
2026-02-02,209992,Juncheng Shang,262,205,40.0,56.0,CHN,21,atp_rankings_2026_02_02.csv
2026-02-02,200452,Patrick Zahraj,263,205,7.0,17.0,GER,26,atp_rankings_2026_02_02.csv
2026-02-02,106162,Franco Agamenone,264,204,6.0,15.0,ITA,32,atp_rankings_2026_02_02.csv
2026-02-02,207546,Pol Martin Tiffon,265,203,1.0,-1.0,ESP,26,atp_rankings_2026_02_02.csv
2026-02-02,209849,Sascha Gueymard Wayenburg,266,203,-95.0,-67.0,FRA,22,atp_rankings_2026_02_02.csv
2026-02-02,106220,Dimitar Kuzmanov,267,203,1.0,-1.0,BUL,32,atp_rankings_2026_02_02.csv
2026-02-02,208046,Pedro Boscardin Dias,268,201,0.0,0.0,BRA,23,atp_rankings_2026_02_02.csv
2026-02-02,106044,Nicolas Kicker,269,200,-10.0,-11.0,ARG,33,atp_rankings_2026_02_02.csv
2026-02-02,211500,Tiago Pereira,270,200,-2.0,-3.0,POR,21,atp_rankings_2026_02_02.csv
2026-02-02,208182,Saba Purtseladze,271,199,14.0,21.0,GEO,24,atp_rankings_2026_02_02.csv
2026-02-02,202147,Florent Bax,272,197,5.0,12.0,FRA,26,atp_rankings_2026_02_02.csv
2026-02-02,111806,Fajing Sun,273,196,-4.0,-2.0,CHN,29,atp_rankings_2026_02_02.csv
2026-02-02,211346,Andres Martin,274,195,-5.0,-1.0,USA,24,atp_rankings_2026_02_02.csv
2026-02-02,208852,Stefanos Sakellaridis,275,193,6.0,12.0,GRE,21,atp_rankings_2026_02_02.csv
2026-02-02,127339,Borna Gojo,276,192,6.0,13.0,CRO,27,atp_rankings_2026_02_02.csv
2026-02-02,210167,Tom Gentzsch,277,192,-1.0,6.0,GER,22,atp_rankings_2026_02_02.csv
2026-02-02,210464,Darwin Blanch,278,187,11.0,27.0,USA,18,atp_rankings_2026_02_02.csv
2026-02-02,207663,Nikolas Sanchez Izquierdo,279,187,11.0,27.0,ESP,26,atp_rankings_2026_02_02.csv
2026-02-02,126107,Michael Geerts,280,187,3.0,13.0,BEL,31,atp_rankings_2026_02_02.csv
2026-02-02,111576,Sumit Nagal,281,186,-8.0,0.0,IND,28,atp_rankings_2026_02_02.csv
2026-02-02,131934,Andrea Vavassori,282,185,0.0,9.0,ITA,30,atp_rankings_2026_02_02.csv
2026-02-02,111578,Stefan Kozlov,283,184,-6.0,2.0,USA,28,atp_rankings_2026_02_02.csv
2026-02-02,122669,Juan Pablo Varillas,284,184,-43.0,-40.0,PER,30,atp_rankings_2026_02_02.csv
2026-02-02,210119,Andrej Nedic,285,184,2.0,10.0,BIH,21,atp_rankings_2026_02_02.csv
2026-02-02,106281,Liam Broady,286,184,1.0,8.0,GBR,32,atp_rankings_2026_02_02.csv
2026-02-02,202260,Henri Squire,287,183,-16.0,-11.0,GER,25,atp_rankings_2026_02_02.csv
2026-02-02,208143,Garrett Johns,288,183,4.0,12.0,USA,25,atp_rankings_2026_02_02.csv
2026-02-02,105453,Kei Nishikori,289,182,-50.0,-49.0,JPN,36,atp_rankings_2026_02_02.csv
2026-02-02,210558,Hynek Barton,290,182,-5.0,-2.0,CZE,21,atp_rankings_2026_02_02.csv
2026-02-02,208257,Fabrizio Andaloro,291,180,0.0,5.0,ITA,25,atp_rankings_2026_02_02.csv
2026-02-02,207799,Matheus Pucinelli De Almeida,292,180,0.0,5.0,BRA,24,atp_rankings_2026_02_02.csv
2026-02-02,209850,Robin Bertrand,293,180,4.0,14.0,FRA,22,atp_rankings_2026_02_02.csv
2026-02-02,208421,Lilian Marmousez,294,179,12.0,20.0,FRA,24,atp_rankings_2026_02_02.csv
2026-02-02,202320,Beibit Zhukayev,295,178,-29.0,-34.0,KAZ,25,atp_rankings_2026_02_02.csv
2026-02-02,200277,Charles Broom,296,177,0.0,8.0,GBR,27,atp_rankings_2026_02_02.csv
2026-02-02,126206,Alex Rybakov,297,177,-12.0,-11.0,USA,29,atp_rankings_2026_02_02.csv
2026-02-02,200346,Mats Rosenkranz,298,177,19.0,29.0,GER,27,atp_rankings_2026_02_02.csv
2026-02-02,202235,Jacopo Berrettini,299,175,0.0,9.0,ITA,27,atp_rankings_2026_02_02.csv
2026-02-02,105613,Norbert Gombos,300,175,-2.0,3.0,SVK,35,atp_rankings_2026_02_02.csv
2026-02-02,207680,Facundo Diaz Acosta,301,174,-50.0,-54.0,ARG,25,atp_rankings_2026_02_02.csv
2026-02-02,210557,Petr Brunclik,302,174,6.0,11.0,CZE,19,atp_rankings_2026_02_02.csv
2026-02-02,129911,Marat Sharipov,303,174,-5.0,-5.0,RUS,23,atp_rankings_2026_02_02.csv
2026-02-02,210382,Maximus Jones,304,172,3.0,8.0,THA,21,atp_rankings_2026_02_02.csv
2026-02-02,207491,Sandro Kopp,305,171,0.0,5.0,AUT,25,atp_rankings_2026_02_02.csv
2026-02-02,209406,Abedallah Shelbayh,306,170,-9.0,-7.0,JOR,22,atp_rankings_2026_02_02.csv
2026-02-02,209951,Petr Bar Biryukov,307,169,9.0,16.0,RUS,23,atp_rankings_2026_02_02.csv
2026-02-02,209512,Tom Paris,308,167,-33.0,-36.0,FRA,23,atp_rankings_2026_02_02.csv
2026-02-02,207784,Harry Wendelken,309,167,0.0,6.0,GBR,24,atp_rankings_2026_02_02.csv
2026-02-02,211533,Gianluca Cadenasso,310,165,-1.0,7.0,ITA,21,atp_rankings_2026_02_02.csv
2026-02-02,117361,Akira Santillan,311,165,0.0,9.0,AUS,28,atp_rankings_2026_02_02.csv
2026-02-02,105948,Federico Coria,312,164,-36.0,-42.0,ARG,33,atp_rankings_2026_02_02.csv
2026-02-02,126340,Viktor Durasovic,313,164,7.0,16.0,NOR,28,atp_rankings_2026_02_02.csv
2026-02-02,212309,Diego Dedura Palomero,314,164,8.0,18.0,GER,17,atp_rankings_2026_02_02.csv
2026-02-02,209131,Eliakim Coulibaly,315,163,-2.0,4.0,CIV,23,atp_rankings_2026_02_02.csv
2026-02-02,206589,Gabi Adrian Boitan,316,161,4.0,15.0,ROU,26,atp_rankings_2026_02_02.csv
2026-02-02,202475,Philip Henning,317,160,0.0,5.0,RSA,25,atp_rankings_2026_02_02.csv
2026-02-02,206904,Gauthier Onclin,318,160,-40.0,-49.0,BEL,24,atp_rankings_2026_02_02.csv
2026-02-02,207231,Mathys Erhard,319,159,3.0,14.0,FRA,24,atp_rankings_2026_02_02.csv
2026-02-02,105649,Cedrik Marcel Stebe,320,158,0.0,6.0,GER,35,atp_rankings_2026_02_02.csv
2026-02-02,207732,Miguel Damas,321,158,-1.0,3.0,ESP,26,atp_rankings_2026_02_02.csv
2026-02-02,126337,Renta Tokuda,322,157,0.0,8.0,JPN,27,atp_rankings_2026_02_02.csv
2026-02-02,207130,Matias Soto,323,157,35.0,66.0,CHI,26,atp_rankings_2026_02_02.csv
2026-02-02,211617,Maxim Mrva,324,156,12.0,24.0,CZE,18,atp_rankings_2026_02_02.csv
2026-02-02,105180,Daniel Dutra Da Silva,325,155,8.0,19.0,BRA,37,atp_rankings_2026_02_02.csv
2026-02-02,106034,Yasutaka Uchiyama,326,154,-23.0,-24.0,JPN,33,atp_rankings_2026_02_02.csv
2026-02-02,208389,James Trotter,327,153,-20.0,-18.0,JPN,26,atp_rankings_2026_02_02.csv
2026-02-02,208269,Felix Gill,328,152,0.0,9.0,GBR,23,atp_rankings_2026_02_02.csv
2026-02-02,207213,Duje Ajdukovic,329,151,-2.0,6.0,CRO,24,atp_rankings_2026_02_02.csv
2026-02-02,200672,Sergey Fomin,330,151,0.0,8.0,UZB,25,atp_rankings_2026_02_02.csv
2026-02-02,210472,Oliver Tarvet,331,150,0.0,8.0,GBR,22,atp_rankings_2026_02_02.csv
2026-02-02,208342,Tyler Zink,332,150,-28.0,-31.0,USA,25,atp_rankings_2026_02_02.csv
2026-02-02,105413,Andrej Martin,333,149,0.0,7.0,SVK,36,atp_rankings_2026_02_02.csv
2026-02-02,200188,Matteo Martineau,334,149,-44.0,-52.0,FRA,27,atp_rankings_2026_02_02.csv
2026-02-02,132041,Alfredo Perez,335,147,0.0,7.0,USA,28,atp_rankings_2026_02_02.csv
2026-02-02,207815,Guido Ivan Justo,336,147,19.0,42.0,ARG,28,atp_rankings_2026_02_02.csv
2026-02-02,111153,Christopher Eubanks,337,145,-41.0,-47.0,USA,29,atp_rankings_2026_02_02.csv
2026-02-02,202333,Keegan Smith,338,145,12.0,25.0,USA,27,atp_rankings_2026_02_02.csv
2026-02-02,209322,Martin Krumich,339,145,0.0,8.0,CZE,23,atp_rankings_2026_02_02.csv
2026-02-02,132052,Christian Langmo,340,144,-5.0,1.0,USA,29,atp_rankings_2026_02_02.csv
2026-02-02,200273,Hady Habib,341,143,-80.0,-92.0,LIB,27,atp_rankings_2026_02_02.csv
2026-02-02,125847,Jelle Sels,342,143,0.0,8.0,NED,30,atp_rankings_2026_02_02.csv
2026-02-02,126952,Soon Woo Kwon,343,142,53.0,143.0,KOR,28,atp_rankings_2026_02_02.csv
2026-02-02,208364,Franco Roncadelli,344,142,1.0,7.0,URU,25,atp_rankings_2026_02_02.csv
2026-02-02,207171,Hamish Stewart,345,142,-5.0,-2.0,GBR,26,atp_rankings_2026_02_02.csv
2026-02-02,210318,Andre Ilagan,346,142,5.0,10.0,USA,25,atp_rankings_2026_02_02.csv
2026-02-02,202400,Alastair Gray,347,141,-28.0,-36.0,GBR,27,atp_rankings_2026_02_02.csv
2026-02-02,209952,Sean Cuenin,348,141,28.0,71.0,FRA,21,atp_rankings_2026_02_02.csv
2026-02-02,117357,Omar Jasika,349,141,-14.0,-15.0,AUS,28,atp_rankings_2026_02_02.csv
2026-02-02,202199,Carlos Sanchez Jover,350,141,-20.0,-29.0,ESP,25,atp_rankings_2026_02_02.csv
2026-02-02,208144,Giles Hussey,351,138,-1.0,3.0,GBR,28,atp_rankings_2026_02_02.csv
2026-02-02,200321,San Hui Sin,352,138,2.0,6.0,KOR,28,atp_rankings_2026_02_02.csv
2026-02-02,208913,Juan Bautista Torres,353,138,5.0,11.0,ARG,23,atp_rankings_2026_02_02.csv
2026-02-02,106057,Facundo Mena,354,137,-20.0,-26.0,ARG,33,atp_rankings_2026_02_02.csv
2026-02-02,106380,Gonzalo Villanueva,355,137,-7.0,-6.0,ARG,31,atp_rankings_2026_02_02.csv
2026-02-02,211577,Antoine Ghibaudo,356,134,-6.0,-4.0,FRA,21,atp_rankings_2026_02_02.csv
2026-02-02,127108,Igor Ribeiro Marcondes,357,134,16.0,45.0,BRA,28,atp_rankings_2026_02_02.csv
2026-02-02,104755,Richard Gasquet,358,133,-25.0,-33.0,FRA,39,atp_rankings_2026_02_02.csv
2026-02-02,200374,Nicolas Alvarez Varona,359,133,-2.0,1.0,ESP,24,atp_rankings_2026_02_02.csv
2026-02-02,202122,Yuta Shimizu,360,133,-12.0,-14.0,JPN,26,atp_rankings_2026_02_02.csv
2026-02-02,200266,Javier Barranco Cosano,361,132,-7.0,-8.0,ESP,27,atp_rankings_2026_02_02.csv
2026-02-02,210042,Gabriele Piraino,362,132,-13.0,-17.0,ITA,22,atp_rankings_2026_02_02.csv
2026-02-02,106187,Denis Yevseyev,363,132,1.0,4.0,KAZ,32,atp_rankings_2026_02_02.csv
2026-02-02,212216,Trevor Svajda,364,131,7.0,18.0,USA,19,atp_rankings_2026_02_02.csv
2026-02-02,202239,Florian Broska,365,131,-6.0,-10.0,GER,28,atp_rankings_2026_02_02.csv
2026-02-02,206703,Paul Jubb,366,131,0.0,0.0,GBR,26,atp_rankings_2026_02_02.csv
2026-02-02,111190,Zhizhen Zhang,367,130,0.0,1.0,CHN,29,atp_rankings_2026_02_02.csv
2026-02-02,208540,Inaki Montes De La Torre,368,129,14.0,46.0,ESP,23,atp_rankings_2026_02_02.csv
2026-02-02,208024,Max Alcala Gurri,369,129,5.0,14.0,ESP,23,atp_rankings_2026_02_02.csv
2026-02-02,209407,Max Basing,370,128,17.0,53.0,GBR,23,atp_rankings_2026_02_02.csv
2026-02-02,209907,Viacheslav Bielinskyi,371,128,0.0,5.0,UKR,22,atp_rankings_2026_02_02.csv
2026-02-02,207797,Jonas Forejtek,372,127,6.0,18.0,CZE,24,atp_rankings_2026_02_02.csv
2026-02-02,126555,Tung Lin Wu,373,127,-6.0,-11.0,TPE,27,atp_rankings_2026_02_02.csv
2026-02-02,144826,Aziz Dougaz,374,126,-40.0,-58.0,TUN,28,atp_rankings_2026_02_02.csv
2026-02-02,206470,Cezar Cretu,375,126,0.0,6.0,ROU,24,atp_rankings_2026_02_02.csv
2026-02-02,207368,Mert Alkaya,376,126,5.0,16.0,TUR,25,atp_rankings_2026_02_02.csv
2026-02-02,106203,Pedro Sakamoto,377,124,-5.0,-4.0,BRA,32,atp_rankings_2026_02_02.csv
2026-02-02,122554,David Jorda Sanchis,378,124,1.0,9.0,ESP,31,atp_rankings_2026_02_02.csv
2026-02-02,131911,Lucas Poullain,379,124,1.0,9.0,FRA,30,atp_rankings_2026_02_02.csv
2026-02-02,208502,Dominic Stricker,380,123,-10.0,-19.0,SUI,23,atp_rankings_2026_02_02.csv
2026-02-02,105671,Gastao Elias,381,123,-7.0,-11.0,POR,35,atp_rankings_2026_02_02.csv
2026-02-02,117360,Marc Polmans,382,123,0.0,2.0,AUS,28,atp_rankings_2026_02_02.csv
2026-02-02,202420,Aidan Mchugh,383,123,0.0,3.0,GBR,25,atp_rankings_2026_02_02.csv
2026-02-02,122352,Christoph Negritu,384,123,-9.0,-19.0,GER,31,atp_rankings_2026_02_02.csv
2026-02-02,200309,Marek Gengel,385,123,-30.0,-49.0,CZE,30,atp_rankings_2026_02_02.csv
2026-02-02,210412,Juan Manuel La Serna,386,122,7.0,26.0,ARG,21,atp_rankings_2026_02_02.csv
2026-02-02,209354,Ioannis Xilas,387,121,1.0,8.0,GRE,24,atp_rankings_2026_02_02.csv
2026-02-02,105487,Facundo Bagnis,388,120,0.0,5.0,ARG,35,atp_rankings_2026_02_02.csv
2026-02-02,111454,Li Tu,389,120,0.0,5.0,AUS,29,atp_rankings_2026_02_02.csv
2026-02-02,202075,Adria Soriano Barrera,390,120,-15.0,-31.0,COL,26,atp_rankings_2026_02_02.csv
2026-02-02,212241,Carlo Alberto Caniato,391,120,0.0,5.0,ITA,20,atp_rankings_2026_02_02.csv
2026-02-02,111202,Hyeon Chung,392,120,7.0,26.0,KOR,29,atp_rankings_2026_02_02.csv
2026-02-02,209890,Mili Poljicak,393,120,-3.0,-8.0,CRO,21,atp_rankings_2026_02_02.csv
2026-02-02,206467,Federico Arnaboldi,394,120,-7.0,-14.0,ITA,25,atp_rankings_2026_02_02.csv
2026-02-02,208937,Kasidit Samrej,395,120,2.0,9.0,THA,25,atp_rankings_2026_02_02.csv
2026-02-02,208104,Andrea Picchione,396,119,0.0,3.0,ITA,27,atp_rankings_2026_02_02.csv
2026-02-02,144656,Corentin Denolly,397,119,-1.0,1.0,FRA,28,atp_rankings_2026_02_02.csv
2026-02-02,105077,Albert Ramos,398,118,0.0,3.0,ESP,38,atp_rankings_2026_02_02.csv
2026-02-02,202297,Dan Martin,399,118,1.0,6.0,CAN,26,atp_rankings_2026_02_02.csv
2026-02-02,106121,Taro Daniel,400,118,-10.0,-26.0,JPN,33,atp_rankings_2026_02_02.csv
2026-02-02,134840,Raul Brancaccio,401,118,1.0,6.0,ITA,28,atp_rankings_2026_02_02.csv
2026-02-02,211325,Aryan Shah,402,118,-1.0,-2.0,IND,20,atp_rankings_2026_02_02.csv
2026-02-02,211627,Hayato Matsuoka,403,118,2.0,7.0,JPN,21,atp_rankings_2026_02_02.csv
2026-02-02,212222,Raphael Perot,404,117,0.0,2.0,FRA,24,atp_rankings_2026_02_02.csv
2026-02-02,209931,Lukas Pokorny,405,117,38.0,117.0,SVK,23,atp_rankings_2026_02_02.csv
2026-02-02,209079,Samir Banerjee,406,116,0.0,2.0,USA,22,atp_rankings_2026_02_02.csv
2026-02-02,106072,Alexey Vatutin,407,116,-12.0,-30.0,RUS,33,atp_rankings_2026_02_02.csv
2026-02-02,209167,Olle Wallin,408,116,0.0,3.0,SWE,24,atp_rankings_2026_02_02.csv
2026-02-02,212020,Michele Ribecai,409,116,5.0,16.0,ITA,22,atp_rankings_2026_02_02.csv
2026-02-02,207834,Juan Alejandro Hernandez Serrano,410,115,0.0,5.0,MEX,26,atp_rankings_2026_02_02.csv
2026-02-02,106177,Oriol Roca Batalla,411,114,0.0,5.0,ESP,32,atp_rankings_2026_02_02.csv
2026-02-02,126183,Mariano Kestelboim,412,114,-1.0,1.0,ARG,29,atp_rankings_2026_02_02.csv
2026-02-02,106292,Hernan Casanova,413,114,-16.0,-42.0,ARG,31,atp_rankings_2026_02_02.csv
2026-02-02,208025,Alex Martinez,414,114,0.0,3.0,ESP,24,atp_rankings_2026_02_02.csv
2026-02-02,206553,Luca Potenza,415,114,-16.0,-43.0,ITA,25,atp_rankings_2026_02_02.csv
2026-02-02,209874,Maks Kasnikowski,416,113,1.0,4.0,POL,22,atp_rankings_2026_02_02.csv
2026-02-02,207186,Arthur Weber,417,113,7.0,22.0,FRA,33,atp_rankings_2026_02_02.csv
2026-02-02,135753,Patrick Maloney,418,113,-23.0,-61.0,USA,25,atp_rankings_2026_02_02.csv
2026-02-02,200666,Jie Cui,419,113,1.0,3.0,CHN,28,atp_rankings_2026_02_02.csv
2026-02-02,105430,Radu Albot,420,112,4.0,12.0,MDA,36,atp_rankings_2026_02_02.csv
2026-02-02,207484,Neil Oberleitner,421,112,1.0,3.0,AUT,26,atp_rankings_2026_02_02.csv
2026-02-02,206912,Stuart Parker,422,111,-1.0,-1.0,GBR,28,atp_rankings_2026_02_02.csv
2026-02-02,210005,Kilian Feldbausch,423,111,-16.0,-44.0,SUI,20,atp_rankings_2026_02_02.csv
2026-02-02,210377,Luciano Emanuel Ambrogi,424,111,4.0,13.0,ARG,22,atp_rankings_2026_02_02.csv
2026-02-02,208240,Alexandr Binda,425,111,8.0,23.0,ITA,24,atp_rankings_2026_02_02.csv
2026-02-02,212077,Lorenzo Carboni,426,110,0.0,1.0,ITA,19,atp_rankings_2026_02_02.csv
2026-02-02,134068,Vadym Ursu,427,110,1.0,3.0,UKR,29,atp_rankings_2026_02_02.csv
2026-02-02,208230,Alibek Kachmazov,428,109,-21.0,-59.0,RUS,23,atp_rankings_2026_02_02.csv
2026-02-02,207669,Robert Strombachs,429,109,-9.0,-26.0,LAT,26,atp_rankings_2026_02_02.csv
2026-02-02,202113,Hikaru Shiraishi,430,109,0.0,-1.0,JPN,25,atp_rankings_2026_02_02.csv
2026-02-02,210250,Erik Arutiunian,431,108,0.0,2.0,BLR,21,atp_rankings_2026_02_02.csv
2026-02-02,210000,Karan Singh,432,108,14.0,39.0,IND,22,atp_rankings_2026_02_02.csv
2026-02-02,207527,Buvaysar Gadamauri,433,108,2.0,10.0,BEL,25,atp_rankings_2026_02_02.csv
2026-02-02,106232,Roberto Cid,434,107,0.0,0.0,DOM,32,atp_rankings_2026_02_02.csv
2026-02-02,109303,Stefano Napolitano,435,107,6.0,15.0,ITA,30,atp_rankings_2026_02_02.csv
2026-02-02,207129,Yanki Erel,436,107,6.0,15.0,TUR,25,atp_rankings_2026_02_02.csv
2026-02-02,132573,Luca Castelnuovo,437,107,-3.0,-11.0,SUI,29,atp_rankings_2026_02_02.csv
2026-02-02,105938,Antoine Escoffier,438,107,0.0,-2.0,FRA,33,atp_rankings_2026_02_02.csv
2026-02-02,207200,Cyril Vandermeersch,439,107,-3.0,-11.0,FRA,26,atp_rankings_2026_02_02.csv
2026-02-02,210682,Federico Bondioli,440,107,0.0,-2.0,ITA,20,atp_rankings_2026_02_02.csv
2026-02-02,212251,Daniel Milavsky,441,106,-14.0,-44.0,USA,24,atp_rankings_2026_02_02.csv
2026-02-02,200484,Rudolf Molleker,442,106,0.0,-1.0,GER,25,atp_rankings_2026_02_02.csv
2026-02-02,210425,Svyatoslav Gulin,443,105,7.0,14.0,RUS,23,atp_rankings_2026_02_02.csv
2026-02-02,202359,Marvin Moeller,444,105,2.0,3.0,GER,27,atp_rankings_2026_02_02.csv
2026-02-02,207502,Stefan Palosi,445,104,14.0,39.0,ROU,26,atp_rankings_2026_02_02.csv
2026-02-02,208044,Etienne Donnet,446,102,-6.0,-15.0,FRA,24,atp_rankings_2026_02_02.csv
2026-02-02,200495,Eduardo Ribeiro,447,102,6.0,15.0,BRA,27,atp_rankings_2026_02_02.csv
2026-02-02,209984,Milos Karol,448,102,-1.0,-2.0,SVK,23,atp_rankings_2026_02_02.csv
2026-02-02,211661,Juan Estevez,449,102,3.0,6.0,ARG,20,atp_rankings_2026_02_02.csv
2026-02-02,207605,Jakub Paul,450,101,-27.0,-75.0,SUI,26,atp_rankings_2026_02_02.csv
2026-02-02,208649,Andrew Fenty,451,101,3.0,9.0,USA,25,atp_rankings_2026_02_02.csv
2026-02-02,209898,Dali Blanch,452,101,1.0,1.0,USA,22,atp_rankings_2026_02_02.csv
2026-02-02,209983,Mika Brunold,453,98,-23.0,-62.0,SUI,21,atp_rankings_2026_02_02.csv
2026-02-02,200216,Giovanni Fonio,454,98,0.0,4.0,ITA,27,atp_rankings_2026_02_02.csv
2026-02-02,212225,Thomas Faurel,455,98,17.0,62.0,FRA,20,atp_rankings_2026_02_02.csv
2026-02-02,208189,Gianmarco Ferrari,456,98,-2.0,-2.0,ITA,25,atp_rankings_2026_02_02.csv
2026-02-02,211504,Jack Loge,457,98,10.0,37.0,BEL,21,atp_rankings_2026_02_02.csv
2026-02-02,200184,Andrey Chepelev,458,98,-1.0,-2.0,RUS,27,atp_rankings_2026_02_02.csv
2026-02-02,208328,Max Wiskandt,459,97,-8.0,-14.0,GER,24,atp_rankings_2026_02_02.csv
2026-02-02,211902,Henry Searle,460,96,0.0,4.0,GBR,19,atp_rankings_2026_02_02.csv
2026-02-02,207878,James Story,461,96,0.0,4.0,GBR,24,atp_rankings_2026_02_02.csv
2026-02-02,212207,Ognjen Milic,462,95,0.0,4.0,SRB,18,atp_rankings_2026_02_02.csv
2026-02-02,209080,Blaise Bicknell,463,95,7.0,28.0,JAM,24,atp_rankings_2026_02_02.csv
2026-02-02,207728,Moerani Bouzige,464,95,0.0,5.0,AUS,26,atp_rankings_2026_02_02.csv
2026-02-02,202290,Dhakshineswar Suresh,465,94,0.0,5.0,IND,25,atp_rankings_2026_02_02.csv
2026-02-02,126523,Bernabe Zapata Miralles,466,94,-2.0,-3.0,ESP,29,atp_rankings_2026_02_02.csv
2026-02-02,210107,Bor Artnak,467,94,5.0,21.0,SLO,21,atp_rankings_2026_02_02.csv
2026-02-02,207490,Carlos Lopez Montagud,468,94,0.0,4.0,ESP,25,atp_rankings_2026_02_02.csv
2026-02-02,117359,Jake Delaney,469,93,0.0,6.0,AUS,28,atp_rankings_2026_02_02.csv
2026-02-02,200303,Pavel Kotov,470,92,3.0,15.0,RUS,27,atp_rankings_2026_02_02.csv
2026-02-02,208092,Filippo Moroni,471,92,0.0,6.0,ITA,25,atp_rankings_2026_02_02.csv
2026-02-02,144716,Oleg Prihodko,472,92,-14.0,-32.0,UKR,28,atp_rankings_2026_02_02.csv
2026-02-02,207998,Takuya Kumasaka,473,92,-1.0,0.0,JPN,27,atp_rankings_2026_02_02.csv
2026-02-02,106290,Filip Peliwo,474,92,0.0,4.0,POL,32,atp_rankings_2026_02_02.csv
2026-02-02,207239,Nikolay Vylegzhanin,475,91,0.0,5.0,RUS,25,atp_rankings_2026_02_02.csv
2026-02-02,144814,Eero Vasa,476,91,-2.0,-2.0,FIN,29,atp_rankings_2026_02_02.csv
2026-02-02,209264,Pietro Fellin,477,91,1.0,6.0,ITA,24,atp_rankings_2026_02_02.csv
2026-02-02,211898,Mae Malige,478,90,-16.0,-36.0,FRA,19,atp_rankings_2026_02_02.csv
2026-02-02,105339,Yan Bai,479,89,0.0,8.0,CHN,36,atp_rankings_2026_02_02.csv
2026-02-02,200462,Andrea Guerrieri,480,89,2.0,17.0,ITA,27,atp_rankings_2026_02_02.csv
2026-02-02,211768,Manas Dhamne,481,89,3.0,21.0,IND,18,atp_rankings_2026_02_02.csv
2026-02-02,207708,Dusan Obradovic,482,89,13.0,55.0,SRB,24,atp_rankings_2026_02_02.csv
2026-02-02,210221,Jay Dylan Hara Friend,483,88,0.0,7.0,JPN,22,atp_rankings_2026_02_02.csv
2026-02-02,200255,Alexander Weis,484,88,0.0,9.0,ITA,28,atp_rankings_2026_02_02.csv
2026-02-02,202271,Lorenzo Joaquin Rodriguez,485,88,-15.0,-36.0,ARG,26,atp_rankings_2026_02_02.csv
2026-02-02,210085,Lui Maxted,486,87,0.0,9.0,GBR,22,atp_rankings_2026_02_02.csv
2026-02-02,209362,Aristotelis Thanos,487,87,0.0,9.0,GRE,24,atp_rankings_2026_02_02.csv
2026-02-02,210399,Edward Winter,488,87,0.0,10.0,AUS,21,atp_rankings_2026_02_02.csv
2026-02-02,210025,Branko Djuric,489,87,0.0,10.0,SRB,20,atp_rankings_2026_02_02.csv
2026-02-02,202356,Tsung Hao Huang,490,87,0.0,10.0,TPE,26,atp_rankings_2026_02_02.csv
2026-02-02,105806,Mirza Basic,491,86,-4.0,-10.0,BIH,34,atp_rankings_2026_02_02.csv
2026-02-02,207992,Cannon Kingsley,492,86,0.0,9.0,USA,24,atp_rankings_2026_02_02.csv
2026-02-02,207704,Alex Marti Pujolras,493,86,2.0,15.0,ESP,26,atp_rankings_2026_02_02.csv
2026-02-02,127123,Mateus Alves,494,86,-11.0,-33.0,BRA,25,atp_rankings_2026_02_02.csv
2026-02-02,212531,Nicolas Arseneault,495,84,-1.0,8.0,CAN,19,atp_rankings_2026_02_02.csv
2026-02-02,209274,Carl Emil Overbeck,496,84,0.0,10.0,DEN,24,atp_rankings_2026_02_02.csv
2026-02-02,210214,Joao Eduardo Schiessl,497,84,-4.0,-5.0,BRA,21,atp_rankings_2026_02_02.csv
2026-02-02,209191,Oleksandr Ovcharenko,498,84,0.0,11.0,UKR,24,atp_rankings_2026_02_02.csv
2026-02-02,200550,Vladyslav Orlov,499,84,-1.0,5.0,UKR,30,atp_rankings_2026_02_02.csv
2026-02-02,148679,Henry Bernet,500,83,0.0,11.0,SUI,19,atp_rankings_2026_02_02.csv
2026-02-02,109054,Daniel Masur,501,83,-7.0,-19.0,GER,31,atp_rankings_2026_02_02.csv
2026-02-02,210142,Olaf Pieczkowski,502,83,-15.0,-43.0,POL,21,atp_rankings_2026_02_02.csv
2026-02-02,126208,Yusuke Takahashi,503,82,-2.0,4.0,JPN,28,atp_rankings_2026_02_02.csv
2026-02-02,207657,Tristan Mccormick,504,82,-3.0,1.0,USA,26,atp_rankings_2026_02_02.csv
2026-02-02,105655,Hiroki Moriya,505,81,0.0,10.0,JPN,35,atp_rankings_2026_02_02.csv
2026-02-02,202366,Tadeas Paroulek,506,81,-8.0,-17.0,CZE,26,atp_rankings_2026_02_02.csv
2026-02-02,106362,Laurent Lokoli,507,80,-11.0,-28.0,FRA,31,atp_rankings_2026_02_02.csv
2026-02-02,210340,Philip Sekulic,508,80,0.0,12.0,AUS,22,atp_rankings_2026_02_02.csv
2026-02-02,210393,Maxim Zhukov,509,79,-16.0,-41.0,RUS,21,atp_rankings_2026_02_02.csv
2026-02-02,210129,Samuele Pieri,510,79,0.0,15.0,ITA,23,atp_rankings_2026_02_02.csv
2026-02-02,105952,Renzo Olivo,511,78,-4.0,1.0,ARG,33,atp_rankings_2026_02_02.csv
2026-02-02,208158,Dominik Palan,512,78,4.0,33.0,CZE,25,atp_rankings_2026_02_02.csv
2026-02-02,124154,Sasi Kumar Mukund,513,78,0.0,15.0,IND,29,atp_rankings_2026_02_02.csv
2026-02-02,206867,Tommaso Compagnucci,514,78,0.0,15.0,ITA,26,atp_rankings_2026_02_02.csv
2026-02-02,208322,Eric Vanshelboim,515,78,-22.0,-63.0,UKR,24,atp_rankings_2026_02_02.csv
2026-02-02,126125,Maxime Janvier,516,78,0.0,14.0,FRA,29,atp_rankings_2026_02_02.csv
2026-02-02,210650,Stefan Adrian Andreescu,517,78,-3.0,1.0,ROU,24,atp_rankings_2026_02_02.csv
2026-02-02,134329,Blake Ellis,518,77,-28.0,-74.0,AUS,27,atp_rankings_2026_02_02.csv
2026-02-02,206325,Pedro Vives Marcos,519,77,-15.0,-43.0,ESP,24,atp_rankings_2026_02_02.csv
2026-02-02,207987,Ryuki Matsuda,520,77,-1.0,7.0,JPN,26,atp_rankings_2026_02_02.csv
2026-02-02,212090,Sergio Callejon Hernando,521,77,-2.0,3.0,ESP,21,atp_rankings_2026_02_02.csv
2026-02-02,201987,Masamichi Imamura,522,77,1.0,14.0,JPN,27,atp_rankings_2026_02_02.csv
2026-02-02,211621,Arthur Nagel,523,77,9.0,47.0,FRA,22,atp_rankings_2026_02_02.csv
2026-02-02,210029,Bruno Kuzuhara,524,77,0.0,10.0,USA,21,atp_rankings_2026_02_02.csv
2026-02-02,202354,Matthew Dellavedova,525,77,-4.0,-6.0,AUS,25,atp_rankings_2026_02_02.csv
2026-02-02,209254,Valerio Aboian,526,76,-5.0,-10.0,ARG,23,atp_rankings_2026_02_02.csv
2026-02-02,133872,Enrico Dalla Valle,527,76,-2.0,-1.0,ITA,27,atp_rankings_2026_02_02.csv
2026-02-02,126762,Aleksandre Bakshi,528,76,-1.0,3.0,GEO,28,atp_rankings_2026_02_02.csv
2026-02-02,105814,Maximilian Neuchrist,529,76,0.0,6.0,AUT,34,atp_rankings_2026_02_02.csv
2026-02-02,209403,Faris Zakaryia,530,76,1.0,12.0,EGY,24,atp_rankings_2026_02_02.csv
2026-02-02,132744,Alberto Barroso Campos,531,76,-1.0,2.0,ESP,29,atp_rankings_2026_02_02.csv
2026-02-02,208819,Max Hans Rehberg,532,75,2.0,17.0,GER,22,atp_rankings_2026_02_02.csv
2026-02-02,209302,Peter Fajta,533,75,0.0,7.0,HUN,23,atp_rankings_2026_02_02.csv
2026-02-02,207764,Ryan Nijboer,534,75,-7.0,-21.0,NED,26,atp_rankings_2026_02_02.csv
2026-02-02,209142,Sebastian Gima,535,75,-1.0,3.0,ROU,23,atp_rankings_2026_02_02.csv
2026-02-02,211711,Braden Shick,536,74,25.0,147.0,USA,22,atp_rankings_2026_02_02.csv
2026-02-02,210034,Shunsuke Mitsui,537,74,0.0,6.0,JPN,23,atp_rankings_2026_02_02.csv
2026-02-02,200661,Yuki Mochizuki,538,74,0.0,6.0,JPN,28,atp_rankings_2026_02_02.csv
2026-02-02,202326,Ivan Marrero Curbelo,539,74,0.0,7.0,ESP,27,atp_rankings_2026_02_02.csv
2026-02-02,209318,Petr Nesterov,540,74,-5.0,-17.0,BUL,22,atp_rankings_2026_02_02.csv
2026-02-02,200325,Emil Ruusuvuori,541,73,0.0,7.0,FIN,26,atp_rankings_2026_02_02.csv
2026-02-02,208297,Maxwell Mckennon,542,73,0.0,8.0,USA,23,atp_rankings_2026_02_02.csv
2026-02-02,126627,Johan Nikles,543,72,0.0,10.0,SUI,28,atp_rankings_2026_02_02.csv
2026-02-02,210398,Gabriele Pennaforti,544,72,-2.0,3.0,ITA,25,atp_rankings_2026_02_02.csv
2026-02-02,110618,Elmar Ejupovic,545,71,0.0,10.0,GER,33,atp_rankings_2026_02_02.csv
2026-02-02,208876,Egor Agafonov,546,71,-9.0,-25.0,RUS,23,atp_rankings_2026_02_02.csv
2026-02-02,210714,Robin Catry,547,71,2.0,17.0,FRA,23,atp_rankings_2026_02_02.csv
2026-02-02,207601,Manuel Mazza,548,71,7.0,40.0,ITA,26,atp_rankings_2026_02_02.csv
2026-02-02,208063,Paulo Andre Saraiva Dos Santos,549,71,2.0,19.0,BRA,25,atp_rankings_2026_02_02.csv
2026-02-02,106005,Constant Lestienne,550,70,-46.0,-141.0,FRA,33,atp_rankings_2026_02_02.csv
2026-02-02,106137,Tristan Lamasine,551,70,-2.0,1.0,FRA,32,atp_rankings_2026_02_02.csv
2026-02-02,213608,Moise Kouame,552,70,15.0,92.0,FRA,16,atp_rankings_2026_02_02.csv
2026-02-02,144985,Ergi Kirkin,553,70,-1.0,3.0,TUR,27,atp_rankings_2026_02_02.csv
2026-02-02,209871,Amr Elsayed Abdou Ahmed Mohamed,554,70,-1.0,4.0,EGY,26,atp_rankings_2026_02_02.csv
2026-02-02,207803,Igor Gimenez,555,70,0.0,6.0,BRA,25,atp_rankings_2026_02_02.csv
2026-02-02,210730,Reda Bennani,556,69,0.0,7.0,MAR,18,atp_rankings_2026_02_02.csv
2026-02-02,211530,Tomasz Berkieta,557,69,-1.0,2.0,POL,19,atp_rankings_2026_02_02.csv
2026-02-02,209510,Nino Ehrenschneider,558,69,-4.0,-7.0,GER,24,atp_rankings_2026_02_02.csv
2026-02-02,210285,Sebastian Sorger,559,69,0.0,6.0,AUT,20,atp_rankings_2026_02_02.csv
2026-02-02,209959,Woobin Shin,560,69,0.0,6.0,KOR,22,atp_rankings_2026_02_02.csv
2026-02-02,207993,Justin Boulais,561,68,-3.0,-4.0,CAN,24,atp_rankings_2026_02_02.csv
2026-02-02,211636,Lucio Ratti,562,68,1.0,13.0,ARG,22,atp_rankings_2026_02_02.csv
2026-02-02,207202,Karl Poling,563,68,7.0,42.0,USA,26,atp_rankings_2026_02_02.csv
2026-02-02,209251,Stefan Popovic,564,68,0.0,7.0,SRB,22,atp_rankings_2026_02_02.csv
2026-02-02,106310,Alexander Ritschard,565,67,-14.0,-51.0,SUI,31,atp_rankings_2026_02_02.csv
2026-02-02,105575,Ricardas Berankis,566,67,-40.0,-131.0,LTU,35,atp_rankings_2026_02_02.csv
2026-02-02,207907,Arda Azkara,567,67,0.0,6.0,TUR,22,atp_rankings_2026_02_02.csv
2026-02-02,209518,Tibo Colson,568,67,-28.0,-101.0,BEL,25,atp_rankings_2026_02_02.csv
2026-02-02,208071,Oleksii Krutykh,569,67,-1.0,0.0,UKR,25,atp_rankings_2026_02_02.csv
2026-02-02,206662,Georgii Kravchenko,570,67,-8.0,-29.0,UKR,25,atp_rankings_2026_02_02.csv
2026-02-02,210121,Kokoro Isomura,571,67,-3.0,-9.0,JPN,23,atp_rankings_2026_02_02.csv
2026-02-02,207969,Stefan Dostanic,572,66,0.0,5.0,USA,24,atp_rankings_2026_02_02.csv
2026-02-02,208457,Radu Mihai Papoe,573,66,0.0,5.0,ROU,23,atp_rankings_2026_02_02.csv
2026-02-02,212051,Joaquin  Aguilar Cardozo,574,66,2.0,17.0,URU,20,atp_rankings_2026_02_02.csv
2026-02-02,200070,Kirill Kivattsev,575,66,-2.0,-3.0,RUS,28,atp_rankings_2026_02_02.csv
2026-02-02,200096,Dragos Nicolae Madaras,576,65,0.0,3.0,SWE,28,atp_rankings_2026_02_02.csv
2026-02-02,207181,Govind Nanda,577,65,-6.0,-23.0,USA,24,atp_rankings_2026_02_02.csv
2026-02-02,210731,Filip Jeff Planinsek,578,65,1.0,9.0,SLO,24,atp_rankings_2026_02_02.csv
2026-02-02,200214,Alan Fernando Rubio Fierros,579,65,6.0,36.0,MEX,26,atp_rankings_2026_02_02.csv
2026-02-02,202398,Michael Vrbensky,580,65,1.0,9.0,CZE,26,atp_rankings_2026_02_02.csv
2026-02-02,209088,Quinn Vandecasteele,581,65,13.0,83.0,USA,23,atp_rankings_2026_02_02.csv
2026-02-02,207220,Taha Baadi,582,65,-2.0,-6.0,CAN,24,atp_rankings_2026_02_02.csv
2026-02-02,211756,Michal Krajci,583,65,0.0,1.0,SVK,21,atp_rankings_2026_02_02.csv
2026-02-02,106298,Lucas Pouille,584,64,0.0,1.0,FRA,31,atp_rankings_2026_02_02.csv
2026-02-02,105944,Juan Sebastian Gomez,585,64,0.0,1.0,COL,33,atp_rankings_2026_02_02.csv
2026-02-02,200014,Digvijaypratap Singh,586,64,2.0,15.0,IND,25,atp_rankings_2026_02_02.csv
2026-02-02,212202,Alvin Nicholas Tudorica,587,64,-1.0,-4.0,CAN,23,atp_rankings_2026_02_02.csv
2026-02-02,209863,Leo Borg,588,64,-13.0,-56.0,SWE,22,atp_rankings_2026_02_02.csv
2026-02-02,210470,Tai Sach,589,64,0.0,3.0,AUS,23,atp_rankings_2026_02_02.csv
2026-02-02,211727,Pavle Marinkov,590,64,-6.0,-30.0,AUS,19,atp_rankings_2026_02_02.csv
2026-02-02,144970,Constantin Bittoun Kouzmine,591,64,1.0,8.0,FRA,27,atp_rankings_2026_02_02.csv
2026-02-02,202150,Dan Alexandru Tomescu,592,63,0.0,2.0,ROU,26,atp_rankings_2026_02_02.csv
2026-02-02,211628,Koki Matsuda,593,63,0.0,3.0,JPN,25,atp_rankings_2026_02_02.csv
2026-02-02,125806,Dominik Kellovsky,594,63,-6.0,-27.0,CZE,29,atp_rankings_2026_02_02.csv
2026-02-02,208253,Niels Visker,595,63,13.0,85.0,NED,24,atp_rankings_2026_02_02.csv
2026-02-02,212258,Adhithya Ganesan,596,62,-1.0,2.0,USA,20,atp_rankings_2026_02_02.csv
2026-02-02,101495,Miguel Tobon,597,62,-1.0,0.0,COL,19,atp_rankings_2026_02_02.csv
2026-02-02,212268,Max Schoenhaus,598,61,2.0,16.0,GER,18,atp_rankings_2026_02_02.csv
2026-02-02,123993,Lucas Gerch,599,61,-1.0,1.0,GER,31,atp_rankings_2026_02_02.csv
2026-02-02,209140,Millen Hurrion,600,61,-1.0,2.0,GBR,26,atp_rankings_2026_02_02.csv
2026-02-02,210054,Matthew William Donald,601,61,0.0,3.0,CZE,21,atp_rankings_2026_02_02.csv
2026-02-02,144907,Adrian Oetzbach,602,61,0.0,5.0,GER,28,atp_rankings_2026_02_02.csv
2026-02-02,200572,Nick Hardt,603,60,0.0,5.0,DOM,25,atp_rankings_2026_02_02.csv
2026-02-02,212749,Andres Santamarta Roig,604,60,0.0,5.0,ESP,19,atp_rankings_2026_02_02.csv
2026-02-02,212785,Carlos Maria Zarate,605,60,0.0,5.0,ARG,,atp_rankings_2026_02_02.csv
2026-02-02,212598,Emilien Demanet,606,60,-1.0,0.0,BEL,20,atp_rankings_2026_02_02.csv
2026-02-02,207660,Nicholas David Ionel,607,60,1.0,13.0,ROU,23,atp_rankings_2026_02_02.csv
2026-02-02,210545,Luis Carlos Alvarez,608,59,0.0,5.0,MEX,21,atp_rankings_2026_02_02.csv
2026-02-02,208854,Aidan Mayo,609,59,0.0,7.0,USA,22,atp_rankings_2026_02_02.csv
2026-02-02,200445,Maxence Beauge,610,59,0.0,7.0,FRA,25,atp_rankings_2026_02_02.csv
2026-02-02,212219,Mees Rottgering,611,59,0.0,7.0,NED,18,atp_rankings_2026_02_02.csv
2026-02-02,210498,Gerard Campana Lee,612,59,0.0,7.0,KOR,21,atp_rankings_2026_02_02.csv
2026-02-02,209120,Yassine Dlimi,613,58,0.0,8.0,MAR,22,atp_rankings_2026_02_02.csv
2026-02-02,122495,Shintaro Imai,614,58,0.0,8.0,JPN,32,atp_rankings_2026_02_02.csv
2026-02-02,126939,Khumoun Sultanov,615,58,-7.0,-34.0,UZB,27,atp_rankings_2026_02_02.csv
2026-02-02,202277,Damien Wenger,616,58,0.0,7.0,SUI,25,atp_rankings_2026_02_02.csv
2026-02-02,211543,Lorenzo Sciahbasi,617,58,0.0,7.0,ITA,20,atp_rankings_2026_02_02.csv
2026-02-02,210604,Loann Massard,618,58,-2.0,-7.0,FRA,20,atp_rankings_2026_02_02.csv
2026-02-02,208605,Mario Gonzalez Fernandez,619,58,0.0,7.0,ESP,23,atp_rankings_2026_02_02.csv
2026-02-02,144923,Louis Wessels,620,58,-2.0,-8.0,GER,27,atp_rankings_2026_02_02.csv
2026-02-02,200297,Aziz Ouakaa,621,58,1.0,12.0,TUN,26,atp_rankings_2026_02_02.csv
2026-02-02,200218,Mate Valkusz,622,57,3.0,28.0,HUN,27,atp_rankings_2026_02_02.csv
2026-02-02,207793,Alec Deckers,623,57,1.0,13.0,NED,25,atp_rankings_2026_02_02.csv
2026-02-02,212190,Karol Filar,624,57,4.0,33.0,POL,27,atp_rankings_2026_02_02.csv
2026-02-02,134120,Kuan Yi Lee,625,57,-1.0,0.0,TPE,29,atp_rankings_2026_02_02.csv
2026-02-02,133794,S D Prajwal Dev,626,57,0.0,6.0,IND,29,atp_rankings_2026_02_02.csv
2026-02-02,202209,Imanol Lopez Morillo,627,57,2.0,21.0,ESP,26,atp_rankings_2026_02_02.csv
2026-02-02,213149,Felix Balshaw,628,57,0.0,3.0,FRA,19,atp_rankings_2026_02_02.csv
2026-02-02,212160,Ryan Fishback,629,57,1.0,9.0,USA,23,atp_rankings_2026_02_02.csv
2026-02-02,134457,Nicolas Moreno De Alboran,630,56,0.0,4.0,USA,28,atp_rankings_2026_02_02.csv
2026-02-02,117356,Cem Ilkel,631,56,-7.0,-38.0,TUR,30,atp_rankings_2026_02_02.csv
2026-02-02,211501,Kenta Miyoshi,632,56,0.0,3.0,JPN,21,atp_rankings_2026_02_02.csv
2026-02-02,200665,Yuta Kawahashi,633,56,-1.0,-4.0,JPN,28,atp_rankings_2026_02_02.csv
2026-02-02,211542,Filippo Romano,634,56,-11.0,-60.0,ITA,20,atp_rankings_2026_02_02.csv
2026-02-02,212305,Juan Cruz Martin Manzano,635,56,-1.0,-5.0,ITA,21,atp_rankings_2026_02_02.csv
2026-02-02,110602,Dennis Novak,636,56,-8.0,-46.0,AUT,32,atp_rankings_2026_02_02.csv
2026-02-02,208909,Johan Alexander Rodriguez Rodriguez,637,55,0.0,5.0,COL,22,atp_rankings_2026_02_02.csv
2026-02-02,209338,Daniel Siniakov,638,55,0.0,5.0,CZE,23,atp_rankings_2026_02_02.csv
2026-02-02,210083,Jakub Nicod,639,55,-2.0,-11.0,CZE,21,atp_rankings_2026_02_02.csv
2026-02-02,202168,Ye Cong Mo,640,55,0.0,7.0,CHN,25,atp_rankings_2026_02_02.csv
2026-02-02,126723,Denys Klok,641,55,-1.0,-2.0,RUS,27,atp_rankings_2026_02_02.csv
2026-02-02,208343,Andrew Paulson,642,54,0.0,7.0,CZE,24,atp_rankings_2026_02_02.csv
2026-02-02,144841,Christian Sigsgaard,643,54,-1.0,-2.0,DEN,28,atp_rankings_2026_02_02.csv
2026-02-02,211550,Yusuke Kusuhara,644,54,0.0,8.0,JPN,28,atp_rankings_2026_02_02.csv
2026-02-02,144751,Rigele Te,645,54,0.0,8.0,CHN,28,atp_rankings_2026_02_02.csv
2026-02-02,106172,Maxime Chazal,646,54,-11.0,-64.0,FRA,32,atp_rankings_2026_02_02.csv
2026-02-02,209517,Igor Kudriashov,647,54,0.0,8.0,RUS,22,atp_rankings_2026_02_02.csv
2026-02-02,210668,Massimo Giunta,648,54,0.0,8.0,ITA,21,atp_rankings_2026_02_02.csv
2026-02-02,122113,Yurii Dzhavakian,649,54,-2.0,-9.0,UKR,32,atp_rankings_2026_02_02.csv
2026-02-02,211767,James Watt,650,53,-2.0,-5.0,NZL,25,atp_rankings_2026_02_02.csv
2026-02-02,205842,Arthur Reymond,651,53,-3.0,-14.0,FRA,26,atp_rankings_2026_02_02.csv
2026-02-02,200030,Facundo Juarez,652,53,0.0,6.0,ITA,28,atp_rankings_2026_02_02.csv
2026-02-02,210320,Kyle Kang,653,52,0.0,7.0,USA,21,atp_rankings_2026_02_02.csv
2026-02-02,210077,Aidan Kim,654,52,0.0,7.0,USA,21,atp_rankings_2026_02_02.csv
2026-02-02,200366,Olukayode Alafia Damina Ayeni,655,52,0.0,7.0,USA,26,atp_rankings_2026_02_02.csv
2026-02-02,208931,Toby Alex Kodat,656,52,-3.0,-10.0,USA,23,atp_rankings_2026_02_02.csv
2026-02-02,211618,Jan Kumstat,657,52,2.0,19.0,CZE,19,atp_rankings_2026_02_02.csv
2026-02-02,211639,Alejo Sanchez Quilez,658,52,0.0,5.0,ESP,20,atp_rankings_2026_02_02.csv
2026-02-02,134389,Tim Handel,659,52,0.0,6.0,GER,29,atp_rankings_2026_02_02.csv
2026-02-02,211673,Duncan Chan,660,51,0.0,6.0,CAN,20,atp_rankings_2026_02_02.csv
2026-02-02,213635,Jacopo Vasami,661,51,0.0,6.0,ITA,18,atp_rankings_2026_02_02.csv
2026-02-02,106264,Karue Sell,662,51,-14.0,-82.0,BRA,32,atp_rankings_2026_02_02.csv
2026-02-02,210721,Iliyan Radulov,663,51,0.0,5.0,BUL,20,atp_rankings_2026_02_02.csv
2026-02-02,208099,Santiago De La Fuente,664,51,-3.0,-10.0,ARG,23,atp_rankings_2026_02_02.csv
2026-02-02,200228,Felix Corwin,665,51,2.0,21.0,USA,29,atp_rankings_2026_02_02.csv
2026-02-02,202418,Stijn Slump,666,51,0.0,3.0,NED,27,atp_rankings_2026_02_02.csv
2026-02-02,212886,Radu David Turcanu,667,51,1.0,10.0,ROU,19,atp_rankings_2026_02_02.csv
2026-02-02,208265,Pierre Delage,668,51,1.0,11.0,FRA,25,atp_rankings_2026_02_02.csv
2026-02-02,208153,Giuseppe La Vela,669,51,0.0,1.0,ITA,25,atp_rankings_2026_02_02.csv
2026-02-02,209337,Luca Castagnola,670,51,0.0,1.0,ITA,23,atp_rankings_2026_02_02.csv
2026-02-02,132831,Giovanni Oradini,671,51,0.0,1.0,ITA,28,atp_rankings_2026_02_02.csv
2026-02-02,106234,Aslan Karatsev,672,50,0.0,2.0,RUS,32,atp_rankings_2026_02_02.csv
2026-02-02,210686,Michael Agwi,673,50,0.0,2.0,IRL,22,atp_rankings_2026_02_02.csv
2026-02-02,208426,Tiago Torres,674,50,13.0,90.0,POR,23,atp_rankings_2026_02_02.csv
2026-02-02,212029,Dimitris Sakellaridis,675,50,9.0,72.0,GRE,19,atp_rankings_2026_02_02.csv
2026-02-02,200574,Alexander Donski,676,49,0.0,5.0,BUL,27,atp_rankings_2026_02_02.csv
2026-02-02,111505,Enzo Couacaud,677,49,0.0,5.0,FRA,30,atp_rankings_2026_02_02.csv
2026-02-02,208586,Joshua Sheehy,678,49,1.0,14.0,USA,29,atp_rankings_2026_02_02.csv
2026-02-02,209506,Francesco Forti,679,49,0.0,5.0,ITA,26,atp_rankings_2026_02_02.csv
2026-02-02,209904,Alejandro Manzanera Pertusa,680,49,0.0,7.0,ESP,22,atp_rankings_2026_02_02.csv
2026-02-02,210599,Ryan Dickerson,681,49,0.0,8.0,USA,28,atp_rankings_2026_02_02.csv
2026-02-02,211524,Abel Forger,682,49,0.0,8.0,NED,20,atp_rankings_2026_02_02.csv
2026-02-02,210505,Marcel Zielinski,683,49,3.0,25.0,POL,25,atp_rankings_2026_02_02.csv
2026-02-02,133997,Sergi Perez Contri,684,49,1.0,14.0,ESP,28,atp_rankings_2026_02_02.csv
2026-02-02,106398,Pedro Cachin,685,48,0.0,6.0,ARG,30,atp_rankings_2026_02_02.csv
2026-02-02,212969,Matisse Bobichon,686,48,-1.0,-1.0,FRA,24,atp_rankings_2026_02_02.csv
2026-02-02,200270,Alex Knaff,687,48,0.0,7.0,LUX,28,atp_rankings_2026_02_02.csv
2026-02-02,207994,Chase Ferguson,688,48,3.0,27.0,AUS,27,atp_rankings_2026_02_02.csv
2026-02-02,212286,Rodrigo Alujas,689,48,0.0,7.0,MEX,23,atp_rankings_2026_02_02.csv
2026-02-02,209971,Michael Bassem Sobhy,690,48,5.0,40.0,EGY,21,atp_rankings_2026_02_02.csv
2026-02-02,106075,Jozef Kovalik,691,47,-16.0,-96.0,SVK,33,atp_rankings_2026_02_02.csv
2026-02-02,207760,Anton Matusevich,692,47,0.0,7.0,GBR,24,atp_rankings_2026_02_02.csv
2026-02-02,209043,Yuta Kikuchi,693,47,-1.0,2.0,JPN,26,atp_rankings_2026_02_02.csv
2026-02-02,209867,Daniil Ostapenkov,694,47,4.0,34.0,BLR,22,atp_rankings_2026_02_02.csv
2026-02-02,211324,Mitsuki Wei Kang Leong,695,47,0.0,6.0,MAS,21,atp_rankings_2026_02_02.csv
2026-02-02,210295,Cooper Williams,696,46,0.0,8.0,USA,20,atp_rankings_2026_02_02.csv
2026-02-02,213003,Pierluigi Basile,697,46,0.0,8.0,ITA,19,atp_rankings_2026_02_02.csv
2026-02-02,208411,Daniel Antonio Nunez,698,46,-4.0,-20.0,CHI,24,atp_rankings_2026_02_02.csv
2026-02-02,212157,Timofei Derepasko,699,46,5.0,42.0,RUS,19,atp_rankings_2026_02_02.csv
2026-02-02,210715,Yaroslav Demin,700,46,10.0,71.0,RUS,20,atp_rankings_2026_02_02.csv
2026-02-02,209247,Axel Garcian,701,46,-7.0,-42.0,FRA,23,atp_rankings_2026_02_02.csv
2026-02-02,212221,Tianhui Zhang,702,46,0.0,5.0,CHN,19,atp_rankings_2026_02_02.csv
2026-02-02,210687,Pawit Sornlaksup,703,46,-1.0,-3.0,THA,26,atp_rankings_2026_02_02.csv
2026-02-02,104932,Kenny De Schepper,704,46,1.0,15.0,FRA,38,atp_rankings_2026_02_02.csv
2026-02-02,210672,Leo Vithoontien,705,46,-1.0,-3.0,JPN,26,atp_rankings_2026_02_02.csv
2026-02-02,106378,Kyle Edmund,706,45,0.0,3.0,GBR,31,atp_rankings_2026_02_02.csv
2026-02-02,212104,Pablo Martinez Gomez,707,45,0.0,3.0,ESP,19,atp_rankings_2026_02_02.csv
2026-02-02,210513,Tuncay Duran,708,45,-1.0,-2.0,TUR,21,atp_rankings_2026_02_02.csv
2026-02-02,126209,Peter Bertran,709,45,0.0,2.0,DOM,29,atp_rankings_2026_02_02.csv
2026-02-02,210744,Kaylan Bigun,710,45,1.0,10.0,USA,19,atp_rankings_2026_02_02.csv
2026-02-02,126335,Sora Fukuda,711,45,0.0,1.0,JPN,28,atp_rankings_2026_02_02.csv
2026-02-02,208431,Semen Pankin,712,45,0.0,1.0,RUS,26,atp_rankings_2026_02_02.csv
2026-02-02,106168,Sidharth Rawat,713,45,-4.0,-25.0,IND,32,atp_rankings_2026_02_02.csv
2026-02-02,212244,Gabriel Ghetu,714,45,0.0,0.0,ROU,18,atp_rankings_2026_02_02.csv
2026-02-02,212070,Ali Yazdani,715,45,0.0,1.0,IRI,22,atp_rankings_2026_02_02.csv
2026-02-02,207535,Marlon Vankan,716,45,15.0,126.0,GER,25,atp_rankings_2026_02_02.csv
2026-02-02,209124,Blu Baker,717,44,-4.0,-24.0,GBR,24,atp_rankings_2026_02_02.csv
2026-02-02,105700,Jose Pereira,718,44,0.0,4.0,BRA,35,atp_rankings_2026_02_02.csv
2026-02-02,211901,Yanis Ghazouani Durand,719,44,5.0,38.0,FRA,25,atp_rankings_2026_02_02.csv
2026-02-02,126177,Strong Kirchheimer,720,44,-3.0,-17.0,USA,30,atp_rankings_2026_02_02.csv
2026-02-02,209128,Diego Augusto Barreto Sanchez,721,44,0.0,2.0,ESP,23,atp_rankings_2026_02_02.csv
2026-02-02,109946,Pedro Rodrigues,722,43,0.0,3.0,BRA,19,atp_rankings_2026_02_02.csv
2026-02-02,111788,Naoki Nakagawa,723,43,0.0,4.0,JPN,29,atp_rankings_2026_02_02.csv
2026-02-02,202154,Uisung Park,724,43,-1.0,-3.0,KOR,25,atp_rankings_2026_02_02.csv
2026-02-02,210099,Dinko Dinev,725,43,0.0,6.0,BUL,21,atp_rankings_2026_02_02.csv
2026-02-02,209985,Amaury Raynel,726,43,2.0,18.0,FRA,23,atp_rankings_2026_02_02.csv
2026-02-02,207557,Maik Steiner,727,43,0.0,5.0,GER,31,atp_rankings_2026_02_02.csv
2026-02-02,106227,Ji Sung Nam,728,42,0.0,6.0,KOR,32,atp_rankings_2026_02_02.csv
2026-02-02,211758,Matthew Summers,729,42,-1.0,0.0,GBR,27,atp_rankings_2026_02_02.csv
2026-02-02,202230,Maxence Bertimon,730,42,1.0,13.0,FRA,26,atp_rankings_2026_02_02.csv
2026-02-02,200713,Federico Iannaccone,731,42,-3.0,-14.0,ITA,26,atp_rankings_2026_02_02.csv
2026-02-02,133820,Ignacio Monzon,732,42,0.0,4.0,ARG,28,atp_rankings_2026_02_02.csv
2026-02-02,138485,Conner Huertas Del Pino,733,41,-1.0,0.0,PER,30,atp_rankings_2026_02_02.csv
2026-02-02,213178,Cruz Hewitt,734,41,0.0,6.0,AUS,17,atp_rankings_2026_02_02.csv
2026-02-02,208126,John Echeverria,735,41,0.0,7.0,ESP,24,atp_rankings_2026_02_02.csv
2026-02-02,210063,Matyas Cerny,736,41,15.0,147.0,CZE,24,atp_rankings_2026_02_02.csv
2026-02-02,208168,Nicolas Tepmahc,737,41,0.0,8.0,FRA,24,atp_rankings_2026_02_02.csv
2026-02-02,202148,Michiel De Krom,738,41,-3.0,-14.0,NED,27,atp_rankings_2026_02_02.csv
2026-02-02,213001,Mika Petkovic,739,41,-1.0,0.0,GER,19,atp_rankings_2026_02_02.csv
2026-02-02,109739,Maximilian Marterer,740,40,0.0,8.0,GER,30,atp_rankings_2026_02_02.csv
2026-02-02,106401,Nick Kyrgios,741,40,-10.0,-68.0,AUS,30,atp_rankings_2026_02_02.csv
2026-02-02,207664,Luca Staeheli,742,40,0.0,7.0,SUI,25,atp_rankings_2026_02_02.csv
2026-02-02,209416,Juan Carlos Aguilar,743,40,-21.0,-140.0,CAN,27,atp_rankings_2026_02_02.csv
2026-02-02,208078,Tomas Farjat,744,40,0.0,7.0,ARG,24,atp_rankings_2026_02_02.csv
2026-02-02,210254,Adrien Gobat,745,40,2.0,17.0,FRA,24,atp_rankings_2026_02_02.csv
2026-02-02,208861,Keisuke Saitoh,746,40,8.0,75.0,JPN,24,atp_rankings_2026_02_02.csv
2026-02-02,149145,Matteo Covato,747,40,0.0,5.0,ITA,20,atp_rankings_2026_02_02.csv
2026-02-02,210537,Josip Simundza,748,40,-2.0,-13.0,CRO,21,atp_rankings_2026_02_02.csv
2026-02-02,210200,Yanaki Milev,749,40,0.0,4.0,BUL,21,atp_rankings_2026_02_02.csv
2026-02-02,132999,Kai Wehnelt,750,40,-2.0,-13.0,GER,30,atp_rankings_2026_02_02.csv
2026-02-02,200632,Evan Zhu,751,40,-1.0,-5.0,USA,27,atp_rankings_2026_02_02.csv
2026-02-02,207776,William Grant,752,40,6.0,51.0,USA,24,atp_rankings_2026_02_02.csv
2026-02-02,134794,Alexis Gautier,753,39,0.0,1.0,FRA,28,atp_rankings_2026_02_02.csv
2026-02-02,210726,Cesar Bouchelaghem,754,39,0.0,1.0,FRA,21,atp_rankings_2026_02_02.csv
2026-02-02,210447,Leo Raquillet,755,39,1.0,6.0,FRA,20,atp_rankings_2026_02_02.csv
2026-02-02,212830,Samuel Alejandro Linde Palacios,756,39,0.0,0.0,COL,18,atp_rankings_2026_02_02.csv
2026-02-02,200330,Tomas Curras Abasolo,757,39,0.0,2.0,ESP,25,atp_rankings_2026_02_02.csv
2026-02-02,212831,Samuel Heredia,758,39,0.0,0.0,COL,19,atp_rankings_2026_02_02.csv
2026-02-02,210048,Pierre Yves Bailly,759,38,8.0,76.0,BEL,22,atp_rankings_2026_02_02.csv
2026-02-02,212248,Fryderyk Lechno Wasiutynski,760,38,4.0,31.0,POL,20,atp_rankings_2026_02_02.csv
2026-02-02,210494,Theo Papamalamis,761,38,-16.0,-110.0,FRA,20,atp_rankings_2026_02_02.csv
2026-02-02,132017,Mwendwa Mbithi,762,38,0.0,-2.0,USA,28,atp_rankings_2026_02_02.csv
2026-02-02,144915,Mikalai Haliak,763,38,4.0,35.0,BLR,27,atp_rankings_2026_02_02.csv
2026-02-02,207893,Daniel De Jonge,764,38,14.0,144.0,NED,26,atp_rankings_2026_02_02.csv
2026-02-02,209185,Alessandro Pecci,765,37,-3.0,-15.0,ITA,24,atp_rankings_2026_02_02.csv
2026-02-02,144748,Kris Van Wyk,766,37,0.0,-1.0,RSA,29,atp_rankings_2026_02_02.csv
2026-02-02,211409,Guillaume Dalmasso,767,37,-8.0,-49.0,FRA,23,atp_rankings_2026_02_02.csv
2026-02-02,210294,Jack Anthrop,768,36,0.0,2.0,USA,22,atp_rankings_2026_02_02.csv
2026-02-02,207788,Thanapet Chanta,769,36,2.0,32.0,THA,26,atp_rankings_2026_02_02.csv
2026-02-02,210098,Victor Lilov,770,36,0.0,2.0,USA,21,atp_rankings_2026_02_02.csv
2026-02-02,105868,Wilson Leite,771,36,0.0,4.0,BRA,34,atp_rankings_2026_02_02.csv
2026-02-02,209095,Francisco Rocha,772,36,0.0,2.0,POR,26,atp_rankings_2026_02_02.csv
2026-02-02,210145,John Sperle,773,36,-1.0,-5.0,GER,24,atp_rankings_2026_02_02.csv
2026-02-02,213713,Melios Efstathiou,774,36,1.0,13.0,CYP,,atp_rankings_2026_02_02.csv
2026-02-02,202089,Aleksandr Braynin,775,36,0.0,1.0,UKR,26,atp_rankings_2026_02_02.csv
2026-02-02,210223,Leonardo Rossi,776,36,0.0,1.0,ITA,23,atp_rankings_2026_02_02.csv
2026-02-02,212455,Lucas Andrade Da Silva,777,35,0.0,1.0,BRA,21,atp_rankings_2026_02_02.csv
2026-02-02,210488,Roger Pascual Ferra,778,35,0.0,1.0,ESP,19,atp_rankings_2026_02_02.csv
2026-02-02,211558,Karim Bennani,779,35,0.0,1.0,MAR,18,atp_rankings_2026_02_02.csv
2026-02-02,129814,Ivan Ivanov,780,35,7.0,75.0,BUL,17,atp_rankings_2026_02_02.csv
2026-02-02,200538,Matyas Fuele,781,35,0.0,0.0,HUN,27,atp_rankings_2026_02_02.csv
2026-02-02,210236,Attila Boros,782,35,0.0,0.0,HUN,22,atp_rankings_2026_02_02.csv
2026-02-02,209278,Alec Beckley,783,35,0.0,0.0,RSA,24,atp_rankings_2026_02_02.csv
2026-02-02,209163,Emile Hudd,784,35,0.0,0.0,GBR,25,atp_rankings_2026_02_02.csv
2026-02-02,207592,Martin Van Der Meerschen,785,35,0.0,0.0,BEL,25,atp_rankings_2026_02_02.csv
2026-02-02,212603,Benjamin Torrealba,786,35,4.0,46.0,CHI,20,atp_rankings_2026_02_02.csv
2026-02-02,200086,Toufik Sahtali,787,35,2.0,30.0,ALG,27,atp_rankings_2026_02_02.csv
2026-02-02,211391,Iannis Miletich,788,35,0.0,0.0,ITA,20,atp_rankings_2026_02_02.csv
2026-02-02,121264,Oscar Jose Gutierrez,789,35,-2.0,-20.0,BRA,32,atp_rankings_2026_02_02.csv
2026-02-02,106397,Wishaya Trongcharoenchaikul,790,35,0.0,-1.0,THA,30,atp_rankings_2026_02_02.csv
2026-02-02,125802,Ilya Ivashka,791,34,0.0,2.0,BLR,31,atp_rankings_2026_02_02.csv
2026-02-02,211479,Gustavo Ribeiro De Almeida,792,34,0.0,3.0,BRA,19,atp_rankings_2026_02_02.csv
2026-02-02,212784,Maximo Zeitune,793,34,0.0,4.0,ARG,18,atp_rankings_2026_02_02.csv
2026-02-02,207134,Fitriadi M Rifqi,794,34,1.0,18.0,INA,27,atp_rankings_2026_02_02.csv
2026-02-02,209038,Linang Xiao,795,34,0.0,4.0,CHN,25,atp_rankings_2026_02_02.csv
2026-02-02,209330,Bautista Vilicich,796,34,0.0,0.0,ARG,24,atp_rankings_2026_02_02.csv
2026-02-02,208386,Matt Kuhar,797,34,-2.0,-24.0,USA,29,atp_rankings_2026_02_02.csv
2026-02-02,212788,Amir Omarkhanov,798,34,1.0,16.0,KAZ,18,atp_rankings_2026_02_02.csv
2026-02-02,206916,Joshua Charlton,799,34,0.0,3.0,AUS,26,atp_rankings_2026_02_02.csv
2026-02-02,109694,Pedro Araujo,800,34,-14.0,-103.0,POR,23,atp_rankings_2026_02_02.csv
2026-02-02,208285,Fausto Tabacco,801,34,-8.0,-63.0,ITA,23,atp_rankings_2026_02_02.csv
2026-02-02,208267,Oscar Weightman,802,33,0.0,3.0,GBR,24,atp_rankings_2026_02_02.csv
2026-02-02,212285,Albert Pedrico Kravtsov,803,33,0.0,3.0,ESP,20,atp_rankings_2026_02_02.csv
2026-02-02,202327,Marko Miladinovic,804,33,4.0,39.0,SRB,25,atp_rankings_2026_02_02.csv
2026-02-02,214590,Nikita Belozertsev,805,33,0.0,2.0,UZB,17,atp_rankings_2026_02_02.csv
2026-02-02,210203,Pedro Rodenas,806,33,0.0,2.0,ESP,21,atp_rankings_2026_02_02.csv
2026-02-02,212839,Oliver Bonding,807,33,0.0,3.0,GBR,18,atp_rankings_2026_02_02.csv
2026-02-02,117353,Duck Hee Lee,808,33,0.0,5.0,KOR,27,atp_rankings_2026_02_02.csv
2026-02-02,124040,Colin Sinclair,809,33,-2.0,-23.0,NMI,31,atp_rankings_2026_02_02.csv
2026-02-02,210629,Alejandro Juan Mano,810,33,0.0,6.0,ESP,21,atp_rankings_2026_02_02.csv
2026-02-02,210477,Artur Kukasian,811,33,0.0,7.0,RUS,21,atp_rankings_2026_02_02.csv
2026-02-02,209360,Samir Hamza Reguig,812,33,-2.0,-22.0,ALG,24,atp_rankings_2026_02_02.csv
2026-02-02,144707,Mikael Ymer,813,32,-25.0,-186.0,SWE,27,atp_rankings_2026_02_02.csv
2026-02-02,126185,Evgenii Tiurnev,814,32,0.0,6.0,RUS,28,atp_rankings_2026_02_02.csv
2026-02-02,210218,Bruno Fernandez,815,32,0.0,7.0,BRA,21,atp_rankings_2026_02_02.csv
2026-02-02,212203,Luca Preda,816,32,-5.0,-50.0,ROU,19,atp_rankings_2026_02_02.csv
2026-02-02,208055,Ajeet Rai,817,32,0.0,6.0,NZL,27,atp_rankings_2026_02_02.csv
2026-02-02,209246,Alan Magadan,818,32,-2.0,-18.0,MEX,24,atp_rankings_2026_02_02.csv
2026-02-02,209164,Lorenzo Rottoli,819,32,0.0,6.0,ITA,23,atp_rankings_2026_02_02.csv
2026-02-02,208277,Taiyo Yamanaka,820,32,0.0,6.0,JPN,24,atp_rankings_2026_02_02.csv
2026-02-02,202124,Kosuke Ogura,821,32,0.0,6.0,JPN,29,atp_rankings_2026_02_02.csv
2026-02-02,106078,Egor Gerasimov,822,31,0.0,6.0,BLR,33,atp_rankings_2026_02_02.csv
2026-02-02,202065,Petros Tsitsipas,823,31,0.0,6.0,GRE,25,atp_rankings_2026_02_02.csv
2026-02-02,212025,Yannik Kelm,824,31,1.0,17.0,GER,20,atp_rankings_2026_02_02.csv
2026-02-02,210143,Maximilian Homberg,825,31,-1.0,-1.0,GER,23,atp_rankings_2026_02_02.csv
2026-02-02,210424,Michel Hopp,826,31,0.0,4.0,GER,27,atp_rankings_2026_02_02.csv
2026-02-02,206749,Niccolo Catini,827,31,0.0,6.0,ITA,28,atp_rankings_2026_02_02.csv
2026-02-02,208147,Alexandre Aubriot,828,31,3.0,35.0,FRA,26,atp_rankings_2026_02_02.csv
2026-02-02,105373,Martin Klizan,829,30,0.0,7.0,SVK,36,atp_rankings_2026_02_02.csv
2026-02-02,209198,Gian Luca Tanner,830,30,0.0,8.0,SUI,25,atp_rankings_2026_02_02.csv
2026-02-02,106348,Evgeny Karlovskiy,831,30,-3.0,-22.0,RUS,31,atp_rankings_2026_02_02.csv
2026-02-02,210328,Matt Ponchet,832,30,0.0,5.0,FRA,21,atp_rankings_2026_02_02.csv
2026-02-02,213760,Pavel Lagutin,833,30,4.0,45.0,RUS,20,atp_rankings_2026_02_02.csv
2026-02-02,209099,Kristijan Juhas,834,30,0.0,5.0,SRB,24,atp_rankings_2026_02_02.csv
2026-02-02,210577,Alejandro Turriziani Alvarez,835,30,0.0,5.0,ESP,22,atp_rankings_2026_02_02.csv
2026-02-02,208094,Jorge Plans,836,30,1.0,9.0,ESP,24,atp_rankings_2026_02_02.csv
2026-02-02,202346,Ben Jones,837,30,-1.0,-3.0,GBR,27,atp_rankings_2026_02_02.csv
2026-02-02,202342,Ryan Seggerman,838,29,2.0,26.0,USA,26,atp_rankings_2026_02_02.csv
2026-02-02,207456,Dong Ju Kim,839,29,1.0,12.0,KOR,23,atp_rankings_2026_02_02.csv
2026-02-02,207736,Arklon Huertas Del Pino,840,29,4.0,49.0,PER,31,atp_rankings_2026_02_02.csv
2026-02-02,106296,Gregoire Barrere,841,29,-8.0,-78.0,FRA,31,atp_rankings_2026_02_02.csv
2026-02-02,209882,Jeffrey Von Der Schulenburg,842,29,2.0,26.0,SUI,23,atp_rankings_2026_02_02.csv
2026-02-02,210132,Julio Cesar Porras,843,29,0.0,1.0,ARG,27,atp_rankings_2026_02_02.csv
2026-02-02,202258,Rafael Izquierdo Luque,844,29,0.0,2.0,ESP,26,atp_rankings_2026_02_02.csv
2026-02-02,208302,Nikola Slavic,845,29,1.0,13.0,SWE,25,atp_rankings_2026_02_02.csv
2026-02-02,212288,Vincent Marysko,846,29,-2.0,-15.0,GER,19,atp_rankings_2026_02_02.csv
2026-02-02,134276,Jacob Brumm,847,29,-4.0,-28.0,USA,27,atp_rankings_2026_02_02.csv
2026-02-02,211566,Patrick Schoen,848,28,0.0,4.0,SUI,20,atp_rankings_2026_02_02.csv
2026-02-02,212115,Hoyoung Roh,849,28,0.0,4.0,KOR,19,atp_rankings_2026_02_02.csv
2026-02-02,213010,Marc Van Der Merwe,850,28,0.0,4.0,RSA,31,atp_rankings_2026_02_02.csv
2026-02-02,208166,Xiaofei Wang,851,28,0.0,5.0,CHN,23,atp_rankings_2026_02_02.csv
2026-02-02,104729,Ivan Nedelko,852,28,0.0,5.0,RUS,39,atp_rankings_2026_02_02.csv
2026-02-02,208532,Thiago Cigarran,853,28,-1.0,-5.0,ARG,25,atp_rankings_2026_02_02.csv
2026-02-02,207383,Taisei Ichikawa,854,28,0.0,7.0,JPN,25,atp_rankings_2026_02_02.csv
2026-02-02,210523,Luca Pow,855,27,1.0,22.0,GBR,21,atp_rankings_2026_02_02.csv
2026-02-02,206922,Luca Wiedenmann,856,27,0.0,9.0,GER,27,atp_rankings_2026_02_02.csv
2026-02-02,200598,Isaiah Strode,857,27,0.0,9.0,USA,28,atp_rankings_2026_02_02.csv
2026-02-02,209937,Giorgio Tabacco,858,27,0.0,11.0,ITA,22,atp_rankings_2026_02_02.csv
2026-02-02,212127,Charlie Robertson,859,27,0.0,8.0,GBR,19,atp_rankings_2026_02_02.csv
2026-02-02,126135,Jumpei Yamasaki,860,27,0.0,10.0,JPN,28,atp_rankings_2026_02_02.csv
2026-02-02,210623,Jakub Filip,861,27,0.0,11.0,CZE,20,atp_rankings_2026_02_02.csv
2026-02-02,206556,Lautaro Agustin Falabella,862,27,0.0,9.0,ARG,28,atp_rankings_2026_02_02.csv
2026-02-02,208132,Noah Schachter,863,27,-2.0,-14.0,USA,26,atp_rankings_2026_02_02.csv
2026-02-02,208925,John Hallquist Lithen,864,27,0.0,10.0,SWE,24,atp_rankings_2026_02_02.csv
2026-02-02,212978,Izan Almazan Valiente,865,27,-1.0,-5.0,ESP,19,atp_rankings_2026_02_02.csv
2026-02-02,211708,Manuel Plunger,866,26,0.0,9.0,ITA,23,atp_rankings_2026_02_02.csv
2026-02-02,148674,Emon Van Loben Sels,866,26,0.0,9.0,USA,21,atp_rankings_2026_02_02.csv
2026-02-02,209928,Kalin Ivanovski,868,26,0.0,13.0,MKD,21,atp_rankings_2026_02_02.csv
2026-02-02,209914,Andreja Petrovic,869,26,0.0,10.0,NOR,26,atp_rankings_2026_02_02.csv
2026-02-02,206921,Scott Jones,870,26,0.0,12.0,AUS,28,atp_rankings_2026_02_02.csv
2026-02-02,200595,Lorenzo Bocchi,871,26,4.0,57.0,ITA,28,atp_rankings_2026_02_02.csv
2026-02-02,125833,Mert Naci Turker,872,26,-3.0,-25.0,TUR,27,atp_rankings_2026_02_02.csv
2026-02-02,208533,Joao Victor Couto Loureiro,873,26,0.0,11.0,BRA,22,atp_rankings_2026_02_02.csv
2026-02-02,212306,Ignacio Parisca,874,26,-2.0,-15.0,VEN,20,atp_rankings_2026_02_02.csv
2026-02-02,208806,Stefano Dagostino,875,26,0.0,10.0,ITA,22,atp_rankings_2026_02_02.csv
2026-02-02,211707,Amit Vales,876,26,-1.0,-3.0,ISR,20,atp_rankings_2026_02_02.csv
2026-02-02,200276,Niklas Schell,877,26,-2.0,-15.0,GER,27,atp_rankings_2026_02_02.csv
2026-02-02,209253,Andrea Fiorentini,878,26,0.0,8.0,ITA,25,atp_rankings_2026_02_02.csv
2026-02-02,106043,Diego Schwartzman,879,25,0.0,8.0,ARG,33,atp_rankings_2026_02_02.csv
2026-02-02,106423,Thanasi Kokkinakis,880,25,-50.0,-341.0,AUS,29,atp_rankings_2026_02_02.csv
2026-02-02,149842,Nicolas Ian Kotzen,881,25,0.0,7.0,USA,22,atp_rankings_2026_02_02.csv
2026-02-02,126165,Aoran Wang,882,25,0.0,8.0,CHN,28,atp_rankings_2026_02_02.csv
2026-02-02,132310,Tiago Cacao,883,25,0.0,8.0,POR,27,atp_rankings_2026_02_02.csv
2026-02-02,213194,Jack Kennedy,884,25,0.0,8.0,USA,17,atp_rankings_2026_02_02.csv
2026-02-02,210265,Aleksandr Lobanov,885,25,0.0,8.0,RUS,24,atp_rankings_2026_02_02.csv
2026-02-02,200671,Daisuke Sumizawa,886,25,0.0,8.0,JPN,27,atp_rankings_2026_02_02.csv
2026-02-02,133014,Enzo Wallart,887,25,0.0,8.0,FRA,28,atp_rankings_2026_02_02.csv
2026-02-02,210554,Marko Maksimovic,888,25,-4.0,-38.0,SRB,19,atp_rankings_2026_02_02.csv
2026-02-02,210652,Dragos Nicolae Cazacu,889,25,0.0,7.0,ROU,21,atp_rankings_2026_02_02.csv
2026-02-02,206573,Trey Hilderbrand,890,24,-10.0,-98.0,USA,25,atp_rankings_2026_02_02.csv
2026-02-02,209943,Ilya Snitari,891,24,0.0,7.0,MDA,23,atp_rankings_2026_02_02.csv
2026-02-02,209905,Shunsuke Nakagawa,892,24,0.0,7.0,JPN,25,atp_rankings_2026_02_02.csv
2026-02-02,207404,Miles Jones,893,24,0.0,8.0,USA,25,atp_rankings_2026_02_02.csv
2026-02-02,126971,Marcus Walters,894,24,0.0,8.0,GBR,27,atp_rankings_2026_02_02.csv
2026-02-02,208867,Tomas Luis,895,24,0.0,8.0,POR,23,atp_rankings_2026_02_02.csv
2026-02-02,212748,Anas Mazdrashki,896,24,0.0,8.0,BUL,,atp_rankings_2026_02_02.csv
2026-02-02,209956,Dev Javia,897,24,0.0,9.0,IND,23,atp_rankings_2026_02_02.csv
2026-02-02,126216,Alexander Klintcharov,898,24,0.0,9.0,NZL,29,atp_rankings_2026_02_02.csv
2026-02-02,208818,Finn Murgett,899,24,0.0,6.0,GBR,24,atp_rankings_2026_02_02.csv
2026-02-02,210252,Seydina Andre,900,24,0.0,9.0,SEN,22,atp_rankings_2026_02_02.csv
2026-02-02,212171,Nicolas Jadoun,901,24,0.0,9.0,FRA,23,atp_rankings_2026_02_02.csv
2026-02-02,212733,Matthew Forbes,902,23,1.0,23.0,USA,19,atp_rankings_2026_02_02.csv
2026-02-02,213932,Theodore Dean,903,23,0.0,10.0,USA,23,atp_rankings_2026_02_02.csv
2026-02-02,209166,Calvin Mueller,904,23,1.0,23.0,GER,25,atp_rankings_2026_02_02.csv
2026-02-02,209334,Micah Braswell,905,23,-11.0,-111.0,USA,24,atp_rankings_2026_02_02.csv
2026-02-02,209394,Anton Shepp,906,23,0.0,8.0,NZL,23,atp_rankings_2026_02_02.csv
2026-02-02,207407,Peter Makk,907,23,0.0,8.0,HUN,24,atp_rankings_2026_02_02.csv
2026-02-02,212780,Enzo Kohlmann De Freitas,908,23,0.0,10.0,BRA,19,atp_rankings_2026_02_02.csv
2026-02-02,131910,Lucas Bouquet,909,23,-10.0,-98.0,FRA,28,atp_rankings_2026_02_02.csv
2026-02-02,212269,Marc Majdandzic,910,23,1.0,21.0,GER,20,atp_rankings_2026_02_02.csv
2026-02-02,202125,Benjamin Pietri,911,23,0.0,9.0,FRA,29,atp_rankings_2026_02_02.csv
2026-02-02,208264,Carles Hernandez,912,23,0.0,9.0,ESP,24,atp_rankings_2026_02_02.csv
2026-02-02,213062,Nikolai Barsukov,913,23,12.0,224.0,GER,,atp_rankings_2026_02_02.csv
2026-02-02,144925,Nitin Kumar Sinha,914,23,0.0,8.0,IND,26,atp_rankings_2026_02_02.csv
2026-02-02,206923,Shinji Hazawa,915,23,-10.0,-100.0,JPN,26,atp_rankings_2026_02_02.csv
2026-02-02,200125,Mykyta Mashtakov,916,23,0.0,7.0,UKR,26,atp_rankings_2026_02_02.csv
2026-02-02,200220,Ezekiel Clark,917,23,-1.0,-6.0,USA,27,atp_rankings_2026_02_02.csv
2026-02-02,126197,Orlando Luz,918,22,-2.0,-21.0,BRA,27,atp_rankings_2026_02_02.csv
2026-02-02,210531,Paul Inchauspe,919,22,0.0,7.0,FRA,21,atp_rankings_2026_02_02.csv
2026-02-02,210553,Jacob Bradshaw,920,22,-4.0,-40.0,AUS,23,atp_rankings_2026_02_02.csv
2026-02-02,211774,Ryotaro Taguchi,921,22,0.0,8.0,JPN,25,atp_rankings_2026_02_02.csv
2026-02-02,212071,Kasra Rahmani,922,22,-1.0,-3.0,IRI,19,atp_rankings_2026_02_02.csv
2026-02-02,212832,Salvador Price,923,22,0.0,9.0,COL,20,atp_rankings_2026_02_02.csv
2026-02-02,210483,Yaojie Zeng,924,22,0.0,6.0,CHN,24,atp_rankings_2026_02_02.csv
2026-02-02,211649,Fernando Cavallo,925,22,-2.0,-25.0,ARG,20,atp_rankings_2026_02_02.csv
2026-02-02,208466,Evan Bynoe,926,22,0.0,8.0,USA,26,atp_rankings_2026_02_02.csv
2026-02-02,211897,Naoya Honda,927,22,-15.0,-160.0,JPN,19,atp_rankings_2026_02_02.csv
2026-02-02,209923,Romain Faucon,928,22,0.0,7.0,BEL,23,atp_rankings_2026_02_02.csv
2026-02-02,202334,Jesse Delaney,929,22,-2.0,-17.0,AUS,27,atp_rankings_2026_02_02.csv
2026-02-02,212076,Zoran Ludoski,930,21,0.0,8.0,SRB,20,atp_rankings_2026_02_02.csv
2026-02-02,208237,Aleksa Ciric,931,21,0.0,8.0,SRB,25,atp_rankings_2026_02_02.csv
2026-02-02,211790,Rudy Quan,932,21,0.0,8.0,USA,19,atp_rankings_2026_02_02.csv
2026-02-02,208897,Pablo Masjuan Ginel,933,21,0.0,9.0,ESP,23,atp_rankings_2026_02_02.csv
2026-02-02,212311,Stijn Paardekooper,934,21,0.0,9.0,NED,22,atp_rankings_2026_02_02.csv
2026-02-02,126581,Juan Sebastian Osorio,935,21,0.0,9.0,COL,28,atp_rankings_2026_02_02.csv
2026-02-02,207676,Adan Freire Da Silva,936,21,-1.0,-3.0,FRA,26,atp_rankings_2026_02_02.csv
2026-02-02,210052,Nicolas Zanellato,937,21,2.0,35.0,BRA,24,atp_rankings_2026_02_02.csv
2026-02-02,208250,Mihai Razvan Marinescu,938,21,-1.0,-1.0,ROU,24,atp_rankings_2026_02_02.csv
2026-02-02,200441,Grigoriy Lomakin,939,21,-2.0,-15.0,KAZ,27,atp_rankings_2026_02_02.csv
2026-02-02,105731,Steven Diez,940,20,0.0,5.0,CAN,34,atp_rankings_2026_02_02.csv
2026-02-02,212958,Spencer Johnson,941,20,2.0,38.0,USA,23,atp_rankings_2026_02_02.csv
2026-02-02,126283,Yunseong Chung,942,20,0.0,4.0,KOR,27,atp_rankings_2026_02_02.csv
2026-02-02,208229,Qian Sun,943,20,0.0,5.0,CHN,24,atp_rankings_2026_02_02.csv
2026-02-02,211564,Brian Bozemoj,944,20,0.0,5.0,NED,22,atp_rankings_2026_02_02.csv
2026-02-02,207794,Younes Lalami Laaroussi,945,20,0.0,5.0,MAR,24,atp_rankings_2026_02_02.csv
2026-02-02,144932,Kristjan Tamm,946,20,0.0,5.0,EST,27,atp_rankings_2026_02_02.csv
2026-02-02,209233,Pietro Marino,947,20,-2.0,-11.0,ITA,24,atp_rankings_2026_02_02.csv
2026-02-02,208057,Diego Fernandez Flores,948,20,0.0,7.0,CHI,25,atp_rankings_2026_02_02.csv
2026-02-02,111568,Michael Zhu,949,20,0.0,7.0,USA,33,atp_rankings_2026_02_02.csv
2026-02-02,126536,David Pichler,950,19,0.0,7.0,AUT,29,atp_rankings_2026_02_02.csv
2026-02-02,134087,Johannes Ingildsen,951,19,0.0,7.0,DEN,28,atp_rankings_2026_02_02.csv
2026-02-02,213141,Georgi Georgiev,952,19,0.0,7.0,BUL,19,atp_rankings_2026_02_02.csv
2026-02-02,210028,Ozan Baris,953,19,0.0,7.0,USA,21,atp_rankings_2026_02_02.csv
2026-02-02,210727,Taym Al Azmeh,954,19,0.0,7.0,GER,21,atp_rankings_2026_02_02.csv
2026-02-02,211355,Oskar Brostrom Poulsen,955,19,4.0,75.0,DEN,24,atp_rankings_2026_02_02.csv
2026-02-02,,Jea Moon Lee,956,19,0.0,7.0,,,atp_rankings_2026_02_02.csv
2026-02-02,200176,Manish Sureshkumar,957,19,0.0,7.0,IND,26,atp_rankings_2026_02_02.csv
2026-02-02,210429,Pietro Romeo Scomparin,958,19,0.0,7.0,ITA,24,atp_rankings_2026_02_02.csv
2026-02-02,209171,Thantub Suksumrarn,959,19,0.0,7.0,THA,24,atp_rankings_2026_02_02.csv
2026-02-02,209866,Karlis Ozolins,960,19,-1.0,-13.0,LAT,23,atp_rankings_2026_02_02.csv
2026-02-02,209997,Marcello Serafini,961,19,0.0,8.0,ITA,23,atp_rankings_2026_02_02.csv
2026-02-02,211658,Tomas Martinez,962,19,0.0,11.0,ARG,22,atp_rankings_2026_02_02.csv
2026-02-02,202077,Ewen Lumsden,963,19,0.0,7.0,GBR,25,atp_rankings_2026_02_02.csv
2026-02-02,202419,Justin Schlageter,964,19,0.0,10.0,GER,24,atp_rankings_2026_02_02.csv
2026-02-02,210003,Chirag Duhan,965,19,-1.0,-13.0,IND,22,atp_rankings_2026_02_02.csv
2026-02-02,210535,Maxim Shin,966,19,1.0,21.0,UZB,22,atp_rankings_2026_02_02.csv
2026-02-02,208152,Gabriele Bosio,967,19,0.0,4.0,ITA,25,atp_rankings_2026_02_02.csv
2026-02-02,202244,Jeremy Gschwendtner,968,19,0.0,8.0,GBR,27,atp_rankings_2026_02_02.csv
2026-02-02,208051,Axel Nefve,969,19,-1.0,-15.0,USA,25,atp_rankings_2026_02_02.csv
2026-02-02,104905,Nicolas Barrientos,970,18,0.0,7.0,COL,38,atp_rankings_2026_02_02.csv
2026-02-02,136440,Dominik Koepfer,971,18,-65.0,-461.0,GER,31,atp_rankings_2026_02_02.csv
2026-02-02,213677,Dante Pagani,972,18,0.0,6.0,ARG,,atp_rankings_2026_02_02.csv
2026-02-02,212944,Ryo Tabata,973,18,0.0,8.0,JPN,18,atp_rankings_2026_02_02.csv
2026-02-02,106167,Joris De Loore,974,18,-25.0,-248.0,BEL,32,atp_rankings_2026_02_02.csv
2026-02-02,212308,Markus Malaszszak,975,18,0.0,8.0,GER,21,atp_rankings_2026_02_02.csv
2026-02-02,200418,Karl Friberg,976,18,0.0,8.0,SWE,26,atp_rankings_2026_02_02.csv
2026-02-02,208003,Bekkhan Atlangeriev,977,18,-1.0,-9.0,RUS,24,atp_rankings_2026_02_02.csv
2026-02-02,210683,Peter Buldorini,978,18,0.0,8.0,ITA,21,atp_rankings_2026_02_02.csv
2026-02-02,202369,Daniel Salazar Martinez,979,18,0.0,10.0,COL,24,atp_rankings_2026_02_02.csv
2026-02-02,210047,Lorenzo Lorusso,980,18,0.0,10.0,ITA,26,atp_rankings_2026_02_02.csv
2026-02-02,210086,Lorenzo Angelini,981,18,0.0,10.0,ITA,19,atp_rankings_2026_02_02.csv
2026-02-02,210507,Nicolas Villalon,982,18,0.0,10.0,CHI,21,atp_rankings_2026_02_02.csv
2026-02-02,212949,Ziga Sesko,983,17,0.0,13.0,SLO,17,atp_rankings_2026_02_02.csv
2026-02-02,210242,Ryan Colby,984,17,0.0,11.0,USA,22,atp_rankings_2026_02_02.csv
2026-02-02,212926,Andrew Delgado,984,17,0.0,14.0,USA,20,atp_rankings_2026_02_02.csv
2026-02-02,211674,Kuang Qing Xu,986,17,0.0,11.0,CHN,19,atp_rankings_2026_02_02.csv
2026-02-02,207595,Mateo Barreiros Reyes,987,17,-1.0,-7.0,BRA,25,atp_rankings_2026_02_02.csv
2026-02-02,209064,Suk Hyun Choo,988,17,0.0,11.0,KOR,24,atp_rankings_2026_02_02.csv
2026-02-02,148673,Dominique Rolland,989,17,0.0,11.0,USA,21,atp_rankings_2026_02_02.csv
2026-02-02,212405,Gavin Young,990,17,4.0,79.0,USA,23,atp_rankings_2026_02_02.csv
2026-02-02,106288,Mathias Bourgue,991,17,-6.0,-76.0,FRA,32,atp_rankings_2026_02_02.csv
2026-02-02,208485,Kiranpal Pannu,992,17,0.0,10.0,NZL,29,atp_rankings_2026_02_02.csv
2026-02-02,208262,Alejo Lorenzo Lingua Lavallen,993,17,-1.0,-11.0,ARG,24,atp_rankings_2026_02_02.csv
2026-02-02,200331,Leonardo Aboian,994,17,-1.0,-9.0,ARG,27,atp_rankings_2026_02_02.csv
2026-02-02,212478,William Rejchtman Vinciguerra,995,17,0.0,8.0,SWE,18,atp_rankings_2026_02_02.csv
2026-02-02,212059,Zach Stephens,996,17,0.0,10.0,GBR,19,atp_rankings_2026_02_02.csv
2026-02-02,132374,Jesse Flores,997,17,0.0,10.0,CRC,30,atp_rankings_2026_02_02.csv
2026-02-02,212199,Tymur Bieldiugin,998,17,0.0,10.0,UKR,20,atp_rankings_2026_02_02.csv
2026-02-02,212816,Lucca Helguera Casado,999,17,1.0,25.0,ESP,20,atp_rankings_2026_02_02.csv
2026-02-02,212530,Mikael Arseneault,1000,17,0.0,9.0,CAN,19,atp_rankings_2026_02_02.csv
2026-02-02,202275,Fermin Tenti,1001,17,0.0,9.0,ARG,28,atp_rankings_2026_02_02.csv
2026-02-02,208613,Ezequiel Monferrer,1002,17,0.0,11.0,ARG,22,atp_rankings_2026_02_02.csv
2026-02-02,211700,Ruslan Tiukaev,1003,17,0.0,11.0,RUS,20,atp_rankings_2026_02_02.csv
2026-02-02,211317,Chen Dong,1004,17,0.0,11.0,AUS,23,atp_rankings_2026_02_02.csv
2026-02-02,208401,Giannicola Misasi,1005,17,-1.0,-12.0,ITA,25,atp_rankings_2026_02_02.csv
2026-02-02,213987,Vignesh Gogineni,1006,16,0.0,10.0,USA,,atp_rankings_2026_02_02.csv
2026-02-02,211664,Nicolas Oliveira,1007,16,0.0,10.0,BRA,19,atp_rankings_2026_02_02.csv
2026-02-02,211585,Alex Kuperstein,1008,16,0.0,10.0,USA,27,atp_rankings_2026_02_02.csv
2026-02-02,211675,Keegan Rice,1009,16,0.0,10.0,CAN,19,atp_rankings_2026_02_02.csv
2026-02-02,127087,Dominik Recek,1010,16,-1.0,-9.0,CZE,30,atp_rankings_2026_02_02.csv
2026-02-02,207682,Lorenzo Gagliardo,1011,16,0.0,9.0,ITA,25,atp_rankings_2026_02_02.csv
2026-02-02,212310,Pepijn Bastiaansen,1012,16,-1.0,-8.0,NED,20,atp_rankings_2026_02_02.csv
2026-02-02,202128,Louis Dussin,1013,16,-1.0,-8.0,FRA,26,atp_rankings_2026_02_02.csv
2026-02-02,206746,Benjamin Winter Lopez,1014,16,0.0,7.0,ESP,27,atp_rankings_2026_02_02.csv
2026-02-02,208467,Alexander Kotzen,1015,16,3.0,59.0,USA,25,atp_rankings_2026_02_02.csv
2026-02-02,208653,Isaac Becroft,1016,16,0.0,6.0,NZL,25,atp_rankings_2026_02_02.csv
2026-02-02,211646,Louis Larue,1017,16,1.0,21.0,FRA,21,atp_rankings_2026_02_02.csv
2026-02-02,213014,Simeon Stankovic,1018,16,0.0,5.0,SRB,,atp_rankings_2026_02_02.csv
2026-02-02,209889,Thomas Braithwaite,1019,16,-2.0,-31.0,AUS,26,atp_rankings_2026_02_02.csv
2026-02-02,210436,Hayden Jones,1020,16,0.0,5.0,AUS,19,atp_rankings_2026_02_02.csv
2026-02-02,212888,Rares Teodor Pieleanu,1021,16,-1.0,-9.0,ROU,18,atp_rankings_2026_02_02.csv
2026-02-02,200050,Finn Bass,1022,16,-4.0,-69.0,GBR,26,atp_rankings_2026_02_02.csv
2026-02-02,206600,Zura Tkemaladze,1023,16,2.0,40.0,GEO,25,atp_rankings_2026_02_02.csv
2026-02-02,212552,Nicolas Ifi,1024,16,0.0,2.0,BEL,27,atp_rankings_2026_02_02.csv
2026-02-02,211651,Alexander Vasilev,1025,15,0.0,2.0,BUL,18,atp_rankings_2026_02_02.csv
2026-02-02,106214,Oscar Otte,1026,15,0.0,2.0,GER,32,atp_rankings_2026_02_02.csv
2026-02-02,202361,Simon Reveniau,1027,15,0.0,2.0,FRA,27,atp_rankings_2026_02_02.csv
2026-02-02,106425,Blake Mott,1028,15,0.0,3.0,AUS,29,atp_rankings_2026_02_02.csv
2026-02-02,212235,Noah Zamora,1029,15,2.0,41.0,USA,22,atp_rankings_2026_02_02.csv
2026-02-02,210705,Matt Hulme,1030,15,-4.0,-68.0,AUS,26,atp_rankings_2026_02_02.csv
2026-02-02,211394,Patrick Brady,1031,15,0.0,1.0,GBR,21,atp_rankings_2026_02_02.csv
2026-02-02,,Gilbert Klier Junior,1032,15,0.0,1.0,,,atp_rankings_2026_02_02.csv
2026-02-02,208320,Christopher Li,1033,15,0.0,1.0,PER,22,atp_rankings_2026_02_02.csv
2026-02-02,124001,Gergely Madarasz,1034,15,0.0,2.0,HUN,31,atp_rankings_2026_02_02.csv
2026-02-02,212852,Kacper Szymkowiak,1035,15,0.0,0.0,POL,21,atp_rankings_2026_02_02.csv
2026-02-02,126878,David Poljak,1036,15,0.0,1.0,CZE,29,atp_rankings_2026_02_02.csv
2026-02-02,105332,Benoit Paire,1037,15,-8.0,-120.0,FRA,36,atp_rankings_2026_02_02.csv
2026-02-02,134405,Koray Kirci,1038,15,0.0,2.0,TUR,27,atp_rankings_2026_02_02.csv
2026-02-02,213143,Sydney Zick,1039,15,8.0,255.0,GER,19,atp_rankings_2026_02_02.csv
2026-02-02,213046,Pieter De Lange,1040,15,0.0,1.0,NED,,atp_rankings_2026_02_02.csv
2026-02-02,212284,Pengyu Lu,1041,15,0.0,1.0,CHN,24,atp_rankings_2026_02_02.csv
2026-02-02,207183,Ishaque Eqbal,1042,15,1.0,20.0,IND,28,atp_rankings_2026_02_02.csv
2026-02-02,212841,Lucas Marionneau,1043,15,-4.0,-68.0,FRA,19,atp_rankings_2026_02_02.csv
2026-02-02,208160,Sam Ryan Ziegann,1044,15,-2.0,-33.0,AUS,27,atp_rankings_2026_02_02.csv
2026-02-02,210456,Karim Ibrahim,1045,15,0.0,-1.0,EGY,22,atp_rankings_2026_02_02.csv
2026-02-02,212461,Daniele Rapagnetta,1046,15,0.0,-1.0,ITA,19,atp_rankings_2026_02_02.csv
2026-02-02,210409,Pavlos Tsitsipas,1047,15,0.0,0.0,GRE,20,atp_rankings_2026_02_02.csv
2026-02-02,133835,Gijs Brouwer,1048,14,0.0,0.0,NED,29,atp_rankings_2026_02_02.csv
2026-02-02,210157,Dylan Dietrich,1049,14,0.0,0.0,SUI,21,atp_rankings_2026_02_02.csv
2026-02-02,211484,Jangjun Kim,1050,14,0.0,0.0,KOR,19,atp_rankings_2026_02_02.csv
2026-02-02,207649,Savriyan Danilov,1051,14,0.0,0.0,RUS,25,atp_rankings_2026_02_02.csv
2026-02-02,212275,Thijs Boogaard,1052,14,5.0,132.0,NED,17,atp_rankings_2026_02_02.csv
2026-02-02,213806,Kriish Tyagi,1053,14,0.0,0.0,IND,18,atp_rankings_2026_02_02.csv
2026-02-02,133880,Thomas Deschamps,1054,14,0.0,0.0,FRA,27,atp_rankings_2026_02_02.csv
2026-02-02,213619,Oskari Paldanius,1054,14,0.0,0.0,FIN,,atp_rankings_2026_02_02.csv
2026-02-02,206216,Tom Zeuch,1054,14,0.0,0.0,GER,25,atp_rankings_2026_02_02.csv
2026-02-02,212086,Grigory Shebekin,1057,14,0.0,0.0,RUS,20,atp_rankings_2026_02_02.csv
2026-02-02,213969,Joao Vitor Scramin Do Lago,1058,14,0.0,0.0,BRA,19,atp_rankings_2026_02_02.csv
2026-02-02,208372,Natan Rodrigues,1059,14,0.0,1.0,BRA,24,atp_rankings_2026_02_02.csv
2026-02-02,212639,Yuto Oki,1060,14,2.0,50.0,JPN,,atp_rankings_2026_02_02.csv
2026-02-02,212259,Benjamin Thomas George,1061,14,-1.0,-18.0,CAN,23,atp_rankings_2026_02_02.csv
2026-02-02,202220,Nicolas Bruna,1062,14,-1.0,-16.0,CHI,27,atp_rankings_2026_02_02.csv
2026-02-02,210038,Matias Ponce De Leon Gomila,1063,13,0.0,4.0,ESP,22,atp_rankings_2026_02_02.csv
2026-02-02,105359,Jason Jung,1064,13,0.0,4.0,TPE,36,atp_rankings_2026_02_02.csv
2026-02-02,213360,Niels Mcdonald,1065,13,1.0,33.0,GER,18,atp_rankings_2026_02_02.csv
2026-02-02,210091,Filip Pieczonka,1066,13,-8.0,-125.0,POL,21,atp_rankings_2026_02_02.csv
2026-02-02,212174,Enzo Aguiard,1067,13,0.0,4.0,AUS,23,atp_rankings_2026_02_02.csv
2026-02-02,212892,Vlado Jankanj,1068,13,0.0,4.0,SRB,,atp_rankings_2026_02_02.csv
2026-02-02,210274,Sebastian Dominko,1069,13,0.0,4.0,SLO,22,atp_rankings_2026_02_02.csv
2026-02-02,126953,Chan Yeong Oh,1070,13,0.0,5.0,KOR,27,atp_rankings_2026_02_02.csv
2026-02-02,208424,Julian Cundom,1071,13,0.0,5.0,ARG,24,atp_rankings_2026_02_02.csv
2026-02-02,144927,Siddharth Vishwakarma,1072,13,-1.0,-13.0,IND,31,atp_rankings_2026_02_02.csv
2026-02-02,208216,Alberto Bronzetti,1073,13,0.0,4.0,ITA,27,atp_rankings_2026_02_02.csv
2026-02-02,212142,Maxwell Exsted,1074,13,0.0,4.0,USA,18,atp_rankings_2026_02_02.csv
2026-02-02,212481,Federico Aguilar Cardozo,1075,13,0.0,4.0,URU,20,atp_rankings_2026_02_02.csv
2026-02-02,209921,Ali Habib,1076,13,-1.0,-15.0,GBR,23,atp_rankings_2026_02_02.csv
2026-02-02,144937,Nicolas Parizzia,1077,13,0.0,3.0,SUI,27,atp_rankings_2026_02_02.csv
2026-02-02,210166,Mika Lipp,1078,13,0.0,3.0,GER,22,atp_rankings_2026_02_02.csv
2026-02-02,212295,Enzo Camargo Lima,1079,13,0.0,3.0,BRA,22,atp_rankings_2026_02_02.csv
2026-02-02,212574,Egor Pleshivtsev,1079,13,5.0,161.0,RUS,,atp_rankings_2026_02_02.csv
2026-02-02,212871,Piet Luis Pinter,1081,13,0.0,2.0,AUT,20,atp_rankings_2026_02_02.csv
2026-02-02,207864,Noel Larwig,1082,13,0.0,2.0,GER,24,atp_rankings_2026_02_02.csv
2026-02-02,209203,Evgeny Philippov,1083,13,0.0,4.0,RUS,23,atp_rankings_2026_02_02.csv
2026-02-02,202106,Juan Bautista Otegui,1084,13,0.0,4.0,ARG,26,atp_rankings_2026_02_02.csv
2026-02-02,122294,Gabriele Maria Noce,1085,13,0.0,4.0,ITA,30,atp_rankings_2026_02_02.csv
2026-02-02,211323,Jacopo Bilardo,1086,13,0.0,4.0,ITA,21,atp_rankings_2026_02_02.csv
2026-02-02,202305,Franco Ribero,1087,13,-1.0,-23.0,ARG,26,atp_rankings_2026_02_02.csv
2026-02-02,210745,Matthias Ujvary,1088,13,0.0,3.0,AUT,21,atp_rankings_2026_02_02.csv
2026-02-02,212022,Daniil Sarksian,1089,13,-1.0,-23.0,RUS,19,atp_rankings_2026_02_02.csv
2026-02-02,144730,Tomohiro Masabayashi,1090,13,0.0,2.0,JPN,27,atp_rankings_2026_02_02.csv
2026-02-02,104810,Zhe Li,1091,12,0.0,2.0,CHN,39,atp_rankings_2026_02_02.csv
2026-02-02,209280,Devin Badenhorst,1092,12,0.0,2.0,RSA,21,atp_rankings_2026_02_02.csv
2026-02-02,209917,Benito Sanchez Martinez,1093,12,0.0,2.0,GER,23,atp_rankings_2026_02_02.csv
2026-02-02,207609,Alexey Zakharov,1094,12,0.0,2.0,RUS,25,atp_rankings_2026_02_02.csv
2026-02-02,214018,Jamie Mackenzie,1095,12,0.0,2.0,GER,,atp_rankings_2026_02_02.csv
2026-02-02,149115,Adam Jilly,1096,12,0.0,3.0,HUN,19,atp_rankings_2026_02_02.csv
2026-02-02,200456,Martin Borisiouk,1097,12,0.0,3.0,BLR,25,atp_rankings_2026_02_02.csv
2026-02-02,212930,Mario Martinez Serrano,1098,12,0.0,3.0,ESP,21,atp_rankings_2026_02_02.csv
2026-02-02,212885,Cezar Gabriel Papoe,1099,12,0.0,3.0,ROU,18,atp_rankings_2026_02_02.csv
2026-02-02,208130,Geun Jun Kim,1100,12,0.0,3.0,KOR,24,atp_rankings_2026_02_02.csv
2026-02-02,210736,Shu Matsuoka,1101,12,0.0,3.0,JPN,22,atp_rankings_2026_02_02.csv
2026-02-02,210185,Alen Mujakic,1102,12,0.0,3.0,GER,22,atp_rankings_2026_02_02.csv
2026-02-02,211329,James Van Herzeele,1103,12,1.0,25.0,THA,,atp_rankings_2026_02_02.csv
2026-02-02,212149,Nikola Djosic,1104,12,0.0,2.0,SUI,18,atp_rankings_2026_02_02.csv
2026-02-02,213210,Maan Kesharwani,1104,12,0.0,2.0,IND,,atp_rankings_2026_02_02.csv
2026-02-02,200289,Mathieu Scaglia,1106,12,0.0,2.0,FRA,27,atp_rankings_2026_02_02.csv
2026-02-02,202090,Adrian Andreev,1107,12,-7.0,-140.0,BUL,24,atp_rankings_2026_02_02.csv
2026-02-02,208249,Gian Marco Ortenzi,1108,12,0.0,3.0,ITA,25,atp_rankings_2026_02_02.csv
2026-02-02,207343,Hanyi Liu,1109,12,0.0,3.0,CHN,24,atp_rankings_2026_02_02.csv
2026-02-02,206782,Demetris Azoides,1110,12,2.0,54.0,GRE,25,atp_rankings_2026_02_02.csv
2026-02-02,210155,Jasza Szajrych,1111,12,0.0,3.0,POL,23,atp_rankings_2026_02_02.csv
2026-02-02,213591,Billy Suarez,1112,12,-1.0,-26.0,USA,,atp_rankings_2026_02_02.csv
2026-02-02,205831,Ammar Alhogbani,1113,12,0.0,5.0,USA,27,atp_rankings_2026_02_02.csv
2026-02-02,210182,Mateo Del Pino,1113,12,2.0,55.0,ARG,22,atp_rankings_2026_02_02.csv
2026-02-02,200166,Stefan Vujic,1115,12,0.0,0.0,AUS,27,atp_rankings_2026_02_02.csv
2026-02-02,145008,Hugo Pierre,1116,12,0.0,0.0,FRA,29,atp_rankings_2026_02_02.csv
2026-02-02,144788,Louis Tessa,1117,12,0.0,0.0,FRA,27,atp_rankings_2026_02_02.csv
2026-02-02,211761,Valentin Basel,1118,12,1.0,22.0,ARG,21,atp_rankings_2026_02_02.csv
2026-02-02,212726,Sungbeen Sim,1118,12,0.0,1.0,KOR,28,atp_rankings_2026_02_02.csv
2026-02-02,200197,Boris Butulija,1120,12,0.0,1.0,SRB,27,atp_rankings_2026_02_02.csv
2026-02-02,208844,Keshav Chopra,1121,12,4.0,132.0,USA,24,atp_rankings_2026_02_02.csv
2026-02-02,211676,Saveliy Ivanov,1122,12,0.0,0.0,RUS,21,atp_rankings_2026_02_02.csv
2026-02-02,209852,Zsombor Velcz,1123,11,0.0,0.0,HUN,23,atp_rankings_2026_02_02.csv
2026-02-02,214206,Thiago Agustin Pernas,1124,11,0.0,0.0,ARG,24,atp_rankings_2026_02_02.csv
2026-02-02,210002,Rohan Mehra,1125,11,0.0,0.0,IND,23,atp_rankings_2026_02_02.csv
2026-02-02,212110,Mathis Bondaz,1126,11,0.0,0.0,FRA,,atp_rankings_2026_02_02.csv
2026-02-02,207172,Connor Thomson,1127,11,0.0,0.0,GBR,25,atp_rankings_2026_02_02.csv
2026-02-02,212820,Martin Sabas,1128,11,1.0,32.0,FRA,24,atp_rankings_2026_02_02.csv
2026-02-02,207927,Thando Longwe Smit,1129,11,0.0,0.0,RSA,24,atp_rankings_2026_02_02.csv
2026-02-02,211610,Andreas Timini,1130,11,-1.0,-17.0,CYP,19,atp_rankings_2026_02_02.csv
2026-02-02,208908,Rafael De Alba,1131,11,-4.0,-92.0,MEX,,atp_rankings_2026_02_02.csv
2026-02-02,136648,Jefferson Wendler Filho,1132,11,0.0,-2.0,BRA,30,atp_rankings_2026_02_02.csv
2026-02-02,208873,Nikola Basic,1133,11,-2.0,-48.0,CRO,24,atp_rankings_2026_02_02.csv
2026-02-02,210163,Elgin Khoeblal,1134,11,0.0,-3.0,NED,24,atp_rankings_2026_02_02.csv
2026-02-02,212834,Nicolas Garcia Longo,1135,11,0.0,1.0,ARG,20,atp_rankings_2026_02_02.csv
2026-02-02,106175,Ricardo Rodriguez,1135,11,0.0,-3.0,VEN,32,atp_rankings_2026_02_02.csv
2026-02-02,209999,Leonardo Malgaroli,1137,11,0.0,-4.0,ITA,23,atp_rankings_2026_02_02.csv
2026-02-02,202190,Gregor Ramskogler,1138,11,0.0,-3.0,AUT,27,atp_rankings_2026_02_02.csv
2026-02-02,211411,Tyler Stice,1139,11,0.0,-1.0,USA,25,atp_rankings_2026_02_02.csv
2026-02-02,212084,Denis Petak,1140,11,1.0,32.0,CZE,19,atp_rankings_2026_02_02.csv
2026-02-02,210684,Niccolo Ciavarella,1141,11,0.0,-2.0,ITA,21,atp_rankings_2026_02_02.csv
2026-02-02,124099,Mohamed Nazim Makhlouf,1142,11,0.0,-1.0,ALG,29,atp_rankings_2026_02_02.csv
2026-02-02,210455,Noah Perfetti,1143,11,0.0,-1.0,ITA,24,atp_rankings_2026_02_02.csv
2026-02-02,208581,Noah Thurner,1144,11,0.0,0.0,GER,26,atp_rankings_2026_02_02.csv
2026-02-02,105334,Luis David Martinez,1145,10,0.0,0.0,VEN,36,atp_rankings_2026_02_02.csv
2026-02-02,212276,Stian Klaassen,1146,10,0.0,0.0,NED,22,atp_rankings_2026_02_02.csv
2026-02-02,208151,Filippo Speziali,1146,10,0.0,0.0,ITA,25,atp_rankings_2026_02_02.csv
2026-02-02,213977,Cosme Rolland De Ravel,1148,10,0.0,0.0,FRA,21,atp_rankings_2026_02_02.csv
2026-02-02,210759,Gianluca Brunkow,1149,10,4.0,155.0,USA,23,atp_rankings_2026_02_02.csv
2026-02-02,212218,Rohan  Murali,1149,10,0.0,0.0,USA,21,atp_rankings_2026_02_02.csv
2026-02-02,131905,Manuel Guinard,1151,10,0.0,0.0,FRA,30,atp_rankings_2026_02_02.csv
2026-02-02,213802,Mustafa Ege Sik,1152,10,0.0,0.0,TUR,16,atp_rankings_2026_02_02.csv
2026-02-02,212857,Cooper Woestendick,1152,10,0.0,0.0,USA,19,atp_rankings_2026_02_02.csv
2026-02-02,212300,Sasha Rozin,1154,10,0.0,0.0,CAN,20,atp_rankings_2026_02_02.csv
2026-02-02,200457,Jannik Opitz,1155,10,0.0,0.0,GER,27,atp_rankings_2026_02_02.csv
2026-02-02,207340,Daniel Paty,1156,10,0.0,0.0,CZE,26,atp_rankings_2026_02_02.csv
2026-02-02,126120,Nino Serdarusic,1157,10,0.0,1.0,CRO,29,atp_rankings_2026_02_02.csv
2026-02-02,209115,Oliver Okonkwo,1158,10,0.0,1.0,GBR,25,atp_rankings_2026_02_02.csv
2026-02-02,213603,Joaquin Guilleme,1159,10,0.0,-2.0,NIC,,atp_rankings_2026_02_02.csv
2026-02-02,133291,Ryota Tanuma,1160,10,0.0,2.0,JPN,30,atp_rankings_2026_02_02.csv
2026-02-02,210514,Edison Ambarzumjan,1161,10,0.0,2.0,GER,29,atp_rankings_2026_02_02.csv
2026-02-02,211491,Robert Guna,1162,10,0.0,2.0,ROU,20,atp_rankings_2026_02_02.csv
2026-02-02,210742,Phillip Jordan,1163,10,0.0,3.0,USA,25,atp_rankings_2026_02_02.csv
2026-02-02,212533,Markus Molder,1164,10,0.0,6.0,EST,20,atp_rankings_2026_02_02.csv
2026-02-02,110751,Sebastian Fanselow,1165,10,-1.0,-31.0,GER,34,atp_rankings_2026_02_02.csv
2026-02-02,202293,Charles Bertimon,1166,10,1.0,43.0,FRA,26,atp_rankings_2026_02_02.csv
2026-02-02,212263,Xing Dao Chen,1167,10,0.0,2.0,CHN,22,atp_rankings_2026_02_02.csv
2026-02-02,211480,Aleksander Chayka,1168,10,0.0,3.0,RUS,21,atp_rankings_2026_02_02.csv
2026-02-02,132054,Nathan Ponwith,1169,10,-4.0,-104.0,USA,27,atp_rankings_2026_02_02.csv
2026-02-02,212183,Yuquan Jin,1170,10,0.0,4.0,CHN,25,atp_rankings_2026_02_02.csv
2026-02-02,212725,Alaa Trifi,1171,10,0.0,2.0,TUN,19,atp_rankings_2026_02_02.csv
2026-02-02,106132,Toby Martin,1172,10,-1.0,-29.0,GBR,32,atp_rankings_2026_02_02.csv
2026-02-02,211904,Maximilian Figl,1173,10,-2.0,-53.0,ITA,21,atp_rankings_2026_02_02.csv
2026-02-02,212616,Yuta Tomida,1174,10,0.0,2.0,JPN,19,atp_rankings_2026_02_02.csv
2026-02-02,208864,Leyton Rivera,1175,10,0.0,3.0,NOR,24,atp_rankings_2026_02_02.csv
2026-02-02,202081,Diogo Marques,1176,10,0.0,3.0,POR,26,atp_rankings_2026_02_02.csv
2026-02-02,208186,Preston Brown,1177,10,0.0,3.0,USA,24,atp_rankings_2026_02_02.csv
2026-02-02,126149,Gianluca Mager,1178,9,0.0,4.0,ITA,31,atp_rankings_2026_02_02.csv
2026-02-02,207996,Siddhant Banthia,1179,9,-1.0,-29.0,IND,25,atp_rankings_2026_02_02.csv
2026-02-02,210613,Derek Pham,1179,9,0.0,2.0,AUS,21,atp_rankings_2026_02_02.csv
2026-02-02,210691,Joshua Lapadat,1181,9,0.0,1.0,CAN,23,atp_rankings_2026_02_02.csv
2026-02-02,105633,Mohamed Safwat,1182,9,0.0,3.0,EGY,35,atp_rankings_2026_02_02.csv
2026-02-02,149277,Andrea Meduri,1183,9,0.0,3.0,ITA,20,atp_rankings_2026_02_02.csv
2026-02-02,209060,Alexander Bernard,1184,9,0.0,2.0,USA,22,atp_rankings_2026_02_02.csv
2026-02-02,106368,Ramkumar Ramanathan,1185,9,-1.0,-24.0,IND,31,atp_rankings_2026_02_02.csv
2026-02-02,149272,Tudor Batin,1186,9,0.0,3.0,ROU,19,atp_rankings_2026_02_02.csv
2026-02-02,213580,Leonardo Primucci,1187,9,0.0,-1.0,ITA,,atp_rankings_2026_02_02.csv
2026-02-02,211655,Julian  Alonso,1188,9,0.0,2.0,ESP,20,atp_rankings_2026_02_02.csv
2026-02-02,210565,Elijah Strode,1189,9,0.0,2.0,USA,23,atp_rankings_2026_02_02.csv
2026-02-02,134384,Sebastian Prechtel,1190,9,0.0,3.0,GER,29,atp_rankings_2026_02_02.csv
2026-02-02,106249,Joao Domingues,1191,9,0.0,1.0,POR,32,atp_rankings_2026_02_02.csv
2026-02-02,210039,Orel Kimhi,1192,9,0.0,2.0,ISR,22,atp_rankings_2026_02_02.csv
2026-02-02,210198,George Lazarov,1192,9,0.0,2.0,BUL,20,atp_rankings_2026_02_02.csv
2026-02-02,207616,Oscar Moraing,1194,9,0.0,3.0,GER,25,atp_rankings_2026_02_02.csv
2026-02-02,209955,Mikail Alimli,1195,9,0.0,1.0,FRA,22,atp_rankings_2026_02_02.csv
2026-02-02,209385,Samuel Vincent Ruggeri,1196,9,-3.0,-87.0,ITA,23,atp_rankings_2026_02_02.csv
2026-02-02,210754,Jan Hrazdil,1197,9,0.0,1.0,CZE,20,atp_rankings_2026_02_02.csv
2026-02-02,200474,Ivan Denisov,1198,9,0.0,2.0,RUS,25,atp_rankings_2026_02_02.csv
2026-02-02,208039,Ronald Hohmann,1199,9,-1.0,-32.0,USA,24,atp_rankings_2026_02_02.csv
2026-02-02,200024,Makoto Ochi,1199,9,3.0,146.0,JPN,29,atp_rankings_2026_02_02.csv
2026-02-02,213103,Viktor Frydrych,1201,9,0.0,2.0,GBR,,atp_rankings_2026_02_02.csv
2026-02-02,212246,Volodymyr Iakubenko,1201,9,0.0,2.0,UKR,20,atp_rankings_2026_02_02.csv
2026-02-02,212972,Andrea De Marchi,1203,9,0.0,2.0,ITA,19,atp_rankings_2026_02_02.csv
2026-02-02,211334,Aljaz Jeran,1204,9,1.0,35.0,SLO,22,atp_rankings_2026_02_02.csv
2026-02-02,210532,Giacomo Crisostomo,1205,9,0.0,2.0,ITA,22,atp_rankings_2026_02_02.csv
2026-02-02,205825,Joao Vitor Goncalves Ceolin,1206,9,0.0,2.0,BRA,26,atp_rankings_2026_02_02.csv
2026-02-02,209118,Niklas Waldner,1207,9,-1.0,-32.0,AUT,24,atp_rankings_2026_02_02.csv
2026-02-02,208370,Keenan Mayo,1208,8,0.0,2.0,USA,25,atp_rankings_2026_02_02.csv
2026-02-02,210323,Luis Felipe Miguel,1209,8,0.0,2.0,BRA,21,atp_rankings_2026_02_02.csv
2026-02-02,210645,Ofek Shimanov,1210,8,0.0,2.0,ISR,20,atp_rankings_2026_02_02.csv
2026-02-02,131951,Daniel Cukierman,1211,8,0.0,2.0,ISR,30,atp_rankings_2026_02_02.csv
2026-02-02,213825,Keaton Hance,1212,8,0.0,4.0,USA,17,atp_rankings_2026_02_02.csv
2026-02-02,202247,Simon Beaupain,1213,8,0.0,5.0,BEL,26,atp_rankings_2026_02_02.csv
2026-02-02,106210,Jiri Vesely,1213,8,0.0,5.0,CZE,32,atp_rankings_2026_02_02.csv
2026-02-02,130493,Tiago Silva,1215,8,0.0,5.0,POR,21,atp_rankings_2026_02_02.csv
2026-02-02,207236,Taketo Takamisawa,1216,8,0.0,6.0,JPN,27,atp_rankings_2026_02_02.csv
2026-02-02,211638,Jack Loutit,1217,8,0.0,6.0,NZL,21,atp_rankings_2026_02_02.csv
2026-02-02,212280,Giulio Perego,1218,8,0.0,7.0,ITA,22,atp_rankings_2026_02_02.csv
2026-02-02,212231,Junhyeon Lee,1219,8,0.0,9.0,KOR,,atp_rankings_2026_02_02.csv
2026-02-02,210105,Martyn Pawelski,1220,8,-1.0,-21.0,POL,21,atp_rankings_2026_02_02.csv
2026-02-02,211516,Lorenzo Beraldo,1221,8,0.0,8.0,ITA,19,atp_rankings_2026_02_02.csv
2026-02-02,212649,Seung Woo Cho,1222,8,0.0,8.0,KOR,27,atp_rankings_2026_02_02.csv
2026-02-02,209516,Valentin Lapalu,1223,8,0.0,8.0,FRA,23,atp_rankings_2026_02_02.csv
2026-02-02,207452,Matthew Thomson,1224,8,0.0,8.0,USA,25,atp_rankings_2026_02_02.csv
2026-02-02,209973,Edouard Villoslada,1225,8,0.0,10.0,FRA,26,atp_rankings_2026_02_02.csv
2026-02-02,212752,Filippo Alberti,1226,8,0.0,7.0,ITA,22,atp_rankings_2026_02_02.csv
2026-02-02,213772,Lorenzo Comino,1227,8,0.0,8.0,ITA,19,atp_rankings_2026_02_02.csv
2026-02-02,213701,Tobia Costanzo Baragiola Mordini,1228,8,0.0,10.0,ITA,,atp_rankings_2026_02_02.csv
2026-02-02,210740,Liam Krall,1229,8,1.0,51.0,USA,23,atp_rankings_2026_02_02.csv
2026-02-02,117352,Oliver Anderson,1230,8,0.0,10.0,AUS,27,atp_rankings_2026_02_02.csv
2026-02-02,212631,David Eichenseher,1230,8,-1.0,-28.0,GER,20,atp_rankings_2026_02_02.csv
2026-02-02,211574,Ethan Cook,1232,8,1.0,58.0,AUS,22,atp_rankings_2026_02_02.csv
2026-02-02,209391,Corban Crowther,1233,8,0.0,9.0,NZL,22,atp_rankings_2026_02_02.csv
2026-02-02,209314,Jan Kupcic,1234,8,0.0,9.0,SLO,24,atp_rankings_2026_02_02.csv
2026-02-02,212134,Maxence Rivet,1234,8,0.0,9.0,FRA,22,atp_rankings_2026_02_02.csv
2026-02-02,207738,Brandon Perez,1236,8,0.0,9.0,VEN,26,atp_rankings_2026_02_02.csv
2026-02-02,206736,Benjamin O'Connell,1237,8,0.0,9.0,AUS,26,atp_rankings_2026_02_02.csv
2026-02-02,208866,Leonid Sheyngezikht,1237,8,0.0,9.0,BUL,25,atp_rankings_2026_02_02.csv
2026-02-02,122234,Alp Horoz,1239,8,0.0,9.0,TUR,30,atp_rankings_2026_02_02.csv
2026-02-02,208006,Rafael Tosetto,1240,8,0.0,10.0,BRA,26,atp_rankings_2026_02_02.csv
2026-02-02,210632,Vadym Konovchuk,1241,8,0.0,11.0,UKR,22,atp_rankings_2026_02_02.csv
2026-02-02,213064,Samuele Seghetti,1242,8,-2.0,-65.0,ITA,19,atp_rankings_2026_02_02.csv
2026-02-02,205885,Joao Graa,1243,8,0.0,11.0,POR,25,atp_rankings_2026_02_02.csv
2026-02-02,212992,Niels Ratiu,1244,7,0.0,12.0,BEL,20,atp_rankings_2026_02_02.csv
2026-02-02,144081,Alex Chang,1245,7,0.0,12.0,USA,39,atp_rankings_2026_02_02.csv
2026-02-02,210538,Noa Vukadin,1246,7,0.0,12.0,CRO,21,atp_rankings_2026_02_02.csv
2026-02-02,210475,Preston Stearns,1247,7,0.0,12.0,USA,22,atp_rankings_2026_02_02.csv
2026-02-02,126193,Mark Whitehouse,1248,7,0.0,12.0,GBR,32,atp_rankings_2026_02_02.csv
2026-02-02,105985,Darian King,1249,7,-1.0,-28.0,BAR,33,atp_rankings_2026_02_02.csv
2026-02-02,200611,Elliot Benchetrit,1250,7,0.0,11.0,MAR,27,atp_rankings_2026_02_02.csv
2026-02-02,213654,Noah Johnston,1251,7,0.0,11.0,USA,,atp_rankings_2026_02_02.csv
2026-02-02,210722,Viktor Markov,1252,7,0.0,11.0,BUL,20,atp_rankings_2026_02_02.csv
2026-02-02,209910,Szymon Kielan,1253,7,0.0,15.0,POL,23,atp_rankings_2026_02_02.csv
2026-02-02,210486,Nicholas Godsick,1254,7,0.0,10.0,USA,21,atp_rankings_2026_02_02.csv
2026-02-02,210473,Fnu Nidunjianzan,1255,7,0.0,10.0,CHN,22,atp_rankings_2026_02_02.csv
2026-02-02,214043,Lachlan James Mcfadzean,1256,7,0.0,10.0,AUS,19,atp_rankings_2026_02_02.csv
2026-02-02,208840,Daniel Bagnolini,1257,7,0.0,12.0,ITA,22,atp_rankings_2026_02_02.csv
2026-02-02,207408,Niklas Guttau,1257,7,0.0,12.0,GER,26,atp_rankings_2026_02_02.csv
2026-02-02,210458,Bernardo Munk Mesa,1259,7,-1.0,-32.0,ESP,19,atp_rankings_2026_02_02.csv
2026-02-02,208518,Hazem Naw,1260,7,0.0,7.0,SYR,26,atp_rankings_2026_02_02.csv
2026-02-02,111569,Gage Brymer,1261,7,0.0,11.0,USA,30,atp_rankings_2026_02_02.csv
2026-02-02,212894,Patrik Munkhammar,1262,7,0.0,12.0,SWE,18,atp_rankings_2026_02_02.csv
2026-02-02,213721,Pierre Antoine Faut,1263,7,-1.0,-37.0,FRA,,atp_rankings_2026_02_02.csv
2026-02-02,210183,Marcel Kamrowski,1264,7,0.0,13.0,POL,22,atp_rankings_2026_02_02.csv
2026-02-02,211505,Denis Constantin Spiridon,1264,7,0.0,12.0,ITA,23,atp_rankings_2026_02_02.csv
2026-02-02,104986,Vishnu Vardhan,1266,7,0.0,12.0,IND,38,atp_rankings_2026_02_02.csv
2026-02-02,212069,Kabir Hans,1267,7,0.0,5.0,IND,24,atp_rankings_2026_02_02.csv
2026-02-02,213092,Jonas Kucera,1268,7,2.0,137.0,CZE,19,atp_rankings_2026_02_02.csv
2026-02-02,213614,Dmitry Bessonov,1269,7,0.0,12.0,RUS,,atp_rankings_2026_02_02.csv
2026-02-02,211662,Gabriel Schenekenberg,1269,7,0.0,12.0,BRA,21,atp_rankings_2026_02_02.csv
2026-02-02,207331,Vladislav Melnic,1271,7,0.0,12.0,ROU,26,atp_rankings_2026_02_02.csv
2026-02-02,208365,Amador Salazar,1272,7,-1.0,-38.0,CHI,24,atp_rankings_2026_02_02.csv
2026-02-02,149124,Oskar Grzegorzewski,1273,7,0.0,12.0,POL,20,atp_rankings_2026_02_02.csv
2026-02-02,200036,Abhinav Sanjeev Shanmugam,1273,7,1.0,67.0,IND,27,atp_rankings_2026_02_02.csv
2026-02-02,105060,Aldin Setkic,1275,7,-1.0,-38.0,BIH,38,atp_rankings_2026_02_02.csv
2026-02-02,211645,Christian Djonov,1276,7,-2.0,-75.0,GER,25,atp_rankings_2026_02_02.csv
2026-02-02,149266,Fadi Bidan,1277,7,0.0,11.0,LBN,20,atp_rankings_2026_02_02.csv
2026-02-02,210364,Mateo Castañeda,1277,7,0.0,11.0,COL,20,atp_rankings_2026_02_02.csv
2026-02-02,210732,Miha Vetrih,1277,7,0.0,9.0,SLO,23,atp_rankings_2026_02_02.csv
2026-02-02,211450,Alessio Basile,1280,7,0.0,7.0,BEL,21,atp_rankings_2026_02_02.csv
2026-02-02,149152,Aaron Gil Garcia,1280,7,0.0,10.0,LUX,22,atp_rankings_2026_02_02.csv
2026-02-02,211532,Nicolo Toffanin,1282,7,0.0,15.0,ITA,22,atp_rankings_2026_02_02.csv
2026-02-02,211503,Nico Hipfl,1283,7,0.0,11.0,AUT,19,atp_rankings_2026_02_02.csv
2026-02-02,213180,Leonardo Cattaneo,1284,7,0.0,12.0,ITA,19,atp_rankings_2026_02_02.csv
2026-02-02,209417,Alan Bojarski,1285,7,0.0,13.0,POL,22,atp_rankings_2026_02_02.csv
2026-02-02,209967,Antoine Berger,1286,7,0.0,13.0,FRA,27,atp_rankings_2026_02_02.csv
2026-02-02,211390,Sergi Fita Juan,1287,7,-1.0,-37.0,ESP,,atp_rankings_2026_02_02.csv
2026-02-02,213361,Ivan Gretskiy,1288,7,-1.0,-39.0,RUS,19,atp_rankings_2026_02_02.csv
2026-02-02,212624,Nikola Jovic,1289,7,0.0,11.0,SRB,19,atp_rankings_2026_02_02.csv
2026-02-02,211495,Andrin Casanova,1290,7,0.0,11.0,SUI,21,atp_rankings_2026_02_02.csv
2026-02-02,144955,Yuichiro Inui,1291,7,0.0,11.0,JPN,30,atp_rankings_2026_02_02.csv
2026-02-02,209977,Matas Vasiliauskas,1291,7,0.0,11.0,LTU,23,atp_rankings_2026_02_02.csv
2026-02-02,211635,Segundo Goity Zapico,1293,6,0.0,12.0,ARG,20,atp_rankings_2026_02_02.csv
2026-02-02,211609,Max Dahlin,1294,6,0.0,12.0,SWE,20,atp_rankings_2026_02_02.csv
2026-02-02,213956,Andrej Loncarevic,1294,6,0.0,12.0,FRA,20,atp_rankings_2026_02_02.csv
2026-02-02,105156,Federico Zeballos,1294,6,2.0,137.0,BOL,37,atp_rankings_2026_02_02.csv
2026-02-02,210037,Mehdi Benchakroun,1297,6,0.0,11.0,MAR,22,atp_rankings_2026_02_02.csv
2026-02-02,212153,Filip Gustafsson,1298,6,0.0,12.0,SWE,21,atp_rankings_2026_02_02.csv
2026-02-02,212075,Rodrigo Fernandes,1299,6,0.0,16.0,POR,19,atp_rankings_2026_02_02.csv
2026-02-02,144874,Ryan James Storrie,1300,6,0.0,11.0,GBR,27,atp_rankings_2026_02_02.csv
2026-02-02,211333,Vito Tonejc,1301,6,-2.0,-87.0,CRO,26,atp_rankings_2026_02_02.csv
2026-02-02,214112,Remy Dugardin,1302,6,0.0,10.0,FRA,,atp_rankings_2026_02_02.csv
2026-02-02,213836,Gavin Goode,1302,6,0.0,10.0,USA,,atp_rankings_2026_02_02.csv
2026-02-02,209932,Michal Novansky,1304,6,0.0,10.0,SVK,23,atp_rankings_2026_02_02.csv
2026-02-02,104510,Stefan Seifert,1304,6,0.0,15.0,GER,40,atp_rankings_2026_02_02.csv
2026-02-02,207809,Khololwam Montsi,1306,6,0.0,10.0,RSA,23,atp_rankings_2026_02_02.csv
2026-02-02,211670,Marko Mesarovic,1307,6,0.0,10.0,USA,,atp_rankings_2026_02_02.csv
2026-02-02,212064,Duje Markovina,1308,6,0.0,10.0,CRO,18,atp_rankings_2026_02_02.csv
2026-02-02,210697,Harold Huens,1309,6,0.0,10.0,BEL,23,atp_rankings_2026_02_02.csv
2026-02-02,212148,Novak Novakovic,1309,6,0.0,10.0,SRB,24,atp_rankings_2026_02_02.csv
2026-02-02,213600,Dillon Beckles,1311,6,0.0,11.0,USA,,atp_rankings_2026_02_02.csv
2026-02-02,202195,Maxime Cressy,1312,6,0.0,11.0,USA,28,atp_rankings_2026_02_02.csv
2026-02-02,134490,Justin Roberts,1313,6,0.0,11.0,BAH,29,atp_rankings_2026_02_02.csv
2026-02-02,109334,Bastian Malla,1314,6,-8.0,-262.0,CHI,29,atp_rankings_2026_02_02.csv
2026-02-02,213138,Alexander Wagner,1315,6,-1.0,-44.0,AUT,19,atp_rankings_2026_02_02.csv
2026-02-02,208382,Herman Hoeyeraal,1316,6,-2.0,-93.0,NOR,24,atp_rankings_2026_02_02.csv
2026-02-02,200233,Nicaise Muamba,1317,6,0.0,8.0,CAN,25,atp_rankings_2026_02_02.csv
2026-02-02,209255,Vladan Tadic,1318,6,0.0,9.0,BIH,25,atp_rankings_2026_02_02.csv
2026-02-02,209979,Madhwin Kamath,1319,6,0.0,7.0,IND,24,atp_rankings_2026_02_02.csv
2026-02-02,213632,Glib Sekachov,1319,6,0.0,9.0,UKR,,atp_rankings_2026_02_02.csv
2026-02-02,211387,Jonas Pelle Hartenstein,1321,6,0.0,8.0,GER,24,atp_rankings_2026_02_02.csv
2026-02-02,210348,Jarno Jans,1321,6,0.0,8.0,NED,25,atp_rankings_2026_02_02.csv
2026-02-02,213717,Sebastiano Cocola,1323,6,-1.0,-44.0,ITA,,atp_rankings_2026_02_02.csv
2026-02-02,207831,Ignacio Antonio Becerra Otarola,1324,6,0.0,7.0,CHI,25,atp_rankings_2026_02_02.csv
2026-02-02,213579,Jan Klimas,1324,6,0.0,7.0,CZE,,atp_rankings_2026_02_02.csv
2026-02-02,122536,Juan Pablo Paz,1324,6,0.0,7.0,ARG,31,atp_rankings_2026_02_02.csv
2026-02-02,211388,Felipe De Dios,1327,6,0.0,7.0,ARG,22,atp_rankings_2026_02_02.csv
2026-02-02,212460,Yan Cheng Chen,1328,6,0.0,7.0,TPE,23,atp_rankings_2026_02_02.csv
2026-02-02,149130,Joe Leather,1329,6,0.0,7.0,GBR,,atp_rankings_2026_02_02.csv
2026-02-02,213007,Tristan Stringer,1329,6,1.0,76.0,USA,20,atp_rankings_2026_02_02.csv
2026-02-02,149843,Conor Gannon,1331,6,0.0,6.0,IRL,23,atp_rankings_2026_02_02.csv
2026-02-02,210733,Arthur Bonnaud,1332,6,-1.0,-48.0,FRA,28,atp_rankings_2026_02_02.csv
2026-02-02,212106,Noah Lopez Cherubino,1332,6,0.0,6.0,ESP,,atp_rankings_2026_02_02.csv
2026-02-02,213045,Manvydas Balciunas,1334,6,0.0,6.0,NED,19,atp_rankings_2026_02_02.csv
2026-02-02,212536,James Beaven,1334,6,0.0,6.0,GBR,21,atp_rankings_2026_02_02.csv
2026-02-02,209392,Reece Falck,1336,6,0.0,7.0,NZL,23,atp_rankings_2026_02_02.csv
2026-02-02,210735,Radovan Michalik,1337,6,0.0,7.0,SVK,22,atp_rankings_2026_02_02.csv
2026-02-02,105419,Patricio Alvarado,1338,6,0.0,7.0,ECU,36,atp_rankings_2026_02_02.csv
2026-02-02,144813,Benjamin Hannestad,1338,6,-1.0,-48.0,DEN,28,atp_rankings_2026_02_02.csv
2026-02-02,212762,Victor Hugo Remondy Pagotto,1338,6,0.0,7.0,BRA,20,atp_rankings_2026_02_02.csv
2026-02-02,211667,Matteo Fondriest,1341,6,-1.0,-48.0,ITA,21,atp_rankings_2026_02_02.csv
2026-02-02,213131,Luke Hooper,1342,6,0.0,8.0,GBR,,atp_rankings_2026_02_02.csv
2026-02-02,210192,Lucca Pinto,1343,6,0.0,6.0,BRA,22,atp_rankings_2026_02_02.csv
2026-02-02,212935,Ferdinand Livet Novkirichka,1344,6,1.0,76.0,FRA,,atp_rankings_2026_02_02.csv
2026-02-02,212465,Charles Chen,1345,6,0.0,7.0,CHN,18,atp_rankings_2026_02_02.csv
2026-02-02,212738,Manel Lazaro Juncadella,1346,6,0.0,7.0,ESP,19,atp_rankings_2026_02_02.csv
2026-02-02,208603,Cleeve Harper,1347,5,-2.0,-92.0,CAN,25,atp_rankings_2026_02_02.csv
2026-02-02,210352,Santiago  Lora,1348,5,0.0,6.0,BOL,18,atp_rankings_2026_02_02.csv
2026-02-02,207725,Niels Peter Van Noord,1348,5,0.0,6.0,CAN,25,atp_rankings_2026_02_02.csv
2026-02-02,213552,Jagger Leach,1350,5,0.0,6.0,USA,18,atp_rankings_2026_02_02.csv
2026-02-02,209855,James Hopper,1351,5,0.0,6.0,GBR,24,atp_rankings_2026_02_02.csv
2026-02-02,210438,Jeremy Jin,1351,5,0.0,6.0,AUS,21,atp_rankings_2026_02_02.csv
2026-02-02,211647,Jaden Weekes,1351,5,0.0,6.0,CAN,21,atp_rankings_2026_02_02.csv
2026-02-02,214589,Yannick Theodor Alexandrescou,1354,5,0.0,6.0,FRA,18,atp_rankings_2026_02_02.csv
2026-02-02,209879,Luc Koenig,1355,5,0.0,6.0,GBR,22,atp_rankings_2026_02_02.csv
2026-02-02,210667,Edoardo Cherie Ligniere,1356,5,0.0,6.0,ITA,21,atp_rankings_2026_02_02.csv
2026-02-02,200105,Frazier Rengifo,1356,5,0.0,6.0,COL,27,atp_rankings_2026_02_02.csv
2026-02-02,211740,Jeremy Zhang,1356,5,0.0,6.0,AUS,20,atp_rankings_2026_02_02.csv
2026-02-02,200681,Adil Kalyanpur,1359,5,0.0,11.0,IND,26,atp_rankings_2026_02_02.csv
2026-02-02,211551,Asahi Harazaki,1360,5,0.0,5.0,JPN,,atp_rankings_2026_02_02.csv
2026-02-02,109318,Pawel Cias,1360,5,0.0,5.0,POL,31,atp_rankings_2026_02_02.csv
2026-02-02,213830,Saki Tange,1362,5,0.0,5.0,JPN,22,atp_rankings_2026_02_02.csv
2026-02-02,211386,Alessio Vasquez Gehrke,1363,5,0.0,5.0,GER,22,atp_rankings_2026_02_02.csv
2026-02-02,212647,Jaesung Choe,1364,5,0.0,5.0,KOR,26,atp_rankings_2026_02_02.csv
2026-02-02,210474,Alexander Frusina,1365,5,0.0,6.0,USA,20,atp_rankings_2026_02_02.csv
2026-02-02,210117,William Jansen,1366,5,0.0,11.0,GBR,21,atp_rankings_2026_02_02.csv
2026-02-02,212037,Amir Milushev,1366,5,0.0,6.0,UZB,20,atp_rankings_2026_02_02.csv
2026-02-02,210444,Charlelie Cosnet,1368,5,0.0,5.0,FRA,23,atp_rankings_2026_02_02.csv
2026-02-02,213066,Stefan Horia Haita,1368,5,0.0,5.0,ROU,18,atp_rankings_2026_02_02.csv
2026-02-02,213996,Anton Arzhankin,1370,5,0.0,5.0,RUS,,atp_rankings_2026_02_02.csv
2026-02-02,212606,Leonardo Borrelli,1370,5,0.0,5.0,ITA,20,atp_rankings_2026_02_02.csv
2026-02-02,212499,Vardan Manukyan,1372,5,0.0,5.0,RUS,21,atp_rankings_2026_02_02.csv
2026-02-02,213818,William Mirarchi,1372,5,0.0,5.0,ITA,19,atp_rankings_2026_02_02.csv
2026-02-02,209982,Konstantin Zhzhenov,1372,5,0.0,5.0,RUS,21,atp_rankings_2026_02_02.csv
2026-02-02,213785,Toshiki Karigyo,1375,5,0.0,6.0,JPN,24,atp_rankings_2026_02_02.csv
2026-02-02,210602,Peetu Pohjola,1375,5,0.0,6.0,FIN,25,atp_rankings_2026_02_02.csv
2026-02-02,213215,Bill Chan,1377,5,0.0,6.0,SGP,,atp_rankings_2026_02_02.csv
2026-02-02,105590,Uladzimir Ignatik,1378,5,0.0,6.0,BLR,35,atp_rankings_2026_02_02.csv
2026-02-02,144744,Kazuki Nishiwaki,1379,5,0.0,7.0,JPN,31,atp_rankings_2026_02_02.csv
2026-02-02,213923,Gilberto Ravasio,1379,5,0.0,7.0,ITA,21,atp_rankings_2026_02_02.csv
2026-02-02,149162,Xiaoyin Yang,1379,5,0.0,7.0,CHN,21,atp_rankings_2026_02_02.csv
2026-02-02,212196,Yua Taka,1382,5,0.0,7.0,JPN,,atp_rankings_2026_02_02.csv
2026-02-02,206790,Alexis Gurmendi,1383,5,0.0,7.0,ARG,28,atp_rankings_2026_02_02.csv
2026-02-02,210743,Pranav Kumar,1384,5,-2.0,-109.0,USA,26,atp_rankings_2026_02_02.csv
2026-02-02,207772,Yuttana Charoenphon,1385,5,0.0,7.0,THA,25,atp_rankings_2026_02_02.csv
2026-02-02,106245,Rodolfo Jauregui Sainz De Rozas,1385,5,0.0,7.0,MEX,32,atp_rankings_2026_02_02.csv
2026-02-02,213175,Lucca Liu,1385,5,0.0,7.0,USA,22,atp_rankings_2026_02_02.csv
2026-02-02,213218,Elias Julian Werner,1388,5,0.0,8.0,GER,,atp_rankings_2026_02_02.csv
2026-02-02,202192,Kuzey Cekirge,1389,5,0.0,8.0,TUR,25,atp_rankings_2026_02_02.csv
2026-02-02,210140,Ioan Alexandru Chirita,1389,5,0.0,8.0,ROU,23,atp_rankings_2026_02_02.csv
2026-02-02,209258,Alexandre Reco,1389,5,-1.0,-51.0,FRA,26,atp_rankings_2026_02_02.csv
2026-02-02,211474,Pablo Trochu,1389,5,0.0,25.0,FRA,22,atp_rankings_2026_02_02.csv
2026-02-02,111436,Nick Chappell,1393,5,0.0,6.0,USA,33,atp_rankings_2026_02_02.csv
2026-02-02,213829,Mac Visser,1393,5,0.0,-2.0,NED,20,atp_rankings_2026_02_02.csv
2026-02-02,213198,Kacper Knitter,1395,5,0.0,-3.0,POL,18,atp_rankings_2026_02_02.csv
2026-02-02,149278,Daniel Khazime,1396,5,0.0,13.0,RUS,21,atp_rankings_2026_02_02.csv
2026-02-02,149153,Gabriele Volpi,1396,5,0.0,4.0,ITA,29,atp_rankings_2026_02_02.csv
2026-02-02,211690,Toprak Avcibasi,1398,5,0.0,3.0,TUR,21,atp_rankings_2026_02_02.csv
2026-02-02,213898,Richard Antoni,1399,5,0.0,3.0,GER,,atp_rankings_2026_02_02.csv
2026-02-02,211539,Gabor Hornung,1400,5,0.0,3.0,HUN,20,atp_rankings_2026_02_02.csv
2026-02-02,213927,Gabriele Crivellaro,1401,5,0.0,4.0,ITA,18,atp_rankings_2026_02_02.csv
2026-02-02,210191,Gian Gruenig,1401,5,0.0,4.0,SUI,25,atp_rankings_2026_02_02.csv
2026-02-02,212262,Kylian Collignon,1403,5,0.0,6.0,BEL,20,atp_rankings_2026_02_02.csv
2026-02-02,214013,Fanming Meng,1403,5,0.0,6.0,CHN,,atp_rankings_2026_02_02.csv
2026-02-02,211322,Lasse Poertner,1403,5,0.0,6.0,GER,20,atp_rankings_2026_02_02.csv
2026-02-02,211366,Vuk Radjenovic,1403,5,0.0,6.0,SRB,20,atp_rankings_2026_02_02.csv
2026-02-02,213048,Alan Wazny,1407,5,0.0,-4.0,POL,,atp_rankings_2026_02_02.csv
2026-02-02,213043,Hiromasa Koyama,1408,5,0.0,7.0,JPN,18,atp_rankings_2026_02_02.csv
2026-02-02,207248,Naoki Tajima,1408,5,0.0,11.0,JPN,25,atp_rankings_2026_02_02.csv
2026-02-02,212589,Luka Talan Lopatic,1410,5,0.0,6.0,SLO,18,atp_rankings_2026_02_02.csv
2026-02-02,213557,Alessandro Battiston,1411,5,0.0,6.0,ITA,,atp_rankings_2026_02_02.csv
2026-02-02,206646,Louis Van Herck,1411,5,-1.0,-63.0,LUX,26,atp_rankings_2026_02_02.csv
2026-02-02,210408,Luca Fantini,1413,5,-1.0,-62.0,ITA,25,atp_rankings_2026_02_02.csv
2026-02-02,133224,Francesco Ferrari,1414,5,0.0,7.0,ITA,28,atp_rankings_2026_02_02.csv
2026-02-02,208185,Michael Gloeckler,1415,5,0.0,7.0,AUT,27,atp_rankings_2026_02_02.csv
2026-02-02,212889,Daniel Uta,1416,5,0.0,2.0,ROU,19,atp_rankings_2026_02_02.csv
2026-02-02,210076,Ioannis Kountourakis,1417,5,0.0,6.0,GRE,23,atp_rankings_2026_02_02.csv
2026-02-02,211407,Andrea Bacaloni,1418,5,0.0,6.0,ITA,23,atp_rankings_2026_02_02.csv
2026-02-02,134310,Alexey Aleshchev,1419,5,0.0,6.0,RUS,27,atp_rankings_2026_02_02.csv
2026-02-02,210394,Nikita Ianin,1419,5,0.0,6.0,RUS,24,atp_rankings_2026_02_02.csv
2026-02-02,208358,Aleksi Lofman,1421,4,0.0,7.0,FIN,23,atp_rankings_2026_02_02.csv
2026-02-02,212575,Amirkhamza Nasridinov,1421,4,0.0,7.0,RUS,20,atp_rankings_2026_02_02.csv
2026-02-02,144682,Kaito Uesugi,1421,4,0.0,7.0,JPN,30,atp_rankings_2026_02_02.csv
2026-02-02,213098,Hugo Car,1424,4,0.0,8.0,FRA,23,atp_rankings_2026_02_02.csv
2026-02-02,208871,Takeru Yuzuki,1425,4,0.0,8.0,JPN,27,atp_rankings_2026_02_02.csv
2026-02-02,213042,Hugo Coquelin,1426,4,0.0,8.0,GBR,20,atp_rankings_2026_02_02.csv
2026-02-02,210569,Sebastian Eriksson,1426,4,0.0,8.0,SWE,20,atp_rankings_2026_02_02.csv
2026-02-02,207836,Muzammil Murtaza,1426,4,0.0,8.0,PAK,26,atp_rankings_2026_02_02.csv
2026-02-02,210405,Azuma Visaya,1426,4,0.0,8.0,USA,22,atp_rankings_2026_02_02.csv
2026-02-02,212914,Corey Craig,1430,4,0.0,9.0,USA,22,atp_rankings_2026_02_02.csv
2026-02-02,212250,James Connel,1431,4,0.0,9.0,GBR,22,atp_rankings_2026_02_02.csv
2026-02-02,211570,Cesar Cruz,1432,4,0.0,9.0,ESA,19,atp_rankings_2026_02_02.csv
2026-02-02,210416,Bryce Nakashima,1432,4,0.0,9.0,USA,21,atp_rankings_2026_02_02.csv
2026-02-02,210746,Paul Barbier Gazeu,1434,4,0.0,9.0,FRA,20,atp_rankings_2026_02_02.csv
2026-02-02,105335,Sho Katayama,1434,4,0.0,9.0,JPN,36,atp_rankings_2026_02_02.csv
2026-02-02,209355,Timo Legout,1434,4,0.0,9.0,FRA,23,atp_rankings_2026_02_02.csv
2026-02-02,212068,Stepan Baum,1437,4,0.0,9.0,CZE,22,atp_rankings_2026_02_02.csv
2026-02-02,200095,Nicola Kuhn,1437,4,0.0,9.0,GER,25,atp_rankings_2026_02_02.csv
2026-02-02,206669,Hugo Maia,1437,4,0.0,9.0,POR,24,atp_rankings_2026_02_02.csv
2026-02-02,212899,Moritz Kudernatsch,1440,4,0.0,10.0,GER,20,atp_rankings_2026_02_02.csv
2026-02-02,208206,Walid Ahouda,1441,4,0.0,10.0,MAR,22,atp_rankings_2026_02_02.csv
2026-02-02,130247,Anton Chekhov,1441,4,0.0,10.0,RUS,33,atp_rankings_2026_02_02.csv
2026-02-02,212924,Emanuel Ivanisevic,1441,4,0.0,10.0,CRO,18,atp_rankings_2026_02_02.csv
2026-02-02,207230,Damien Salvestre,1441,4,0.0,10.0,FRA,23,atp_rankings_2026_02_02.csv
2026-02-02,211330,Vasco Leote Prata,1445,4,0.0,10.0,POR,22,atp_rankings_2026_02_02.csv
2026-02-02,207439,Dax Donders,1446,4,0.0,10.0,NED,25,atp_rankings_2026_02_02.csv
2026-02-02,212604,Diego Jarry Fillol,1446,4,0.0,10.0,USA,22,atp_rankings_2026_02_02.csv
2026-02-02,202165,Alberto Lim,1446,4,0.0,10.0,PHI,26,atp_rankings_2026_02_02.csv
2026-02-02,213648,Udit Kamboj,1449,4,0.0,-3.0,IND,,atp_rankings_2026_02_02.csv
2026-02-02,208334,Deney Wassermann,1449,4,-4.0,-234.0,NED,24,atp_rankings_2026_02_02.csv
2026-02-02,206580,Nicola Rispoli,1451,4,0.0,8.0,ITA,28,atp_rankings_2026_02_02.csv
2026-02-02,133667,Congsup Congcar,1452,4,0.0,8.0,THA,29,atp_rankings_2026_02_02.csv
2026-02-02,209273,Romain Gales,1452,4,0.0,8.0,FRA,21,atp_rankings_2026_02_02.csv
2026-02-02,123843,Davide Pontoglio,1452,4,0.0,8.0,ITA,33,atp_rankings_2026_02_02.csv
2026-02-02,213768,Kase Schinnerer,1452,4,0.0,8.0,USA,19,atp_rankings_2026_02_02.csv
2026-02-02,120545,Ko Suzuki,1456,4,0.0,8.0,JPN,34,atp_rankings_2026_02_02.csv
2026-02-02,210601,Oskari Eerola,1457,4,0.0,8.0,FIN,23,atp_rankings_2026_02_02.csv
2026-02-02,211762,David Naharro,1457,4,0.0,8.0,ESP,22,atp_rankings_2026_02_02.csv
2026-02-02,208933,Dian Nedev,1457,4,0.0,8.0,BUL,25,atp_rankings_2026_02_02.csv
2026-02-02,209974,Aleksander Orlikowski,1457,4,0.0,8.0,POL,22,atp_rankings_2026_02_02.csv
2026-02-02,210605,Liam Branger,1461,4,1.0,95.0,FRA,25,atp_rankings_2026_02_02.csv
2026-02-02,213204,Zane Stevens,1461,4,0.0,8.0,AUS,19,atp_rankings_2026_02_02.csv
2026-02-02,212770,Timeo Trufelli,1461,4,1.0,95.0,FRA,17,atp_rankings_2026_02_02.csv
2026-02-02,213814,Gustavo Albieri,1464,4,0.0,6.0,BRA,18,atp_rankings_2026_02_02.csv
2026-02-02,211396,Vladimir Bazilevskiy,1465,4,0.0,7.0,ISR,20,atp_rankings_2026_02_02.csv
2026-02-02,214016,Bautista De La Pena,1465,4,1.0,100.0,BRA,16,atp_rankings_2026_02_02.csv
2026-02-02,212963,Sebastian Grundtvig Jorgensen,1465,4,0.0,7.0,DEN,24,atp_rankings_2026_02_02.csv
2026-02-02,208835,Rafael Giotis,1468,4,0.0,7.0,GER,25,atp_rankings_2026_02_02.csv
2026-02-02,210115,Yunseok Jang,1468,4,0.0,16.0,KOR,22,atp_rankings_2026_02_02.csv
2026-02-02,206789,Lingxi Zhao,1468,4,0.0,7.0,CHN,26,atp_rankings_2026_02_02.csv
2026-02-02,210284,Pijus Vaitiekunas,1471,4,0.0,0.0,LTU,22,atp_rankings_2026_02_02.csv
2026-02-02,149134,Matei Florin Breazu,1472,4,0.0,7.0,ROU,17,atp_rankings_2026_02_02.csv
2026-02-02,127143,Jirat Navasirisomboon,1472,4,0.0,7.0,THA,29,atp_rankings_2026_02_02.csv
2026-02-02,212167,Darius Florin Pop,1472,4,0.0,7.0,ROU,21,atp_rankings_2026_02_02.csv
2026-02-02,210301,Benjamin Ignacio Torres Fernandez,1472,4,0.0,7.0,CHI,22,atp_rankings_2026_02_02.csv
2026-02-02,209913,Fons Van Sambeek,1472,4,0.0,7.0,NED,23,atp_rankings_2026_02_02.csv
2026-02-02,210423,Alessandro Coccioli,1477,4,0.0,7.0,ITA,23,atp_rankings_2026_02_02.csv
2026-02-02,212864,Valentin Garay,1477,4,0.0,7.0,ARG,18,atp_rankings_2026_02_02.csv
2026-02-02,213882,Gray Voelzke,1477,4,0.0,7.0,USA,23,atp_rankings_2026_02_02.csv
2026-02-02,213004,Arthur Bellegy,1480,4,0.0,-2.0,FRA,,atp_rankings_2026_02_02.csv
2026-02-02,208890,Richard Zusman,1480,4,0.0,8.0,USA,25,atp_rankings_2026_02_02.csv
2026-02-02,209946,Maikel De Boes,1482,4,0.0,7.0,BEL,23,atp_rankings_2026_02_02.csv
2026-02-02,207233,Nemanja Malesevic,1483,4,0.0,7.0,BIH,24,atp_rankings_2026_02_02.csv
2026-02-02,213765,Weiwen Pan,1483,4,0.0,7.0,CHN,20,atp_rankings_2026_02_02.csv
2026-02-02,134545,Alexis Canter,1485,4,0.0,11.0,GBR,27,atp_rankings_2026_02_02.csv
2026-02-02,210570,Kevin Edengren,1485,4,0.0,7.0,SWE,20,atp_rankings_2026_02_02.csv
2026-02-02,213356,Michele Mecarelli,1485,4,0.0,7.0,ITA,18,atp_rankings_2026_02_02.csv
2026-02-02,212078,Riku Takahata,1485,4,0.0,7.0,JPN,24,atp_rankings_2026_02_02.csv
2026-02-02,214015,Xavi Palomar,1489,4,0.0,-12.0,ESP,,atp_rankings_2026_02_02.csv
2026-02-02,212757,Jack Bruce Smith,1490,4,0.0,5.0,AUS,24,atp_rankings_2026_02_02.csv
2026-02-02,212934,Antoni Fabre,1490,4,1.0,136.0,FRA,,atp_rankings_2026_02_02.csv
2026-02-02,212965,Juan Jose Bianchi,1492,4,0.0,4.0,VEN,25,atp_rankings_2026_02_02.csv
2026-02-02,210651,Vlad Cristian Breazu,1492,4,0.0,4.0,ROU,22,atp_rankings_2026_02_02.csv
2026-02-02,212109,Antonio Voljavec,1492,4,0.0,4.0,CRO,19,atp_rankings_2026_02_02.csv
2026-02-02,209282,Ian Luca Cervantes Tomas,1495,4,0.0,7.0,MEX,22,atp_rankings_2026_02_02.csv
2026-02-02,149142,Tanguy Genier,1495,4,0.0,7.0,SUI,27,atp_rankings_2026_02_02.csv
2026-02-02,200234,Joshua Peck,1495,4,0.0,1.0,CAN,27,atp_rankings_2026_02_02.csv
2026-02-02,211455,Oren Vasser,1495,4,0.0,12.0,USA,25,atp_rankings_2026_02_02.csv
2026-02-02,213585,Roman Kharlamov,1499,4,0.0,5.0,RUS,,atp_rankings_2026_02_02.csv
2026-02-02,211490,Daniel Verbeek,1499,4,0.0,2.0,NED,21,atp_rankings_2026_02_02.csv
2026-02-02,213075,Alejandro Lopez Escribano,1501,4,0.0,5.0,ESP,19,atp_rankings_2026_02_02.csv
2026-02-02,111197,Jonathan Mridha,1502,4,0.0,5.0,SWE,30,atp_rankings_2026_02_02.csv
2026-02-02,209127,Credit Chaiyarin,1503,4,0.0,6.0,THA,22,atp_rankings_2026_02_02.csv
2026-02-02,149267,Andrea Colombo,1504,4,0.0,0.0,ITA,23,atp_rankings_2026_02_02.csv
2026-02-02,213791,Fumin Jiang,1504,4,0.0,6.0,CHN,,atp_rankings_2026_02_02.csv
2026-02-02,212210,Filippo Mazzola,1506,4,0.0,7.0,ITA,20,atp_rankings_2026_02_02.csv
2026-02-02,208164,Yassine Smiej,1506,4,0.0,5.0,MAR,26,atp_rankings_2026_02_02.csv
2026-02-02,211364,Mihai Alexandru Coman,1508,4,0.0,6.0,ROU,21,atp_rankings_2026_02_02.csv
2026-02-02,212630,Aaron Funk,1509,4,-5.0,-303.0,GER,20,atp_rankings_2026_02_02.csv
2026-02-02,206447,Daniel Batista,1510,4,0.0,5.0,POR,27,atp_rankings_2026_02_02.csv
2026-02-02,212745,Tadeo Meneo,1510,4,1.0,144.0,ARG,20,atp_rankings_2026_02_02.csv
2026-02-02,209885,Gokberk Saritas,1512,4,-1.0,-85.0,TUR,22,atp_rankings_2026_02_02.csv
2026-02-02,105819,Guido Andreozzi,1513,3,0.0,3.0,ARG,34,atp_rankings_2026_02_02.csv
2026-02-02,210756,Loren Thomas Byers,1513,3,0.0,3.0,USA,24,atp_rankings_2026_02_02.csv
2026-02-02,206805,Luciano Carraro,1513,3,0.0,3.0,ITA,27,atp_rankings_2026_02_02.csv
2026-02-02,108766,Samir Iftikhar,1513,3,0.0,3.0,PAK,33,atp_rankings_2026_02_02.csv
2026-02-02,207839,Yousaf Khalil,1513,3,0.0,3.0,PAK,26,atp_rankings_2026_02_02.csv
2026-02-02,111192,Lucas Miedler,1513,3,0.0,3.0,AUT,29,atp_rankings_2026_02_02.csv
2026-02-02,202417,Siphosothando Montsi,1513,3,0.0,3.0,RSA,26,atp_rankings_2026_02_02.csv
2026-02-02,126609,Patrik Niklas Salminen,1513,3,0.0,3.0,FIN,28,atp_rankings_2026_02_02.csv
2026-02-02,134256,Reese Stalder,1513,3,0.0,3.0,USA,29,atp_rankings_2026_02_02.csv
2026-02-02,212642,Patrik Trhac,1513,3,0.0,3.0,USA,27,atp_rankings_2026_02_02.csv
2026-02-02,210329,Antoine Vincent,1513,3,0.0,13.0,FRA,27,atp_rankings_2026_02_02.csv
2026-02-02,213985,Kelly Giese,1524,3,0.0,2.0,USA,21,atp_rankings_2026_02_02.csv
2026-02-02,208123,Tom Hands,1524,3,0.0,2.0,GBR,29,atp_rankings_2026_02_02.csv
2026-02-02,210093,Sander Jong,1524,3,0.0,2.0,NED,25,atp_rankings_2026_02_02.csv
2026-02-02,209972,Adit Sinha,1524,3,0.0,2.0,USA,22,atp_rankings_2026_02_02.csv
2026-02-02,106262,Boris Arias,1528,3,2.0,321.0,BOL,32,atp_rankings_2026_02_02.csv
2026-02-02,202269,Justin Barki,1528,3,0.0,3.0,INA,25,atp_rankings_2026_02_02.csv
2026-02-02,208178,Samuel Brosset,1528,3,0.0,3.0,FRA,28,atp_rankings_2026_02_02.csv
2026-02-02,212859,Matisse Farzam,1528,3,0.0,3.0,USA,18,atp_rankings_2026_02_02.csv
2026-02-02,212683,Theo Herrmann,1528,3,0.0,3.0,FRA,21,atp_rankings_2026_02_02.csv
2026-02-02,209925,Thijmen Loof,1528,3,0.0,13.0,NED,23,atp_rankings_2026_02_02.csv
2026-02-02,212158,Will Mayew,1528,3,0.0,3.0,USA,21,atp_rankings_2026_02_02.csv
2026-02-02,210312,Oliver Ojakaar,1528,3,0.0,3.0,EST,20,atp_rankings_2026_02_02.csv
2026-02-02,213957,Daniel Phillips,1528,3,0.0,3.0,BER,20,atp_rankings_2026_02_02.csv
2026-02-02,214246,Nikolas Stoot,1528,3,0.0,3.0,USA,18,atp_rankings_2026_02_02.csv
2026-02-02,214001,Damien Clerc,1538,3,0.0,1.0,FRA,,atp_rankings_2026_02_02.csv
2026-02-02,214038,Laurence Teunissen,1538,3,0.0,1.0,NED,,atp_rankings_2026_02_02.csv
2026-02-02,210230,Wissam Abderrahman,1540,3,0.0,1.0,TUN,22,atp_rankings_2026_02_02.csv
2026-02-02,207739,Yusuf Khamis,1540,3,0.0,1.0,EGY,25,atp_rankings_2026_02_02.csv
2026-02-02,213058,Weiyi Kong,1540,3,0.0,1.0,CHN,,atp_rankings_2026_02_02.csv
2026-02-02,212491,Alexander Razeghi,1540,3,0.0,1.0,USA,19,atp_rankings_2026_02_02.csv
2026-02-02,210693,Hudson Rivera,1540,3,0.0,1.0,USA,21,atp_rankings_2026_02_02.csv
2026-02-02,213738,Jack Satterfield,1540,3,0.0,1.0,USA,,atp_rankings_2026_02_02.csv
2026-02-02,210571,Isac Stroemberg,1540,3,0.0,1.0,SWE,22,atp_rankings_2026_02_02.csv
2026-02-02,214341,Oscar Brown,1547,3,1.0,145.0,GBR,23,atp_rankings_2026_02_02.csv
2026-02-02,214192,Ymerali Ibraimi,1547,3,0.0,2.0,AUS,16,atp_rankings_2026_02_02.csv
2026-02-02,202234,Savva Polukhin,1547,3,-5.0,-330.0,RUS,27,atp_rankings_2026_02_02.csv
2026-02-02,212291,Siwanat Auytayakul,1550,3,0.0,0.0,THA,21,atp_rankings_2026_02_02.csv
2026-02-02,213011,John Bothma,1550,3,0.0,0.0,RSA,18,atp_rankings_2026_02_02.csv
2026-02-02,207209,Raghav Jaisinghani,1550,3,0.0,0.0,IND,28,atp_rankings_2026_02_02.csv
2026-02-02,207507,Stefan Latinovic,1550,3,0.0,0.0,SRB,26,atp_rankings_2026_02_02.csv
2026-02-02,120922,Maciej Rajski,1550,3,0.0,0.0,POL,34,atp_rankings_2026_02_02.csv
2026-02-02,210190,Timofey Stepanov,1550,3,0.0,0.0,SUI,22,atp_rankings_2026_02_02.csv
2026-02-02,213920,Nathan Cox,1556,3,0.0,0.0,USA,,atp_rankings_2026_02_02.csv
2026-02-02,213678,Felipe Dreer,1556,3,0.0,0.0,ARG,,atp_rankings_2026_02_02.csv
2026-02-02,212880,Ilyas Milad Fahim,1556,3,0.0,0.0,MAR,20,atp_rankings_2026_02_02.csv
2026-02-02,211406,Yazid Lahjomri,1556,3,0.0,0.0,MAR,20,atp_rankings_2026_02_02.csv
2026-02-02,212750,Clement Lemire,1556,3,0.0,0.0,FRA,19,atp_rankings_2026_02_02.csv
2026-02-02,213889,Arjun Rathi,1556,3,0.0,0.0,IND,,atp_rankings_2026_02_02.csv
2026-02-02,212769,Leo Lagarrigue,1562,3,0.0,35.0,FRA,19,atp_rankings_2026_02_02.csv
2026-02-02,211660,Ryan Augusto Dos Santos,1563,3,0.0,16.0,BRA,22,atp_rankings_2026_02_02.csv
2026-02-02,212937,Achilles Belkovics,1563,3,0.0,2.0,HUN,,atp_rankings_2026_02_02.csv
2026-02-02,209887,Liam Gavrielides,1563,3,2.0,534.0,GER,22,atp_rankings_2026_02_02.csv
2026-02-02,202345,Arvid Nordquist,1563,3,0.0,2.0,SWE,27,atp_rankings_2026_02_02.csv
2026-02-02,211677,Matthew Rankin,1563,3,0.0,2.0,GBR,21,atp_rankings_2026_02_02.csv
2026-02-02,210526,Niccolo Baroni,1568,3,0.0,2.0,ITA,22,atp_rankings_2026_02_02.csv
2026-02-02,206673,Bharath Nishok Kumaran,1568,3,0.0,2.0,IND,27,atp_rankings_2026_02_02.csv
2026-02-02,149139,Arthur Laborde,1568,3,0.0,2.0,SUI,21,atp_rankings_2026_02_02.csv
2026-02-02,212617,Shu Muto,1568,3,0.0,2.0,JPN,,atp_rankings_2026_02_02.csv
2026-02-02,200703,Bogdan Pavel,1568,3,0.0,37.0,ROU,26,atp_rankings_2026_02_02.csv
2026-02-02,214229,Mathys Picard,1568,3,0.0,-12.0,FRA,18,atp_rankings_2026_02_02.csv
2026-02-02,212092,Yu Tanaka,1568,3,0.0,2.0,JPN,22,atp_rankings_2026_02_02.csv
2026-02-02,212840,Thomas Gerbaud,1575,3,0.0,2.0,FRA,21,atp_rankings_2026_02_02.csv
2026-02-02,213766,Enrique Carrascosa Diaz,1576,3,0.0,3.0,ESP,,atp_rankings_2026_02_02.csv
2026-02-02,213026,Amine Jamji,1576,3,0.0,3.0,MAR,,atp_rankings_2026_02_02.csv
2026-02-02,213174,Mickael Kaouk,1576,3,0.0,3.0,FRA,,atp_rankings_2026_02_02.csv
2026-02-02,212896,Melvin Kumar,1576,3,0.0,3.0,SWE,19,atp_rankings_2026_02_02.csv
2026-02-02,213771,Dominick Mosejczuk,1576,3,0.0,3.0,USA,19,atp_rankings_2026_02_02.csv
2026-02-02,207973,Ainius Sabaliauskas,1576,3,0.0,3.0,LTU,22,atp_rankings_2026_02_02.csv
2026-02-02,213278,Leonardo Angeloni,1582,3,0.0,4.0,ITA,20,atp_rankings_2026_02_02.csv
2026-02-02,105871,Sekou Bangoura,1582,3,0.0,4.0,USA,34,atp_rankings_2026_02_02.csv
2026-02-02,213798,Noah Brownrigg,1582,3,0.0,4.0,AUS,19,atp_rankings_2026_02_02.csv
2026-02-02,214156,Mahmoud Chetouane,1582,3,0.0,4.0,TUN,17,atp_rankings_2026_02_02.csv
2026-02-02,213667,Valentin Guadagno,1582,3,0.0,4.0,ARG,,atp_rankings_2026_02_02.csv
2026-02-02,149104,Patrik Homola,1582,3,0.0,4.0,CZE,21,atp_rankings_2026_02_02.csv
2026-02-02,213036,Luis Guto Miguel,1582,3,0.0,4.0,BRA,16,atp_rankings_2026_02_02.csv
2026-02-02,213617,Mattia Nannelli,1582,3,0.0,4.0,ITA,,atp_rankings_2026_02_02.csv
2026-02-02,209877,Stevan Popovic,1582,3,0.0,4.0,GER,24,atp_rankings_2026_02_02.csv
2026-02-02,212098,Iker Urribarrens Ramirez,1582,3,0.0,4.0,ESP,21,atp_rankings_2026_02_02.csv
2026-02-02,149268,Gabriele Vulpitta,1592,3,0.0,5.0,ITA,20,atp_rankings_2026_02_02.csv
2026-02-02,213584,Artem Bogomolov,1593,3,0.0,6.0,RUS,,atp_rankings_2026_02_02.csv
2026-02-02,211684,Emirhan Bulut,1593,3,0.0,-28.0,TUR,19,atp_rankings_2026_02_02.csv
2026-02-02,213801,Jake Dembo,1593,3,0.0,6.0,AUS,,atp_rankings_2026_02_02.csv
2026-02-02,200608,Andres Fernandez Canovas,1593,3,0.0,6.0,ESP,26,atp_rankings_2026_02_02.csv
2026-02-02,211589,Tilen Kovac,1593,3,0.0,6.0,SLO,23,atp_rankings_2026_02_02.csv
2026-02-02,213653,Benjamin Willwerth,1593,3,0.0,6.0,USA,,atp_rankings_2026_02_02.csv
2026-02-02,210205,Edoardo Zanada,1593,3,0.0,6.0,ITA,25,atp_rankings_2026_02_02.csv
2026-02-02,209986,Viktor Jovic,1600,3,0.0,5.0,SRB,24,atp_rankings_2026_02_02.csv
2026-02-02,212272,Nikos Lehmann,1600,3,0.0,5.0,ARG,20,atp_rankings_2026_02_02.csv
2026-02-02,208841,Zekai Li,1600,3,0.0,5.0,CHN,26,atp_rankings_2026_02_02.csv
2026-02-02,213536,Sergio Planella Hernandez,1600,3,0.0,5.0,ESP,,atp_rankings_2026_02_02.csv
2026-02-02,207541,Michalis Sakellaridis,1600,3,0.0,5.0,GRE,25,atp_rankings_2026_02_02.csv
2026-02-02,208855,Christopher Papa,1605,3,0.0,6.0,USA,24,atp_rankings_2026_02_02.csv
2026-02-02,202217,Vito Dellelba,1606,3,0.0,6.0,ITA,26,atp_rankings_2026_02_02.csv
2026-02-02,212806,Benjamin Gusic Wan,1606,3,0.0,6.0,GBR,18,atp_rankings_2026_02_02.csv
2026-02-02,212529,Alex Finkelstein,1608,3,0.0,6.0,USA,23,atp_rankings_2026_02_02.csv
2026-02-02,210153,David Fix,1608,3,0.0,6.0,GER,20,atp_rankings_2026_02_02.csv
2026-02-02,213114,Chun Chien Hou,1608,3,0.0,6.0,TPE,19,atp_rankings_2026_02_02.csv
2026-02-02,213640,Stephane Pierre Jo Kamendje,1608,3,0.0,6.0,CAN,,atp_rankings_2026_02_02.csv
2026-02-02,212932,Noah Karma,1608,3,1.0,202.0,SUI,,atp_rankings_2026_02_02.csv
2026-02-02,211787,Matteo Lavizzari,1608,3,0.0,6.0,SUI,20,atp_rankings_2026_02_02.csv
2026-02-02,213391,Silvio Mencaglia,1608,3,0.0,6.0,ITA,21,atp_rankings_2026_02_02.csv
2026-02-02,212119,Nik Mikovic,1608,3,0.0,6.0,SLO,21,atp_rankings_2026_02_02.csv
2026-02-02,208381,Nicolas Esteban Rico Arias,1608,3,0.0,6.0,COL,25,atp_rankings_2026_02_02.csv
2026-02-02,210420,Gheorghe Claudiu Schinteie,1608,3,0.0,6.0,ROU,23,atp_rankings_2026_02_02.csv
2026-02-02,207559,Darrshan Suresh,1608,3,0.0,6.0,MAS,24,atp_rankings_2026_02_02.csv
2026-02-02,210670,Sasa Markovic,1619,3,0.0,7.0,SRB,20,atp_rankings_2026_02_02.csv
2026-02-02,144665,Ryotero Matsumura,1619,3,0.0,7.0,JPN,29,atp_rankings_2026_02_02.csv
2026-02-02,212900,Andrea Paolini,1619,3,0.0,7.0,ITA,23,atp_rankings_2026_02_02.csv
2026-02-02,213201,Valentino Grippo,1622,3,0.0,-8.0,ARG,,atp_rankings_2026_02_02.csv
2026-02-02,209103,Haoyuan Huang,1622,3,0.0,8.0,CHN,23,atp_rankings_2026_02_02.csv
2026-02-02,210341,Ajay Malik,1622,3,0.0,8.0,IND,23,atp_rankings_2026_02_02.csv
2026-02-02,210229,Aleksa Pisaric,1622,3,0.0,8.0,SRB,20,atp_rankings_2026_02_02.csv
2026-02-02,210011,Aristarkh Safonov,1622,3,0.0,8.0,RUS,22,atp_rankings_2026_02_02.csv
2026-02-02,211454,Federico Valle,1622,3,0.0,8.0,ITA,25,atp_rankings_2026_02_02.csv
2026-02-02,200310,Alexander Zgirovsky,1622,3,0.0,8.0,BLR,24,atp_rankings_2026_02_02.csv
2026-02-02,211497,Rocco Piatti,1629,3,0.0,13.0,MON,21,atp_rankings_2026_02_02.csv
2026-02-02,212981,Jonas Gundacker,1630,3,0.0,8.0,AUT,23,atp_rankings_2026_02_02.csv
2026-02-02,212067,Ye Hongyu,1630,3,0.0,8.0,CHN,21,atp_rankings_2026_02_02.csv
2026-02-02,209346,Stijn Pel,1630,3,0.0,8.0,NED,23,atp_rankings_2026_02_02.csv
2026-02-02,211467,Aditya Vishal Balsekar,1630,3,0.0,0.0,IND,23,atp_rankings_2026_02_02.csv
2026-02-02,213378,Adam Farag Cao,1634,3,0.0,9.0,CAN,18,atp_rankings_2026_02_02.csv
2026-02-02,213637,Daniel Domingos,1635,3,0.0,10.0,AGO,,atp_rankings_2026_02_02.csv
2026-02-02,210595,Jiri Cizek,1636,3,0.0,13.0,CZE,20,atp_rankings_2026_02_02.csv
2026-02-02,213848,Nicholas Roberts,1636,3,0.0,7.0,FRA,19,atp_rankings_2026_02_02.csv
2026-02-02,212875,Zhengyu Sun,1636,3,0.0,10.0,CHN,19,atp_rankings_2026_02_02.csv
2026-02-02,212130,Mariano Tammaro,1636,3,0.0,10.0,ITA,21,atp_rankings_2026_02_02.csv
2026-02-02,212903,Melih Anavatan,1640,3,0.0,9.0,TUR,,atp_rankings_2026_02_02.csv
2026-02-02,212030,Kerem Yilmaz,1640,3,0.0,6.0,TUR,18,atp_rankings_2026_02_02.csv
2026-02-02,210110,Alessandro Bellifemine,1642,3,0.0,10.0,ITA,24,atp_rankings_2026_02_02.csv
2026-02-02,110773,Issei Okamura,1643,3,0.0,11.0,JPN,33,atp_rankings_2026_02_02.csv
2026-02-02,207478,Zhenxiong Dong,1644,3,0.0,12.0,CHN,27,atp_rankings_2026_02_02.csv
2026-02-02,213037,Luis Garcia Paez,1645,3,0.0,12.0,ESP,20,atp_rankings_2026_02_02.csv
2026-02-02,213774,Dmitry Kopilevich,1645,3,0.0,12.0,SLO,19,atp_rankings_2026_02_02.csv
2026-02-02,208816,Jeremy Schifris,1647,3,0.0,12.0,GER,24,atp_rankings_2026_02_02.csv
2026-02-02,124045,Lawrence Bataljin,1648,3,0.0,12.0,AUS,29,atp_rankings_2026_02_02.csv
2026-02-02,211537,Alfred Almasi,1649,2,0.0,12.0,SVK,,atp_rankings_2026_02_02.csv
2026-02-02,212678,David Bakonyi,1649,2,0.0,12.0,HUN,19,atp_rankings_2026_02_02.csv
2026-02-02,213913,Casper Christensen,1649,2,0.0,12.0,NOR,23,atp_rankings_2026_02_02.csv
2026-02-02,214331,Valentino Conte,1649,2,0.0,12.0,ARG,21,atp_rankings_2026_02_02.csv
2026-02-02,213691,Connor Doig,1649,2,0.0,12.0,RSA,,atp_rankings_2026_02_02.csv
2026-02-02,124014,Ernesto Escobedo,1649,2,0.0,59.0,MEX,29,atp_rankings_2026_02_02.csv
2026-02-02,144848,Sergio Luis Hernandez Ramirez,1649,2,0.0,12.0,COL,26,atp_rankings_2026_02_02.csv
2026-02-02,126630,Ivan Liutarevich,1649,2,0.0,12.0,BLR,29,atp_rankings_2026_02_02.csv
2026-02-02,212916,Marko Milosavljevic,1649,2,0.0,12.0,SRB,,atp_rankings_2026_02_02.csv
2026-02-02,214329,Diego Eduardo Munoz Navia,1649,2,0.0,12.0,BOL,20,atp_rankings_2026_02_02.csv
2026-02-02,208254,Ignacio Novo,1649,2,0.0,12.0,ARG,25,atp_rankings_2026_02_02.csv
2026-02-02,105578,Cristian Rodriguez,1649,2,0.0,12.0,COL,35,atp_rankings_2026_02_02.csv
2026-02-02,214327,Oliver Andre Solis Encinas,1649,2,0.0,12.0,BOL,,atp_rankings_2026_02_02.csv
2026-02-02,208874,Seita Watanabe,1649,2,0.0,12.0,JPN,25,atp_rankings_2026_02_02.csv
2026-02-02,213523,Milan Welte,1649,2,0.0,12.0,GER,24,atp_rankings_2026_02_02.csv
2026-02-02,214270,Tomas Zurmendi,1649,2,0.0,12.0,URU,16,atp_rankings_2026_02_02.csv
2026-02-02,214004,Michael Antonius,1665,2,0.0,14.0,USA,,atp_rankings_2026_02_02.csv
2026-02-02,210504,Billy Blaydes,1665,2,0.0,14.0,GBR,22,atp_rankings_2026_02_02.csv
2026-02-02,212570,Nikita Filin,1665,2,0.0,14.0,USA,19,atp_rankings_2026_02_02.csv
2026-02-02,212782,Saahith Jayaraman,1665,2,0.0,14.0,USA,,atp_rankings_2026_02_02.csv
2026-02-02,109737,Markos Kalovelonis,1665,2,0.0,14.0,GRE,31,atp_rankings_2026_02_02.csv
2026-02-02,210631,Linus Lagerbohm,1665,2,0.0,14.0,FIN,18,atp_rankings_2026_02_02.csv
2026-02-02,214269,Marcel Latak,1665,2,0.0,-4.0,USA,17,atp_rankings_2026_02_02.csv
2026-02-02,211622,Loan Lestir,1665,2,0.0,14.0,FRA,20,atp_rankings_2026_02_02.csv
2026-02-02,210102,Neo Niedner,1665,2,0.0,14.0,GER,22,atp_rankings_2026_02_02.csv
2026-02-02,214332,Henrique Ortenblad Nogueira,1665,2,0.0,14.0,BRA,22,atp_rankings_2026_02_02.csv
2026-02-02,214210,Vincent Reisach,1665,2,,,GER,16,atp_rankings_2026_02_02.csv
2026-02-02,210376,Max  Sheldon,1665,2,0.0,14.0,USA,22,atp_rankings_2026_02_02.csv
2026-02-02,209225,Martin Antonio Vergara Del Puerto,1665,2,0.0,14.0,PAR,21,atp_rankings_2026_02_02.csv
2026-02-02,214054,Baltazar Wiger Nordas,1665,2,0.0,14.0,NOR,22,atp_rankings_2026_02_02.csv
2026-02-02,214292,Ignacio De Armas,1679,2,0.0,13.0,VEN,17,atp_rankings_2026_02_02.csv
2026-02-02,200199,Matteo De Vincentis,1679,2,0.0,13.0,ITA,27,atp_rankings_2026_02_02.csv
2026-02-02,209294,Diego Duran,1679,2,0.0,13.0,ESA,,atp_rankings_2026_02_02.csv
2026-02-02,213965,Andrew Johnson,1679,2,0.0,13.0,USA,16,atp_rankings_2026_02_02.csv
2026-02-02,210188,Petar Jovanovic,1679,2,0.0,13.0,MNE,22,atp_rankings_2026_02_02.csv
2026-02-02,212139,Vit Kalina,1679,2,0.0,13.0,CZE,20,atp_rankings_2026_02_02.csv
2026-02-02,214276,Min Ho Ko,1679,2,0.0,13.0,KOR,18,atp_rankings_2026_02_02.csv
2026-02-02,212476,Noritaka Koizumi,1679,2,0.0,13.0,JPN,22,atp_rankings_2026_02_02.csv
2026-02-02,212023,Oscar Lacides,1679,2,0.0,13.0,GUD,21,atp_rankings_2026_02_02.csv
2026-02-02,210055,Noah Lopez,1679,2,0.0,13.0,SUI,23,atp_rankings_2026_02_02.csv
2026-02-02,105011,Illya Marchenko,1679,2,-4.0,-371.0,UKR,38,atp_rankings_2026_02_02.csv
2026-02-02,200100,Tomas Rengel Sierra,1679,2,0.0,13.0,ARG,29,atp_rankings_2026_02_02.csv
2026-02-02,106138,Yaraslav Shyla,1679,2,0.0,13.0,BLR,32,atp_rankings_2026_02_02.csv
2026-02-02,208589,Nikita Volonski,1679,2,0.0,13.0,AUS,24,atp_rankings_2026_02_02.csv
2026-02-02,211741,Anthony Wright,1679,2,0.0,13.0,GBR,21,atp_rankings_2026_02_02.csv
2026-02-02,209206,Antonio Caruso,1694,2,0.0,14.0,ITA,26,atp_rankings_2026_02_02.csv
2026-02-02,214029,Ye Chen,1694,2,0.0,14.0,CHN,,atp_rankings_2026_02_02.csv
2026-02-02,208821,Ondrej Horak,1694,2,0.0,14.0,CZE,23,atp_rankings_2026_02_02.csv
2026-02-02,208027,Alex Jones,1694,2,0.0,14.0,USA,27,atp_rankings_2026_02_02.csv
2026-02-02,213367,Emiliano Jorquera,1694,2,0.0,14.0,CAN,22,atp_rankings_2026_02_02.csv
2026-02-02,144896,Hao Sheng Koay,1694,2,0.0,14.0,MAS,27,atp_rankings_2026_02_02.csv
2026-02-02,213815,Sergey Petrov,1694,2,0.0,14.0,RUS,,atp_rankings_2026_02_02.csv
2026-02-02,213274,Eli Stephenson,1694,2,0.0,14.0,USA,21,atp_rankings_2026_02_02.csv
2026-02-02,124126,Sarp Agabigun,1702,2,0.0,32.0,TUR,28,atp_rankings_2026_02_02.csv
2026-02-02,211471,Henrik Bladelius,1702,2,0.0,56.0,SWE,21,atp_rankings_2026_02_02.csv
2026-02-02,210711,Francisco Tomas Geschwind,1702,2,0.0,15.0,ARG,22,atp_rankings_2026_02_02.csv
2026-02-02,213823,Federico Guarducci,1702,2,0.0,15.0,ITA,21,atp_rankings_2026_02_02.csv
2026-02-02,202439,Sean Hodkin,1702,2,0.0,15.0,GBR,27,atp_rankings_2026_02_02.csv
2026-02-02,202155,Yeongseok Jeong,1702,2,0.0,32.0,KOR,25,atp_rankings_2026_02_02.csv
2026-02-02,212758,Jarrod Joyce,1702,2,0.0,15.0,AUS,19,atp_rankings_2026_02_02.csv
2026-02-02,212669,Botond Kisantal,1702,2,0.0,15.0,HUN,20,atp_rankings_2026_02_02.csv
2026-02-02,212851,Espen Lagarde,1702,2,0.0,15.0,FRA,24,atp_rankings_2026_02_02.csv
2026-02-02,213069,Gasper Matijasic,1702,2,0.0,15.0,SLO,,atp_rankings_2026_02_02.csv
2026-02-02,116985,Petr Michnev,1702,2,0.0,15.0,CZE,36,atp_rankings_2026_02_02.csv
2026-02-02,211587,Diogo Morais,1702,2,0.0,15.0,POR,21,atp_rankings_2026_02_02.csv
2026-02-02,125843,Ren Nakamura,1702,2,0.0,15.0,JPN,31,atp_rankings_2026_02_02.csv
2026-02-02,210081,Viacheslav Ovchinnikov,1702,2,0.0,15.0,RUS,23,atp_rankings_2026_02_02.csv
2026-02-02,213964,Bengt Johan Reinhard,1702,2,0.0,15.0,GER,18,atp_rankings_2026_02_02.csv
2026-02-02,213151,Flynn Thomas,1702,2,0.0,15.0,SUI,,atp_rankings_2026_02_02.csv
2026-02-02,213907,Christian Wedel,1702,2,0.0,-10.0,GER,,atp_rankings_2026_02_02.csv
2026-02-02,213873,Benjamin Perez,1719,2,0.0,13.0,CHI,18,atp_rankings_2026_02_02.csv
2026-02-02,212854,Felipe Virgili Berini,1719,2,0.0,13.0,ITA,21,atp_rankings_2026_02_02.csv
2026-02-02,212462,Evan Burnett,1721,2,0.0,13.0,USA,19,atp_rankings_2026_02_02.csv
2026-02-02,,Hugo Cardinaud,1721,2,0.0,13.0,,,atp_rankings_2026_02_02.csv
2026-02-02,210403,Ivan Dreycopp,1721,2,0.0,13.0,ARG,22,atp_rankings_2026_02_02.csv
2026-02-02,213767,Alexander Glomb,1721,2,0.0,13.0,GER,,atp_rankings_2026_02_02.csv
2026-02-02,200662,Toru Horie,1721,2,0.0,13.0,JPN,26,atp_rankings_2026_02_02.csv
2026-02-02,212150,Oskar Jansson,1721,2,0.0,13.0,SWE,21,atp_rankings_2026_02_02.csv
2026-02-02,207256,Admir Kalender,1721,2,0.0,13.0,CRO,25,atp_rankings_2026_02_02.csv
2026-02-02,210248,Jakub Kroslak,1721,2,0.0,13.0,SVK,22,atp_rankings_2026_02_02.csv
2026-02-02,207431,Lewie Lane,1721,2,-1.0,-151.0,GER,25,atp_rankings_2026_02_02.csv
2026-02-02,214231,Johan Oscar Lien,1721,2,0.0,-4.0,NOR,18,atp_rankings_2026_02_02.csv
2026-02-02,134113,Cing Yang Meng,1721,2,0.0,13.0,TPE,27,atp_rankings_2026_02_02.csv
2026-02-02,210060,Aleksandar Mihailovic,1721,2,0.0,13.0,SRB,23,atp_rankings_2026_02_02.csv
2026-02-02,212953,Ilija Palavestra,1721,2,0.0,13.0,USA,,atp_rankings_2026_02_02.csv
2026-02-02,213980,Arnav Paparkar,1721,2,0.0,13.0,IND,17,atp_rankings_2026_02_02.csv
2026-02-02,144731,Kody Pearson,1721,2,0.0,64.0,AUS,26,atp_rankings_2026_02_02.csv
2026-02-02,210287,Noah Regas Luis,1721,2,0.0,13.0,ESP,21,atp_rankings_2026_02_02.csv
2026-02-02,210170,Noah Schlagenhauf,1721,2,0.0,13.0,GER,23,atp_rankings_2026_02_02.csv
2026-02-02,213553,Dmytro Shirokyi,1721,2,0.0,13.0,UKR,19,atp_rankings_2026_02_02.csv
2026-02-02,213588,Esteban Talavera Cortes,1721,2,0.0,13.0,ESP,,atp_rankings_2026_02_02.csv
2026-02-02,200205,Valentin Vanta,1721,2,0.0,13.0,ROU,28,atp_rankings_2026_02_02.csv
2026-02-02,209199,Ilias Zimmermann,1721,2,0.0,13.0,SUI,,atp_rankings_2026_02_02.csv
2026-02-02,209238,Sebastian Dominguez,1742,2,0.0,12.0,GUA,23,atp_rankings_2026_02_02.csv
2026-02-02,214214,Daniel Jovanovski,1742,2,0.0,12.0,AUS,18,atp_rankings_2026_02_02.csv
2026-02-02,212180,Shaoyun Liu,1742,2,0.0,12.0,CHN,24,atp_rankings_2026_02_02.csv
2026-02-02,210308,Stylianos Christodoulou,1745,2,0.0,13.0,CYP,21,atp_rankings_2026_02_02.csv
2026-02-02,138104,Stefan Cooper,1745,2,0.0,13.0,GBR,29,atp_rankings_2026_02_02.csv
2026-02-02,212876,Pedro Andre De Almeida Santos,1745,2,0.0,13.0,BRA,21,atp_rankings_2026_02_02.csv
2026-02-02,212129,Mariano Dedura Palomero,1745,2,0.0,40.0,GER,20,atp_rankings_2026_02_02.csv
2026-02-02,210396,Dmitry Dolzhenkov,1745,2,0.0,13.0,RUS,21,atp_rankings_2026_02_02.csv
2026-02-02,210729,Hamza El Amine,1745,2,0.0,13.0,MAR,21,atp_rankings_2026_02_02.csv
2026-02-02,200419,Jonas Eriksson Ziverts,1745,2,0.0,13.0,SWE,27,atp_rankings_2026_02_02.csv
2026-02-02,214139,Nicola Ion,1745,2,0.0,13.0,CAN,,atp_rankings_2026_02_02.csv
2026-02-02,213576,Matt Kleiman,1745,2,0.0,13.0,USA,,atp_rankings_2026_02_02.csv
2026-02-02,206895,Alex Kobelt,1745,2,0.0,13.0,USA,28,atp_rankings_2026_02_02.csv
2026-02-02,211701,Jules Leroux,1745,2,0.0,13.0,FRA,20,atp_rankings_2026_02_02.csv
2026-02-02,213461,Andrea Mchich,1745,2,1.0,352.0,FRA,20,atp_rankings_2026_02_02.csv
2026-02-02,213287,Diego Ortiz Gamonsl,1745,2,1.0,352.0,CHI,22,atp_rankings_2026_02_02.csv
2026-02-02,132137,Tomislav Edward Papac,1745,2,0.0,13.0,AUS,30,atp_rankings_2026_02_02.csv
2026-02-02,207972,Minjong Park,1745,2,0.0,13.0,KOR,24,atp_rankings_2026_02_02.csv
2026-02-02,210114,Julien Penzlin,1745,2,0.0,13.0,GER,23,atp_rankings_2026_02_02.csv
2026-02-02,210212,Alexander Petrov,1745,2,-1.0,-159.0,BUL,24,atp_rankings_2026_02_02.csv
2026-02-02,213186,David Petrovic,1745,2,0.0,13.0,GER,21,atp_rankings_2026_02_02.csv
2026-02-02,207958,Roman Postolka,1745,2,0.0,13.0,CZE,26,atp_rankings_2026_02_02.csv
2026-02-02,206827,Alan Sau Franco,1745,2,0.0,13.0,MEX,25,atp_rankings_2026_02_02.csv
2026-02-02,213135,Ruslan Serazhetdinov,1745,2,0.0,13.0,RUS,20,atp_rankings_2026_02_02.csv
2026-02-02,209870,Gunawan Trismuwantara,1745,2,0.0,13.0,INA,23,atp_rankings_2026_02_02.csv
2026-02-02,210704,Kian Vakili,1745,2,0.0,13.0,USA,22,atp_rankings_2026_02_02.csv
2026-02-02,212459,Kai I Wang,1745,2,0.0,13.0,TPE,21,atp_rankings_2026_02_02.csv
2026-02-02,214037,Jan Wygona,1745,2,0.0,13.0,POL,,atp_rankings_2026_02_02.csv
2026-02-02,207370,Ryusuke Horiuchi,1770,2,0.0,12.0,JPN,27,atp_rankings_2026_02_02.csv
2026-02-02,213930,Zangar Nurlanuly,1770,2,0.0,12.0,KAZ,17,atp_rankings_2026_02_02.csv
2026-02-02,122649,Photos Photiades,1770,2,0.0,12.0,CYP,22,atp_rankings_2026_02_02.csv
2026-02-02,208154,Laurin Aerne,1773,2,0.0,12.0,SUI,27,atp_rankings_2026_02_02.csv
2026-02-02,210101,Simone Agostini,1773,2,0.0,12.0,ITA,28,atp_rankings_2026_02_02.csv
2026-02-02,105029,Sergey Betov,1773,2,0.0,12.0,BLR,38,atp_rankings_2026_02_02.csv
2026-02-02,212473,Miles Clark,1773,2,0.0,12.0,USA,,atp_rankings_2026_02_02.csv
2026-02-02,213885,Nav Dayal,1773,2,0.0,12.0,USA,,atp_rankings_2026_02_02.csv
2026-02-02,210454,Jesse De Jager,1773,2,0.0,12.0,NED,23,atp_rankings_2026_02_02.csv
2026-02-02,208197,Ammar Elamin,1773,2,0.0,12.0,IRL,23,atp_rankings_2026_02_02.csv
2026-02-02,200187,Luc Fomba,1773,2,0.0,12.0,FRA,26,atp_rankings_2026_02_02.csv
2026-02-02,210649,Giammarco Gandolfi,1773,2,0.0,12.0,ITA,22,atp_rankings_2026_02_02.csv
2026-02-02,213298,Carl Holder,1773,2,0.0,12.0,FRA,19,atp_rankings_2026_02_02.csv
2026-02-02,210598,Nicolas Hollender,1773,2,0.0,12.0,ARG,24,atp_rankings_2026_02_02.csv
2026-02-02,212232,Yeonsu Jeong,1773,2,0.0,12.0,KOR,,atp_rankings_2026_02_02.csv
2026-02-02,213185,Makar Krivoshchekov,1773,2,0.0,12.0,RUS,20,atp_rankings_2026_02_02.csv
2026-02-02,211742,Daniel Lara Salmeron,1773,2,0.0,12.0,ESP,24,atp_rankings_2026_02_02.csv
2026-02-02,212825,Cian Maguire,1773,2,0.0,12.0,IRL,26,atp_rankings_2026_02_02.csv
2026-02-02,213979,Kunanan Pantaratorn,1773,2,0.0,12.0,THA,17,atp_rankings_2026_02_02.csv
2026-02-02,202363,Fabien Salle,1773,2,0.0,37.0,FRA,26,atp_rankings_2026_02_02.csv
2026-02-02,213716,Yoshka Sborowsky,1773,2,0.0,37.0,FRA,,atp_rankings_2026_02_02.csv
2026-02-02,200479,Luke Simkiss,1773,2,0.0,12.0,GBR,27,atp_rankings_2026_02_02.csv
2026-02-02,138467,Marvin Bernardo Becker Spiering,1773,2,0.0,12.0,BRA,28,atp_rankings_2026_02_02.csv
2026-02-02,213532,Stefan Storch,1773,2,0.0,12.0,AUS,,atp_rankings_2026_02_02.csv
2026-02-02,212498,Benoit Torcq,1773,2,0.0,12.0,BEL,20,atp_rankings_2026_02_02.csv
2026-02-02,212751,Raphael Vaksmann,1773,2,-1.0,-159.0,FRA,,atp_rankings_2026_02_02.csv
2026-02-02,202357,Bang Shuo Yin,1773,2,0.0,12.0,TPE,26,atp_rankings_2026_02_02.csv
2026-02-02,212089,Kane Bonsach Ganley,1797,2,0.0,25.0,DEN,21,atp_rankings_2026_02_02.csv
2026-02-02,209117,Marco Furlanetto,1797,2,0.0,11.0,ITA,24,atp_rankings_2026_02_02.csv
2026-02-02,209035,Mikel Martinez,1797,2,0.0,11.0,ESP,25,atp_rankings_2026_02_02.csv
2026-02-02,212632,Peter Alam,1800,2,0.0,23.0,GBR,23,atp_rankings_2026_02_02.csv
2026-02-02,212883,Andres Delgadillo,1800,2,0.0,10.0,MEX,,atp_rankings_2026_02_02.csv
2026-02-02,212711,Daniel Jade,1800,2,0.0,10.0,FRA,16,atp_rankings_2026_02_02.csv
2026-02-02,,Alvaro Jimenez,1800,2,0.0,10.0,,,atp_rankings_2026_02_02.csv
2026-02-02,214111,Tomas Jordi Leston,1800,2,0.0,10.0,ARG,,atp_rankings_2026_02_02.csv
2026-02-02,200455,Aliaksandr Liaonenka,1800,2,0.0,10.0,BLR,26,atp_rankings_2026_02_02.csv
2026-02-02,213810,Alex Santino Nunez Vera,1800,2,0.0,10.0,PAR,18,atp_rankings_2026_02_02.csv
2026-02-02,210331,Alessandro Spadola,1800,2,0.0,10.0,ITA,22,atp_rankings_2026_02_02.csv
2026-02-02,212294,Matei Todoran,1800,2,0.0,10.0,ROU,,atp_rankings_2026_02_02.csv
2026-02-02,210666,Ha Minh Duc Vu,1800,2,0.0,-42.0,VIE,22,atp_rankings_2026_02_02.csv
2026-02-02,208542,Linghao Zhang,1800,2,0.0,10.0,CHN,22,atp_rankings_2026_02_02.csv
2026-02-02,208726,Alberto Odiseo Alvarado Berrospi,1811,2,-1.0,-181.0,PER,25,atp_rankings_2026_02_02.csv
2026-02-02,123847,Bogdan Bobrov,1811,2,0.0,18.0,RUS,28,atp_rankings_2026_02_02.csv
2026-02-02,210434,Charlie Camus,1811,2,-1.0,-173.0,FRA,19,atp_rankings_2026_02_02.csv
2026-02-02,212797,Hitesh Chauhan,1811,2,1.0,368.0,IND,18,atp_rankings_2026_02_02.csv
2026-02-02,200622,Hernando Jose Escurra Isnardi,1811,2,0.0,12.0,PAR,28,atp_rankings_2026_02_02.csv
2026-02-02,210092,Filiberto Fumagalli,1811,2,0.0,12.0,ITA,23,atp_rankings_2026_02_02.csv
2026-02-02,207367,Bora Sengul,1811,2,0.0,12.0,TUR,24,atp_rankings_2026_02_02.csv
2026-02-02,212289,Tom Sickenberger,1811,2,0.0,12.0,GER,,atp_rankings_2026_02_02.csv
2026-02-02,208504,Daiki Yoshimura,1811,2,0.0,12.0,JPN,23,atp_rankings_2026_02_02.csv
2026-02-02,209267,Vesa Ahti,1820,2,0.0,9.0,FIN,26,atp_rankings_2026_02_02.csv
2026-02-02,212724,Anas Bennour Dit Sahli,1820,2,0.0,9.0,TUN,19,atp_rankings_2026_02_02.csv
2026-02-02,212923,Hugo Ouzilou,1820,2,0.0,14.0,SUI,22,atp_rankings_2026_02_02.csv
2026-02-02,210103,Luca Parenti,1820,2,0.0,14.0,ITA,22,atp_rankings_2026_02_02.csv
2026-02-02,213049,Mateya Stanisavljevic,1820,2,0.0,9.0,SRB,19,atp_rankings_2026_02_02.csv
2026-02-02,210315,Pietro Pampanin,1825,2,0.0,8.0,ITA,23,atp_rankings_2026_02_02.csv
2026-02-02,206905,Louis Herman,1826,2,0.0,15.0,BEL,24,atp_rankings_2026_02_02.csv
2026-02-02,207934,Philip Hjorth,1827,2,0.0,18.0,DEN,26,atp_rankings_2026_02_02.csv
2026-02-02,202323,Arjun Mehrotra,1827,2,0.0,9.0,AUS,28,atp_rankings_2026_02_02.csv
2026-02-02,149108,Loic Namigandet Tenguere,1827,2,-1.0,-178.0,FRA,27,atp_rankings_2026_02_02.csv
2026-02-02,211601,Alvaro Peiro Serrano,1827,2,0.0,9.0,ESP,21,atp_rankings_2026_02_02.csv
2026-02-02,210032,Pierre Antoine Tailleu,1827,2,0.0,9.0,FRA,22,atp_rankings_2026_02_02.csv
2026-02-02,202314,Parth Aggarwal,1832,2,0.0,13.0,IND,28,atp_rankings_2026_02_02.csv
2026-02-02,,Ignasi Forcano Aparicio,1832,2,0.0,4.0,,,atp_rankings_2026_02_02.csv
2026-02-02,213800,Ty Host,1832,2,0.0,10.0,AUS,18,atp_rankings_2026_02_02.csv
2026-02-02,213494,Bogdan Seleznev,1832,2,0.0,4.0,RUS,23,atp_rankings_2026_02_02.csv
2026-02-02,200045,Anthony Susanto,1832,2,0.0,10.0,INA,28,atp_rankings_2026_02_02.csv
2026-02-02,212260,Rocco Valente,1832,2,0.0,10.0,ARG,21,atp_rankings_2026_02_02.csv
2026-02-02,213059,Carles Cordoba,1838,2,-2.0,-326.0,ESP,20,atp_rankings_2026_02_02.csv
2026-02-02,132018,Drew Van Orderlain,1838,2,-1.0,-185.0,USA,31,atp_rankings_2026_02_02.csv
2026-02-02,207463,Sheng Tang,1840,2,0.0,8.0,CHN,26,atp_rankings_2026_02_02.csv
2026-02-02,214385,Motoharu Abe,1841,1,,,JPN,16,atp_rankings_2026_02_02.csv
2026-02-02,126732,Eric Ahren Moonga,1841,1,0.0,8.0,SWE,30,atp_rankings_2026_02_02.csv
2026-02-02,213849,Artur Aiukhanov,1841,1,0.0,8.0,RUS,20,atp_rankings_2026_02_02.csv
2026-02-02,105618,Juan Samuel Arauzo Martinez,1841,1,0.0,8.0,ESP,35,atp_rankings_2026_02_02.csv
2026-02-02,211458,Nathan Anthony Barki,1841,1,0.0,8.0,INA,21,atp_rankings_2026_02_02.csv
2026-02-02,214283,Juan Ignacio Barraza,1841,1,0.0,8.0,ARG,24,atp_rankings_2026_02_02.csv
2026-02-02,213966,Jerry Barton,1841,1,0.0,8.0,USA,22,atp_rankings_2026_02_02.csv
2026-02-02,214138,Bastian Berenz,1841,1,0.0,8.0,AUT,,atp_rankings_2026_02_02.csv
2026-02-02,212712,Alexis Berquier,1841,1,0.0,8.0,FRA,,atp_rankings_2026_02_02.csv
2026-02-02,209093,Juliusz Bienkiewicz,1841,1,0.0,8.0,POL,,atp_rankings_2026_02_02.csv
2026-02-02,210211,Omar Brigida,1841,1,0.0,8.0,ITA,26,atp_rankings_2026_02_02.csv
2026-02-02,213942,Tighe Brunetti,1841,1,0.0,8.0,USA,22,atp_rankings_2026_02_02.csv
2026-02-02,214301,Matthew Carroll,1841,1,0.0,8.0,GBR,,atp_rankings_2026_02_02.csv
2026-02-02,209991,Hanamichi Carvajal,1841,1,,,CHI,23,atp_rankings_2026_02_02.csv
2026-02-02,212517,Marcos Castro Fabra,1841,1,0.0,8.0,ESP,18,atp_rankings_2026_02_02.csv
2026-02-02,213115,Elijah Cham,1841,1,0.0,8.0,AUS,,atp_rankings_2026_02_02.csv
2026-02-02,214377,Tito Chavez,1841,1,0.0,8.0,ESP,18,atp_rankings_2026_02_02.csv
2026-02-02,211730,Sandesh Dattatray Kurale,1841,1,0.0,8.0,IND,,atp_rankings_2026_02_02.csv
2026-02-02,209933,Clement Deleersnyder,1841,1,,,FRA,24,atp_rankings_2026_02_02.csv
2026-02-02,106352,Matias Franco Descotte,1841,1,0.0,8.0,ARG,31,atp_rankings_2026_02_02.csv
2026-02-02,214218,Malanqi Du,1841,1,0.0,8.0,CHN,23,atp_rankings_2026_02_02.csv
2026-02-02,214308,Tomas Dummer Macedo,1841,1,0.0,8.0,BRA,17,atp_rankings_2026_02_02.csv
2026-02-02,211685,Birtan Duran,1841,1,0.0,8.0,TUR,21,atp_rankings_2026_02_02.csv
2026-02-02,214353,Gian Durrer,1841,1,0.0,8.0,SUI,21,atp_rankings_2026_02_02.csv
2026-02-02,212072,Samyar Elyasi,1841,1,0.0,8.0,IRI,21,atp_rankings_2026_02_02.csv
2026-02-02,213671,Roberto Ferrer Guimaraes,1841,1,0.0,8.0,USA,,atp_rankings_2026_02_02.csv
2026-02-02,213904,Xavier Ferrer Mateo,1841,1,0.0,8.0,ESP,19,atp_rankings_2026_02_02.csv
2026-02-02,214248,Oriol Font,1841,1,0.0,8.0,ESP,20,atp_rankings_2026_02_02.csv
2026-02-02,214017,Jon Gamble,1841,1,0.0,8.0,USA,,atp_rankings_2026_02_02.csv
2026-02-02,214312,Rafael Augusto Garcia Finetto,1841,1,0.0,8.0,BRA,18,atp_rankings_2026_02_02.csv
2026-02-02,214310,Pietro Gava,1841,1,0.0,8.0,BRA,16,atp_rankings_2026_02_02.csv
2026-02-02,206625,Daniil Golubev,1841,1,0.0,8.0,RUS,24,atp_rankings_2026_02_02.csv
2026-02-02,213868,Maxim Groysman,1841,1,0.0,8.0,USA,,atp_rankings_2026_02_02.csv
2026-02-02,214364,Alexander Gschiel,1841,1,0.0,8.0,AUT,18,atp_rankings_2026_02_02.csv
2026-02-02,213028,Kornel Halmos,1841,1,0.0,8.0,HUN,19,atp_rankings_2026_02_02.csv
2026-02-02,213142,Bryan Hernandez Cortes,1841,1,0.0,8.0,ESP,19,atp_rankings_2026_02_02.csv
2026-02-02,205905,Sergio Ingles Garre,1841,1,0.0,8.0,ESP,26,atp_rankings_2026_02_02.csv
2026-02-02,213342,David Jeanne Grandinot,1841,1,,,FRA,23,atp_rankings_2026_02_02.csv
2026-02-02,127195,Hamza Karmoussi,1841,1,0.0,8.0,MAR,,atp_rankings_2026_02_02.csv
2026-02-02,211608,Nicolas Kobelt,1841,1,0.0,8.0,SUI,21,atp_rankings_2026_02_02.csv
2026-02-02,212521,Thomas Kostka,1841,1,0.0,8.0,FRA,22,atp_rankings_2026_02_02.csv
2026-02-02,210159,Tomas Lanik,1841,1,0.0,8.0,SVK,23,atp_rankings_2026_02_02.csv
2026-02-02,214265,Jordan Lee,1841,1,0.0,8.0,USA,15,atp_rankings_2026_02_02.csv
2026-02-02,214333,Woong Bi Lee,1841,1,0.0,8.0,KOR,20,atp_rankings_2026_02_02.csv
2026-02-02,214233,Woong Chan Lee,1841,1,0.0,8.0,KOR,17,atp_rankings_2026_02_02.csv
2026-02-02,214294,Augusto Mateo Lucarelli,1841,1,0.0,8.0,ARG,19,atp_rankings_2026_02_02.csv
2026-02-02,148678,Cyrus Mahjoob,1841,1,0.0,8.0,USA,20,atp_rankings_2026_02_02.csv
2026-02-02,214251,Noah Martens,1841,1,0.0,8.0,BEL,23,atp_rankings_2026_02_02.csv
2026-02-02,214099,Kaspar Mathes,1841,1,0.0,8.0,GER,,atp_rankings_2026_02_02.csv
2026-02-02,144988,Joel Meda,1841,1,0.0,8.0,CIV,30,atp_rankings_2026_02_02.csv
2026-02-02,212707,Moein Moazam,1841,1,0.0,8.0,IRI,23,atp_rankings_2026_02_02.csv
2026-02-02,214355,Eyad Reda Ezzat Mohamed Sherif,1841,1,0.0,8.0,EGY,18,atp_rankings_2026_02_02.csv
2026-02-02,204737,Alejandro Moreno,1841,1,0.0,8.0,MEX,36,atp_rankings_2026_02_02.csv
2026-02-02,214306,Juan Francisco Munoz,1841,1,0.0,8.0,MEX,18,atp_rankings_2026_02_02.csv
2026-02-02,149283,Freddy Murray,1841,1,0.0,8.0,IRL,22,atp_rankings_2026_02_02.csv
2026-02-02,208718,Mason Naumovski,1841,1,0.0,8.0,AUS,24,atp_rankings_2026_02_02.csv
2026-02-02,214100,Niklas Niggemann,1841,1,0.0,8.0,GER,23,atp_rankings_2026_02_02.csv
2026-02-02,212909,Dingzheng Nima,1841,1,0.0,8.0,CHN,21,atp_rankings_2026_02_02.csv
2026-02-02,213934,Ricard Novell,1841,1,0.0,8.0,ESP,,atp_rankings_2026_02_02.csv
2026-02-02,210133,Valdemar Frederik Pape,1841,1,0.0,8.0,DEN,22,atp_rankings_2026_02_02.csv
2026-02-02,123896,Matija Pecotic,1841,1,0.0,8.0,CRO,36,atp_rankings_2026_02_02.csv
2026-02-02,214254,Roberto Perez Socas,1841,1,0.0,8.0,ESP,17,atp_rankings_2026_02_02.csv
2026-02-02,209865,Peter Benjamin Privara,1841,1,0.0,104.0,SVK,21,atp_rankings_2026_02_02.csv
2026-02-02,214160,Henry Ren,1841,1,0.0,8.0,CAN,22,atp_rankings_2026_02_02.csv
2026-02-02,213302,Rodrigo Reyna,1841,1,0.0,8.0,MEX,27,atp_rankings_2026_02_02.csv
2026-02-02,211603,Freddie Ridout,1841,1,0.0,8.0,GBR,,atp_rankings_2026_02_02.csv
2026-02-02,209880,Carl Roothman,1841,1,0.0,8.0,RSA,23,atp_rankings_2026_02_02.csv
2026-02-02,213837,Agassi Rusher,1841,1,0.0,8.0,USA,,atp_rankings_2026_02_02.csv
2026-02-02,134423,Leevi Saatela,1841,1,0.0,8.0,FIN,30,atp_rankings_2026_02_02.csv
2026-02-02,105816,Batyr Sapaev,1841,1,0.0,8.0,UZB,34,atp_rankings_2026_02_02.csv
2026-02-02,214024,Djordje Sapic,1841,1,0.0,8.0,SRB,,atp_rankings_2026_02_02.csv
2026-02-02,214271,Mauricio Schtulmann Gasca,1841,1,0.0,8.0,MEX,17,atp_rankings_2026_02_02.csv
2026-02-02,209948,Jan Sebesta,1841,1,0.0,8.0,SUI,22,atp_rankings_2026_02_02.csv
2026-02-02,213761,Jack Secord,1841,1,0.0,8.0,USA,,atp_rankings_2026_02_02.csv
2026-02-02,214372,Rajat Shirur,1841,1,0.0,8.0,USA,18,atp_rankings_2026_02_02.csv
2026-02-02,213751,Hayden Shoemake,1841,1,0.0,8.0,USA,,atp_rankings_2026_02_02.csv
2026-02-02,213999,Leon Sloboda,1841,1,0.0,8.0,SVK,,atp_rankings_2026_02_02.csv
2026-02-02,213723,Stephen Slocombe,1841,1,0.0,8.0,BAR,22,atp_rankings_2026_02_02.csv
2026-02-02,210162,Harry Thursfield,1841,1,0.0,8.0,GBR,25,atp_rankings_2026_02_02.csv
2026-02-02,208329,Maximilian Todorov,1841,1,0.0,8.0,GER,26,atp_rankings_2026_02_02.csv
2026-02-02,214045,Ryan Torres,1841,1,0.0,8.0,PHI,,atp_rankings_2026_02_02.csv
2026-02-02,207586,Justas Trainauskas,1841,1,0.0,8.0,LTU,23,atp_rankings_2026_02_02.csv
2026-02-02,214077,Vaal Urankar,1841,1,0.0,8.0,SLO,20,atp_rankings_2026_02_02.csv
2026-02-02,210356,Andres Urquiola Montellano,1841,1,0.0,8.0,BOL,21,atp_rankings_2026_02_02.csv
2026-02-02,209204,Iiro Vasa,1841,1,0.0,8.0,FIN,23,atp_rankings_2026_02_02.csv
2026-02-02,125804,Brandon Walkin,1841,1,0.0,8.0,GBR,31,atp_rankings_2026_02_02.csv
2026-02-02,214307,Ids Waterbolk,1841,1,0.0,8.0,NED,24,atp_rankings_2026_02_02.csv
2026-02-02,213937,Dawid Wisniewski,1841,1,0.0,8.0,POL,,atp_rankings_2026_02_02.csv
2026-02-02,214390,Antonin Witz,1841,1,,,FRA,17,atp_rankings_2026_02_02.csv
2026-02-02,127894,Yusuke Yoshikawa,1841,1,0.0,8.0,JPN,31,atp_rankings_2026_02_02.csv
2026-02-02,214132,William Zhang,1841,1,0.0,8.0,USA,,atp_rankings_2026_02_02.csv
2026-02-02,214010,Shixun Zhu,1841,1,0.0,8.0,CHN,,atp_rankings_2026_02_02.csv
2026-02-02,214280,Fantino Alberca,1933,1,0.0,12.0,ARG,21,atp_rankings_2026_02_02.csv
2026-02-02,212493,Ramiro Amarilla,1933,1,0.0,12.0,ARG,24,atp_rankings_2026_02_02.csv
2026-02-02,144727,Joao Antonio,1933,1,0.0,12.0,POR,26,atp_rankings_2026_02_02.csv
2026-02-02,149100,Romeo Arcuschin,1933,1,0.0,12.0,ARG,,atp_rankings_2026_02_02.csv
2026-02-02,214008,David Asenov,1933,1,0.0,12.0,CAN,,atp_rankings_2026_02_02.csv
2026-02-02,213950,Nicolas Baena,1933,1,0.0,12.0,PER,18,atp_rankings_2026_02_02.csv
2026-02-02,214232,Lorenzo Balducci,1933,1,0.0,12.0,ITA,18,atp_rankings_2026_02_02.csv
2026-02-02,214211,Arian Barbic,1933,1,0.0,-84.0,GER,17,atp_rankings_2026_02_02.csv
2026-02-02,212796,Tristan Berard,1933,1,0.0,12.0,FRA,,atp_rankings_2026_02_02.csv
2026-02-02,212601,Luka Bojicic Ono,1933,1,0.0,12.0,BRA,21,atp_rankings_2026_02_02.csv
2026-02-02,213663,Maximilian Borisov,1933,1,0.0,12.0,BUL,,atp_rankings_2026_02_02.csv
2026-02-02,210440,Federico Bove,1933,1,0.0,12.0,ITA,27,atp_rankings_2026_02_02.csv
2026-02-02,212668,Tyler Bowers,1933,1,0.0,12.0,USA,23,atp_rankings_2026_02_02.csv
2026-02-02,212863,Benjamin Chelia,1933,1,0.0,12.0,ARG,17,atp_rankings_2026_02_02.csv
2026-02-02,213711,Dario Alexandru Ciobotaru,1933,1,0.0,107.0,ROU,,atp_rankings_2026_02_02.csv
2026-02-02,208672,Jose Luis Claro,1933,1,0.0,-84.0,PER,22,atp_rankings_2026_02_02.csv
2026-02-02,214154,Enrique Collar,1933,1,0.0,12.0,ESP,18,atp_rankings_2026_02_02.csv
2026-02-02,214241,Sasha Colleu,1933,1,0.0,12.0,FRA,,atp_rankings_2026_02_02.csv
2026-02-02,214165,Joao Pedro Didoni Bonini,1933,1,0.0,12.0,BRA,18,atp_rankings_2026_02_02.csv
2026-02-02,202153,Sid Donarski,1933,1,0.0,12.0,CAN,28,atp_rankings_2026_02_02.csv
2026-02-02,211402,Mikhail Dubrouski,1933,1,0.0,12.0,BLR,,atp_rankings_2026_02_02.csv
2026-02-02,210260,Gabriel Elicha Navas,1933,1,0.0,12.0,ESP,22,atp_rankings_2026_02_02.csv
2026-02-02,210215,Lorenzo Esquici,1933,1,0.0,12.0,BRA,22,atp_rankings_2026_02_02.csv
2026-02-02,214131,Edward Etty,1933,1,0.0,12.0,NED,24,atp_rankings_2026_02_02.csv
2026-02-02,214133,Wen Bo Fan,1933,1,0.0,12.0,CHN,18,atp_rankings_2026_02_02.csv
2026-02-02,212720,Juan Carlos Fuentes Vasquez,1933,1,0.0,12.0,ESA,20,atp_rankings_2026_02_02.csv
2026-02-02,211353,Thomas Nicholas Gadecki,1933,1,0.0,12.0,AUS,20,atp_rankings_2026_02_02.csv
2026-02-02,212996,Iker Gaztambide Arrastia,1933,1,0.0,12.0,ESP,21,atp_rankings_2026_02_02.csv
2026-02-02,209962,Mikhail Gorokhov,1933,1,0.0,12.0,RUS,22,atp_rankings_2026_02_02.csv
2026-02-02,210478,Sebastian Gorzny,1933,1,0.0,12.0,USA,22,atp_rankings_2026_02_02.csv
2026-02-02,211634,Tobia Grandinetti,1933,1,0.0,12.0,ARG,22,atp_rankings_2026_02_02.csv
2026-02-02,212927,Spencer Gray,1933,1,0.0,12.0,USA,24,atp_rankings_2026_02_02.csv
2026-02-02,214124,Matteo Gribaldo,1933,1,0.0,12.0,ITA,,atp_rankings_2026_02_02.csv
2026-02-02,214202,Gus Grumet,1933,1,0.0,12.0,USA,18,atp_rankings_2026_02_02.csv
2026-02-02,214083,Thomas Gunzinger,1933,1,0.0,12.0,SUI,,atp_rankings_2026_02_02.csv
2026-02-02,103665,Ryan Haviland,1933,1,0.0,12.0,USA,45,atp_rankings_2026_02_02.csv
2026-02-02,210151,Mark Havlicek,1933,1,0.0,12.0,CZE,22,atp_rankings_2026_02_02.csv
2026-02-02,206716,Lukas Hellum Lilleengen,1933,1,0.0,107.0,NOR,25,atp_rankings_2026_02_02.csv
2026-02-02,213917,Yuya Hirose,1933,1,0.0,12.0,JPN,,atp_rankings_2026_02_02.csv
2026-02-02,214263,Matic Hribar,1933,1,0.0,12.0,SLO,18,atp_rankings_2026_02_02.csv
2026-02-02,214078,Leonardo Iemmi,1933,1,0.0,12.0,ITA,20,atp_rankings_2026_02_02.csv
2026-02-02,213959,Ilya Ignatov,1933,1,0.0,12.0,UZB,20,atp_rankings_2026_02_02.csv
2026-02-02,208878,Ryder Jackson,1933,1,0.0,-84.0,USA,20,atp_rankings_2026_02_02.csv
2026-02-02,212990,Alejandro Jacome Jaramillo,1933,1,0.0,12.0,ECU,,atp_rankings_2026_02_02.csv
2026-02-02,211472,Oliver Johansson,1933,1,0.0,12.0,SWE,,atp_rankings_2026_02_02.csv
2026-02-02,214011,Kaigaoge Kang,1933,1,0.0,12.0,CHN,,atp_rankings_2026_02_02.csv
2026-02-02,210112,Veljko Krstic,1933,1,0.0,12.0,SRB,22,atp_rankings_2026_02_02.csv
2026-02-02,214216,Anes Latifovic,1933,1,0.0,12.0,GER,20,atp_rankings_2026_02_02.csv
2026-02-02,214213,Rhys Lawlor,1933,1,0.0,12.0,GBR,16,atp_rankings_2026_02_02.csv
2026-02-02,210548,Tim Loosen,1933,1,0.0,-84.0,GER,24,atp_rankings_2026_02_02.csv
2026-02-02,208848,Mikolaj Lorens,1933,1,0.0,12.0,POL,24,atp_rankings_2026_02_02.csv
2026-02-02,213931,Jun Hao Luo,1933,1,0.0,12.0,CHN,18,atp_rankings_2026_02_02.csv
2026-02-02,105747,Karim Mohamed Maamoun,1933,1,-1.0,-216.0,EGY,34,atp_rankings_2026_02_02.csv
2026-02-02,209328,Martin Maldonado,1933,1,0.0,12.0,ECU,,atp_rankings_2026_02_02.csv
2026-02-02,213971,Tomas Marin,1933,1,0.0,12.0,COL,,atp_rankings_2026_02_02.csv
2026-02-02,214367,Marco Migliorati,1933,1,0.0,12.0,ITA,22,atp_rankings_2026_02_02.csv
2026-02-02,212278,Milos Mikovic,1933,1,0.0,12.0,SRB,20,atp_rankings_2026_02_02.csv
2026-02-02,213005,Ali Missoum,1933,1,0.0,12.0,MAR,17,atp_rankings_2026_02_02.csv
2026-02-02,149157,Luis Jose Nakamine,1933,1,0.0,12.0,PER,19,atp_rankings_2026_02_02.csv
2026-02-02,211545,Seiya Nakanishi,1933,1,0.0,12.0,JPN,29,atp_rankings_2026_02_02.csv
2026-02-02,214373,Pierre Ngijol Carre,1933,1,0.0,-84.0,FRA,,atp_rankings_2026_02_02.csv
2026-02-02,213793,Andy Nguyen,1933,1,0.0,12.0,USA,21,atp_rankings_2026_02_02.csv
2026-02-02,211489,Maximilian Oezcelik,1933,1,0.0,12.0,GER,,atp_rankings_2026_02_02.csv
2026-02-02,214600,Alexander Ikenna Okonkwo,1933,1,0.0,12.0,GBR,21,atp_rankings_2026_02_02.csv
2026-02-02,200075,Yshai Oliel,1933,1,0.0,164.0,ISR,26,atp_rankings_2026_02_02.csv
2026-02-02,214172,Mattias Pisanu,1933,1,0.0,12.0,ITA,18,atp_rankings_2026_02_02.csv
2026-02-02,211592,Tadija Radovanovic,1933,1,0.0,12.0,SRB,25,atp_rankings_2026_02_02.csv
2026-02-02,211604,Yannik Rahman,1933,1,0.0,12.0,USA,,atp_rankings_2026_02_02.csv
2026-02-02,,Philippe Renard,1933,1,0.0,12.0,,,atp_rankings_2026_02_02.csv
2026-02-02,,Pablo Robledo,1933,1,0.0,12.0,,,atp_rankings_2026_02_02.csv
2026-02-02,214261,Lautaro Rocha,1933,1,0.0,12.0,ARG,18,atp_rankings_2026_02_02.csv
2026-02-02,200012,Tim Ruehl,1933,1,0.0,12.0,GER,27,atp_rankings_2026_02_02.csv
2026-02-02,214087,Jan Sadzik,1933,1,0.0,12.0,POL,17,atp_rankings_2026_02_02.csv
2026-02-02,213651,Agustin Salazar Salazar,1933,1,0.0,12.0,MEX,22,atp_rankings_2026_02_02.csv
2026-02-02,208418,Jonas Schaer,1933,1,0.0,12.0,SUI,25,atp_rankings_2026_02_02.csv
2026-02-02,210467,Rafael Segado Esteve,1933,1,0.0,12.0,ESP,19,atp_rankings_2026_02_02.csv
2026-02-02,214328,Andre Souza,1933,1,0.0,12.0,BRA,23,atp_rankings_2026_02_02.csv
2026-02-02,214031,Nicholas Steiglehner,1933,1,0.0,12.0,USA,21,atp_rankings_2026_02_02.csv
2026-02-02,211607,Filip Stidell,1933,1,0.0,12.0,SWE,20,atp_rankings_2026_02_02.csv
2026-02-02,208301,Gustaf Strom,1933,1,0.0,12.0,SWE,24,atp_rankings_2026_02_02.csv
2026-02-02,214290,Leonardo Suarez,1933,1,0.0,12.0,BOL,17,atp_rankings_2026_02_02.csv
2026-02-02,211703,Sarthak Suden,1933,1,0.0,12.0,IND,,atp_rankings_2026_02_02.csv
2026-02-02,213981,Elias Sumann,1933,1,0.0,12.0,AUT,20,atp_rankings_2026_02_02.csv
2026-02-02,210702,Jinpeng Tang,1933,1,0.0,12.0,CHN,19,atp_rankings_2026_02_02.csv
2026-02-02,214068,Daniel Tazabekov,1933,1,0.0,12.0,KAZ,18,atp_rankings_2026_02_02.csv
2026-02-02,214142,Kai Thompson,1933,1,0.0,12.0,HKG,,atp_rankings_2026_02_02.csv
2026-02-02,213020,Aadarsh Tripathi,1933,1,0.0,12.0,USA,22,atp_rankings_2026_02_02.csv
2026-02-02,212705,Nathan Trouve,1933,1,0.0,12.0,FRA,20,atp_rankings_2026_02_02.csv
2026-02-02,213869,Abdulaziz Usmonjonov,1933,1,0.0,12.0,UZB,,atp_rankings_2026_02_02.csv
2026-02-02,214297,Julian Valenzuela,1933,1,,,CHI,18,atp_rankings_2026_02_02.csv
2026-02-02,210206,Jip Van Assendelft,1933,1,0.0,12.0,NED,23,atp_rankings_2026_02_02.csv
2026-02-02,213746,Felipe Vazquez,1933,1,0.0,12.0,URU,17,atp_rankings_2026_02_02.csv
2026-02-02,212869,Franco Ariel Vazquez,1933,1,0.0,12.0,ARG,,atp_rankings_2026_02_02.csv
2026-02-02,212099,Benjamin Vitter,1933,1,0.0,12.0,FRA,23,atp_rankings_2026_02_02.csv
2026-02-02,211563,Aaron James Williams,1933,1,0.0,12.0,GER,22,atp_rankings_2026_02_02.csv
2026-02-02,214358,Finn Willman,1933,1,0.0,12.0,NZL,18,atp_rankings_2026_02_02.csv
2026-02-02,212102,Maximus Zavier Wong,1933,1,0.0,12.0,SIN,,atp_rankings_2026_02_02.csv
2026-02-02,214110,Kai An Wu,1933,1,0.0,12.0,TPE,19,atp_rankings_2026_02_02.csv
2026-02-02,126715,Fernando Yamacita,1933,1,0.0,12.0,BRA,28,atp_rankings_2026_02_02.csv
2026-02-02,213895,Arturs Zagars,1933,1,0.0,12.0,LAT,,atp_rankings_2026_02_02.csv
2026-02-02,211698,Gonzalo Zeitune,1933,1,0.0,12.0,ARG,20,atp_rankings_2026_02_02.csv
2026-02-02,213845,Carlos Zerega,1933,1,0.0,12.0,MEX,30,atp_rankings_2026_02_02.csv
2026-02-02,208076,Danielle Abadia,2035,1,0.0,5.0,SGP,24,atp_rankings_2026_02_02.csv
2026-02-02,213193,Damir Abdusamadov,2035,1,0.0,5.0,UZB,19,atp_rankings_2026_02_02.csv
2026-02-02,210662,Marco Alvarez,2035,1,0.0,5.0,USA,25,atp_rankings_2026_02_02.csv
2026-02-02,214198,Daniel Aleksandar Amarandei,2035,1,0.0,5.0,ITA,18,atp_rankings_2026_02_02.csv
2026-02-02,106339,Felipe Assuncao Garla,2035,1,0.0,5.0,BRA,31,atp_rankings_2026_02_02.csv
2026-02-02,212123,Sergio Badini,2035,1,0.0,5.0,ITA,21,atp_rankings_2026_02_02.csv
2026-02-02,214055,Flavio Bocci,2035,1,0.0,5.0,ITA,,atp_rankings_2026_02_02.csv
2026-02-02,109732,Enrique Bogo,2035,1,0.0,5.0,BRA,30,atp_rankings_2026_02_02.csv
2026-02-02,213051,Thanaphat Boosarawongse,2035,1,0.0,5.0,THA,19,atp_rankings_2026_02_02.csv
2026-02-02,132456,Vasilios Caripi,2035,1,0.0,5.0,RSA,34,atp_rankings_2026_02_02.csv
2026-02-02,202378,Ignacio Carou,2035,1,0.0,5.0,URU,26,atp_rankings_2026_02_02.csv
2026-02-02,149161,David Cristian Carteputreda,2035,1,0.0,5.0,ROU,18,atp_rankings_2026_02_02.csv
2026-02-02,144833,Andres Gabriel Ciurletti,2035,1,0.0,62.0,ITA,28,atp_rankings_2026_02_02.csv
2026-02-02,212739,Lautaro Correa Beguerie,2035,1,0.0,5.0,ARG,20,atp_rankings_2026_02_02.csv
2026-02-02,212929,Nikola Djukic Valera,2035,1,0.0,5.0,ESP,,atp_rankings_2026_02_02.csv
2026-02-02,213961,Tarek Erlewein,2035,1,0.0,5.0,GER,22,atp_rankings_2026_02_02.csv
2026-02-02,214375,Luis Andres Flores Avila,2035,1,,,MEX,17,atp_rankings_2026_02_02.csv
2026-02-02,213023,Filippo Francesco Garbero,2035,1,0.0,5.0,ITA,,atp_rankings_2026_02_02.csv
2026-02-02,213628,Volodymyr Gurenko,2035,1,0.0,5.0,CAN,,atp_rankings_2026_02_02.csv
2026-02-02,213680,Javier Guzman,2035,1,0.0,-90.0,CHL,,atp_rankings_2026_02_02.csv
2026-02-02,213074,Hugo Hashimoto,2035,1,0.0,5.0,USA,22,atp_rankings_2026_02_02.csv
2026-02-02,213949,Julius Maximilian Haus,2035,1,0.0,5.0,GER,18,atp_rankings_2026_02_02.csv
2026-02-02,210388,Kaeri Hernandez Mariona,2035,1,0.0,5.0,GUA,22,atp_rankings_2026_02_02.csv
2026-02-02,213168,Patrick Jozwicki,2035,1,0.0,5.0,AUT,,atp_rankings_2026_02_02.csv
2026-02-02,213199,Dorian Juszczak,2035,1,0.0,5.0,POL,20,atp_rankings_2026_02_02.csv
2026-02-02,213780,Alexander Krylov,2035,1,0.0,5.0,RUS,22,atp_rankings_2026_02_02.csv
2026-02-02,214082,Justin Lenders,2035,1,0.0,5.0,SUI,,atp_rankings_2026_02_02.csv
2026-02-02,213565,Isaac Lhomond,2035,1,0.0,5.0,FRA,,atp_rankings_2026_02_02.csv
2026-02-02,211358,Adam Majchrzak,2035,1,0.0,5.0,POL,20,atp_rankings_2026_02_02.csv
2026-02-02,213850,Aron Janos Major,2035,1,0.0,5.0,HUN,,atp_rankings_2026_02_02.csv
2026-02-02,211699,Franco Marini,2035,1,0.0,5.0,ARG,,atp_rankings_2026_02_02.csv
2026-02-02,212188,Benjamin Martin,2035,1,0.0,5.0,FRA,20,atp_rankings_2026_02_02.csv
2026-02-02,132804,Jordi Mas De Ugarte,2035,1,0.0,5.0,ESP,30,atp_rankings_2026_02_02.csv
2026-02-02,149125,Maciej Matuszczyk,2035,1,0.0,5.0,POL,22,atp_rankings_2026_02_02.csv
2026-02-02,214117,Jack Mcgary,2035,1,0.0,5.0,USA,20,atp_rankings_2026_02_02.csv
2026-02-02,213158,Vicente Monge,2035,1,0.0,5.0,PER,19,atp_rankings_2026_02_02.csv
2026-02-02,214260,Salvador Monteiro,2035,1,0.0,5.0,POR,17,atp_rankings_2026_02_02.csv
2026-02-02,208204,Francois Musitelli,2035,1,-2.0,-465.0,FRA,27,atp_rankings_2026_02_02.csv
2026-02-02,214266,Stefan Ilie Bogdan Petre,2035,1,0.0,5.0,ROU,17,atp_rankings_2026_02_02.csv
2026-02-02,212633,Tomas Pinho,2035,1,0.0,5.0,POR,23,atp_rankings_2026_02_02.csv
2026-02-02,205941,Rishi Reddy,2035,1,0.0,5.0,IND,27,atp_rankings_2026_02_02.csv
2026-02-02,106064,Lucas Renard,2035,1,0.0,5.0,SWE,33,atp_rankings_2026_02_02.csv
2026-02-02,207587,Martins Rocens,2035,1,0.0,5.0,LAT,25,atp_rankings_2026_02_02.csv
2026-02-02,105688,Manuel Sanchez,2035,1,0.0,5.0,MEX,35,atp_rankings_2026_02_02.csv
2026-02-02,214019,Hidde Schoenmakers,2035,1,0.0,5.0,NED,,atp_rankings_2026_02_02.csv
2026-02-02,213173,Nicola Senn,2035,1,0.0,62.0,SUI,,atp_rankings_2026_02_02.csv
2026-02-02,213633,Rethin Pranav Senthil Kumar,2035,1,0.0,5.0,IND,,atp_rankings_2026_02_02.csv
2026-02-02,212557,Samuel Stolarik,2035,1,0.0,5.0,SVK,21,atp_rankings_2026_02_02.csv
2026-02-02,210664,Bjorn Swenson,2035,1,0.0,5.0,USA,22,atp_rankings_2026_02_02.csv
2026-02-02,213160,Adam Gabor Szoke,2035,1,0.0,5.0,HUN,21,atp_rankings_2026_02_02.csv
2026-02-02,213784,Guillermo Tunas,2035,1,0.0,5.0,MEX,25,atp_rankings_2026_02_02.csv
2026-02-02,213531,Jake Van Emburgh,2035,1,0.0,5.0,USA,27,atp_rankings_2026_02_02.csv
2026-02-02,210094,Alexander Vikhlyantsev,2035,1,0.0,5.0,RUS,23,atp_rankings_2026_02_02.csv
2026-02-02,213708,Henrik Villanger,2035,1,0.0,62.0,NOR,,atp_rankings_2026_02_02.csv
2026-02-02,,Jakub Vrba,2035,1,0.0,5.0,,,atp_rankings_2026_02_02.csv
2026-02-02,212802,Yamato Yukawa,2035,1,0.0,5.0,JPN,,atp_rankings_2026_02_02.csv
2026-02-02,210597,Ahmed Zaki,2035,1,0.0,5.0,EGY,20,atp_rankings_2026_02_02.csv
2026-02-02,212821,Vitaliy Zatsepin,2035,1,0.0,5.0,KAZ,19,atp_rankings_2026_02_02.csv
2026-02-02,212039,Mohammad Alkotop,2093,1,0.0,4.0,JOR,20,atp_rankings_2026_02_02.csv
2026-02-02,213410,Romain Andres,2093,1,0.0,4.0,FRA,18,atp_rankings_2026_02_02.csv
2026-02-02,213047,Marcin Andrzejczak,2093,1,0.0,4.0,POL,,atp_rankings_2026_02_02.csv
2026-02-02,213740,Mert Aytekin,2093,1,0.0,4.0,TUR,,atp_rankings_2026_02_02.csv
2026-02-02,212860,Dakotah Bobo,2093,1,0.0,4.0,USA,23,atp_rankings_2026_02_02.csv
2026-02-02,214094,Penn Charusorn,2093,1,0.0,4.0,THA,18,atp_rankings_2026_02_02.csv
2026-02-02,212912,Mathys Domenc,2093,1,0.0,4.0,FRA,16,atp_rankings_2026_02_02.csv
2026-02-02,214070,Jose Freitas,2093,1,0.0,4.0,POR,19,atp_rankings_2026_02_02.csv
2026-02-02,207748,Hong Lin Fu,2093,1,0.0,4.0,TPE,24,atp_rankings_2026_02_02.csv
2026-02-02,209316,Anthony Genov,2093,1,0.0,4.0,BUL,23,atp_rankings_2026_02_02.csv
2026-02-02,213839,Santiago Giamichelle,2093,1,0.0,4.0,ARG,22,atp_rankings_2026_02_02.csv
2026-02-02,210400,Nicolas Rafael Goldberg Alviani,2093,1,0.0,4.0,ESP,23,atp_rankings_2026_02_02.csv
2026-02-02,208243,Seon Yong Han,2093,1,,,KOR,25,atp_rankings_2026_02_02.csv
2026-02-02,210590,Henri Haupt,2093,1,0.0,86.0,GER,19,atp_rankings_2026_02_02.csv
2026-02-02,210723,Liam Hignett,2093,1,0.0,4.0,GBR,26,atp_rankings_2026_02_02.csv
2026-02-02,213664,Vladimir Holban,2093,1,0.0,4.0,GRE,,atp_rankings_2026_02_02.csv
2026-02-02,208157,Jan Jermar,2093,1,0.0,52.0,CZE,25,atp_rankings_2026_02_02.csv
2026-02-02,210422,Roan Jones,2093,1,0.0,4.0,GBR,22,atp_rankings_2026_02_02.csv
2026-02-02,208007,Karlo Kajin,2093,1,0.0,4.0,CRO,26,atp_rankings_2026_02_02.csv
2026-02-02,213935,Daniil Kakhniuk,2093,1,0.0,-53.0,BLR,,atp_rankings_2026_02_02.csv
2026-02-02,213838,Ronit Karki,2093,1,0.0,4.0,USA,18,atp_rankings_2026_02_02.csv
2026-02-02,208417,Samuil Konov,2093,1,0.0,4.0,BUL,23,atp_rankings_2026_02_02.csv
2026-02-02,210753,Matic Kriznik,2093,1,0.0,4.0,SLO,20,atp_rankings_2026_02_02.csv
2026-02-02,212545,Henry Lieberman,2093,1,0.0,4.0,USA,25,atp_rankings_2026_02_02.csv
2026-02-02,212754,Norbert Marosik,2093,1,-1.0,-335.0,SVK,21,atp_rankings_2026_02_02.csv
2026-02-02,200013,Mirko Martinez,2093,1,0.0,4.0,SUI,27,atp_rankings_2026_02_02.csv
2026-02-02,213916,Ashton Mcleod,2093,1,0.0,4.0,AUS,18,atp_rankings_2026_02_02.csv
2026-02-02,212024,Alejandro Melero Kretzer,2093,1,0.0,4.0,ESP,21,atp_rankings_2026_02_02.csv
2026-02-02,132433,Stefan Menichella,2093,1,0.0,4.0,USA,31,atp_rankings_2026_02_02.csv
2026-02-02,212951,Mak Mikovic,2093,1,0.0,4.0,SLO,19,atp_rankings_2026_02_02.csv
2026-02-02,121366,Abdulhamid Mubarak,2093,1,0.0,4.0,KUW,31,atp_rankings_2026_02_02.csv
2026-02-02,212938,Botond Nagy,2093,1,0.0,4.0,HUN,,atp_rankings_2026_02_02.csv
2026-02-02,209137,Noppadol Noikor,2093,1,0.0,4.0,THA,25,atp_rankings_2026_02_02.csv
2026-02-02,213958,Ramazan Kaan Oktay,2093,1,0.0,4.0,TUR,,atp_rankings_2026_02_02.csv
2026-02-02,212764,Fabrizio Karol Pio Osti,2093,1,0.0,4.0,ITA,20,atp_rankings_2026_02_02.csv
2026-02-02,212230,Seungmin Park,2093,1,0.0,4.0,KOR,20,atp_rankings_2026_02_02.csv
2026-02-02,,Daniil Piatrouski,2093,1,0.0,4.0,,,atp_rankings_2026_02_02.csv
2026-02-02,211493,Calin Teodor Stirbu,2093,1,0.0,4.0,ROU,19,atp_rankings_2026_02_02.csv
2026-02-02,213813,Alexander Ushakov,2093,1,0.0,4.0,RUS,,atp_rankings_2026_02_02.csv
2026-02-02,214028,Matei Varbanciu,2093,1,0.0,4.0,ROU,,atp_rankings_2026_02_02.csv
2026-02-02,212469,Qiulin Wang,2093,1,0.0,4.0,CHN,23,atp_rankings_2026_02_02.csv
2026-02-02,212890,Caheer Warik,2093,1,0.0,4.0,IND,,atp_rankings_2026_02_02.csv
2026-02-02,212220,Weitao Xu,2093,1,0.0,4.0,CHN,20,atp_rankings_2026_02_02.csv
2026-02-02,211554,Suk Ann,2136,1,0.0,9.0,KOR,,atp_rankings_2026_02_02.csv
2026-02-02,209375,Michael Alejandro Beltran Rubio,2136,1,0.0,9.0,COL,24,atp_rankings_2026_02_02.csv
2026-02-02,211517,Gregorio Biondolillo,2136,1,0.0,9.0,ITA,25,atp_rankings_2026_02_02.csv
2026-02-02,211738,Jonah Braswell,2136,1,0.0,9.0,USA,21,atp_rankings_2026_02_02.csv
2026-02-02,214014,Pedro Henrique Chabalgoity,2136,1,0.0,9.0,BRA,,atp_rankings_2026_02_02.csv
2026-02-02,213140,Edoardo De Filippo,2136,1,0.0,9.0,ITA,21,atp_rankings_2026_02_02.csv
2026-02-02,208559,Rahul Dhokia,2136,1,0.0,9.0,GBR,25,atp_rankings_2026_02_02.csv
2026-02-02,213376,Jeffrey Fradkin,2136,1,0.0,43.0,USA,24,atp_rankings_2026_02_02.csv
2026-02-02,213859,Andrei Corneliu Gadoiu,2136,1,0.0,9.0,ROU,17,atp_rankings_2026_02_02.csv
2026-02-02,212638,Gregor Hausberger,2136,1,0.0,-39.0,AUT,22,atp_rankings_2026_02_02.csv
2026-02-02,212925,Alexandru Toubi Hebhang Balan,2136,1,0.0,9.0,CAN,,atp_rankings_2026_02_02.csv
2026-02-02,208083,Adam Heinonen,2136,1,-3.0,-664.0,SWE,23,atp_rankings_2026_02_02.csv
2026-02-02,213970,Nicolas Hurtado Novoa,2136,1,0.0,9.0,COL,,atp_rankings_2026_02_02.csv
2026-02-02,213928,Reid Jarvis,2136,1,0.0,9.0,USA,,atp_rankings_2026_02_02.csv
2026-02-02,210575,Jack Karlsson Wistrand,2136,1,0.0,9.0,SWE,23,atp_rankings_2026_02_02.csv
2026-02-02,208558,Rafael Kis Balazs,2136,1,0.0,9.0,HUN,24,atp_rankings_2026_02_02.csv
2026-02-02,213181,Rein Koenders,2136,1,0.0,9.0,NED,,atp_rankings_2026_02_02.csv
2026-02-02,200690,Yuhei Kono,2136,1,0.0,9.0,JPN,30,atp_rankings_2026_02_02.csv
2026-02-02,212576,Valentin Kopeikin,2136,1,0.0,9.0,RUS,24,atp_rankings_2026_02_02.csv
2026-02-02,212293,Karl Kazuma Lee,2136,1,0.0,9.0,USA,23,atp_rankings_2026_02_02.csv
2026-02-02,148670,Karol Malirz,2136,1,0.0,9.0,POL,23,atp_rankings_2026_02_02.csv
2026-02-02,213831,Vicente Freda,2136,1,0.0,9.0,BRA,18,atp_rankings_2026_02_02.csv
2026-02-02,213329,Matteo Mesaglio,2136,1,0.0,9.0,ITA,21,atp_rankings_2026_02_02.csv
2026-02-02,212805,Saba George Nanobashvili,2136,1,0.0,9.0,SWE,21,atp_rankings_2026_02_02.csv
2026-02-02,213373,William Nolan,2136,1,0.0,-39.0,GBR,22,atp_rankings_2026_02_02.csv
2026-02-02,210204,Drazen Petrovic,2136,1,0.0,9.0,BIH,23,atp_rankings_2026_02_02.csv
2026-02-02,213415,Glauco Pinheiro Da Cruz Junior,2136,1,0.0,9.0,BRA,20,atp_rankings_2026_02_02.csv
2026-02-02,207685,Peter Sallay,2136,1,0.0,9.0,HUN,25,atp_rankings_2026_02_02.csv
2026-02-02,214123,Elijah Sanogo,2136,1,0.0,-96.0,FRA,17,atp_rankings_2026_02_02.csv
2026-02-02,131999,Kyle Seelig,2136,1,0.0,9.0,USA,28,atp_rankings_2026_02_02.csv
2026-02-02,213992,Lev Seidman,2136,1,0.0,9.0,USA,18,atp_rankings_2026_02_02.csv
2026-02-02,210453,Cedric Stanke,2136,1,0.0,9.0,GER,27,atp_rankings_2026_02_02.csv
2026-02-02,124067,Vullnet Tashi,2136,1,0.0,9.0,SUI,33,atp_rankings_2026_02_02.csv
2026-02-02,207178,Joe Tyler,2136,1,0.0,9.0,GBR,27,atp_rankings_2026_02_02.csv
2026-02-02,212087,Dmitrii Vasilev,2136,1,0.0,9.0,RUS,24,atp_rankings_2026_02_02.csv
2026-02-02,214159,Yassin Ahmed Wageh,2136,1,0.0,9.0,EGY,17,atp_rankings_2026_02_02.csv
2026-02-02,126505,Antoine Walch,2136,1,0.0,9.0,FRA,32,atp_rankings_2026_02_02.csv
2026-02-02,212919,Ivan Biletic,2173,1,0.0,6.0,BIH,19,atp_rankings_2026_02_02.csv
2026-02-02,213393,Breno Braga,2173,1,0.0,6.0,BRA,21,atp_rankings_2026_02_02.csv
2026-02-02,207761,Julien De Cuyper,2173,1,0.0,6.0,FRA,26,atp_rankings_2026_02_02.csv
2026-02-02,213537,Jose Dominguez Alonso,2173,1,0.0,6.0,ESP,,atp_rankings_2026_02_02.csv
2026-02-02,213024,Ivan Iutkin,2173,1,0.0,-28.0,RUS,18,atp_rankings_2026_02_02.csv
2026-02-02,211573,Lucky Candra Kurniawan,2173,1,0.0,6.0,INA,22,atp_rankings_2026_02_02.csv
2026-02-02,125848,Niels Lootsma,2173,1,0.0,6.0,NED,31,atp_rankings_2026_02_02.csv
2026-02-02,214207,Thomas Enrique Menzel Piccioli,2173,1,0.0,-76.0,CHI,18,atp_rankings_2026_02_02.csv
2026-02-02,213770,Andreas Messis,2173,1,0.0,6.0,GRE,,atp_rankings_2026_02_02.csv
2026-02-02,208239,Zhou Mingzhou,2173,1,0.0,6.0,CHN,25,atp_rankings_2026_02_02.csv
2026-02-02,211389,Manuel Mouilleron Salvo,2173,1,0.0,6.0,ARG,22,atp_rankings_2026_02_02.csv
2026-02-02,210476,Enmanuel Munoz,2173,1,0.0,22.0,DOM,21,atp_rankings_2026_02_02.csv
2026-02-02,212882,Jackson Ross,2173,1,-4.0,-789.0,USA,24,atp_rankings_2026_02_02.csv
2026-02-02,213624,Kosuke Shibano,2173,1,0.0,6.0,JPN,,atp_rankings_2026_02_02.csv
2026-02-02,104908,Mikal Oliver Statham,2173,1,0.0,6.0,NZL,38,atp_rankings_2026_02_02.csv
2026-02-02,202413,Lazar Vojinovic,2173,1,0.0,6.0,SRB,26,atp_rankings_2026_02_02.csv
2026-02-02,212471,Minghui Zhang,2173,1,0.0,22.0,CHN,20,atp_rankings_2026_02_02.csv
2026-02-02,213612,Daniil Bogatov,2190,1,0.0,5.0,RUS,,atp_rankings_2026_02_02.csv
2026-02-02,210175,Nicolas Buitrago,2190,1,0.0,5.0,COL,27,atp_rankings_2026_02_02.csv
2026-02-02,211457,Sven Corbinais,2190,1,,,FRA,23,atp_rankings_2026_02_02.csv
2026-02-02,210068,Lorenzo Ferri,2190,1,,,ITA,22,atp_rankings_2026_02_02.csv
2026-02-02,212571,Jim Hendrikx,2190,1,0.0,5.0,NED,24,atp_rankings_2026_02_02.csv
2026-02-02,212593,Filip Krolo,2190,1,0.0,18.0,GER,24,atp_rankings_2026_02_02.csv
2026-02-02,213819,Andrei Kunitsyn,2190,1,0.0,5.0,RUS,21,atp_rankings_2026_02_02.csv
2026-02-02,213777,Savva Rybkin,2190,1,0.0,5.0,RUS,,atp_rankings_2026_02_02.csv
2026-02-02,213161,Fredrik Krogh Solheim,2190,1,0.0,5.0,NOR,,atp_rankings_2026_02_02.csv
2026-02-02,214170,Cagan Efe Tufecki,2190,1,0.0,5.0,TUR,22,atp_rankings_2026_02_02.csv
2026-02-02,209513,Pavel Verbin,2190,1,0.0,5.0,RUS,24,atp_rankings_2026_02_02.csv
2026-02-02,212103,Zhan Zheng,2190,1,0.0,5.0,CHN,22,atp_rankings_2026_02_02.csv
2026-02-02,212786,Victor Braga,2202,1,0.0,6.0,BRA,21,atp_rankings_2026_02_02.csv
2026-02-02,212497,Alvaro Bueno Gil,2202,1,0.0,6.0,ESP,25,atp_rankings_2026_02_02.csv
2026-02-02,208853,Adrien Burdet,2202,1,0.0,6.0,SUI,23,atp_rankings_2026_02_02.csv
2026-02-02,212094,Liam Delicata,2202,1,0.0,6.0,MLT,24,atp_rankings_2026_02_02.csv
2026-02-02,211600,Carlos Giraldi,2202,1,0.0,6.0,ESP,20,atp_rankings_2026_02_02.csv
2026-02-02,111772,Krittin Koaykul,2202,1,0.0,6.0,THA,30,atp_rankings_2026_02_02.csv
2026-02-02,212767,Aryan Lakshmanan,2202,1,0.0,-7.0,IND,20,atp_rankings_2026_02_02.csv
2026-02-02,210139,Gabriel Matuszewski,2202,1,0.0,6.0,POL,21,atp_rankings_2026_02_02.csv
2026-02-02,212716,Kyle Overmyer,2202,1,0.0,6.0,USA,21,atp_rankings_2026_02_02.csv
2026-02-02,212945,Yong Joon Park,2202,1,0.0,6.0,KOR,23,atp_rankings_2026_02_02.csv
2026-02-02,212164,Breno Rossetto Urvaneja,2202,1,0.0,6.0,BRA,21,atp_rankings_2026_02_02.csv
2026-02-02,212971,Tsz Fu Wong,2202,1,0.0,6.0,HKG,20,atp_rankings_2026_02_02.csv
2026-02-02,210417,Adrian Arcon,2214,1,0.0,6.0,AUS,24,atp_rankings_2026_02_02.csv
2026-02-02,213775,Mateo Carballo,2214,1,0.0,6.0,ARG,,atp_rankings_2026_02_02.csv
2026-02-02,212472,Xirui Han,2214,1,0.0,6.0,CHN,19,atp_rankings_2026_02_02.csv
2026-02-02,210751,Isaac Nortey,2214,1,0.0,6.0,GHA,26,atp_rankings_2026_02_02.csv
2026-02-02,212518,Leo Deflandre,2218,1,0.0,8.0,FRA,23,atp_rankings_2026_02_02.csv
2026-02-02,208668,Sean Hess,2218,1,0.0,8.0,ARG,24,atp_rankings_2026_02_02.csv
2026-02-02,124074,Kazuma Kawachi,2218,1,0.0,6.0,JPN,31,atp_rankings_2026_02_02.csv
2026-02-02,213582,Andrea Motta,2218,1,0.0,6.0,ITA,,atp_rankings_2026_02_02.csv
2026-02-02,209046,Atharva Sharma,2222,1,0.0,4.0,IND,25,atp_rankings_2026_02_02.csv
2026-02-02,208780,Kaya Arinc,2223,1,-1.0,-378.0,TUR,26,atp_rankings_2026_02_02.csv
