ranking_date,player_id,player_name,atp_rank,atp_points,atp_points_change,atp_rank_change,country,age,source_file
2026-02-23,207989,Carlos Alcaraz,1,13550,400.0,0.0,ESP,22,atp_rankings_2026_02_23.csv
2026-02-23,206173,Jannik Sinner,2,10400,100.0,0.0,ITA,24,atp_rankings_2026_02_23.csv
2026-02-23,104925,Novak Djokovic,3,5280,0.0,0.0,SRB,38,atp_rankings_2026_02_23.csv
2026-02-23,100644,Alexander Zverev,4,4555,-50.0,0.0,GER,28,atp_rankings_2026_02_23.csv
2026-02-23,207518,Lorenzo Musetti,5,4405,0.0,0.0,ITA,23,atp_rankings_2026_02_23.csv
2026-02-23,200282,Alex De Minaur,6,4235,-15.0,0.0,AUS,27,atp_rankings_2026_02_23.csv
2026-02-23,126203,Taylor Fritz,7,4220,0.0,1.0,USA,28,atp_rankings_2026_02_23.csv
2026-02-23,200000,Felix Auger Aliassime,8,4080,-150.0,-1.0,CAN,25,atp_rankings_2026_02_23.csv
2026-02-23,210097,Ben Shelton,9,4050,0.0,0.0,USA,23,atp_rankings_2026_02_23.csv
2026-02-23,122330,Alexander Bublik,10,3405,0.0,0.0,KAZ,28,atp_rankings_2026_02_23.csv
2026-02-23,106421,Daniil Medvedev,11,2960,-50.0,0.0,RUS,30,atp_rankings_2026_02_23.csv
2026-02-23,134770,Casper Ruud,12,2665,40.0,1.0,NOR,27,atp_rankings_2026_02_23.csv
2026-02-23,210084,Jakub Mensik,13,2595,170.0,3.0,CZE,20,atp_rankings_2026_02_23.csv
2026-02-23,200221,Alejandro Davidovich Fokina,14,2470,0.0,1.0,ESP,26,atp_rankings_2026_02_23.csv
2026-02-23,207733,Jack Draper,15,2460,-330.0,-3.0,GBR,24,atp_rankings_2026_02_23.csv
2026-02-23,111575,Karen Khachanov,16,2450,90.0,1.0,RUS,29,atp_rankings_2026_02_23.csv
2026-02-23,208029,Holger Rune,17,2340,0.0,1.0,DEN,22,atp_rankings_2026_02_23.csv
2026-02-23,126094,Andrey Rublev,18,2210,-300.0,-4.0,RUS,28,atp_rankings_2026_02_23.csv
2026-02-23,202103,Francisco Cerundolo,19,2170,-50.0,0.0,ARG,27,atp_rankings_2026_02_23.csv
2026-02-23,207925,Flavio Cobolli,20,2030,75.0,0.0,ITA,23,atp_rankings_2026_02_23.csv
2026-02-23,209260,Luciano Darderi,21,1904,0.0,0.0,ITA,24,atp_rankings_2026_02_23.csv
2026-02-23,126205,Tommy Paul,22,1815,115.0,2.0,USA,28,atp_rankings_2026_02_23.csv
2026-02-23,210530,Learner Tien,23,1785,75.0,0.0,USA,20,atp_rankings_2026_02_23.csv
2026-02-23,208103,Jiri Lehecka,24,1760,-100.0,-2.0,CZE,24,atp_rankings_2026_02_23.csv
2026-02-23,134868,Tallon Griekspoor,25,1655,0.0,0.0,NED,29,atp_rankings_2026_02_23.csv
2026-02-23,111815,Cameron Norrie,26,1603,0.0,1.0,GBR,30,atp_rankings_2026_02_23.csv
2026-02-23,200473,Valentin Vacherot,27,1591,-14.0,-1.0,MON,27,atp_rankings_2026_02_23.csv
2026-02-23,126207,Frances Tiafoe,28,1590,40.0,0.0,USA,28,atp_rankings_2026_02_23.csv
2026-02-23,206909,Brandon Nakashima,29,1535,0.0,0.0,USA,24,atp_rankings_2026_02_23.csv
2026-02-23,126774,Stefanos Tsitsipas,30,1535,50.0,3.0,GRE,27,atp_rankings_2026_02_23.csv
2026-02-23,126239,Arthur Rinderknech,31,1530,0.0,-1.0,FRA,30,atp_rankings_2026_02_23.csv
2026-02-23,207830,Tomas Machac,32,1510,0.0,-1.0,CZE,25,atp_rankings_2026_02_23.csv
2026-02-23,144869,Tomas Martin Etcheverry,33,1470,450.0,18.0,ARG,26,atp_rankings_2026_02_23.csv
2026-02-23,209950,Arthur Fils,34,1440,330.0,6.0,FRA,21,atp_rankings_2026_02_23.csv
2026-02-23,144895,Corentin Moutet,35,1383,0.0,-1.0,FRA,26,atp_rankings_2026_02_23.csv
2026-02-23,133430,Denis Shapovalov,36,1350,0.0,-1.0,CAN,26,atp_rankings_2026_02_23.csv
2026-02-23,200005,Ugo Humbert,37,1285,0.0,-1.0,FRA,27,atp_rankings_2026_02_23.csv
2026-02-23,211663,Joao Fonseca,38,1240,50.0,0.0,BRA,19,atp_rankings_2026_02_23.csv
2026-02-23,144719,Jaume Munar,39,1235,-40.0,-2.0,ESP,28,atp_rankings_2026_02_23.csv
2026-02-23,200624,Sebastian Korda,40,1220,200.0,10.0,USA,25,atp_rankings_2026_02_23.csv
2026-02-23,209113,Gabriel Diallo,41,1175,0.0,-2.0,CAN,24,atp_rankings_2026_02_23.csv
2026-02-23,126214,Alejandro Tabilo,42,1113,305.0,26.0,CHI,28,atp_rankings_2026_02_23.csv
2026-02-23,210506,Alex Michelsen,43,1110,0.0,-2.0,USA,21,atp_rankings_2026_02_23.csv
2026-02-23,105777,Grigor Dimitrov,44,1105,0.0,-2.0,BUL,34,atp_rankings_2026_02_23.csv
2026-02-23,105227,Marin Cilic,45,1090,0.0,-2.0,CRO,37,atp_rankings_2026_02_23.csv
2026-02-23,200267,Zizou Bergs,46,1080,0.0,-2.0,BEL,26,atp_rankings_2026_02_23.csv
2026-02-23,200615,Alexei Popyrin,47,1050,50.0,6.0,AUS,26,atp_rankings_2026_02_23.csv
2026-02-23,132686,Nuno Borges,48,1045,-25.0,-3.0,POR,29,atp_rankings_2026_02_23.csv
2026-02-23,202385,Jenson Brooksby,49,1042,0.0,-2.0,USA,25,atp_rankings_2026_02_23.csv
2026-02-23,206681,Fabian Marozsan,50,1040,0.0,-2.0,HUN,26,atp_rankings_2026_02_23.csv
2026-02-23,105173,Adrian Mannarino,51,1025,0.0,-2.0,FRA,37,atp_rankings_2026_02_23.csv
2026-02-23,202104,Sebastian Baez,52,1005,-490.0,-20.0,ARG,25,atp_rankings_2026_02_23.csv
2026-02-23,127157,Daniel Altmaier,53,961,0.0,1.0,GER,27,atp_rankings_2026_02_23.csv
2026-02-23,208316,Valentin Royer,54,935,38.0,6.0,FRA,24,atp_rankings_2026_02_23.csv
2026-02-23,105916,Marton Fucsovics,55,934,43.0,6.0,HUN,34,atp_rankings_2026_02_23.csv
2026-02-23,111794,Kamil Majchrzak,56,920,0.0,0.0,POL,30,atp_rankings_2026_02_23.csv
2026-02-23,126610,Matteo Berrettini,57,910,0.0,0.0,ITA,29,atp_rankings_2026_02_23.csv
2026-02-23,208659,Giovanni Mpetshi Perricard,58,905,0.0,0.0,FRA,22,atp_rankings_2026_02_23.csv
2026-02-23,200116,Camilo Ugo Carabelli,59,880,-188.0,-13.0,ARG,26,atp_rankings_2026_02_23.csv
2026-02-23,106000,Damir Dzumhur,60,877,0.0,2.0,BIH,33,atp_rankings_2026_02_23.csv
2026-02-23,122298,Botic Van De Zandschulp,61,874,-62.0,-6.0,NED,30,atp_rankings_2026_02_23.csv
2026-02-23,106218,Marcos Giron,62,870,15.0,2.0,USA,32,atp_rankings_2026_02_23.csv
2026-02-23,209279,Terence Atmane,63,858,25.0,3.0,FRA,24,atp_rankings_2026_02_23.csv
2026-02-23,132283,Lorenzo Sonego,64,850,0.0,1.0,ITA,30,atp_rankings_2026_02_23.csv
2026-02-23,200240,Vit Kopriva,65,848,188.0,22.0,CZE,28,atp_rankings_2026_02_23.csv
2026-02-23,209860,Ignacio Buse,66,848,200.0,25.0,PER,21,atp_rankings_2026_02_23.csv
2026-02-23,208118,Eliot Spizzirri,67,821,0.0,0.0,USA,24,atp_rankings_2026_02_23.csv
2026-02-23,111460,Quentin Halys,68,800,38.0,4.0,FRA,29,atp_rankings_2026_02_23.csv
2026-02-23,124187,Reilly Opelka,69,786,0.0,0.0,USA,28,atp_rankings_2026_02_23.csv
2026-02-23,207678,Juan Manuel Cerundolo,70,781,75.0,8.0,ARG,24,atp_rankings_2026_02_23.csv
2026-02-23,209920,Raphael Collignon,71,777,-125.0,-12.0,BEL,24,atp_rankings_2026_02_23.csv
2026-02-23,210319,Ethan Quinn,72,776,0.0,-2.0,USA,21,atp_rankings_2026_02_23.csv
2026-02-23,128034,Hubert Hurkacz,73,775,0.0,-2.0,POL,29,atp_rankings_2026_02_23.csv
2026-02-23,209070,Arthur Cazaux,74,755,0.0,-1.0,FRA,23,atp_rankings_2026_02_23.csv
2026-02-23,206499,Aleksandar Kovacevic,75,746,0.0,0.0,USA,27,atp_rankings_2026_02_23.csv
2026-02-23,202058,Thiago Agustin Tirante,76,739,92.0,16.0,ARG,24,atp_rankings_2026_02_23.csv
2026-02-23,208363,Mariano Navone,77,725,-25.0,-3.0,ARG,24,atp_rankings_2026_02_23.csv
2026-02-23,124186,Alexandre Muller,78,715,-305.0,-26.0,FRA,29,atp_rankings_2026_02_23.csv
2026-02-23,207182,Emilio Nava,79,710,0.0,-3.0,USA,24,atp_rankings_2026_02_23.csv
2026-02-23,105526,Jan Lennard Struff,80,706,0.0,-3.0,GER,35,atp_rankings_2026_02_23.csv
2026-02-23,105870,Yannick Hanfmann,81,695,42.0,9.0,GER,34,atp_rankings_2026_02_23.csv
2026-02-23,207681,Francisco Comesana,82,694,-175.0,-19.0,ARG,25,atp_rankings_2026_02_23.csv
2026-02-23,105902,James Duckworth,83,691,0.0,-3.0,AUS,34,atp_rankings_2026_02_23.csv
2026-02-23,200175,Miomir Kecmanovic,84,685,15.0,-1.0,SRB,26,atp_rankings_2026_02_23.csv
2026-02-23,105138,Roberto Bautista Agut,85,685,0.0,-3.0,ESP,37,atp_rankings_2026_02_23.csv
2026-02-23,209209,Filip Misolic,86,671,-16.0,-5.0,AUT,24,atp_rankings_2026_02_23.csv
2026-02-23,200443,Adam Walton,87,669,26.0,6.0,AUS,26,atp_rankings_2026_02_23.csv
2026-02-23,208286,Matteo Arnaldi,88,665,0.0,-3.0,ITA,25,atp_rankings_2026_02_23.csv
2026-02-23,207411,Jesper De Jong,89,665,0.0,-3.0,NED,25,atp_rankings_2026_02_23.csv
2026-02-23,207985,Jacob Fearnley,90,662,-6.0,-6.0,GBR,24,atp_rankings_2026_02_23.csv
2026-02-23,126846,Aleksandar Vukic,91,656,0.0,-3.0,AUS,29,atp_rankings_2026_02_23.csv
2026-02-23,207686,Alexander Shevchenko,92,656,-40.0,-13.0,KAZ,25,atp_rankings_2026_02_23.csv
2026-02-23,106426,Cristian Garin,93,656,0.0,-4.0,CHI,29,atp_rankings_2026_02_23.csv
2026-02-23,210696,Alexander Blockx,94,626,56.0,10.0,BEL,20,atp_rankings_2026_02_23.csv
2026-02-23,200384,Hugo Gaston,95,619,0.0,1.0,FRA,25,atp_rankings_2026_02_23.csv
2026-02-23,208882,Roman Andres Burruchaga,96,617,37.0,6.0,ARG,24,atp_rankings_2026_02_23.csv
2026-02-23,126535,Carlos Taberner,97,608,0.0,3.0,ESP,28,atp_rankings_2026_02_23.csv
2026-02-23,208260,Zachary Svajda,98,601,38.0,8.0,USA,23,atp_rankings_2026_02_23.csv
2026-02-23,104527,Stan Wawrinka,99,599,-13.0,-1.0,SUI,40,atp_rankings_2026_02_23.csv
2026-02-23,209414,Luca Van Assche,100,596,119.0,30.0,FRA,21,atp_rankings_2026_02_23.csv
2026-02-23,124079,Pedro Martinez,101,586,0.0,0.0,ESP,28,atp_rankings_2026_02_23.csv
2026-02-23,209098,Hamad Medjedovic,102,565,-50.0,-5.0,SRB,22,atp_rankings_2026_02_23.csv
2026-02-23,200516,Patrick Kypson,103,565,0.0,2.0,USA,26,atp_rankings_2026_02_23.csv
2026-02-23,126127,Benjamin Bonzi,104,564,16.0,8.0,FRA,29,atp_rankings_2026_02_23.csv
2026-02-23,106331,Christopher Oconnell,105,561,-65.0,-10.0,AUS,31,atp_rankings_2026_02_23.csv
2026-02-23,209226,Adolfo Daniel Vallejo,106,561,-19.0,-3.0,PAR,21,atp_rankings_2026_02_23.csv
2026-02-23,209147,Vilius Gaubas,107,558,68.0,19.0,LTU,21,atp_rankings_2026_02_23.csv
2026-02-23,209262,Tristan Schoolkate,108,556,0.0,0.0,AUS,24,atp_rankings_2026_02_23.csv
2026-02-23,208134,Luca Nardi,109,554,-75.0,-15.0,ITA,22,atp_rankings_2026_02_23.csv
2026-02-23,208233,Mattia Bellucci,110,553,0.0,-1.0,ITA,24,atp_rankings_2026_02_23.csv
2026-02-23,208353,Francesco Maestrelli,111,553,0.0,-1.0,ITA,23,atp_rankings_2026_02_23.csv
2026-02-23,144642,Tomas Barrios Vera,112,551,-12.0,-5.0,CHI,28,atp_rankings_2026_02_23.csv
2026-02-23,111442,Jordan Thompson,113,548,0.0,-2.0,AUS,31,atp_rankings_2026_02_23.csv
2026-02-23,212588,Rafael Jodar,114,548,25.0,4.0,ESP,19,atp_rankings_2026_02_23.csv
2026-02-23,208014,Rinky Hijikata,115,547,1.0,-2.0,AUS,25,atp_rankings_2026_02_23.csv
2026-02-23,105583,Dusan Lajovic,116,541,56.0,13.0,SRB,35,atp_rankings_2026_02_23.csv
2026-02-23,208278,Shintaro Mochizuki,117,538,13.0,0.0,JPN,22,atp_rankings_2026_02_23.csv
2026-02-23,111513,Laslo Djere,118,538,0.0,-4.0,SRB,30,atp_rankings_2026_02_23.csv
2026-02-23,111456,Mackenzie Mcdonald,119,535,0.0,-3.0,USA,30,atp_rankings_2026_02_23.csv
2026-02-23,209976,Dino Prizmic,120,529,22.0,2.0,CRO,20,atp_rankings_2026_02_23.csv
2026-02-23,123828,Jan Choinski,121,523,25.0,3.0,GBR,29,atp_rankings_2026_02_23.csv
2026-02-23,208169,Titouan Droguet,122,520,10.0,-2.0,FRA,24,atp_rankings_2026_02_23.csv
2026-02-23,207494,Dalibor Svrcina,123,519,-93.0,-24.0,CZE,23,atp_rankings_2026_02_23.csv
2026-02-23,105807,Pablo Carreno Busta,124,516,12.0,-1.0,ESP,34,atp_rankings_2026_02_23.csv
2026-02-23,209409,Coleman Wong,125,515,57.0,12.0,HKG,21,atp_rankings_2026_02_23.csv
2026-02-23,105676,David Goffin,126,515,0.0,-7.0,BEL,35,atp_rankings_2026_02_23.csv
2026-02-23,209284,Elmer Moller,127,509,0.0,-6.0,DEN,22,atp_rankings_2026_02_23.csv
2026-02-23,102093,Martin Damm,128,492,0.0,-3.0,USA,22,atp_rankings_2026_02_23.csv
2026-02-23,106432,Borna Coric,129,488,0.0,-2.0,CRO,29,atp_rankings_2026_02_23.csv
2026-02-23,200647,Sho Shimabukuro,130,479,13.0,5.0,JPN,28,atp_rankings_2026_02_23.csv
2026-02-23,202261,Otto Virtanen,131,475,-13.0,-3.0,FIN,24,atp_rankings_2026_02_23.csv
2026-02-23,124116,Sebastian Ofner,132,471,0.0,0.0,AUT,29,atp_rankings_2026_02_23.csv
2026-02-23,208013,Dane Sweeny,133,468,0.0,1.0,AUS,25,atp_rankings_2026_02_23.csv
2026-02-23,105477,Marco Trungelliti,134,465,-7.0,-3.0,ARG,36,atp_rankings_2026_02_23.csv
2026-02-23,105932,Nikoloz Basilashvili,135,464,0.0,1.0,GEO,34,atp_rankings_2026_02_23.csv
2026-02-23,209957,Jack Pinnington Jones,136,456,0.0,2.0,GBR,22,atp_rankings_2026_02_23.csv
2026-02-23,126504,Andrea Pellegrino,137,447,0.0,3.0,ITA,28,atp_rankings_2026_02_23.csv
2026-02-23,212256,Colton Smith,138,446,0.0,3.0,USA,22,atp_rankings_2026_02_23.csv
2026-02-23,208210,Chris Rodesch,139,446,0.0,3.0,LUX,24,atp_rankings_2026_02_23.csv
2026-02-23,126129,Billy Harris,140,437,-1.0,4.0,GBR,31,atp_rankings_2026_02_23.csv
2026-02-23,121411,Moez Echargui,141,435,-14.0,-2.0,TUN,33,atp_rankings_2026_02_23.csv
2026-02-23,200059,Yibing Wu,142,434,7.0,4.0,CHN,26,atp_rankings_2026_02_23.csv
2026-02-23,210017,Daniel Merida Aguilar,143,432,0.0,2.0,ESP,21,atp_rankings_2026_02_23.csv
2026-02-23,208859,Francesco Passaro,144,431,55.0,19.0,ITA,25,atp_rankings_2026_02_23.csv
2026-02-23,210262,Jaime Faria,145,425,0.0,2.0,POR,22,atp_rankings_2026_02_23.csv
2026-02-23,207352,Bu Yunchaokete,146,424,0.0,2.0,CHN,24,atp_rankings_2026_02_23.csv
2026-02-23,208119,Liam Draxl,147,417,-5.0,2.0,CAN,24,atp_rankings_2026_02_23.csv
2026-02-23,202358,Chun Hsin Tseng,148,414,-122.0,-33.0,TPE,24,atp_rankings_2026_02_23.csv
2026-02-23,210116,Michael Zheng,149,414,0.0,3.0,USA,22,atp_rankings_2026_02_23.csv
2026-02-23,208021,Kyrian Jacquet,150,407,-7.0,3.0,FRA,24,atp_rankings_2026_02_23.csv
2026-02-23,209911,Guy Den Ouden,151,401,-4.0,3.0,NED,23,atp_rankings_2026_02_23.csv
2026-02-23,144750,Lloyd Harris,152,399,0.0,3.0,RSA,28,atp_rankings_2026_02_23.csv
2026-02-23,206748,Giulio Zeppieri,153,397,0.0,3.0,ITA,24,atp_rankings_2026_02_23.csv
2026-02-23,149282,Nicolai Budkov Kjaer,154,395,-75.0,-21.0,NOR,19,atp_rankings_2026_02_23.csv
2026-02-23,111797,Nicolas Jarry,155,391,-50.0,-12.0,CHI,30,atp_rankings_2026_02_23.csv
2026-02-23,211776,Martin Landaluce,156,391,1.0,3.0,ESP,20,atp_rankings_2026_02_23.csv
2026-02-23,210536,Rei Sakamoto,157,386,22.0,11.0,JPN,19,atp_rankings_2026_02_23.csv
2026-02-23,127760,Lukas Klein,158,386,-35.0,-8.0,SVK,27,atp_rankings_2026_02_23.csv
2026-02-23,106109,Alex Bolt,159,383,0.0,1.0,AUS,33,atp_rankings_2026_02_23.csv
2026-02-23,210136,Mark Lajal,160,378,0.0,1.0,EST,22,atp_rankings_2026_02_23.csv
2026-02-23,210338,Arthur Gea,161,377,0.0,1.0,FRA,21,atp_rankings_2026_02_23.csv
2026-02-23,210053,Luka Mikrut,162,371,0.0,3.0,CRO,21,atp_rankings_2026_02_23.csv
2026-02-23,105882,Stefano Travaglia,163,370,0.0,3.0,ITA,34,atp_rankings_2026_02_23.csv
2026-02-23,106148,Roberto Carballes Baena,164,368,18.0,11.0,ESP,32,atp_rankings_2026_02_23.csv
2026-02-23,106198,Hugo Dellien,165,368,-25.0,-7.0,BOL,32,atp_rankings_2026_02_23.csv
2026-02-23,200587,Brandon Holt,166,368,-50.0,-15.0,USA,27,atp_rankings_2026_02_23.csv
2026-02-23,209261,Matteo Gigante,167,367,0.0,0.0,ITA,24,atp_rankings_2026_02_23.csv
2026-02-23,200259,Ugo Blanchet,168,361,-14.0,-4.0,FRA,27,atp_rankings_2026_02_23.csv
2026-02-23,106415,Yoshihito Nishioka,169,361,0.0,0.0,JPN,30,atp_rankings_2026_02_23.csv
2026-02-23,104792,Gael Monfils,170,360,0.0,0.0,FRA,39,atp_rankings_2026_02_23.csv
2026-02-23,206750,Daniil Glinka,171,359,0.0,0.0,EST,25,atp_rankings_2026_02_23.csv
2026-02-23,210012,Henrique Rocha,172,357,0.0,0.0,POR,21,atp_rankings_2026_02_23.csv
2026-02-23,209857,Leandro Riedi,173,356,0.0,0.0,SUI,24,atp_rankings_2026_02_23.csv
2026-02-23,209259,Arthur Fery,174,355,-41.0,-17.0,GBR,23,atp_rankings_2026_02_23.csv
2026-02-23,133297,Yosuke Watanuki,175,349,0.0,2.0,JPN,27,atp_rankings_2026_02_23.csv
2026-02-23,200514,Jurij Rodionov,176,349,-1.0,0.0,AUT,26,atp_rankings_2026_02_23.csv
2026-02-23,208004,Harold Mayot,177,347,-8.0,-3.0,FRA,24,atp_rankings_2026_02_23.csv
2026-02-23,126663,Juan Pablo Ficovich,178,343,12.0,5.0,ARG,29,atp_rankings_2026_02_23.csv
2026-02-23,208843,Jerome Kym,179,342,35.0,18.0,SUI,23,atp_rankings_2026_02_23.csv
2026-02-23,200436,Zsombor Piros,180,341,0.0,-2.0,HUN,26,atp_rankings_2026_02_23.csv
2026-02-23,200711,Nicolas Mejia,181,341,0.0,-2.0,COL,26,atp_rankings_2026_02_23.csv
2026-02-23,105732,Pierre Hugues Herbert,182,338,25.0,8.0,FRA,34,atp_rankings_2026_02_23.csv
2026-02-23,209875,Alex Barrena,183,336,0.0,-3.0,ARG,23,atp_rankings_2026_02_23.csv
2026-02-23,126652,Jay Clarke,184,335,6.0,1.0,GBR,27,atp_rankings_2026_02_23.csv
2026-02-23,126964,Vitaliy Sachko,185,333,0.0,-4.0,UKR,28,atp_rankings_2026_02_23.csv
2026-02-23,210460,Nishesh Basavareddy,186,331,21.0,6.0,USA,20,atp_rankings_2026_02_23.csv
2026-02-23,144870,Federico Agustin Gomez,187,331,0.0,-5.0,ARG,29,atp_rankings_2026_02_23.csv
2026-02-23,123755,Daniel Elahi Galan,188,330,0.0,-4.0,COL,29,atp_rankings_2026_02_23.csv
2026-02-23,126128,Roman Safiullin,189,328,0.0,-3.0,RUS,28,atp_rankings_2026_02_23.csv
2026-02-23,111200,Elias Ymer,190,328,13.0,-2.0,SWE,29,atp_rankings_2026_02_23.csv
2026-02-23,106071,Bernard Tomic,191,323,4.0,-4.0,AUS,33,atp_rankings_2026_02_23.csv
2026-02-23,207608,Timofey Skatov,192,316,8.0,3.0,KAZ,25,atp_rankings_2026_02_23.csv
2026-02-23,211514,Justin Engel,193,315,6.0,1.0,GER,18,atp_rankings_2026_02_23.csv
2026-02-23,208010,Pablo Llamas Ruiz,194,314,0.0,-5.0,ESP,23,atp_rankings_2026_02_23.csv
2026-02-23,202127,Clement Tabur,195,311,0.0,-4.0,FRA,26,atp_rankings_2026_02_23.csv
2026-02-23,127339,Borna Gojo,196,311,75.0,41.0,CRO,27,atp_rankings_2026_02_23.csv
2026-02-23,126409,Hugo Grenier,197,310,0.0,-4.0,FRA,29,atp_rankings_2026_02_23.csv
2026-02-23,200610,Oliver Crawford,198,310,37.0,17.0,GBR,26,atp_rankings_2026_02_23.csv
2026-02-23,144645,Zdenek Kolar,199,308,0.0,-3.0,CZE,29,atp_rankings_2026_02_23.csv
2026-02-23,206889,Clement Chidekh,200,307,15.0,5.0,FRA,24,atp_rankings_2026_02_23.csv
2026-02-23,200416,August Holmgren,201,303,0.0,-2.0,DEN,27,atp_rankings_2026_02_23.csv
2026-02-23,144684,Alex Molcan,202,302,0.0,-2.0,SVK,28,atp_rankings_2026_02_23.csv
2026-02-23,105554,Daniel Evans,203,300,-6.0,-5.0,GBR,35,atp_rankings_2026_02_23.csv
2026-02-23,200385,Dan Added,204,299,0.0,-3.0,FRA,26,atp_rankings_2026_02_23.csv
2026-02-23,208223,Alvaro Guillen Meza,205,298,0.0,-3.0,ECU,23,atp_rankings_2026_02_23.csv
2026-02-23,106186,Jason Kubler,206,295,0.0,-3.0,AUS,32,atp_rankings_2026_02_23.csv
2026-02-23,105841,Lorenzo Giustino,207,292,0.0,-1.0,ITA,34,atp_rankings_2026_02_23.csv
2026-02-23,206307,Joao Lucas Reis Da Silva,208,291,0.0,-1.0,BRA,25,atp_rankings_2026_02_23.csv
2026-02-23,202146,Luka Pavlovic,209,286,0.0,0.0,FRA,25,atp_rankings_2026_02_23.csv
2026-02-23,207785,George Loffhagen,210,281,-14.0,-6.0,GBR,24,atp_rankings_2026_02_23.csv
2026-02-23,211451,Gilles Arnaud Bailly,211,280,0.0,0.0,BEL,20,atp_rankings_2026_02_23.csv
2026-02-23,210178,Juan Carlos Prado Angelo,212,279,0.0,0.0,BOL,20,atp_rankings_2026_02_23.csv
2026-02-23,210317,James Mccabe,213,276,-7.0,-3.0,AUS,22,atp_rankings_2026_02_23.csv
2026-02-23,200329,Remy Bertola,214,276,0.0,-1.0,SUI,27,atp_rankings_2026_02_23.csv
2026-02-23,208293,Gonzalo Bueno,215,273,8.0,3.0,PER,21,atp_rankings_2026_02_23.csv
2026-02-23,210297,Lautaro Midon,216,271,19.0,10.0,ARG,21,atp_rankings_2026_02_23.csv
2026-02-23,106065,Marco Cecchinato,217,270,0.0,-1.0,ITA,33,atp_rankings_2026_02_23.csv
2026-02-23,210202,Rodrigo Pacheco Mendez,218,270,22.0,10.0,MEX,20,atp_rankings_2026_02_23.csv
2026-02-23,207729,Tristan Boyer,219,268,0.0,-2.0,USA,24,atp_rankings_2026_02_23.csv
2026-02-23,208852,Stefanos Sakellaridis,220,267,74.0,55.0,GRE,21,atp_rankings_2026_02_23.csv
2026-02-23,200008,Alexis Galarneau,221,265,19.0,9.0,CAN,26,atp_rankings_2026_02_23.csv
2026-02-23,106329,Thiago Monteiro,222,265,-25.0,-14.0,BRA,31,atp_rankings_2026_02_23.csv
2026-02-23,210748,Federico Cina,223,264,12.0,2.0,ITA,18,atp_rankings_2026_02_23.csv
2026-02-23,205734,Thiago Seyboth Wild,224,262,0.0,-5.0,BRA,25,atp_rankings_2026_02_23.csv
2026-02-23,212044,Yi Zhou,225,261,0.0,-5.0,CHN,20,atp_rankings_2026_02_23.csv
2026-02-23,209899,Ilia Simakin,226,259,-15.0,-12.0,RUS,22,atp_rankings_2026_02_23.csv
2026-02-23,209903,Lukas Neumayer,227,255,0.0,-5.0,AUT,23,atp_rankings_2026_02_23.csv
2026-02-23,123983,Nerman Fatic,228,254,0.0,-5.0,BIH,31,atp_rankings_2026_02_23.csv
2026-02-23,144817,Marc Andrea Huesler,229,250,0.0,-2.0,SUI,29,atp_rankings_2026_02_23.csv
2026-02-23,212063,Matej Dodig,230,249,5.0,2.0,CRO,20,atp_rankings_2026_02_23.csv
2026-02-23,144821,Genaro Alberto Olivieri,231,248,1.0,-2.0,ARG,27,atp_rankings_2026_02_23.csv
2026-02-23,200318,Yu Hsiou Hsu,232,247,-12.0,-11.0,TPE,26,atp_rankings_2026_02_23.csv
2026-02-23,105911,Andrea Collarini,233,246,2.0,0.0,ARG,34,atp_rankings_2026_02_23.csv
2026-02-23,126106,Ryan Peniston,234,242,0.0,0.0,GBR,30,atp_rankings_2026_02_23.csv
2026-02-23,122078,Dmitry Popko,235,241,0.0,1.0,KAZ,29,atp_rankings_2026_02_23.csv
2026-02-23,144973,Santiago Fa Rodriguez Taverna,236,241,-5.0,-5.0,ARG,26,atp_rankings_2026_02_23.csv
2026-02-23,200748,Andres Andrade,237,239,20.0,15.0,ECU,27,atp_rankings_2026_02_23.csv
2026-02-23,208069,Max Houkes,238,237,-5.0,-3.0,NED,25,atp_rankings_2026_02_23.csv
2026-02-23,200335,Felipe Meligeni Alves,239,236,0.0,-1.0,BRA,28,atp_rankings_2026_02_23.csv
2026-02-23,106393,Frederico Ferreira Silva,240,235,-19.0,-16.0,POR,30,atp_rankings_2026_02_23.csv
2026-02-23,209916,Marko Topo,241,234,0.0,-2.0,GER,22,atp_rankings_2026_02_23.csv
2026-02-23,212082,Joel Schwaerzler,242,234,8.0,4.0,AUT,20,atp_rankings_2026_02_23.csv
2026-02-23,111187,Kaichi Uchida,243,233,2.0,-1.0,JPN,31,atp_rankings_2026_02_23.csv
2026-02-23,200677,Rio Noguchi,244,232,11.0,6.0,JPN,27,atp_rankings_2026_02_23.csv
2026-02-23,208279,Alejandro Moro Canas,245,229,0.0,-1.0,ESP,25,atp_rankings_2026_02_23.csv
2026-02-23,210389,Toby Samuel,246,228,-2.0,-3.0,GBR,23,atp_rankings_2026_02_23.csv
2026-02-23,210167,Tom Gentzsch,247,227,0.0,-2.0,GER,22,atp_rankings_2026_02_23.csv
2026-02-23,202262,Filip Cristian Jianu,248,225,0.0,-1.0,ROU,24,atp_rankings_2026_02_23.csv
2026-02-23,202260,Henri Squire,249,223,0.0,-1.0,GER,25,atp_rankings_2026_02_23.csv
2026-02-23,106283,Mitchell Krueger,250,221,0.0,-1.0,USA,32,atp_rankings_2026_02_23.csv
2026-02-23,208902,Johannus Monday,251,221,-12.0,-11.0,GBR,24,atp_rankings_2026_02_23.csv
2026-02-23,106293,Kimmer Coppejans,252,221,1.0,-1.0,BEL,32,atp_rankings_2026_02_23.csv
2026-02-23,123809,Ivan Gakhov,253,219,0.0,0.0,RUS,29,atp_rankings_2026_02_23.csv
2026-02-23,210220,Edas Butvilas,254,217,0.0,0.0,LTU,21,atp_rankings_2026_02_23.csv
2026-02-23,209326,Murphy Cassone,255,217,-16.0,-14.0,USA,23,atp_rankings_2026_02_23.csv
2026-02-23,207546,Pol Martin Tiffon,256,215,0.0,-1.0,ESP,26,atp_rankings_2026_02_23.csv
2026-02-23,207415,Daniel Michalski,257,210,4.0,3.0,POL,26,atp_rankings_2026_02_23.csv
2026-02-23,208046,Pedro Boscardin Dias,258,209,-4.0,-2.0,BRA,23,atp_rankings_2026_02_23.csv
2026-02-23,111578,Stefan Kozlov,259,208,12.0,13.0,USA,28,atp_rankings_2026_02_23.csv
2026-02-23,208361,Gustavo Heide,260,207,0.0,-2.0,BRA,23,atp_rankings_2026_02_23.csv
2026-02-23,200277,Charles Broom,261,206,0.0,-2.0,GBR,27,atp_rankings_2026_02_23.csv
2026-02-23,209992,Juncheng Shang,262,205,0.0,-1.0,CHN,21,atp_rankings_2026_02_23.csv
2026-02-23,111190,Zhizhen Zhang,263,205,50.0,56.0,CHN,29,atp_rankings_2026_02_23.csv
2026-02-23,106044,Nicolas Kicker,264,204,4.0,4.0,ARG,33,atp_rankings_2026_02_23.csv
2026-02-23,106220,Dimitar Kuzmanov,265,204,2.0,0.0,BUL,32,atp_rankings_2026_02_23.csv
2026-02-23,105062,Mikhail Kukushkin,266,203,0.0,-3.0,KAZ,38,atp_rankings_2026_02_23.csv
2026-02-23,111806,Fajing Sun,267,202,0.0,-3.0,CHN,29,atp_rankings_2026_02_23.csv
2026-02-23,209849,Sascha Gueymard Wayenburg,268,202,1.0,-1.0,FRA,22,atp_rankings_2026_02_23.csv
2026-02-23,211346,Andres Martin,269,200,2.0,1.0,USA,24,atp_rankings_2026_02_23.csv
2026-02-23,211500,Tiago Pereira,270,200,0.0,-1.0,POR,21,atp_rankings_2026_02_23.csv
2026-02-23,106162,Franco Agamenone,271,197,-7.0,-9.0,ITA,32,atp_rankings_2026_02_23.csv
2026-02-23,202147,Florent Bax,272,197,0.0,-1.0,FRA,26,atp_rankings_2026_02_23.csv
2026-02-23,210464,Darwin Blanch,273,195,0.0,0.0,USA,18,atp_rankings_2026_02_23.csv
2026-02-23,208182,Saba Purtseladze,274,192,7.0,5.0,GEO,24,atp_rankings_2026_02_23.csv
2026-02-23,207663,Nikolas Sanchez Izquierdo,275,192,-2.0,-1.0,ESP,26,atp_rankings_2026_02_23.csv
2026-02-23,207784,Harry Wendelken,276,190,-3.0,0.0,GBR,24,atp_rankings_2026_02_23.csv
2026-02-23,207815,Guido Ivan Justo,277,187,48.0,70.0,ARG,28,atp_rankings_2026_02_23.csv
2026-02-23,207680,Facundo Diaz Acosta,278,186,4.0,6.0,ARG,25,atp_rankings_2026_02_23.csv
2026-02-23,123961,Murkel Alejandro Dellien Velasco,279,186,0.0,-1.0,BOL,28,atp_rankings_2026_02_23.csv
2026-02-23,122669,Juan Pablo Varillas,280,184,0.0,0.0,PER,30,atp_rankings_2026_02_23.csv
2026-02-23,106281,Liam Broady,281,183,-1.0,1.0,GBR,32,atp_rankings_2026_02_23.csv
2026-02-23,105453,Kei Nishikori,282,182,0.0,1.0,JPN,36,atp_rankings_2026_02_23.csv
2026-02-23,106034,Yasutaka Uchiyama,283,182,0.0,2.0,JPN,33,atp_rankings_2026_02_23.csv
2026-02-23,206589,Gabi Adrian Boitan,284,182,23.0,29.0,ROU,26,atp_rankings_2026_02_23.csv
2026-02-23,210119,Andrej Nedic,285,181,-3.0,-4.0,BIH,21,atp_rankings_2026_02_23.csv
2026-02-23,111576,Sumit Nagal,286,181,6.0,11.0,IND,28,atp_rankings_2026_02_23.csv
2026-02-23,209131,Eliakim Coulibaly,287,181,17.0,22.0,CIV,23,atp_rankings_2026_02_23.csv
2026-02-23,210557,Petr Brunclik,288,181,0.0,-2.0,CZE,19,atp_rankings_2026_02_23.csv
2026-02-23,133975,Benjamin Hassan,289,180,0.0,-2.0,LBN,31,atp_rankings_2026_02_23.csv
2026-02-23,208257,Fabrizio Andaloro,290,180,0.0,-2.0,ITA,25,atp_rankings_2026_02_23.csv
2026-02-23,208421,Lilian Marmousez,291,179,0.0,0.0,FRA,24,atp_rankings_2026_02_23.csv
2026-02-23,210558,Hynek Barton,292,179,1.0,1.0,CZE,21,atp_rankings_2026_02_23.csv
2026-02-23,202320,Beibit Zhukayev,293,178,0.0,-1.0,KAZ,25,atp_rankings_2026_02_23.csv
2026-02-23,207799,Matheus Pucinelli De Almeida,294,177,-3.0,-5.0,BRA,24,atp_rankings_2026_02_23.csv
2026-02-23,126206,Alex Rybakov,295,176,0.0,1.0,USA,29,atp_rankings_2026_02_23.csv
2026-02-23,105613,Norbert Gombos,296,175,0.0,2.0,SVK,35,atp_rankings_2026_02_23.csv
2026-02-23,209850,Robin Bertrand,297,175,-5.0,-7.0,FRA,22,atp_rankings_2026_02_23.csv
2026-02-23,209951,Petr Bar Biryukov,298,174,2.0,5.0,RUS,23,atp_rankings_2026_02_23.csv
2026-02-23,126107,Michael Geerts,299,174,1.0,0.0,BEL,31,atp_rankings_2026_02_23.csv
2026-02-23,208269,Felix Gill,300,173,21.0,22.0,GBR,23,atp_rankings_2026_02_23.csv
2026-02-23,202235,Jacopo Berrettini,301,172,0.0,-1.0,ITA,27,atp_rankings_2026_02_23.csv
2026-02-23,209405,Daniel Rincon,302,169,-22.0,-25.0,ESP,23,atp_rankings_2026_02_23.csv
2026-02-23,207732,Miguel Damas,303,168,0.0,2.0,ESP,26,atp_rankings_2026_02_23.csv
2026-02-23,206904,Gauthier Onclin,304,167,7.0,8.0,BEL,24,atp_rankings_2026_02_23.csv
2026-02-23,211533,Gianluca Cadenasso,305,166,0.0,1.0,ITA,21,atp_rankings_2026_02_23.csv
2026-02-23,202333,Keegan Smith,306,164,-1.0,2.0,USA,27,atp_rankings_2026_02_23.csv
2026-02-23,117361,Akira Santillan,307,164,-8.0,-5.0,AUS,28,atp_rankings_2026_02_23.csv
2026-02-23,200346,Mats Rosenkranz,308,164,-13.0,-13.0,GER,27,atp_rankings_2026_02_23.csv
2026-02-23,206703,Paul Jubb,309,163,15.0,22.0,GBR,26,atp_rankings_2026_02_23.csv
2026-02-23,127108,Igor Ribeiro Marcondes,310,162,24.0,38.0,BRA,28,atp_rankings_2026_02_23.csv
2026-02-23,212309,Diego Dedura Palomero,311,162,-2.0,-1.0,GER,17,atp_rankings_2026_02_23.csv
2026-02-23,210382,Maximus Jones,312,159,-13.0,-11.0,THA,21,atp_rankings_2026_02_23.csv
2026-02-23,207231,Mathys Erhard,313,159,0.0,1.0,FRA,24,atp_rankings_2026_02_23.csv
2026-02-23,123921,Calvin Hemery,314,157,-20.0,-20.0,FRA,31,atp_rankings_2026_02_23.csv
2026-02-23,126337,Renta Tokuda,315,157,0.0,1.0,JPN,27,atp_rankings_2026_02_23.csv
2026-02-23,207130,Matias Soto,316,157,0.0,1.0,CHI,26,atp_rankings_2026_02_23.csv
2026-02-23,209406,Abedallah Shelbayh,317,156,0.0,1.0,JOR,22,atp_rankings_2026_02_23.csv
2026-02-23,207491,Sandro Kopp,318,156,-15.0,-14.0,AUT,25,atp_rankings_2026_02_23.csv
2026-02-23,105180,Daniel Dutra Da Silva,319,155,0.0,1.0,BRA,37,atp_rankings_2026_02_23.csv
2026-02-23,105649,Cedrik Marcel Stebe,320,154,-4.0,-5.0,GER,35,atp_rankings_2026_02_23.csv
2026-02-23,209407,Max Basing,321,154,25.0,45.0,GBR,23,atp_rankings_2026_02_23.csv
2026-02-23,202475,Philip Henning,322,154,-6.0,-11.0,RSA,25,atp_rankings_2026_02_23.csv
2026-02-23,211617,Maxim Mrva,323,154,0.0,-2.0,CZE,18,atp_rankings_2026_02_23.csv
2026-02-23,144972,Geoffrey Blancaneaux,324,153,-48.0,-58.0,FRA,27,atp_rankings_2026_02_23.csv
2026-02-23,208143,Garrett Johns,325,153,-13.0,-18.0,USA,25,atp_rankings_2026_02_23.csv
2026-02-23,200672,Sergey Fomin,326,151,0.0,-3.0,UZB,25,atp_rankings_2026_02_23.csv
2026-02-23,210472,Oliver Tarvet,327,150,0.0,-3.0,GBR,22,atp_rankings_2026_02_23.csv
2026-02-23,208342,Tyler Zink,328,150,0.0,-1.0,USA,25,atp_rankings_2026_02_23.csv
2026-02-23,105413,Andrej Martin,329,148,-1.0,-1.0,SVK,36,atp_rankings_2026_02_23.csv
2026-02-23,209512,Tom Paris,330,148,0.0,0.0,FRA,23,atp_rankings_2026_02_23.csv
2026-02-23,208364,Franco Roncadelli,331,146,4.0,7.0,URU,26,atp_rankings_2026_02_23.csv
2026-02-23,208389,James Trotter,332,145,0.0,0.0,JPN,26,atp_rankings_2026_02_23.csv
2026-02-23,106057,Facundo Mena,333,145,0.0,0.0,ARG,33,atp_rankings_2026_02_23.csv
2026-02-23,208144,Giles Hussey,334,145,-5.0,-8.0,GBR,28,atp_rankings_2026_02_23.csv
2026-02-23,200273,Hady Habib,335,143,0.0,-1.0,LIB,27,atp_rankings_2026_02_23.csv
2026-02-23,209952,Sean Cuenin,336,143,2.0,5.0,FRA,22,atp_rankings_2026_02_23.csv
2026-02-23,126952,Soon Woo Kwon,337,142,0.0,-2.0,KOR,28,atp_rankings_2026_02_23.csv
2026-02-23,125847,Jelle Sels,338,142,0.0,-1.0,NED,30,atp_rankings_2026_02_23.csv
2026-02-23,106380,Gonzalo Villanueva,339,141,4.0,13.0,ARG,31,atp_rankings_2026_02_23.csv
2026-02-23,211577,Antoine Ghibaudo,340,140,0.0,3.0,FRA,21,atp_rankings_2026_02_23.csv
2026-02-23,200452,Patrick Zahraj,341,140,-69.0,-84.0,GER,26,atp_rankings_2026_02_23.csv
2026-02-23,209322,Martin Krumich,342,140,0.0,2.0,CZE,23,atp_rankings_2026_02_23.csv
2026-02-23,202199,Carlos Sanchez Jover,343,140,-1.0,-1.0,ESP,25,atp_rankings_2026_02_23.csv
2026-02-23,202239,Florian Broska,344,139,0.0,1.0,GER,28,atp_rankings_2026_02_23.csv
2026-02-23,210412,Juan Manuel La Serna,345,139,7.0,15.0,ARG,22,atp_rankings_2026_02_23.csv
2026-02-23,207213,Duje Ajdukovic,346,139,0.0,0.0,CRO,25,atp_rankings_2026_02_23.csv
2026-02-23,200321,San Hui Sin,347,138,0.0,2.0,KOR,28,atp_rankings_2026_02_23.csv
2026-02-23,208913,Juan Bautista Torres,348,138,4.0,8.0,ARG,23,atp_rankings_2026_02_23.csv
2026-02-23,129911,Marat Sharipov,349,137,0.0,2.0,RUS,23,atp_rankings_2026_02_23.csv
2026-02-23,200188,Matteo Martineau,350,137,-12.0,-21.0,FRA,27,atp_rankings_2026_02_23.csv
2026-02-23,144716,Oleg Prihodko,351,136,0.0,2.0,UKR,28,atp_rankings_2026_02_23.csv
2026-02-23,207969,Stefan Dostanic,352,135,0.0,2.0,USA,24,atp_rankings_2026_02_23.csv
2026-02-23,111581,Michael Mmoh,353,134,0.0,2.0,USA,28,atp_rankings_2026_02_23.csv
2026-02-23,202075,Adria Soriano Barrera,354,134,14.0,40.0,COL,26,atp_rankings_2026_02_23.csv
2026-02-23,210042,Gabriele Piraino,355,132,-1.0,4.0,ITA,22,atp_rankings_2026_02_23.csv
2026-02-23,209354,Ioannis Xilas,356,132,3.0,11.0,GRE,24,atp_rankings_2026_02_23.csv
2026-02-23,134840,Raul Brancaccio,357,132,-10.0,-17.0,ITA,28,atp_rankings_2026_02_23.csv
2026-02-23,212216,Trevor Svajda,358,131,0.0,3.0,USA,19,atp_rankings_2026_02_23.csv
2026-02-23,209874,Maks Kasnikowski,359,131,4.0,12.0,POL,22,atp_rankings_2026_02_23.csv
2026-02-23,207797,Jonas Forejtek,360,131,0.0,2.0,CZE,24,atp_rankings_2026_02_23.csv
2026-02-23,210318,Andre Ilagan,361,130,0.0,4.0,USA,25,atp_rankings_2026_02_23.csv
2026-02-23,106187,Denis Yevseyev,362,130,-8.0,-12.0,KAZ,32,atp_rankings_2026_02_23.csv
2026-02-23,200303,Pavel Kotov,363,129,-13.0,-27.0,RUS,27,atp_rankings_2026_02_23.csv
2026-02-23,207171,Hamish Stewart,364,129,-13.0,-25.0,GBR,26,atp_rankings_2026_02_23.csv
2026-02-23,209907,Viacheslav Bielinskyi,365,128,0.0,3.0,UKR,22,atp_rankings_2026_02_23.csv
2026-02-23,117360,Marc Polmans,366,128,0.0,3.0,AUS,28,atp_rankings_2026_02_23.csv
2026-02-23,211627,Hayato Matsuoka,367,128,0.0,3.0,JPN,21,atp_rankings_2026_02_23.csv
2026-02-23,212222,Raphael Perot,368,127,0.0,4.0,FRA,24,atp_rankings_2026_02_23.csv
2026-02-23,202122,Yuta Shimizu,369,127,0.0,4.0,JPN,26,atp_rankings_2026_02_23.csv
2026-02-23,126555,Tung Lin Wu,370,127,0.0,4.0,TPE,27,atp_rankings_2026_02_23.csv
2026-02-23,122352,Christoph Negritu,371,127,-4.0,-8.0,GER,31,atp_rankings_2026_02_23.csv
2026-02-23,111454,Li Tu,372,126,0.0,3.0,AUS,29,atp_rankings_2026_02_23.csv
2026-02-23,208502,Dominic Stricker,373,126,0.0,3.0,SUI,23,atp_rankings_2026_02_23.csv
2026-02-23,200266,Javier Barranco Cosano,374,126,0.0,3.0,ESP,27,atp_rankings_2026_02_23.csv
2026-02-23,104755,Richard Gasquet,375,125,-8.0,-18.0,FRA,39,atp_rankings_2026_02_23.csv
2026-02-23,208540,Inaki Montes De La Torre,376,125,0.0,3.0,ESP,23,atp_rankings_2026_02_23.csv
2026-02-23,117357,Omar Jasika,377,125,0.0,3.0,AUS,28,atp_rankings_2026_02_23.csv
2026-02-23,105948,Federico Coria,378,124,0.0,3.0,ARG,33,atp_rankings_2026_02_23.csv
2026-02-23,106203,Pedro Sakamoto,379,124,0.0,3.0,BRA,32,atp_rankings_2026_02_23.csv
2026-02-23,111202,Hyeon Chung,380,124,4.0,16.0,KOR,29,atp_rankings_2026_02_23.csv
2026-02-23,207368,Mert Alkaya,381,124,0.0,2.0,TUR,25,atp_rankings_2026_02_23.csv
2026-02-23,212251,Daniel Milavsky,382,124,0.0,2.0,USA,24,atp_rankings_2026_02_23.csv
2026-02-23,208024,Max Alcala Gurri,383,124,6.0,20.0,ESP,23,atp_rankings_2026_02_23.csv
2026-02-23,122554,David Jorda Sanchis,384,124,0.0,1.0,ESP,31,atp_rankings_2026_02_23.csv
2026-02-23,207129,Yanki Erel,385,122,15.0,53.0,TUR,25,atp_rankings_2026_02_23.csv
2026-02-23,209890,Mili Poljicak,386,122,1.0,4.0,CRO,21,atp_rankings_2026_02_23.csv
2026-02-23,202297,Dan Martin,387,121,-1.0,-1.0,CAN,26,atp_rankings_2026_02_23.csv
2026-02-23,105487,Facundo Bagnis,388,120,0.0,4.0,ARG,35,atp_rankings_2026_02_23.csv
2026-02-23,111153,Christopher Eubanks,389,120,0.0,4.0,USA,29,atp_rankings_2026_02_23.csv
2026-02-23,202400,Alastair Gray,390,120,4.0,18.0,GBR,27,atp_rankings_2026_02_23.csv
2026-02-23,212241,Carlo Alberto Caniato,391,120,0.0,4.0,ITA,20,atp_rankings_2026_02_23.csv
2026-02-23,206467,Federico Arnaboldi,392,120,0.0,5.0,ITA,25,atp_rankings_2026_02_23.csv
2026-02-23,208937,Kasidit Samrej,393,120,0.0,5.0,THA,25,atp_rankings_2026_02_23.csv
2026-02-23,144656,Corentin Denolly,394,119,0.0,6.0,FRA,28,atp_rankings_2026_02_23.csv
2026-02-23,105077,Albert Ramos,395,118,0.0,6.0,ESP,38,atp_rankings_2026_02_23.csv
2026-02-23,144826,Aziz Dougaz,396,118,0.0,6.0,TUN,28,atp_rankings_2026_02_23.csv
2026-02-23,213608,Moise Kouame,397,118,35.0,110.0,FRA,16,atp_rankings_2026_02_23.csv
2026-02-23,106292,Hernan Casanova,398,118,-1.0,1.0,ARG,32,atp_rankings_2026_02_23.csv
2026-02-23,206470,Cezar Cretu,399,118,-8.0,-21.0,ROU,24,atp_rankings_2026_02_23.csv
2026-02-23,132041,Alfredo Perez,400,118,-3.0,-9.0,USA,28,atp_rankings_2026_02_23.csv
2026-02-23,209167,Olle Wallin,401,118,2.0,9.0,SWE,24,atp_rankings_2026_02_23.csv
2026-02-23,106121,Taro Daniel,402,117,0.0,2.0,JPN,33,atp_rankings_2026_02_23.csv
2026-02-23,106177,Oriol Roca Batalla,403,117,3.0,16.0,ESP,32,atp_rankings_2026_02_23.csv
2026-02-23,208104,Andrea Picchione,404,117,0.0,1.0,ITA,27,atp_rankings_2026_02_23.csv
2026-02-23,132573,Luca Castelnuovo,405,117,2.0,10.0,SUI,29,atp_rankings_2026_02_23.csv
2026-02-23,200309,Marek Gengel,406,117,0.0,0.0,CZE,30,atp_rankings_2026_02_23.csv
2026-02-23,209079,Samir Banerjee,407,116,0.0,0.0,USA,22,atp_rankings_2026_02_23.csv
2026-02-23,105671,Gastao Elias,408,116,-5.0,-19.0,POR,35,atp_rankings_2026_02_23.csv
2026-02-23,211325,Aryan Shah,409,116,0.0,2.0,IND,20,atp_rankings_2026_02_23.csv
2026-02-23,207834,Juan Alejandro Hernandez Serrano,410,116,1.0,6.0,MEX,26,atp_rankings_2026_02_23.csv
2026-02-23,212020,Michele Ribecai,411,116,0.0,1.0,ITA,23,atp_rankings_2026_02_23.csv
2026-02-23,207186,Arthur Weber,412,115,0.0,1.0,FRA,33,atp_rankings_2026_02_23.csv
2026-02-23,210005,Kilian Feldbausch,413,115,0.0,1.0,SUI,20,atp_rankings_2026_02_23.csv
2026-02-23,202420,Aidan Mchugh,414,115,-7.0,-27.0,GBR,25,atp_rankings_2026_02_23.csv
2026-02-23,208025,Alex Martinez,415,115,0.0,2.0,ESP,24,atp_rankings_2026_02_23.csv
2026-02-23,126183,Mariano Kestelboim,416,114,0.0,4.0,ARG,30,atp_rankings_2026_02_23.csv
2026-02-23,212225,Thomas Faurel,417,114,13.0,41.0,FRA,20,atp_rankings_2026_02_23.csv
2026-02-23,207669,Robert Strombachs,418,113,0.0,4.0,LAT,26,atp_rankings_2026_02_23.csv
2026-02-23,200666,Jie Cui,419,113,0.0,4.0,CHN,28,atp_rankings_2026_02_23.csv
2026-02-23,207527,Buvaysar Gadamauri,420,113,0.0,4.0,BEL,25,atp_rankings_2026_02_23.csv
2026-02-23,211711,Braden Shick,421,112,0.0,4.0,USA,22,atp_rankings_2026_02_23.csv
2026-02-23,105430,Radu Albot,422,112,0.0,4.0,MDA,36,atp_rankings_2026_02_23.csv
2026-02-23,109303,Stefano Napolitano,423,111,4.0,14.0,ITA,30,atp_rankings_2026_02_23.csv
2026-02-23,200374,Nicolas Alvarez Varona,424,111,0.0,3.0,ESP,24,atp_rankings_2026_02_23.csv
2026-02-23,135753,Patrick Maloney,425,111,-2.0,-4.0,USA,26,atp_rankings_2026_02_23.csv
2026-02-23,207484,Neil Oberleitner,426,111,0.0,3.0,AUT,26,atp_rankings_2026_02_23.csv
2026-02-23,207200,Cyril Vandermeersch,427,111,0.0,4.0,FRA,26,atp_rankings_2026_02_23.csv
2026-02-23,206553,Luca Potenza,428,111,0.0,2.0,ITA,25,atp_rankings_2026_02_23.csv
2026-02-23,109054,Daniel Masur,429,110,2.0,5.0,GER,31,atp_rankings_2026_02_23.csv
2026-02-23,134068,Vadym Ursu,430,110,0.0,3.0,UKR,29,atp_rankings_2026_02_23.csv
2026-02-23,207502,Stefan Palosi,431,109,5.0,18.0,ROU,26,atp_rankings_2026_02_23.csv
2026-02-23,210000,Karan Singh,432,108,0.0,4.0,IND,22,atp_rankings_2026_02_23.csv
2026-02-23,210377,Luciano Emanuel Ambrogi,433,108,-14.0,-45.0,ARG,22,atp_rankings_2026_02_23.csv
2026-02-23,200484,Rudolf Molleker,434,107,0.0,5.0,GER,25,atp_rankings_2026_02_23.csv
2026-02-23,202113,Hikaru Shiraishi,435,107,0.0,5.0,JPN,25,atp_rankings_2026_02_23.csv
2026-02-23,132052,Christian Langmo,436,107,-24.0,-72.0,USA,29,atp_rankings_2026_02_23.csv
2026-02-23,106232,Roberto Cid,437,106,0.0,4.0,DOM,32,atp_rankings_2026_02_23.csv
2026-02-23,206912,Stuart Parker,438,106,-5.0,-10.0,GBR,28,atp_rankings_2026_02_23.csv
2026-02-23,207884,Arthur Bouquier,439,106,-27.0,-81.0,FRA,25,atp_rankings_2026_02_23.csv
2026-02-23,210425,Svyatoslav Gulin,440,106,-2.0,-5.0,RUS,23,atp_rankings_2026_02_23.csv
2026-02-23,106072,Alexey Vatutin,441,106,-10.0,-32.0,RUS,33,atp_rankings_2026_02_23.csv
2026-02-23,126340,Viktor Durasovic,442,106,-44.0,-117.0,NOR,28,atp_rankings_2026_02_23.csv
2026-02-23,212077,Lorenzo Carboni,443,106,0.0,0.0,ITA,19,atp_rankings_2026_02_23.csv
2026-02-23,211661,Juan Estevez,444,106,0.0,0.0,ARG,20,atp_rankings_2026_02_23.csv
2026-02-23,210682,Federico Bondioli,445,106,0.0,0.0,ITA,20,atp_rankings_2026_02_23.csv
2026-02-23,202359,Marvin Moeller,446,105,0.0,1.0,GER,27,atp_rankings_2026_02_23.csv
2026-02-23,209898,Dali Blanch,447,105,0.0,1.0,USA,22,atp_rankings_2026_02_23.csv
2026-02-23,208240,Alexandr Binda,448,105,9.0,20.0,ITA,24,atp_rankings_2026_02_23.csv
2026-02-23,134329,Blake Ellis,449,103,-2.0,-3.0,AUS,27,atp_rankings_2026_02_23.csv
2026-02-23,208649,Andrew Fenty,450,103,0.0,0.0,USA,25,atp_rankings_2026_02_23.csv
2026-02-23,210085,Lui Maxted,451,102,0.0,0.0,GBR,22,atp_rankings_2026_02_23.csv
2026-02-23,208044,Etienne Donnet,452,102,0.0,0.0,FRA,25,atp_rankings_2026_02_23.csv
2026-02-23,200495,Eduardo Ribeiro,453,102,0.0,0.0,BRA,27,atp_rankings_2026_02_23.csv
2026-02-23,209984,Milos Karol,454,102,0.0,0.0,SVK,23,atp_rankings_2026_02_23.csv
2026-02-23,208230,Alibek Kachmazov,455,101,0.0,1.0,RUS,23,atp_rankings_2026_02_23.csv
2026-02-23,209931,Lukas Pokorny,456,101,-5.0,-14.0,SVK,23,atp_rankings_2026_02_23.csv
2026-02-23,105938,Antoine Escoffier,457,101,0.0,0.0,FRA,33,atp_rankings_2026_02_23.csv
2026-02-23,207992,Cannon Kingsley,458,101,8.0,17.0,USA,24,atp_rankings_2026_02_23.csv
2026-02-23,131911,Lucas Poullain,459,100,-15.0,-41.0,FRA,30,atp_rankings_2026_02_23.csv
2026-02-23,200184,Andrey Chepelev,460,100,2.0,4.0,RUS,27,atp_rankings_2026_02_23.csv
2026-02-23,209983,Mika Brunold,461,99,1.0,0.0,SUI,21,atp_rankings_2026_02_23.csv
2026-02-23,210399,Edward Winter,462,99,12.0,32.0,AUS,21,atp_rankings_2026_02_23.csv
2026-02-23,209080,Blaise Bicknell,463,98,-1.0,-3.0,JAM,24,atp_rankings_2026_02_23.csv
2026-02-23,209264,Pietro Fellin,464,98,0.0,-2.0,ITA,24,atp_rankings_2026_02_23.csv
2026-02-23,211504,Jack Loge,465,98,0.0,-2.0,BEL,21,atp_rankings_2026_02_23.csv
2026-02-23,208328,Max Wiskandt,466,97,-5.0,-11.0,GER,24,atp_rankings_2026_02_23.csv
2026-02-23,207878,James Story,467,97,-3.0,-8.0,GBR,24,atp_rankings_2026_02_23.csv
2026-02-23,208189,Gianmarco Ferrari,468,97,0.0,-2.0,ITA,25,atp_rankings_2026_02_23.csv
2026-02-23,210250,Erik Arutiunian,469,96,-14.0,-37.0,BLR,21,atp_rankings_2026_02_23.csv
2026-02-23,209254,Valerio Aboian,470,95,0.0,-1.0,ARG,23,atp_rankings_2026_02_23.csv
2026-02-23,212207,Ognjen Milic,471,95,0.0,-1.0,SRB,18,atp_rankings_2026_02_23.csv
2026-02-23,202290,Dhakshineswar Suresh,472,94,0.0,0.0,IND,25,atp_rankings_2026_02_23.csv
2026-02-23,210107,Bor Artnak,473,94,0.0,1.0,SLO,21,atp_rankings_2026_02_23.csv
2026-02-23,206867,Tommaso Compagnucci,474,94,-2.0,-7.0,ITA,26,atp_rankings_2026_02_23.csv
2026-02-23,211902,Henry Searle,475,93,0.0,1.0,GBR,19,atp_rankings_2026_02_23.csv
2026-02-23,208092,Filippo Moroni,476,92,0.0,2.0,ITA,25,atp_rankings_2026_02_23.csv
2026-02-23,207998,Takuya Kumasaka,477,92,0.0,2.0,JPN,27,atp_rankings_2026_02_23.csv
2026-02-23,207239,Nikolay Vylegzhanin,478,91,0.0,4.0,RUS,25,atp_rankings_2026_02_23.csv
2026-02-23,106290,Filip Peliwo,479,91,-1.0,2.0,POL,32,atp_rankings_2026_02_23.csv
2026-02-23,144814,Eero Vasa,480,90,0.0,3.0,FIN,29,atp_rankings_2026_02_23.csv
2026-02-23,105339,Yan Bai,481,89,0.0,3.0,CHN,36,atp_rankings_2026_02_23.csv
2026-02-23,210142,Olaf Pieczkowski,482,89,0.0,4.0,POL,21,atp_rankings_2026_02_23.csv
2026-02-23,207490,Carlos Lopez Montagud,483,89,-4.0,-6.0,ESP,25,atp_rankings_2026_02_23.csv
2026-02-23,207708,Dusan Obradovic,484,89,-3.0,-4.0,SRB,24,atp_rankings_2026_02_23.csv
2026-02-23,210221,Jay Dylan Hara Friend,485,88,0.0,4.0,JPN,22,atp_rankings_2026_02_23.csv
2026-02-23,126523,Bernabe Zapata Miralles,486,88,-6.0,-13.0,ESP,29,atp_rankings_2026_02_23.csv
2026-02-23,209274,Carl Emil Overbeck,487,88,1.0,6.0,DEN,24,atp_rankings_2026_02_23.csv
2026-02-23,200216,Giovanni Fonio,488,88,0.0,2.0,ITA,27,atp_rankings_2026_02_23.csv
2026-02-23,211768,Manas Dhamne,489,88,-1.0,-1.0,IND,18,atp_rankings_2026_02_23.csv
2026-02-23,207728,Moerani Bouzige,490,88,-7.0,-19.0,AUS,26,atp_rankings_2026_02_23.csv
2026-02-23,133872,Enrico Dalla Valle,491,87,0.0,1.0,ITA,27,atp_rankings_2026_02_23.csv
2026-02-23,209362,Aristotelis Thanos,492,87,0.0,-1.0,GRE,24,atp_rankings_2026_02_23.csv
2026-02-23,200462,Andrea Guerrieri,493,87,-2.0,-8.0,ITA,27,atp_rankings_2026_02_23.csv
2026-02-23,202356,Tsung Hao Huang,494,87,0.0,1.0,TPE,26,atp_rankings_2026_02_23.csv
2026-02-23,210214,Joao Eduardo Schiessl,495,87,3.0,9.0,BRA,21,atp_rankings_2026_02_23.csv
2026-02-23,207605,Jakub Paul,496,86,0.0,0.0,SUI,26,atp_rankings_2026_02_23.csv
2026-02-23,105806,Mirza Basic,497,86,0.0,0.0,BIH,34,atp_rankings_2026_02_23.csv
2026-02-23,105655,Hiroki Moriya,498,86,-11.0,-33.0,JPN,35,atp_rankings_2026_02_23.csv
2026-02-23,209318,Petr Nesterov,499,85,-4.0,-12.0,BUL,22,atp_rankings_2026_02_23.csv
2026-02-23,210129,Samuele Pieri,500,85,6.0,20.0,ITA,23,atp_rankings_2026_02_23.csv
2026-02-23,117359,Jake Delaney,501,85,0.0,-2.0,AUS,28,atp_rankings_2026_02_23.csv
2026-02-23,106362,Laurent Lokoli,502,84,0.0,-2.0,FRA,31,atp_rankings_2026_02_23.csv
2026-02-23,210340,Philip Sekulic,503,84,0.0,-2.0,AUS,22,atp_rankings_2026_02_23.csv
2026-02-23,211530,Tomasz Berkieta,504,84,4.0,13.0,POL,19,atp_rankings_2026_02_23.csv
2026-02-23,212219,Mees Rottgering,505,84,0.0,-2.0,NED,18,atp_rankings_2026_02_23.csv
2026-02-23,148679,Henry Bernet,506,83,0.0,0.0,SUI,19,atp_rankings_2026_02_23.csv
2026-02-23,209088,Quinn Vandecasteele,507,83,0.0,1.0,USA,23,atp_rankings_2026_02_23.csv
2026-02-23,207657,Tristan Mccormick,508,83,0.0,1.0,USA,26,atp_rankings_2026_02_23.csv
2026-02-23,207704,Alex Marti Pujolras,509,82,-2.0,-7.0,ESP,27,atp_rankings_2026_02_23.csv
2026-02-23,126208,Yusuke Takahashi,510,82,0.0,1.0,JPN,28,atp_rankings_2026_02_23.csv
2026-02-23,202366,Tadeas Paroulek,511,81,0.0,1.0,CZE,26,atp_rankings_2026_02_23.csv
2026-02-23,127123,Mateus Alves,512,81,0.0,1.0,BRA,25,atp_rankings_2026_02_23.csv
2026-02-23,212090,Sergio Callejon Hernando,513,81,0.0,1.0,ESP,21,atp_rankings_2026_02_23.csv
2026-02-23,212531,Nicolas Arseneault,514,80,-2.0,-4.0,CAN,19,atp_rankings_2026_02_23.csv
2026-02-23,200661,Yuki Mochizuki,515,80,0.0,0.0,JPN,28,atp_rankings_2026_02_23.csv
2026-02-23,200255,Alexander Weis,516,80,0.0,0.0,ITA,28,atp_rankings_2026_02_23.csv
2026-02-23,210025,Branko Djuric,517,80,0.0,1.0,SRB,21,atp_rankings_2026_02_23.csv
2026-02-23,200550,Vladyslav Orlov,518,80,-4.0,-13.0,UKR,30,atp_rankings_2026_02_23.csv
2026-02-23,211898,Mae Malige,519,79,2.0,13.0,FRA,19,atp_rankings_2026_02_23.csv
2026-02-23,202354,Matthew Dellavedova,520,79,0.0,1.0,AUS,25,atp_rankings_2026_02_23.csv
2026-02-23,210034,Shunsuke Mitsui,521,78,0.0,1.0,JPN,23,atp_rankings_2026_02_23.csv
2026-02-23,208158,Dominik Palan,522,78,0.0,2.0,CZE,25,atp_rankings_2026_02_23.csv
2026-02-23,124154,Sasi Kumar Mukund,523,78,0.0,2.0,IND,29,atp_rankings_2026_02_23.csv
2026-02-23,202271,Lorenzo Joaquin Rodriguez,524,78,-7.0,-26.0,ARG,26,atp_rankings_2026_02_23.csv
2026-02-23,210650,Stefan Adrian Andreescu,525,78,0.0,1.0,ROU,24,atp_rankings_2026_02_23.csv
2026-02-23,207764,Ryan Nijboer,526,78,0.0,1.0,NED,26,atp_rankings_2026_02_23.csv
2026-02-23,206325,Pedro Vives Marcos,527,77,0.0,2.0,ESP,24,atp_rankings_2026_02_23.csv
2026-02-23,207987,Ryuki Matsuda,528,77,0.0,2.0,JPN,26,atp_rankings_2026_02_23.csv
2026-02-23,207993,Justin Boulais,529,77,0.0,2.0,CAN,24,atp_rankings_2026_02_23.csv
2026-02-23,211621,Arthur Nagel,530,77,0.0,3.0,FRA,22,atp_rankings_2026_02_23.csv
2026-02-23,208322,Eric Vanshelboim,531,76,1.0,9.0,UKR,24,atp_rankings_2026_02_23.csv
2026-02-23,212268,Max Schoenhaus,532,75,0.0,5.0,GER,18,atp_rankings_2026_02_23.csv
2026-02-23,105952,Renzo Olivo,533,75,-3.0,-10.0,ARG,33,atp_rankings_2026_02_23.csv
2026-02-23,210393,Maxim Zhukov,534,75,0.0,5.0,RUS,21,atp_rankings_2026_02_23.csv
2026-02-23,210470,Tai Sach,535,75,0.0,6.0,AUS,23,atp_rankings_2026_02_23.csv
2026-02-23,208586,Joshua Sheehy,536,74,-1.0,0.0,USA,29,atp_rankings_2026_02_23.csv
2026-02-23,202326,Ivan Marrero Curbelo,537,74,0.0,6.0,ESP,27,atp_rankings_2026_02_23.csv
2026-02-23,209403,Faris Zakaryia,538,74,0.0,7.0,EGY,24,atp_rankings_2026_02_23.csv
2026-02-23,209191,Oleksandr Ovcharenko,539,74,0.0,7.0,UKR,24,atp_rankings_2026_02_23.csv
2026-02-23,211727,Pavle Marinkov,540,74,0.0,7.0,AUS,20,atp_rankings_2026_02_23.csv
2026-02-23,105814,Maximilian Neuchrist,541,73,-3.0,-6.0,AUT,34,atp_rankings_2026_02_23.csv
2026-02-23,208297,Maxwell Mckennon,542,73,-1.0,2.0,USA,23,atp_rankings_2026_02_23.csv
2026-02-23,132744,Alberto Barroso Campos,543,73,0.0,7.0,ESP,29,atp_rankings_2026_02_23.csv
2026-02-23,210121,Kokoro Isomura,544,73,0.0,7.0,JPN,23,atp_rankings_2026_02_23.csv
2026-02-23,106172,Maxime Chazal,545,72,-4.0,-11.0,FRA,32,atp_rankings_2026_02_23.csv
2026-02-23,126125,Maxime Janvier,546,72,-3.0,-4.0,FRA,29,atp_rankings_2026_02_23.csv
2026-02-23,209302,Peter Fajta,547,71,-4.0,-9.0,HUN,23,atp_rankings_2026_02_23.csv
2026-02-23,126762,Aleksandre Bakshi,548,71,0.0,7.0,GEO,28,atp_rankings_2026_02_23.csv
2026-02-23,211542,Filippo Romano,549,71,1.0,10.0,ITA,20,atp_rankings_2026_02_23.csv
2026-02-23,211636,Lucio Ratti,550,71,0.0,6.0,ARG,22,atp_rankings_2026_02_23.csv
2026-02-23,206662,Georgii Kravchenko,551,71,-2.0,-2.0,UKR,25,atp_rankings_2026_02_23.csv
2026-02-23,209871,Amr Elsayed Abdou Ahmed Mohamed,552,71,1.0,8.0,EGY,26,atp_rankings_2026_02_23.csv
2026-02-23,209251,Stefan Popovic,553,71,-7.0,-25.0,SRB,22,atp_rankings_2026_02_23.csv
2026-02-23,106137,Tristan Lamasine,554,70,0.0,4.0,FRA,32,atp_rankings_2026_02_23.csv
2026-02-23,110618,Elmar Ejupovic,555,70,-1.0,-2.0,GER,33,atp_rankings_2026_02_23.csv
2026-02-23,200366,Olukayode Alafia Damina Ayeni,556,70,10.0,52.0,USA,26,atp_rankings_2026_02_23.csv
2026-02-23,126627,Johan Nikles,557,70,7.0,39.0,SUI,28,atp_rankings_2026_02_23.csv
2026-02-23,207803,Igor Gimenez,558,70,0.0,3.0,BRA,26,atp_rankings_2026_02_23.csv
2026-02-23,210730,Reda Bennani,559,69,0.0,3.0,MAR,19,atp_rankings_2026_02_23.csv
2026-02-23,210714,Robin Catry,560,69,-2.0,-6.0,FRA,23,atp_rankings_2026_02_23.csv
2026-02-23,210285,Sebastian Sorger,561,69,0.0,3.0,AUT,20,atp_rankings_2026_02_23.csv
2026-02-23,208253,Niels Visker,562,69,0.0,3.0,NED,24,atp_rankings_2026_02_23.csv
2026-02-23,207202,Karl Poling,563,69,6.0,36.0,USA,26,atp_rankings_2026_02_23.csv
2026-02-23,208457,Radu Mihai Papoe,564,68,0.0,2.0,ROU,23,atp_rankings_2026_02_23.csv
2026-02-23,202398,Michael Vrbensky,565,68,3.0,21.0,CZE,26,atp_rankings_2026_02_23.csv
2026-02-23,212051,Joaquin  Aguilar Cardozo,566,68,2.0,13.0,URU,20,atp_rankings_2026_02_23.csv
2026-02-23,209959,Woobin Shin,567,68,-1.0,-4.0,KOR,22,atp_rankings_2026_02_23.csv
2026-02-23,201987,Masamichi Imamura,568,68,-11.0,-49.0,JPN,27,atp_rankings_2026_02_23.csv
2026-02-23,209142,Sebastian Gima,569,68,0.0,-1.0,ROU,23,atp_rankings_2026_02_23.csv
2026-02-23,144970,Constantin Bittoun Kouzmine,570,68,0.0,-1.0,FRA,27,atp_rankings_2026_02_23.csv
2026-02-23,200325,Emil Ruusuvuori,571,67,0.0,-1.0,FIN,26,atp_rankings_2026_02_23.csv
2026-02-23,106310,Alexander Ritschard,572,67,0.0,0.0,SUI,31,atp_rankings_2026_02_23.csv
2026-02-23,105575,Ricardas Berankis,573,67,0.0,0.0,LTU,35,atp_rankings_2026_02_23.csv
2026-02-23,207907,Arda Azkara,574,67,0.0,0.0,TUR,22,atp_rankings_2026_02_23.csv
2026-02-23,207601,Manuel Mazza,575,67,-1.0,-8.0,ITA,26,atp_rankings_2026_02_23.csv
2026-02-23,209518,Tibo Colson,576,67,0.0,-1.0,BEL,25,atp_rankings_2026_02_23.csv
2026-02-23,208071,Oleksii Krutykh,577,67,0.0,-1.0,UKR,25,atp_rankings_2026_02_23.csv
2026-02-23,212785,Carlos Maria Zarate,578,67,4.0,20.0,ARG,,atp_rankings_2026_02_23.csv
2026-02-23,210668,Massimo Giunta,579,67,0.0,-1.0,ITA,21,atp_rankings_2026_02_23.csv
2026-02-23,133997,Sergi Perez Contri,580,67,14.0,78.0,ESP,28,atp_rankings_2026_02_23.csv
2026-02-23,144985,Ergi Kirkin,581,66,3.0,13.0,TUR,27,atp_rankings_2026_02_23.csv
2026-02-23,207220,Taha Baadi,582,66,-1.0,-5.0,CAN,24,atp_rankings_2026_02_23.csv
2026-02-23,200070,Kirill Kivattsev,583,66,0.0,-3.0,RUS,28,atp_rankings_2026_02_23.csv
2026-02-23,105944,Juan Sebastian Gomez,584,65,0.0,-3.0,COL,33,atp_rankings_2026_02_23.csv
2026-02-23,200096,Dragos Nicolae Madaras,585,65,0.0,-3.0,SWE,28,atp_rankings_2026_02_23.csv
2026-02-23,210731,Filip Jeff Planinsek,586,65,0.0,-2.0,SLO,24,atp_rankings_2026_02_23.csv
2026-02-23,209510,Nino Ehrenschneider,587,65,-7.0,-35.0,GER,24,atp_rankings_2026_02_23.csv
2026-02-23,210054,Matthew William Donald,588,65,0.0,0.0,CZE,21,atp_rankings_2026_02_23.csv
2026-02-23,210029,Bruno Kuzuhara,589,65,2.0,11.0,USA,21,atp_rankings_2026_02_23.csv
2026-02-23,200214,Alan Fernando Rubio Fierros,590,64,-1.0,-5.0,MEX,27,atp_rankings_2026_02_23.csv
2026-02-23,208876,Egor Agafonov,591,64,0.0,-2.0,RUS,23,atp_rankings_2026_02_23.csv
2026-02-23,200014,Digvijaypratap Singh,592,64,0.0,-2.0,IND,25,atp_rankings_2026_02_23.csv
2026-02-23,209863,Leo Borg,593,64,0.0,-1.0,SWE,22,atp_rankings_2026_02_23.csv
2026-02-23,208063,Paulo Andre Saraiva Dos Santos,594,64,-7.0,-37.0,BRA,25,atp_rankings_2026_02_23.csv
2026-02-23,202150,Dan Alexandru Tomescu,595,63,0.0,-2.0,ROU,26,atp_rankings_2026_02_23.csv
2026-02-23,211628,Koki Matsuda,596,63,0.0,-1.0,JPN,25,atp_rankings_2026_02_23.csv
2026-02-23,211639,Alejo Sanchez Quilez,597,63,0.0,0.0,ESP,20,atp_rankings_2026_02_23.csv
2026-02-23,211756,Michal Krajci,598,63,-2.0,-11.0,SVK,21,atp_rankings_2026_02_23.csv
2026-02-23,207181,Govind Nanda,599,62,-3.0,-16.0,USA,25,atp_rankings_2026_02_23.csv
2026-02-23,212258,Adhithya Ganesan,600,62,0.0,1.0,USA,20,atp_rankings_2026_02_23.csv
2026-02-23,213149,Felix Balshaw,601,62,3.0,19.0,FRA,19,atp_rankings_2026_02_23.csv
2026-02-23,144751,Rigele Te,602,61,0.0,1.0,CHN,28,atp_rankings_2026_02_23.csv
2026-02-23,101495,Miguel Tobon,603,61,-1.0,-1.0,COL,19,atp_rankings_2026_02_23.csv
2026-02-23,210687,Pawit Sornlaksup,604,61,0.0,0.0,THA,26,atp_rankings_2026_02_23.csv
2026-02-23,210604,Loann Massard,605,61,1.0,4.0,FRA,20,atp_rankings_2026_02_23.csv
2026-02-23,210498,Gerard Campana Lee,606,61,0.0,0.0,KOR,21,atp_rankings_2026_02_23.csv
2026-02-23,200572,Nick Hardt,607,60,0.0,0.0,DOM,25,atp_rankings_2026_02_23.csv
2026-02-23,210398,Gabriele Pennaforti,608,60,-4.0,-17.0,ITA,25,atp_rankings_2026_02_23.csv
2026-02-23,133794,S D Prajwal Dev,609,60,0.0,1.0,IND,29,atp_rankings_2026_02_23.csv
2026-02-23,126723,Denys Klok,610,60,0.0,1.0,RUS,27,atp_rankings_2026_02_23.csv
2026-02-23,207660,Nicholas David Ionel,611,60,0.0,2.0,ROU,23,atp_rankings_2026_02_23.csv
2026-02-23,131934,Andrea Vavassori,612,59,0.0,2.0,ITA,30,atp_rankings_2026_02_23.csv
2026-02-23,210545,Luis Carlos Alvarez,613,59,0.0,2.0,MEX,21,atp_rankings_2026_02_23.csv
2026-02-23,208854,Aidan Mayo,614,59,0.0,3.0,USA,22,atp_rankings_2026_02_23.csv
2026-02-23,207793,Alec Deckers,615,59,0.0,3.0,NED,25,atp_rankings_2026_02_23.csv
2026-02-23,212598,Emilien Demanet,616,59,-1.0,-4.0,BEL,20,atp_rankings_2026_02_23.csv
2026-02-23,144907,Adrian Oetzbach,617,59,0.0,4.0,GER,28,atp_rankings_2026_02_23.csv
2026-02-23,209120,Yassine Dlimi,618,58,0.0,4.0,MAR,22,atp_rankings_2026_02_23.csv
2026-02-23,122495,Shintaro Imai,619,58,0.0,4.0,JPN,32,atp_rankings_2026_02_23.csv
2026-02-23,202277,Damien Wenger,620,58,0.0,4.0,SUI,25,atp_rankings_2026_02_23.csv
2026-02-23,212749,Andres Santamarta Roig,621,58,-1.0,-2.0,ESP,19,atp_rankings_2026_02_23.csv
2026-02-23,212190,Karol Filar,622,58,1.0,11.0,POL,27,atp_rankings_2026_02_23.csv
2026-02-23,125806,Dominik Kellovsky,623,58,-3.0,-18.0,CZE,29,atp_rankings_2026_02_23.csv
2026-02-23,202209,Imanol Lopez Morillo,624,58,0.0,3.0,ESP,26,atp_rankings_2026_02_23.csv
2026-02-23,208605,Mario Gonzalez Fernandez,625,58,0.0,1.0,ESP,23,atp_rankings_2026_02_23.csv
2026-02-23,144923,Louis Wessels,626,58,0.0,2.0,GER,27,atp_rankings_2026_02_23.csv
2026-02-23,200297,Aziz Ouakaa,627,58,0.0,2.0,TUN,26,atp_rankings_2026_02_23.csv
2026-02-23,200218,Mate Valkusz,628,57,0.0,2.0,HUN,27,atp_rankings_2026_02_23.csv
2026-02-23,213635,Jacopo Vasami,629,57,0.0,2.0,ITA,18,atp_rankings_2026_02_23.csv
2026-02-23,210721,Iliyan Radulov,630,57,-2.0,-14.0,BUL,20,atp_rankings_2026_02_23.csv
2026-02-23,134120,Kuan Yi Lee,631,57,0.0,3.0,TPE,29,atp_rankings_2026_02_23.csv
2026-02-23,134457,Nicolas Moreno De Alboran,632,56,0.0,4.0,USA,28,atp_rankings_2026_02_23.csv
2026-02-23,211501,Kenta Miyoshi,633,56,0.0,4.0,JPN,21,atp_rankings_2026_02_23.csv
2026-02-23,200665,Yuta Kawahashi,634,56,0.0,4.0,JPN,28,atp_rankings_2026_02_23.csv
2026-02-23,211543,Lorenzo Sciahbasi,635,56,-2.0,-10.0,ITA,20,atp_rankings_2026_02_23.csv
2026-02-23,200228,Felix Corwin,636,56,0.0,4.0,USA,29,atp_rankings_2026_02_23.csv
2026-02-23,212305,Juan Cruz Martin Manzano,637,56,0.0,2.0,ITA,21,atp_rankings_2026_02_23.csv
2026-02-23,207776,William Grant,638,56,0.0,3.0,USA,25,atp_rankings_2026_02_23.csv
2026-02-23,209338,Daniel Siniakov,639,55,0.0,3.0,CZE,23,atp_rankings_2026_02_23.csv
2026-02-23,210083,Jakub Nicod,640,55,0.0,3.0,CZE,21,atp_rankings_2026_02_23.csv
2026-02-23,110602,Dennis Novak,641,55,0.0,3.0,AUT,32,atp_rankings_2026_02_23.csv
2026-02-23,202168,Ye Cong Mo,642,55,0.0,3.0,CHN,25,atp_rankings_2026_02_23.csv
2026-02-23,212160,Ryan Fishback,643,55,0.0,3.0,USA,23,atp_rankings_2026_02_23.csv
2026-02-23,208343,Andrew Paulson,644,54,0.0,4.0,CZE,24,atp_rankings_2026_02_23.csv
2026-02-23,144841,Christian Sigsgaard,645,54,0.0,4.0,DEN,28,atp_rankings_2026_02_23.csv
2026-02-23,211550,Yusuke Kusuhara,646,54,0.0,4.0,JPN,28,atp_rankings_2026_02_23.csv
2026-02-23,208099,Santiago De La Fuente,647,54,0.0,4.0,ARG,24,atp_rankings_2026_02_23.csv
2026-02-23,200713,Federico Iannaccone,648,54,2.0,17.0,ITA,26,atp_rankings_2026_02_23.csv
2026-02-23,208909,Johan Alexander Rodriguez Rodriguez,649,53,0.0,4.0,COL,22,atp_rankings_2026_02_23.csv
2026-02-23,209506,Francesco Forti,650,53,0.0,4.0,ITA,26,atp_rankings_2026_02_23.csv
2026-02-23,209517,Igor Kudriashov,651,53,0.0,4.0,RUS,22,atp_rankings_2026_02_23.csv
2026-02-23,200030,Facundo Juarez,652,53,0.0,4.0,ITA,28,atp_rankings_2026_02_23.csv
2026-02-23,208431,Semen Pankin,653,53,0.0,4.0,RUS,26,atp_rankings_2026_02_23.csv
2026-02-23,200445,Maxence Beauge,654,53,-4.0,-19.0,FRA,25,atp_rankings_2026_02_23.csv
2026-02-23,132831,Giovanni Oradini,655,53,1.0,11.0,ITA,28,atp_rankings_2026_02_23.csv
2026-02-23,210320,Kyle Kang,656,52,0.0,3.0,USA,21,atp_rankings_2026_02_23.csv
2026-02-23,210077,Aidan Kim,657,52,0.0,3.0,USA,21,atp_rankings_2026_02_23.csv
2026-02-23,207664,Luca Staeheli,658,52,0.0,3.0,SUI,25,atp_rankings_2026_02_23.csv
2026-02-23,208931,Toby Alex Kodat,659,52,0.0,3.0,USA,23,atp_rankings_2026_02_23.csv
2026-02-23,202418,Stijn Slump,660,52,0.0,4.0,NED,27,atp_rankings_2026_02_23.csv
2026-02-23,211673,Duncan Chan,661,51,0.0,6.0,CAN,20,atp_rankings_2026_02_23.csv
2026-02-23,200574,Alexander Donski,662,51,2.0,20.0,BUL,27,atp_rankings_2026_02_23.csv
2026-02-23,106264,Karue Sell,663,51,0.0,5.0,BRA,32,atp_rankings_2026_02_23.csv
2026-02-23,211767,James Watt,664,51,0.0,5.0,NZL,25,atp_rankings_2026_02_23.csv
2026-02-23,213178,Cruz Hewitt,665,51,0.0,5.0,AUS,17,atp_rankings_2026_02_23.csv
2026-02-23,211618,Jan Kumstat,666,51,-1.0,-3.0,CZE,19,atp_rankings_2026_02_23.csv
2026-02-23,212886,Radu David Turcanu,667,51,0.0,4.0,ROU,19,atp_rankings_2026_02_23.csv
2026-02-23,212157,Timofei Derepasko,668,51,0.0,4.0,RUS,19,atp_rankings_2026_02_23.csv
2026-02-23,208153,Giuseppe La Vela,669,51,0.0,4.0,ITA,25,atp_rankings_2026_02_23.csv
2026-02-23,209337,Luca Castagnola,670,51,0.0,4.0,ITA,23,atp_rankings_2026_02_23.csv
2026-02-23,208168,Nicolas Tepmahc,671,51,-4.0,-24.0,FRA,24,atp_rankings_2026_02_23.csv
2026-02-23,122113,Yurii Dzhavakian,672,51,0.0,3.0,UKR,32,atp_rankings_2026_02_23.csv
2026-02-23,210686,Michael Agwi,673,50,0.0,3.0,IRL,22,atp_rankings_2026_02_23.csv
2026-02-23,208426,Tiago Torres,674,50,0.0,3.0,POR,23,atp_rankings_2026_02_23.csv
2026-02-23,208126,John Echeverria,675,50,1.0,10.0,ESP,24,atp_rankings_2026_02_23.csv
2026-02-23,210505,Marcel Zielinski,676,50,1.0,11.0,POL,25,atp_rankings_2026_02_23.csv
2026-02-23,207994,Chase Ferguson,677,50,0.0,3.0,AUS,27,atp_rankings_2026_02_23.csv
2026-02-23,212029,Dimitris Sakellaridis,678,50,0.0,3.0,GRE,19,atp_rankings_2026_02_23.csv
2026-02-23,213003,Pierluigi Basile,679,49,0.0,4.0,ITA,19,atp_rankings_2026_02_23.csv
2026-02-23,111788,Naoki Nakagawa,680,49,-8.0,-48.0,JPN,29,atp_rankings_2026_02_23.csv
2026-02-23,200270,Alex Knaff,681,49,0.0,3.0,LUX,28,atp_rankings_2026_02_23.csv
2026-02-23,106168,Sidharth Rawat,682,49,0.0,4.0,IND,32,atp_rankings_2026_02_23.csv
2026-02-23,210599,Ryan Dickerson,683,49,0.0,5.0,USA,28,atp_rankings_2026_02_23.csv
2026-02-23,211324,Mitsuki Wei Kang Leong,684,49,0.0,5.0,MAS,21,atp_rankings_2026_02_23.csv
2026-02-23,134389,Tim Handel,685,49,0.0,5.0,GER,29,atp_rankings_2026_02_23.csv
2026-02-23,212969,Matisse Bobichon,686,48,0.0,5.0,FRA,24,atp_rankings_2026_02_23.csv
2026-02-23,126939,Khumoun Sultanov,687,48,-25.0,-139.0,UZB,27,atp_rankings_2026_02_23.csv
2026-02-23,209185,Alessandro Pecci,688,48,2.0,13.0,ITA,24,atp_rankings_2026_02_23.csv
2026-02-23,209971,Michael Bassem Sobhy,689,48,0.0,4.0,EGY,21,atp_rankings_2026_02_23.csv
2026-02-23,202346,Ben Jones,690,48,7.0,56.0,GBR,27,atp_rankings_2026_02_23.csv
2026-02-23,111505,Enzo Couacaud,691,47,0.0,3.0,FRA,30,atp_rankings_2026_02_23.csv
2026-02-23,106075,Jozef Kovalik,692,47,0.0,3.0,SVK,33,atp_rankings_2026_02_23.csv
2026-02-23,205842,Arthur Reymond,693,47,0.0,3.0,FRA,26,atp_rankings_2026_02_23.csv
2026-02-23,209904,Alejandro Manzanera Pertusa,694,47,0.0,3.0,ESP,22,atp_rankings_2026_02_23.csv
2026-02-23,211524,Abel Forger,695,47,0.0,4.0,NED,20,atp_rankings_2026_02_23.csv
2026-02-23,210295,Cooper Williams,696,46,0.0,4.0,USA,20,atp_rankings_2026_02_23.csv
2026-02-23,208819,Max Hans Rehberg,697,46,-21.0,-126.0,GER,22,atp_rankings_2026_02_23.csv
2026-02-23,208411,Daniel Antonio Nunez,698,46,0.0,4.0,CHI,24,atp_rankings_2026_02_23.csv
2026-02-23,209043,Yuta Kikuchi,699,46,-1.0,-1.0,JPN,26,atp_rankings_2026_02_23.csv
2026-02-23,210715,Yaroslav Demin,700,46,0.0,3.0,RUS,20,atp_rankings_2026_02_23.csv
2026-02-23,209247,Axel Garcian,701,46,0.0,3.0,FRA,23,atp_rankings_2026_02_23.csv
2026-02-23,210218,Bruno Fernandez,702,46,11.0,90.0,BRA,21,atp_rankings_2026_02_23.csv
2026-02-23,208265,Pierre Delage,703,46,-4.0,-24.0,FRA,25,atp_rankings_2026_02_23.csv
2026-02-23,212221,Tianhui Zhang,704,46,0.0,2.0,CHN,20,atp_rankings_2026_02_23.csv
2026-02-23,200086,Toufik Sahtali,705,46,3.0,23.0,ALG,27,atp_rankings_2026_02_23.csv
2026-02-23,210672,Leo Vithoontien,706,46,0.0,2.0,JPN,26,atp_rankings_2026_02_23.csv
2026-02-23,106378,Kyle Edmund,707,45,0.0,2.0,GBR,31,atp_rankings_2026_02_23.csv
2026-02-23,212104,Pablo Martinez Gomez,708,45,0.0,3.0,ESP,19,atp_rankings_2026_02_23.csv
2026-02-23,210744,Kaylan Bigun,709,45,0.0,3.0,USA,19,atp_rankings_2026_02_23.csv
2026-02-23,126335,Sora Fukuda,710,45,0.0,3.0,JPN,28,atp_rankings_2026_02_23.csv
2026-02-23,202154,Uisung Park,711,45,2.0,14.0,KOR,25,atp_rankings_2026_02_23.csv
2026-02-23,105700,Jose Pereira,712,45,1.0,6.0,BRA,35,atp_rankings_2026_02_23.csv
2026-02-23,212244,Gabriel Ghetu,713,45,0.0,1.0,ROU,18,atp_rankings_2026_02_23.csv
2026-02-23,209140,Millen Hurrion,714,45,-1.0,-9.0,GBR,26,atp_rankings_2026_02_23.csv
2026-02-23,212286,Rodrigo Alujas,715,45,-3.0,-23.0,MEX,23,atp_rankings_2026_02_23.csv
2026-02-23,212070,Ali Yazdani,716,45,0.0,-1.0,IRI,22,atp_rankings_2026_02_23.csv
2026-02-23,126177,Strong Kirchheimer,717,45,0.0,0.0,USA,30,atp_rankings_2026_02_23.csv
2026-02-23,211901,Yanis Ghazouani Durand,718,44,0.0,2.0,FRA,25,atp_rankings_2026_02_23.csv
2026-02-23,106234,Aslan Karatsev,719,43,0.0,2.0,RUS,32,atp_rankings_2026_02_23.csv
2026-02-23,209124,Blu Baker,720,43,0.0,2.0,GBR,24,atp_rankings_2026_02_23.csv
2026-02-23,109946,Pedro Rodrigues,721,43,0.0,2.0,BRA,19,atp_rankings_2026_02_23.csv
2026-02-23,123993,Lucas Gerch,722,43,0.0,2.0,GER,31,atp_rankings_2026_02_23.csv
2026-02-23,207535,Marlon Vankan,723,43,2.0,20.0,GER,25,atp_rankings_2026_02_23.csv
2026-02-23,207557,Maik Steiner,724,43,0.0,2.0,GER,31,atp_rankings_2026_02_23.csv
2026-02-23,104932,Kenny De Schepper,725,43,-3.0,-18.0,FRA,38,atp_rankings_2026_02_23.csv
2026-02-23,209985,Amaury Raynel,726,43,0.0,1.0,FRA,23,atp_rankings_2026_02_23.csv
2026-02-23,210537,Josip Simundza,727,43,2.0,17.0,CRO,21,atp_rankings_2026_02_23.csv
2026-02-23,202230,Maxence Bertimon,728,43,1.0,7.0,FRA,26,atp_rankings_2026_02_23.csv
2026-02-23,133820,Ignacio Monzon,729,43,0.0,0.0,ARG,28,atp_rankings_2026_02_23.csv
2026-02-23,138485,Conner Huertas Del Pino,730,42,1.0,9.0,PER,30,atp_rankings_2026_02_23.csv
2026-02-23,106227,Ji Sung Nam,731,42,0.0,0.0,KOR,32,atp_rankings_2026_02_23.csv
2026-02-23,210726,Cesar Bouchelaghem,732,42,1.0,9.0,FRA,21,atp_rankings_2026_02_23.csv
2026-02-23,207760,Anton Matusevich,733,42,-8.0,-55.0,GBR,24,atp_rankings_2026_02_23.csv
2026-02-23,210063,Matyas Cerny,734,42,0.0,-2.0,CZE,24,atp_rankings_2026_02_23.csv
2026-02-23,209163,Emile Hudd,735,42,0.0,-2.0,GBR,25,atp_rankings_2026_02_23.csv
2026-02-23,124040,Colin Sinclair,736,42,0.0,-2.0,NMI,31,atp_rankings_2026_02_23.csv
2026-02-23,211758,Matthew Summers,737,42,0.0,-1.0,GBR,27,atp_rankings_2026_02_23.csv
2026-02-23,149145,Matteo Covato,738,42,0.0,-1.0,ITA,20,atp_rankings_2026_02_23.csv
2026-02-23,211409,Guillaume Dalmasso,739,42,3.0,25.0,FRA,23,atp_rankings_2026_02_23.csv
2026-02-23,213001,Mika Petkovic,740,42,-1.0,-10.0,GER,19,atp_rankings_2026_02_23.csv
2026-02-23,209128,Diego Augusto Barreto Sanchez,741,42,1.0,6.0,ESP,23,atp_rankings_2026_02_23.csv
2026-02-23,117356,Cem Ilkel,742,41,0.0,-4.0,TUR,30,atp_rankings_2026_02_23.csv
2026-02-23,210513,Tuncay Duran,743,41,0.0,-3.0,TUR,21,atp_rankings_2026_02_23.csv
2026-02-23,209385,Samuel Vincent Ruggeri,744,41,2.0,14.0,ITA,23,atp_rankings_2026_02_23.csv
2026-02-23,126209,Peter Bertran,745,41,0.0,-3.0,DOM,29,atp_rankings_2026_02_23.csv
2026-02-23,210629,Alejandro Juan Mano,746,41,8.0,70.0,ESP,21,atp_rankings_2026_02_23.csv
2026-02-23,200632,Evan Zhu,747,41,0.0,-2.0,USA,27,atp_rankings_2026_02_23.csv
2026-02-23,109739,Maximilian Marterer,748,40,0.0,0.0,GER,30,atp_rankings_2026_02_23.csv
2026-02-23,106401,Nick Kyrgios,749,40,0.0,0.0,AUS,30,atp_rankings_2026_02_23.csv
2026-02-23,125802,Ilya Ivashka,750,40,6.0,49.0,BLR,31,atp_rankings_2026_02_23.csv
2026-02-23,209867,Daniil Ostapenkov,751,40,-4.0,-32.0,BLR,22,atp_rankings_2026_02_23.csv
2026-02-23,208078,Tomas Farjat,752,40,0.0,-2.0,ARG,25,atp_rankings_2026_02_23.csv
2026-02-23,132999,Kai Wehnelt,753,40,0.0,-1.0,GER,30,atp_rankings_2026_02_23.csv
2026-02-23,210200,Yanaki Milev,754,40,0.0,0.0,BUL,21,atp_rankings_2026_02_23.csv
2026-02-23,202148,Michiel De Krom,755,40,0.0,0.0,NED,27,atp_rankings_2026_02_23.csv
2026-02-23,212831,Samuel Heredia,756,40,1.0,9.0,COL,19,atp_rankings_2026_02_23.csv
2026-02-23,106005,Constant Lestienne,757,39,-6.0,-47.0,FRA,33,atp_rankings_2026_02_23.csv
2026-02-23,210048,Pierre Yves Bailly,758,39,0.0,-2.0,BEL,22,atp_rankings_2026_02_23.csv
2026-02-23,134794,Alexis Gautier,759,39,0.0,-2.0,FRA,28,atp_rankings_2026_02_23.csv
2026-02-23,200538,Matyas Fuele,760,39,4.0,29.0,HUN,27,atp_rankings_2026_02_23.csv
2026-02-23,212202,Alvin Nicholas Tudorica,761,39,-15.0,-109.0,CAN,24,atp_rankings_2026_02_23.csv
2026-02-23,209416,Juan Carlos Aguilar,762,39,0.0,-3.0,CAN,27,atp_rankings_2026_02_23.csv
2026-02-23,210254,Adrien Gobat,763,39,-1.0,-12.0,FRA,24,atp_rankings_2026_02_23.csv
2026-02-23,132017,Mwendwa Mbithi,764,39,1.0,6.0,USA,28,atp_rankings_2026_02_23.csv
2026-02-23,210447,Leo Raquillet,765,39,0.0,-4.0,FRA,20,atp_rankings_2026_02_23.csv
2026-02-23,208386,Matt Kuhar,766,39,0.0,-4.0,USA,29,atp_rankings_2026_02_23.csv
2026-02-23,212830,Samuel Alejandro Linde Palacios,767,39,-1.0,-14.0,COL,18,atp_rankings_2026_02_23.csv
2026-02-23,212788,Amir Omarkhanov,768,39,1.0,6.0,KAZ,18,atp_rankings_2026_02_23.csv
2026-02-23,212248,Fryderyk Lechno Wasiutynski,769,38,0.0,-2.0,POL,20,atp_rankings_2026_02_23.csv
2026-02-23,210494,Theo Papamalamis,770,38,0.0,-2.0,FRA,20,atp_rankings_2026_02_23.csv
2026-02-23,210236,Attila Boros,771,38,0.0,-2.0,HUN,22,atp_rankings_2026_02_23.csv
2026-02-23,208861,Keisuke Saitoh,772,38,0.0,-1.0,JPN,24,atp_rankings_2026_02_23.csv
2026-02-23,209164,Lorenzo Rottoli,773,38,-1.0,-13.0,ITA,24,atp_rankings_2026_02_23.csv
2026-02-23,202089,Aleksandr Braynin,774,38,-1.0,-8.0,UKR,26,atp_rankings_2026_02_23.csv
2026-02-23,212784,Maximo Zeitune,775,37,3.0,27.0,ARG,18,atp_rankings_2026_02_23.csv
2026-02-23,144915,Mikalai Haliak,776,37,-1.0,-4.0,BLR,27,atp_rankings_2026_02_23.csv
2026-02-23,207592,Martin Van Der Meerschen,777,37,3.0,28.0,BEL,25,atp_rankings_2026_02_23.csv
2026-02-23,200330,Tomas Curras Abasolo,778,37,-2.0,-15.0,ESP,25,atp_rankings_2026_02_23.csv
2026-02-23,210223,Leonardo Rossi,779,37,0.0,-3.0,ITA,23,atp_rankings_2026_02_23.csv
2026-02-23,210294,Jack Anthrop,780,36,0.0,-3.0,USA,22,atp_rankings_2026_02_23.csv
2026-02-23,211558,Karim Bennani,781,36,0.0,-3.0,MAR,18,atp_rankings_2026_02_23.csv
2026-02-23,129814,Ivan Ivanov,782,36,1.0,6.0,BUL,17,atp_rankings_2026_02_23.csv
2026-02-23,126185,Evgenii Tiurnev,783,36,4.0,36.0,RUS,28,atp_rankings_2026_02_23.csv
2026-02-23,209866,Karlis Ozolins,784,36,0.0,-5.0,LAT,23,atp_rankings_2026_02_23.csv
2026-02-23,207893,Daniel De Jonge,785,36,-2.0,-12.0,NED,26,atp_rankings_2026_02_23.csv
2026-02-23,210098,Victor Lilov,786,36,0.0,-6.0,USA,22,atp_rankings_2026_02_23.csv
2026-02-23,207788,Thanapet Chanta,787,36,0.0,-6.0,THA,26,atp_rankings_2026_02_23.csv
2026-02-23,105868,Wilson Leite,788,36,0.0,-6.0,BRA,34,atp_rankings_2026_02_23.csv
2026-02-23,213713,Melios Efstathiou,789,36,0.0,-5.0,CYP,,atp_rankings_2026_02_23.csv
2026-02-23,212455,Lucas Andrade Da Silva,790,35,0.0,-5.0,BRA,21,atp_rankings_2026_02_23.csv
2026-02-23,208267,Oscar Weightman,791,35,0.0,-5.0,GBR,24,atp_rankings_2026_02_23.csv
2026-02-23,210488,Roger Pascual Ferra,792,35,0.0,-5.0,ESP,19,atp_rankings_2026_02_23.csv
2026-02-23,144748,Kris Van Wyk,793,35,-2.0,-18.0,RSA,29,atp_rankings_2026_02_23.csv
2026-02-23,209278,Alec Beckley,794,35,0.0,-4.0,RSA,24,atp_rankings_2026_02_23.csv
2026-02-23,207134,Fitriadi M Rifqi,795,35,0.0,-4.0,INA,27,atp_rankings_2026_02_23.csv
2026-02-23,212603,Benjamin Torrealba,796,35,0.0,-3.0,CHI,20,atp_rankings_2026_02_23.csv
2026-02-23,209095,Francisco Rocha,797,35,-1.0,-14.0,POR,26,atp_rankings_2026_02_23.csv
2026-02-23,211391,Iannis Miletich,798,35,0.0,-3.0,ITA,20,atp_rankings_2026_02_23.csv
2026-02-23,121264,Oscar Jose Gutierrez,799,35,0.0,-3.0,BRA,32,atp_rankings_2026_02_23.csv
2026-02-23,106397,Wishaya Trongcharoenchaikul,800,35,0.0,-3.0,THA,30,atp_rankings_2026_02_23.csv
2026-02-23,214590,Nikita Belozertsev,801,34,0.0,-1.0,UZB,17,atp_rankings_2026_02_23.csv
2026-02-23,211479,Gustavo Ribeiro De Almeida,802,34,0.0,-1.0,BRA,19,atp_rankings_2026_02_23.csv
2026-02-23,209038,Linang Xiao,803,34,0.0,0.0,CHN,25,atp_rankings_2026_02_23.csv
2026-02-23,209330,Bautista Vilicich,804,34,0.0,0.0,ARG,24,atp_rankings_2026_02_23.csv
2026-02-23,212978,Izan Almazan Valiente,805,34,-1.0,-11.0,ESP,19,atp_rankings_2026_02_23.csv
2026-02-23,212285,Albert Pedrico Kravtsov,806,33,0.0,2.0,ESP,20,atp_rankings_2026_02_23.csv
2026-02-23,202327,Marko Miladinovic,807,33,0.0,2.0,SRB,25,atp_rankings_2026_02_23.csv
2026-02-23,207456,Dong Ju Kim,808,33,0.0,2.0,KOR,23,atp_rankings_2026_02_23.csv
2026-02-23,210203,Pedro Rodenas,809,33,0.0,2.0,ESP,21,atp_rankings_2026_02_23.csv
2026-02-23,212839,Oliver Bonding,810,33,0.0,2.0,GBR,18,atp_rankings_2026_02_23.csv
2026-02-23,117353,Duck Hee Lee,811,33,0.0,2.0,KOR,27,atp_rankings_2026_02_23.csv
2026-02-23,208094,Jorge Plans,812,33,0.0,2.0,ESP,24,atp_rankings_2026_02_23.csv
2026-02-23,212306,Ignacio Parisca,813,33,3.0,28.0,VEN,20,atp_rankings_2026_02_23.csv
2026-02-23,109694,Pedro Araujo,814,33,-1.0,-8.0,POR,23,atp_rankings_2026_02_23.csv
2026-02-23,208051,Axel Nefve,815,33,12.0,124.0,USA,25,atp_rankings_2026_02_23.csv
2026-02-23,210477,Artur Kukasian,816,33,0.0,1.0,RUS,21,atp_rankings_2026_02_23.csv
2026-02-23,210652,Dragos Nicolae Cazacu,817,33,7.0,66.0,ROU,22,atp_rankings_2026_02_23.csv
2026-02-23,202065,Petros Tsitsipas,818,32,1.0,10.0,GRE,25,atp_rankings_2026_02_23.csv
2026-02-23,212203,Luca Preda,819,32,0.0,2.0,ROU,19,atp_rankings_2026_02_23.csv
2026-02-23,209246,Alan Magadan,820,32,0.0,3.0,MEX,24,atp_rankings_2026_02_23.csv
2026-02-23,206923,Shinji Hazawa,821,32,-1.0,-6.0,JPN,26,atp_rankings_2026_02_23.csv
2026-02-23,206916,Joshua Charlton,822,32,0.0,2.0,AUS,26,atp_rankings_2026_02_23.csv
2026-02-23,208277,Taiyo Yamanaka,823,32,0.0,2.0,JPN,24,atp_rankings_2026_02_23.csv
2026-02-23,208285,Fausto Tabacco,824,32,-2.0,-17.0,ITA,23,atp_rankings_2026_02_23.csv
2026-02-23,210145,John Sperle,825,32,-1.0,-7.0,GER,24,atp_rankings_2026_02_23.csv
2026-02-23,206749,Niccolo Catini,826,32,0.0,0.0,ITA,28,atp_rankings_2026_02_23.csv
2026-02-23,209923,Romain Faucon,827,32,8.0,78.0,BEL,23,atp_rankings_2026_02_23.csv
2026-02-23,106078,Egor Gerasimov,828,31,0.0,-1.0,BLR,33,atp_rankings_2026_02_23.csv
2026-02-23,210577,Alejandro Turriziani Alvarez,829,31,1.0,10.0,ESP,23,atp_rankings_2026_02_23.csv
2026-02-23,208302,Nikola Slavic,830,31,-1.0,-10.0,SWE,25,atp_rankings_2026_02_23.csv
2026-02-23,212025,Yannik Kelm,831,31,0.0,-2.0,GER,21,atp_rankings_2026_02_23.csv
2026-02-23,210143,Maximilian Homberg,832,31,0.0,-2.0,GER,23,atp_rankings_2026_02_23.csv
2026-02-23,210424,Michel Hopp,833,31,0.0,-2.0,GER,27,atp_rankings_2026_02_23.csv
2026-02-23,210099,Dinko Dinev,834,31,-14.0,-118.0,BUL,22,atp_rankings_2026_02_23.csv
2026-02-23,208147,Alexandre Aubriot,835,31,0.0,-3.0,FRA,26,atp_rankings_2026_02_23.csv
2026-02-23,209360,Samir Hamza Reguig,836,31,0.0,-3.0,ALG,24,atp_rankings_2026_02_23.csv
2026-02-23,210242,Ryan Colby,837,30,1.0,6.0,USA,22,atp_rankings_2026_02_23.csv
2026-02-23,210328,Matt Ponchet,838,30,0.0,-2.0,FRA,21,atp_rankings_2026_02_23.csv
2026-02-23,213760,Pavel Lagutin,839,30,0.0,-2.0,RUS,20,atp_rankings_2026_02_23.csv
2026-02-23,209198,Gian Luca Tanner,840,30,0.0,-5.0,SUI,25,atp_rankings_2026_02_23.csv
2026-02-23,209099,Kristijan Juhas,841,30,0.0,-3.0,SRB,24,atp_rankings_2026_02_23.csv
2026-02-23,208372,Natan Rodrigues,842,30,10.0,104.0,BRA,24,atp_rankings_2026_02_23.csv
2026-02-23,209882,Jeffrey Von Der Schulenburg,843,30,0.0,-3.0,SUI,24,atp_rankings_2026_02_23.csv
2026-02-23,208532,Thiago Cigarran,844,30,1.0,7.0,ARG,25,atp_rankings_2026_02_23.csv
2026-02-23,211707,Amit Vales,845,30,2.0,16.0,ISR,20,atp_rankings_2026_02_23.csv
2026-02-23,106296,Gregoire Barrere,846,29,0.0,-1.0,FRA,32,atp_rankings_2026_02_23.csv
2026-02-23,207736,Arklon Huertas Del Pino,847,29,0.0,-3.0,PER,31,atp_rankings_2026_02_23.csv
2026-02-23,207407,Peter Makk,848,29,0.0,-1.0,HUN,24,atp_rankings_2026_02_23.csv
2026-02-23,200176,Manish Sureshkumar,849,29,4.0,41.0,IND,26,atp_rankings_2026_02_23.csv
2026-02-23,212288,Vincent Marysko,850,29,0.0,0.0,GER,20,atp_rankings_2026_02_23.csv
2026-02-23,202258,Rafael Izquierdo Luque,851,29,0.0,-2.0,ESP,26,atp_rankings_2026_02_23.csv
2026-02-23,208055,Ajeet Rai,852,29,-3.0,-30.0,NZL,27,atp_rankings_2026_02_23.csv
2026-02-23,211566,Patrick Schoen,853,28,0.0,0.0,SUI,20,atp_rankings_2026_02_23.csv
2026-02-23,212115,Hoyoung Roh,854,28,0.0,0.0,KOR,19,atp_rankings_2026_02_23.csv
2026-02-23,213010,Marc Van Der Merwe,855,28,0.0,0.0,RSA,31,atp_rankings_2026_02_23.csv
2026-02-23,213194,Jack Kennedy,856,28,0.0,0.0,USA,17,atp_rankings_2026_02_23.csv
2026-02-23,206921,Scott Jones,857,28,0.0,0.0,AUS,28,atp_rankings_2026_02_23.csv
2026-02-23,208166,Xiaofei Wang,858,28,0.0,0.0,CHN,23,atp_rankings_2026_02_23.csv
2026-02-23,210132,Julio Cesar Porras,859,28,-1.0,-11.0,ARG,27,atp_rankings_2026_02_23.csv
2026-02-23,208132,Noah Schachter,860,28,0.0,-1.0,USA,26,atp_rankings_2026_02_23.csv
2026-02-23,134276,Jacob Brumm,861,28,-1.0,-9.0,USA,27,atp_rankings_2026_02_23.csv
2026-02-23,208925,John Hallquist Lithen,862,28,0.0,-2.0,SWE,24,atp_rankings_2026_02_23.csv
2026-02-23,207383,Taisei Ichikawa,863,28,0.0,-1.0,JPN,25,atp_rankings_2026_02_23.csv
2026-02-23,212275,Thijs Boogaard,864,27,0.0,-1.0,NED,17,atp_rankings_2026_02_23.csv
2026-02-23,105373,Martin Klizan,865,27,-3.0,-31.0,SVK,36,atp_rankings_2026_02_23.csv
2026-02-23,210523,Luca Pow,866,27,0.0,-2.0,GBR,21,atp_rankings_2026_02_23.csv
2026-02-23,206922,Luca Wiedenmann,867,27,0.0,-2.0,GER,27,atp_rankings_2026_02_23.csv
2026-02-23,209914,Andreja Petrovic,868,27,0.0,-2.0,NOR,26,atp_rankings_2026_02_23.csv
2026-02-23,209937,Giorgio Tabacco,869,27,0.0,-2.0,ITA,22,atp_rankings_2026_02_23.csv
2026-02-23,212127,Charlie Robertson,870,27,0.0,-2.0,GBR,19,atp_rankings_2026_02_23.csv
2026-02-23,126135,Jumpei Yamasaki,871,27,0.0,-2.0,JPN,28,atp_rankings_2026_02_23.csv
2026-02-23,206556,Lautaro Agustin Falabella,872,27,0.0,-2.0,ARG,28,atp_rankings_2026_02_23.csv
2026-02-23,210623,Jakub Filip,873,27,0.0,-2.0,CZE,20,atp_rankings_2026_02_23.csv
2026-02-23,125833,Mert Naci Turker,874,27,0.0,-2.0,TUR,27,atp_rankings_2026_02_23.csv
2026-02-23,144925,Nitin Kumar Sinha,875,27,0.0,-2.0,IND,27,atp_rankings_2026_02_23.csv
2026-02-23,211708,Manuel Plunger,876,26,0.0,-2.0,ITA,23,atp_rankings_2026_02_23.csv
2026-02-23,148674,Emon Van Loben Sels,876,26,0.0,-2.0,USA,21,atp_rankings_2026_02_23.csv
2026-02-23,209928,Kalin Ivanovski,878,26,0.0,-2.0,MKD,21,atp_rankings_2026_02_23.csv
2026-02-23,104729,Ivan Nedelko,879,26,0.0,-2.0,RUS,39,atp_rankings_2026_02_23.csv
2026-02-23,200595,Lorenzo Bocchi,880,26,0.0,-2.0,ITA,28,atp_rankings_2026_02_23.csv
2026-02-23,208533,Joao Victor Couto Loureiro,881,26,0.0,-2.0,BRA,22,atp_rankings_2026_02_23.csv
2026-02-23,208806,Stefano Dagostino,882,26,0.0,-2.0,ITA,22,atp_rankings_2026_02_23.csv
2026-02-23,209253,Andrea Fiorentini,883,26,0.0,-1.0,ITA,25,atp_rankings_2026_02_23.csv
2026-02-23,202124,Kosuke Ogura,884,26,2.0,23.0,JPN,30,atp_rankings_2026_02_23.csv
2026-02-23,106423,Thanasi Kokkinakis,885,25,0.0,-1.0,AUS,29,atp_rankings_2026_02_23.csv
2026-02-23,149842,Nicolas Ian Kotzen,886,25,0.0,-1.0,USA,22,atp_rankings_2026_02_23.csv
2026-02-23,144707,Mikael Ymer,887,25,-4.0,-45.0,SWE,27,atp_rankings_2026_02_23.csv
2026-02-23,126165,Aoran Wang,888,25,0.0,-2.0,CHN,29,atp_rankings_2026_02_23.csv
2026-02-23,132310,Tiago Cacao,889,25,0.0,-2.0,POR,27,atp_rankings_2026_02_23.csv
2026-02-23,210265,Aleksandr Lobanov,890,25,0.0,-1.0,RUS,24,atp_rankings_2026_02_23.csv
2026-02-23,200671,Daisuke Sumizawa,891,25,0.0,0.0,JPN,27,atp_rankings_2026_02_23.csv
2026-02-23,212748,Anas Mazdrashki,892,25,0.0,1.0,BUL,,atp_rankings_2026_02_23.csv
2026-02-23,208264,Carles Hernandez,893,25,0.0,-1.0,ESP,24,atp_rankings_2026_02_23.csv
2026-02-23,208818,Finn Murgett,894,25,0.0,0.0,GBR,24,atp_rankings_2026_02_23.csv
2026-02-23,210252,Seydina Andre,895,25,0.0,1.0,SEN,22,atp_rankings_2026_02_23.csv
2026-02-23,200276,Niklas Schell,896,25,-1.0,-15.0,GER,27,atp_rankings_2026_02_23.csv
2026-02-23,206573,Trey Hilderbrand,897,24,0.0,0.0,USA,25,atp_rankings_2026_02_23.csv
2026-02-23,209943,Ilya Snitari,898,24,0.0,0.0,MDA,23,atp_rankings_2026_02_23.csv
2026-02-23,210553,Jacob Bradshaw,899,24,2.0,20.0,AUS,23,atp_rankings_2026_02_23.csv
2026-02-23,209905,Shunsuke Nakagawa,900,24,0.0,-1.0,JPN,25,atp_rankings_2026_02_23.csv
2026-02-23,212780,Enzo Kohlmann De Freitas,901,24,0.0,-1.0,BRA,19,atp_rankings_2026_02_23.csv
2026-02-23,208867,Tomas Luis,902,24,0.0,-1.0,POR,23,atp_rankings_2026_02_23.csv
2026-02-23,126971,Marcus Walters,903,24,0.0,-1.0,GBR,27,atp_rankings_2026_02_23.csv
2026-02-23,210052,Nicolas Zanellato,904,24,3.0,31.0,BRA,24,atp_rankings_2026_02_23.csv
2026-02-23,212171,Nicolas Jadoun,905,24,0.0,1.0,FRA,23,atp_rankings_2026_02_23.csv
2026-02-23,212733,Matthew Forbes,906,23,0.0,2.0,USA,19,atp_rankings_2026_02_23.csv
2026-02-23,213932,Theodore Dean,907,23,0.0,2.0,USA,23,atp_rankings_2026_02_23.csv
2026-02-23,106398,Pedro Cachin,908,23,-11.0,-110.0,ARG,30,atp_rankings_2026_02_23.csv
2026-02-23,209166,Calvin Mueller,909,23,0.0,1.0,GER,25,atp_rankings_2026_02_23.csv
2026-02-23,209394,Anton Shepp,910,23,0.0,1.0,NZL,23,atp_rankings_2026_02_23.csv
2026-02-23,212071,Kasra Rahmani,911,23,0.0,1.0,IRI,19,atp_rankings_2026_02_23.csv
2026-02-23,212269,Marc Majdandzic,912,23,0.0,1.0,GER,21,atp_rankings_2026_02_23.csv
2026-02-23,202125,Benjamin Pietri,913,23,0.0,1.0,FRA,29,atp_rankings_2026_02_23.csv
2026-02-23,213062,Nikolai Barsukov,914,23,0.0,1.0,GER,,atp_rankings_2026_02_23.csv
2026-02-23,200125,Mykyta Mashtakov,915,23,0.0,1.0,UKR,26,atp_rankings_2026_02_23.csv
2026-02-23,202275,Fermin Tenti,916,23,2.0,20.0,ARG,28,atp_rankings_2026_02_23.csv
2026-02-23,210554,Marko Maksimovic,917,23,-2.0,-22.0,SRB,20,atp_rankings_2026_02_23.csv
2026-02-23,208466,Evan Bynoe,918,23,1.0,9.0,USA,26,atp_rankings_2026_02_23.csv
2026-02-23,200220,Ezekiel Clark,919,23,-1.0,-15.0,USA,27,atp_rankings_2026_02_23.csv
2026-02-23,126197,Orlando Luz,920,22,0.0,-3.0,BRA,28,atp_rankings_2026_02_23.csv
2026-02-23,210531,Paul Inchauspe,921,22,0.0,-3.0,FRA,21,atp_rankings_2026_02_23.csv
2026-02-23,200598,Isaiah Strode,922,22,0.0,-2.0,USA,28,atp_rankings_2026_02_23.csv
2026-02-23,212832,Salvador Price,923,22,0.0,-2.0,COL,21,atp_rankings_2026_02_23.csv
2026-02-23,211774,Ryotaro Taguchi,924,22,0.0,-2.0,JPN,25,atp_rankings_2026_02_23.csv
2026-02-23,210483,Yaojie Zeng,925,22,0.0,-2.0,CHN,24,atp_rankings_2026_02_23.csv
2026-02-23,207404,Miles Jones,926,22,0.0,-2.0,USA,25,atp_rankings_2026_02_23.csv
2026-02-23,211649,Fernando Cavallo,927,22,0.0,-2.0,ARG,20,atp_rankings_2026_02_23.csv
2026-02-23,207676,Adan Freire Da Silva,928,22,1.0,6.0,FRA,26,atp_rankings_2026_02_23.csv
2026-02-23,212461,Daniele Rapagnetta,929,22,7.0,114.0,ITA,19,atp_rankings_2026_02_23.csv
2026-02-23,209956,Dev Javia,930,22,0.0,-4.0,IND,23,atp_rankings_2026_02_23.csv
2026-02-23,202334,Jesse Delaney,931,22,0.0,-3.0,AUS,27,atp_rankings_2026_02_23.csv
2026-02-23,208250,Mihai Razvan Marinescu,932,22,1.0,9.0,ROU,24,atp_rankings_2026_02_23.csv
2026-02-23,200441,Grigoriy Lomakin,933,22,1.0,9.0,KAZ,27,atp_rankings_2026_02_23.csv
2026-02-23,212076,Zoran Ludoski,934,21,0.0,-5.0,SRB,20,atp_rankings_2026_02_23.csv
2026-02-23,208897,Pablo Masjuan Ginel,935,21,0.0,-5.0,ESP,23,atp_rankings_2026_02_23.csv
2026-02-23,211790,Rudy Quan,936,21,0.0,-5.0,USA,20,atp_rankings_2026_02_23.csv
2026-02-23,209334,Micah Braswell,937,21,-4.0,-49.0,USA,24,atp_rankings_2026_02_23.csv
2026-02-23,212311,Stijn Paardekooper,938,21,0.0,-6.0,NED,22,atp_rankings_2026_02_23.csv
2026-02-23,131910,Lucas Bouquet,939,21,0.0,-6.0,FRA,28,atp_rankings_2026_02_23.csv
2026-02-23,126581,Juan Sebastian Osorio,940,21,2.0,23.0,COL,28,atp_rankings_2026_02_23.csv
2026-02-23,126216,Alexander Klintcharov,941,21,-3.0,-38.0,NZL,29,atp_rankings_2026_02_23.csv
2026-02-23,212259,Benjamin Thomas George,942,21,2.0,26.0,CAN,23,atp_rankings_2026_02_23.csv
2026-02-23,122294,Gabriele Maria Noce,943,21,0.0,-5.0,ITA,30,atp_rankings_2026_02_23.csv
2026-02-23,210086,Lorenzo Angelini,944,21,0.0,-4.0,ITA,19,atp_rankings_2026_02_23.csv
2026-02-23,213965,Andrew Johnson,945,20,15.0,426.0,USA,16,atp_rankings_2026_02_23.csv
2026-02-23,212958,Spencer Johnson,946,20,0.0,-3.0,USA,23,atp_rankings_2026_02_23.csv
2026-02-23,126283,Yunseong Chung,947,20,0.0,-3.0,KOR,27,atp_rankings_2026_02_23.csv
2026-02-23,212944,Ryo Tabata,948,20,0.0,-3.0,JPN,18,atp_rankings_2026_02_23.csv
2026-02-23,208229,Qian Sun,949,20,0.0,-2.0,CHN,24,atp_rankings_2026_02_23.csv
2026-02-23,208152,Gabriele Bosio,950,20,2.0,29.0,ITA,25,atp_rankings_2026_02_23.csv
2026-02-23,211564,Brian Bozemoj,950,20,0.0,-2.0,NED,22,atp_rankings_2026_02_23.csv
2026-02-23,211897,Naoya Honda,952,20,-1.0,-15.0,JPN,19,atp_rankings_2026_02_23.csv
2026-02-23,207794,Younes Lalami Laaroussi,953,20,0.0,-3.0,MAR,24,atp_rankings_2026_02_23.csv
2026-02-23,144932,Kristjan Tamm,954,20,0.0,-3.0,EST,27,atp_rankings_2026_02_23.csv
2026-02-23,111568,Michael Zhu,955,20,0.0,-1.0,USA,33,atp_rankings_2026_02_23.csv
2026-02-23,208057,Diego Fernandez Flores,956,20,0.0,-3.0,CHI,25,atp_rankings_2026_02_23.csv
2026-02-23,126536,David Pichler,957,19,0.0,-2.0,AUT,30,atp_rankings_2026_02_23.csv
2026-02-23,134087,Johannes Ingildsen,958,19,0.0,-2.0,DEN,28,atp_rankings_2026_02_23.csv
2026-02-23,210028,Ozan Baris,959,19,0.0,-2.0,USA,21,atp_rankings_2026_02_23.csv
2026-02-23,210727,Taym Al Azmeh,960,19,0.0,-2.0,GER,21,atp_rankings_2026_02_23.csv
2026-02-23,208237,Aleksa Ciric,961,19,0.0,-2.0,SRB,25,atp_rankings_2026_02_23.csv
2026-02-23,211355,Oskar Brostrom Poulsen,962,19,0.0,-2.0,DEN,24,atp_rankings_2026_02_23.csv
2026-02-23,,Jea Moon Lee,963,19,0.0,-2.0,,,atp_rankings_2026_02_23.csv
2026-02-23,209171,Thantub Suksumrarn,964,19,0.0,-2.0,THA,24,atp_rankings_2026_02_23.csv
2026-02-23,210429,Pietro Romeo Scomparin,965,19,0.0,-1.0,ITA,24,atp_rankings_2026_02_23.csv
2026-02-23,202077,Ewen Lumsden,966,19,-1.0,-17.0,GBR,26,atp_rankings_2026_02_23.csv
2026-02-23,202419,Justin Schlageter,967,19,0.0,-2.0,GER,24,atp_rankings_2026_02_23.csv
2026-02-23,210535,Maxim Shin,968,19,0.0,-2.0,UZB,22,atp_rankings_2026_02_23.csv
2026-02-23,207183,Ishaque Eqbal,969,19,0.0,-2.0,IND,28,atp_rankings_2026_02_23.csv
2026-02-23,212816,Lucca Helguera Casado,970,19,2.0,35.0,ESP,20,atp_rankings_2026_02_23.csv
2026-02-23,210047,Lorenzo Lorusso,971,19,1.0,12.0,ITA,26,atp_rankings_2026_02_23.csv
2026-02-23,209233,Pietro Marino,972,19,-1.0,-20.0,ITA,24,atp_rankings_2026_02_23.csv
2026-02-23,104905,Nicolas Barrientos,973,18,0.0,-4.0,COL,38,atp_rankings_2026_02_23.csv
2026-02-23,211585,Alex Kuperstein,974,18,0.0,-4.0,USA,27,atp_rankings_2026_02_23.csv
2026-02-23,213677,Dante Pagani,975,18,0.0,-4.0,ARG,,atp_rankings_2026_02_23.csv
2026-02-23,206746,Benjamin Winter Lopez,976,18,0.0,-4.0,ESP,27,atp_rankings_2026_02_23.csv
2026-02-23,106167,Joris De Loore,977,18,0.0,-4.0,BEL,32,atp_rankings_2026_02_23.csv
2026-02-23,212308,Markus Malaszszak,978,18,0.0,-4.0,GER,21,atp_rankings_2026_02_23.csv
2026-02-23,211646,Louis Larue,979,18,0.0,-4.0,FRA,21,atp_rankings_2026_02_23.csv
2026-02-23,133014,Enzo Wallart,980,18,1.0,19.0,FRA,29,atp_rankings_2026_02_23.csv
2026-02-23,200418,Karl Friberg,981,18,0.0,-5.0,SWE,26,atp_rankings_2026_02_23.csv
2026-02-23,209997,Marcello Serafini,982,18,0.0,-4.0,ITA,23,atp_rankings_2026_02_23.csv
2026-02-23,208003,Bekkhan Atlangeriev,983,18,0.0,-6.0,RUS,24,atp_rankings_2026_02_23.csv
2026-02-23,208613,Ezequiel Monferrer,984,18,0.0,-4.0,ARG,22,atp_rankings_2026_02_23.csv
2026-02-23,202369,Daniel Salazar Martinez,985,18,0.0,-4.0,COL,24,atp_rankings_2026_02_23.csv
2026-02-23,202244,Jeremy Gschwendtner,986,18,0.0,-2.0,GBR,27,atp_rankings_2026_02_23.csv
2026-02-23,211700,Ruslan Tiukaev,987,18,1.0,20.0,RUS,20,atp_rankings_2026_02_23.csv
2026-02-23,210507,Nicolas Villalon,988,18,0.0,-3.0,CHI,22,atp_rankings_2026_02_23.csv
2026-02-23,212949,Ziga Sesko,989,17,0.0,-3.0,SLO,17,atp_rankings_2026_02_23.csv
2026-02-23,212926,Andrew Delgado,990,17,0.0,-3.0,USA,20,atp_rankings_2026_02_23.csv
2026-02-23,211674,Kuang Qing Xu,991,17,0.0,-3.0,CHN,19,atp_rankings_2026_02_23.csv
2026-02-23,207595,Mateo Barreiros Reyes,992,17,0.0,-3.0,BRA,25,atp_rankings_2026_02_23.csv
2026-02-23,209064,Suk Hyun Choo,993,17,0.0,-3.0,KOR,24,atp_rankings_2026_02_23.csv
2026-02-23,148673,Dominique Rolland,994,17,0.0,-3.0,USA,21,atp_rankings_2026_02_23.csv
2026-02-23,212405,Gavin Young,995,17,0.0,-2.0,USA,23,atp_rankings_2026_02_23.csv
2026-02-23,208262,Alejo Lorenzo Lingua Lavallen,996,17,0.0,-2.0,ARG,24,atp_rankings_2026_02_23.csv
2026-02-23,200331,Leonardo Aboian,997,17,0.0,-2.0,ARG,27,atp_rankings_2026_02_23.csv
2026-02-23,212059,Zach Stephens,998,17,0.0,-1.0,GBR,19,atp_rankings_2026_02_23.csv
2026-02-23,213059,Carles Cordoba,999,17,0.0,-1.0,ESP,20,atp_rankings_2026_02_23.csv
2026-02-23,212478,William Rejchtman Vinciguerra,999,17,0.0,-3.0,SWE,19,atp_rankings_2026_02_23.csv
2026-02-23,210683,Peter Buldorini,1001,17,0.0,-1.0,ITA,21,atp_rankings_2026_02_23.csv
2026-02-23,211658,Tomas Martinez,1002,17,0.0,-1.0,ARG,22,atp_rankings_2026_02_23.csv
2026-02-23,212199,Tymur Bieldiugin,1003,17,0.0,-1.0,UKR,20,atp_rankings_2026_02_23.csv
2026-02-23,132374,Jesse Flores,1004,17,0.0,-1.0,CRC,30,atp_rankings_2026_02_23.csv
2026-02-23,210003,Chirag Duhan,1005,17,0.0,-1.0,IND,22,atp_rankings_2026_02_23.csv
2026-02-23,212888,Rares Teodor Pieleanu,1006,17,0.0,0.0,ROU,19,atp_rankings_2026_02_23.csv
2026-02-23,211317,Chen Dong,1007,17,0.0,1.0,AUS,23,atp_rankings_2026_02_23.csv
2026-02-23,208401,Giannicola Misasi,1008,17,0.0,1.0,ITA,25,atp_rankings_2026_02_23.csv
2026-02-23,213987,Vignesh Gogineni,1009,16,0.0,1.0,USA,,atp_rankings_2026_02_23.csv
2026-02-23,211664,Nicolas Oliveira,1010,16,0.0,1.0,BRA,19,atp_rankings_2026_02_23.csv
2026-02-23,202342,Ryan Seggerman,1011,16,0.0,1.0,USA,26,atp_rankings_2026_02_23.csv
2026-02-23,106288,Mathias Bourgue,1012,16,-1.0,-21.0,FRA,32,atp_rankings_2026_02_23.csv
2026-02-23,211675,Keegan Rice,1013,16,0.0,0.0,CAN,19,atp_rankings_2026_02_23.csv
2026-02-23,127087,Dominik Recek,1014,16,0.0,0.0,CZE,31,atp_rankings_2026_02_23.csv
2026-02-23,207682,Lorenzo Gagliardo,1015,16,0.0,0.0,ITA,25,atp_rankings_2026_02_23.csv
2026-02-23,212310,Pepijn Bastiaansen,1016,16,0.0,0.0,NED,20,atp_rankings_2026_02_23.csv
2026-02-23,106348,Evgeny Karlovskiy,1017,16,-13.0,-171.0,RUS,31,atp_rankings_2026_02_23.csv
2026-02-23,111569,Gage Brymer,1018,16,0.0,-1.0,USA,31,atp_rankings_2026_02_23.csv
2026-02-23,208467,Alexander Kotzen,1019,16,0.0,0.0,USA,25,atp_rankings_2026_02_23.csv
2026-02-23,208320,Christopher Li,1020,16,0.0,-2.0,PER,22,atp_rankings_2026_02_23.csv
2026-02-23,208653,Isaac Becroft,1021,16,0.0,0.0,NZL,25,atp_rankings_2026_02_23.csv
2026-02-23,213014,Simeon Stankovic,1022,16,0.0,0.0,SRB,,atp_rankings_2026_02_23.csv
2026-02-23,213143,Sydney Zick,1023,16,0.0,0.0,GER,19,atp_rankings_2026_02_23.csv
2026-02-23,200050,Finn Bass,1024,16,-2.0,-42.0,GBR,26,atp_rankings_2026_02_23.csv
2026-02-23,206600,Zura Tkemaladze,1025,16,0.0,-1.0,GEO,25,atp_rankings_2026_02_23.csv
2026-02-23,208844,Keshav Chopra,1026,16,0.0,-1.0,USA,24,atp_rankings_2026_02_23.csv
2026-02-23,212552,Nicolas Ifi,1027,16,0.0,-1.0,BEL,27,atp_rankings_2026_02_23.csv
2026-02-23,210409,Pavlos Tsitsipas,1028,16,0.0,-1.0,GRE,20,atp_rankings_2026_02_23.csv
2026-02-23,211651,Alexander Vasilev,1029,15,0.0,-1.0,BUL,18,atp_rankings_2026_02_23.csv
2026-02-23,106214,Oscar Otte,1030,15,0.0,-1.0,GER,32,atp_rankings_2026_02_23.csv
2026-02-23,202361,Simon Reveniau,1031,15,0.0,-1.0,FRA,27,atp_rankings_2026_02_23.csv
2026-02-23,213360,Niels Mcdonald,1032,15,2.0,34.0,GER,18,atp_rankings_2026_02_23.csv
2026-02-23,210091,Filip Pieczonka,1033,15,0.0,-2.0,POL,21,atp_rankings_2026_02_23.csv
2026-02-23,212235,Noah Zamora,1033,15,0.0,-2.0,USA,22,atp_rankings_2026_02_23.csv
2026-02-23,211394,Patrick Brady,1035,15,0.0,-2.0,GBR,21,atp_rankings_2026_02_23.csv
2026-02-23,,Gilbert Klier Junior,1036,15,0.0,-2.0,,,atp_rankings_2026_02_23.csv
2026-02-23,124001,Gergely Madarasz,1037,15,0.0,-2.0,HUN,31,atp_rankings_2026_02_23.csv
2026-02-23,126878,David Poljak,1038,15,-1.0,-18.0,CZE,29,atp_rankings_2026_02_23.csv
2026-02-23,105332,Benoit Paire,1039,15,0.0,-3.0,FRA,36,atp_rankings_2026_02_23.csv
2026-02-23,212852,Kacper Szymkowiak,1040,15,0.0,-3.0,POL,21,atp_rankings_2026_02_23.csv
2026-02-23,212086,Grigory Shebekin,1041,15,1.0,13.0,RUS,20,atp_rankings_2026_02_23.csv
2026-02-23,208130,Geun Jun Kim,1042,15,1.0,13.0,KOR,24,atp_rankings_2026_02_23.csv
2026-02-23,212530,Mikael Arseneault,1043,15,0.0,-5.0,CAN,19,atp_rankings_2026_02_23.csv
2026-02-23,134405,Koray Kirci,1044,15,0.0,-5.0,TUR,27,atp_rankings_2026_02_23.csv
2026-02-23,212639,Yuto Oki,1045,15,0.0,-5.0,JPN,,atp_rankings_2026_02_23.csv
2026-02-23,208160,Sam Ryan Ziegann,1046,15,0.0,-4.0,AUS,27,atp_rankings_2026_02_23.csv
2026-02-23,212574,Egor Pleshivtsev,1047,15,0.0,-6.0,RUS,,atp_rankings_2026_02_23.csv
2026-02-23,210456,Karim Ibrahim,1048,15,0.0,-4.0,EGY,22,atp_rankings_2026_02_23.csv
2026-02-23,212022,Daniil Sarksian,1049,15,0.0,-4.0,RUS,19,atp_rankings_2026_02_23.csv
2026-02-23,210157,Dylan Dietrich,1050,14,0.0,-4.0,SUI,21,atp_rankings_2026_02_23.csv
2026-02-23,211484,Jangjun Kim,1051,14,0.0,-4.0,KOR,19,atp_rankings_2026_02_23.csv
2026-02-23,214018,Jamie Mackenzie,1052,14,0.0,-4.0,GER,,atp_rankings_2026_02_23.csv
2026-02-23,207649,Savriyan Danilov,1053,14,0.0,-4.0,RUS,25,atp_rankings_2026_02_23.csv
2026-02-23,213806,Kriish Tyagi,1054,14,0.0,-4.0,IND,18,atp_rankings_2026_02_23.csv
2026-02-23,133880,Thomas Deschamps,1055,14,0.0,-4.0,FRA,27,atp_rankings_2026_02_23.csv
2026-02-23,213619,Oskari Paldanius,1055,14,0.0,-4.0,FIN,,atp_rankings_2026_02_23.csv
2026-02-23,206216,Tom Zeuch,1057,14,0.0,-4.0,GER,26,atp_rankings_2026_02_23.csv
2026-02-23,213969,Joao Vitor Scramin Do Lago,1058,14,0.0,-2.0,BRA,19,atp_rankings_2026_02_23.csv
2026-02-23,207331,Vladislav Melnic,1059,14,0.0,-2.0,ROU,26,atp_rankings_2026_02_23.csv
2026-02-23,213046,Pieter De Lange,1060,14,0.0,-2.0,NED,,atp_rankings_2026_02_23.csv
2026-02-23,209889,Thomas Braithwaite,1061,14,0.0,-2.0,AUS,26,atp_rankings_2026_02_23.csv
2026-02-23,212284,Pengyu Lu,1062,14,0.0,-2.0,CHN,24,atp_rankings_2026_02_23.csv
2026-02-23,210436,Hayden Jones,1063,14,0.0,-2.0,AUS,19,atp_rankings_2026_02_23.csv
2026-02-23,145008,Hugo Pierre,1064,14,1.0,19.0,FRA,29,atp_rankings_2026_02_23.csv
2026-02-23,211323,Jacopo Bilardo,1065,14,0.0,-2.0,ITA,21,atp_rankings_2026_02_23.csv
2026-02-23,202220,Nicolas Bruna,1066,14,0.0,-4.0,CHI,27,atp_rankings_2026_02_23.csv
2026-02-23,210038,Matias Ponce De Leon Gomila,1067,13,0.0,-3.0,ESP,22,atp_rankings_2026_02_23.csv
2026-02-23,105359,Jason Jung,1068,13,0.0,-3.0,TPE,36,atp_rankings_2026_02_23.csv
2026-02-23,212892,Vlado Jankanj,1069,13,0.0,0.0,SRB,,atp_rankings_2026_02_23.csv
2026-02-23,212174,Enzo Aguiard,1070,13,0.0,-2.0,AUS,23,atp_rankings_2026_02_23.csv
2026-02-23,210274,Sebastian Dominko,1071,13,0.0,-1.0,SLO,22,atp_rankings_2026_02_23.csv
2026-02-23,126953,Chan Yeong Oh,1072,13,0.0,-1.0,KOR,27,atp_rankings_2026_02_23.csv
2026-02-23,208424,Julian Cundom,1073,13,0.0,-1.0,ARG,24,atp_rankings_2026_02_23.csv
2026-02-23,212481,Federico Aguilar Cardozo,1074,13,0.0,0.0,URU,20,atp_rankings_2026_02_23.csv
2026-02-23,212142,Maxwell Exsted,1074,13,0.0,-1.0,USA,18,atp_rankings_2026_02_23.csv
2026-02-23,200289,Mathieu Scaglia,1076,13,0.0,-1.0,FRA,27,atp_rankings_2026_02_23.csv
2026-02-23,210166,Mika Lipp,1077,13,0.0,0.0,GER,22,atp_rankings_2026_02_23.csv
2026-02-23,144937,Nicolas Parizzia,1078,13,0.0,-2.0,SUI,27,atp_rankings_2026_02_23.csv
2026-02-23,212295,Enzo Camargo Lima,1079,13,0.0,-1.0,BRA,22,atp_rankings_2026_02_23.csv
2026-02-23,213591,Billy Suarez,1080,13,0.0,-1.0,USA,,atp_rankings_2026_02_23.csv
2026-02-23,202106,Juan Bautista Otegui,1081,13,0.0,1.0,ARG,27,atp_rankings_2026_02_23.csv
2026-02-23,202305,Franco Ribero,1082,13,0.0,2.0,ARG,26,atp_rankings_2026_02_23.csv
2026-02-23,212725,Alaa Trifi,1083,13,1.0,34.0,TUN,19,atp_rankings_2026_02_23.csv
2026-02-23,210745,Matthias Ujvary,1084,13,0.0,1.0,AUT,21,atp_rankings_2026_02_23.csv
2026-02-23,144730,Tomohiro Masabayashi,1085,13,0.0,1.0,JPN,27,atp_rankings_2026_02_23.csv
2026-02-23,104810,Zhe Li,1086,12,0.0,1.0,CHN,39,atp_rankings_2026_02_23.csv
2026-02-23,209280,Devin Badenhorst,1087,12,0.0,1.0,RSA,21,atp_rankings_2026_02_23.csv
2026-02-23,209917,Benito Sanchez Martinez,1088,12,0.0,1.0,GER,23,atp_rankings_2026_02_23.csv
2026-02-23,149115,Adam Jilly,1089,12,0.0,1.0,HUN,19,atp_rankings_2026_02_23.csv
2026-02-23,208485,Kiranpal Pannu,1090,12,-1.0,-23.0,NZL,29,atp_rankings_2026_02_23.csv
2026-02-23,200456,Martin Borisiouk,1091,12,0.0,1.0,BLR,25,atp_rankings_2026_02_23.csv
2026-02-23,212930,Mario Martinez Serrano,1092,12,0.0,1.0,ESP,21,atp_rankings_2026_02_23.csv
2026-02-23,212885,Cezar Gabriel Papoe,1093,12,0.0,1.0,ROU,18,atp_rankings_2026_02_23.csv
2026-02-23,210185,Alen Mujakic,1094,12,0.0,2.0,GER,22,atp_rankings_2026_02_23.csv
2026-02-23,210736,Shu Matsuoka,1095,12,0.0,0.0,JPN,22,atp_rankings_2026_02_23.csv
2026-02-23,106249,Joao Domingues,1096,12,3.0,98.0,POR,32,atp_rankings_2026_02_23.csv
2026-02-23,211329,James Van Herzeele,1097,12,0.0,0.0,THA,,atp_rankings_2026_02_23.csv
2026-02-23,213210,Maan Kesharwani,1098,12,0.0,0.0,IND,,atp_rankings_2026_02_23.csv
2026-02-23,212149,Nikola Djosic,1099,12,0.0,-1.0,SUI,18,atp_rankings_2026_02_23.csv
2026-02-23,202090,Adrian Andreev,1100,12,0.0,0.0,BUL,24,atp_rankings_2026_02_23.csv
2026-02-23,211491,Robert Guna,1101,12,0.0,4.0,ROU,20,atp_rankings_2026_02_23.csv
2026-02-23,208908,Rafael De Alba,1102,12,0.0,-1.0,MEX,,atp_rankings_2026_02_23.csv
2026-02-23,210155,Jasza Szajrych,1103,12,0.0,4.0,POL,23,atp_rankings_2026_02_23.csv
2026-02-23,209921,Ali Habib,1104,12,0.0,-2.0,GBR,23,atp_rankings_2026_02_23.csv
2026-02-23,208249,Gian Marco Ortenzi,1105,12,0.0,-2.0,ITA,26,atp_rankings_2026_02_23.csv
2026-02-23,207343,Hanyi Liu,1106,12,0.0,-2.0,CHN,24,atp_rankings_2026_02_23.csv
2026-02-23,206782,Demetris Azoides,1107,12,0.0,-2.0,GRE,25,atp_rankings_2026_02_23.csv
2026-02-23,202293,Charles Bertimon,1108,12,1.0,31.0,FRA,26,atp_rankings_2026_02_23.csv
2026-02-23,210182,Mateo Del Pino,1108,12,0.0,1.0,ARG,22,atp_rankings_2026_02_23.csv
2026-02-23,205825,Joao Vitor Goncalves Ceolin,1110,12,0.0,-2.0,BRA,26,atp_rankings_2026_02_23.csv
2026-02-23,212871,Piet Luis Pinter,1111,12,-1.0,-32.0,AUT,20,atp_rankings_2026_02_23.csv
2026-02-23,207864,Noel Larwig,1112,12,-1.0,-31.0,GER,24,atp_rankings_2026_02_23.csv
2026-02-23,205831,Ammar Alhogbani,1113,12,0.0,-4.0,USA,27,atp_rankings_2026_02_23.csv
2026-02-23,200166,Stefan Vujic,1114,12,0.0,-3.0,AUS,27,atp_rankings_2026_02_23.csv
2026-02-23,211480,Aleksander Chayka,1115,12,0.0,-3.0,RUS,21,atp_rankings_2026_02_23.csv
2026-02-23,212726,Sungbeen Sim,1116,12,0.0,-3.0,KOR,28,atp_rankings_2026_02_23.csv
2026-02-23,132054,Nathan Ponwith,1117,12,0.0,-1.0,USA,27,atp_rankings_2026_02_23.csv
2026-02-23,200197,Boris Butulija,1118,12,0.0,-4.0,SRB,27,atp_rankings_2026_02_23.csv
2026-02-23,211761,Valentin Basel,1119,12,0.0,-4.0,ARG,21,atp_rankings_2026_02_23.csv
2026-02-23,211676,Saveliy Ivanov,1120,12,0.0,-2.0,RUS,21,atp_rankings_2026_02_23.csv
2026-02-23,209852,Zsombor Velcz,1121,11,0.0,-2.0,HUN,23,atp_rankings_2026_02_23.csv
2026-02-23,106425,Blake Mott,1122,11,-1.0,-31.0,AUS,29,atp_rankings_2026_02_23.csv
2026-02-23,214206,Thiago Agustin Pernas,1123,11,0.0,-3.0,ARG,24,atp_rankings_2026_02_23.csv
2026-02-23,212110,Mathis Bondaz,1124,11,0.0,-3.0,FRA,,atp_rankings_2026_02_23.csv
2026-02-23,209115,Oliver Okonkwo,1125,11,0.0,-3.0,GBR,25,atp_rankings_2026_02_23.csv
2026-02-23,210002,Rohan Mehra,1126,11,0.0,-3.0,IND,23,atp_rankings_2026_02_23.csv
2026-02-23,207172,Connor Thomson,1126,11,0.0,-3.0,GBR,25,atp_rankings_2026_02_23.csv
2026-02-23,144927,Siddharth Vishwakarma,1128,11,0.0,-3.0,IND,31,atp_rankings_2026_02_23.csv
2026-02-23,210705,Matt Hulme,1129,11,0.0,-2.0,AUS,27,atp_rankings_2026_02_23.csv
2026-02-23,207927,Thando Longwe Smit,1129,11,0.0,-2.0,RSA,24,atp_rankings_2026_02_23.csv
2026-02-23,212820,Martin Sabas,1131,11,0.0,-6.0,FRA,24,atp_rankings_2026_02_23.csv
2026-02-23,211497,Rocco Piatti,1132,11,0.0,-3.0,MON,21,atp_rankings_2026_02_23.csv
2026-02-23,211610,Andreas Timini,1133,11,0.0,-3.0,CYP,19,atp_rankings_2026_02_23.csv
2026-02-23,136648,Jefferson Wendler Filho,1134,11,0.0,-3.0,BRA,30,atp_rankings_2026_02_23.csv
2026-02-23,212834,Nicolas Garcia Longo,1135,11,0.0,-1.0,ARG,20,atp_rankings_2026_02_23.csv
2026-02-23,106175,Ricardo Rodriguez,1135,11,0.0,-1.0,VEN,32,atp_rankings_2026_02_23.csv
2026-02-23,200024,Makoto Ochi,1137,11,0.0,-1.0,JPN,29,atp_rankings_2026_02_23.csv
2026-02-23,209203,Evgeny Philippov,1138,11,0.0,-1.0,RUS,24,atp_rankings_2026_02_23.csv
2026-02-23,202190,Gregor Ramskogler,1138,11,0.0,-1.0,AUT,27,atp_rankings_2026_02_23.csv
2026-02-23,211411,Tyler Stice,1140,11,0.0,0.0,USA,25,atp_rankings_2026_02_23.csv
2026-02-23,212246,Volodymyr Iakubenko,1141,11,0.0,0.0,UKR,20,atp_rankings_2026_02_23.csv
2026-02-23,212084,Denis Petak,1142,11,0.0,0.0,CZE,19,atp_rankings_2026_02_23.csv
2026-02-23,124099,Mohamed Nazim Makhlouf,1143,11,0.0,0.0,ALG,29,atp_rankings_2026_02_23.csv
2026-02-23,210684,Niccolo Ciavarella,1144,11,0.0,0.0,ITA,21,atp_rankings_2026_02_23.csv
2026-02-23,210455,Noah Perfetti,1145,11,0.0,0.0,ITA,24,atp_rankings_2026_02_23.csv
2026-02-23,208581,Noah Thurner,1146,11,0.0,0.0,GER,26,atp_rankings_2026_02_23.csv
2026-02-23,105334,Luis David Martinez,1147,10,0.0,0.0,VEN,36,atp_rankings_2026_02_23.csv
2026-02-23,212276,Stian Klaassen,1148,10,0.0,0.0,NED,22,atp_rankings_2026_02_23.csv
2026-02-23,208151,Filippo Speziali,1148,10,0.0,0.0,ITA,25,atp_rankings_2026_02_23.csv
2026-02-23,213977,Cosme Rolland De Ravel,1150,10,0.0,0.0,FRA,21,atp_rankings_2026_02_23.csv
2026-02-23,212218,Rohan  Murali,1151,10,0.0,0.0,USA,21,atp_rankings_2026_02_23.csv
2026-02-23,207996,Siddhant Banthia,1152,10,0.0,0.0,IND,25,atp_rankings_2026_02_23.csv
2026-02-23,210759,Gianluca Brunkow,1153,10,0.0,0.0,USA,23,atp_rankings_2026_02_23.csv
2026-02-23,213802,Mustafa Ege Sik,1154,10,0.0,0.0,TUR,16,atp_rankings_2026_02_23.csv
2026-02-23,212857,Cooper Woestendick,1154,10,0.0,0.0,USA,19,atp_rankings_2026_02_23.csv
2026-02-23,212300,Sasha Rozin,1156,10,0.0,0.0,CAN,20,atp_rankings_2026_02_23.csv
2026-02-23,200457,Jannik Opitz,1157,10,0.0,0.0,GER,27,atp_rankings_2026_02_23.csv
2026-02-23,105731,Steven Diez,1158,10,0.0,0.0,CAN,34,atp_rankings_2026_02_23.csv
2026-02-23,213174,Mickael Kaouk,1159,10,7.0,429.0,FRA,,atp_rankings_2026_02_23.csv
2026-02-23,213603,Joaquin Guilleme,1160,10,0.0,-1.0,NIC,,atp_rankings_2026_02_23.csv
2026-02-23,133291,Ryota Tanuma,1161,10,0.0,-1.0,JPN,30,atp_rankings_2026_02_23.csv
2026-02-23,208216,Alberto Bronzetti,1162,10,0.0,-1.0,ITA,27,atp_rankings_2026_02_23.csv
2026-02-23,209516,Valentin Lapalu,1163,10,0.0,-1.0,FRA,23,atp_rankings_2026_02_23.csv
2026-02-23,210514,Edison Ambarzumjan,1164,10,0.0,0.0,GER,29,atp_rankings_2026_02_23.csv
2026-02-23,213007,Tristan Stringer,1165,10,0.0,-1.0,USA,20,atp_rankings_2026_02_23.csv
2026-02-23,117352,Oliver Anderson,1166,10,0.0,2.0,AUS,27,atp_rankings_2026_02_23.csv
2026-02-23,212649,Seung Woo Cho,1166,10,0.0,-3.0,KOR,27,atp_rankings_2026_02_23.csv
2026-02-23,210742,Phillip Jordan,1168,10,0.0,-2.0,USA,25,atp_rankings_2026_02_23.csv
2026-02-23,209999,Leonardo Malgaroli,1168,10,0.0,-2.0,ITA,23,atp_rankings_2026_02_23.csv
2026-02-23,110751,Sebastian Fanselow,1170,10,0.0,0.0,GER,34,atp_rankings_2026_02_23.csv
2026-02-23,208873,Nikola Basic,1171,10,-1.0,-39.0,CRO,24,atp_rankings_2026_02_23.csv
2026-02-23,210163,Elgin Khoeblal,1172,10,-1.0,-39.0,NED,24,atp_rankings_2026_02_23.csv
2026-02-23,212533,Markus Molder,1173,10,0.0,-4.0,EST,20,atp_rankings_2026_02_23.csv
2026-02-23,212263,Xing Dao Chen,1174,10,0.0,-3.0,CHN,22,atp_rankings_2026_02_23.csv
2026-02-23,209118,Niklas Waldner,1175,10,0.0,-1.0,AUT,24,atp_rankings_2026_02_23.csv
2026-02-23,211904,Maximilian Figl,1176,10,0.0,0.0,ITA,21,atp_rankings_2026_02_23.csv
2026-02-23,212183,Yuquan Jin,1177,10,0.0,-2.0,CHN,25,atp_rankings_2026_02_23.csv
2026-02-23,106132,Toby Martin,1178,10,0.0,0.0,GBR,33,atp_rankings_2026_02_23.csv
2026-02-23,212616,Yuta Tomida,1179,10,0.0,-2.0,JPN,19,atp_rankings_2026_02_23.csv
2026-02-23,208186,Preston Brown,1180,10,0.0,0.0,USA,24,atp_rankings_2026_02_23.csv
2026-02-23,126149,Gianluca Mager,1181,9,0.0,0.0,ITA,31,atp_rankings_2026_02_23.csv
2026-02-23,210613,Derek Pham,1182,9,0.0,0.0,AUS,21,atp_rankings_2026_02_23.csv
2026-02-23,210691,Joshua Lapadat,1183,9,0.0,0.0,CAN,23,atp_rankings_2026_02_23.csv
2026-02-23,213956,Andrej Loncarevic,1184,9,0.0,0.0,FRA,20,atp_rankings_2026_02_23.csv
2026-02-23,149277,Andrea Meduri,1185,9,0.0,0.0,ITA,20,atp_rankings_2026_02_23.csv
2026-02-23,105633,Mohamed Safwat,1185,9,0.0,0.0,EGY,35,atp_rankings_2026_02_23.csv
2026-02-23,126120,Nino Serdarusic,1187,9,0.0,0.0,CRO,29,atp_rankings_2026_02_23.csv
2026-02-23,106368,Ramkumar Ramanathan,1188,9,0.0,0.0,IND,31,atp_rankings_2026_02_23.csv
2026-02-23,209060,Alexander Bernard,1189,9,0.0,1.0,USA,22,atp_rankings_2026_02_23.csv
2026-02-23,149272,Tudor Batin,1190,9,0.0,1.0,ROU,19,atp_rankings_2026_02_23.csv
2026-02-23,211655,Julian  Alonso,1191,9,0.0,1.0,ESP,21,atp_rankings_2026_02_23.csv
2026-02-23,213580,Leonardo Primucci,1192,9,0.0,1.0,ITA,,atp_rankings_2026_02_23.csv
2026-02-23,210039,Orel Kimhi,1193,9,0.0,2.0,ISR,22,atp_rankings_2026_02_23.csv
2026-02-23,210198,George Lazarov,1194,9,0.0,2.0,BUL,20,atp_rankings_2026_02_23.csv
2026-02-23,104986,Vishnu Vardhan,1195,9,0.0,2.0,IND,38,atp_rankings_2026_02_23.csv
2026-02-23,207452,Matthew Thomson,1196,9,0.0,2.0,USA,25,atp_rankings_2026_02_23.csv
2026-02-23,200474,Ivan Denisov,1197,9,0.0,4.0,RUS,25,atp_rankings_2026_02_23.csv
2026-02-23,209955,Mikail Alimli,1198,9,0.0,2.0,FRA,22,atp_rankings_2026_02_23.csv
2026-02-23,210754,Jan Hrazdil,1199,9,0.0,0.0,CZE,20,atp_rankings_2026_02_23.csv
2026-02-23,208039,Ronald Hohmann,1200,9,0.0,2.0,USA,24,atp_rankings_2026_02_23.csv
2026-02-23,211334,Aljaz Jeran,1201,9,0.0,2.0,SLO,22,atp_rankings_2026_02_23.csv
2026-02-23,213103,Viktor Frydrych,1202,9,0.0,2.0,GBR,,atp_rankings_2026_02_23.csv
2026-02-23,210532,Giacomo Crisostomo,1203,9,0.0,2.0,ITA,22,atp_rankings_2026_02_23.csv
2026-02-23,144788,Louis Tessa,1204,9,-1.0,-31.0,FRA,27,atp_rankings_2026_02_23.csv
2026-02-23,212972,Andrea De Marchi,1205,9,0.0,1.0,ITA,19,atp_rankings_2026_02_23.csv
2026-02-23,212134,Maxence Rivet,1206,9,0.0,1.0,FRA,22,atp_rankings_2026_02_23.csv
2026-02-23,202081,Diogo Marques,1207,9,-1.0,-28.0,POR,26,atp_rankings_2026_02_23.csv
2026-02-23,208864,Leyton Rivera,1207,9,0.0,1.0,NOR,24,atp_rankings_2026_02_23.csv
2026-02-23,144672,Duarte Vale,1209,8,0.0,0.0,POR,27,atp_rankings_2026_02_23.csv
2026-02-23,208370,Keenan Mayo,1210,8,0.0,0.0,USA,25,atp_rankings_2026_02_23.csv
2026-02-23,210323,Luis Felipe Miguel,1211,8,0.0,0.0,BRA,21,atp_rankings_2026_02_23.csv
2026-02-23,133835,Gijs Brouwer,1212,8,6.0,476.0,NED,29,atp_rankings_2026_02_23.csv
2026-02-23,210645,Ofek Shimanov,1213,8,0.0,-1.0,ISR,20,atp_rankings_2026_02_23.csv
2026-02-23,207340,Daniel Paty,1214,8,-1.0,-25.0,CZE,26,atp_rankings_2026_02_23.csv
2026-02-23,134384,Sebastian Prechtel,1215,8,0.0,1.0,GER,29,atp_rankings_2026_02_23.csv
2026-02-23,212064,Duje Markovina,1216,8,0.0,-1.0,CRO,18,atp_rankings_2026_02_23.csv
2026-02-23,202247,Simon Beaupain,1217,8,0.0,0.0,BEL,26,atp_rankings_2026_02_23.csv
2026-02-23,213825,Keaton Hance,1217,8,0.0,-3.0,USA,17,atp_rankings_2026_02_23.csv
2026-02-23,130493,Tiago Silva,1219,8,0.0,-1.0,POR,21,atp_rankings_2026_02_23.csv
2026-02-23,214043,Lachlan James Mcfadzean,1220,8,0.0,-1.0,AUS,19,atp_rankings_2026_02_23.csv
2026-02-23,207236,Taketo Takamisawa,1221,8,0.0,-1.0,JPN,27,atp_rankings_2026_02_23.csv
2026-02-23,211638,Jack Loutit,1222,8,0.0,-1.0,NZL,21,atp_rankings_2026_02_23.csv
2026-02-23,212280,Giulio Perego,1223,8,0.0,-1.0,ITA,22,atp_rankings_2026_02_23.csv
2026-02-23,207616,Oscar Moraing,1224,8,0.0,-1.0,GER,25,atp_rankings_2026_02_23.csv
2026-02-23,212231,Junhyeon Lee,1225,8,0.0,-1.0,KOR,,atp_rankings_2026_02_23.csv
2026-02-23,211516,Lorenzo Beraldo,1226,8,0.0,-1.0,ITA,19,atp_rankings_2026_02_23.csv
2026-02-23,144744,Kazuki Nishiwaki,1227,8,1.0,37.0,JPN,31,atp_rankings_2026_02_23.csv
2026-02-23,208518,Hazem Naw,1228,8,1.0,39.0,SYR,26,atp_rankings_2026_02_23.csv
2026-02-23,213701,Tobia Costanzo Baragiola Mordini,1229,8,0.0,-2.0,ITA,,atp_rankings_2026_02_23.csv
2026-02-23,209973,Edouard Villoslada,1230,8,0.0,-2.0,FRA,26,atp_rankings_2026_02_23.csv
2026-02-23,211467,Aditya Vishal Balsekar,1231,8,0.0,-2.0,IND,23,atp_rankings_2026_02_23.csv
2026-02-23,213772,Lorenzo Comino,1232,8,0.0,-2.0,ITA,20,atp_rankings_2026_02_23.csv
2026-02-23,210740,Liam Krall,1233,8,0.0,-2.0,USA,23,atp_rankings_2026_02_23.csv
2026-02-23,212631,David Eichenseher,1234,8,0.0,-2.0,GER,20,atp_rankings_2026_02_23.csv
2026-02-23,212752,Filippo Alberti,1235,8,0.0,-2.0,ITA,22,atp_rankings_2026_02_23.csv
2026-02-23,200036,Abhinav Sanjeev Shanmugam,1236,8,0.0,-2.0,IND,27,atp_rankings_2026_02_23.csv
2026-02-23,149267,Andrea Colombo,1237,8,0.0,-2.0,ITA,23,atp_rankings_2026_02_23.csv
2026-02-23,211574,Ethan Cook,1238,8,0.0,-2.0,AUS,23,atp_rankings_2026_02_23.csv
2026-02-23,209314,Jan Kupcic,1239,8,0.0,-1.0,SLO,24,atp_rankings_2026_02_23.csv
2026-02-23,207738,Brandon Perez,1240,8,0.0,-1.0,VEN,26,atp_rankings_2026_02_23.csv
2026-02-23,206736,Benjamin O'Connell,1241,8,0.0,-1.0,AUS,26,atp_rankings_2026_02_23.csv
2026-02-23,208006,Rafael Tosetto,1242,8,0.0,-1.0,BRA,26,atp_rankings_2026_02_23.csv
2026-02-23,210632,Vadym Konovchuk,1243,8,0.0,-1.0,UKR,22,atp_rankings_2026_02_23.csv
2026-02-23,213064,Samuele Seghetti,1244,8,0.0,-1.0,ITA,19,atp_rankings_2026_02_23.csv
2026-02-23,212992,Niels Ratiu,1245,7,0.0,0.0,BEL,20,atp_rankings_2026_02_23.csv
2026-02-23,144081,Alex Chang,1246,7,0.0,0.0,USA,39,atp_rankings_2026_02_23.csv
2026-02-23,210538,Noa Vukadin,1247,7,0.0,0.0,CRO,21,atp_rankings_2026_02_23.csv
2026-02-23,210475,Preston Stearns,1248,7,0.0,0.0,USA,22,atp_rankings_2026_02_23.csv
2026-02-23,209910,Szymon Kielan,1249,7,0.0,0.0,POL,23,atp_rankings_2026_02_23.csv
2026-02-23,126193,Mark Whitehouse,1250,7,0.0,0.0,GBR,32,atp_rankings_2026_02_23.csv
2026-02-23,200611,Elliot Benchetrit,1251,7,0.0,0.0,MAR,27,atp_rankings_2026_02_23.csv
2026-02-23,210722,Viktor Markov,1252,7,0.0,0.0,BUL,20,atp_rankings_2026_02_23.csv
2026-02-23,210486,Nicholas Godsick,1253,7,0.0,0.0,USA,21,atp_rankings_2026_02_23.csv
2026-02-23,210565,Elijah Strode,1254,7,0.0,0.0,USA,24,atp_rankings_2026_02_23.csv
2026-02-23,105985,Darian King,1255,7,0.0,0.0,BAR,33,atp_rankings_2026_02_23.csv
2026-02-23,210473,Fnu Nidunjianzan,1255,7,0.0,0.0,CHN,22,atp_rankings_2026_02_23.csv
2026-02-23,202128,Louis Dussin,1257,7,0.0,0.0,FRA,26,atp_rankings_2026_02_23.csv
2026-02-23,212896,Melvin Kumar,1258,7,0.0,0.0,SWE,19,atp_rankings_2026_02_23.csv
2026-02-23,208840,Daniel Bagnolini,1259,7,0.0,0.0,ITA,23,atp_rankings_2026_02_23.csv
2026-02-23,207408,Niklas Guttau,1259,7,0.0,0.0,GER,26,atp_rankings_2026_02_23.csv
2026-02-23,210458,Bernardo Munk Mesa,1261,7,0.0,0.0,ESP,20,atp_rankings_2026_02_23.csv
2026-02-23,213138,Alexander Wagner,1262,7,0.0,0.0,AUT,19,atp_rankings_2026_02_23.csv
2026-02-23,208382,Herman Hoeyeraal,1263,7,0.0,0.0,NOR,24,atp_rankings_2026_02_23.csv
2026-02-23,212894,Patrik Munkhammar,1264,7,0.0,0.0,SWE,18,atp_rankings_2026_02_23.csv
2026-02-23,213923,Gilberto Ravasio,1264,7,1.0,60.0,ITA,21,atp_rankings_2026_02_23.csv
2026-02-23,213721,Pierre Antoine Faut,1266,7,0.0,0.0,FRA,,atp_rankings_2026_02_23.csv
2026-02-23,213356,Michele Mecarelli,1267,7,0.0,1.0,ITA,18,atp_rankings_2026_02_23.csv
2026-02-23,210183,Marcel Kamrowski,1268,7,0.0,1.0,POL,22,atp_rankings_2026_02_23.csv
2026-02-23,211505,Denis Constantin Spiridon,1268,7,0.0,1.0,ITA,23,atp_rankings_2026_02_23.csv
2026-02-23,212069,Kabir Hans,1270,7,0.0,1.0,IND,24,atp_rankings_2026_02_23.csv
2026-02-23,213092,Jonas Kucera,1271,7,0.0,1.0,CZE,19,atp_rankings_2026_02_23.csv
2026-02-23,213614,Dmitry Bessonov,1272,7,0.0,1.0,RUS,,atp_rankings_2026_02_23.csv
2026-02-23,211662,Gabriel Schenekenberg,1272,7,0.0,1.0,BRA,21,atp_rankings_2026_02_23.csv
2026-02-23,149266,Fadi Bidan,1274,7,0.0,6.0,LBN,20,atp_rankings_2026_02_23.csv
2026-02-23,208365,Amador Salazar,1274,7,0.0,1.0,CHI,25,atp_rankings_2026_02_23.csv
2026-02-23,149124,Oskar Grzegorzewski,1276,7,0.0,0.0,POL,21,atp_rankings_2026_02_23.csv
2026-02-23,105060,Aldin Setkic,1277,7,0.0,0.0,BIH,38,atp_rankings_2026_02_23.csv
2026-02-23,211645,Christian Djonov,1278,7,0.0,0.0,GER,25,atp_rankings_2026_02_23.csv
2026-02-23,213048,Alan Wazny,1279,7,0.0,0.0,POL,,atp_rankings_2026_02_23.csv
2026-02-23,210732,Miha Vetrih,1280,7,0.0,0.0,SLO,23,atp_rankings_2026_02_23.csv
2026-02-23,211450,Alessio Basile,1281,7,0.0,1.0,BEL,21,atp_rankings_2026_02_23.csv
2026-02-23,149152,Aaron Gil Garcia,1281,7,0.0,1.0,LUX,22,atp_rankings_2026_02_23.csv
2026-02-23,213131,Luke Hooper,1283,7,0.0,1.0,GBR,,atp_rankings_2026_02_23.csv
2026-02-23,211532,Nicolo Toffanin,1284,7,0.0,1.0,ITA,22,atp_rankings_2026_02_23.csv
2026-02-23,209391,Corban Crowther,1285,7,-1.0,-48.0,NZL,22,atp_rankings_2026_02_23.csv
2026-02-23,213180,Leonardo Cattaneo,1286,7,0.0,0.0,ITA,19,atp_rankings_2026_02_23.csv
2026-02-23,209417,Alan Bojarski,1287,7,0.0,0.0,POL,22,atp_rankings_2026_02_23.csv
2026-02-23,212841,Lucas Marionneau,1287,7,-3.0,-115.0,FRA,19,atp_rankings_2026_02_23.csv
2026-02-23,209967,Antoine Berger,1289,7,0.0,0.0,FRA,27,atp_rankings_2026_02_23.csv
2026-02-23,212465,Charles Chen,1289,7,0.0,5.0,CHN,18,atp_rankings_2026_02_23.csv
2026-02-23,211390,Sergi Fita Juan,1291,7,1.0,62.0,ESP,,atp_rankings_2026_02_23.csv
2026-02-23,208866,Leonid Sheyngezikht,1291,7,0.0,-1.0,BUL,25,atp_rankings_2026_02_23.csv
2026-02-23,213361,Ivan Gretskiy,1293,7,0.0,-1.0,RUS,19,atp_rankings_2026_02_23.csv
2026-02-23,209977,Matas Vasiliauskas,1294,7,0.0,2.0,LTU,23,atp_rankings_2026_02_23.csv
2026-02-23,212624,Nikola Jovic,1295,7,0.0,-2.0,SRB,19,atp_rankings_2026_02_23.csv
2026-02-23,122234,Alp Horoz,1296,7,0.0,-2.0,TUR,30,atp_rankings_2026_02_23.csv
2026-02-23,144955,Yuichiro Inui,1297,7,0.0,-1.0,JPN,30,atp_rankings_2026_02_23.csv
2026-02-23,205885,Joao Graa,1298,7,-1.0,-54.0,POR,25,atp_rankings_2026_02_23.csv
2026-02-23,211635,Segundo Goity Zapico,1299,6,0.0,-1.0,ARG,20,atp_rankings_2026_02_23.csv
2026-02-23,211609,Max Dahlin,1300,6,0.0,-1.0,SWE,20,atp_rankings_2026_02_23.csv
2026-02-23,105156,Federico Zeballos,1300,6,0.0,-1.0,BOL,37,atp_rankings_2026_02_23.csv
2026-02-23,210037,Mehdi Benchakroun,1302,6,0.0,-1.0,MAR,22,atp_rankings_2026_02_23.csv
2026-02-23,144874,Ryan James Storrie,1303,6,0.0,1.0,GBR,27,atp_rankings_2026_02_23.csv
2026-02-23,131951,Daniel Cukierman,1304,6,-2.0,-91.0,ISR,30,atp_rankings_2026_02_23.csv
2026-02-23,212153,Filip Gustafsson,1305,6,0.0,-3.0,SWE,21,atp_rankings_2026_02_23.csv
2026-02-23,212075,Rodrigo Fernandes,1306,6,0.0,-3.0,POR,19,atp_rankings_2026_02_23.csv
2026-02-23,211333,Vito Tonejc,1307,6,0.0,-2.0,CRO,26,atp_rankings_2026_02_23.csv
2026-02-23,212683,Theo Herrmann,1308,6,2.0,136.0,FRA,21,atp_rankings_2026_02_23.csv
2026-02-23,213654,Noah Johnston,1309,6,0.0,-2.0,USA,,atp_rankings_2026_02_23.csv
2026-02-23,209932,Michal Novansky,1309,6,0.0,-2.0,SVK,23,atp_rankings_2026_02_23.csv
2026-02-23,104510,Stefan Seifert,1309,6,0.0,-2.0,GER,40,atp_rankings_2026_02_23.csv
2026-02-23,200681,Adil Kalyanpur,1312,6,0.0,-2.0,IND,26,atp_rankings_2026_02_23.csv
2026-02-23,207809,Khololwam Montsi,1312,6,0.0,-2.0,RSA,23,atp_rankings_2026_02_23.csv
2026-02-23,211670,Marko Mesarovic,1314,6,0.0,-2.0,USA,,atp_rankings_2026_02_23.csv
2026-02-23,213141,Georgi Georgiev,1315,6,0.0,-2.0,BUL,19,atp_rankings_2026_02_23.csv
2026-02-23,214112,Remy Dugardin,1316,6,0.0,-2.0,FRA,,atp_rankings_2026_02_23.csv
2026-02-23,213836,Gavin Goode,1316,6,0.0,-10.0,USA,,atp_rankings_2026_02_23.csv
2026-02-23,210697,Harold Huens,1318,6,0.0,-3.0,BEL,23,atp_rankings_2026_02_23.csv
2026-02-23,212148,Novak Novakovic,1318,6,0.0,-3.0,SRB,25,atp_rankings_2026_02_23.csv
2026-02-23,209887,Liam Gavrielides,1320,6,0.0,-3.0,GER,22,atp_rankings_2026_02_23.csv
2026-02-23,202195,Maxime Cressy,1321,6,0.0,-2.0,USA,28,atp_rankings_2026_02_23.csv
2026-02-23,134490,Justin Roberts,1322,6,0.0,-2.0,BAH,29,atp_rankings_2026_02_23.csv
2026-02-23,138104,Stefan Cooper,1323,6,0.0,-2.0,GBR,29,atp_rankings_2026_02_23.csv
2026-02-23,109334,Bastian Malla,1323,6,0.0,-2.0,CHI,29,atp_rankings_2026_02_23.csv
2026-02-23,200233,Nicaise Muamba,1325,6,0.0,-2.0,CAN,25,atp_rankings_2026_02_23.csv
2026-02-23,212196,Yua Taka,1326,6,1.0,68.0,JPN,,atp_rankings_2026_02_23.csv
2026-02-23,209255,Vladan Tadic,1327,6,0.0,-2.0,BIH,25,atp_rankings_2026_02_23.csv
2026-02-23,149162,Xiaoyin Yang,1328,6,0.0,-2.0,CHN,21,atp_rankings_2026_02_23.csv
2026-02-23,213632,Glib Sekachov,1329,6,0.0,-2.0,UKR,,atp_rankings_2026_02_23.csv
2026-02-23,211387,Jonas Pelle Hartenstein,1330,6,0.0,-2.0,GER,24,atp_rankings_2026_02_23.csv
2026-02-23,210348,Jarno Jans,1330,6,0.0,-2.0,NED,25,atp_rankings_2026_02_23.csv
2026-02-23,213717,Sebastiano Cocola,1332,6,0.0,-2.0,ITA,,atp_rankings_2026_02_23.csv
2026-02-23,209979,Madhwin Kamath,1333,6,0.0,-2.0,IND,24,atp_rankings_2026_02_23.csv
2026-02-23,207831,Ignacio Antonio Becerra Otarola,1334,6,0.0,-2.0,CHI,25,atp_rankings_2026_02_23.csv
2026-02-23,106245,Rodolfo Jauregui Sainz De Rozas,1334,6,0.0,-2.0,MEX,32,atp_rankings_2026_02_23.csv
2026-02-23,213579,Jan Klimas,1334,6,0.0,-2.0,CZE,,atp_rankings_2026_02_23.csv
2026-02-23,122536,Juan Pablo Paz,1334,6,0.0,-2.0,ARG,31,atp_rankings_2026_02_23.csv
2026-02-23,149278,Daniel Khazime,1338,6,1.0,66.0,RUS,21,atp_rankings_2026_02_23.csv
2026-02-23,212460,Yan Cheng Chen,1339,6,0.0,-3.0,TPE,23,atp_rankings_2026_02_23.csv
2026-02-23,210733,Arthur Bonnaud,1340,6,0.0,-3.0,FRA,28,atp_rankings_2026_02_23.csv
2026-02-23,210364,Mateo Castañeda,1341,6,0.0,0.0,COL,20,atp_rankings_2026_02_23.csv
2026-02-23,149843,Conor Gannon,1342,6,0.0,-4.0,IRL,23,atp_rankings_2026_02_23.csv
2026-02-23,211388,Felipe De Dios,1343,6,0.0,-4.0,ARG,22,atp_rankings_2026_02_23.csv
2026-02-23,212106,Noah Lopez Cherubino,1344,6,0.0,-4.0,ESP,,atp_rankings_2026_02_23.csv
2026-02-23,210735,Radovan Michalik,1345,6,0.0,-2.0,SVK,22,atp_rankings_2026_02_23.csv
2026-02-23,209392,Reece Falck,1346,6,0.0,0.0,NZL,23,atp_rankings_2026_02_23.csv
2026-02-23,212762,Victor Hugo Remondy Pagotto,1347,6,0.0,-3.0,BRA,20,atp_rankings_2026_02_23.csv
2026-02-23,200234,Joshua Peck,1348,6,0.0,-2.0,CAN,27,atp_rankings_2026_02_23.csv
2026-02-23,213848,Nicholas Roberts,1349,6,0.0,-1.0,FRA,19,atp_rankings_2026_02_23.csv
2026-02-23,212536,James Beaven,1350,6,0.0,-1.0,GBR,21,atp_rankings_2026_02_23.csv
2026-02-23,144813,Benjamin Hannestad,1350,6,0.0,-6.0,DEN,29,atp_rankings_2026_02_23.csv
2026-02-23,211667,Matteo Fondriest,1352,6,0.0,-1.0,ITA,21,atp_rankings_2026_02_23.csv
2026-02-23,212935,Ferdinand Livet Novkirichka,1352,6,0.0,0.0,FRA,,atp_rankings_2026_02_23.csv
2026-02-23,210192,Lucca Pinto,1352,6,-1.0,-65.0,BRA,22,atp_rankings_2026_02_23.csv
2026-02-23,211495,Andrin Casanova,1355,6,-1.0,-65.0,SUI,21,atp_rankings_2026_02_23.csv
2026-02-23,208603,Cleeve Harper,1356,5,0.0,-1.0,CAN,25,atp_rankings_2026_02_23.csv
2026-02-23,210352,Santiago  Lora,1357,5,0.0,-1.0,BOL,18,atp_rankings_2026_02_23.csv
2026-02-23,209204,Iiro Vasa,1357,5,0.0,-1.0,FIN,23,atp_rankings_2026_02_23.csv
2026-02-23,213552,Jagger Leach,1359,5,0.0,-1.0,USA,18,atp_rankings_2026_02_23.csv
2026-02-23,209855,James Hopper,1360,5,0.0,-1.0,GBR,24,atp_rankings_2026_02_23.csv
2026-02-23,210438,Jeremy Jin,1360,5,0.0,-1.0,AUS,21,atp_rankings_2026_02_23.csv
2026-02-23,211647,Jaden Weekes,1360,5,0.0,-1.0,CAN,21,atp_rankings_2026_02_23.csv
2026-02-23,214589,Yannick Theodor Alexandrescou,1363,5,0.0,0.0,FRA,18,atp_rankings_2026_02_23.csv
2026-02-23,209879,Luc Koenig,1364,5,0.0,0.0,GBR,22,atp_rankings_2026_02_23.csv
2026-02-23,210667,Edoardo Cherie Ligniere,1365,5,0.0,0.0,ITA,21,atp_rankings_2026_02_23.csv
2026-02-23,200105,Frazier Rengifo,1365,5,0.0,0.0,COL,27,atp_rankings_2026_02_23.csv
2026-02-23,211740,Jeremy Zhang,1365,5,0.0,0.0,AUS,20,atp_rankings_2026_02_23.csv
2026-02-23,211551,Asahi Harazaki,1368,5,0.0,0.0,JPN,,atp_rankings_2026_02_23.csv
2026-02-23,109318,Pawel Cias,1368,5,0.0,0.0,POL,32,atp_rankings_2026_02_23.csv
2026-02-23,213830,Saki Tange,1370,5,0.0,0.0,JPN,22,atp_rankings_2026_02_23.csv
2026-02-23,211386,Alessio Vasquez Gehrke,1371,5,0.0,0.0,GER,22,atp_rankings_2026_02_23.csv
2026-02-23,212647,Jaesung Choe,1372,5,0.0,1.0,KOR,26,atp_rankings_2026_02_23.csv
2026-02-23,210474,Alexander Frusina,1373,5,0.0,1.0,USA,20,atp_rankings_2026_02_23.csv
2026-02-23,206669,Hugo Maia,1373,5,1.0,77.0,POR,24,atp_rankings_2026_02_23.csv
2026-02-23,214038,Laurence Teunissen,1373,5,0.0,1.0,NED,,atp_rankings_2026_02_23.csv
2026-02-23,210117,William Jansen,1376,5,0.0,0.0,GBR,21,atp_rankings_2026_02_23.csv
2026-02-23,212037,Amir Milushev,1376,5,0.0,0.0,UZB,20,atp_rankings_2026_02_23.csv
2026-02-23,210444,Charlelie Cosnet,1378,5,0.0,0.0,FRA,23,atp_rankings_2026_02_23.csv
2026-02-23,207230,Damien Salvestre,1378,5,0.0,0.0,FRA,24,atp_rankings_2026_02_23.csv
2026-02-23,213996,Anton Arzhankin,1380,5,0.0,1.0,RUS,,atp_rankings_2026_02_23.csv
2026-02-23,212606,Leonardo Borrelli,1380,5,0.0,1.0,ITA,20,atp_rankings_2026_02_23.csv
2026-02-23,206790,Alexis Gurmendi,1382,5,0.0,1.0,ARG,28,atp_rankings_2026_02_23.csv
2026-02-23,212499,Vardan Manukyan,1383,5,0.0,1.0,RUS,21,atp_rankings_2026_02_23.csv
2026-02-23,213818,William Mirarchi,1383,5,0.0,1.0,ITA,19,atp_rankings_2026_02_23.csv
2026-02-23,209982,Konstantin Zhzhenov,1383,5,0.0,1.0,RUS,21,atp_rankings_2026_02_23.csv
2026-02-23,207209,Raghav Jaisinghani,1386,5,0.0,1.0,IND,28,atp_rankings_2026_02_23.csv
2026-02-23,213785,Toshiki Karigyo,1386,5,0.0,1.0,JPN,24,atp_rankings_2026_02_23.csv
2026-02-23,210602,Peetu Pohjola,1386,5,0.0,1.0,FIN,25,atp_rankings_2026_02_23.csv
2026-02-23,213215,Bill Chan,1389,5,0.0,1.0,SGP,,atp_rankings_2026_02_23.csv
2026-02-23,105590,Uladzimir Ignatik,1390,5,0.0,1.0,BLR,35,atp_rankings_2026_02_23.csv
2026-02-23,212770,Timeo Trufelli,1391,5,0.0,2.0,FRA,18,atp_rankings_2026_02_23.csv
2026-02-23,213766,Enrique Carrascosa Diaz,1392,5,1.0,87.0,ESP,,atp_rankings_2026_02_23.csv
2026-02-23,207772,Yuttana Charoenphon,1392,5,0.0,3.0,THA,25,atp_rankings_2026_02_23.csv
2026-02-23,213175,Lucca Liu,1392,5,0.0,3.0,USA,22,atp_rankings_2026_02_23.csv
2026-02-23,213218,Elias Julian Werner,1395,5,0.0,2.0,GER,,atp_rankings_2026_02_23.csv
2026-02-23,202192,Kuzey Cekirge,1396,5,0.0,2.0,TUR,25,atp_rankings_2026_02_23.csv
2026-02-23,210140,Ioan Alexandru Chirita,1396,5,0.0,2.0,ROU,23,atp_rankings_2026_02_23.csv
2026-02-23,209258,Alexandre Reco,1396,5,0.0,2.0,FRA,26,atp_rankings_2026_02_23.csv
2026-02-23,211474,Pablo Trochu,1396,5,0.0,2.0,FRA,22,atp_rankings_2026_02_23.csv
2026-02-23,111436,Nick Chappell,1400,5,0.0,2.0,USA,33,atp_rankings_2026_02_23.csv
2026-02-23,213829,Mac Visser,1400,5,0.0,2.0,NED,20,atp_rankings_2026_02_23.csv
2026-02-23,149153,Gabriele Volpi,1402,5,0.0,2.0,ITA,29,atp_rankings_2026_02_23.csv
2026-02-23,211690,Toprak Avcibasi,1403,5,0.0,3.0,TUR,21,atp_rankings_2026_02_23.csv
2026-02-23,213898,Richard Antoni,1404,5,0.0,3.0,GER,,atp_rankings_2026_02_23.csv
2026-02-23,212767,Aryan Lakshmanan,1404,5,0.0,3.0,IND,20,atp_rankings_2026_02_23.csv
2026-02-23,213045,Manvydas Balciunas,1406,5,0.0,4.0,NED,19,atp_rankings_2026_02_23.csv
2026-02-23,213198,Kacper Knitter,1406,5,0.0,4.0,POL,18,atp_rankings_2026_02_23.csv
2026-02-23,207233,Nemanja Malesevic,1406,5,0.0,4.0,BIH,24,atp_rankings_2026_02_23.csv
2026-02-23,212262,Kylian Collignon,1409,5,0.0,5.0,BEL,20,atp_rankings_2026_02_23.csv
2026-02-23,214013,Fanming Meng,1409,5,0.0,5.0,CHN,,atp_rankings_2026_02_23.csv
2026-02-23,211322,Lasse Poertner,1409,5,0.0,5.0,GER,20,atp_rankings_2026_02_23.csv
2026-02-23,211366,Vuk Radjenovic,1409,5,0.0,5.0,SRB,20,atp_rankings_2026_02_23.csv
2026-02-23,213927,Gabriele Crivellaro,1413,5,0.0,5.0,ITA,18,atp_rankings_2026_02_23.csv
2026-02-23,210191,Gian Gruenig,1413,5,0.0,-3.0,SUI,25,atp_rankings_2026_02_23.csv
2026-02-23,149130,Joe Leather,1413,5,-1.0,-71.0,GBR,,atp_rankings_2026_02_23.csv
2026-02-23,207248,Naoki Tajima,1413,5,0.0,6.0,JPN,25,atp_rankings_2026_02_23.csv
2026-02-23,213043,Hiromasa Koyama,1417,5,0.0,2.0,JPN,18,atp_rankings_2026_02_23.csv
2026-02-23,212589,Luka Talan Lopatic,1418,5,0.0,3.0,SLO,18,atp_rankings_2026_02_23.csv
2026-02-23,213557,Alessandro Battiston,1419,5,-1.0,-70.0,ITA,,atp_rankings_2026_02_23.csv
2026-02-23,211503,Nico Hipfl,1420,5,0.0,4.0,AUT,19,atp_rankings_2026_02_23.csv
2026-02-23,212903,Melih Anavatan,1421,5,0.0,1.0,TUR,,atp_rankings_2026_02_23.csv
2026-02-23,212630,Aaron Funk,1421,5,0.0,4.0,GER,20,atp_rankings_2026_02_23.csv
2026-02-23,206646,Louis Van Herck,1421,5,0.0,1.0,LUX,26,atp_rankings_2026_02_23.csv
2026-02-23,212889,Daniel Uta,1424,5,0.0,4.0,ROU,19,atp_rankings_2026_02_23.csv
2026-02-23,133224,Francesco Ferrari,1425,5,0.0,0.0,ITA,28,atp_rankings_2026_02_23.csv
2026-02-23,210076,Ioannis Kountourakis,1425,5,0.0,0.0,GRE,23,atp_rankings_2026_02_23.csv
2026-02-23,208185,Michael Gloeckler,1427,5,0.0,2.0,AUT,27,atp_rankings_2026_02_23.csv
2026-02-23,211407,Andrea Bacaloni,1428,5,0.0,1.0,ITA,23,atp_rankings_2026_02_23.csv
2026-02-23,208164,Yassine Smiej,1428,5,1.0,98.0,MAR,26,atp_rankings_2026_02_23.csv
2026-02-23,210394,Nikita Ianin,1430,5,0.0,1.0,RUS,24,atp_rankings_2026_02_23.csv
2026-02-23,134310,Alexey Aleshchev,1431,5,0.0,0.0,RUS,27,atp_rankings_2026_02_23.csv
2026-02-23,208358,Aleksi Lofman,1432,4,0.0,1.0,FIN,24,atp_rankings_2026_02_23.csv
2026-02-23,212575,Amirkhamza Nasridinov,1432,4,0.0,1.0,RUS,20,atp_rankings_2026_02_23.csv
2026-02-23,144682,Kaito Uesugi,1432,4,0.0,1.0,JPN,30,atp_rankings_2026_02_23.csv
2026-02-23,213098,Hugo Car,1435,4,0.0,1.0,FRA,23,atp_rankings_2026_02_23.csv
2026-02-23,208871,Takeru Yuzuki,1436,4,0.0,1.0,JPN,27,atp_rankings_2026_02_23.csv
2026-02-23,213042,Hugo Coquelin,1437,4,0.0,1.0,GBR,20,atp_rankings_2026_02_23.csv
2026-02-23,210569,Sebastian Eriksson,1437,4,0.0,1.0,SWE,20,atp_rankings_2026_02_23.csv
2026-02-23,207836,Muzammil Murtaza,1437,4,0.0,1.0,PAK,26,atp_rankings_2026_02_23.csv
2026-02-23,210405,Azuma Visaya,1437,4,0.0,1.0,USA,22,atp_rankings_2026_02_23.csv
2026-02-23,212914,Corey Craig,1441,4,0.0,1.0,USA,22,atp_rankings_2026_02_23.csv
2026-02-23,200095,Nicola Kuhn,1441,4,0.0,9.0,GER,25,atp_rankings_2026_02_23.csv
2026-02-23,212250,James Connel,1443,4,0.0,0.0,GBR,22,atp_rankings_2026_02_23.csv
2026-02-23,211570,Cesar Cruz,1444,4,0.0,0.0,ESA,19,atp_rankings_2026_02_23.csv
2026-02-23,210416,Bryce Nakashima,1444,4,0.0,0.0,USA,22,atp_rankings_2026_02_23.csv
2026-02-23,210746,Paul Barbier Gazeu,1446,4,0.0,1.0,FRA,20,atp_rankings_2026_02_23.csv
2026-02-23,105335,Sho Katayama,1446,4,0.0,1.0,JPN,36,atp_rankings_2026_02_23.csv
2026-02-23,209355,Timo Legout,1446,4,0.0,1.0,FRA,23,atp_rankings_2026_02_23.csv
2026-02-23,212068,Stepan Baum,1449,4,0.0,1.0,CZE,22,atp_rankings_2026_02_23.csv
2026-02-23,210093,Sander Jong,1449,4,0.0,1.0,NED,25,atp_rankings_2026_02_23.csv
2026-02-23,212899,Moritz Kudernatsch,1451,4,0.0,3.0,GER,20,atp_rankings_2026_02_23.csv
2026-02-23,213815,Sergey Petrov,1451,4,2.0,254.0,RUS,,atp_rankings_2026_02_23.csv
2026-02-23,208206,Walid Ahouda,1453,4,0.0,2.0,MAR,22,atp_rankings_2026_02_23.csv
2026-02-23,130247,Anton Chekhov,1453,4,0.0,2.0,RUS,33,atp_rankings_2026_02_23.csv
2026-02-23,213066,Stefan Horia Haita,1453,4,-1.0,-75.0,ROU,18,atp_rankings_2026_02_23.csv
2026-02-23,211330,Vasco Leote Prata,1456,4,0.0,2.0,POR,22,atp_rankings_2026_02_23.csv
2026-02-23,207439,Dax Donders,1457,4,0.0,2.0,NED,25,atp_rankings_2026_02_23.csv
2026-02-23,212604,Diego Jarry Fillol,1457,4,0.0,2.0,USA,23,atp_rankings_2026_02_23.csv
2026-02-23,202165,Alberto Lim,1457,4,0.0,2.0,PHI,26,atp_rankings_2026_02_23.csv
2026-02-23,206580,Nicola Rispoli,1460,4,0.0,2.0,ITA,28,atp_rankings_2026_02_23.csv
2026-02-23,133667,Congsup Congcar,1461,4,0.0,2.0,THA,29,atp_rankings_2026_02_23.csv
2026-02-23,209273,Romain Gales,1461,4,0.0,2.0,FRA,21,atp_rankings_2026_02_23.csv
2026-02-23,212924,Emanuel Ivanisevic,1461,4,0.0,-6.0,CRO,18,atp_rankings_2026_02_23.csv
2026-02-23,123843,Davide Pontoglio,1461,4,0.0,2.0,ITA,33,atp_rankings_2026_02_23.csv
2026-02-23,213768,Kase Schinnerer,1461,4,0.0,2.0,USA,19,atp_rankings_2026_02_23.csv
2026-02-23,213889,Arjun Rathi,1466,4,0.0,1.0,IND,,atp_rankings_2026_02_23.csv
2026-02-23,213648,Udit Kamboj,1467,4,0.0,1.0,IND,,atp_rankings_2026_02_23.csv
2026-02-23,210743,Pranav Kumar,1468,4,-1.0,-76.0,USA,26,atp_rankings_2026_02_23.csv
2026-02-23,120545,Ko Suzuki,1468,4,0.0,1.0,JPN,34,atp_rankings_2026_02_23.csv
2026-02-23,214231,Johan Oscar Lien,1470,4,0.0,0.0,NOR,18,atp_rankings_2026_02_23.csv
2026-02-23,211762,David Naharro,1470,4,0.0,0.0,ESP,22,atp_rankings_2026_02_23.csv
2026-02-23,208933,Dian Nedev,1470,4,0.0,0.0,BUL,25,atp_rankings_2026_02_23.csv
2026-02-23,209974,Aleksander Orlikowski,1470,4,0.0,0.0,POL,22,atp_rankings_2026_02_23.csv
2026-02-23,212617,Shu Muto,1474,4,0.0,1.0,JPN,,atp_rankings_2026_02_23.csv
2026-02-23,214229,Mathys Picard,1474,4,1.0,106.0,FRA,18,atp_rankings_2026_02_23.csv
2026-02-23,213204,Zane Stevens,1474,4,0.0,1.0,AUS,19,atp_rankings_2026_02_23.csv
2026-02-23,213814,Gustavo Albieri,1477,4,0.0,1.0,BRA,18,atp_rankings_2026_02_23.csv
2026-02-23,211396,Vladimir Bazilevskiy,1478,4,0.0,1.0,ISR,20,atp_rankings_2026_02_23.csv
2026-02-23,214016,Bautista De La Pena,1478,4,0.0,1.0,BRA,16,atp_rankings_2026_02_23.csv
2026-02-23,210601,Oskari Eerola,1478,4,0.0,1.0,FIN,23,atp_rankings_2026_02_23.csv
2026-02-23,212963,Sebastian Grundtvig Jorgensen,1478,4,0.0,1.0,DEN,24,atp_rankings_2026_02_23.csv
2026-02-23,210605,Liam Branger,1482,4,0.0,-7.0,FRA,25,atp_rankings_2026_02_23.csv
2026-02-23,208835,Rafael Giotis,1482,4,0.0,2.0,GER,25,atp_rankings_2026_02_23.csv
2026-02-23,210115,Yunseok Jang,1482,4,0.0,2.0,KOR,22,atp_rankings_2026_02_23.csv
2026-02-23,206789,Lingxi Zhao,1482,4,0.0,2.0,CHN,26,atp_rankings_2026_02_23.csv
2026-02-23,208890,Richard Zusman,1486,4,0.0,9.0,USA,25,atp_rankings_2026_02_23.csv
2026-02-23,210284,Pijus Vaitiekunas,1487,4,0.0,0.0,LTU,22,atp_rankings_2026_02_23.csv
2026-02-23,149134,Matei Florin Breazu,1488,4,0.0,0.0,ROU,17,atp_rankings_2026_02_23.csv
2026-02-23,127143,Jirat Navasirisomboon,1488,4,0.0,0.0,THA,29,atp_rankings_2026_02_23.csv
2026-02-23,210301,Benjamin Ignacio Torres Fernandez,1488,4,0.0,0.0,CHI,22,atp_rankings_2026_02_23.csv
2026-02-23,209913,Fons Van Sambeek,1488,4,0.0,0.0,NED,24,atp_rankings_2026_02_23.csv
2026-02-23,134545,Alexis Canter,1492,4,0.0,7.0,GBR,27,atp_rankings_2026_02_23.csv
2026-02-23,212864,Valentin Garay,1492,4,0.0,1.0,ARG,18,atp_rankings_2026_02_23.csv
2026-02-23,213882,Gray Voelzke,1492,4,0.0,1.0,USA,23,atp_rankings_2026_02_23.csv
2026-02-23,213004,Arthur Bellegy,1495,4,0.0,0.0,FRA,,atp_rankings_2026_02_23.csv
2026-02-23,208855,Christopher Papa,1495,4,0.0,0.0,USA,24,atp_rankings_2026_02_23.csv
2026-02-23,209946,Maikel De Boes,1497,4,0.0,1.0,BEL,23,atp_rankings_2026_02_23.csv
2026-02-23,211539,Gabor Hornung,1497,4,-1.0,-88.0,HUN,20,atp_rankings_2026_02_23.csv
2026-02-23,212934,Antoni Fabre,1499,4,0.0,6.0,FRA,,atp_rankings_2026_02_23.csv
2026-02-23,210423,Alessandro Coccioli,1500,4,0.0,-1.0,ITA,23,atp_rankings_2026_02_23.csv
2026-02-23,210570,Kevin Edengren,1500,4,0.0,-1.0,SWE,20,atp_rankings_2026_02_23.csv
2026-02-23,213536,Sergio Planella Hernandez,1500,4,0.0,-1.0,ESP,,atp_rankings_2026_02_23.csv
2026-02-23,208381,Nicolas Esteban Rico Arias,1500,4,0.0,-1.0,COL,25,atp_rankings_2026_02_23.csv
2026-02-23,212078,Riku Takahata,1500,4,0.0,-1.0,JPN,24,atp_rankings_2026_02_23.csv
2026-02-23,210105,Martyn Pawelski,1505,4,-4.0,-279.0,POL,21,atp_rankings_2026_02_23.csv
2026-02-23,212757,Jack Bruce Smith,1506,4,0.0,-1.0,AUS,24,atp_rankings_2026_02_23.csv
2026-02-23,213765,Weiwen Pan,1506,4,0.0,-1.0,CHN,20,atp_rankings_2026_02_23.csv
2026-02-23,210651,Vlad Cristian Breazu,1508,4,0.0,0.0,ROU,22,atp_rankings_2026_02_23.csv
2026-02-23,207367,Bora Sengul,1508,4,1.0,121.0,TUR,24,atp_rankings_2026_02_23.csv
2026-02-23,212109,Antonio Voljavec,1508,4,0.0,0.0,CRO,19,atp_rankings_2026_02_23.csv
2026-02-23,105419,Patricio Alvarado,1511,4,0.0,1.0,ECU,36,atp_rankings_2026_02_23.csv
2026-02-23,209282,Ian Luca Cervantes Tomas,1512,4,0.0,1.0,MEX,22,atp_rankings_2026_02_23.csv
2026-02-23,214015,Xavi Palomar,1513,4,0.0,-2.0,ESP,,atp_rankings_2026_02_23.csv
2026-02-23,149142,Tanguy Genier,1514,4,0.0,2.0,SUI,28,atp_rankings_2026_02_23.csv
2026-02-23,213075,Alejandro Lopez Escribano,1514,4,0.0,2.0,ESP,19,atp_rankings_2026_02_23.csv
2026-02-23,211455,Oren Vasser,1514,4,0.0,2.0,USA,26,atp_rankings_2026_02_23.csv
2026-02-23,213800,Ty Host,1517,4,0.0,2.0,AUS,18,atp_rankings_2026_02_23.csv
2026-02-23,211490,Daniel Verbeek,1517,4,0.0,-2.0,NED,21,atp_rankings_2026_02_23.csv
2026-02-23,111197,Jonathan Mridha,1519,4,0.0,2.0,SWE,30,atp_rankings_2026_02_23.csv
2026-02-23,211364,Mihai Alexandru Coman,1520,4,0.0,3.0,ROU,21,atp_rankings_2026_02_23.csv
2026-02-23,213791,Fumin Jiang,1521,4,0.0,4.0,CHN,,atp_rankings_2026_02_23.csv
2026-02-23,213585,Roman Kharlamov,1521,4,0.0,-2.0,RUS,,atp_rankings_2026_02_23.csv
2026-02-23,212210,Filippo Mazzola,1523,4,0.0,-2.0,ITA,20,atp_rankings_2026_02_23.csv
2026-02-23,206447,Daniel Batista,1524,4,0.0,2.0,POR,27,atp_rankings_2026_02_23.csv
2026-02-23,212738,Manel Lazaro Juncadella,1525,4,-2.0,-171.0,ESP,19,atp_rankings_2026_02_23.csv
2026-02-23,105819,Guido Andreozzi,1526,3,0.0,2.0,ARG,34,atp_rankings_2026_02_23.csv
2026-02-23,210756,Loren Thomas Byers,1526,3,0.0,2.0,USA,24,atp_rankings_2026_02_23.csv
2026-02-23,206805,Luciano Carraro,1526,3,0.0,2.0,ITA,27,atp_rankings_2026_02_23.csv
2026-02-23,108766,Samir Iftikhar,1526,3,0.0,2.0,PAK,33,atp_rankings_2026_02_23.csv
2026-02-23,207839,Yousaf Khalil,1526,3,0.0,2.0,PAK,26,atp_rankings_2026_02_23.csv
2026-02-23,111192,Lucas Miedler,1526,3,0.0,2.0,AUT,29,atp_rankings_2026_02_23.csv
2026-02-23,202417,Siphosothando Montsi,1526,3,0.0,2.0,RSA,26,atp_rankings_2026_02_23.csv
2026-02-23,126609,Patrik Niklas Salminen,1526,3,0.0,2.0,FIN,28,atp_rankings_2026_02_23.csv
2026-02-23,134256,Reese Stalder,1526,3,0.0,2.0,USA,29,atp_rankings_2026_02_23.csv
2026-02-23,212642,Patrik Trhac,1526,3,0.0,2.0,USA,27,atp_rankings_2026_02_23.csv
2026-02-23,210329,Antoine Vincent,1526,3,0.0,2.0,FRA,27,atp_rankings_2026_02_23.csv
2026-02-23,213985,Kelly Giese,1537,3,0.0,2.0,USA,21,atp_rankings_2026_02_23.csv
2026-02-23,131905,Manuel Guinard,1537,3,0.0,13.0,FRA,30,atp_rankings_2026_02_23.csv
2026-02-23,208123,Tom Hands,1537,3,0.0,13.0,GBR,29,atp_rankings_2026_02_23.csv
2026-02-23,209972,Adit Sinha,1537,3,0.0,2.0,USA,22,atp_rankings_2026_02_23.csv
2026-02-23,106262,Boris Arias,1541,3,0.0,0.0,BOL,32,atp_rankings_2026_02_23.csv
2026-02-23,202269,Justin Barki,1541,3,0.0,0.0,INA,25,atp_rankings_2026_02_23.csv
2026-02-23,208178,Samuel Brosset,1541,3,0.0,0.0,FRA,28,atp_rankings_2026_02_23.csv
2026-02-23,212859,Matisse Farzam,1541,3,0.0,0.0,USA,19,atp_rankings_2026_02_23.csv
2026-02-23,209925,Thijmen Loof,1541,3,0.0,0.0,NED,23,atp_rankings_2026_02_23.csv
2026-02-23,212158,Will Mayew,1541,3,0.0,0.0,USA,21,atp_rankings_2026_02_23.csv
2026-02-23,210312,Oliver Ojakaar,1541,3,0.0,0.0,EST,21,atp_rankings_2026_02_23.csv
2026-02-23,213957,Daniel Phillips,1541,3,0.0,0.0,BER,21,atp_rankings_2026_02_23.csv
2026-02-23,207609,Alexey Zakharov,1541,3,0.0,0.0,RUS,25,atp_rankings_2026_02_23.csv
2026-02-23,214001,Damien Clerc,1550,3,0.0,0.0,FRA,,atp_rankings_2026_02_23.csv
2026-02-23,208334,Deney Wassermann,1550,3,0.0,0.0,NED,24,atp_rankings_2026_02_23.csv
2026-02-23,210230,Wissam Abderrahman,1552,3,0.0,2.0,TUN,22,atp_rankings_2026_02_23.csv
2026-02-23,207739,Yusuf Khamis,1552,3,0.0,2.0,EGY,25,atp_rankings_2026_02_23.csv
2026-02-23,213058,Weiyi Kong,1552,3,0.0,2.0,CHN,,atp_rankings_2026_02_23.csv
2026-02-23,212491,Alexander Razeghi,1552,3,0.0,2.0,USA,19,atp_rankings_2026_02_23.csv
2026-02-23,210693,Hudson Rivera,1552,3,0.0,2.0,USA,21,atp_rankings_2026_02_23.csv
2026-02-23,214246,Nikolas Stoot,1552,3,0.0,2.0,USA,18,atp_rankings_2026_02_23.csv
2026-02-23,210571,Isac Stroemberg,1552,3,0.0,2.0,SWE,23,atp_rankings_2026_02_23.csv
2026-02-23,214341,Oscar Brown,1559,3,0.0,2.0,GBR,23,atp_rankings_2026_02_23.csv
2026-02-23,214192,Ymerali Ibraimi,1559,3,0.0,2.0,AUS,17,atp_rankings_2026_02_23.csv
2026-02-23,210055,Noah Lopez,1559,3,1.0,129.0,SUI,23,atp_rankings_2026_02_23.csv
2026-02-23,212291,Siwanat Auytayakul,1562,3,0.0,1.0,THA,21,atp_rankings_2026_02_23.csv
2026-02-23,213011,John Bothma,1562,3,0.0,1.0,RSA,18,atp_rankings_2026_02_23.csv
2026-02-23,214029,Ye Chen,1562,3,0.0,1.0,CHN,,atp_rankings_2026_02_23.csv
2026-02-23,206895,Alex Kobelt,1562,3,0.0,1.0,USA,28,atp_rankings_2026_02_23.csv
2026-02-23,207507,Stefan Latinovic,1562,3,0.0,1.0,SRB,26,atp_rankings_2026_02_23.csv
2026-02-23,202345,Arvid Nordquist,1562,3,0.0,14.0,SWE,27,atp_rankings_2026_02_23.csv
2026-02-23,120922,Maciej Rajski,1562,3,0.0,1.0,POL,34,atp_rankings_2026_02_23.csv
2026-02-23,214210,Vincent Reisach,1562,3,1.0,143.0,GER,16,atp_rankings_2026_02_23.csv
2026-02-23,210190,Timofey Stepanov,1562,3,0.0,1.0,SUI,22,atp_rankings_2026_02_23.csv
2026-02-23,213920,Nathan Cox,1571,3,0.0,-1.0,USA,,atp_rankings_2026_02_23.csv
2026-02-23,213678,Felipe Dreer,1571,3,0.0,-1.0,ARG,,atp_rankings_2026_02_23.csv
2026-02-23,212880,Ilyas Milad Fahim,1571,3,0.0,-1.0,MAR,20,atp_rankings_2026_02_23.csv
2026-02-23,211406,Yazid Lahjomri,1571,3,0.0,-1.0,MAR,20,atp_rankings_2026_02_23.csv
2026-02-23,212750,Clement Lemire,1571,3,0.0,-1.0,FRA,19,atp_rankings_2026_02_23.csv
2026-02-23,212769,Leo Lagarrigue,1576,3,0.0,-1.0,FRA,19,atp_rankings_2026_02_23.csv
2026-02-23,211660,Ryan Augusto Dos Santos,1577,3,0.0,-1.0,BRA,22,atp_rankings_2026_02_23.csv
2026-02-23,212937,Achilles Belkovics,1577,3,0.0,-1.0,HUN,,atp_rankings_2026_02_23.csv
2026-02-23,211677,Matthew Rankin,1577,3,0.0,-1.0,GBR,21,atp_rankings_2026_02_23.csv
2026-02-23,210526,Niccolo Baroni,1580,3,0.0,0.0,ITA,22,atp_rankings_2026_02_23.csv
2026-02-23,213600,Dillon Beckles,1580,3,-3.0,-262.0,USA,,atp_rankings_2026_02_23.csv
2026-02-23,202439,Sean Hodkin,1580,3,0.0,0.0,GBR,27,atp_rankings_2026_02_23.csv
2026-02-23,206673,Bharath Nishok Kumaran,1580,3,0.0,0.0,IND,27,atp_rankings_2026_02_23.csv
2026-02-23,149139,Arthur Laborde,1580,3,0.0,0.0,SUI,21,atp_rankings_2026_02_23.csv
2026-02-23,212092,Yu Tanaka,1580,3,0.0,0.0,JPN,22,atp_rankings_2026_02_23.csv
2026-02-23,212840,Thomas Gerbaud,1586,3,0.0,1.0,FRA,21,atp_rankings_2026_02_23.csv
2026-02-23,213026,Amine Jamji,1587,3,0.0,1.0,MAR,,atp_rankings_2026_02_23.csv
2026-02-23,213771,Dominick Mosejczuk,1587,3,0.0,1.0,USA,19,atp_rankings_2026_02_23.csv
2026-02-23,207973,Ainius Sabaliauskas,1587,3,0.0,1.0,LTU,22,atp_rankings_2026_02_23.csv
2026-02-23,213278,Leonardo Angeloni,1590,3,0.0,3.0,ITA,21,atp_rankings_2026_02_23.csv
2026-02-23,105871,Sekou Bangoura,1590,3,0.0,3.0,USA,34,atp_rankings_2026_02_23.csv
2026-02-23,214156,Mahmoud Chetouane,1590,3,0.0,3.0,TUN,17,atp_rankings_2026_02_23.csv
2026-02-23,213667,Valentin Guadagno,1590,3,0.0,3.0,ARG,,atp_rankings_2026_02_23.csv
2026-02-23,149104,Patrik Homola,1590,3,0.0,3.0,CZE,22,atp_rankings_2026_02_23.csv
2026-02-23,213617,Mattia Nannelli,1590,3,0.0,3.0,ITA,,atp_rankings_2026_02_23.csv
2026-02-23,209877,Stevan Popovic,1590,3,0.0,3.0,GER,24,atp_rankings_2026_02_23.csv
2026-02-23,212098,Iker Urribarrens Ramirez,1590,3,0.0,3.0,ESP,21,atp_rankings_2026_02_23.csv
2026-02-23,149268,Gabriele Vulpitta,1598,3,0.0,4.0,ITA,20,atp_rankings_2026_02_23.csv
2026-02-23,213584,Artem Bogomolov,1599,3,0.0,4.0,RUS,,atp_rankings_2026_02_23.csv
2026-02-23,211684,Emirhan Bulut,1599,3,0.0,4.0,TUR,19,atp_rankings_2026_02_23.csv
2026-02-23,213801,Jake Dembo,1599,3,0.0,4.0,AUS,,atp_rankings_2026_02_23.csv
2026-02-23,212806,Benjamin Gusic Wan,1599,3,0.0,4.0,GBR,18,atp_rankings_2026_02_23.csv
2026-02-23,210598,Nicolas Hollender,1599,3,0.0,4.0,ARG,24,atp_rankings_2026_02_23.csv
2026-02-23,213838,Ronit Karki,1599,3,0.0,-11.0,USA,18,atp_rankings_2026_02_23.csv
2026-02-23,211589,Tilen Kovac,1599,3,0.0,4.0,SLO,23,atp_rankings_2026_02_23.csv
2026-02-23,212167,Darius Florin Pop,1599,3,-1.0,-111.0,ROU,21,atp_rankings_2026_02_23.csv
2026-02-23,210205,Edoardo Zanada,1599,3,0.0,4.0,ITA,25,atp_rankings_2026_02_23.csv
2026-02-23,213798,Noah Brownrigg,1608,3,0.0,2.0,AUS,19,atp_rankings_2026_02_23.csv
2026-02-23,209986,Viktor Jovic,1608,3,0.0,2.0,SRB,24,atp_rankings_2026_02_23.csv
2026-02-23,208841,Zekai Li,1608,3,0.0,2.0,CHN,26,atp_rankings_2026_02_23.csv
2026-02-23,213036,Luis Guto Miguel,1608,3,0.0,-15.0,BRA,16,atp_rankings_2026_02_23.csv
2026-02-23,207541,Michalis Sakellaridis,1608,3,0.0,2.0,GRE,25,atp_rankings_2026_02_23.csv
2026-02-23,202217,Vito Dellelba,1613,3,0.0,2.0,ITA,27,atp_rankings_2026_02_23.csv
2026-02-23,212529,Alex Finkelstein,1614,3,0.0,2.0,USA,23,atp_rankings_2026_02_23.csv
2026-02-23,210153,David Fix,1614,3,0.0,2.0,GER,21,atp_rankings_2026_02_23.csv
2026-02-23,213114,Chun Chien Hou,1614,3,0.0,2.0,TPE,20,atp_rankings_2026_02_23.csv
2026-02-23,213640,Stephane Pierre Jo Kamendje,1614,3,0.0,2.0,CAN,,atp_rankings_2026_02_23.csv
2026-02-23,212932,Noah Karma,1614,3,0.0,2.0,SUI,,atp_rankings_2026_02_23.csv
2026-02-23,211787,Matteo Lavizzari,1614,3,0.0,2.0,SUI,20,atp_rankings_2026_02_23.csv
2026-02-23,213391,Silvio Mencaglia,1614,3,0.0,2.0,ITA,21,atp_rankings_2026_02_23.csv
2026-02-23,212119,Nik Mikovic,1614,3,0.0,2.0,SLO,21,atp_rankings_2026_02_23.csv
2026-02-23,210420,Gheorghe Claudiu Schinteie,1614,3,0.0,2.0,ROU,23,atp_rankings_2026_02_23.csv
2026-02-23,213624,Kosuke Shibano,1614,3,1.0,199.0,JPN,,atp_rankings_2026_02_23.csv
2026-02-23,207559,Darrshan Suresh,1614,3,0.0,2.0,MAS,25,atp_rankings_2026_02_23.csv
2026-02-23,144665,Ryotero Matsumura,1625,3,0.0,1.0,JPN,29,atp_rankings_2026_02_23.csv
2026-02-23,212900,Andrea Paolini,1625,3,0.0,1.0,ITA,23,atp_rankings_2026_02_23.csv
2026-02-23,213653,Benjamin Willwerth,1625,3,0.0,1.0,USA,,atp_rankings_2026_02_23.csv
2026-02-23,212965,Juan Jose Bianchi,1628,3,-1.0,-120.0,VEN,25,atp_rankings_2026_02_23.csv
2026-02-23,212797,Hitesh Chauhan,1628,3,0.0,1.0,IND,18,atp_rankings_2026_02_23.csv
2026-02-23,213201,Valentino Grippo,1628,3,0.0,1.0,ARG,,atp_rankings_2026_02_23.csv
2026-02-23,209103,Haoyuan Huang,1628,3,0.0,1.0,CHN,23,atp_rankings_2026_02_23.csv
2026-02-23,210341,Ajay Malik,1628,3,0.0,1.0,IND,23,atp_rankings_2026_02_23.csv
2026-02-23,210229,Aleksa Pisaric,1628,3,0.0,1.0,SRB,20,atp_rankings_2026_02_23.csv
2026-02-23,210011,Aristarkh Safonov,1628,3,0.0,1.0,RUS,22,atp_rankings_2026_02_23.csv
2026-02-23,210595,Jiri Cizek,1635,3,0.0,5.0,CZE,20,atp_rankings_2026_02_23.csv
2026-02-23,210408,Luca Fantini,1635,3,-1.0,-122.0,ITA,25,atp_rankings_2026_02_23.csv
2026-02-23,212981,Jonas Gundacker,1635,3,0.0,2.0,AUT,23,atp_rankings_2026_02_23.csv
2026-02-23,209346,Stijn Pel,1635,3,0.0,2.0,NED,23,atp_rankings_2026_02_23.csv
2026-02-23,200310,Alexander Zgirovsky,1635,3,0.0,2.0,BLR,24,atp_rankings_2026_02_23.csv
2026-02-23,212067,Ye Hongyu,1640,3,0.0,0.0,CHN,21,atp_rankings_2026_02_23.csv
2026-02-23,213637,Daniel Domingos,1641,3,0.0,1.0,AGO,,atp_rankings_2026_02_23.csv
2026-02-23,212875,Zhengyu Sun,1642,3,0.0,1.0,CHN,19,atp_rankings_2026_02_23.csv
2026-02-23,213378,Adam Farag Cao,1643,3,0.0,2.0,CAN,18,atp_rankings_2026_02_23.csv
2026-02-23,210110,Alessandro Bellifemine,1644,3,0.0,2.0,ITA,24,atp_rankings_2026_02_23.csv
2026-02-23,212745,Tadeo Meneo,1645,3,0.0,3.0,ARG,20,atp_rankings_2026_02_23.csv
2026-02-23,212030,Kerem Yilmaz,1645,3,0.0,2.0,TUR,18,atp_rankings_2026_02_23.csv
2026-02-23,207478,Zhenxiong Dong,1647,3,0.0,3.0,CHN,27,atp_rankings_2026_02_23.csv
2026-02-23,213774,Dmitry Kopilevich,1647,3,0.0,3.0,SLO,19,atp_rankings_2026_02_23.csv
2026-02-23,209885,Gokberk Saritas,1649,3,0.0,3.0,TUR,22,atp_rankings_2026_02_23.csv
2026-02-23,208816,Jeremy Schifris,1649,3,0.0,3.0,GER,24,atp_rankings_2026_02_23.csv
2026-02-23,213037,Luis Garcia Paez,1651,3,0.0,3.0,ESP,20,atp_rankings_2026_02_23.csv
2026-02-23,124045,Lawrence Bataljin,1652,3,0.0,3.0,AUS,29,atp_rankings_2026_02_23.csv
2026-02-23,211537,Alfred Almasi,1653,2,0.0,3.0,SVK,,atp_rankings_2026_02_23.csv
2026-02-23,212678,David Bakonyi,1653,2,0.0,3.0,HUN,19,atp_rankings_2026_02_23.csv
2026-02-23,213913,Casper Christensen,1653,2,0.0,3.0,NOR,23,atp_rankings_2026_02_23.csv
2026-02-23,214331,Valentino Conte,1653,2,0.0,3.0,ARG,21,atp_rankings_2026_02_23.csv
2026-02-23,213691,Connor Doig,1653,2,0.0,3.0,RSA,,atp_rankings_2026_02_23.csv
2026-02-23,144848,Sergio Luis Hernandez Ramirez,1653,2,0.0,3.0,COL,26,atp_rankings_2026_02_23.csv
2026-02-23,126630,Ivan Liutarevich,1653,2,0.0,3.0,BLR,30,atp_rankings_2026_02_23.csv
2026-02-23,212916,Marko Milosavljevic,1653,2,0.0,3.0,SRB,,atp_rankings_2026_02_23.csv
2026-02-23,214329,Diego Eduardo Munoz Navia,1653,2,0.0,3.0,BOL,20,atp_rankings_2026_02_23.csv
2026-02-23,208254,Ignacio Novo,1653,2,0.0,3.0,ARG,25,atp_rankings_2026_02_23.csv
2026-02-23,207547,Bruno Pujol Navarro,1653,2,0.0,3.0,ESP,24,atp_rankings_2026_02_23.csv
2026-02-23,105578,Cristian Rodriguez,1653,2,0.0,3.0,COL,35,atp_rankings_2026_02_23.csv
2026-02-23,214327,Oliver Andre Solis Encinas,1653,2,0.0,3.0,BOL,,atp_rankings_2026_02_23.csv
2026-02-23,208874,Seita Watanabe,1653,2,0.0,3.0,JPN,25,atp_rankings_2026_02_23.csv
2026-02-23,213523,Milan Welte,1653,2,0.0,3.0,GER,24,atp_rankings_2026_02_23.csv
2026-02-23,214270,Tomas Zurmendi,1653,2,0.0,3.0,URU,16,atp_rankings_2026_02_23.csv
2026-02-23,214004,Michael Antonius,1669,2,0.0,3.0,USA,,atp_rankings_2026_02_23.csv
2026-02-23,210504,Billy Blaydes,1669,2,0.0,3.0,GBR,22,atp_rankings_2026_02_23.csv
2026-02-23,212570,Nikita Filin,1669,2,0.0,3.0,USA,19,atp_rankings_2026_02_23.csv
2026-02-23,212782,Saahith Jayaraman,1669,2,0.0,3.0,USA,,atp_rankings_2026_02_23.csv
2026-02-23,208027,Alex Jones,1669,2,0.0,3.0,USA,27,atp_rankings_2026_02_23.csv
2026-02-23,109737,Markos Kalovelonis,1669,2,0.0,3.0,GRE,31,atp_rankings_2026_02_23.csv
2026-02-23,210631,Linus Lagerbohm,1669,2,0.0,3.0,FIN,18,atp_rankings_2026_02_23.csv
2026-02-23,214269,Marcel Latak,1669,2,0.0,3.0,USA,17,atp_rankings_2026_02_23.csv
2026-02-23,211622,Loan Lestir,1669,2,0.0,3.0,FRA,20,atp_rankings_2026_02_23.csv
2026-02-23,207505,Mario Mansilla Diez,1669,2,0.0,3.0,ESP,23,atp_rankings_2026_02_23.csv
2026-02-23,210102,Neo Niedner,1669,2,0.0,3.0,GER,22,atp_rankings_2026_02_23.csv
2026-02-23,214332,Henrique Ortenblad Nogueira,1669,2,0.0,3.0,BRA,22,atp_rankings_2026_02_23.csv
2026-02-23,213738,Jack Satterfield,1669,2,0.0,3.0,USA,,atp_rankings_2026_02_23.csv
2026-02-23,210376,Max  Sheldon,1669,2,0.0,3.0,USA,22,atp_rankings_2026_02_23.csv
2026-02-23,209225,Martin Antonio Vergara Del Puerto,1669,2,0.0,3.0,PAR,21,atp_rankings_2026_02_23.csv
2026-02-23,214054,Baltazar Wiger Nordas,1669,2,0.0,3.0,NOR,22,atp_rankings_2026_02_23.csv
2026-02-23,214138,Bastian Berenz,1685,2,0.0,3.0,AUT,,atp_rankings_2026_02_23.csv
2026-02-23,214292,Ignacio De Armas,1685,2,0.0,3.0,VEN,17,atp_rankings_2026_02_23.csv
2026-02-23,200199,Matteo De Vincentis,1685,2,0.0,3.0,ITA,27,atp_rankings_2026_02_23.csv
2026-02-23,209294,Diego Duran,1685,2,0.0,3.0,ESA,,atp_rankings_2026_02_23.csv
2026-02-23,210188,Petar Jovanovic,1685,2,0.0,3.0,MNE,22,atp_rankings_2026_02_23.csv
2026-02-23,212139,Vit Kalina,1685,2,0.0,3.0,CZE,20,atp_rankings_2026_02_23.csv
2026-02-23,214276,Min Ho Ko,1685,2,0.0,3.0,KOR,18,atp_rankings_2026_02_23.csv
2026-02-23,212476,Noritaka Koizumi,1685,2,0.0,3.0,JPN,22,atp_rankings_2026_02_23.csv
2026-02-23,212023,Oscar Lacides,1685,2,0.0,3.0,GUD,21,atp_rankings_2026_02_23.csv
2026-02-23,105011,Illya Marchenko,1685,2,0.0,3.0,UKR,38,atp_rankings_2026_02_23.csv
2026-02-23,202234,Savva Polukhin,1685,2,0.0,3.0,RUS,27,atp_rankings_2026_02_23.csv
2026-02-23,200100,Tomas Rengel Sierra,1685,2,0.0,3.0,ARG,29,atp_rankings_2026_02_23.csv
2026-02-23,106138,Yaraslav Shyla,1685,2,0.0,3.0,BLR,32,atp_rankings_2026_02_23.csv
2026-02-23,208589,Nikita Volonski,1685,2,0.0,3.0,AUS,24,atp_rankings_2026_02_23.csv
2026-02-23,211741,Anthony Wright,1685,2,0.0,3.0,GBR,21,atp_rankings_2026_02_23.csv
2026-02-23,209206,Antonio Caruso,1700,2,0.0,5.0,ITA,26,atp_rankings_2026_02_23.csv
2026-02-23,214337,Eudald Gonzalez,1700,2,0.0,5.0,ESP,17,atp_rankings_2026_02_23.csv
2026-02-23,208821,Ondrej Horak,1700,2,0.0,5.0,CZE,23,atp_rankings_2026_02_23.csv
2026-02-23,213367,Emiliano Jorquera,1700,2,0.0,5.0,CAN,22,atp_rankings_2026_02_23.csv
2026-02-23,144896,Hao Sheng Koay,1700,2,0.0,5.0,MAS,27,atp_rankings_2026_02_23.csv
2026-02-23,213274,Eli Stephenson,1700,2,0.0,5.0,USA,21,atp_rankings_2026_02_23.csv
2026-02-23,124126,Sarp Agabigun,1706,2,0.0,8.0,TUR,28,atp_rankings_2026_02_23.csv
2026-02-23,211471,Henrik Bladelius,1706,2,0.0,8.0,SWE,21,atp_rankings_2026_02_23.csv
2026-02-23,212863,Benjamin Chelia,1706,2,1.0,239.0,ARG,17,atp_rankings_2026_02_23.csv
2026-02-23,210711,Francisco Tomas Geschwind,1706,2,0.0,8.0,ARG,22,atp_rankings_2026_02_23.csv
2026-02-23,214202,Gus Grumet,1706,2,0.0,8.0,USA,18,atp_rankings_2026_02_23.csv
2026-02-23,213823,Federico Guarducci,1706,2,0.0,8.0,ITA,21,atp_rankings_2026_02_23.csv
2026-02-23,202155,Yeongseok Jeong,1706,2,0.0,8.0,KOR,25,atp_rankings_2026_02_23.csv
2026-02-23,212758,Jarrod Joyce,1706,2,0.0,8.0,AUS,19,atp_rankings_2026_02_23.csv
2026-02-23,212669,Botond Kisantal,1706,2,0.0,8.0,HUN,20,atp_rankings_2026_02_23.csv
2026-02-23,212851,Espen Lagarde,1706,2,0.0,8.0,FRA,24,atp_rankings_2026_02_23.csv
2026-02-23,213069,Gasper Matijasic,1706,2,0.0,8.0,SLO,,atp_rankings_2026_02_23.csv
2026-02-23,116985,Petr Michnev,1706,2,0.0,8.0,CZE,36,atp_rankings_2026_02_23.csv
2026-02-23,211587,Diogo Morais,1706,2,0.0,8.0,POR,21,atp_rankings_2026_02_23.csv
2026-02-23,125843,Ren Nakamura,1706,2,0.0,8.0,JPN,31,atp_rankings_2026_02_23.csv
2026-02-23,210081,Viacheslav Ovchinnikov,1706,2,0.0,8.0,RUS,23,atp_rankings_2026_02_23.csv
2026-02-23,213964,Bengt Johan Reinhard,1706,2,0.0,8.0,GER,18,atp_rankings_2026_02_23.csv
2026-02-23,207587,Martins Rocens,1706,2,0.0,8.0,LAT,25,atp_rankings_2026_02_23.csv
2026-02-23,213907,Christian Wedel,1706,2,0.0,8.0,GER,,atp_rankings_2026_02_23.csv
2026-02-23,214264,Jerrid Gaines,1724,2,0.0,-19.0,USA,16,atp_rankings_2026_02_23.csv
2026-02-23,213873,Benjamin Perez,1724,2,0.0,8.0,CHI,18,atp_rankings_2026_02_23.csv
2026-02-23,212854,Felipe Virgili Berini,1724,2,0.0,8.0,ITA,21,atp_rankings_2026_02_23.csv
2026-02-23,212462,Evan Burnett,1727,2,0.0,7.0,USA,19,atp_rankings_2026_02_23.csv
2026-02-23,,Hugo Cardinaud,1727,2,0.0,7.0,,,atp_rankings_2026_02_23.csv
2026-02-23,212129,Mariano Dedura Palomero,1727,2,0.0,31.0,GER,20,atp_rankings_2026_02_23.csv
2026-02-23,212929,Nikola Djukic Valera,1727,2,1.0,320.0,ESP,,atp_rankings_2026_02_23.csv
2026-02-23,210403,Ivan Dreycopp,1727,2,0.0,7.0,ARG,22,atp_rankings_2026_02_23.csv
2026-02-23,213767,Alexander Glomb,1727,2,0.0,7.0,GER,,atp_rankings_2026_02_23.csv
2026-02-23,200662,Toru Horie,1727,2,0.0,7.0,JPN,26,atp_rankings_2026_02_23.csv
2026-02-23,212150,Oskar Jansson,1727,2,0.0,7.0,SWE,21,atp_rankings_2026_02_23.csv
2026-02-23,207256,Admir Kalender,1727,2,0.0,7.0,CRO,25,atp_rankings_2026_02_23.csv
2026-02-23,210248,Jakub Kroslak,1727,2,0.0,7.0,SVK,22,atp_rankings_2026_02_23.csv
2026-02-23,207431,Lewie Lane,1727,2,0.0,7.0,GER,25,atp_rankings_2026_02_23.csv
2026-02-23,134113,Cing Yang Meng,1727,2,0.0,7.0,TPE,27,atp_rankings_2026_02_23.csv
2026-02-23,210060,Aleksandar Mihailovic,1727,2,0.0,7.0,SRB,23,atp_rankings_2026_02_23.csv
2026-02-23,212953,Ilija Palavestra,1727,2,0.0,7.0,USA,,atp_rankings_2026_02_23.csv
2026-02-23,213980,Arnav Paparkar,1727,2,0.0,7.0,IND,18,atp_rankings_2026_02_23.csv
2026-02-23,200703,Bogdan Pavel,1727,2,-1.0,-147.0,ROU,26,atp_rankings_2026_02_23.csv
2026-02-23,202363,Fabien Salle,1727,2,0.0,31.0,FRA,26,atp_rankings_2026_02_23.csv
2026-02-23,210170,Noah Schlagenhauf,1727,2,0.0,7.0,GER,23,atp_rankings_2026_02_23.csv
2026-02-23,213553,Dmytro Shirokyi,1727,2,0.0,7.0,UKR,19,atp_rankings_2026_02_23.csv
2026-02-23,213151,Flynn Thomas,1727,2,0.0,-13.0,SUI,,atp_rankings_2026_02_23.csv
2026-02-23,200205,Valentin Vanta,1727,2,0.0,7.0,ROU,28,atp_rankings_2026_02_23.csv
2026-02-23,209199,Ilias Zimmermann,1727,2,0.0,7.0,SUI,,atp_rankings_2026_02_23.csv
2026-02-23,209238,Sebastian Dominguez,1749,2,0.0,5.0,GUA,23,atp_rankings_2026_02_23.csv
2026-02-23,214214,Daniel Jovanovski,1749,2,0.0,5.0,AUS,18,atp_rankings_2026_02_23.csv
2026-02-23,208315,Javier Molino,1749,2,0.0,5.0,ESP,24,atp_rankings_2026_02_23.csv
2026-02-23,208052,Matthew Segura,1749,2,0.0,5.0,USA,25,atp_rankings_2026_02_23.csv
2026-02-23,210308,Stylianos Christodoulou,1753,2,0.0,5.0,CYP,21,atp_rankings_2026_02_23.csv
2026-02-23,212876,Pedro Andre De Almeida Santos,1753,2,0.0,5.0,BRA,21,atp_rankings_2026_02_23.csv
2026-02-23,212883,Andres Delgadillo,1753,2,0.0,33.0,MEX,,atp_rankings_2026_02_23.csv
2026-02-23,210729,Hamza El Amine,1753,2,0.0,5.0,MAR,21,atp_rankings_2026_02_23.csv
2026-02-23,214139,Nicola Ion,1753,2,0.0,5.0,CAN,,atp_rankings_2026_02_23.csv
2026-02-23,213576,Matt Kleiman,1753,2,0.0,5.0,USA,,atp_rankings_2026_02_23.csv
2026-02-23,214082,Justin Lenders,1753,2,0.0,-19.0,SUI,,atp_rankings_2026_02_23.csv
2026-02-23,211701,Jules Leroux,1753,2,0.0,5.0,FRA,20,atp_rankings_2026_02_23.csv
2026-02-23,200455,Aliaksandr Liaonenka,1753,2,0.0,5.0,BLR,26,atp_rankings_2026_02_23.csv
2026-02-23,212545,Henry Lieberman,1753,2,0.0,5.0,USA,25,atp_rankings_2026_02_23.csv
2026-02-23,213461,Andrea Mchich,1753,2,0.0,5.0,FRA,20,atp_rankings_2026_02_23.csv
2026-02-23,213287,Diego Ortiz Gamonsl,1753,2,0.0,5.0,CHI,22,atp_rankings_2026_02_23.csv
2026-02-23,132137,Tomislav Edward Papac,1753,2,0.0,5.0,AUS,30,atp_rankings_2026_02_23.csv
2026-02-23,210114,Julien Penzlin,1753,2,0.0,5.0,GER,23,atp_rankings_2026_02_23.csv
2026-02-23,214266,Stefan Ilie Bogdan Petre,1753,2,0.0,5.0,ROU,17,atp_rankings_2026_02_23.csv
2026-02-23,213186,David Petrovic,1753,2,0.0,5.0,GER,21,atp_rankings_2026_02_23.csv
2026-02-23,207958,Roman Postolka,1753,2,0.0,5.0,CZE,26,atp_rankings_2026_02_23.csv
2026-02-23,210287,Noah Regas Luis,1753,2,0.0,-19.0,ESP,21,atp_rankings_2026_02_23.csv
2026-02-23,213135,Ruslan Serazhetdinov,1753,2,0.0,5.0,RUS,20,atp_rankings_2026_02_23.csv
2026-02-23,209870,Gunawan Trismuwantara,1753,2,0.0,5.0,INA,23,atp_rankings_2026_02_23.csv
2026-02-23,210704,Kian Vakili,1753,2,0.0,5.0,USA,22,atp_rankings_2026_02_23.csv
2026-02-23,106210,Jiri Vesely,1753,2,-2.0,-283.0,CZE,32,atp_rankings_2026_02_23.csv
2026-02-23,212459,Kai I Wang,1753,2,0.0,5.0,TPE,21,atp_rankings_2026_02_23.csv
2026-02-23,212890,Caheer Warik,1753,2,0.0,5.0,IND,,atp_rankings_2026_02_23.csv
2026-02-23,214037,Jan Wygona,1753,2,0.0,5.0,POL,,atp_rankings_2026_02_23.csv
2026-02-23,207370,Ryusuke Horiuchi,1778,2,0.0,4.0,JPN,27,atp_rankings_2026_02_23.csv
2026-02-23,212180,Shaoyun Liu,1778,2,0.0,4.0,CHN,24,atp_rankings_2026_02_23.csv
2026-02-23,209035,Mikel Martinez,1778,2,0.0,32.0,ESP,25,atp_rankings_2026_02_23.csv
2026-02-23,213930,Zangar Nurlanuly,1778,2,0.0,4.0,KAZ,17,atp_rankings_2026_02_23.csv
2026-02-23,122649,Photos Photiades,1778,2,0.0,4.0,CYP,22,atp_rankings_2026_02_23.csv
2026-02-23,208154,Laurin Aerne,1783,2,0.0,3.0,SUI,27,atp_rankings_2026_02_23.csv
2026-02-23,210101,Simone Agostini,1783,2,0.0,3.0,ITA,28,atp_rankings_2026_02_23.csv
2026-02-23,212632,Peter Alam,1783,2,0.0,30.0,GBR,23,atp_rankings_2026_02_23.csv
2026-02-23,105029,Sergey Betov,1783,2,0.0,3.0,BLR,38,atp_rankings_2026_02_23.csv
2026-02-23,212473,Miles Clark,1783,2,0.0,3.0,USA,,atp_rankings_2026_02_23.csv
2026-02-23,213885,Nav Dayal,1783,2,0.0,3.0,USA,,atp_rankings_2026_02_23.csv
2026-02-23,210454,Jesse De Jager,1783,2,0.0,3.0,NED,23,atp_rankings_2026_02_23.csv
2026-02-23,210396,Dmitry Dolzhenkov,1783,2,0.0,3.0,RUS,21,atp_rankings_2026_02_23.csv
2026-02-23,208197,Ammar Elamin,1783,2,0.0,3.0,IRL,23,atp_rankings_2026_02_23.csv
2026-02-23,200419,Jonas Eriksson Ziverts,1783,2,0.0,3.0,SWE,27,atp_rankings_2026_02_23.csv
2026-02-23,200622,Hernando Jose Escurra Isnardi,1783,2,0.0,30.0,PAR,28,atp_rankings_2026_02_23.csv
2026-02-23,200187,Luc Fomba,1783,2,0.0,3.0,FRA,27,atp_rankings_2026_02_23.csv
2026-02-23,210649,Giammarco Gandolfi,1783,2,0.0,3.0,ITA,22,atp_rankings_2026_02_23.csv
2026-02-23,212232,Yeonsu Jeong,1783,2,0.0,3.0,KOR,,atp_rankings_2026_02_23.csv
2026-02-23,213185,Makar Krivoshchekov,1783,2,0.0,3.0,RUS,20,atp_rankings_2026_02_23.csv
2026-02-23,211742,Daniel Lara Salmeron,1783,2,0.0,3.0,ESP,24,atp_rankings_2026_02_23.csv
2026-02-23,212272,Nikos Lehmann,1783,2,-1.0,-173.0,ARG,20,atp_rankings_2026_02_23.csv
2026-02-23,213373,William Nolan,1783,2,1.0,358.0,GBR,22,atp_rankings_2026_02_23.csv
2026-02-23,213979,Kunanan Pantaratorn,1783,2,0.0,3.0,THA,17,atp_rankings_2026_02_23.csv
2026-02-23,207972,Minjong Park,1783,2,0.0,3.0,KOR,24,atp_rankings_2026_02_23.csv
2026-02-23,213716,Yoshka Sborowsky,1783,2,0.0,3.0,FRA,,atp_rankings_2026_02_23.csv
2026-02-23,200479,Luke Simkiss,1783,2,0.0,3.0,GBR,27,atp_rankings_2026_02_23.csv
2026-02-23,138467,Marvin Bernardo Becker Spiering,1783,2,0.0,3.0,BRA,28,atp_rankings_2026_02_23.csv
2026-02-23,213532,Stefan Storch,1783,2,0.0,3.0,AUS,,atp_rankings_2026_02_23.csv
2026-02-23,213588,Esteban Talavera Cortes,1783,2,0.0,-25.0,ESP,,atp_rankings_2026_02_23.csv
2026-02-23,212498,Benoit Torcq,1783,2,0.0,3.0,BEL,20,atp_rankings_2026_02_23.csv
2026-02-23,212751,Raphael Vaksmann,1783,2,0.0,3.0,FRA,,atp_rankings_2026_02_23.csv
2026-02-23,202357,Bang Shuo Yin,1783,2,0.0,3.0,TPE,26,atp_rankings_2026_02_23.csv
2026-02-23,212089,Kane Bonsach Ganley,1811,2,0.0,-1.0,DEN,21,atp_rankings_2026_02_23.csv
2026-02-23,209117,Marco Furlanetto,1811,2,0.0,-1.0,ITA,24,atp_rankings_2026_02_23.csv
2026-02-23,210092,Filiberto Fumagalli,1813,2,0.0,0.0,ITA,23,atp_rankings_2026_02_23.csv
2026-02-23,213298,Carl Holder,1813,2,0.0,0.0,FRA,19,atp_rankings_2026_02_23.csv
2026-02-23,212711,Daniel Jade,1813,2,0.0,0.0,FRA,16,atp_rankings_2026_02_23.csv
2026-02-23,214111,Tomas Jordi Leston,1813,2,0.0,0.0,ARG,,atp_rankings_2026_02_23.csv
2026-02-23,213810,Alex Santino Nunez Vera,1813,2,0.0,0.0,PAR,18,atp_rankings_2026_02_23.csv
2026-02-23,210331,Alessandro Spadola,1813,2,0.0,0.0,ITA,22,atp_rankings_2026_02_23.csv
2026-02-23,212294,Matei Todoran,1813,2,0.0,0.0,ROU,,atp_rankings_2026_02_23.csv
2026-02-23,210666,Ha Minh Duc Vu,1813,2,0.0,0.0,VIE,22,atp_rankings_2026_02_23.csv
2026-02-23,208542,Linghao Zhang,1813,2,0.0,0.0,CHN,23,atp_rankings_2026_02_23.csv
2026-02-23,208726,Alberto Odiseo Alvarado Berrospi,1822,2,0.0,5.0,PER,25,atp_rankings_2026_02_23.csv
2026-02-23,212919,Ivan Biletic,1822,2,1.0,377.0,BIH,19,atp_rankings_2026_02_23.csv
2026-02-23,123847,Bogdan Bobrov,1822,2,0.0,5.0,RUS,28,atp_rankings_2026_02_23.csv
2026-02-23,210434,Charlie Camus,1822,2,0.0,5.0,FRA,19,atp_rankings_2026_02_23.csv
2026-02-23,,Alvaro Jimenez,1822,2,0.0,-9.0,,,atp_rankings_2026_02_23.csv
2026-02-23,206827,Alan Sau Franco,1822,2,0.0,-9.0,MEX,25,atp_rankings_2026_02_23.csv
2026-02-23,208504,Daiki Yoshimura,1822,2,0.0,5.0,JPN,23,atp_rankings_2026_02_23.csv
2026-02-23,210315,Pietro Pampanin,1829,2,0.0,8.0,ITA,23,atp_rankings_2026_02_23.csv
2026-02-23,209267,Vesa Ahti,1830,2,0.0,1.0,FIN,26,atp_rankings_2026_02_23.csv
2026-02-23,212724,Anas Bennour Dit Sahli,1830,2,0.0,1.0,TUN,19,atp_rankings_2026_02_23.csv
2026-02-23,210670,Sasa Markovic,1830,2,0.0,1.0,SRB,20,atp_rankings_2026_02_23.csv
2026-02-23,212923,Hugo Ouzilou,1830,2,0.0,1.0,SUI,22,atp_rankings_2026_02_23.csv
2026-02-23,212289,Tom Sickenberger,1830,2,0.0,1.0,GER,,atp_rankings_2026_02_23.csv
2026-02-23,213049,Mateya Stanisavljevic,1830,2,0.0,1.0,SRB,19,atp_rankings_2026_02_23.csv
2026-02-23,211454,Federico Valle,1830,2,-1.0,-201.0,ITA,25,atp_rankings_2026_02_23.csv
2026-02-23,210103,Luca Parenti,1837,2,0.0,1.0,ITA,22,atp_rankings_2026_02_23.csv
2026-02-23,211601,Alvaro Peiro Serrano,1837,2,0.0,3.0,ESP,21,atp_rankings_2026_02_23.csv
2026-02-23,202323,Arjun Mehrotra,1839,2,0.0,1.0,AUS,28,atp_rankings_2026_02_23.csv
2026-02-23,149108,Loic Namigandet Tenguere,1839,2,0.0,1.0,FRA,27,atp_rankings_2026_02_23.csv
2026-02-23,210032,Pierre Antoine Tailleu,1839,2,0.0,1.0,FRA,22,atp_rankings_2026_02_23.csv
2026-02-23,212260,Rocco Valente,1839,2,0.0,6.0,ARG,21,atp_rankings_2026_02_23.csv
2026-02-23,132018,Drew Van Orderlain,1839,2,0.0,6.0,USA,31,atp_rankings_2026_02_23.csv
2026-02-23,206905,Louis Herman,1844,2,0.0,-5.0,BEL,24,atp_rankings_2026_02_23.csv
2026-02-23,,Ignasi Forcano Aparicio,1845,2,0.0,0.0,,,atp_rankings_2026_02_23.csv
2026-02-23,213494,Bogdan Seleznev,1845,2,0.0,0.0,RUS,23,atp_rankings_2026_02_23.csv
2026-02-23,200045,Anthony Susanto,1845,2,0.0,0.0,INA,28,atp_rankings_2026_02_23.csv
2026-02-23,212130,Mariano Tammaro,1845,2,-1.0,-202.0,ITA,21,atp_rankings_2026_02_23.csv
2026-02-23,202314,Parth Aggarwal,1849,2,0.0,1.0,IND,28,atp_rankings_2026_02_23.csv
2026-02-23,110773,Issei Okamura,1850,2,-1.0,-202.0,JPN,33,atp_rankings_2026_02_23.csv
2026-02-23,207463,Sheng Tang,1851,2,0.0,0.0,CHN,26,atp_rankings_2026_02_23.csv
2026-02-23,214385,Motoharu Abe,1852,1,0.0,0.0,JPN,17,atp_rankings_2026_02_23.csv
2026-02-23,126732,Eric Ahren Moonga,1852,1,0.0,0.0,SWE,30,atp_rankings_2026_02_23.csv
2026-02-23,213849,Artur Aiukhanov,1852,1,0.0,0.0,RUS,20,atp_rankings_2026_02_23.csv
2026-02-23,105618,Juan Samuel Arauzo Martinez,1852,1,0.0,0.0,ESP,35,atp_rankings_2026_02_23.csv
2026-02-23,211458,Nathan Anthony Barki,1852,1,0.0,0.0,INA,21,atp_rankings_2026_02_23.csv
2026-02-23,214283,Juan Ignacio Barraza,1852,1,0.0,0.0,ARG,24,atp_rankings_2026_02_23.csv
2026-02-23,213966,Jerry Barton,1852,1,0.0,0.0,USA,22,atp_rankings_2026_02_23.csv
2026-02-23,212712,Alexis Berquier,1852,1,0.0,0.0,FRA,,atp_rankings_2026_02_23.csv
2026-02-23,209093,Juliusz Bienkiewicz,1852,1,0.0,0.0,POL,,atp_rankings_2026_02_23.csv
2026-02-23,210211,Omar Brigida,1852,1,0.0,0.0,ITA,26,atp_rankings_2026_02_23.csv
2026-02-23,213942,Tighe Brunetti,1852,1,0.0,0.0,USA,22,atp_rankings_2026_02_23.csv
2026-02-23,214301,Matthew Carroll,1852,1,0.0,0.0,GBR,,atp_rankings_2026_02_23.csv
2026-02-23,209991,Hanamichi Carvajal,1852,1,0.0,0.0,CHI,23,atp_rankings_2026_02_23.csv
2026-02-23,212517,Marcos Castro Fabra,1852,1,0.0,0.0,ESP,18,atp_rankings_2026_02_23.csv
2026-02-23,213115,Elijah Cham,1852,1,0.0,0.0,AUS,,atp_rankings_2026_02_23.csv
2026-02-23,214377,Tito Chavez,1852,1,0.0,0.0,ESP,18,atp_rankings_2026_02_23.csv
2026-02-23,211730,Sandesh Dattatray Kurale,1852,1,0.0,0.0,IND,,atp_rankings_2026_02_23.csv
2026-02-23,209933,Clement Deleersnyder,1852,1,0.0,0.0,FRA,24,atp_rankings_2026_02_23.csv
2026-02-23,214218,Malanqi Du,1852,1,0.0,0.0,CHN,23,atp_rankings_2026_02_23.csv
2026-02-23,214308,Tomas Dummer Macedo,1852,1,0.0,0.0,BRA,17,atp_rankings_2026_02_23.csv
2026-02-23,211685,Birtan Duran,1852,1,0.0,0.0,TUR,21,atp_rankings_2026_02_23.csv
2026-02-23,214353,Gian Durrer,1852,1,0.0,0.0,SUI,21,atp_rankings_2026_02_23.csv
2026-02-23,212072,Samyar Elyasi,1852,1,0.0,0.0,IRI,21,atp_rankings_2026_02_23.csv
2026-02-23,213671,Roberto Ferrer Guimaraes,1852,1,0.0,0.0,USA,,atp_rankings_2026_02_23.csv
2026-02-23,213904,Xavier Ferrer Mateo,1852,1,0.0,0.0,ESP,19,atp_rankings_2026_02_23.csv
2026-02-23,214248,Oriol Font,1852,1,0.0,0.0,ESP,20,atp_rankings_2026_02_23.csv
2026-02-23,202307,Alejandro Garcia,1852,1,0.0,0.0,ESP,24,atp_rankings_2026_02_23.csv
2026-02-23,214312,Rafael Augusto Garcia Finetto,1852,1,0.0,0.0,BRA,18,atp_rankings_2026_02_23.csv
2026-02-23,214310,Pietro Gava,1852,1,0.0,0.0,BRA,16,atp_rankings_2026_02_23.csv
2026-02-23,213263,Christoph Gayk,1852,1,0.0,0.0,GER,20,atp_rankings_2026_02_23.csv
2026-02-23,206625,Daniil Golubev,1852,1,0.0,0.0,RUS,24,atp_rankings_2026_02_23.csv
2026-02-23,212927,Spencer Gray,1852,1,0.0,0.0,USA,24,atp_rankings_2026_02_23.csv
2026-02-23,213868,Maxim Groysman,1852,1,0.0,0.0,USA,,atp_rankings_2026_02_23.csv
2026-02-23,214364,Alexander Gschiel,1852,1,0.0,0.0,AUT,18,atp_rankings_2026_02_23.csv
2026-02-23,213028,Kornel Halmos,1852,1,0.0,0.0,HUN,19,atp_rankings_2026_02_23.csv
2026-02-23,213142,Bryan Hernandez Cortes,1852,1,0.0,0.0,ESP,19,atp_rankings_2026_02_23.csv
2026-02-23,213342,David Jeanne Grandinot,1852,1,0.0,0.0,FRA,23,atp_rankings_2026_02_23.csv
2026-02-23,127195,Hamza Karmoussi,1852,1,0.0,0.0,MAR,,atp_rankings_2026_02_23.csv
2026-02-23,211608,Nicolas Kobelt,1852,1,0.0,0.0,SUI,21,atp_rankings_2026_02_23.csv
2026-02-23,212521,Thomas Kostka,1852,1,0.0,0.0,FRA,22,atp_rankings_2026_02_23.csv
2026-02-23,210159,Tomas Lanik,1852,1,0.0,0.0,SVK,23,atp_rankings_2026_02_23.csv
2026-02-23,214265,Jordan Lee,1852,1,0.0,0.0,USA,15,atp_rankings_2026_02_23.csv
2026-02-23,214333,Woong Bi Lee,1852,1,0.0,0.0,KOR,20,atp_rankings_2026_02_23.csv
2026-02-23,214233,Woong Chan Lee,1852,1,0.0,0.0,KOR,17,atp_rankings_2026_02_23.csv
2026-02-23,214294,Augusto Mateo Lucarelli,1852,1,0.0,0.0,ARG,19,atp_rankings_2026_02_23.csv
2026-02-23,148678,Cyrus Mahjoob,1852,1,0.0,0.0,USA,20,atp_rankings_2026_02_23.csv
2026-02-23,214251,Noah Martens,1852,1,0.0,0.0,BEL,23,atp_rankings_2026_02_23.csv
2026-02-23,214099,Kaspar Mathes,1852,1,0.0,0.0,GER,,atp_rankings_2026_02_23.csv
2026-02-23,144988,Joel Meda,1852,1,0.0,0.0,CIV,31,atp_rankings_2026_02_23.csv
2026-02-23,212707,Moein Moazam,1852,1,0.0,0.0,IRI,23,atp_rankings_2026_02_23.csv
2026-02-23,204737,Alejandro Moreno,1852,1,0.0,0.0,MEX,36,atp_rankings_2026_02_23.csv
2026-02-23,214306,Juan Francisco Munoz,1852,1,0.0,0.0,MEX,18,atp_rankings_2026_02_23.csv
2026-02-23,149283,Freddy Murray,1852,1,0.0,0.0,IRL,22,atp_rankings_2026_02_23.csv
2026-02-23,208718,Mason Naumovski,1852,1,0.0,0.0,AUS,25,atp_rankings_2026_02_23.csv
2026-02-23,214100,Niklas Niggemann,1852,1,0.0,0.0,GER,23,atp_rankings_2026_02_23.csv
2026-02-23,212909,Dingzheng Nima,1852,1,0.0,0.0,CHN,21,atp_rankings_2026_02_23.csv
2026-02-23,213934,Ricard Novell,1852,1,0.0,0.0,ESP,,atp_rankings_2026_02_23.csv
2026-02-23,210133,Valdemar Frederik Pape,1852,1,0.0,0.0,DEN,22,atp_rankings_2026_02_23.csv
2026-02-23,123896,Matija Pecotic,1852,1,0.0,0.0,CRO,36,atp_rankings_2026_02_23.csv
2026-02-23,214254,Roberto Perez Socas,1852,1,0.0,0.0,ESP,18,atp_rankings_2026_02_23.csv
2026-02-23,209865,Peter Benjamin Privara,1852,1,0.0,0.0,SVK,21,atp_rankings_2026_02_23.csv
2026-02-23,214426,Felix Raser,1852,1,,,AUT,16,atp_rankings_2026_02_23.csv
2026-02-23,214160,Henry Ren,1852,1,0.0,0.0,CAN,22,atp_rankings_2026_02_23.csv
2026-02-23,213302,Rodrigo Reyna,1852,1,0.0,0.0,MEX,27,atp_rankings_2026_02_23.csv
2026-02-23,211603,Freddie Ridout,1852,1,0.0,0.0,GBR,,atp_rankings_2026_02_23.csv
2026-02-23,209880,Carl Roothman,1852,1,0.0,0.0,RSA,23,atp_rankings_2026_02_23.csv
2026-02-23,213837,Agassi Rusher,1852,1,0.0,0.0,USA,,atp_rankings_2026_02_23.csv
2026-02-23,134423,Leevi Saatela,1852,1,0.0,0.0,FIN,30,atp_rankings_2026_02_23.csv
2026-02-23,105816,Batyr Sapaev,1852,1,0.0,0.0,UZB,34,atp_rankings_2026_02_23.csv
2026-02-23,214024,Djordje Sapic,1852,1,0.0,0.0,SRB,,atp_rankings_2026_02_23.csv
2026-02-23,214271,Mauricio Schtulmann Gasca,1852,1,0.0,0.0,MEX,17,atp_rankings_2026_02_23.csv
2026-02-23,209948,Jan Sebesta,1852,1,0.0,0.0,SUI,22,atp_rankings_2026_02_23.csv
2026-02-23,213761,Jack Secord,1852,1,0.0,0.0,USA,,atp_rankings_2026_02_23.csv
2026-02-23,214372,Rajat Shirur,1852,1,0.0,0.0,USA,18,atp_rankings_2026_02_23.csv
2026-02-23,213999,Leon Sloboda,1852,1,0.0,0.0,SVK,,atp_rankings_2026_02_23.csv
2026-02-23,213723,Stephen Slocombe,1852,1,0.0,0.0,BAR,22,atp_rankings_2026_02_23.csv
2026-02-23,210162,Harry Thursfield,1852,1,0.0,0.0,GBR,25,atp_rankings_2026_02_23.csv
2026-02-23,208329,Maximilian Todorov,1852,1,0.0,0.0,GER,26,atp_rankings_2026_02_23.csv
2026-02-23,214045,Ryan Torres,1852,1,0.0,0.0,PHI,,atp_rankings_2026_02_23.csv
2026-02-23,207586,Justas Trainauskas,1852,1,0.0,0.0,LTU,24,atp_rankings_2026_02_23.csv
2026-02-23,214077,Vaal Urankar,1852,1,0.0,0.0,SLO,20,atp_rankings_2026_02_23.csv
2026-02-23,210356,Andres Urquiola Montellano,1852,1,0.0,0.0,BOL,21,atp_rankings_2026_02_23.csv
2026-02-23,125804,Brandon Walkin,1852,1,0.0,0.0,GBR,31,atp_rankings_2026_02_23.csv
2026-02-23,214307,Ids Waterbolk,1852,1,0.0,0.0,NED,24,atp_rankings_2026_02_23.csv
2026-02-23,213937,Dawid Wisniewski,1852,1,0.0,0.0,POL,,atp_rankings_2026_02_23.csv
2026-02-23,214390,Antonin Witz,1852,1,0.0,0.0,FRA,17,atp_rankings_2026_02_23.csv
2026-02-23,127894,Yusuke Yoshikawa,1852,1,0.0,0.0,JPN,31,atp_rankings_2026_02_23.csv
2026-02-23,214132,William Zhang,1852,1,0.0,0.0,USA,,atp_rankings_2026_02_23.csv
2026-02-23,214010,Shixun Zhu,1852,1,0.0,0.0,CHN,,atp_rankings_2026_02_23.csv
2026-02-23,206738,Bader Alabdullah,1941,1,0.0,4.0,KUW,23,atp_rankings_2026_02_23.csv
2026-02-23,214280,Fantino Alberca,1941,1,0.0,4.0,ARG,21,atp_rankings_2026_02_23.csv
2026-02-23,212493,Ramiro Amarilla,1941,1,0.0,4.0,ARG,24,atp_rankings_2026_02_23.csv
2026-02-23,144727,Joao Antonio,1941,1,0.0,4.0,POR,26,atp_rankings_2026_02_23.csv
2026-02-23,149100,Romeo Arcuschin,1941,1,0.0,4.0,ARG,,atp_rankings_2026_02_23.csv
2026-02-23,214008,David Asenov,1941,1,0.0,4.0,CAN,,atp_rankings_2026_02_23.csv
2026-02-23,212123,Sergio Badini,1941,1,0.0,4.0,ITA,21,atp_rankings_2026_02_23.csv
2026-02-23,213950,Nicolas Baena,1941,1,0.0,4.0,PER,18,atp_rankings_2026_02_23.csv
2026-02-23,214232,Lorenzo Balducci,1941,1,0.0,4.0,ITA,18,atp_rankings_2026_02_23.csv
2026-02-23,214211,Arian Barbic,1941,1,0.0,4.0,GER,17,atp_rankings_2026_02_23.csv
2026-02-23,212796,Tristan Berard,1941,1,0.0,4.0,FRA,,atp_rankings_2026_02_23.csv
2026-02-23,212601,Luka Bojicic Ono,1941,1,0.0,4.0,BRA,21,atp_rankings_2026_02_23.csv
2026-02-23,213663,Maximilian Borisov,1941,1,0.0,4.0,BUL,,atp_rankings_2026_02_23.csv
2026-02-23,210440,Federico Bove,1941,1,0.0,4.0,ITA,27,atp_rankings_2026_02_23.csv
2026-02-23,212668,Tyler Bowers,1941,1,0.0,4.0,USA,23,atp_rankings_2026_02_23.csv
2026-02-23,213711,Dario Alexandru Ciobotaru,1941,1,0.0,4.0,ROU,,atp_rankings_2026_02_23.csv
2026-02-23,208672,Jose Luis Claro,1941,1,0.0,4.0,PER,22,atp_rankings_2026_02_23.csv
2026-02-23,214154,Enrique Collar,1941,1,0.0,4.0,ESP,18,atp_rankings_2026_02_23.csv
2026-02-23,214241,Sasha Colleu,1941,1,0.0,4.0,FRA,,atp_rankings_2026_02_23.csv
2026-02-23,214165,Joao Pedro Didoni Bonini,1941,1,0.0,4.0,BRA,18,atp_rankings_2026_02_23.csv
2026-02-23,202153,Sid Donarski,1941,1,0.0,4.0,CAN,28,atp_rankings_2026_02_23.csv
2026-02-23,211402,Mikhail Dubrouski,1941,1,0.0,4.0,BLR,,atp_rankings_2026_02_23.csv
2026-02-23,213629,Vincent Dullinger,1941,1,0.0,-89.0,GER,,atp_rankings_2026_02_23.csv
2026-02-23,210260,Gabriel Elicha Navas,1941,1,0.0,4.0,ESP,22,atp_rankings_2026_02_23.csv
2026-02-23,214131,Edward Etty,1941,1,0.0,4.0,NED,24,atp_rankings_2026_02_23.csv
2026-02-23,214133,Wen Bo Fan,1941,1,0.0,4.0,CHN,18,atp_rankings_2026_02_23.csv
2026-02-23,212720,Juan Carlos Fuentes Vasquez,1941,1,0.0,4.0,ESA,20,atp_rankings_2026_02_23.csv
2026-02-23,211353,Thomas Nicholas Gadecki,1941,1,0.0,4.0,AUS,20,atp_rankings_2026_02_23.csv
2026-02-23,214017,Jon Gamble,1941,1,0.0,-89.0,USA,,atp_rankings_2026_02_23.csv
2026-02-23,212996,Iker Gaztambide Arrastia,1941,1,0.0,4.0,ESP,21,atp_rankings_2026_02_23.csv
2026-02-23,210478,Sebastian Gorzny,1941,1,0.0,4.0,USA,22,atp_rankings_2026_02_23.csv
2026-02-23,211634,Tobia Grandinetti,1941,1,0.0,4.0,ARG,22,atp_rankings_2026_02_23.csv
2026-02-23,214124,Matteo Gribaldo,1941,1,0.0,4.0,ITA,,atp_rankings_2026_02_23.csv
2026-02-23,214083,Thomas Gunzinger,1941,1,0.0,4.0,SUI,,atp_rankings_2026_02_23.csv
2026-02-23,103665,Ryan Haviland,1941,1,0.0,4.0,USA,45,atp_rankings_2026_02_23.csv
2026-02-23,210151,Mark Havlicek,1941,1,0.0,4.0,CZE,22,atp_rankings_2026_02_23.csv
2026-02-23,209067,Hunter Heck,1941,1,0.0,4.0,USA,23,atp_rankings_2026_02_23.csv
2026-02-23,206716,Lukas Hellum Lilleengen,1941,1,0.0,4.0,NOR,25,atp_rankings_2026_02_23.csv
2026-02-23,213917,Yuya Hirose,1941,1,0.0,4.0,JPN,,atp_rankings_2026_02_23.csv
2026-02-23,214263,Matic Hribar,1941,1,0.0,4.0,SLO,18,atp_rankings_2026_02_23.csv
2026-02-23,214078,Leonardo Iemmi,1941,1,0.0,4.0,ITA,20,atp_rankings_2026_02_23.csv
2026-02-23,213959,Ilya Ignatov,1941,1,0.0,4.0,UZB,20,atp_rankings_2026_02_23.csv
2026-02-23,205905,Sergio Ingles Garre,1941,1,0.0,-89.0,ESP,26,atp_rankings_2026_02_23.csv
2026-02-23,208878,Ryder Jackson,1941,1,0.0,4.0,USA,20,atp_rankings_2026_02_23.csv
2026-02-23,212990,Alejandro Jacome Jaramillo,1941,1,0.0,4.0,ECU,,atp_rankings_2026_02_23.csv
2026-02-23,211472,Oliver Johansson,1941,1,0.0,4.0,SWE,,atp_rankings_2026_02_23.csv
2026-02-23,214011,Kaigaoge Kang,1941,1,0.0,4.0,CHN,,atp_rankings_2026_02_23.csv
2026-02-23,210112,Veljko Krstic,1941,1,0.0,4.0,SRB,22,atp_rankings_2026_02_23.csv
2026-02-23,214216,Anes Latifovic,1941,1,0.0,4.0,GER,20,atp_rankings_2026_02_23.csv
2026-02-23,214213,Rhys Lawlor,1941,1,0.0,4.0,GBR,17,atp_rankings_2026_02_23.csv
2026-02-23,210548,Tim Loosen,1941,1,0.0,4.0,GER,24,atp_rankings_2026_02_23.csv
2026-02-23,208848,Mikolaj Lorens,1941,1,0.0,4.0,POL,24,atp_rankings_2026_02_23.csv
2026-02-23,213931,Jun Hao Luo,1941,1,0.0,4.0,CHN,18,atp_rankings_2026_02_23.csv
2026-02-23,105747,Karim Mohamed Maamoun,1941,1,0.0,4.0,EGY,34,atp_rankings_2026_02_23.csv
2026-02-23,209328,Martin Maldonado,1941,1,0.0,4.0,ECU,,atp_rankings_2026_02_23.csv
2026-02-23,213971,Tomas Marin,1941,1,0.0,4.0,COL,,atp_rankings_2026_02_23.csv
2026-02-23,214367,Marco Migliorati,1941,1,0.0,4.0,ITA,22,atp_rankings_2026_02_23.csv
2026-02-23,212278,Milos Mikovic,1941,1,0.0,4.0,SRB,20,atp_rankings_2026_02_23.csv
2026-02-23,213005,Ali Missoum,1941,1,0.0,4.0,MAR,17,atp_rankings_2026_02_23.csv
2026-02-23,214355,Eyad Reda Ezzat Mohamed Sherif,1941,1,0.0,4.0,EGY,18,atp_rankings_2026_02_23.csv
2026-02-23,149157,Luis Jose Nakamine,1941,1,0.0,4.0,PER,19,atp_rankings_2026_02_23.csv
2026-02-23,211545,Seiya Nakanishi,1941,1,0.0,4.0,JPN,29,atp_rankings_2026_02_23.csv
2026-02-23,214373,Pierre Ngijol Carre,1941,1,0.0,4.0,FRA,,atp_rankings_2026_02_23.csv
2026-02-23,213793,Andy Nguyen,1941,1,0.0,4.0,USA,21,atp_rankings_2026_02_23.csv
2026-02-23,211489,Maximilian Oezcelik,1941,1,0.0,4.0,GER,,atp_rankings_2026_02_23.csv
2026-02-23,214600,Alexander Ikenna Okonkwo,1941,1,0.0,4.0,GBR,21,atp_rankings_2026_02_23.csv
2026-02-23,200075,Yshai Oliel,1941,1,0.0,4.0,ISR,26,atp_rankings_2026_02_23.csv
2026-02-23,214404,Oscar Pinto Sansano,1941,1,,,ESP,22,atp_rankings_2026_02_23.csv
2026-02-23,214172,Mattias Pisanu,1941,1,0.0,4.0,ITA,18,atp_rankings_2026_02_23.csv
2026-02-23,211592,Tadija Radovanovic,1941,1,0.0,4.0,SRB,25,atp_rankings_2026_02_23.csv
2026-02-23,211604,Yannik Rahman,1941,1,0.0,4.0,USA,,atp_rankings_2026_02_23.csv
2026-02-23,,Philippe Renard,1941,1,0.0,4.0,,,atp_rankings_2026_02_23.csv
2026-02-23,,Pablo Robledo,1941,1,0.0,4.0,,,atp_rankings_2026_02_23.csv
2026-02-23,214261,Lautaro Rocha,1941,1,0.0,4.0,ARG,18,atp_rankings_2026_02_23.csv
2026-02-23,200012,Tim Ruehl,1941,1,0.0,4.0,GER,27,atp_rankings_2026_02_23.csv
2026-02-23,214087,Jan Sadzik,1941,1,0.0,4.0,POL,17,atp_rankings_2026_02_23.csv
2026-02-23,213651,Agustin Salazar Salazar,1941,1,0.0,4.0,MEX,22,atp_rankings_2026_02_23.csv
2026-02-23,105688,Manuel Sanchez,1941,1,0.0,4.0,MEX,35,atp_rankings_2026_02_23.csv
2026-02-23,208418,Jonas Schaer,1941,1,0.0,4.0,SUI,25,atp_rankings_2026_02_23.csv
2026-02-23,210467,Rafael Segado Esteve,1941,1,0.0,4.0,ESP,19,atp_rankings_2026_02_23.csv
2026-02-23,213173,Nicola Senn,1941,1,0.0,106.0,SUI,,atp_rankings_2026_02_23.csv
2026-02-23,214328,Andre Souza,1941,1,0.0,4.0,BRA,23,atp_rankings_2026_02_23.csv
2026-02-23,214031,Nicholas Steiglehner,1941,1,0.0,4.0,USA,21,atp_rankings_2026_02_23.csv
2026-02-23,211607,Filip Stidell,1941,1,0.0,4.0,SWE,20,atp_rankings_2026_02_23.csv
2026-02-23,208301,Gustaf Strom,1941,1,0.0,4.0,SWE,24,atp_rankings_2026_02_23.csv
2026-02-23,214290,Leonardo Suarez,1941,1,0.0,4.0,BOL,17,atp_rankings_2026_02_23.csv
2026-02-23,213981,Elias Sumann,1941,1,0.0,4.0,AUT,20,atp_rankings_2026_02_23.csv
2026-02-23,210702,Jinpeng Tang,1941,1,0.0,4.0,CHN,19,atp_rankings_2026_02_23.csv
2026-02-23,214068,Daniel Tazabekov,1941,1,0.0,4.0,KAZ,18,atp_rankings_2026_02_23.csv
2026-02-23,214142,Kai Thompson,1941,1,0.0,4.0,HKG,,atp_rankings_2026_02_23.csv
2026-02-23,213020,Aadarsh Tripathi,1941,1,0.0,4.0,USA,22,atp_rankings_2026_02_23.csv
2026-02-23,212705,Nathan Trouve,1941,1,0.0,4.0,FRA,20,atp_rankings_2026_02_23.csv
2026-02-23,213869,Abdulaziz Usmonjonov,1941,1,0.0,4.0,UZB,,atp_rankings_2026_02_23.csv
2026-02-23,214297,Julian Valenzuela,1941,1,0.0,4.0,CHI,18,atp_rankings_2026_02_23.csv
2026-02-23,210206,Jip Van Assendelft,1941,1,0.0,4.0,NED,23,atp_rankings_2026_02_23.csv
2026-02-23,207725,Niels Peter Van Noord,1941,1,-4.0,-582.0,CAN,25,atp_rankings_2026_02_23.csv
2026-02-23,212869,Franco Ariel Vazquez,1941,1,0.0,4.0,ARG,,atp_rankings_2026_02_23.csv
2026-02-23,212099,Benjamin Vitter,1941,1,0.0,4.0,FRA,23,atp_rankings_2026_02_23.csv
2026-02-23,211563,Aaron James Williams,1941,1,0.0,4.0,GER,22,atp_rankings_2026_02_23.csv
2026-02-23,214358,Finn Willman,1941,1,0.0,4.0,NZL,18,atp_rankings_2026_02_23.csv
2026-02-23,212102,Maximus Zavier Wong,1941,1,0.0,4.0,SIN,,atp_rankings_2026_02_23.csv
2026-02-23,214110,Kai An Wu,1941,1,0.0,4.0,TPE,19,atp_rankings_2026_02_23.csv
2026-02-23,126715,Fernando Yamacita,1941,1,0.0,4.0,BRA,28,atp_rankings_2026_02_23.csv
2026-02-23,213895,Arturs Zagars,1941,1,0.0,4.0,LAT,,atp_rankings_2026_02_23.csv
2026-02-23,211698,Gonzalo Zeitune,1941,1,0.0,4.0,ARG,20,atp_rankings_2026_02_23.csv
2026-02-23,213845,Carlos Zerega,1941,1,0.0,4.0,MEX,30,atp_rankings_2026_02_23.csv
2026-02-23,208076,Danielle Abadia,2047,1,0.0,0.0,SGP,24,atp_rankings_2026_02_23.csv
2026-02-23,213193,Damir Abdusamadov,2047,1,0.0,0.0,UZB,19,atp_rankings_2026_02_23.csv
2026-02-23,214198,Daniel Aleksandar Amarandei,2047,1,0.0,0.0,ITA,18,atp_rankings_2026_02_23.csv
2026-02-23,106339,Felipe Assuncao Garla,2047,1,0.0,0.0,BRA,31,atp_rankings_2026_02_23.csv
2026-02-23,214055,Flavio Bocci,2047,1,0.0,0.0,ITA,,atp_rankings_2026_02_23.csv
2026-02-23,109732,Enrique Bogo,2047,1,0.0,0.0,BRA,30,atp_rankings_2026_02_23.csv
2026-02-23,213051,Thanaphat Boosarawongse,2047,1,0.0,0.0,THA,20,atp_rankings_2026_02_23.csv
2026-02-23,132456,Vasilios Caripi,2047,1,0.0,0.0,RSA,34,atp_rankings_2026_02_23.csv
2026-02-23,149161,David Cristian Carteputreda,2047,1,0.0,0.0,ROU,19,atp_rankings_2026_02_23.csv
2026-02-23,144833,Andres Gabriel Ciurletti,2047,1,0.0,0.0,ITA,28,atp_rankings_2026_02_23.csv
2026-02-23,212739,Lautaro Correa Beguerie,2047,1,0.0,0.0,ARG,20,atp_rankings_2026_02_23.csv
2026-02-23,213736,Martin Doskocil,2047,1,0.0,0.0,CZE,,atp_rankings_2026_02_23.csv
2026-02-23,212792,Thomas Drayton,2047,1,0.0,0.0,GBR,,atp_rankings_2026_02_23.csv
2026-02-23,213961,Tarek Erlewein,2047,1,0.0,0.0,GER,22,atp_rankings_2026_02_23.csv
2026-02-23,207167,Barney Fitzpatrick,2047,1,0.0,0.0,GBR,23,atp_rankings_2026_02_23.csv
2026-02-23,214375,Luis Andres Flores Avila,2047,1,0.0,0.0,MEX,17,atp_rankings_2026_02_23.csv
2026-02-23,209895,Sai Karteek Reddy Ganta,2047,1,0.0,0.0,IND,25,atp_rankings_2026_02_23.csv
2026-02-23,213023,Filippo Francesco Garbero,2047,1,0.0,0.0,ITA,,atp_rankings_2026_02_23.csv
2026-02-23,213680,Javier Guzman,2047,1,0.0,0.0,CHL,,atp_rankings_2026_02_23.csv
2026-02-23,213074,Hugo Hashimoto,2047,1,0.0,0.0,USA,22,atp_rankings_2026_02_23.csv
2026-02-23,210590,Henri Haupt,2047,1,0.0,55.0,GER,19,atp_rankings_2026_02_23.csv
2026-02-23,213949,Julius Maximilian Haus,2047,1,0.0,0.0,GER,18,atp_rankings_2026_02_23.csv
2026-02-23,210388,Kaeri Hernandez Mariona,2047,1,0.0,0.0,GUA,23,atp_rankings_2026_02_23.csv
2026-02-23,213168,Patrick Jozwicki,2047,1,0.0,0.0,AUT,,atp_rankings_2026_02_23.csv
2026-02-23,213199,Dorian Juszczak,2047,1,0.0,0.0,POL,20,atp_rankings_2026_02_23.csv
2026-02-23,213780,Alexander Krylov,2047,1,0.0,0.0,RUS,22,atp_rankings_2026_02_23.csv
2026-02-23,213565,Isaac Lhomond,2047,1,0.0,0.0,FRA,,atp_rankings_2026_02_23.csv
2026-02-23,211358,Adam Majchrzak,2047,1,0.0,0.0,POL,20,atp_rankings_2026_02_23.csv
2026-02-23,213850,Aron Janos Major,2047,1,0.0,0.0,HUN,,atp_rankings_2026_02_23.csv
2026-02-23,211699,Franco Marini,2047,1,0.0,0.0,ARG,,atp_rankings_2026_02_23.csv
2026-02-23,212188,Benjamin Martin,2047,1,0.0,0.0,FRA,20,atp_rankings_2026_02_23.csv
2026-02-23,132804,Jordi Mas De Ugarte,2047,1,0.0,0.0,ESP,30,atp_rankings_2026_02_23.csv
2026-02-23,149125,Maciej Matuszczyk,2047,1,0.0,0.0,POL,22,atp_rankings_2026_02_23.csv
2026-02-23,214117,Jack Mcgary,2047,1,0.0,0.0,USA,20,atp_rankings_2026_02_23.csv
2026-02-23,213158,Vicente Monge,2047,1,0.0,0.0,PER,19,atp_rankings_2026_02_23.csv
2026-02-23,214260,Salvador Monteiro,2047,1,0.0,0.0,POR,18,atp_rankings_2026_02_23.csv
2026-02-23,208204,Francois Musitelli,2047,1,0.0,0.0,FRA,27,atp_rankings_2026_02_23.csv
2026-02-23,213196,Rihards Neimanis,2047,1,,,LAT,17,atp_rankings_2026_02_23.csv
2026-02-23,144731,Kody Pearson,2047,1,-1.0,-313.0,AUS,26,atp_rankings_2026_02_23.csv
2026-02-23,210212,Alexander Petrov,2047,1,0.0,0.0,BUL,24,atp_rankings_2026_02_23.csv
2026-02-23,212633,Tomas Pinho,2047,1,0.0,0.0,POR,23,atp_rankings_2026_02_23.csv
2026-02-23,205941,Rishi Reddy,2047,1,0.0,0.0,IND,27,atp_rankings_2026_02_23.csv
2026-02-23,214019,Hidde Schoenmakers,2047,1,0.0,0.0,NED,,atp_rankings_2026_02_23.csv
2026-02-23,213633,Rethin Pranav Senthil Kumar,2047,1,0.0,0.0,IND,,atp_rankings_2026_02_23.csv
2026-02-23,212557,Samuel Stolarik,2047,1,0.0,0.0,SVK,21,atp_rankings_2026_02_23.csv
2026-02-23,211703,Sarthak Suden,2047,1,0.0,0.0,IND,,atp_rankings_2026_02_23.csv
2026-02-23,210664,Bjorn Swenson,2047,1,0.0,0.0,USA,22,atp_rankings_2026_02_23.csv
2026-02-23,213160,Adam Gabor Szoke,2047,1,0.0,0.0,HUN,21,atp_rankings_2026_02_23.csv
2026-02-23,124067,Vullnet Tashi,2047,1,0.0,55.0,SUI,33,atp_rankings_2026_02_23.csv
2026-02-23,213784,Guillermo Tunas,2047,1,0.0,0.0,MEX,25,atp_rankings_2026_02_23.csv
2026-02-23,210094,Alexander Vikhlyantsev,2047,1,0.0,0.0,RUS,23,atp_rankings_2026_02_23.csv
2026-02-23,213708,Henrik Villanger,2047,1,0.0,0.0,NOR,,atp_rankings_2026_02_23.csv
2026-02-23,,Jakub Vrba,2047,1,0.0,0.0,,,atp_rankings_2026_02_23.csv
2026-02-23,212802,Yamato Yukawa,2047,1,0.0,0.0,JPN,,atp_rankings_2026_02_23.csv
2026-02-23,210597,Ahmed Zaki,2047,1,0.0,0.0,EGY,21,atp_rankings_2026_02_23.csv
2026-02-23,212821,Vitaliy Zatsepin,2047,1,0.0,0.0,KAZ,19,atp_rankings_2026_02_23.csv
2026-02-23,212039,Mohammad Alkotop,2103,1,0.0,-1.0,JOR,20,atp_rankings_2026_02_23.csv
2026-02-23,210662,Marco Alvarez,2103,1,0.0,-1.0,USA,25,atp_rankings_2026_02_23.csv
2026-02-23,213410,Romain Andres,2103,1,0.0,-1.0,FRA,18,atp_rankings_2026_02_23.csv
2026-02-23,213047,Marcin Andrzejczak,2103,1,0.0,-1.0,POL,,atp_rankings_2026_02_23.csv
2026-02-23,210175,Nicolas Buitrago,2103,1,0.0,38.0,COL,27,atp_rankings_2026_02_23.csv
2026-02-23,214094,Penn Charusorn,2103,1,0.0,-1.0,THA,18,atp_rankings_2026_02_23.csv
2026-02-23,212912,Mathys Domenc,2103,1,0.0,-1.0,FRA,16,atp_rankings_2026_02_23.csv
2026-02-23,214070,Jose Freitas,2103,1,0.0,-1.0,POR,19,atp_rankings_2026_02_23.csv
2026-02-23,207748,Hong Lin Fu,2103,1,0.0,-1.0,TPE,24,atp_rankings_2026_02_23.csv
2026-02-23,209316,Anthony Genov,2103,1,0.0,-1.0,BUL,23,atp_rankings_2026_02_23.csv
2026-02-23,213839,Santiago Giamichelle,2103,1,0.0,-1.0,ARG,22,atp_rankings_2026_02_23.csv
2026-02-23,210400,Nicolas Rafael Goldberg Alviani,2103,1,0.0,-1.0,ESP,23,atp_rankings_2026_02_23.csv
2026-02-23,208243,Seon Yong Han,2103,1,0.0,-1.0,KOR,25,atp_rankings_2026_02_23.csv
2026-02-23,213664,Vladimir Holban,2103,1,0.0,-1.0,GRE,,atp_rankings_2026_02_23.csv
2026-02-23,208157,Jan Jermar,2103,1,0.0,-1.0,CZE,25,atp_rankings_2026_02_23.csv
2026-02-23,210422,Roan Jones,2103,1,0.0,-1.0,GBR,22,atp_rankings_2026_02_23.csv
2026-02-23,208007,Karlo Kajin,2103,1,0.0,-1.0,CRO,26,atp_rankings_2026_02_23.csv
2026-02-23,213935,Daniil Kakhniuk,2103,1,0.0,-1.0,BLR,,atp_rankings_2026_02_23.csv
2026-02-23,213181,Rein Koenders,2103,1,0.0,38.0,NED,,atp_rankings_2026_02_23.csv
2026-02-23,208417,Samuil Konov,2103,1,0.0,-1.0,BUL,23,atp_rankings_2026_02_23.csv
2026-02-23,210753,Matic Kriznik,2103,1,0.0,-1.0,SLO,20,atp_rankings_2026_02_23.csv
2026-02-23,212754,Norbert Marosik,2103,1,0.0,-1.0,SVK,22,atp_rankings_2026_02_23.csv
2026-02-23,213916,Ashton Mcleod,2103,1,0.0,-1.0,AUS,18,atp_rankings_2026_02_23.csv
2026-02-23,212024,Alejandro Melero Kretzer,2103,1,0.0,-1.0,ESP,21,atp_rankings_2026_02_23.csv
2026-02-23,132433,Stefan Menichella,2103,1,0.0,-1.0,USA,31,atp_rankings_2026_02_23.csv
2026-02-23,212951,Mak Mikovic,2103,1,0.0,-1.0,SLO,19,atp_rankings_2026_02_23.csv
2026-02-23,210419,Daniele Minighini,2103,1,0.0,-1.0,ITA,21,atp_rankings_2026_02_23.csv
2026-02-23,212938,Botond Nagy,2103,1,0.0,-1.0,HUN,,atp_rankings_2026_02_23.csv
2026-02-23,212805,Saba George Nanobashvili,2103,1,0.0,38.0,SWE,21,atp_rankings_2026_02_23.csv
2026-02-23,209137,Noppadol Noikor,2103,1,0.0,-1.0,THA,26,atp_rankings_2026_02_23.csv
2026-02-23,213958,Ramazan Kaan Oktay,2103,1,0.0,-1.0,TUR,,atp_rankings_2026_02_23.csv
2026-02-23,212764,Fabrizio Karol Pio Osti,2103,1,0.0,-1.0,ITA,20,atp_rankings_2026_02_23.csv
2026-02-23,212230,Seungmin Park,2103,1,0.0,-1.0,KOR,20,atp_rankings_2026_02_23.csv
2026-02-23,,Daniil Piatrouski,2103,1,0.0,-1.0,,,atp_rankings_2026_02_23.csv
2026-02-23,212882,Jackson Ross,2103,1,0.0,38.0,USA,24,atp_rankings_2026_02_23.csv
2026-02-23,104908,Mikal Oliver Statham,2103,1,0.0,-1.0,NZL,38,atp_rankings_2026_02_23.csv
2026-02-23,211493,Calin Teodor Stirbu,2103,1,0.0,-1.0,ROU,19,atp_rankings_2026_02_23.csv
2026-02-23,213813,Alexander Ushakov,2103,1,0.0,-1.0,RUS,,atp_rankings_2026_02_23.csv
2026-02-23,214028,Matei Varbanciu,2103,1,0.0,-1.0,ROU,,atp_rankings_2026_02_23.csv
2026-02-23,212469,Qiulin Wang,2103,1,0.0,-1.0,CHN,23,atp_rankings_2026_02_23.csv
2026-02-23,212220,Weitao Xu,2103,1,0.0,-1.0,CHN,20,atp_rankings_2026_02_23.csv
2026-02-23,211554,Suk Ann,2144,1,0.0,-3.0,KOR,,atp_rankings_2026_02_23.csv
2026-02-23,211517,Gregorio Biondolillo,2144,1,0.0,-3.0,ITA,25,atp_rankings_2026_02_23.csv
2026-02-23,211738,Jonah Braswell,2144,1,0.0,-3.0,USA,22,atp_rankings_2026_02_23.csv
2026-02-23,214014,Pedro Henrique Chabalgoity,2144,1,0.0,-3.0,BRA,,atp_rankings_2026_02_23.csv
2026-02-23,207761,Julien De Cuyper,2144,1,0.0,37.0,FRA,26,atp_rankings_2026_02_23.csv
2026-02-23,213140,Edoardo De Filippo,2144,1,0.0,-3.0,ITA,21,atp_rankings_2026_02_23.csv
2026-02-23,208559,Rahul Dhokia,2144,1,0.0,-3.0,GBR,25,atp_rankings_2026_02_23.csv
2026-02-23,213376,Jeffrey Fradkin,2144,1,0.0,-3.0,USA,24,atp_rankings_2026_02_23.csv
2026-02-23,213859,Andrei Corneliu Gadoiu,2144,1,0.0,-3.0,ROU,17,atp_rankings_2026_02_23.csv
2026-02-23,213628,Volodymyr Gurenko,2144,1,0.0,-3.0,CAN,,atp_rankings_2026_02_23.csv
2026-02-23,212925,Alexandru Toubi Hebhang Balan,2144,1,0.0,-3.0,CAN,,atp_rankings_2026_02_23.csv
2026-02-23,208083,Adam Heinonen,2144,1,0.0,-3.0,SWE,23,atp_rankings_2026_02_23.csv
2026-02-23,212571,Jim Hendrikx,2144,1,0.0,37.0,NED,24,atp_rankings_2026_02_23.csv
2026-02-23,210723,Liam Hignett,2144,1,0.0,-3.0,GBR,26,atp_rankings_2026_02_23.csv
2026-02-23,213928,Reid Jarvis,2144,1,0.0,-3.0,USA,,atp_rankings_2026_02_23.csv
2026-02-23,210575,Jack Karlsson Wistrand,2144,1,0.0,-3.0,SWE,23,atp_rankings_2026_02_23.csv
2026-02-23,208558,Rafael Kis Balazs,2144,1,0.0,-3.0,HUN,24,atp_rankings_2026_02_23.csv
2026-02-23,200690,Yuhei Kono,2144,1,0.0,-3.0,JPN,30,atp_rankings_2026_02_23.csv
2026-02-23,212576,Valentin Kopeikin,2144,1,0.0,-3.0,RUS,24,atp_rankings_2026_02_23.csv
2026-02-23,212293,Karl Kazuma Lee,2144,1,0.0,-3.0,USA,23,atp_rankings_2026_02_23.csv
2026-02-23,213060,Adam Lynch,2144,1,0.0,-3.0,USA,,atp_rankings_2026_02_23.csv
2026-02-23,210139,Gabriel Matuszewski,2144,1,0.0,37.0,POL,21,atp_rankings_2026_02_23.csv
2026-02-23,213831,Vicente Freda,2144,1,0.0,-3.0,BRA,18,atp_rankings_2026_02_23.csv
2026-02-23,213329,Matteo Mesaglio,2144,1,0.0,-3.0,ITA,21,atp_rankings_2026_02_23.csv
2026-02-23,210204,Drazen Petrovic,2144,1,0.0,-3.0,BIH,23,atp_rankings_2026_02_23.csv
2026-02-23,213415,Glauco Pinheiro Da Cruz Junior,2144,1,0.0,-3.0,BRA,20,atp_rankings_2026_02_23.csv
2026-02-23,207685,Peter Sallay,2144,1,0.0,-3.0,HUN,25,atp_rankings_2026_02_23.csv
2026-02-23,214123,Elijah Sanogo,2144,1,0.0,-3.0,FRA,17,atp_rankings_2026_02_23.csv
2026-02-23,131999,Kyle Seelig,2144,1,0.0,-3.0,USA,28,atp_rankings_2026_02_23.csv
2026-02-23,213992,Lev Seidman,2144,1,0.0,-3.0,USA,18,atp_rankings_2026_02_23.csv
2026-02-23,210453,Cedric Stanke,2144,1,0.0,-3.0,GER,27,atp_rankings_2026_02_23.csv
2026-02-23,212087,Dmitrii Vasilev,2144,1,0.0,-3.0,RUS,24,atp_rankings_2026_02_23.csv
2026-02-23,214159,Yassin Ahmed Wageh,2144,1,0.0,-3.0,EGY,17,atp_rankings_2026_02_23.csv
2026-02-23,126505,Antoine Walch,2144,1,0.0,-3.0,FRA,32,atp_rankings_2026_02_23.csv
2026-02-23,212860,Dakotah Bobo,2178,1,0.0,-37.0,USA,23,atp_rankings_2026_02_23.csv
2026-02-23,213393,Breno Braga,2178,1,0.0,3.0,BRA,21,atp_rankings_2026_02_23.csv
2026-02-23,200608,Andres Fernandez Canovas,2178,1,0.0,3.0,ESP,26,atp_rankings_2026_02_23.csv
2026-02-23,212638,Gregor Hausberger,2178,1,0.0,-37.0,AUT,22,atp_rankings_2026_02_23.csv
2026-02-23,213970,Nicolas Hurtado Novoa,2178,1,0.0,3.0,COL,,atp_rankings_2026_02_23.csv
2026-02-23,211573,Lucky Candra Kurniawan,2178,1,0.0,3.0,INA,22,atp_rankings_2026_02_23.csv
2026-02-23,125848,Niels Lootsma,2178,1,0.0,3.0,NED,31,atp_rankings_2026_02_23.csv
2026-02-23,212825,Cian Maguire,2178,1,0.0,-37.0,IRL,26,atp_rankings_2026_02_23.csv
2026-02-23,148670,Karol Malirz,2178,1,0.0,-37.0,POL,23,atp_rankings_2026_02_23.csv
2026-02-23,214207,Thomas Enrique Menzel Piccioli,2178,1,0.0,3.0,CHI,18,atp_rankings_2026_02_23.csv
2026-02-23,213770,Andreas Messis,2178,1,0.0,3.0,GRE,,atp_rankings_2026_02_23.csv
2026-02-23,208239,Zhou Mingzhou,2178,1,0.0,3.0,CHN,25,atp_rankings_2026_02_23.csv
2026-02-23,211389,Manuel Mouilleron Salvo,2178,1,0.0,3.0,ARG,22,atp_rankings_2026_02_23.csv
2026-02-23,210476,Enmanuel Munoz,2178,1,0.0,3.0,DOM,21,atp_rankings_2026_02_23.csv
2026-02-23,213783,Oswaldo Alejandro Reyes Tirado,2178,1,0.0,3.0,MEX,18,atp_rankings_2026_02_23.csv
2026-02-23,207178,Joe Tyler,2178,1,0.0,3.0,GBR,27,atp_rankings_2026_02_23.csv
2026-02-23,202413,Lazar Vojinovic,2178,1,0.0,3.0,SRB,26,atp_rankings_2026_02_23.csv
2026-02-23,212471,Minghui Zhang,2178,1,0.0,3.0,CHN,21,atp_rankings_2026_02_23.csv
2026-02-23,213612,Daniil Bogatov,2196,1,0.0,3.0,RUS,,atp_rankings_2026_02_23.csv
2026-02-23,211457,Sven Corbinais,2196,1,0.0,3.0,FRA,23,atp_rankings_2026_02_23.csv
2026-02-23,213537,Jose Dominguez Alonso,2196,1,0.0,-15.0,ESP,,atp_rankings_2026_02_23.csv
2026-02-23,210068,Lorenzo Ferri,2196,1,0.0,3.0,ITA,22,atp_rankings_2026_02_23.csv
2026-02-23,213024,Ivan Iutkin,2196,1,0.0,3.0,RUS,18,atp_rankings_2026_02_23.csv
2026-02-23,213819,Andrei Kunitsyn,2196,1,0.0,3.0,RUS,21,atp_rankings_2026_02_23.csv
2026-02-23,213777,Savva Rybkin,2196,1,0.0,3.0,RUS,,atp_rankings_2026_02_23.csv
2026-02-23,213161,Fredrik Krogh Solheim,2196,1,0.0,3.0,NOR,,atp_rankings_2026_02_23.csv
2026-02-23,214170,Cagan Efe Tufecki,2196,1,0.0,3.0,TUR,22,atp_rankings_2026_02_23.csv
2026-02-23,209513,Pavel Verbin,2196,1,0.0,3.0,RUS,24,atp_rankings_2026_02_23.csv
2026-02-23,212103,Zhan Zheng,2196,1,0.0,3.0,CHN,22,atp_rankings_2026_02_23.csv
2026-02-23,212786,Victor Braga,2207,1,0.0,3.0,BRA,21,atp_rankings_2026_02_23.csv
2026-02-23,212497,Alvaro Bueno Gil,2207,1,0.0,3.0,ESP,25,atp_rankings_2026_02_23.csv
2026-02-23,208853,Adrien Burdet,2207,1,0.0,3.0,SUI,23,atp_rankings_2026_02_23.csv
2026-02-23,212094,Liam Delicata,2207,1,0.0,3.0,MLT,24,atp_rankings_2026_02_23.csv
2026-02-23,211600,Carlos Giraldi,2207,1,0.0,3.0,ESP,20,atp_rankings_2026_02_23.csv
2026-02-23,111772,Krittin Koaykul,2207,1,0.0,3.0,THA,30,atp_rankings_2026_02_23.csv
2026-02-23,212716,Kyle Overmyer,2207,1,0.0,3.0,USA,22,atp_rankings_2026_02_23.csv
2026-02-23,212945,Yong Joon Park,2207,1,0.0,3.0,KOR,23,atp_rankings_2026_02_23.csv
2026-02-23,212164,Breno Rossetto Urvaneja,2207,1,0.0,3.0,BRA,21,atp_rankings_2026_02_23.csv
2026-02-23,212971,Tsz Fu Wong,2207,1,0.0,3.0,HKG,20,atp_rankings_2026_02_23.csv
2026-02-23,210417,Adrian Arcon,2217,1,0.0,4.0,AUS,24,atp_rankings_2026_02_23.csv
2026-02-23,213775,Mateo Carballo,2217,1,0.0,4.0,ARG,,atp_rankings_2026_02_23.csv
2026-02-23,212472,Xirui Han,2217,1,0.0,4.0,CHN,19,atp_rankings_2026_02_23.csv
2026-02-23,208668,Sean Hess,2217,1,0.0,9.0,ARG,24,atp_rankings_2026_02_23.csv
2026-02-23,212593,Filip Krolo,2217,1,0.0,-7.0,GER,24,atp_rankings_2026_02_23.csv
2026-02-23,210751,Isaac Nortey,2217,1,0.0,4.0,GHA,26,atp_rankings_2026_02_23.csv
2026-02-23,206739,Essa Qabazard,2217,1,0.0,4.0,KUW,24,atp_rankings_2026_02_23.csv
2026-02-23,212518,Leo Deflandre,2224,1,0.0,2.0,FRA,24,atp_rankings_2026_02_23.csv
2026-02-23,207934,Philip Hjorth,2224,1,-1.0,-384.0,DEN,26,atp_rankings_2026_02_23.csv
2026-02-23,124074,Kazuma Kawachi,2224,1,0.0,2.0,JPN,31,atp_rankings_2026_02_23.csv
2026-02-23,208780,Kaya Arinc,2227,1,0.0,2.0,TUR,26,atp_rankings_2026_02_23.csv
2026-02-23,213582,Andrea Motta,2227,1,0.0,2.0,ITA,,atp_rankings_2026_02_23.csv
2026-02-23,209046,Atharva Sharma,2227,1,0.0,2.0,IND,25,atp_rankings_2026_02_23.csv
