"ranking_date","player_id","player_name","atp_rank","atp_points","atp_points_change","atp_rank_change","country","age"
"2026-05-25","206173","Jannik Sinner","1","14750","50.0","0.0","ITA","24"
"2026-05-25","207989","Carlos Alcaraz","2","11960","0.0","0.0","ESP","23"
"2026-05-25","100644","Alexander Zverev","3","5705","0.0","0.0","GER","29"
"2026-05-25","104925","Novak Djokovic","4","4460","-250.0","0.0","SRB","39"
"2026-05-25","210097","Ben Shelton","5","4070","40.0","1.0","USA","23"
"2026-05-25","","Felix Auger-Aliassime","6","4050","-10.0","-1.0","",""
"2026-05-25","200282","Alex De Minaur","7","3855","190.0","2.0","AUS","27"
"2026-05-25","106421","Daniil Medvedev","8","3760","0.0","-1.0","RUS","30"
"2026-05-25","126203","Taylor Fritz","9","3720","0.0","-1.0","USA","28"
"2026-05-25","122330","Alexander Bublik","10","3320","90.0","0.0","KAZ","28"
"2026-05-25","207518","Lorenzo Musetti","11","3115","0.0","0.0","ITA","24"
"2026-05-25","208103","Jiri Lehecka","12","2665","-50.0","2.0","CZE","24"
"2026-05-25","126094","Andrey Rublev","13","2460","-320.0","0.0","RUS","28"
"2026-05-25","207925","Flavio Cobolli","14","2340","-450.0","-2.0","ITA","24"
"2026-05-25","111575","Karen Khachanov","15","2320","0.0","0.0","RUS","30"
"2026-05-25","134770","Casper Ruud","16","2275","90.0","1.0","NOR","27"
"2026-05-25","209260","Luciano Darderi","17","2260","0.0","-1.0","ITA","24"
"2026-05-25","210530","Learner Tien","18","2180","240.0","2.0","USA","20"
"2026-05-25","200473","Valentin Vacherot","19","2103","0.0","-1.0","MON","27"
"2026-05-25","209950","Arthur Fils","20","2040","0.0","-1.0","FRA","21"
"2026-05-25","126205","Tommy Paul","21","1945","320.0","5.0","USA","29"
"2026-05-25","126207","Frances Tiafoe","22","1905","0.0","-1.0","USA","28"
"2026-05-25","200221","Alejandro Davidovich Fokina","23","1860","40.0","0.0","ESP","26"
"2026-05-25","111815","Cameron Norrie","24","1785","-103.0","-2.0","GBR","30"
"2026-05-25","126239","Arthur Rinderknech","25","1736","25.0","-1.0","FRA","30"
"2026-05-25","202103","Francisco Cerundolo","26","1570","0.0","1.0","ARG","27"
"2026-05-25","210084","Jakub Mensik","27","1550","40.0","1.0","CZE","20"
"2026-05-25","144869","Tomas Martin Etcheverry","28","1510","-120.0","-3.0","ARG","26"
"2026-05-25","212588","Rafael Jodar","29","1461","0.0","0.0","ESP","19"
"2026-05-25","211663","Joao Fonseca","30","1435","0.0","0.0","BRA","19"
"2026-05-25","209860","Ignacio Buse","31","1412","519.0","26.0","PER","22"
"2026-05-25","200005","Ugo Humbert","32","1370","90.0","2.0","FRA","27"
"2026-05-25","134868","Tallon Griekspoor","33","1340","0.0","-2.0","NED","29"
"2026-05-25","144895","Corentin Moutet","34","1323","0.0","-2.0","FRA","27"
"2026-05-25","206909","Brandon Nakashima","35","1295","0.0","-2.0","USA","24"
"2026-05-25","126214","Alejandro Tabilo","36","1278","0.0","-1.0","CHI","28"
"2026-05-25","210696","Alexander Blockx","37","1238","0.0","-1.0","BEL","21"
"2026-05-25","208363","Mariano Navone","38","1215","149.0","4.0","ARG","25"
"2026-05-25","133430","Denis Shapovalov","39","1170","0.0","-2.0","CAN","27"
"2026-05-25","200267","Zizou Bergs","40","1150","0.0","-2.0","BEL","26"
"2026-05-25","144719","Jaume Munar","41","1145","40.0","-2.0","ESP","29"
"2026-05-25","210506","Alex Michelsen","42","1115","40.0","-1.0","USA","21"
"2026-05-25","207830","Tomas Machac","43","1080","0.0","-3.0","CZE","25"
"2026-05-25","208029","Holger Rune","44","1060","0.0","-1.0","DEN","23"
"2026-05-25","105173","Adrian Mannarino","45","1037","0.0","-1.0","FRA","37"
"2026-05-25","105227","Marin Cilic","46","1010","0.0","-1.0","CRO","37"
"2026-05-25","200624","Sebastian Korda","47","1000","0.0","-1.0","USA","25"
"2026-05-25","200175","Miomir Kecmanovic","48","980","0.0","-1.0","SRB","26"
"2026-05-25","209113","Gabriel Diallo","49","975","0.0","-1.0","CAN","24"
"2026-05-25","210319","Ethan Quinn","50","974","0.0","-1.0","USA","22"
"2026-05-25","132686","Nuno Borges","51","970","0.0","-1.0","POR","29"
"2026-05-25","209279","Terence Atmane","52","938","0.0","-1.0","FRA","24"
"2026-05-25","105870","Yannick Hanfmann","53","936","37.0","2.0","GER","34"
"2026-05-25","206681","Fabian Marozsan","54","935","0.0","-2.0","HUN","26"
"2026-05-25","122298","Botic Van De Zandschulp","55","935","0.0","-2.0","NED","30"
"2026-05-25","207678","Juan Manuel Cerundolo","56","935","0.0","-2.0","ARG","24"
"2026-05-25","127157","Daniel Altmaier","57","930","87.0","8.0","GER","27"
"2026-05-25","209098","Hamad Medjedovic","58","894","0.0","-2.0","SRB","22"
"2026-05-25","200116","Camilo Ugo Carabelli","59","890","65.0","9.0","ARG","26"
"2026-05-25","202058","Thiago Agustin Tirante","60","887","0.0","-2.0","ARG","25"
"2026-05-25","200615","Alexei Popyrin","61","870","0.0","0.0","AUS","26"
"2026-05-25","209920","Raphael Collignon","62","866","12.0","2.0","BEL","24"
"2026-05-25","202385","Jenson Brooksby","63","865","-7.0","-3.0","USA","25"
"2026-05-25","202104","Sebastian Baez","64","860","0.0","-2.0","ARG","25"
"2026-05-25","105916","Marton Fucsovics","65","859","-25.0","-6.0","HUN","34"
"2026-05-25","200240","Vit Kopriva","66","856","0.0","-3.0","CZE","28"
"2026-05-25","206499","Aleksandar Kovacevic","67","837","188.0","27.0","USA","27"
"2026-05-25","208882","Roman Andres Burruchaga","68","833","0.0","-2.0","ARG","24"
"2026-05-25","211776","Martin Landaluce","69","827","0.0","-2.0","ESP","20"
"2026-05-25","132283","Lorenzo Sonego","70","815","0.0","-1.0","ITA","31"
"2026-05-25","209226","Adolfo Daniel Vallejo","71","786","0.0","-1.0","PAR","22"
"2026-05-25","209976","Dino Prizmic","72","785","0.0","-1.0","CRO","20"
"2026-05-25","208233","Mattia Bellucci","73","777","0.0","-1.0","ITA","24"
"2026-05-25","208316","Valentin Royer","74","773","0.0","-1.0","FRA","24"
"2026-05-25","207733","Jack Draper","75","760","0.0","-1.0","GBR","24"
"2026-05-25","124187","Reilly Opelka","76","758","0.0","-1.0","USA","28"
"2026-05-25","209070","Arthur Cazaux","77","757","0.0","-1.0","FRA","23"
"2026-05-25","111794","Kamil Majchrzak","78","747","0.0","-1.0","POL","30"
"2026-05-25","126774","Stefanos Tsitsipas","79","740","15.0","3.0","GRE","27"
"2026-05-25","","Jan-Lennard Struff","80","739","0.0","-1.0","",""
"2026-05-25","105477","Marco Trungelliti","81","731","0.0","0.0","ARG","36"
"2026-05-25","105902","James Duckworth","82","722","0.0","1.0","AUS","34"
"2026-05-25","208659","Giovanni Mpetshi Perricard","83","710","-25.0","-3.0","FRA","22"
"2026-05-25","106218","Marcos Giron","84","705","0.0","0.0","USA","32"
"2026-05-25","208260","Zachary Svajda","85","696","0.0","0.0","USA","23"
"2026-05-25","","Daniel Merida","86","696","0.0","0.0","",""
"2026-05-25","106000","Damir Dzumhur","87","694","0.0","0.0","BIH","34"
"2026-05-25","","Aleksandr Shevchenko","88","689","0.0","1.0","",""
"2026-05-25","105807","Pablo Carreno Busta","89","685","0.0","1.0","ESP","34"
"2026-05-25","111460","Quentin Halys","90","678","-12.0","-2.0","FRA","29"
"2026-05-25","208118","Eliot Spizzirri","91","660","0.0","1.0","USA","24"
"2026-05-25","200059","Yibing Wu","92","655","0.0","1.0","CHN","26"
"2026-05-25","200516","Patrick Kypson","93","649","0.0","2.0","USA","26"
"2026-05-25","207182","Emilio Nava","94","631","0.0","3.0","USA","24"
"2026-05-25","126127","Benjamin Bonzi","95","629","0.0","3.0","FRA","29"
"2026-05-25","126846","Aleksandar Vukic","96","626","0.0","4.0","AUS","30"
"2026-05-25","200443","Adam Walton","97","614","0.0","4.0","AUS","27"
"2026-05-25","208014","Rinky Hijikata","98","612","13.0","4.0","AUS","25"
"2026-05-25","128034","Hubert Hurkacz","99","600","-140.0","-21.0","POL","29"
"2026-05-25","209414","Luca Van Assche","100","599","0.0","3.0","FRA","22"
"2026-05-25","123828","Jan Choinski","101","599","0.0","3.0","GBR","29"
"2026-05-25","207681","Francisco Comesana","102","598","28.0","12.0","ARG","25"
"2026-05-25","200647","Sho Shimabukuro","103","596","0.0","2.0","JPN","28"
"2026-05-25","208286","Matteo Arnaldi","104","586","-50.0","-8.0","ITA","25"
"2026-05-25","126610","Matteo Berrettini","105","585","0.0","2.0","ITA","30"
"2026-05-25","207411","Jesper De Jong","106","580","0.0","3.0","NED","25"
"2026-05-25","208169","Titouan Droguet","107","578","0.0","3.0","FRA","24"
"2026-05-25","207494","Dalibor Svrcina","108","577","0.0","3.0","CZE","23"
"2026-05-25","209409","Coleman Wong","109","574","0.0","4.0","HKG","21"
"2026-05-25","144684","Alex Molcan","110","571","-25.0","-4.0","SVK","28"
"2026-05-25","105932","Nikoloz Basilashvili","111","569","0.0","4.0","GEO","34"
"2026-05-25","124116","Sebastian Ofner","112","558","-113.0","-21.0","AUT","30"
"2026-05-25","104527","Stan Wawrinka","113","553","25.0","6.0","SUI","41"
"2026-05-25","106426","Cristian Garin","114","552","0.0","2.0","CHI","29"
"2026-05-25","210262","Jaime Faria","115","548","0.0","2.0","POR","22"
"2026-05-25","102093","Martin Damm","116","547","-28.0","-4.0","USA","22"
"2026-05-25","105138","Roberto Bautista Agut","117","542","-87.0","-18.0","ESP","38"
"2026-05-25","200384","Hugo Gaston","118","533","6.0","2.0","FRA","25"
"2026-05-25","210012","Henrique Rocha","119","528","0.0","-1.0","POR","22"
"2026-05-25","209857","Leandro Riedi","120","525","0.0","1.0","SUI","24"
"2026-05-25","149282","Nicolai Budkov Kjaer","121","520","0.0","2.0","NOR","19"
"2026-05-25","208010","Pablo Llamas Ruiz","122","515","0.0","2.0","ESP","23"
"2026-05-25","209262","Tristan Schoolkate","123","512","0.0","2.0","AUS","25"
"2026-05-25","126504","Andrea Pellegrino","124","507","0.0","2.0","ITA","29"
"2026-05-25","207985","Jacob Fearnley","125","505","-18.0","-3.0","GBR","24"
"2026-05-25","111456","Mackenzie Mcdonald","126","501","0.0","1.0","USA","31"
"2026-05-25","124186","Alexandre Muller","127","494","-87.0","-19.0","FRA","29"
"2026-05-25","208353","Francesco Maestrelli","128","490","0.0","0.0","ITA","23"
"2026-05-25","209209","Filip Misolic","129","489","0.0","0.0","AUT","24"
"2026-05-25","208278","Shintaro Mochizuki","130","480","0.0","0.0","JPN","22"
"2026-05-25","208013","Dane Sweeny","131","468","0.0","0.0","AUS","25"
"2026-05-25","209957","Jack Pinnington Jones","132","468","0.0","0.0","GBR","23"
"2026-05-25","209147","Vilius Gaubas","133","464","0.0","0.0","LTU","21"
"2026-05-25","202261","Otto Virtanen","134","462","0.0","0.0","FIN","24"
"2026-05-25","210338","Arthur Gea","135","460","24.0","5.0","FRA","21"
"2026-05-25","144642","Tomas Barrios Vera","136","450","0.0","-1.0","CHI","28"
"2026-05-25","105583","Dusan Lajovic","137","446","0.0","-1.0","SRB","35"
"2026-05-25","105882","Stefano Travaglia","138","443","0.0","-1.0","ITA","34"
"2026-05-25","121411","Moez Echargui","139","441","0.0","-1.0","TUN","33"
"2026-05-25","124079","Pedro Martinez","140","431","0.0","1.0","ESP","29"
"2026-05-25","126128","Roman Safiullin","141","430","0.0","1.0","RUS","28"
"2026-05-25","209284","Elmer Moller","142","426","0.0","1.0","DEN","22"
"2026-05-25","144750","Lloyd Harris","143","423","0.0","1.0","RSA","29"
"2026-05-25","106198","Hugo Dellien","144","421","-16.0","-5.0","BOL","32"
"2026-05-25","126535","Carlos Taberner","145","420","0.0","0.0","ESP","28"
"2026-05-25","210116","Michael Zheng","146","414","0.0","0.0","USA","22"
"2026-05-25","208021","Kyrian Jacquet","147","411","0.0","0.0","FRA","25"
"2026-05-25","210460","Nishesh Basavareddy","148","409","13.0","8.0","USA","21"
"2026-05-25","111442","Jordan Thompson","149","408","0.0","-1.0","AUS","32"
"2026-05-25","126129","Billy Harris","150","408","0.0","-1.0","GBR","31"
"2026-05-25","207680","Facundo Diaz Acosta","151","407","0.0","-1.0","ARG","25"
"2026-05-25","106109","Alex Bolt","152","406","0.0","-1.0","AUS","33"
"2026-05-25","210536","Rei Sakamoto","153","405","0.0","-1.0","JPN","19"
"2026-05-25","209259","Arthur Fery","154","404","0.0","-1.0","GBR","23"
"2026-05-25","","Christopher O'Connell","155","403","0.0","-1.0","",""
"2026-05-25","200416","August Holmgren","156","396","0.0","-1.0","DEN","28"
"2026-05-25","210136","Mark Lajal","157","386","0.0","0.0","EST","23"
"2026-05-25","200514","Jurij Rodionov","158","379","0.0","0.0","AUT","27"
"2026-05-25","210389","Toby Samuel","159","378","0.0","0.0","GBR","23"
"2026-05-25","200259","Ugo Blanchet","160","376","0.0","0.0","FRA","27"
"2026-05-25","208859","Francesco Passaro","161","372","0.0","0.0","ITA","25"
"2026-05-25","144645","Zdenek Kolar","162","372","0.0","0.0","CZE","29"
"2026-05-25","208134","Luca Nardi","163","366","0.0","0.0","ITA","22"
"2026-05-25","208119","Liam Draxl","164","364","0.0","0.0","CAN","24"
"2026-05-25","208210","Chris Rodesch","165","359","0.0","1.0","LUX","24"
"2026-05-25","","Yunchaokete Bu","166","358","0.0","1.0","",""
"2026-05-25","127760","Lukas Klein","167","358","0.0","1.0","SVK","28"
"2026-05-25","105777","Grigor Dimitrov","168","355","0.0","2.0","BUL","35"
"2026-05-25","200711","Nicolas Mejia","169","354","0.0","2.0","COL","26"
"2026-05-25","212082","Joel Schwaerzler","170","351","-6.0","-1.0","AUT","20"
"2026-05-25","202127","Clement Tabur","171","348","-12.0","-6.0","FRA","26"
"2026-05-25","206748","Giulio Zeppieri","172","344","0.0","1.0","ITA","24"
"2026-05-25","200436","Zsombor Piros","173","342","0.0","2.0","HUN","26"
"2026-05-25","106415","Yoshihito Nishioka","174","341","0.0","2.0","JPN","30"
"2026-05-25","206750","Daniil Glinka","175","340","-4.0","-1.0","EST","26"
"2026-05-25","210178","Juan Carlos Prado Angelo","176","338","0.0","2.0","BOL","21"
"2026-05-25","206889","Clement Chidekh","177","335","-4.0","0.0","FRA","24"
"2026-05-25","106065","Marco Cecchinato","178","329","0.0","2.0","ITA","33"
"2026-05-25","144870","Federico Agustin Gomez","179","328","0.0","2.0","ARG","29"
"2026-05-25","111797","Nicolas Jarry","180","326","0.0","2.0","CHI","30"
"2026-05-25","","Chun-Hsin Tseng","181","326","0.0","2.0","",""
"2026-05-25","206904","Gauthier Onclin","182","325","0.0","2.0","BEL","25"
"2026-05-25","208293","Gonzalo Bueno","183","325","0.0","2.0","PER","22"
"2026-05-25","127339","Borna Gojo","184","323","-25.0","-12.0","CRO","28"
"2026-05-25","212256","Colton Smith","185","322","0.0","1.0","USA","23"
"2026-05-25","208361","Gustavo Heide","186","322","0.0","1.0","BRA","24"
"2026-05-25","209903","Lukas Neumayer","187","319","0.0","1.0","AUT","23"
"2026-05-25","","Soonwoo Kwon","188","317","0.0","1.0","",""
"2026-05-25","207608","Timofey Skatov","189","314","0.0","2.0","KAZ","25"
"2026-05-25","209875","Alex Barrena","190","309","0.0","2.0","ARG","23"
"2026-05-25","111200","Elias Ymer","191","308","-25.0","-12.0","SWE","30"
"2026-05-25","208843","Jerome Kym","192","307","0.0","1.0","SUI","23"
"2026-05-25","200008","Alexis Galarneau","193","306","0.0","1.0","CAN","27"
"2026-05-25","106071","Bernard Tomic","194","304","0.0","1.0","AUS","33"
"2026-05-25","210053","Luka Mikrut","195","301","0.0","1.0","CRO","22"
"2026-05-25","211533","Gianluca Cadenasso","196","296","0.0","1.0","ITA","21"
"2026-05-25","208852","Stefanos Sakellaridis","197","294","0.0","1.0","GRE","21"
"2026-05-25","206307","Joao Lucas Reis Da Silva","198","291","0.0","2.0","BRA","26"
"2026-05-25","207729","Tristan Boyer","199","287","0.0","2.0","USA","25"
"2026-05-25","126663","Juan Pablo Ficovich","200","284","0.0","3.0","ARG","29"
"2026-05-25","212063","Matej Dodig","201","283","-2.0","1.0","CRO","20"
"2026-05-25","200677","Rio Noguchi","202","283","0.0","2.0","JPN","27"
"2026-05-25","106148","Roberto Carballes Baena","203","282","0.0","3.0","ESP","33"
"2026-05-25","211451","Gilles Arnaud Bailly","204","277","0.0","4.0","BEL","20"
"2026-05-25","105554","Daniel Evans","205","273","0.0","6.0","GBR","36"
"2026-05-25","106293","Kimmer Coppejans","206","273","0.0","6.0","BEL","32"
"2026-05-25","200318","Yu Hsiou Hsu","207","273","0.0","6.0","TPE","27"
"2026-05-25","200329","Remy Bertola","208","273","-3.0","1.0","SUI","27"
"2026-05-25","105841","Lorenzo Giustino","209","273","-10.0","-4.0","ITA","34"
"2026-05-25","126964","Vitaliy Sachko","210","269","-13.0","-3.0","UKR","28"
"2026-05-25","209911","Guy Den Ouden","211","268","0.0","3.0","NED","24"
"2026-05-25","210297","Lautaro Midon","212","268","0.0","3.0","ARG","22"
"2026-05-25","111513","Laslo Djere","213","266","25.0","25.0","SRB","30"
"2026-05-25","208004","Harold Mayot","214","266","0.0","3.0","FRA","24"
"2026-05-25","211514","Justin Engel","215","266","-50.0","-25.0","GER","18"
"2026-05-25","111581","Michael Mmoh","216","265","0.0","2.0","USA","28"
"2026-05-25","212044","Yi Zhou","217","263","0.0","3.0","CHN","21"
"2026-05-25","104792","Gael Monfils","218","260","0.0","3.0","FRA","39"
"2026-05-25","106281","Liam Broady","219","260","0.0","3.0","GBR","32"
"2026-05-25","","Pierre-Hugues Herbert","220","259","0.0","3.0","",""
"2026-05-25","126409","Hugo Grenier","221","259","0.0","3.0","FRA","30"
"2026-05-25","207546","Pol Martin Tiffon","222","257","6.0","9.0","ESP","26"
"2026-05-25","","Andy Andrade","223","257","-19.0","-13.0","",""
"2026-05-25","111190","Zhizhen Zhang","224","254","0.0","2.0","CHN","29"
"2026-05-25","208364","Franco Roncadelli","225","254","0.0","2.0","URU","26"
"2026-05-25","144821","Genaro Alberto Olivieri","226","253","-6.0","-1.0","ARG","27"
"2026-05-25","207784","Harry Wendelken","227","253","0.0","1.0","GBR","24"
"2026-05-25","210167","Tom Gentzsch","228","253","-11.0","-9.0","GER","22"
"2026-05-25","210464","Darwin Blanch","229","252","0.0","0.0","USA","18"
"2026-05-25","200385","Dan Added","230","252","0.0","0.0","FRA","27"
"2026-05-25","200462","Andrea Guerrieri","231","251","36.0","21.0","ITA","27"
"2026-05-25","210220","Edas Butvilas","232","251","36.0","21.0","LTU","21"
"2026-05-25","208046","Pedro Boscardin Dias","233","249","0.0","-1.0","BRA","23"
"2026-05-25","210317","James Mccabe","234","247","0.0","-1.0","AUS","22"
"2026-05-25","207663","Nikolas Sanchez Izquierdo","235","247","9.0","4.0","ESP","27"
"2026-05-25","208069","Max Houkes","236","245","0.0","-2.0","NED","25"
"2026-05-25","106393","Frederico Ferreira Silva","237","245","0.0","-2.0","POR","31"
"2026-05-25","210748","Federico Cina","238","242","-25.0","-22.0","ITA","19"
"2026-05-25","134840","Raul Brancaccio","239","242","6.0","2.0","ITA","29"
"2026-05-25","208269","Felix Gill","240","240","-2.0","-3.0","GBR","23"
"2026-05-25","202146","Luka Pavlovic","241","237","0.0","-1.0","FRA","26"
"2026-05-25","208279","Alejandro Moro Canas","242","234","0.0","0.0","ESP","25"
"2026-05-25","200610","Oliver Crawford","243","233","0.0","0.0","GBR","27"
"2026-05-25","202333","Keegan Smith","244","231","0.0","1.0","USA","27"
"2026-05-25","210119","Andrej Nedic","245","230","42.0","32.0","BIH","21"
"2026-05-25","109303","Stefano Napolitano","246","227","0.0","0.0","ITA","31"
"2026-05-25","111187","Kaichi Uchida","247","226","-7.0","-3.0","JPN","31"
"2026-05-25","105676","David Goffin","248","225","0.0","-1.0","BEL","35"
"2026-05-25","202260","Henri Squire","249","223","10.0","5.0","GER","25"
"2026-05-25","202147","Florent Bax","250","221","-1.0","-2.0","FRA","26"
"2026-05-25","126652","Jay Clarke","251","221","-71.0","-52.0","GBR","27"
"2026-05-25","202262","Filip Cristian Jianu","252","219","19.0","16.0","ROU","24"
"2026-05-25","207815","Guido Ivan Justo","253","217","0.0","-4.0","ARG","28"
"2026-05-25","209261","Matteo Gigante","254","216","0.0","-4.0","ITA","24"
"2026-05-25","200303","Pavel Kotov","255","215","0.0","-4.0","RUS","27"
"2026-05-25","122554","David Jorda Sanchis","256","213","72.0","104.0","ESP","31"
"2026-05-25","210202","Rodrigo Pacheco Mendez","257","212","0.0","-2.0","MEX","21"
"2026-05-25","106162","Franco Agamenone","258","211","12.0","11.0","ITA","33"
"2026-05-25","123755","Daniel Elahi Galan","259","210","0.0","-3.0","COL","29"
"2026-05-25","207527","Buvaysar Gadamauri","260","209","22.0","20.0","BEL","25"
"2026-05-25","207969","Stefan Dostanic","261","206","4.0","5.0","USA","24"
"2026-05-25","208223","Alvaro Guillen Meza","262","206","0.0","-2.0","ECU","23"
"2026-05-25","209992","Juncheng Shang","263","205","0.0","-2.0","CHN","21"
"2026-05-25","209326","Murphy Cassone","264","204","0.0","-2.0","USA","23"
"2026-05-25","111806","Fajing Sun","265","203","0.0","-2.0","CHN","29"
"2026-05-25","209849","Sascha Gueymard Wayenburg","266","203","0.0","-1.0","FRA","22"
"2026-05-25","207732","Miguel Damas","267","203","-4.0","-10.0","ESP","26"
"2026-05-25","209899","Ilia Simakin","268","202","-4.0","-9.0","RUS","22"
"2026-05-25","209951","Petr Bar Biryukov","269","201","47.0","66.0","RUS","24"
"2026-05-25","211500","Tiago Pereira","270","199","0.0","0.0","POR","21"
"2026-05-25","133297","Yosuke Watanuki","271","198","0.0","0.0","JPN","28"
"2026-05-25","202400","Alastair Gray","272","198","14.0","15.0","GBR","27"
"2026-05-25","106329","Thiago Monteiro","273","197","12.0","11.0","BRA","31"
"2026-05-25","209405","Daniel Rincon","274","196","25.0","33.0","ESP","23"
"2026-05-25","210558","Hynek Barton","275","195","20.0","29.0","CZE","22"
"2026-05-25","123983","Nerman Fatic","276","194","-48.0","-40.0","BIH","31"
"2026-05-25","208024","Max Alcala Gurri","277","193","47.0","73.0","ESP","23"
"2026-05-25","105911","Andrea Collarini","278","193","0.0","-5.0","ARG","34"
"2026-05-25","207785","George Loffhagen","279","192","-8.0","-12.0","GBR","25"
"2026-05-25","200277","Charles Broom","280","192","-11.0","-16.0","GBR","28"
"2026-05-25","208913","Juan Bautista Torres","281","191","0.0","-7.0","ARG","24"
"2026-05-25","111576","Sumit Nagal","282","190","0.0","-7.0","IND","28"
"2026-05-25","123921","Calvin Hemery","283","189","0.0","-7.0","FRA","31"
"2026-05-25","122909","Andres Martin","284","188","0.0","-6.0","ARG","50"
"2026-05-25","212020","Michele Ribecai","285","188","2.0","-2.0","ITA","23"
"2026-05-25","209850","Robin Bertrand","286","188","0.0","-7.0","FRA","23"
"2026-05-25","","Diego Dedura","287","187","0.0","-6.0","",""
"2026-05-25","210412","Juan Manuel La Serna","288","186","0.0","-6.0","ARG","22"
"2026-05-25","207213","Duje Ajdukovic","289","185","0.0","-4.0","CRO","25"
"2026-05-25","208902","Johannus Monday","290","184","0.0","-4.0","GBR","24"
"2026-05-25","211577","Antoine Ghibaudo","291","183","0.0","-2.0","FRA","21"
"2026-05-25","111578","Stefan Kozlov","292","181","-25.0","-34.0","USA","28"
"2026-05-25","","Inaki Montes-De La Torre","293","181","0.0","-3.0","",""
"2026-05-25","200672","Sergey Fomin","294","181","0.0","-2.0","UZB","25"
"2026-05-25","209916","Marko Topo","295","180","-13.0","-23.0","GER","22"
"2026-05-25","209322","Martin Krumich","296","180","0.0","-3.0","CZE","23"
"2026-05-25","205734","Thiago Seyboth Wild","297","179","0.0","-3.0","BRA","26"
"2026-05-25","208421","Lilian Marmousez","298","179","10.0","11.0","FRA","24"
"2026-05-25","207415","Daniel Michalski","299","179","-2.0","-8.0","POL","26"
"2026-05-25","207130","Matias Soto","300","179","0.0","-5.0","CHI","27"
"2026-05-25","209898","Dali Blanch","301","179","0.0","-5.0","USA","23"
"2026-05-25","202320","Beibit Zhukayev","302","177","0.0","-4.0","KAZ","25"
"2026-05-25","106057","Facundo Mena","303","177","0.0","-4.0","ARG","33"
"2026-05-25","105062","Mikhail Kukushkin","304","177","0.0","-4.0","KAZ","38"
"2026-05-25","","Murkel Dellien","305","177","0.0","-4.0","",""
"2026-05-25","122669","Juan Pablo Varillas","306","176","0.0","-4.0","PER","30"
"2026-05-25","117361","Akira Santillan","307","176","0.0","-4.0","AUS","29"
"2026-05-25","207171","Hamish Stewart","308","175","11.0","9.0","GBR","26"
"2026-05-25","","Marc-Andrea Huesler","309","173","0.0","-4.0","",""
"2026-05-25","207797","Jonas Forejtek","310","173","-11.0","-22.0","CZE","25"
"2026-05-25","","Abdullah Shelbayh","311","172","0.0","-5.0","",""
"2026-05-25","106034","Yasutaka Uchiyama","312","169","0.0","-2.0","JPN","33"
"2026-05-25","206703","Paul Jubb","313","169","0.0","-2.0","GBR","26"
"2026-05-25","210340","Philip Sekulic","314","168","0.0","-2.0","AUS","22"
"2026-05-25","209874","Maks Kasnikowski","315","167","0.0","-2.0","POL","22"
"2026-05-25","209080","Blaise Bicknell","316","167","0.0","-2.0","JAM","24"
"2026-05-25","211617","Maxim Mrva","317","166","6.0","6.0","CZE","18"
"2026-05-25","213608","Moise Kouame","318","165","0.0","-2.0","FRA","17"
"2026-05-25","202475","Philip Henning","319","165","-1.0","-4.0","RSA","25"
"2026-05-25","","Igor Marcondes","320","164","-14.0","-23.0","",""
"2026-05-25","207368","Mert Alkaya","321","163","4.0","3.0","TUR","25"
"2026-05-25","209407","Max Basing","322","162","0.0","-1.0","GBR","23"
"2026-05-25","208025","Alex Martinez","323","161","0.0","-1.0","ESP","25"
"2026-05-25","126107","Michael Geerts","324","159","-12.0","-16.0","BEL","31"
"2026-05-25","208342","Tyler Zink","325","158","-6.0","-7.0","USA","25"
"2026-05-25","200188","Matteo Martineau","326","158","0.0","2.0","FRA","27"
"2026-05-25","210682","Federico Bondioli","327","158","1.0","5.0","ITA","21"
"2026-05-25","106121","Taro Daniel","328","157","0.0","2.0","JPN","33"
"2026-05-25","126337","Renta Tokuda","329","157","0.0","2.0","JPN","28"
"2026-05-25","209131","Eliakim Coulibaly","330","156","-7.0","-11.0","CIV","24"
"2026-05-25","208502","Dominic Stricker","331","154","0.0","2.0","SUI","23"
"2026-05-25","207491","Sandro Kopp","332","154","0.0","2.0","AUT","25"
"2026-05-25","210557","Petr Brunclik","333","153","0.0","3.0","CZE","19"
"2026-05-25","106283","Mitchell Krueger","334","153","0.0","3.0","USA","32"
"2026-05-25","210318","Andre Ilagan","335","153","0.0","3.0","USA","25"
"2026-05-25","","Cedrik-Marcel Stebe","336","152","0.0","3.0","",""
"2026-05-25","","Tung-Lin Wu","337","152","0.0","3.0","",""
"2026-05-25","106220","Dimitar Kuzmanov","338","152","-7.0","-13.0","BUL","32"
"2026-05-25","200346","Mats Rosenkranz","339","151","0.0","2.0","GER","27"
"2026-05-25","210472","Oliver Tarvet","340","150","0.0","2.0","GBR","22"
"2026-05-25","133975","Benjamin Hassan","341","149","6.0","13.0","LBN","31"
"2026-05-25","132573","Luca Castelnuovo","342","149","0.0","2.0","SUI","29"
"2026-05-25","211711","Braden Shick","343","149","-1.0","0.0","USA","22"
"2026-05-25","202235","Jacopo Berrettini","344","148","0.0","2.0","ITA","27"
"2026-05-25","209890","Mili Poljicak","345","148","-10.0","-19.0","CRO","21"
"2026-05-25","207129","Yanki Erel","346","147","0.0","1.0","TUR","25"
"2026-05-25","117360","Marc Polmans","347","147","0.0","1.0","AUS","29"
"2026-05-25","212251","Daniel Milavsky","348","147","0.0","1.0","USA","24"
"2026-05-25","123809","Ivan Gakhov","349","147","-11.0","-20.0","RUS","29"
"2026-05-25","111454","Li Tu","350","145","0.0","1.0","AUS","29"
"2026-05-25","","Adrian Boitan","351","145","-4.0","-6.0","",""
"2026-05-25","208144","Giles Hussey","352","145","0.0","0.0","GBR","28"
"2026-05-25","200587","Brandon Holt","353","144","0.0","0.0","USA","28"
"2026-05-25","208389","James Trotter","354","143","0.0","1.0","JPN","26"
"2026-05-25","144972","Geoffrey Blancaneaux","355","143","0.0","1.0","FRA","27"
"2026-05-25","211627","Hayato Matsuoka","356","143","0.0","1.0","JPN","21"
"2026-05-25","126206","Alex Rybakov","357","142","-16.0","-30.0","USA","29"
"2026-05-25","106044","Nicolas Kicker","358","142","0.0","0.0","ARG","33"
"2026-05-25","212241","Carlo Alberto Caniato","359","141","7.0","17.0","ITA","20"
"2026-05-25","209354","Ioannis Xilas","360","141","0.0","-1.0","GRE","25"
"2026-05-25","212207","Ognjen Milic","361","140","7.0","17.0","SRB","18"
"2026-05-25","211902","Henry Searle","362","139","-1.0","1.0","GBR","20"
"2026-05-25","202122","Yuta Shimizu","363","138","0.0","2.0","JPN","26"
"2026-05-25","206867","Tommaso Compagnucci","364","138","15.0","34.0","ITA","26"
"2026-05-25","126106","Ryan Peniston","365","137","-25.0","-45.0","GBR","30"
"2026-05-25","210005","Kilian Feldbausch","366","137","0.0","1.0","SUI","20"
"2026-05-25","109054","Daniel Masur","367","137","0.0","2.0","GER","31"
"2026-05-25","211542","Filippo Romano","368","137","0.0","0.0","ITA","20"
"2026-05-25","106380","Gonzalo Villanueva","369","137","0.0","2.0","ARG","31"
"2026-05-25","206470","Cezar Cretu","370","136","0.0","3.0","ROU","25"
"2026-05-25","105613","Norbert Gombos","371","135","0.0","3.0","SVK","35"
"2026-05-25","209512","Tom Paris","372","135","0.0","3.0","FRA","23"
"2026-05-25","200309","Marek Gengel","373","135","1.0","4.0","CZE","30"
"2026-05-25","129911","Marat Sharipov","374","134","-4.0","-8.0","RUS","23"
"2026-05-25","208143","Garrett Johns","375","134","-6.0","-11.0","USA","25"
"2026-05-25","202239","Florian Broska","376","133","0.0","3.0","GER","28"
"2026-05-25","106177","Oriol Roca Batalla","377","133","-3.0","-5.0","ESP","33"
"2026-05-25","212225","Thomas Faurel","378","131","0.0","4.0","FRA","20"
"2026-05-25","210377","Luciano Emanuel Ambrogi","379","131","0.0","4.0","ARG","22"
"2026-05-25","208937","Kasidit Samrej","380","130","2.0","5.0","THA","25"
"2026-05-25","209952","Sean Cuenin","381","129","-2.0","0.0","FRA","22"
"2026-05-25","207760","Anton Matusevich","382","129","9.0","23.0","GBR","24"
"2026-05-25","210042","Gabriele Piraino","383","127","16.0","41.0","ITA","22"
"2026-05-25","131911","Lucas Poullain","384","127","-10.0","-14.0","FRA","30"
"2026-05-25","212268","Max Schoenhaus","385","126","25.0","67.0","GER","18"
"2026-05-25","211661","Juan Estevez","386","126","0.0","2.0","ARG","20"
"2026-05-25","209983","Mika Brunold","387","125","-6.0","-7.0","SUI","21"
"2026-05-25","200495","Eduardo Ribeiro","388","125","0.0","2.0","BRA","28"
"2026-05-25","200666","Jie Cui","389","125","-15.0","-27.0","CHN","28"
"2026-05-25","208649","Andrew Fenty","390","125","0.0","2.0","USA","26"
"2026-05-25","","Santiago Rodriguez Taverna","391","125","-16.0","-30.0","",""
"2026-05-25","212216","Trevor Svajda","392","124","0.0","1.0","USA","20"
"2026-05-25","208257","Fabrizio Andaloro","393","124","-2.0","-6.0","ITA","25"
"2026-05-25","211768","Manas Dhamne","394","124","-1.0","-3.0","IND","18"
"2026-05-25","200452","Patrick Zahraj","395","124","0.0","0.0","GER","26"
"2026-05-25","202199","Carlos Sanchez Jover","396","124","0.0","-2.0","ESP","25"
"2026-05-25","207728","Moerani Bouzige","397","124","0.0","-1.0","AUS","26"
"2026-05-25","200572","Nick Hardt","398","123","24.0","61.0","DOM","25"
"2026-05-25","144716","Oleg Prihodko","399","123","0.0","-2.0","UKR","28"
"2026-05-25","207231","Mathys Erhard","400","123","0.0","-1.0","FRA","24"
"2026-05-25","202359","Marvin Moeller","401","122","0.0","-1.0","GER","27"
"2026-05-25","106362","Laurent Lokoli","402","121","0.0","-1.0","FRA","31"
"2026-05-25","202075","Adria Soriano Barrera","403","121","0.0","-1.0","COL","26"
"2026-05-25","207186","Arthur Weber","404","121","4.0","6.0","FRA","34"
"2026-05-25","209318","Petr Nesterov","405","121","-6.0","-19.0","BUL","23"
"2026-05-25","210085","Lui Maxted","406","120","0.0","-3.0","GBR","22"
"2026-05-25","200266","Javier Barranco Cosano","407","120","0.0","-3.0","ESP","27"
"2026-05-25","106292","Hernan Casanova","408","119","0.0","-2.0","ARG","32"
"2026-05-25","200484","Rudolf Molleker","409","119","0.0","-2.0","GER","25"
"2026-05-25","207502","Stefan Palosi","410","118","0.0","-1.0","ROU","26"
"2026-05-25","210382","Maximus Jones","411","117","0.0","0.0","THA","21"
"2026-05-25","209079","Samir Banerjee","412","116","0.0","0.0","USA","22"
"2026-05-25","209506","Francesco Forti","413","116","3.0","4.0","ITA","26"
"2026-05-25","207799","Matheus Pucinelli De Almeida","414","116","0.0","-1.0","BRA","25"
"2026-05-25","207200","Cyril Vandermeersch","415","115","14.0","38.0","FRA","27"
"2026-05-25","105180","Daniel Dutra Da Silva","416","115","-11.0","-27.0","BRA","37"
"2026-05-25","105655","Hiroki Moriya","417","114","0.0","-1.0","JPN","35"
"2026-05-25","209907","Viacheslav Bielinskyi","418","113","-15.0","-34.0","UKR","22"
"2026-05-25","200184","Andrey Chepelev","419","113","0.0","0.0","RUS","27"
"2026-05-25","105487","Facundo Bagnis","420","112","0.0","0.0","ARG","36"
"2026-05-25","207992","Cannon Kingsley","421","112","0.0","0.0","USA","25"
"2026-05-25","211504","Jack Loge","422","112","-7.0","-14.0","BEL","21"
"2026-05-25","207993","Justin Boulais","423","111","0.0","0.0","CAN","24"
"2026-05-25","144814","Eero Vasa","424","111","0.0","1.0","FIN","29"
"2026-05-25","209167","Olle Wallin","425","111","-2.0","-7.0","SWE","24"
"2026-05-25","213194","Jack Kennedy","426","110","7.0","17.0","USA","17"
"2026-05-25","209518","Tibo Colson","427","110","-1.0","-5.0","BEL","25"
"2026-05-25","209274","Carl Emil Overbeck","428","110","0.0","-2.0","DEN","24"
"2026-05-25","","Sanhui Shin","429","110","1.0","-1.0","",""
"2026-05-25","210214","Joao Eduardo Schiessl","430","109","0.0","-3.0","BRA","21"
"2026-05-25","106187","Denis Yevseyev","431","109","4.0","9.0","KAZ","33"
"2026-05-25","","Alafia Ayeni","432","108","10.0","30.0","",""
"2026-05-25","209984","Milos Karol","433","108","0.0","-4.0","SVK","23"
"2026-05-25","211621","Arthur Nagel","434","108","0.0","-3.0","FRA","23"
"2026-05-25","202354","Matthew Dellavedova","435","108","5.0","12.0","AUS","25"
"2026-05-25","","Jay Friend","436","107","0.0","-4.0","",""
"2026-05-25","126627","Johan Nikles","437","107","-1.0","-7.0","SUI","29"
"2026-05-25","212222","Raphael Perot","438","107","0.0","-5.0","FRA","24"
"2026-05-25","211636","Lucio Ratti","439","107","0.0","-4.0","ARG","22"
"2026-05-25","106186","Jason Kubler","440","105","0.0","-3.0","AUS","33"
"2026-05-25","212090","Sergio Callejon Hernando","441","105","0.0","-3.0","ESP","21"
"2026-05-25","201987","Masamichi Imamura","442","105","0.0","-1.0","JPN","27"
"2026-05-25","208104","Andrea Picchione","443","104","0.0","-1.0","ITA","27"
"2026-05-25","105413","Andrej Martin","444","103","0.0","0.0","SVK","36"
"2026-05-25","210107","Bor Artnak","445","103","0.0","0.0","SLO","21"
"2026-05-25","208431","Semen Pankin","446","103","24.0","72.0","RUS","26"
"2026-05-25","122352","Christoph Negritu","447","103","-12.0","-33.0","GER","32"
"2026-05-25","","Alex Hernandez","448","103","8.0","27.0","",""
"2026-05-25","","Alexander Binda","449","103","2.0","6.0","",""
"2026-05-25","125847","Jelle Sels","450","103","0.0","-4.0","NED","30"
"2026-05-25","210285","Sebastian Sorger","451","102","-3.0","-12.0","AUT","20"
"2026-05-25","202271","Lorenzo Joaquin Rodriguez","452","102","0.0","-3.0","ARG","26"
"2026-05-25","202420","Aidan Mchugh","453","101","0.0","-3.0","GBR","25"
"2026-05-25","212219","Mees Rottgering","454","101","0.0","-3.0","NED","18"
"2026-05-25","211639","Alejo Sanchez Quilez","455","101","4.0","12.0","ESP","20"
"2026-05-25","133872","Enrico Dalla Valle","456","101","11.0","32.0","ITA","28"
"2026-05-25","126340","Viktor Durasovic","457","101","-6.0","-23.0","NOR","29"
"2026-05-25","206553","Luca Potenza","458","101","0.0","-4.0","ITA","25"
"2026-05-25","117359","Jake Delaney","459","101","13.0","34.0","AUS","29"
"2026-05-25","202326","Ivan Marrero Curbelo","460","100","0.0","-4.0","ESP","27"
"2026-05-25","144656","Corentin Denolly","461","100","-6.0","-25.0","FRA","28"
"2026-05-25","209088","Quinn Vandecasteele","462","100","0.0","-5.0","USA","23"
"2026-05-25","210000","Karan Singh","463","100","-15.0","-48.0","IND","22"
"2026-05-25","212785","Carlos Maria Zarate","464","100","0.0","-6.0","ARG",""
"2026-05-25","213635","Jacopo Vasami","465","99","4.0","7.0","ITA","18"
"2026-05-25","210399","Edward Winter","466","99","0.0","-6.0","AUS","21"
"2026-05-25","209254","Valerio Aboian","467","99","0.0","-6.0","ARG","23"
"2026-05-25","208189","Gianmarco Ferrari","468","98","0.0","-5.0","ITA","25"
"2026-05-25","208253","Niels Visker","469","98","0.0","-3.0","NED","24"
"2026-05-25","202113","Hikaru Shiraishi","470","98","0.0","-5.0","JPN","26"
"2026-05-25","134068","Vadym Ursu","471","98","6.0","11.0","UKR","29"
"2026-05-25","210129","Samuele Pieri","472","98","2.0","-1.0","ITA","24"
"2026-05-25","207704","Alex Marti Pujolras","473","97","1.0","-3.0","ESP","27"
"2026-05-25","208322","Eric Vanshelboim","474","97","0.0","-6.0","UKR","24"
"2026-05-25","200374","Nicolas Alvarez Varona","475","96","0.0","-6.0","ESP","25"
"2026-05-25","207669","Robert Strombachs","476","96","-2.0","-12.0","LAT","26"
"2026-05-25","212077","Lorenzo Carboni","477","96","3.0","3.0","ITA","20"
"2026-05-25","132052","Christian Langmo","478","96","2.0","-1.0","USA","29"
"2026-05-25","105430","Radu Albot","479","95","0.0","-6.0","MDA","36"
"2026-05-25","101495","Miguel Tobon","480","95","0.0","-6.0","COL","19"
"2026-05-25","206467","Federico Arnaboldi","481","95","3.0","0.0","ITA","25"
"2026-05-25","202290","Dhakshineswar Suresh","482","94","0.0","-6.0","IND","26"
"2026-05-25","213149","Felix Balshaw","483","93","15.0","43.0","FRA","19"
"2026-05-25","207998","Takuya Kumasaka","484","93","0.0","-6.0","JPN","27"
"2026-05-25","210054","Matthew William Donald","485","93","0.0","-6.0","CZE","21"
"2026-05-25","209338","Daniel Siniakov","486","92","3.0","4.0","CZE","23"
"2026-05-25","211628","Koki Matsuda","487","91","0.0","-4.0","JPN","25"
"2026-05-25","106290","Filip Peliwo","488","91","0.0","-3.0","POL","32"
"2026-05-25","148679","Henry Bernet","489","90","0.0","-2.0","SUI","19"
"2026-05-25","202297","Dan Martin","490","89","-1.0","-4.0","CAN","27"
"2026-05-25","208457","Radu Mihai Papoe","491","89","0.0","0.0","ROU","23"
"2026-05-25","208158","Dominik Palan","492","89","2.0","4.0","CZE","25"
"2026-05-25","124040","Colin Sinclair","493","88","0.0","-1.0","NMI","31"
"2026-05-25","207708","Dusan Obradovic","494","88","-2.0","-5.0","SRB","25"
"2026-05-25","134329","Blake Ellis","495","87","0.0","-1.0","AUS","27"
"2026-05-25","209362","Aristotelis Thanos","496","87","0.0","-1.0","GRE","25"
"2026-05-25","127123","Mateus Alves","497","87","15.0","51.0","BRA","25"
"2026-05-25","212305","Juan Cruz Martin Manzano","498","87","7.0","14.0","ITA","21"
"2026-05-25","","Fares Zakaria","499","87","1.0","0.0","",""
"2026-05-25","208063","Paulo Andre Saraiva Dos Santos","500","87","3.0","5.0","BRA","25"
"2026-05-25","133997","Sergi Perez Contri","501","87","13.0","38.0","ESP","28"
"2026-05-25","209264","Pietro Fellin","502","86","0.0","-5.0","ITA","24"
"2026-05-25","106203","Pedro Sakamoto","503","86","0.0","-5.0","BRA","32"
"2026-05-25","211530","Tomasz Berkieta","504","85","0.0","-4.0","POL","19"
"2026-05-25","207220","Taha Baadi","505","85","0.0","-4.0","CAN","24"
"2026-05-25","210668","Massimo Giunta","506","85","6.0","15.0","ITA","21"
"2026-05-25","200550","Vladyslav Orlov","507","84","2.0","2.0","UKR","31"
"2026-05-25","208426","Tiago Torres","508","84","0.0","-5.0","POR","23"
"2026-05-25","210721","Iliyan Radulov","509","83","6.0","18.0","BUL","20"
"2026-05-25","106172","Maxime Chazal","510","83","0.0","-4.0","FRA","33"
"2026-05-25","210393","Maxim Zhukov","511","83","-8.0","-27.0","RUS","21"
"2026-05-25","210425","Svyatoslav Gulin","512","83","-1.0","-10.0","RUS","23"
"2026-05-25","207490","Carlos Lopez Montagud","513","83","0.0","-6.0","ESP","25"
"2026-05-25","209863","Leo Borg","514","83","0.0","-6.0","SWE","23"
"2026-05-25","209394","Anton Shepp","515","82","15.0","63.0","NZL","23"
"2026-05-25","206662","Georgii Kravchenko","516","82","11.0","40.0","UKR","25"
"2026-05-25","","Mukund Sasikumar","517","82","8.0","19.0","",""
"2026-05-25","125802","Ilya Ivashka","518","81","25.0","113.0","BLR","32"
"2026-05-25","111202","Hyeon Chung","519","81","2.0","-4.0","KOR","30"
"2026-05-25","106168","Sidharth Rawat","520","81","4.0","9.0","IND","33"
"2026-05-25","210470","Tai Sach","521","81","1.0","-7.0","AUS","23"
"2026-05-25","209142","Sebastian Gima","522","81","-1.0","-12.0","ROU","24"
"2026-05-25","211558","Karim Bennani","523","79","-2.0","-12.0","MAR","18"
"2026-05-25","210730","Reda Bennani","524","79","1.0","1.0","MAR","19"
"2026-05-25","211325","Aryan Shah","525","79","0.0","-9.0","IND","20"
"2026-05-25","208153","Giuseppe La Vela","526","79","0.0","-9.0","ITA","25"
"2026-05-25","209971","Michael Bassem Sobhy","527","79","24.0","116.0","EGY","22"
"2026-05-25","207764","Ryan Nijboer","528","79","2.0","3.0","NED","26"
"2026-05-25","209163","Emile Hudd","529","79","0.0","-10.0","GBR","25"
"2026-05-25","117357","Omar Jasika","530","79","0.0","-10.0","AUS","29"
"2026-05-25","207605","Jakub Paul","531","78","0.0","-9.0","SUI","27"
"2026-05-25","210034","Shunsuke Mitsui","532","78","0.0","-9.0","JPN","24"
"2026-05-25","207878","James Story","533","78","0.0","-9.0","GBR","25"
"2026-05-25","207601","Manuel Mazza","534","78","8.0","26.0","ITA","27"
"2026-05-25","210731","Filip Jeff Planinsek","535","78","1.0","-5.0","SLO","24"
"2026-05-25","211727","Pavle Marinkov","536","78","-2.0","-23.0","AUS","20"
"2026-05-25","206325","Pedro Vives Marcos","537","77","0.0","-9.0","ESP","25"
"2026-05-25","208297","Maxwell Mckennon","538","77","-7.0","-34.0","USA","24"
"2026-05-25","105806","Mirza Basic","539","76","0.0","-7.0","BIH","34"
"2026-05-25","","Amr Elsayed","540","76","0.0","-7.0","",""
"2026-05-25","210121","Kokoro Isomura","541","76","0.0","-7.0","JPN","23"
"2026-05-25","144970","Constantin Bittoun Kouzmine","542","76","6.0","20.0","FRA","27"
"2026-05-25","105938","Antoine Escoffier","543","75","0.0","-8.0","FRA","34"
"2026-05-25","211324","Mitsuki Wei Kang Leong","544","75","7.0","27.0","MAS","21"
"2026-05-25","208126","John Echeverria","545","74","2.0","4.0","ESP","24"
"2026-05-25","211898","Mae Malige","546","74","0.0","-9.0","FRA","20"
"2026-05-25","213001","Mika Petkovic","547","74","0.0","-9.0","GER","19"
"2026-05-25","200070","Kirill Kivattsev","548","74","0.0","-8.0","RUS","28"
"2026-05-25","208819","Max Hans Rehberg","549","73","7.0","31.0","GER","22"
"2026-05-25","209140","Millen Hurrion","550","73","0.0","-8.0","GBR","26"
"2026-05-25","212174","Enzo Aguiard","551","72","0.0","-8.0","AUS","23"
"2026-05-25","210142","Olaf Pieczkowski","552","72","0.0","-8.0","POL","22"
"2026-05-25","210714","Robin Catry","553","72","0.0","-6.0","FRA","24"
"2026-05-25","208328","Max Wiskandt","554","72","15.0","74.0","GER","24"
"2026-05-25","","Digvijay Pratap Singh","555","72","","","",""
"2026-05-25","131934","Andrea Vavassori","556","71","0.0","-4.0","ITA","31"
"2026-05-25","210083","Jakub Nicod","557","71","7.0","31.0","CZE","21"
"2026-05-25","207793","Alec Deckers","558","71","0.0","-4.0","NED","26"
"2026-05-25","202209","Imanol Lopez Morillo","559","71","0.0","-2.0","ESP","26"
"2026-05-25","200273","Hady Habib","560","70","0.0","-1.0","LIB","27"
"2026-05-25","","Tsung-Hao Huang","561","70","-2.0","-15.0","",""
"2026-05-25","210650","Stefan Adrian Andreescu","562","70","-2.0","-12.0","ROU","24"
"2026-05-25","209251","Stefan Popovic","563","70","0.0","-2.0","SRB","23"
"2026-05-25","210223","Leonardo Rossi","564","70","0.0","0.0","ITA","23"
"2026-05-25","200086","Toufik Sahtali","565","70","0.0","-2.0","ALG","27"
"2026-05-25","209185","Alessandro Pecci","566","69","1.0","3.0","ITA","25"
"2026-05-25","209302","Peter Fajta","567","69","-2.0","-14.0","HUN","24"
"2026-05-25","212258","Adhithya Ganesan","568","69","7.0","37.0","USA","20"
"2026-05-25","207484","Neil Oberleitner","569","68","-4.0","-24.0","AUT","26"
"2026-05-25","209191","Oleksandr Ovcharenko","570","68","-3.0","-15.0","UKR","24"
"2026-05-25","209510","Nino Ehrenschneider","571","68","-1.0","-5.0","GER","25"
"2026-05-25","200297","Aziz Ouakaa","572","68","0.0","1.0","TUN","26"
"2026-05-25","212531","Nicolas Arseneault","573","67","-1.0","-6.0","CAN","19"
"2026-05-25","106310","Alexander Ritschard","574","67","0.0","0.0","SUI","32"
"2026-05-25","105944","Juan Sebastian Gomez","575","67","0.0","0.0","COL","34"
"2026-05-25","208044","Etienne Donnet","576","67","0.0","0.0","FRA","25"
"2026-05-25","149099","Joaquin Aguilar Cardozo","577","67","0.0","0.0","URU",""
"2026-05-25","126125","Maxime Janvier","578","67","0.0","1.0","FRA","29"
"2026-05-25","","Roberto Cid Subervi","579","65","3.0","23.0","",""
"2026-05-25","200096","Dragos Nicolae Madaras","580","65","0.0","3.0","SWE","28"
"2026-05-25","208854","Aidan Mayo","581","65","-3.0","-13.0","USA","23"
"2026-05-25","144985","Ergi Kirkin","582","65","1.0","8.0","TUR","27"
"2026-05-25","210726","Cesar Bouchelaghem","583","65","1.0","8.0","FRA","21"
"2026-05-25","208605","Mario Gonzalez Fernandez","584","65","0.0","1.0","ESP","24"
"2026-05-25","","Albert Ramos-Vinolas","585","64","0.0","1.0","",""
"2026-05-25","200214","Alan Fernando Rubio Fierros","586","64","-1.0","-2.0","MEX","27"
"2026-05-25","106072","Alexey Vatutin","587","64","0.0","0.0","RUS","33"
"2026-05-25","132041","Alfredo Perez","588","64","-4.0","-18.0","USA","29"
"2026-05-25","207657","Tristan Mccormick","589","64","0.0","3.0","USA","27"
"2026-05-25","210599","Ryan Dickerson","590","64","0.0","3.0","USA","29"
"2026-05-25","212190","Karol Filar","591","64","1.0","10.0","POL","27"
"2026-05-25","210029","Bruno Kuzuhara","592","64","0.0","2.0","USA","22"
"2026-05-25","208586","Joshua Sheehy","593","63","0.0","3.0","USA","29"
"2026-05-25","202150","Dan Alexandru Tomescu","594","63","0.0","3.0","ROU","27"
"2026-05-25","207907","Arda Azkara","595","63","-3.0","-14.0","TUR","23"
"2026-05-25","212244","Gabriel Ghetu","596","63","-1.0","-7.0","ROU","18"
"2026-05-25","207803","Igor Gimenez","597","63","0.0","2.0","BRA","26"
"2026-05-25","132744","Alberto Barroso Campos","598","63","0.0","2.0","ESP","29"
"2026-05-25","209278","Alec Beckley","599","62","0.0","5.0","RSA","24"
"2026-05-25","","Kuan-Yi Lee","600","62","0.0","6.0","",""
"2026-05-25","212598","Emilien Demanet","601","62","1.0","8.0","BEL","21"
"2026-05-25","132831","Giovanni Oradini","602","62","2.0","10.0","ITA","28"
"2026-05-25","208343","Andrew Paulson","603","61","-2.0","-8.0","CZE","24"
"2026-05-25","210295","Cooper Williams","604","61","15.0","96.0","USA","20"
"2026-05-25","209931","Lukas Pokorny","605","61","-12.0","-64.0","SVK","24"
"2026-05-25","207987","Ryuki Matsuda","606","61","-8.0","-41.0","JPN","26"
"2026-05-25","209867","Daniil Ostapenkov","607","61","0.0","1.0","BLR","23"
"2026-05-25","207664","Luca Staeheli","608","61","0.0","2.0","SUI","26"
"2026-05-25","210218","Bruno Fernandez","609","61","0.0","2.0","BRA","21"
"2026-05-25","202398","Michael Vrbensky","610","60","-2.0","-7.0","CZE","26"
"2026-05-25","207202","Karl Poling","611","60","-8.0","-39.0","USA","26"
"2026-05-25","210545","Luis Carlos Alvarez","612","59","0.0","1.0","MEX","21"
"2026-05-25","208092","Filippo Moroni","613","59","0.0","1.0","ITA","25"
"2026-05-25","200665","Yuta Kawahashi","614","59","0.0","1.0","JPN","28"
"2026-05-25","213178","Cruz Hewitt","615","59","0.0","1.0","AUS","17"
"2026-05-25","209866","Karlis Ozolins","616","58","0.0","2.0","LAT","23"
"2026-05-25","207407","Peter Makk","617","58","0.0","2.0","HUN","24"
"2026-05-25","200661","Yuki Mochizuki","618","58","0.0","2.0","JPN","28"
"2026-05-25","208099","Santiago De La Fuente","619","58","0.0","2.0","ARG","24"
"2026-05-25","211901","Yanis Ghazouani Durand","620","58","0.0","2.0","FRA","25"
"2026-05-25","212830","Samuel Alejandro Linde Palacios","621","58","0.0","2.0","COL","18"
"2026-05-25","200218","Mate Valkusz","622","57","0.0","3.0","HUN","27"
"2026-05-25","210250","Erik Arutiunian","623","57","-9.0","-41.0","BLR","21"
"2026-05-25","207884","Arthur Bouquier","624","57","0.0","2.0","FRA","25"
"2026-05-25","212784","Maximo Zeitune","625","57","0.0","2.0","ARG","19"
"2026-05-25","200713","Federico Iannaccone","626","57","-5.0","-19.0","ITA","27"
"2026-05-25","209923","Romain Faucon","627","57","0.0","2.0","BEL","23"
"2026-05-25","210672","Leo Vithoontien","628","57","3.0","23.0","JPN","26"
"2026-05-25","210498","Gerard Campana Lee","629","57","-1.0","-5.0","KOR","21"
"2026-05-25","211501","Kenta Miyoshi","630","56","0.0","0.0","JPN","22"
"2026-05-25","200255","Alexander Weis","631","56","0.0","1.0","ITA","29"
"2026-05-25","209517","Igor Kudriashov","632","56","0.0","1.0","RUS","22"
"2026-05-25","202154","Uisung Park","633","56","7.0","51.0","KOR","25"
"2026-05-25","210447","Leo Raquillet","634","56","2.0","14.0","FRA","20"
"2026-05-25","212788","Amir Omarkhanov","635","56","0.0","0.0","KAZ","18"
"2026-05-25","210505","Marcel Zielinski","636","56","0.0","-2.0","POL","25"
"2026-05-25","210744","Kaylan Bigun","637","56","3.0","19.0","USA","20"
"2026-05-25","208168","Nicolas Tepmahc","638","56","0.0","-2.0","FRA","25"
"2026-05-25","111153","Christopher Eubanks","639","55","0.0","-2.0","USA","30"
"2026-05-25","135753","Patrick Maloney","640","55","0.0","-2.0","USA","26"
"2026-05-25","206922","Luca Wiedenmann","641","55","0.0","-2.0","GER","28"
"2026-05-25","209043","Yuta Kikuchi","642","55","0.0","0.0","JPN","26"
"2026-05-25","206912","Stuart Parker","643","54","0.0","1.0","GBR","28"
"2026-05-25","209120","Yassine Dlimi","644","54","-4.0","-27.0","MAR","23"
"2026-05-25","210513","Tuncay Duran","645","54","0.0","0.0","TUR","21"
"2026-05-25","210553","Jacob Bradshaw","646","54","0.0","0.0","AUS","23"
"2026-05-25","200445","Maxence Beauge","647","54","-1.0","-6.0","FRA","25"
"2026-05-25","212157","Timofei Derepasko","648","54","1.0","6.0","RUS","19"
"2026-05-25","126177","Strong Kirchheimer","649","54","0.0","1.0","USA","31"
"2026-05-25","211543","Lorenzo Sciahbasi","650","53","0.0","3.0","ITA","20"
"2026-05-25","210242","Ryan Colby","651","53","14.0","104.0","USA","22"
"2026-05-25","126762","Aleksandre Bakshi","652","53","-1.0","-5.0","GEO","28"
"2026-05-25","210063","Matyas Cerny","653","53","3.0","21.0","CZE","24"
"2026-05-25","133794","S D Prajwal Dev","654","53","-2.0","-14.0","IND","29"
"2026-05-25","144923","Louis Wessels","655","53","0.0","2.0","GER","27"
"2026-05-25","144907","Adrian Oetzbach","656","53","-1.0","-7.0","GER","28"
"2026-05-25","122113","Yurii Dzhavakian","657","53","2.0","14.0","UKR","33"
"2026-05-25","210320","Kyle Kang","658","52","0.0","0.0","USA","21"
"2026-05-25","210077","Aidan Kim","659","52","0.0","0.0","USA","21"
"2026-05-25","213003","Pierluigi Basile","660","52","0.0","0.0","ITA","19"
"2026-05-25","122078","Dmitry Popko","661","52","0.0","0.0","KAZ","29"
"2026-05-25","105671","Gastao Elias","662","52","0.0","0.0","POR","35"
"2026-05-25","207994","Chase Ferguson","663","52","0.0","0.0","AUS","27"
"2026-05-25","207893","Daniel De Jonge","664","52","1.0","4.0","NED","26"
"2026-05-25","208182","Saba Purtseladze","665","52","-50.0","-217.0","GEO","24"
"2026-05-25","212029","Dimitris Sakellaridis","666","52","0.0","-2.0","GRE","20"
"2026-05-25","211673","Duncan Chan","667","51","0.0","-2.0","CAN","20"
"2026-05-25","144826","Aziz Dougaz","668","51","0.0","-2.0","TUN","29"
"2026-05-25","129814","Ivan Ivanov","669","51","-12.0","-71.0","BUL","17"
"2026-05-25","126208","Yusuke Takahashi","670","51","3.0","22.0","JPN","28"
"2026-05-25","213713","Melios Efstathiou","671","51","0.0","-2.0","CYP",""
"2026-05-25","210507","Nicolas Villalon","672","51","0.0","-2.0","CHI","22"
"2026-05-25","104755","Richard Gasquet","673","50","0.0","-1.0","FRA","39"
"2026-05-25","212405","Gavin Young","674","50","0.0","-1.0","USA","23"
"2026-05-25","126183","Mariano Kestelboim","675","50","0.0","0.0","ARG","30"
"2026-05-25","212978","Izan Almazan Valiente","676","50","0.0","0.0","ESP","20"
"2026-05-25","212886","Radu David Turcanu","677","50","-3.0","-22.0","ROU","20"
"2026-05-25","209246","Alan Magadan","678","50","2.0","15.0","MEX","24"
"2026-05-25","211618","Jan Kumstat","679","49","-2.0","-12.0","CZE","19"
"2026-05-25","106249","Joao Domingues","680","49","0.0","-1.0","POR","32"
"2026-05-25","207239","Nikolay Vylegzhanin","681","49","0.0","-1.0","RUS","26"
"2026-05-25","210715","Yaroslav Demin","682","49","0.0","1.0","RUS","20"
"2026-05-25","208411","Daniel Antonio Nunez","683","49","0.0","2.0","CHI","24"
"2026-05-25","211756","Michal Krajci","684","49","0.0","2.0","SVK","21"
"2026-05-25","212831","Samuel Heredia","685","49","0.0","2.0","COL","19"
"2026-05-25","106137","Tristan Lamasine","686","48","-1.0","-8.0","FRA","33"
"2026-05-25","200574","Alexander Donski","687","48","0.0","1.0","BUL","27"
"2026-05-25","211550","Yusuke Kusuhara","688","48","0.0","1.0","JPN","28"
"2026-05-25","208876","Egor Agafonov","689","48","-1.0","-8.0","RUS","23"
"2026-05-25","212071","Kasra Rahmani","690","48","-2.0","-13.0","IRI","19"
"2026-05-25","208861","Keisuke Saitoh","691","48","15.0","134.0","JPN","25"
"2026-05-25","","Johan Alexander Rodriguez","692","47","0.0","3.0","",""
"2026-05-25","111788","Naoki Nakagawa","693","47","0.0","3.0","JPN","29"
"2026-05-25","202366","Tadeas Paroulek","694","47","-1.0","-3.0","CZE","26"
"2026-05-25","126335","Sora Fukuda","695","47","2.0","11.0","JPN","28"
"2026-05-25","209914","Andreja Petrovic","696","47","0.0","1.0","NOR","26"
"2026-05-25","200595","Lorenzo Bocchi","697","47","0.0","1.0","ITA","28"
"2026-05-25","207557","Maik Steiner","698","47","-1.0","-4.0","GER","31"
"2026-05-25","210686","Michael Agwi","699","46","-2.0","-9.0","IRL","22"
"2026-05-25","209385","Samuel Vincent Ruggeri","700","46","0.0","1.0","ITA","24"
"2026-05-25","","M Rifki Fitriadi","701","46","0.0","1.0","",""
"2026-05-25","133820","Ignacio Monzon","702","46","0.0","1.0","ARG","28"
"2026-05-25","105453","Kei Nishikori","703","45","-25.0","-145.0","JPN","36"
"2026-05-25","211566","Patrick Schoen","704","45","0.0","1.0","SUI","21"
"2026-05-25","200176","Manish Sureshkumar","705","45","4.0","32.0","IND","26"
"2026-05-25","210687","Pawit Sornlaksup","706","45","1.0","11.0","THA","26"
"2026-05-25","134389","Tim Handel","707","45","0.0","1.0","GER","29"
"2026-05-25","211409","Guillaume Dalmasso","708","45","0.0","1.0","FRA","23"
"2026-05-25","134457","Nicolas Moreno De Alboran","709","44","0.0","1.0","USA","28"
"2026-05-25","110618","Elmar Ejupovic","710","44","0.0","1.0","GER","33"
"2026-05-25","212104","Pablo Martinez Gomez","711","44","0.0","1.0","ESP","20"
"2026-05-25","212749","Andres Santamarta Roig","712","44","-1.0","-8.0","ESP","19"
"2026-05-25","202168","Ye Cong Mo","713","44","2.0","15.0","CHN","25"
"2026-05-25","208078","Tomas Farjat","714","44","0.0","1.0","ARG","25"
"2026-05-25","206923","Shinji Hazawa","715","44","1.0","11.0","JPN","27"
"2026-05-25","212603","Benjamin Torrealba","716","44","0.0","3.0","CHI","20"
"2026-05-25","211767","James Watt","717","43","0.0","3.0","NZL","25"
"2026-05-25","208267","Oscar Weightman","718","43","0.0","3.0","GBR","24"
"2026-05-25","126209","Peter Bertran","719","43","0.0","3.0","DOM","30"
"2026-05-25","212969","Matisse Bobichon","720","43","-1.0","-6.0","FRA","24"
"2026-05-25","210398","Gabriele Pennaforti","721","43","0.0","2.0","ITA","25"
"2026-05-25","208265","Pierre Delage","722","43","0.0","2.0","FRA","25"
"2026-05-25","","Denis Klok","723","43","-1.0","-7.0","",""
"2026-05-25","211649","Fernando Cavallo","724","43","0.0","1.0","ARG","20"
"2026-05-25","210604","Loann Massard","725","43","1.0","7.0","FRA","20"
"2026-05-25","210537","Josip Simundza","726","43","-1.0","-8.0","CRO","21"
"2026-05-25","149145","Matteo Covato","727","43","-4.0","-28.0","ITA","21"
"2026-05-25","209360","Samir Hamza Reguig","728","43","3.0","23.0","ALG","24"
"2026-05-25","210577","Alejandro Turriziani Alvarez","729","42","0.0","0.0","ESP","23"
"2026-05-25","132017","Mwendwa Mbithi","730","42","0.0","0.0","USA","28"
"2026-05-25","208386","Matt Kuhar","731","42","0.0","0.0","USA","29"
"2026-05-25","202230","Maxence Bertimon","732","42","0.0","1.0","FRA","26"
"2026-05-25","210252","Seydina Andre","733","42","15.0","151.0","SEN","22"
"2026-05-25","211355","Oskar Brostrom Poulsen","734","41","0.0","1.0","DEN","24"
"2026-05-25","210236","Attila Boros","735","41","7.0","73.0","HUN","22"
"2026-05-25","210025","Branko Djuric","736","41","-8.0","-54.0","SRB","21"
"2026-05-25","105700","Jose Pereira","737","41","0.0","-1.0","BRA","35"
"2026-05-25","125806","Dominik Kellovsky","738","41","-4.0","-31.0","CZE","29"
"2026-05-25","207535","Marlon Vankan","739","41","0.0","-1.0","GER","25"
"2026-05-25","213062","Nikolai Barsukov","740","41","1.0","10.0","GER",""
"2026-05-25","212160","Ryan Fishback","741","41","0.0","-2.0","USA","24"
"2026-05-25","202305","Franco Ribero","742","41","0.0","1.0","ARG","26"
"2026-05-25","202148","Michiel De Krom","743","41","0.0","-3.0","NED","27"
"2026-05-25","206916","Joshua Charlton","744","41","0.0","-3.0","AUS","26"
"2026-05-25","208285","Fausto Tabacco","745","41","0.0","-3.0","ITA","24"
"2026-05-25","109739","Maximilian Marterer","746","40","0.0","-1.0","GER","30"
"2026-05-25","202342","Ryan Seggerman","747","40","0.0","0.0","USA","26"
"2026-05-25","106264","Karue Sell","748","40","-13.0","-96.0","BRA","32"
"2026-05-25","134794","Alexis Gautier","749","40","0.0","-1.0","FRA","29"
"2026-05-25","","Toby Kodat","750","40","-4.0","-37.0","",""
"2026-05-25","210629","Alejandro Juan Mano","751","40","0.0","-2.0","ESP","21"
"2026-05-25","212286","Rodrigo Alujas","752","40","-2.0","-18.0","MEX","23"
"2026-05-25","207181","Govind Nanda","753","39","-1.0","-7.0","USA","25"
"2026-05-25","210048","Pierre Yves Bailly","754","39","0.0","-2.0","BEL","22"
"2026-05-25","123993","Lucas Gerch","755","39","-3.0","-28.0","GER","31"
"2026-05-25","202277","Damien Wenger","756","39","0.0","-3.0","SUI","26"
"2026-05-25","213760","Pavel Lagutin","757","39","0.0","-3.0","RUS","21"
"2026-05-25","200538","Matyas Fuele","758","39","1.0","14.0","HUN","27"
"2026-05-25","105814","Maximilian Neuchrist","759","39","0.0","-2.0","AUT","34"
"2026-05-25","202346","Ben Jones","760","39","0.0","-2.0","GBR","28"
"2026-05-25","212025","Yannik Kelm","761","39","3.0","27.0","GER","21"
"2026-05-25","210200","Yanaki Milev","762","39","0.0","-3.0","BUL","22"
"2026-05-25","200632","Evan Zhu","763","39","0.0","-3.0","USA","27"
"2026-05-25","208230","Alibek Kachmazov","764","38","0.0","-3.0","RUS","23"
"2026-05-25","","Fryderyk Lechno-Wasiutynski","765","38","0.0","-3.0","",""
"2026-05-25","138485","Conner Huertas Del Pino","766","38","0.0","-3.0","PER","30"
"2026-05-25","209067","Hunter Heck","767","38","0.0","-3.0","USA","24"
"2026-05-25","210079","Jisung Nam","768","38","0.0","-3.0","KOR","32"
"2026-05-25","200030","Facundo Juarez","769","38","0.0","-3.0","ITA","28"
"2026-05-25","","Arklon Huertas Del Pino Cordova","770","38","0.0","-3.0","",""
"2026-05-25","210494","Theo Papamalamis","771","38","0.0","-3.0","FRA","20"
"2026-05-25","209904","Alejandro Manzanera Pertusa","772","38","0.0","-3.0","ESP","23"
"2026-05-25","209198","Gian Luca Tanner","773","38","0.0","-3.0","SUI","25"
"2026-05-25","200216","Giovanni Fonio","774","38","0.0","-3.0","ITA","28"
"2026-05-25","","Ignacio Parisca Romera","775","38","0.0","-1.0","",""
"2026-05-25","211707","Amit Vales","776","38","0.0","0.0","ISR","20"
"2026-05-25","149117","Lorenzo Angelini","777","38","0.0","-2.0","ITA",""
"2026-05-25","208277","Taiyo Yamanaka","778","38","3.0","23.0","JPN","24"
"2026-05-25","208532","Thiago Cigarran","779","38","0.0","-1.0","ARG","26"
"2026-05-25","210145","John Sperle","780","38","0.0","-3.0","GER","24"
"2026-05-25","202089","Aleksandr Braynin","781","38","0.0","-2.0","UKR","26"
"2026-05-25","121264","Oscar Jose Gutierrez","782","38","0.0","-2.0","BRA","33"
"2026-05-25","200325","Emil Ruusuvuori","783","37","0.0","-2.0","FIN","27"
"2026-05-25","214004","Michael Antonius","784","37","0.0","-2.0","USA",""
"2026-05-25","212275","Thijs Boogaard","785","37","3.0","19.0","NED","17"
"2026-05-25","","Nikita Belozertsev","786","37","1.0","1.0","",""
"2026-05-25","132999","Kai Wehnelt","787","37","0.0","-3.0","GER","30"
"2026-05-25","208925","John Hallquist Lithen","788","37","2.0","15.0","SWE","24"
"2026-05-25","207660","Nicholas David Ionel","789","37","0.0","-4.0","ROU","23"
"2026-05-25","211758","Matthew Summers","790","37","-4.0","-46.0","GBR","27"
"2026-05-25","210294","Jack Anthrop","791","36","0.0","-5.0","USA","22"
"2026-05-25","211524","Abel Forger","792","36","-2.0","-19.0","NED","20"
"2026-05-25","208094","Jorge Plans","793","36","0.0","-4.0","ESP","24"
"2026-05-25","207383","Taisei Ichikawa","794","36","0.0","-4.0","JPN","25"
"2026-05-25","209337","Luca Castagnola","795","36","0.0","-4.0","ITA","23"
"2026-05-25","208818","Finn Murgett","796","36","2.0","16.0","GBR","24"
"2026-05-25","111505","Enzo Couacaud","797","35","0.0","-5.0","FRA","31"
"2026-05-25","212455","Lucas Andrade Da Silva","798","35","0.0","-5.0","BRA","21"
"2026-05-25","212115","Hoyoung Roh","799","35","8.0","75.0","KOR","20"
"2026-05-25","210488","Roger Pascual Ferra","800","35","0.0","-6.0","ESP","20"
"2026-05-25","106075","Jozef Kovalik","801","35","0.0","-6.0","SVK","33"
"2026-05-25","210328","Matt Ponchet","802","35","0.0","-6.0","FRA","21"
"2026-05-25","206921","Scott Jones","803","35","0.0","-6.0","AUS","28"
"2026-05-25","200270","Alex Knaff","804","35","-2.0","-21.0","LUX","28"
"2026-05-25","209959","Woobin Shin","805","35","-4.0","-49.0","KOR","22"
"2026-05-25","202327","Marko Miladinovic","806","35","0.0","-8.0","SRB","25"
"2026-05-25","144751","Rigele Te","807","35","4.0","32.0","CHN","28"
"2026-05-25","202258","Rafael Izquierdo Luque","808","35","0.0","-9.0","ESP","26"
"2026-05-25","105868","Wilson Leite","809","35","2.0","14.0","BRA","34"
"2026-05-25","207776","William Grant","810","35","0.0","-8.0","USA","25"
"2026-05-25","106397","Wishaya Trongcharoenchaikul","811","35","4.0","36.0","THA","31"
"2026-05-25","200335","Felipe Meligeni Alves","812","34","0.0","-7.0","BRA","28"
"2026-05-25","","Khumoyun Sultanov","813","34","0.0","-7.0","",""
"2026-05-25","110602","Dennis Novak","814","34","0.0","-7.0","AUT","32"
"2026-05-25","209937","Giorgio Tabacco","815","34","1.0","4.0","ITA","22"
"2026-05-25","209985","Amaury Raynel","816","34","0.0","-7.0","FRA","23"
"2026-05-25","209038","Linang Xiao","817","34","0.0","-7.0","CHN","26"
"2026-05-25","208302","Nikola Slavic","818","34","1.0","9.0","SWE","25"
"2026-05-25","210052","Nicolas Zanellato","819","34","0.0","-8.0","BRA","24"
"2026-05-25","212285","Albert Pedrico Kravtsov","820","33","0.0","-7.0","ESP","20"
"2026-05-25","122495","Shintaro Imai","821","33","0.0","-7.0","JPN","32"
"2026-05-25","210203","Pedro Rodenas","822","33","0.0","-7.0","ESP","22"
"2026-05-25","207456","Dong Ju Kim","823","33","0.0","-7.0","KOR","24"
"2026-05-25","202418","Stijn Slump","824","33","0.0","-7.0","NED","27"
"2026-05-25","104932","Kenny De Schepper","825","33","0.0","-5.0","FRA","38"
"2026-05-25","208372","Natan Rodrigues","826","33","0.0","-5.0","BRA","24"
"2026-05-25","212269","Marc Majdandzic","827","33","0.0","-3.0","GER","21"
"2026-05-25","208152","Gabriele Bosio","828","33","0.0","-2.0","ITA","25"
"2026-05-25","","Guto Miguel","829","32","3.0","26.0","",""
"2026-05-25","126185","Evgenii Tiurnev","830","32","0.0","-1.0","RUS","29"
"2026-05-25","213010","Marc Van Der Merwe","831","32","0.0","-1.0","RSA","31"
"2026-05-25","126581","Juan Sebastian Osorio","832","32","0.0","-1.0","COL","28"
"2026-05-25","207592","Martin Van Der Meerschen","833","32","-1.0","-11.0","BEL","25"
"2026-05-25","208071","Oleksii Krutykh","834","32","0.0","-2.0","UKR","26"
"2026-05-25","212221","Tianhui Zhang","835","32","0.0","-1.0","CHN","20"
"2026-05-25","","Daniel Salazar","836","32","0.0","-3.0","",""
"2026-05-25","207788","Thanapet Chanta","837","32","4.0","31.0","THA","26"
"2026-05-25","","Younes Lalami","838","32","0.0","-3.0","",""
"2026-05-25","209253","Andrea Fiorentini","839","32","0.0","-2.0","ITA","25"
"2026-05-25","212086","Grigory Shebekin","840","31","0.0","-2.0","RUS","21"
"2026-05-25","132310","Tiago Cacao","841","31","0.0","-1.0","POR","28"
"2026-05-25","200228","Felix Corwin","842","31","0.0","-1.0","USA","29"
"2026-05-25","210143","Maximilian Homberg","843","31","0.0","0.0","GER","23"
"2026-05-25","132374","Jesse Flores","844","31","0.0","-2.0","CRC","31"
"2026-05-25","144748","Kris Van Wyk","845","31","0.0","0.0","RSA","29"
"2026-05-25","","Nikita Mashtakov","846","31","2.0","14.0","",""
"2026-05-25","208166","Xiaofei Wang","847","31","0.0","-3.0","CHN","23"
"2026-05-25","209128","Diego Augusto Barreto Sanchez","848","31","-4.0","-48.0","ESP","24"
"2026-05-25","210652","Dragos Nicolae Cazacu","849","31","-1.0","-13.0","ROU","22"
"2026-05-25","106432","Borna Coric","850","30","0.0","-2.0","CRO","29"
"2026-05-25","207404","Miles Jones","851","30","0.0","-2.0","USA","25"
"2026-05-25","210623","Jakub Filip","852","30","1.0","10.0","CZE","20"
"2026-05-25","209095","Francisco Rocha","853","30","0.0","-1.0","POR","26"
"2026-05-25","212171","Nicolas Jadoun","854","30","8.0","95.0","FRA","23"
"2026-05-25","106423","Thanasi Kokkinakis","855","29","0.0","-1.0","AUS","30"
"2026-05-25","211651","Alexander Vasilev","856","29","4.0","42.0","BUL","19"
"2026-05-25","210254","Adrien Gobat","857","29","0.0","-1.0","FRA","24"
"2026-05-25","209882","Jeffrey Von Der Schulenburg","858","29","0.0","0.0","SUI","24"
"2026-05-25","209330","Bautista Vilicich","859","29","0.0","-2.0","ARG","24"
"2026-05-25","209234","Axel Garcian","860","29","-4.0","-42.0","FRA",""
"2026-05-25","212288","Vincent Marysko","861","29","0.0","-2.0","GER","20"
"2026-05-25","208051","Axel Nefve","862","29","-1.0","-12.0","USA","25"
"2026-05-25","211391","Iannis Miletich","863","29","0.0","0.0","ITA","20"
"2026-05-25","125833","Mert Naci Turker","864","29","0.0","-3.0","TUR","27"
"2026-05-25","212070","Ali Yazdani","865","29","-4.0","-37.0","IRI","22"
"2026-05-25","200330","Tomas Curras Abasolo","866","29","0.0","-2.0","ESP","26"
"2026-05-25","213965","Andrew Johnson","867","28","0.0","-2.0","USA","16"
"2026-05-25","211394","Patrick Brady","868","28","0.0","-1.0","GBR","21"
"2026-05-25","210093","Sander Jong","869","28","0.0","-3.0","NED","26"
"2026-05-25","144915","Mikalai Haliak","870","28","0.0","-1.0","BLR","27"
"2026-05-25","210099","Dinko Dinev","871","28","0.0","0.0","BUL","22"
"2026-05-25","211897","Naoya Honda","872","28","7.0","89.0","JPN","20"
"2026-05-25","208533","Joao Victor Couto Loureiro","873","28","-2.0","-22.0","BRA","23"
"2026-05-25","206749","Niccolo Catini","874","28","0.0","-2.0","ITA","28"
"2026-05-25","208264","Carles Hernandez","875","28","-2.0","-22.0","ESP","25"
"2026-05-25","212725","Alaa Trifi","876","28","0.0","-3.0","TUN","19"
"2026-05-25","126573","Thomas Fancutt","877","27","0.0","-2.0","AUS","31"
"2026-05-25","211479","Gustavo Ribeiro De Almeida","878","27","0.0","-2.0","BRA","20"
"2026-05-25","210523","Luca Pow","879","27","0.0","-2.0","GBR","21"
"2026-05-25","213996","Anton Arzhankin","880","27","0.0","-2.0","RUS",""
"2026-05-25","213007","Tristan Stringer","881","27","0.0","-2.0","USA","20"
"2026-05-25","","Duckhee Lee","882","27","0.0","-2.0","",""
"2026-05-25","202125","Benjamin Pietri","883","27","0.0","-1.0","FRA","29"
"2026-05-25","126971","Marcus Walters","884","27","0.0","-1.0","GBR","28"
"2026-05-25","208147","Alexandre Aubriot","885","27","-4.0","-39.0","FRA","26"
"2026-05-25","111568","Michael Zhu","886","27","0.0","-1.0","USA","33"
"2026-05-25","105948","Federico Coria","887","26","0.0","-1.0","ARG","34"
"2026-05-25","148674","Emon Van Loben Sels","888","26","0.0","-1.0","USA","21"
"2026-05-25","213825","Keaton Hance","889","26","0.0","-1.0","USA","18"
"2026-05-25","209124","Blu Baker","890","26","0.0","0.0","GBR","24"
"2026-05-25","212832","Salvador Price","891","26","4.0","48.0","COL","21"
"2026-05-25","209099","Kristijan Juhas","892","26","1.0","8.0","SRB","24"
"2026-05-25","212461","Daniele Rapagnetta","893","26","0.0","-2.0","ITA","19"
"2026-05-25","210424","Michel Hopp","894","26","-2.0","-24.0","GER","27"
"2026-05-25","200441","Grigoriy Lomakin","895","26","3.0","38.0","KAZ","28"
"2026-05-25","211708","Manuel Plunger","896","25","0.0","-4.0","ITA","23"
"2026-05-25","149842","Nicolas Ian Kotzen","897","25","0.0","-4.0","USA","23"
"2026-05-25","134087","Johannes Ingildsen","898","25","0.0","-4.0","DEN","28"
"2026-05-25","105952","Renzo Olivo","899","25","0.0","-4.0","ARG","34"
"2026-05-25","144707","Mikael Ymer","900","25","0.0","-4.0","SWE","27"
"2026-05-25","126523","Bernabe Zapata Miralles","901","25","0.0","-4.0","ESP","29"
"2026-05-25","212235","Noah Zamora","902","25","0.0","-3.0","USA","23"
"2026-05-25","213838","Ronit Karki","903","25","1.0","7.0","USA","18"
"2026-05-25","104729","Ivan Nedelko","904","25","0.0","-3.0","RUS","40"
"2026-05-25","206556","Lautaro Agustin Falabella","905","25","0.0","-2.0","ARG","28"
"2026-05-25","210477","Artur Kukasian","906","25","-2.0","-25.0","RUS","22"
"2026-05-25","211658","Tomas Martinez","907","25","2.0","20.0","ARG","22"
"2026-05-25","212748","Anas Mazdrashki","908","25","0.0","-2.0","BUL",""
"2026-05-25","122294","Gabriele Maria Noce","909","25","0.0","-4.0","ITA","30"
"2026-05-25","212816","Lucca Helguera Casado","910","25","0.0","-3.0","ESP","20"
"2026-05-25","202334","Jesse Delaney","911","25","1.0","5.0","AUS","27"
"2026-05-25","202124","Kosuke Ogura","912","25","2.0","20.0","JPN","30"
"2026-05-25","213806","Kriish Tyagi","913","24","4.0","49.0","IND","19"
"2026-05-25","214018","Jamie Mackenzie","914","24","1.0","8.0","GER",""
"2026-05-25","212803","Yun Seong Chung","915","24","4.0","53.0","KOR",""
"2026-05-25","208320","Christopher Li","916","24","0.0","-4.0","PER","22"
"2026-05-25","211719","Carles Cordoba","917","24","0.0","-4.0","ESP",""
"2026-05-25","208653","Isaac Becroft","918","24","2.0","29.0","NZL","25"
"2026-05-25","202244","Jeremy Gschwendtner","919","24","0.0","-4.0","GBR","27"
"2026-05-25","207841","Muhammad Shoaib","920","23","0.0","-3.0","PAK","24"
"2026-05-25","","J.J. Wolf","921","23","0.0","-3.0","",""
"2026-05-25","212733","Matthew Forbes","922","23","0.0","-3.0","USA","20"
"2026-05-25","213932","Theodore Dean","923","23","0.0","-3.0","USA","24"
"2026-05-25","144841","Christian Sigsgaard","924","23","0.0","-3.0","DEN","29"
"2026-05-25","209166","Calvin Mueller","925","23","0.0","-1.0","GER","25"
"2026-05-25","208237","Aleksa Ciric","926","23","1.0","10.0","SRB","25"
"2026-05-25","212780","Enzo Kohlmann De Freitas","927","23","0.0","-2.0","BRA","19"
"2026-05-25","208003","Bekkhan Atlangeriev","928","23","1.0","12.0","RUS","25"
"2026-05-25","144925","Nitin Kumar Sinha","929","23","1.0","12.0","IND","27"
"2026-05-25","210483","Yaojie Zeng","930","23","1.0","13.0","CHN","24"
"2026-05-25","208160","Sam Ryan Ziegann","931","23","0.0","-2.0","AUS","27"
"2026-05-25","209164","Lorenzo Rottoli","932","23","-2.0","-28.0","ITA","24"
"2026-05-25","209171","Thantub Suksumrarn","933","23","0.0","-3.0","THA","25"
"2026-05-25","212259","Benjamin Thomas George","934","23","-1.0","-20.0","CAN","23"
"2026-05-25","210531","Paul Inchauspe","935","22","0.0","-1.0","FRA","22"
"2026-05-25","209905","Shunsuke Nakagawa","936","22","0.0","-1.0","JPN","26"
"2026-05-25","212311","Stijn Paardekooper","937","22","0.0","0.0","NED","22"
"2026-05-25","200671","Daisuke Sumizawa","938","22","0.0","0.0","JPN","27"
"2026-05-25","212203","Luca Preda","939","22","-2.0","-28.0","ROU","20"
"2026-05-25","208055","Ajeet Rai","940","22","-1.0","-14.0","NZL","27"
"2026-05-25","206216","Tom Zeuch","941","22","0.0","1.0","GER","26"
"2026-05-25","211774","Ryotaro Taguchi","942","22","1.0","16.0","JPN","25"
"2026-05-25","212478","William Rejchtman Vinciguerra","943","22","0.0","1.0","SWE","19"
"2026-05-25","210429","Pietro Romeo Scomparin","944","22","0.0","1.0","ITA","25"
"2026-05-25","209956","Dev Javia","945","22","-1.0","-17.0","IND","24"
"2026-05-25","208132","Noah Schachter","946","22","0.0","0.0","USA","26"
"2026-05-25","210684","Niccolo Ciavarella","947","22","-1.0","-16.0","ITA","22"
"2026-05-25","104905","Nicolas Barrientos","948","21","0.0","2.0","COL","39"
"2026-05-25","212076","Zoran Ludoski","949","21","0.0","2.0","SRB","20"
"2026-05-25","202345","Arvid Nordquist","950","21","0.0","2.0","SWE","27"
"2026-05-25","210323","Luis Felipe Miguel","951","21","8.0","126.0","BRA","22"
"2026-05-25","","Yannick Theodor Alexandrescou","952","21","0.0","2.0","",""
"2026-05-25","209334","Micah Braswell","953","21","0.0","2.0","USA","24"
"2026-05-25","208382","Herman Hoeyeraal","954","21","4.0","61.0","NOR","24"
"2026-05-25","","Stefano D'Agostino","955","21","0.0","1.0","",""
"2026-05-25","109694","Pedro Araujo","956","21","0.0","1.0","POR","24"
"2026-05-25","208229","Qian Sun","957","21","0.0","2.0","CHN","24"
"2026-05-25","211497","Rocco Piatti","958","21","4.0","60.0","MON","21"
"2026-05-25","211646","Louis Larue","959","21","1.0","13.0","FRA","21"
"2026-05-25","212574","Egor Pleshivtsev","960","21","0.0","0.0","RUS",""
"2026-05-25","200276","Niklas Schell","961","21","-1.0","-13.0","GER","27"
"2026-05-25","208466","Evan Bynoe","962","21","-4.0","-54.0","USA","26"
"2026-05-25","208401","Giannicola Misasi","963","21","1.0","17.0","ITA","25"
"2026-05-25","105575","Ricardas Berankis","964","20","0.0","0.0","LTU","35"
"2026-05-25","210132","Julio Cesar Porras","965","20","0.0","-2.0","ARG","28"
"2026-05-25","209943","Ilya Snitari","966","20","-4.0","-57.0","MDA","24"
"2026-05-25","212958","Spencer Johnson","967","20","0.0","-2.0","USA","23"
"2026-05-25","210759","Gianluca Brunkow","968","20","0.0","-2.0","USA","23"
"2026-05-25","148673","Dominique Rolland","969","20","0.0","-2.0","USA","21"
"2026-05-25","134490","Justin Roberts","970","20","0.0","-1.0","BAH","29"
"2026-05-25","109334","Bastian Malla","971","20","0.0","-1.0","CHI","29"
"2026-05-25","212280","Giulio Perego","972","20","0.0","-1.0","ITA","23"
"2026-05-25","213356","Michele Mecarelli","973","20","1.0","16.0","ITA","19"
"2026-05-25","210535","Maxim Shin","974","20","1.0","18.0","UZB","22"
"2026-05-25","211467","Aditya Vishal Balsekar","975","20","0.0","0.0","IND","23"
"2026-05-25","207676","Adan Freire Da Silva","976","20","0.0","0.0","FRA","27"
"2026-05-25","202275","Fermin Tenti","977","20","0.0","0.0","ARG","28"
"2026-05-25","208250","Mihai Razvan Marinescu","978","20","0.0","0.0","ROU","24"
"2026-05-25","210456","Karim Ibrahim","979","20","0.0","0.0","EGY","22"
"2026-05-25","212022","Daniil Sarksian","980","20","3.0","44.0","RUS","19"
"2026-05-25","210028","Ozan Baris","981","19","0.0","0.0","USA","22"
"2026-05-25","210727","Taym Al Azmeh","982","19","0.0","0.0","GER","22"
"2026-05-25","210091","Filip Pieczonka","983","19","0.0","0.0","POL","22"
"2026-05-25","126165","Aoran Wang","984","19","-4.0","-61.0","CHN","29"
"2026-05-25","106078","Egor Gerasimov","985","19","0.0","-1.0","BLR","33"
"2026-05-25","","Chanyeong Oh","986","19","1.0","13.0","",""
"2026-05-25","212852","Kacper Szymkowiak","987","19","0.0","-2.0","POL","21"
"2026-05-25","207682","Lorenzo Gagliardo","988","19","1.0","15.0","ITA","25"
"2026-05-25","131910","Lucas Bouquet","989","19","0.0","-3.0","FRA","28"
"2026-05-25","205842","Arthur Reymond","990","19","0.0","-3.0","FRA","27"
"2026-05-25","212127","Charlie Robertson","991","19","0.0","-3.0","GBR","19"
"2026-05-25","212308","Markus Malaszszak","992","19","1.0","15.0","GER","21"
"2026-05-25","126135","Jumpei Yamasaki","993","19","-1.0","-20.0","JPN","28"
"2026-05-25","212630","Aaron Funk","994","19","14.0","466.0","GER","20"
"2026-05-25","210394","Nikita Ianin","995","19","-1.0","-21.0","RUS","24"
"2026-05-25","213143","Sydney Zick","996","19","0.0","-3.0","GER","19"
"2026-05-25","200418","Karl Friberg","997","19","0.0","-3.0","SWE","27"
"2026-05-25","213046","Pieter De Lange","998","19","1.0","12.0","NED",""
"2026-05-25","210047","Lorenzo Lorusso","999","19","0.0","-3.0","ITA","26"
"2026-05-25","210157","Dylan Dietrich","1000","18","0.0","-3.0","SUI","21"
"2026-05-25","206573","Trey Hilderbrand","1001","18","0.0","-3.0","USA","26"
"2026-05-25","212202","Alvin Nicholas Tudorica","1006","18","0.0","-1.0","CAN","24"
"2026-05-25","212949","Ziga Sesko","1007","18","0.0","-3.0","SLO","17"
"2026-05-25","210683","Peter Buldorini","1008","18","0.0","-2.0","ITA","21"
"2026-05-25","202065","Petros Tsitsipas","1009","18","-1.0","-18.0","GRE","25"
"2026-05-25","212888","Rares Teodor Pieleanu","1010","18","-1.0","-15.0","ROU","19"
"2026-05-25","210409","Pavlos Tsitsipas","1011","18","1.0","12.0","GRE","20"
"2026-05-25","212926","Andrew Delgado","1012","17","0.0","0.0","USA","21"
"2026-05-25","209064","Suk Hyun Choo","1013","17","0.0","0.0","KOR","25"
"2026-05-25","213360","Niels Mcdonald","1014","17","0.0","0.0","GER","18"
"2026-05-25","210098","Victor Lilov","1015","17","-8.0","-113.0","USA","22"
"2026-05-25","133014","Enzo Wallart","1016","17","-2.0","-26.0","FRA","29"
"2026-05-25","212059","Zach Stephens","1017","17","0.0","0.0","GBR","20"
"2026-05-25","209203","Evgeny Philippov","1018","17","1.0","17.0","RUS","24"
"2026-05-25","202077","Ewen Lumsden","1019","17","-1.0","-11.0","GBR","26"
"2026-05-25","212199","Tymur Bieldiugin","1020","17","0.0","-1.0","UKR","20"
"2026-05-25","213969","Joao Vitor Scramin Do Lago","1021","17","1.0","15.0","BRA","19"
"2026-05-25","212639","Yuto Oki","1022","17","-1.0","-13.0","JPN",""
"2026-05-25","212631","David Eichenseher","1023","17","7.0","173.0","GER","20"
"2026-05-25","211317","Chen Dong","1024","17","0.0","-3.0","AUS","23"
"2026-05-25","134276","Jacob Brumm","1025","17","0.0","-5.0","USA","27"
"2026-05-25","212616","Yuta Tomida","1026","17","4.0","72.0","JPN","19"
"2026-05-25","209233","Pietro Marino","1027","17","0.0","-5.0","ITA","24"
"2026-05-25","202220","Nicolas Bruna","1028","17","2.0","33.0","CHI","27"
"2026-05-25","213987","Vignesh Gogineni","1029","16","0.0","-4.0","USA",""
"2026-05-25","211664","Nicolas Oliveira","1030","16","0.0","-4.0","BRA","20"
"2026-05-25","209928","Kalin Ivanovski","1031","16","0.0","-2.0","MKD","22"
"2026-05-25","212839","Oliver Bonding","1032","16","0.0","-5.0","GBR","18"
"2026-05-25","211675","Keegan Rice","1033","16","0.0","-5.0","CAN","19"
"2026-05-25","206746","Benjamin Winter Lopez","1034","16","0.0","-4.0","ESP","27"
"2026-05-25","109946","Pedro Rodrigues","1035","16","0.0","-4.0","BRA","20"
"2026-05-25","212944","Ryo Tabata","1036","16","0.0","-4.0","JPN","18"
"2026-05-25","212142","Maxwell Exsted","1037","16","0.0","-4.0","USA","19"
"2026-05-25","208467","Alexander Kotzen","1038","16","0.0","-4.0","USA","25"
"2026-05-25","208424","Julian Cundom","1039","16","1.0","9.0","ARG","25"
"2026-05-25","206600","Zura Tkemaladze","1040","16","0.0","-3.0","GEO","25"
"2026-05-25","208613","Ezequiel Monferrer","1041","16","1.0","15.0","ARG","23"
"2026-05-25","211645","Christian Djonov","1042","16","8.0","230.0","GER","26"
"2026-05-25","208006","Rafael Tosetto","1043","16","0.0","-4.0","BRA","26"
"2026-05-25","208057","Diego Fernandez Flores","1044","16","0.0","-4.0","CHI","25"
"2026-05-25","213591","Billy Suarez","1045","16","0.0","-4.0","USA",""
"2026-05-25","212972","Andrea De Marchi","1046","16","0.0","-4.0","ITA","19"
"2026-05-25","212246","Volodymyr Iakubenko","1047","16","0.0","-4.0","UKR","20"
"2026-05-25","","Joaquim de Almeida","1048","15","0.0","-4.0","",""
"2026-05-25","126536","David Pichler","1049","15","0.0","-4.0","AUT","30"
"2026-05-25","126197","Orlando Luz","1050","15","0.0","-4.0","BRA","28"
"2026-05-25","106214","Oscar Otte","1051","15","0.0","-4.0","GER","32"
"2026-05-25","126216","Alexander Klintcharov","1052","15","0.0","-3.0","NZL","29"
"2026-05-25","208855","Christopher Papa","1053","15","3.0","67.0","USA","25"
"2026-05-25","200050","Finn Bass","1054","15","0.0","-4.0","GBR","26"
"2026-05-25","208130","Geun Jun Kim","1055","15","2.0","34.0","KOR","24"
"2026-05-25","208518","Hazem Naw","1056","15","0.0","-5.0","SYR","26"
"2026-05-25","210554","Marko Maksimovic","1057","15","0.0","-5.0","SRB","20"
"2026-05-25","210182","Mateo Del Pino","1058","15","2.0","34.0","ARG","22"
"2026-05-25","211700","Ruslan Tiukaev","1059","15","0.0","-5.0","RUS","20"
"2026-05-25","208844","Keshav Chopra","1060","15","0.0","-2.0","USA","24"
"2026-05-25","207331","Vladislav Melnic","1061","15","0.0","-4.0","ROU","26"
"2026-05-25","209921","Ali Habib","1062","15","1.0","12.0","GBR","23"
"2026-05-25","212030","Kerem Yilmaz","1063","15","0.0","-4.0","TUR","19"
"2026-05-25","212552","Nicolas Ifi","1064","15","0.0","-4.0","BEL","27"
"2026-05-25","144731","Kody Pearson","1065","14","0.0","-3.0","AUS","26"
"2026-05-25","211484","Jangjun Kim","1066","14","0.0","-3.0","KOR","19"
"2026-05-25","207649","Savriyan Danilov","1067","14","0.0","-3.0","RUS","25"
"2026-05-25","209204","Iiro Vasa","1068","14","0.0","-3.0","FIN","23"
"2026-05-25","106167","Joris De Loore","1069","14","0.0","-3.0","BEL","33"
"2026-05-25","144932","Kristjan Tamm","1070","14","0.0","-3.0","EST","27"
"2026-05-25","202419","Justin Schlageter","1071","14","-3.0","-55.0","GER","25"
"2026-05-25","212149","Nikola Djosic","1072","14","1.0","13.0","SUI","18"
"2026-05-25","207343","Hanyi Liu","1073","14","-1.0","-20.0","CHN","25"
"2026-05-25","211564","Brian Bozemoj","1074","14","-1.0","-19.0","NED","22"
"2026-05-25","211334","Aljaz Jeran","1075","14","0.0","-4.0","SLO","22"
"2026-05-25","213048","Alan Wazny","1076","14","0.0","-6.0","POL",""
"2026-05-25","211761","Valentin Basel","1077","14","0.0","-5.0","ARG","21"
"2026-05-25","208816","Jeremy Schifris","1078","14","3.0","80.0","GER","24"
"2026-05-25","","Dimitris Azoidis","1079","14","0.0","-6.0","",""
"2026-05-25","205825","Joao Vitor Goncalves Ceolin","1080","14","-2.0","-42.0","BRA","27"
"2026-05-25","211323","Jacopo Bilardo","1081","14","1.0","16.0","ITA","21"
"2026-05-25","211676","Saveliy Ivanov","1082","14","0.0","-7.0","RUS","21"
"2026-05-25","210038","Matias Ponce De Leon Gomila","1083","13","0.0","-7.0","ESP","22"
"2026-05-25","202361","Simon Reveniau","1084","13","0.0","-6.0","FRA","28"
"2026-05-25","212847","Alejandro Hayen","1085","13","0.0","-6.0","MEX","27"
"2026-05-25","210265","Aleksandr Lobanov","1086","13","-8.0","-133.0","RUS","25"
"2026-05-25","106348","Evgeny Karlovskiy","1087","13","0.0","-5.0","RUS","31"
"2026-05-25","105359","Jason Jung","1088","13","0.0","-8.0","TPE","36"
"2026-05-25","200457","Jannik Opitz","1089","13","0.0","-8.0","GER","28"
"2026-05-25","210274","Sebastian Dominko","1090","13","0.0","-7.0","SLO","23"
"2026-05-25","210705","Matt Hulme","1091","13","0.0","-7.0","AUS","27"
"2026-05-25","210185","Alen Mujakic","1092","13","1.0","23.0","GER","22"
"2026-05-25","211503","Nico Hipfl","1093","13","1.0","23.0","AUT","20"
"2026-05-25","209115","Oliver Okonkwo","1094","13","-1.0","-26.0","GBR","26"
"2026-05-25","213210","Maan Kesharwani","1095","13","-1.0","-26.0","IND",""
"2026-05-25","134405","Koray Kirci","1096","13","0.0","-9.0","TUR","27"
"2026-05-25","","Thando Longwe-Smit","1097","13","","","",""
"2026-05-25","211329","James Van Herzeele","1098","13","0.0","-10.0","THA",""
"2026-05-25","117352","Oliver Anderson","1099","13","0.0","-8.0","AUS","28"
"2026-05-25","","Seongwoo Cho","1100","13","1.0","22.0","",""
"2026-05-25","202081","Diogo Marques","1101","13","0.0","-6.0","POR","26"
"2026-05-25","213103","Viktor Frydrych","1102","13","0.0","-9.0","GBR",""
"2026-05-25","212762","Victor Hugo Remondy Pagotto","1103","13","0.0","-9.0","BRA","20"
"2026-05-25","200166","Stefan Vujic","1104","13","1.0","24.0","AUS","28"
"2026-05-25","212903","Melih Anavatan","1105","13","2.0","55.0","TUR",""
"2026-05-25","212295","Enzo Camargo Lima","1106","13","1.0","23.0","BRA","22"
"2026-05-25","210745","Matthias Ujvary","1107","13","0.0","-8.0","AUT","21"
"2026-05-25","209280","Devin Badenhorst","1108","12","0.0","-8.0","RSA","22"
"2026-05-25","209917","Benito Sanchez Martinez","1109","12","0.0","-8.0","GER","24"
"2026-05-25","105339","Yan Bai","1110","12","0.0","-8.0","CHN","37"
"2026-05-25","200456","Martin Borisiouk","1113","12","0.0","-8.0","BLR","25"
"2026-05-25","212930","Mario Martinez Serrano","1114","12","0.0","-8.0","ESP","21"
"2026-05-25","212885","Cezar Gabriel Papoe","1115","12","0.0","-8.0","ROU","18"
"2026-05-25","210002","Rohan Mehra","1116","12","0.0","-8.0","IND","24"
"2026-05-25","214206","Thiago Agustin Pernas","1117","12","0.0","-8.0","ARG","24"
"2026-05-25","210736","Shu Matsuoka","1118","12","0.0","-8.0","JPN","22"
"2026-05-25","104510","Stefan Seifert","1119","12","0.0","-8.0","GER","41"
"2026-05-25","202090","Adrian Andreev","1120","12","0.0","-8.0","BUL","25"
"2026-05-25","210436","Hayden Jones","1121","12","0.0","-7.0","AUS","19"
"2026-05-25","213014","Simeon Stankovic","1122","12","0.0","-5.0","SRB",""
"2026-05-25","209997","Marcello Serafini","1123","12","0.0","-5.0","ITA","23"
"2026-05-25","210163","Elgin Khoeblal","1124","12","0.0","-5.0","NED","24"
"2026-05-25","212260","Rocco Valente","1125","12","1.0","19.0","ARG","21"
"2026-05-25","212834","Nicolas Garcia Longo","1126","12","","","ARG","21"
"2026-05-25","212889","Daniel Uta","1127","12","0.0","-4.0","ROU","19"
"2026-05-25","210532","Giacomo Crisostomo","1128","12","0.0","-7.0","ITA","22"
"2026-05-25","207864","Noel Larwig","1129","12","0.0","-5.0","GER","24"
"2026-05-25","149843","Conor Gannon","1130","12","1.0","26.0","IRL","23"
"2026-05-25","205831","Ammar Alhogbani","1131","12","0.0","-6.0","USA","27"
"2026-05-25","206736","Benjamin O'Connell","1132","12","1.0","30.0","AUS","27"
"2026-05-25","209852","Zsombor Velcz","1133","11","0.0","-3.0","HUN","23"
"2026-05-25","211671","Jerry  Roddick","1134","11","0.0","-3.0","USA",""
"2026-05-25","214123","Elijah Sanogo","1135","11","0.0","-1.0","FRA","17"
"2026-05-25","212110","Mathis Bondaz","1136","11","0.0","-1.0","FRA",""
"2026-05-25","111569","Gage Brymer","1137","11","0.0","-1.0","USA","31"
"2026-05-25","207172","Connor Thomson","1138","11","","","GBR","25"
"2026-05-25","211790","Rudy Quan","1139","11","0.0","0.0","USA","20"
"2026-05-25","213935","Daniil Kakhniuk","1142","11","0.0","-2.0","BLR",""
"2026-05-25","212481","Federico Aguilar Cardozo","1143","11","0.0","-2.0","URU","21"
"2026-05-25","214231","Johan Oscar Lien","1144","11","","","NOR","18"
"2026-05-25","209999","Leonardo Malgaroli","1145","11","0.0","-2.0","ITA","23"
"2026-05-25","214043","Lachlan James Mcfadzean","1146","11","0.0","-4.0","AUS","19"
"2026-05-25","213174","Mickael Kaouk","1147","11","0.0","-2.0","FRA",""
"2026-05-25","209913","Fons Van Sambeek","1148","11","","","NED","24"
"2026-05-25","200289","Mathieu Scaglia","1149","11","","","FRA","27"
"2026-05-25","210605","Liam Branger","1150","11","0.0","0.0","FRA","25"
"2026-05-25","210166","Mika Lipp","1151","11","-2.0","-61.0","GER","22"
"2026-05-25","210514","Edison Ambarzumjan","1152","11","0.0","-1.0","GER","29"
"2026-05-25","208908","Rafael De Alba","1153","11","0.0","0.0","MEX",""
"2026-05-25","136648","Jefferson Wendler Filho","1154","11","0.0","-2.0","BRA","30"
"2026-05-25","214013","Fanming Meng","1155","11","0.0","-1.0","CHN",""
"2026-05-25","200024","Makoto Ochi","1156","11","0.0","-1.0","JPN","30"
"2026-05-25","202106","Juan Bautista Otegui","1157","11","0.0","0.0","ARG","27"
"2026-05-25","149267","Andrea Colombo","1158","11","-1.0","-32.0","ITA","23"
"2026-05-25","212871","Piet Luis Pinter","1159","11","-1.0","-32.0","AUT","20"
"2026-05-25","145008","Hugo Pierre","1160","11","0.0","-1.0","FRA","30"
"2026-05-25","211904","Maximilian Figl","1161","11","0.0","0.0","ITA","22"
"2026-05-25","212935","Ferdinand Livet Novkirichka","1162","11","0.0","1.0","FRA",""
"2026-05-25","208864","Leyton Rivera","1163","11","0.0","1.0","NOR","24"
"2026-05-25","213977","Cosme Rolland De Ravel","1168","10","0.0","2.0","FRA","21"
"2026-05-25","","Alexander Rozin","1172","10","0.0","1.0","",""
"2026-05-25","126878","David Poljak","1173","10","0.0","1.0","CZE","30"
"2026-05-25","211635","Segundo Goity Zapico","1174","10","0.0","1.0","ARG","20"
"2026-05-25","212284","Pengyu Lu","1175","10","0.0","2.0","CHN","24"
"2026-05-25","213603","Joaquin Guilleme","1176","10","0.0","0.0","NIC",""
"2026-05-25","212820","Martin Sabas","1177","10","0.0","1.0","FRA","24"
"2026-05-25","212064","Duje Markovina","1178","10","0.0","1.0","CRO","18"
"2026-05-25","133291","Ryota Tanuma","1179","10","0.0","1.0","JPN","30"
"2026-05-25","110751","Sebastian Fanselow","1180","10","0.0","1.0","GER","34"
"2026-05-25","210740","Liam Krall","1181","10","-3.0","-95.0","USA","24"
"2026-05-25","209516","Valentin Lapalu","1182","10","0.0","0.0","FRA","24"
"2026-05-25","213772","Lorenzo Comino","1183","10","1.0","40.0","ITA","20"
"2026-05-25","213580","Leonardo Primucci","1184","10","0.0","-1.0","ITA",""
"2026-05-25","213701","Tobia Costanzo Baragiola Mordini","1185","10","0.0","-1.0","ITA",""
"2026-05-25","211574","Ethan Cook","1186","10","0.0","-1.0","AUS","23"
"2026-05-25","207236","Taketo Takamisawa","1187","10","0.0","-1.0","JPN","28"
"2026-05-25","208185","Michael Gloeckler","1188","10","0.0","2.0","AUT","27"
"2026-05-25","212726","Sungbeen Sim","1191","10","0.0","-2.0","KOR","29"
"2026-05-25","","Nicolas Robert","1192","10","0.0","2.0","",""
"2026-05-25","144937","Nicolas Parizzia","1193","10","0.0","2.0","SUI","27"
"2026-05-25","211532","Nicolo Toffanin","1194","10","1.0","39.0","ITA","23"
"2026-05-25","212084","Denis Petak","1195","10","","","CZE","19"
"2026-05-25","212210","Filippo Mazzola","1196","10","1.0","39.0","ITA","21"
"2026-05-25","200220","Ezekiel Clark","1197","10","-3.0","-101.0","USA","27"
"2026-05-25","213361","Ivan Gretskiy","1198","10","0.0","0.0","RUS","20"
"2026-05-25","124099","Mohamed Nazim Makhlouf","1199","10","0.0","-2.0","ALG","29"
"2026-05-25","106132","Toby Martin","1200","10","0.0","-1.0","GBR","33"
"2026-05-25","149277","Andrea Meduri","1203","9","0.0","-1.0","ITA","21"
"2026-05-25","212880","Ilyas Milad Fahim","1204","9","","","MAR","20"
"2026-05-25","213956","Andrej Loncarevic","1205","9","0.0","-2.0","FRA","20"
"2026-05-25","106262","Boris Arias","1206","9","0.0","-2.0","BOL","32"
"2026-05-25","149128","Goncalo Marques","1209","9","0.0","-1.0","POR","20"
"2026-05-25","","Julian Alonso Jr","1212","9","0.0","-2.0","",""
"2026-05-25","149272","Tudor Batin","1213","9","0.0","-1.0","ROU","19"
"2026-05-25","212250","James Connel","1214","9","0.0","-3.0","GBR","23"
"2026-05-25","202190","Gregor Ramskogler","1217","9","","","AUT","27"
"2026-05-25","213889","Arjun Rathi","1218","9","0.0","-5.0","IND",""
"2026-05-25","144744","Kazuki Nishiwaki","1219","9","0.0","-4.0","JPN","31"
"2026-05-25","","Denis Spiridon","1220","9","0.0","-4.0","",""
"2026-05-25","211491","Robert Guna","1221","9","","","ROU","20"
"2026-05-25","207452","Matthew Thomson","1222","9","0.0","-3.0","USA","25"
"2026-05-25","210198","George Lazarov","1225","9","1.0","33.0","BUL","21"
"2026-05-25","200036","Abhinav Sanjeev Shanmugam","1226","9","0.0","-2.0","IND","27"
"2026-05-25","211480","Aleksander Chayka","1231","9","-1.0","-44.0","RUS","21"
"2026-05-25","209392","Reece Falck","1232","9","-1.0","-44.0","NZL","24"
"2026-05-25","208866","Leonid Sheyngezikht","1233","9","0.0","-3.0","BUL","25"
"2026-05-25","207183","Ishaque Eqbal","1234","9","0.0","-3.0","IND","28"
"2026-05-25","211662","Gabriel Schenekenberg","1235","9","0.0","-6.0","BRA","21"
"2026-05-25","211388","Felipe De Dios","1236","9","0.0","-4.0","ARG","22"
"2026-05-25","209118","Niklas Waldner","1237","9","0.0","-3.0","AUT","24"
"2026-05-25","144730","Tomohiro Masabayashi","1238","9","0.0","0.0","JPN","28"
"2026-05-25","208581","Noah Thurner","1239","9","0.0","0.0","GER","26"
"2026-05-25","144672","Duarte Vale","1240","8","0.0","0.0","POR","27"
"2026-05-25","126120","Nino Serdarusic","1241","8","0.0","0.0","CRO","29"
"2026-05-25","208871","Takeru Yuzuki","1242","8","0.0","0.0","JPN","27"
"2026-05-25","210645","Ofek Shimanov","1243","8","0.0","0.0","ISR","20"
"2026-05-25","134384","Sebastian Prechtel","1244","8","0.0","0.0","GER","30"
"2026-05-25","212769","Leo Lagarrigue","1247","8","0.0","0.0","FRA","19"
"2026-05-25","130493","Tiago Silva","1250","8","0.0","0.0","POR","21"
"2026-05-25","200331","Leonardo Aboian","1251","8","0.0","0.0","ARG","28"
"2026-05-25","213836","Gavin Goode","1252","8","0.0","0.0","USA",""
"2026-05-25","213648","Udit Kamboj","1255","8","4.0","278.0","IND",""
"2026-05-25","212604","Diego Jarry Fillol","1256","8","0.0","1.0","USA","23"
"2026-05-25","200419","Jonas Eriksson Ziverts","1257","8","","","SWE","27"
"2026-05-25","","Ricardo Rodriguez - Pace","1261","8","0.0","0.0","",""
"2026-05-25","207831","Ignacio Antonio Becerra Otarola","1262","8","0.0","-2.0","CHI","25"
"2026-05-25","208249","Gian Marco Ortenzi","1263","8","-1.0","-41.0","ITA","26"
"2026-05-25","213923","Gilberto Ravasio","1264","8","0.0","-2.0","ITA","21"
"2026-05-25","212934","Antoni Fabre","1265","8","0.0","-2.0","FRA",""
"2026-05-25","144788","Louis Tessa","1266","8","0.0","-1.0","FRA","28"
"2026-05-25","209973","Edouard Villoslada","1267","8","0.0","-3.0","FRA","26"
"2026-05-25","149152","Aaron Gil Garcia","1268","8","0.0","-2.0","LUX","22"
"2026-05-25","210192","Lucca Pinto","1271","8","0.0","0.0","BRA","23"
"2026-05-25","200197","Boris Butulija","1272","8","-1.0","-36.0","SRB","27"
"2026-05-25","211390","Sergi Fita Juan","1273","8","-1.0","-36.0","ESP",""
"2026-05-25","213064","Samuele Seghetti","1274","8","0.0","-4.0","ITA","19"
"2026-05-25","210455","Noah Perfetti","1275","8","0.0","-1.0","ITA","24"
"2026-05-25","214433","Tanishk Konduri","1276","7","0.0","-1.0","USA","17"
"2026-05-25","106234","Aslan Karatsev","1277","7","0.0","-1.0","RUS","32"
"2026-05-25","208603","Cleeve Harper","1278","7","0.0","-1.0","CAN","25"
"2026-05-25","106368","Ramkumar Ramanathan","1279","7","0.0","-1.0","IND","31"
"2026-05-25","106296","Gregoire Barrere","1280","7","0.0","-1.0","FRA","32"
"2026-05-25","212992","Niels Ratiu","1281","7","0.0","-1.0","BEL","20"
"2026-05-25","144081","Alex Chang","1282","7","0.0","-1.0","USA","40"
"2026-05-25","209910","Szymon Kielan","1283","7","0.0","-1.0","POL","23"
"2026-05-25","210538","Noa Vukadin","1284","7","0.0","-1.0","CRO","22"
"2026-05-25","210722","Viktor Markov","1287","7","0.0","0.0","BUL","21"
"2026-05-25","210486","Nicholas Godsick","1288","7","0.0","0.0","USA","21"
"2026-05-25","208190","Davide Tortora","1291","7","0.0","-5.0","ITA","25"
"2026-05-25","213619","Oskari Paldanius","1294","7","0.0","1.0","FIN",""
"2026-05-25","212894","Patrik Munkhammar","1295","7","0.0","3.0","SWE","18"
"2026-05-25","210458","Bernardo Munk Mesa","1296","7","0.0","0.0","ESP","20"
"2026-05-25","212606","Leonardo Borrelli","1299","7","0.0","3.0","ITA","20"
"2026-05-25","209955","Mikail Alimli","1302","7","-1.0","-43.0","FRA","22"
"2026-05-25","211387","Jonas Pelle Hartenstein","1305","7","0.0","-4.0","GER","24"
"2026-05-25","213026","Amine Jamji","1306","7","","","MAR",""
"2026-05-25","105060","Aldin Setkic","1307","7","0.0","3.0","BIH","38"
"2026-05-25","212786","Victor Braga","1311","7","0.0","1.0","BRA","21"
"2026-05-25","208365","Amador Salazar","1312","7","","","CHI","25"
"2026-05-25","211450","Alessio Basile","1313","7","","","BEL","21"
"2026-05-25","213717","Sebastiano Cocola","1314","7","0.0","3.0","ITA",""
"2026-05-25","212460","Yan Cheng Chen","1315","7","1.0","59.0","TPE","24"
"2026-05-25","210003","Chirag Duhan","1316","7","0.0","2.0","IND","22"
"2026-05-25","213131","Luke Hooper","1317","7","","","GBR",""
"2026-05-25","111197","Jonathan Mridha","1318","7","-1.0","-49.0","SWE","31"
"2026-05-25","122234","Alp Horoz","1319","7","0.0","2.0","TUR","31"
"2026-05-25","212263","Xing Dao Chen","1320","7","0.0","2.0","CHN","22"
"2026-05-25","200234","Joshua Peck","1321","7","-1.0","-48.0","CAN","27"
"2026-05-25","209977","Matas Vasiliauskas","1322","7","0.0","1.0","LTU","24"
"2026-05-25","213585","Roman Kharlamov","1323","7","0.0","1.0","RUS",""
"2026-05-25","208164","Yassine Smiej","1324","7","0.0","1.0","MAR","26"
"2026-05-25","134310","Alexey Aleshchev","1325","7","0.0","1.0","RUS","27"
"2026-05-25","208186","Preston Brown","1326","7","0.0","1.0","USA","24"
"2026-05-25","210037","Mehdi Benchakroun","1333","6","0.0","2.0","MAR","22"
"2026-05-25","144874","Ryan James Storrie","1334","6","0.0","2.0","GBR","28"
"2026-05-25","212153","Filip Gustafsson","1335","6","0.0","2.0","SWE","21"
"2026-05-25","212075","Rodrigo Fernandes","1336","6","0.0","2.0","POR","19"
"2026-05-25","200681","Adil Kalyanpur","1337","6","0.0","2.0","IND","26"
"2026-05-25","207809","Khololwam Montsi","1340","6","0.0","3.0","RSA","23"
"2026-05-25","211670","Marko Mesarovic","1341","6","0.0","3.0","USA",""
"2026-05-25","211610","Andreas Timini","1345","6","-1.0","-53.0","CYP","19"
"2026-05-25","200105","Frazier Rengifo","1346","6","0.0","1.0","COL","27"
"2026-05-25","212683","Theo Herrmann","1347","6","0.0","1.0","FRA","21"
"2026-05-25","213992","Lev Seidman","1348","6","","","USA","18"
"2026-05-25","212231","Junhyeon Lee","1349","6","","","KOR",""
"2026-05-25","213215","Bill Chan","1350","6","0.0","2.0","SGP",""
"2026-05-25","212069","Kabir Hans","1351","6","0.0","2.0","IND","24"
"2026-05-25","202192","Kuzey Cekirge","1352","6","0.0","9.0","TUR","26"
"2026-05-25","211474","Pablo Trochu","1353","6","0.0","9.0","FRA","22"
"2026-05-25","207772","Yuttana Charoenphon","1358","6","","","THA","25"
"2026-05-25","208835","Rafael Giotis","1359","6","","","GER","25"
"2026-05-25","212752","Filippo Alberti","1360","6","","","ITA","22"
"2026-05-25","208873","Nikola Basic","1361","6","","","CRO","24"
"2026-05-25","206669","Hugo Maia","1362","6","","","POR","25"
"2026-05-25","212106","Noah Lopez Cherubino","1363","6","","","ESP",""
"2026-05-25","213536","Sergio Planella Hernandez","1368","6","0.0","5.0","ESP",""
"2026-05-25","149162","Xiaoyin Yang","1369","6","","","CHN","21"
"2026-05-25","210735","Radovan Michalik","1370","6","","","SVK","23"
"2026-05-25","202314","Parth Aggarwal","1374","6","0.0","3.0","IND","28"
"2026-05-25","211411","Tyler Stice","1375","6","0.0","3.0","USA","25"
"2026-05-25","212183","Yuquan Jin","1376","6","","","CHN","25"
"2026-05-25","206646","Louis Van Herck","1377","6","","","LUX","26"
"2026-05-25","212465","Charles Chen","1378","6","","","CHN","18"
"2026-05-25","211740","Jeremy Zhang","1388","5","0.0","6.0","AUS","20"
"2026-05-25","213120","Lorenzo Berto","1395","5","0.0","6.0","ITA","18"
"2026-05-25","214192","Ymerali Ibraimi","1400","5","0.0","7.0","AUS","17"
"2026-05-25","212937","Achilles Belkovics","1405","5","0.0","6.0","HUN",""
"2026-05-25","214038","Laurence Teunissen","1410","5","0.0","6.0","NED",""
"2026-05-25","208052","Matthew Segura","1411","5","","","USA","25"
"2026-05-25","210733","Arthur Bonnaud","1414","5","0.0","5.0","FRA","29"
"2026-05-25","210284","Pijus Vaitiekunas","1436","5","","","LTU","23"
"2026-05-25","211366","Vuk Radjenovic","1437","5","","","SRB","21"
"2026-05-25","211690","Toprak Avcibasi","1438","5","","","TUR","22"
"2026-05-25","213898","Richard Antoni","1439","5","0.0","4.0","GER",""
"2026-05-25","149130","Joe Leather","1440","5","","","GBR",""
"2026-05-25","211516","Lorenzo Beraldo","1441","5","","","ITA","19"
"2026-05-25","212711","Daniel Jade","1442","5","0.0","5.0","FRA","17"
"2026-05-25","","Vito Dell'Elba","1443","5","","","",""
"2026-05-25","211407","Andrea Bacaloni","1453","5","0.0","2.0","ITA","24"
"2026-05-25","209391","Corban Crowther","1454","5","0.0","5.0","NZL","23"
"2026-05-25","209967","Antoine Berger","1457","5","0.0","1.0","FRA","28"
"2026-05-25","212624","Nikola Jovic","1458","5","","","SRB","19"
"2026-05-25","","Tomas Serrano Luis","1459","5","","","",""
"2026-05-25","144955","Yuichiro Inui","1460","5","","","JPN","31"
"2026-05-25","210076","Ioannis Kountourakis","1461","5","0.0","2.0","GRE","23"
"2026-05-25","213626","Angel Veliz","1468","4","","","ECU","17"
"2026-05-25","210416","Bryce Nakashima","1478","4","0.0","3.0","USA","22"
"2026-05-25","212068","Stepan Baum","1482","4","0.0","2.0","CZE","22"
"2026-05-25","212899","Moritz Kudernatsch","1483","4","0.0","2.0","GER","21"
"2026-05-25","202165","Alberto Lim","1489","4","0.0","2.0","PHI","27"
"2026-05-25","206580","Nicola Rispoli","1501","4","","","ITA","28"
"2026-05-25","212767","Aryan Lakshmanan","1516","4","","","IND","20"
"2026-05-25","210417","Adrian Arcon","1545","4","0.0","5.0","AUS","24"
"2026-05-25","206447","Daniel Batista","1551","4","0.0","10.0","POR","27"
"2026-05-25","207738","Brandon Perez","1552","4","-2.0","-171.0","VEN","26"
"2026-05-25","211455","Oren Vasser","1553","4","","","USA","26"
"2026-05-25","211490","Daniel Verbeek","1554","4","0.0","8.0","NED","21"
"2026-05-25","212745","Tadeo Meneo","1555","4","0.0","8.0","ARG","21"
"2026-05-25","","Joao Graca","1556","4","0.0","8.0","",""
"2026-05-25","208334","Deney Wassermann","1607","3","0.0","8.0","NED","25"
"2026-05-25","208890","Richard Zusman","1623","3","","","USA","25"
"2026-05-25","149268","Gabriele Vulpitta","1637","3","0.0","3.0","ITA","20"
"2026-05-25","213637","Daniel Domingos","1687","3","0.0","1.0","AGO",""
"2026-05-25","209885","Gokberk Saritas","1694","3","0.0","-1.0","TUR","22"
"2026-05-25","213037","Luis Garcia Paez","1695","3","0.0","-1.0","ESP","20"
"2026-05-25","124045","Lawrence Bataljin","1696","3","0.0","-1.0","AUS","30"
"2026-05-25","209847","Dorian Tremblay","1858","2","0.0","2.0","FRA","24"
"2026-05-25","213819","Andrei Kunitsyn","1879","2","0.0","0.0","RUS","21"
"2026-05-25","213378","Adam Farag Cao","1882","2","0.0","1.0","CAN","18"
"2026-05-25","212067","Ye Hongyu","2256","1","0.0","7.0","CHN","21"
